[0.105s] DEBUG:colcon:Command line arguments: ['/home/adam/.local/bin/colcon', 'build']
[0.105s] DEBUG:colcon:Parsed command line arguments: Namespace(log_base=None, log_level=None, verb_name='build', build_base='build', install_base='install', merge_install=False, symlink_install=False, test_result_base=None, continue_on_error=False, executor='parallel', parallel_workers=16, event_handlers=None, ignore_user_meta=False, metas=['./colcon.meta'], base_paths=['.'], packages_ignore=None, packages_ignore_regex=None, paths=None, packages_up_to=None, packages_up_to_regex=None, packages_above=None, packages_above_and_dependencies=None, packages_above_depth=None, packages_select_by_dep=None, packages_skip_by_dep=None, packages_skip_up_to=None, packages_select_build_failed=False, packages_skip_build_finished=False, packages_select_test_failures=False, packages_skip_test_passed=False, packages_select=None, packages_skip=None, packages_select_regex=None, packages_skip_regex=None, packages_start=None, packages_end=None, allow_overriding=[], cmake_args=None, cmake_target=None, cmake_target_skip_unavailable=False, cmake_clean_cache=False, cmake_clean_first=False, cmake_force_configure=False, ament_cmake_args=None, catkin_cmake_args=None, catkin_skip_building_tests=False, verb_parser=<colcon_defaults.argument_parser.defaults.DefaultArgumentsDecorator object at 0x7c725dd9b310>, verb_extension=<colcon_core.verb.build.BuildVerb object at 0x7c725dedbe20>, main=<bound method BuildVerb.main of <colcon_core.verb.build.BuildVerb object at 0x7c725dedbe20>>)
[0.232s] Level 1:colcon.colcon_core.package_discovery:discover_packages(colcon_meta) check parameters
[0.232s] Level 1:colcon.colcon_core.package_discovery:discover_packages(recursive) check parameters
[0.232s] Level 1:colcon.colcon_core.package_discovery:discover_packages(ignore) check parameters
[0.232s] Level 1:colcon.colcon_core.package_discovery:discover_packages(path) check parameters
[0.232s] Level 1:colcon.colcon_core.package_discovery:discover_packages(colcon_meta) discover
[0.232s] Level 1:colcon.colcon_core.package_discovery:discover_packages(recursive) discover
[0.232s] INFO:colcon.colcon_core.package_discovery:Crawling recursively for packages in '/home/adam/Desktop/SBSN/ros2_ws'
[0.232s] Level 1:colcon.colcon_core.package_identification:_identify(.) by extensions ['ignore', 'ignore_ament_install']
[0.232s] Level 1:colcon.colcon_core.package_identification:_identify(.) by extension 'ignore'
[0.233s] Level 1:colcon.colcon_core.package_identification:_identify(.) by extension 'ignore_ament_install'
[0.233s] Level 1:colcon.colcon_core.package_identification:_identify(.) by extensions ['colcon_pkg']
[0.233s] Level 1:colcon.colcon_core.package_identification:_identify(.) by extension 'colcon_pkg'
[0.233s] Level 1:colcon.colcon_core.package_identification:_identify(.) by extensions ['colcon_meta']
[0.233s] Level 1:colcon.colcon_core.package_identification:_identify(.) by extension 'colcon_meta'
[0.233s] Level 1:colcon.colcon_core.package_identification:_identify(.) by extensions ['ros']
[0.233s] Level 1:colcon.colcon_core.package_identification:_identify(.) by extension 'ros'
[0.241s] Level 1:colcon.colcon_core.package_identification:_identify(.) by extensions ['cmake', 'python']
[0.241s] Level 1:colcon.colcon_core.package_identification:_identify(.) by extension 'cmake'
[0.241s] Level 1:colcon.colcon_core.package_identification:_identify(.) by extension 'python'
[0.241s] Level 1:colcon.colcon_core.package_identification:_identify(.) by extensions ['python_setup_py']
[0.241s] Level 1:colcon.colcon_core.package_identification:_identify(.) by extension 'python_setup_py'
[0.241s] Level 1:colcon.colcon_core.package_identification:_identify(build) by extensions ['ignore', 'ignore_ament_install']
[0.242s] Level 1:colcon.colcon_core.package_identification:_identify(build) by extension 'ignore'
[0.242s] Level 1:colcon.colcon_core.package_identification:_identify(build) ignored
[0.242s] Level 1:colcon.colcon_core.package_identification:_identify(install) by extensions ['ignore', 'ignore_ament_install']
[0.242s] Level 1:colcon.colcon_core.package_identification:_identify(install) by extension 'ignore'
[0.242s] Level 1:colcon.colcon_core.package_identification:_identify(install) ignored
[0.242s] Level 1:colcon.colcon_core.package_identification:_identify(log) by extensions ['ignore', 'ignore_ament_install']
[0.242s] Level 1:colcon.colcon_core.package_identification:_identify(log) by extension 'ignore'
[0.242s] Level 1:colcon.colcon_core.package_identification:_identify(log) ignored
[0.242s] Level 1:colcon.colcon_core.package_identification:_identify(src) by extensions ['ignore', 'ignore_ament_install']
[0.242s] Level 1:colcon.colcon_core.package_identification:_identify(src) by extension 'ignore'
[0.242s] Level 1:colcon.colcon_core.package_identification:_identify(src) by extension 'ignore_ament_install'
[0.242s] Level 1:colcon.colcon_core.package_identification:_identify(src) by extensions ['colcon_pkg']
[0.242s] Level 1:colcon.colcon_core.package_identification:_identify(src) by extension 'colcon_pkg'
[0.242s] Level 1:colcon.colcon_core.package_identification:_identify(src) by extensions ['colcon_meta']
[0.242s] Level 1:colcon.colcon_core.package_identification:_identify(src) by extension 'colcon_meta'
[0.242s] Level 1:colcon.colcon_core.package_identification:_identify(src) by extensions ['ros']
[0.242s] Level 1:colcon.colcon_core.package_identification:_identify(src) by extension 'ros'
[0.242s] Level 1:colcon.colcon_core.package_identification:_identify(src) by extensions ['cmake', 'python']
[0.242s] Level 1:colcon.colcon_core.package_identification:_identify(src) by extension 'cmake'
[0.242s] Level 1:colcon.colcon_core.package_identification:_identify(src) by extension 'python'
[0.242s] Level 1:colcon.colcon_core.package_identification:_identify(src) by extensions ['python_setup_py']
[0.242s] Level 1:colcon.colcon_core.package_identification:_identify(src) by extension 'python_setup_py'
[0.242s] Level 1:colcon.colcon_core.package_identification:_identify(src/MBSN) by extensions ['ignore', 'ignore_ament_install']
[0.242s] Level 1:colcon.colcon_core.package_identification:_identify(src/MBSN) by extension 'ignore'
[0.243s] Level 1:colcon.colcon_core.package_identification:_identify(src/MBSN) by extension 'ignore_ament_install'
[0.243s] Level 1:colcon.colcon_core.package_identification:_identify(src/MBSN) by extensions ['colcon_pkg']
[0.243s] Level 1:colcon.colcon_core.package_identification:_identify(src/MBSN) by extension 'colcon_pkg'
[0.243s] Level 1:colcon.colcon_core.package_identification:_identify(src/MBSN) by extensions ['colcon_meta']
[0.243s] Level 1:colcon.colcon_core.package_identification:_identify(src/MBSN) by extension 'colcon_meta'
[0.243s] Level 1:colcon.colcon_core.package_identification:_identify(src/MBSN) by extensions ['ros']
[0.243s] Level 1:colcon.colcon_core.package_identification:_identify(src/MBSN) by extension 'ros'
[0.245s] DEBUG:colcon.colcon_core.package_identification:Package 'src/MBSN' with type 'ros.ament_cmake' and name 'mbsn'
[0.245s] Level 1:colcon.colcon_core.package_identification:_identify(src/ROS-TCP-Endpoint) by extensions ['ignore', 'ignore_ament_install']
[0.245s] Level 1:colcon.colcon_core.package_identification:_identify(src/ROS-TCP-Endpoint) by extension 'ignore'
[0.245s] Level 1:colcon.colcon_core.package_identification:_identify(src/ROS-TCP-Endpoint) by extension 'ignore_ament_install'
[0.245s] Level 1:colcon.colcon_core.package_identification:_identify(src/ROS-TCP-Endpoint) by extensions ['colcon_pkg']
[0.245s] Level 1:colcon.colcon_core.package_identification:_identify(src/ROS-TCP-Endpoint) by extension 'colcon_pkg'
[0.245s] Level 1:colcon.colcon_core.package_identification:_identify(src/ROS-TCP-Endpoint) by extensions ['colcon_meta']
[0.245s] Level 1:colcon.colcon_core.package_identification:_identify(src/ROS-TCP-Endpoint) by extension 'colcon_meta'
[0.245s] Level 1:colcon.colcon_core.package_identification:_identify(src/ROS-TCP-Endpoint) by extensions ['ros']
[0.245s] Level 1:colcon.colcon_core.package_identification:_identify(src/ROS-TCP-Endpoint) by extension 'ros'
[0.246s] DEBUG:colcon.colcon_core.package_identification:Package 'src/ROS-TCP-Endpoint' with type 'ros.ament_python' and name 'ros_tcp_endpoint'
[0.246s] Level 1:colcon.colcon_core.package_identification:_identify(src/agent_trajectory_prediction) by extensions ['ignore', 'ignore_ament_install']
[0.246s] Level 1:colcon.colcon_core.package_identification:_identify(src/agent_trajectory_prediction) by extension 'ignore'
[0.246s] Level 1:colcon.colcon_core.package_identification:_identify(src/agent_trajectory_prediction) by extension 'ignore_ament_install'
[0.246s] Level 1:colcon.colcon_core.package_identification:_identify(src/agent_trajectory_prediction) by extensions ['colcon_pkg']
[0.246s] Level 1:colcon.colcon_core.package_identification:_identify(src/agent_trajectory_prediction) by extension 'colcon_pkg'
[0.246s] Level 1:colcon.colcon_core.package_identification:_identify(src/agent_trajectory_prediction) by extensions ['colcon_meta']
[0.246s] Level 1:colcon.colcon_core.package_identification:_identify(src/agent_trajectory_prediction) by extension 'colcon_meta'
[0.246s] Level 1:colcon.colcon_core.package_identification:_identify(src/agent_trajectory_prediction) by extensions ['ros']
[0.246s] Level 1:colcon.colcon_core.package_identification:_identify(src/agent_trajectory_prediction) by extension 'ros'
[0.247s] DEBUG:colcon.colcon_core.package_identification:Package 'src/agent_trajectory_prediction' with type 'ros.ament_cmake' and name 'agent_trajectory_prediction'
[0.247s] Level 1:colcon.colcon_core.package_identification:_identify(src/assets) by extensions ['ignore', 'ignore_ament_install']
[0.247s] Level 1:colcon.colcon_core.package_identification:_identify(src/assets) by extension 'ignore'
[0.247s] Level 1:colcon.colcon_core.package_identification:_identify(src/assets) by extension 'ignore_ament_install'
[0.247s] Level 1:colcon.colcon_core.package_identification:_identify(src/assets) by extensions ['colcon_pkg']
[0.247s] Level 1:colcon.colcon_core.package_identification:_identify(src/assets) by extension 'colcon_pkg'
[0.247s] Level 1:colcon.colcon_core.package_identification:_identify(src/assets) by extensions ['colcon_meta']
[0.247s] Level 1:colcon.colcon_core.package_identification:_identify(src/assets) by extension 'colcon_meta'
[0.247s] Level 1:colcon.colcon_core.package_identification:_identify(src/assets) by extensions ['ros']
[0.247s] Level 1:colcon.colcon_core.package_identification:_identify(src/assets) by extension 'ros'
[0.247s] DEBUG:colcon.colcon_core.package_identification:Package 'src/assets' with type 'ros.ament_cmake' and name 'assets'
[0.247s] Level 1:colcon.colcon_core.package_identification:_identify(src/msgs) by extensions ['ignore', 'ignore_ament_install']
[0.248s] Level 1:colcon.colcon_core.package_identification:_identify(src/msgs) by extension 'ignore'
[0.248s] Level 1:colcon.colcon_core.package_identification:_identify(src/msgs) by extension 'ignore_ament_install'
[0.248s] Level 1:colcon.colcon_core.package_identification:_identify(src/msgs) by extensions ['colcon_pkg']
[0.248s] Level 1:colcon.colcon_core.package_identification:_identify(src/msgs) by extension 'colcon_pkg'
[0.248s] Level 1:colcon.colcon_core.package_identification:_identify(src/msgs) by extensions ['colcon_meta']
[0.248s] Level 1:colcon.colcon_core.package_identification:_identify(src/msgs) by extension 'colcon_meta'
[0.248s] Level 1:colcon.colcon_core.package_identification:_identify(src/msgs) by extensions ['ros']
[0.248s] Level 1:colcon.colcon_core.package_identification:_identify(src/msgs) by extension 'ros'
[0.248s] Level 1:colcon.colcon_core.package_identification:_identify(src/msgs) by extensions ['cmake', 'python']
[0.248s] Level 1:colcon.colcon_core.package_identification:_identify(src/msgs) by extension 'cmake'
[0.248s] Level 1:colcon.colcon_core.package_identification:_identify(src/msgs) by extension 'python'
[0.248s] Level 1:colcon.colcon_core.package_identification:_identify(src/msgs) by extensions ['python_setup_py']
[0.248s] Level 1:colcon.colcon_core.package_identification:_identify(src/msgs) by extension 'python_setup_py'
[0.248s] Level 1:colcon.colcon_core.package_identification:_identify(src/msgs/agents_msgs) by extensions ['ignore', 'ignore_ament_install']
[0.248s] Level 1:colcon.colcon_core.package_identification:_identify(src/msgs/agents_msgs) by extension 'ignore'
[0.248s] Level 1:colcon.colcon_core.package_identification:_identify(src/msgs/agents_msgs) by extension 'ignore_ament_install'
[0.248s] Level 1:colcon.colcon_core.package_identification:_identify(src/msgs/agents_msgs) by extensions ['colcon_pkg']
[0.248s] Level 1:colcon.colcon_core.package_identification:_identify(src/msgs/agents_msgs) by extension 'colcon_pkg'
[0.248s] Level 1:colcon.colcon_core.package_identification:_identify(src/msgs/agents_msgs) by extensions ['colcon_meta']
[0.248s] Level 1:colcon.colcon_core.package_identification:_identify(src/msgs/agents_msgs) by extension 'colcon_meta'
[0.248s] Level 1:colcon.colcon_core.package_identification:_identify(src/msgs/agents_msgs) by extensions ['ros']
[0.248s] Level 1:colcon.colcon_core.package_identification:_identify(src/msgs/agents_msgs) by extension 'ros'
[0.249s] DEBUG:colcon.colcon_core.package_identification:Package 'src/msgs/agents_msgs' with type 'ros.ament_cmake' and name 'agents_msgs'
[0.249s] Level 1:colcon.colcon_core.package_identification:_identify(src/msgs/graph_msgs) by extensions ['ignore', 'ignore_ament_install']
[0.249s] Level 1:colcon.colcon_core.package_identification:_identify(src/msgs/graph_msgs) by extension 'ignore'
[0.249s] Level 1:colcon.colcon_core.package_identification:_identify(src/msgs/graph_msgs) by extension 'ignore_ament_install'
[0.249s] Level 1:colcon.colcon_core.package_identification:_identify(src/msgs/graph_msgs) by extensions ['colcon_pkg']
[0.249s] Level 1:colcon.colcon_core.package_identification:_identify(src/msgs/graph_msgs) by extension 'colcon_pkg'
[0.249s] Level 1:colcon.colcon_core.package_identification:_identify(src/msgs/graph_msgs) by extensions ['colcon_meta']
[0.249s] Level 1:colcon.colcon_core.package_identification:_identify(src/msgs/graph_msgs) by extension 'colcon_meta'
[0.249s] Level 1:colcon.colcon_core.package_identification:_identify(src/msgs/graph_msgs) by extensions ['ros']
[0.249s] Level 1:colcon.colcon_core.package_identification:_identify(src/msgs/graph_msgs) by extension 'ros'
[0.250s] DEBUG:colcon.colcon_core.package_identification:Package 'src/msgs/graph_msgs' with type 'ros.ament_cmake' and name 'graph_msgs'
[0.250s] Level 1:colcon.colcon_core.package_identification:_identify(src/msgs/metric_msgs) by extensions ['ignore', 'ignore_ament_install']
[0.250s] Level 1:colcon.colcon_core.package_identification:_identify(src/msgs/metric_msgs) by extension 'ignore'
[0.250s] Level 1:colcon.colcon_core.package_identification:_identify(src/msgs/metric_msgs) by extension 'ignore_ament_install'
[0.250s] Level 1:colcon.colcon_core.package_identification:_identify(src/msgs/metric_msgs) by extensions ['colcon_pkg']
[0.250s] Level 1:colcon.colcon_core.package_identification:_identify(src/msgs/metric_msgs) by extension 'colcon_pkg'
[0.250s] Level 1:colcon.colcon_core.package_identification:_identify(src/msgs/metric_msgs) by extensions ['colcon_meta']
[0.250s] Level 1:colcon.colcon_core.package_identification:_identify(src/msgs/metric_msgs) by extension 'colcon_meta'
[0.250s] Level 1:colcon.colcon_core.package_identification:_identify(src/msgs/metric_msgs) by extensions ['ros']
[0.250s] Level 1:colcon.colcon_core.package_identification:_identify(src/msgs/metric_msgs) by extension 'ros'
[0.250s] DEBUG:colcon.colcon_core.package_identification:Package 'src/msgs/metric_msgs' with type 'ros.ament_cmake' and name 'metric_msgs'
[0.250s] Level 1:colcon.colcon_core.package_identification:_identify(src/msgs/simulation_msgs) by extensions ['ignore', 'ignore_ament_install']
[0.251s] Level 1:colcon.colcon_core.package_identification:_identify(src/msgs/simulation_msgs) by extension 'ignore'
[0.251s] Level 1:colcon.colcon_core.package_identification:_identify(src/msgs/simulation_msgs) by extension 'ignore_ament_install'
[0.251s] Level 1:colcon.colcon_core.package_identification:_identify(src/msgs/simulation_msgs) by extensions ['colcon_pkg']
[0.251s] Level 1:colcon.colcon_core.package_identification:_identify(src/msgs/simulation_msgs) by extension 'colcon_pkg'
[0.251s] Level 1:colcon.colcon_core.package_identification:_identify(src/msgs/simulation_msgs) by extensions ['colcon_meta']
[0.251s] Level 1:colcon.colcon_core.package_identification:_identify(src/msgs/simulation_msgs) by extension 'colcon_meta'
[0.251s] Level 1:colcon.colcon_core.package_identification:_identify(src/msgs/simulation_msgs) by extensions ['ros']
[0.251s] Level 1:colcon.colcon_core.package_identification:_identify(src/msgs/simulation_msgs) by extension 'ros'
[0.251s] DEBUG:colcon.colcon_core.package_identification:Package 'src/msgs/simulation_msgs' with type 'ros.ament_cmake' and name 'simulation_msgs'
[0.251s] Level 1:colcon.colcon_core.package_identification:_identify(src/nav2_my_controller) by extensions ['ignore', 'ignore_ament_install']
[0.251s] Level 1:colcon.colcon_core.package_identification:_identify(src/nav2_my_controller) by extension 'ignore'
[0.251s] Level 1:colcon.colcon_core.package_identification:_identify(src/nav2_my_controller) by extension 'ignore_ament_install'
[0.251s] Level 1:colcon.colcon_core.package_identification:_identify(src/nav2_my_controller) by extensions ['colcon_pkg']
[0.251s] Level 1:colcon.colcon_core.package_identification:_identify(src/nav2_my_controller) by extension 'colcon_pkg'
[0.251s] Level 1:colcon.colcon_core.package_identification:_identify(src/nav2_my_controller) by extensions ['colcon_meta']
[0.251s] Level 1:colcon.colcon_core.package_identification:_identify(src/nav2_my_controller) by extension 'colcon_meta'
[0.251s] Level 1:colcon.colcon_core.package_identification:_identify(src/nav2_my_controller) by extensions ['ros']
[0.252s] Level 1:colcon.colcon_core.package_identification:_identify(src/nav2_my_controller) by extension 'ros'
[0.252s] Level 1:colcon.colcon_core.package_identification:_identify(src/nav2_my_controller) by extensions ['cmake', 'python']
[0.252s] Level 1:colcon.colcon_core.package_identification:_identify(src/nav2_my_controller) by extension 'cmake'
[0.252s] Level 1:colcon.colcon_core.package_identification:_identify(src/nav2_my_controller) by extension 'python'
[0.252s] Level 1:colcon.colcon_core.package_identification:_identify(src/nav2_my_controller) by extensions ['python_setup_py']
[0.252s] Level 1:colcon.colcon_core.package_identification:_identify(src/nav2_my_controller) by extension 'python_setup_py'
[0.252s] Level 1:colcon.colcon_core.package_identification:_identify(src/nav2_my_controller/my_controller) by extensions ['ignore', 'ignore_ament_install']
[0.252s] Level 1:colcon.colcon_core.package_identification:_identify(src/nav2_my_controller/my_controller) by extension 'ignore'
[0.252s] Level 1:colcon.colcon_core.package_identification:_identify(src/nav2_my_controller/my_controller) by extension 'ignore_ament_install'
[0.252s] Level 1:colcon.colcon_core.package_identification:_identify(src/nav2_my_controller/my_controller) by extensions ['colcon_pkg']
[0.252s] Level 1:colcon.colcon_core.package_identification:_identify(src/nav2_my_controller/my_controller) by extension 'colcon_pkg'
[0.252s] Level 1:colcon.colcon_core.package_identification:_identify(src/nav2_my_controller/my_controller) by extensions ['colcon_meta']
[0.252s] Level 1:colcon.colcon_core.package_identification:_identify(src/nav2_my_controller/my_controller) by extension 'colcon_meta'
[0.252s] Level 1:colcon.colcon_core.package_identification:_identify(src/nav2_my_controller/my_controller) by extensions ['ros']
[0.252s] Level 1:colcon.colcon_core.package_identification:_identify(src/nav2_my_controller/my_controller) by extension 'ros'
[0.253s] DEBUG:colcon.colcon_core.package_identification:Package 'src/nav2_my_controller/my_controller' with type 'ros.ament_cmake' and name 'my_controller'
[0.253s] Level 1:colcon.colcon_core.package_identification:_identify(src/social_metrics) by extensions ['ignore', 'ignore_ament_install']
[0.253s] Level 1:colcon.colcon_core.package_identification:_identify(src/social_metrics) by extension 'ignore'
[0.253s] Level 1:colcon.colcon_core.package_identification:_identify(src/social_metrics) by extension 'ignore_ament_install'
[0.253s] Level 1:colcon.colcon_core.package_identification:_identify(src/social_metrics) by extensions ['colcon_pkg']
[0.253s] Level 1:colcon.colcon_core.package_identification:_identify(src/social_metrics) by extension 'colcon_pkg'
[0.253s] Level 1:colcon.colcon_core.package_identification:_identify(src/social_metrics) by extensions ['colcon_meta']
[0.253s] Level 1:colcon.colcon_core.package_identification:_identify(src/social_metrics) by extension 'colcon_meta'
[0.253s] Level 1:colcon.colcon_core.package_identification:_identify(src/social_metrics) by extensions ['ros']
[0.253s] Level 1:colcon.colcon_core.package_identification:_identify(src/social_metrics) by extension 'ros'
[0.254s] DEBUG:colcon.colcon_core.package_identification:Package 'src/social_metrics' with type 'ros.ament_cmake' and name 'social_metrics'
[0.254s] Level 1:colcon.colcon_core.package_identification:_identify(src/unity_sim) by extensions ['ignore', 'ignore_ament_install']
[0.254s] Level 1:colcon.colcon_core.package_identification:_identify(src/unity_sim) by extension 'ignore'
[0.254s] Level 1:colcon.colcon_core.package_identification:_identify(src/unity_sim) by extension 'ignore_ament_install'
[0.254s] Level 1:colcon.colcon_core.package_identification:_identify(src/unity_sim) by extensions ['colcon_pkg']
[0.254s] Level 1:colcon.colcon_core.package_identification:_identify(src/unity_sim) by extension 'colcon_pkg'
[0.254s] Level 1:colcon.colcon_core.package_identification:_identify(src/unity_sim) by extensions ['colcon_meta']
[0.254s] Level 1:colcon.colcon_core.package_identification:_identify(src/unity_sim) by extension 'colcon_meta'
[0.254s] Level 1:colcon.colcon_core.package_identification:_identify(src/unity_sim) by extensions ['ros']
[0.254s] Level 1:colcon.colcon_core.package_identification:_identify(src/unity_sim) by extension 'ros'
[0.254s] DEBUG:colcon.colcon_core.package_identification:Package 'src/unity_sim' with type 'ros.ament_cmake' and name 'unity_sim'
[0.254s] Level 1:colcon.colcon_core.package_discovery:discover_packages(recursive) using defaults
[0.254s] Level 1:colcon.colcon_core.package_discovery:discover_packages(ignore) discover
[0.254s] Level 1:colcon.colcon_core.package_discovery:discover_packages(ignore) using defaults
[0.254s] Level 1:colcon.colcon_core.package_discovery:discover_packages(path) discover
[0.254s] Level 1:colcon.colcon_core.package_discovery:discover_packages(path) using defaults
[0.282s] Level 1:colcon.colcon_core.package_discovery:discover_packages(prefix_path) check parameters
[0.282s] Level 1:colcon.colcon_core.package_discovery:discover_packages(prefix_path) discover
[0.293s] DEBUG:colcon.colcon_installed_package_information.package_discovery:Found 337 installed packages in /opt/ros/humble
[0.294s] Level 1:colcon.colcon_core.package_discovery:discover_packages(prefix_path) using defaults
[0.338s] Level 5:colcon.colcon_core.verb:set package 'agent_trajectory_prediction' build argument 'cmake_args' from command line to 'None'
[0.338s] Level 5:colcon.colcon_core.verb:set package 'agent_trajectory_prediction' build argument 'cmake_target' from command line to 'None'
[0.338s] Level 5:colcon.colcon_core.verb:set package 'agent_trajectory_prediction' build argument 'cmake_target_skip_unavailable' from command line to 'False'
[0.338s] Level 5:colcon.colcon_core.verb:set package 'agent_trajectory_prediction' build argument 'cmake_clean_cache' from command line to 'False'
[0.338s] Level 5:colcon.colcon_core.verb:set package 'agent_trajectory_prediction' build argument 'cmake_clean_first' from command line to 'False'
[0.338s] Level 5:colcon.colcon_core.verb:set package 'agent_trajectory_prediction' build argument 'cmake_force_configure' from command line to 'False'
[0.338s] Level 5:colcon.colcon_core.verb:set package 'agent_trajectory_prediction' build argument 'ament_cmake_args' from command line to 'None'
[0.338s] Level 5:colcon.colcon_core.verb:set package 'agent_trajectory_prediction' build argument 'catkin_cmake_args' from command line to 'None'
[0.338s] Level 5:colcon.colcon_core.verb:set package 'agent_trajectory_prediction' build argument 'catkin_skip_building_tests' from command line to 'False'
[0.338s] DEBUG:colcon.colcon_core.verb:Building package 'agent_trajectory_prediction' with the following arguments: {'ament_cmake_args': None, 'build_base': '/home/adam/Desktop/SBSN/ros2_ws/build/agent_trajectory_prediction', 'catkin_cmake_args': None, 'catkin_skip_building_tests': False, 'cmake_args': None, 'cmake_clean_cache': False, 'cmake_clean_first': False, 'cmake_force_configure': False, 'cmake_target': None, 'cmake_target_skip_unavailable': False, 'install_base': '/home/adam/Desktop/SBSN/ros2_ws/install/agent_trajectory_prediction', 'merge_install': False, 'path': '/home/adam/Desktop/SBSN/ros2_ws/src/agent_trajectory_prediction', 'symlink_install': False, 'test_result_base': None}
[0.338s] Level 5:colcon.colcon_core.verb:set package 'agents_msgs' build argument 'cmake_args' from command line to 'None'
[0.338s] Level 5:colcon.colcon_core.verb:set package 'agents_msgs' build argument 'cmake_target' from command line to 'None'
[0.338s] Level 5:colcon.colcon_core.verb:set package 'agents_msgs' build argument 'cmake_target_skip_unavailable' from command line to 'False'
[0.338s] Level 5:colcon.colcon_core.verb:set package 'agents_msgs' build argument 'cmake_clean_cache' from command line to 'False'
[0.338s] Level 5:colcon.colcon_core.verb:set package 'agents_msgs' build argument 'cmake_clean_first' from command line to 'False'
[0.338s] Level 5:colcon.colcon_core.verb:set package 'agents_msgs' build argument 'cmake_force_configure' from command line to 'False'
[0.338s] Level 5:colcon.colcon_core.verb:set package 'agents_msgs' build argument 'ament_cmake_args' from command line to 'None'
[0.339s] Level 5:colcon.colcon_core.verb:set package 'agents_msgs' build argument 'catkin_cmake_args' from command line to 'None'
[0.339s] Level 5:colcon.colcon_core.verb:set package 'agents_msgs' build argument 'catkin_skip_building_tests' from command line to 'False'
[0.339s] DEBUG:colcon.colcon_core.verb:Building package 'agents_msgs' with the following arguments: {'ament_cmake_args': None, 'build_base': '/home/adam/Desktop/SBSN/ros2_ws/build/agents_msgs', 'catkin_cmake_args': None, 'catkin_skip_building_tests': False, 'cmake_args': None, 'cmake_clean_cache': False, 'cmake_clean_first': False, 'cmake_force_configure': False, 'cmake_target': None, 'cmake_target_skip_unavailable': False, 'install_base': '/home/adam/Desktop/SBSN/ros2_ws/install/agents_msgs', 'merge_install': False, 'path': '/home/adam/Desktop/SBSN/ros2_ws/src/msgs/agents_msgs', 'symlink_install': False, 'test_result_base': None}
[0.339s] Level 5:colcon.colcon_core.verb:set package 'assets' build argument 'cmake_args' from command line to 'None'
[0.339s] Level 5:colcon.colcon_core.verb:set package 'assets' build argument 'cmake_target' from command line to 'None'
[0.339s] Level 5:colcon.colcon_core.verb:set package 'assets' build argument 'cmake_target_skip_unavailable' from command line to 'False'
[0.339s] Level 5:colcon.colcon_core.verb:set package 'assets' build argument 'cmake_clean_cache' from command line to 'False'
[0.339s] Level 5:colcon.colcon_core.verb:set package 'assets' build argument 'cmake_clean_first' from command line to 'False'
[0.339s] Level 5:colcon.colcon_core.verb:set package 'assets' build argument 'cmake_force_configure' from command line to 'False'
[0.339s] Level 5:colcon.colcon_core.verb:set package 'assets' build argument 'ament_cmake_args' from command line to 'None'
[0.339s] Level 5:colcon.colcon_core.verb:set package 'assets' build argument 'catkin_cmake_args' from command line to 'None'
[0.339s] Level 5:colcon.colcon_core.verb:set package 'assets' build argument 'catkin_skip_building_tests' from command line to 'False'
[0.339s] DEBUG:colcon.colcon_core.verb:Building package 'assets' with the following arguments: {'ament_cmake_args': None, 'build_base': '/home/adam/Desktop/SBSN/ros2_ws/build/assets', 'catkin_cmake_args': None, 'catkin_skip_building_tests': False, 'cmake_args': None, 'cmake_clean_cache': False, 'cmake_clean_first': False, 'cmake_force_configure': False, 'cmake_target': None, 'cmake_target_skip_unavailable': False, 'install_base': '/home/adam/Desktop/SBSN/ros2_ws/install/assets', 'merge_install': False, 'path': '/home/adam/Desktop/SBSN/ros2_ws/src/assets', 'symlink_install': False, 'test_result_base': None}
[0.339s] Level 5:colcon.colcon_core.verb:set package 'graph_msgs' build argument 'cmake_args' from command line to 'None'
[0.339s] Level 5:colcon.colcon_core.verb:set package 'graph_msgs' build argument 'cmake_target' from command line to 'None'
[0.339s] Level 5:colcon.colcon_core.verb:set package 'graph_msgs' build argument 'cmake_target_skip_unavailable' from command line to 'False'
[0.339s] Level 5:colcon.colcon_core.verb:set package 'graph_msgs' build argument 'cmake_clean_cache' from command line to 'False'
[0.339s] Level 5:colcon.colcon_core.verb:set package 'graph_msgs' build argument 'cmake_clean_first' from command line to 'False'
[0.339s] Level 5:colcon.colcon_core.verb:set package 'graph_msgs' build argument 'cmake_force_configure' from command line to 'False'
[0.339s] Level 5:colcon.colcon_core.verb:set package 'graph_msgs' build argument 'ament_cmake_args' from command line to 'None'
[0.340s] Level 5:colcon.colcon_core.verb:set package 'graph_msgs' build argument 'catkin_cmake_args' from command line to 'None'
[0.340s] Level 5:colcon.colcon_core.verb:set package 'graph_msgs' build argument 'catkin_skip_building_tests' from command line to 'False'
[0.340s] DEBUG:colcon.colcon_core.verb:Building package 'graph_msgs' with the following arguments: {'ament_cmake_args': None, 'build_base': '/home/adam/Desktop/SBSN/ros2_ws/build/graph_msgs', 'catkin_cmake_args': None, 'catkin_skip_building_tests': False, 'cmake_args': None, 'cmake_clean_cache': False, 'cmake_clean_first': False, 'cmake_force_configure': False, 'cmake_target': None, 'cmake_target_skip_unavailable': False, 'install_base': '/home/adam/Desktop/SBSN/ros2_ws/install/graph_msgs', 'merge_install': False, 'path': '/home/adam/Desktop/SBSN/ros2_ws/src/msgs/graph_msgs', 'symlink_install': False, 'test_result_base': None}
[0.340s] Level 5:colcon.colcon_core.verb:set package 'mbsn' build argument 'cmake_args' from command line to 'None'
[0.340s] Level 5:colcon.colcon_core.verb:set package 'mbsn' build argument 'cmake_target' from command line to 'None'
[0.340s] Level 5:colcon.colcon_core.verb:set package 'mbsn' build argument 'cmake_target_skip_unavailable' from command line to 'False'
[0.340s] Level 5:colcon.colcon_core.verb:set package 'mbsn' build argument 'cmake_clean_cache' from command line to 'False'
[0.340s] Level 5:colcon.colcon_core.verb:set package 'mbsn' build argument 'cmake_clean_first' from command line to 'False'
[0.340s] Level 5:colcon.colcon_core.verb:set package 'mbsn' build argument 'cmake_force_configure' from command line to 'False'
[0.340s] Level 5:colcon.colcon_core.verb:set package 'mbsn' build argument 'ament_cmake_args' from command line to 'None'
[0.340s] Level 5:colcon.colcon_core.verb:set package 'mbsn' build argument 'catkin_cmake_args' from command line to 'None'
[0.340s] Level 5:colcon.colcon_core.verb:set package 'mbsn' build argument 'catkin_skip_building_tests' from command line to 'False'
[0.340s] DEBUG:colcon.colcon_core.verb:Building package 'mbsn' with the following arguments: {'ament_cmake_args': None, 'build_base': '/home/adam/Desktop/SBSN/ros2_ws/build/mbsn', 'catkin_cmake_args': None, 'catkin_skip_building_tests': False, 'cmake_args': None, 'cmake_clean_cache': False, 'cmake_clean_first': False, 'cmake_force_configure': False, 'cmake_target': None, 'cmake_target_skip_unavailable': False, 'install_base': '/home/adam/Desktop/SBSN/ros2_ws/install/mbsn', 'merge_install': False, 'path': '/home/adam/Desktop/SBSN/ros2_ws/src/MBSN', 'symlink_install': False, 'test_result_base': None}
[0.340s] Level 5:colcon.colcon_core.verb:set package 'metric_msgs' build argument 'cmake_args' from command line to 'None'
[0.340s] Level 5:colcon.colcon_core.verb:set package 'metric_msgs' build argument 'cmake_target' from command line to 'None'
[0.340s] Level 5:colcon.colcon_core.verb:set package 'metric_msgs' build argument 'cmake_target_skip_unavailable' from command line to 'False'
[0.341s] Level 5:colcon.colcon_core.verb:set package 'metric_msgs' build argument 'cmake_clean_cache' from command line to 'False'
[0.341s] Level 5:colcon.colcon_core.verb:set package 'metric_msgs' build argument 'cmake_clean_first' from command line to 'False'
[0.341s] Level 5:colcon.colcon_core.verb:set package 'metric_msgs' build argument 'cmake_force_configure' from command line to 'False'
[0.341s] Level 5:colcon.colcon_core.verb:set package 'metric_msgs' build argument 'ament_cmake_args' from command line to 'None'
[0.341s] Level 5:colcon.colcon_core.verb:set package 'metric_msgs' build argument 'catkin_cmake_args' from command line to 'None'
[0.341s] Level 5:colcon.colcon_core.verb:set package 'metric_msgs' build argument 'catkin_skip_building_tests' from command line to 'False'
[0.341s] DEBUG:colcon.colcon_core.verb:Building package 'metric_msgs' with the following arguments: {'ament_cmake_args': None, 'build_base': '/home/adam/Desktop/SBSN/ros2_ws/build/metric_msgs', 'catkin_cmake_args': None, 'catkin_skip_building_tests': False, 'cmake_args': None, 'cmake_clean_cache': False, 'cmake_clean_first': False, 'cmake_force_configure': False, 'cmake_target': None, 'cmake_target_skip_unavailable': False, 'install_base': '/home/adam/Desktop/SBSN/ros2_ws/install/metric_msgs', 'merge_install': False, 'path': '/home/adam/Desktop/SBSN/ros2_ws/src/msgs/metric_msgs', 'symlink_install': False, 'test_result_base': None}
[0.341s] Level 5:colcon.colcon_core.verb:set package 'my_controller' build argument 'cmake_args' from command line to 'None'
[0.341s] Level 5:colcon.colcon_core.verb:set package 'my_controller' build argument 'cmake_target' from command line to 'None'
[0.341s] Level 5:colcon.colcon_core.verb:set package 'my_controller' build argument 'cmake_target_skip_unavailable' from command line to 'False'
[0.341s] Level 5:colcon.colcon_core.verb:set package 'my_controller' build argument 'cmake_clean_cache' from command line to 'False'
[0.341s] Level 5:colcon.colcon_core.verb:set package 'my_controller' build argument 'cmake_clean_first' from command line to 'False'
[0.341s] Level 5:colcon.colcon_core.verb:set package 'my_controller' build argument 'cmake_force_configure' from command line to 'False'
[0.341s] Level 5:colcon.colcon_core.verb:set package 'my_controller' build argument 'ament_cmake_args' from command line to 'None'
[0.341s] Level 5:colcon.colcon_core.verb:set package 'my_controller' build argument 'catkin_cmake_args' from command line to 'None'
[0.341s] Level 5:colcon.colcon_core.verb:set package 'my_controller' build argument 'catkin_skip_building_tests' from command line to 'False'
[0.341s] DEBUG:colcon.colcon_core.verb:Building package 'my_controller' with the following arguments: {'ament_cmake_args': None, 'build_base': '/home/adam/Desktop/SBSN/ros2_ws/build/my_controller', 'catkin_cmake_args': None, 'catkin_skip_building_tests': False, 'cmake_args': None, 'cmake_clean_cache': False, 'cmake_clean_first': False, 'cmake_force_configure': False, 'cmake_target': None, 'cmake_target_skip_unavailable': False, 'install_base': '/home/adam/Desktop/SBSN/ros2_ws/install/my_controller', 'merge_install': False, 'path': '/home/adam/Desktop/SBSN/ros2_ws/src/nav2_my_controller/my_controller', 'symlink_install': False, 'test_result_base': None}
[0.341s] Level 5:colcon.colcon_core.verb:set package 'ros_tcp_endpoint' build argument 'cmake_args' from command line to 'None'
[0.341s] Level 5:colcon.colcon_core.verb:set package 'ros_tcp_endpoint' build argument 'cmake_target' from command line to 'None'
[0.341s] Level 5:colcon.colcon_core.verb:set package 'ros_tcp_endpoint' build argument 'cmake_target_skip_unavailable' from command line to 'False'
[0.341s] Level 5:colcon.colcon_core.verb:set package 'ros_tcp_endpoint' build argument 'cmake_clean_cache' from command line to 'False'
[0.342s] Level 5:colcon.colcon_core.verb:set package 'ros_tcp_endpoint' build argument 'cmake_clean_first' from command line to 'False'
[0.342s] Level 5:colcon.colcon_core.verb:set package 'ros_tcp_endpoint' build argument 'cmake_force_configure' from command line to 'False'
[0.342s] Level 5:colcon.colcon_core.verb:set package 'ros_tcp_endpoint' build argument 'ament_cmake_args' from command line to 'None'
[0.342s] Level 5:colcon.colcon_core.verb:set package 'ros_tcp_endpoint' build argument 'catkin_cmake_args' from command line to 'None'
[0.342s] Level 5:colcon.colcon_core.verb:set package 'ros_tcp_endpoint' build argument 'catkin_skip_building_tests' from command line to 'False'
[0.342s] DEBUG:colcon.colcon_core.verb:Building package 'ros_tcp_endpoint' with the following arguments: {'ament_cmake_args': None, 'build_base': '/home/adam/Desktop/SBSN/ros2_ws/build/ros_tcp_endpoint', 'catkin_cmake_args': None, 'catkin_skip_building_tests': False, 'cmake_args': None, 'cmake_clean_cache': False, 'cmake_clean_first': False, 'cmake_force_configure': False, 'cmake_target': None, 'cmake_target_skip_unavailable': False, 'install_base': '/home/adam/Desktop/SBSN/ros2_ws/install/ros_tcp_endpoint', 'merge_install': False, 'path': '/home/adam/Desktop/SBSN/ros2_ws/src/ROS-TCP-Endpoint', 'symlink_install': False, 'test_result_base': None}
[0.342s] Level 5:colcon.colcon_core.verb:set package 'simulation_msgs' build argument 'cmake_args' from command line to 'None'
[0.342s] Level 5:colcon.colcon_core.verb:set package 'simulation_msgs' build argument 'cmake_target' from command line to 'None'
[0.342s] Level 5:colcon.colcon_core.verb:set package 'simulation_msgs' build argument 'cmake_target_skip_unavailable' from command line to 'False'
[0.342s] Level 5:colcon.colcon_core.verb:set package 'simulation_msgs' build argument 'cmake_clean_cache' from command line to 'False'
[0.342s] Level 5:colcon.colcon_core.verb:set package 'simulation_msgs' build argument 'cmake_clean_first' from command line to 'False'
[0.342s] Level 5:colcon.colcon_core.verb:set package 'simulation_msgs' build argument 'cmake_force_configure' from command line to 'False'
[0.342s] Level 5:colcon.colcon_core.verb:set package 'simulation_msgs' build argument 'ament_cmake_args' from command line to 'None'
[0.342s] Level 5:colcon.colcon_core.verb:set package 'simulation_msgs' build argument 'catkin_cmake_args' from command line to 'None'
[0.342s] Level 5:colcon.colcon_core.verb:set package 'simulation_msgs' build argument 'catkin_skip_building_tests' from command line to 'False'
[0.342s] DEBUG:colcon.colcon_core.verb:Building package 'simulation_msgs' with the following arguments: {'ament_cmake_args': None, 'build_base': '/home/adam/Desktop/SBSN/ros2_ws/build/simulation_msgs', 'catkin_cmake_args': None, 'catkin_skip_building_tests': False, 'cmake_args': None, 'cmake_clean_cache': False, 'cmake_clean_first': False, 'cmake_force_configure': False, 'cmake_target': None, 'cmake_target_skip_unavailable': False, 'install_base': '/home/adam/Desktop/SBSN/ros2_ws/install/simulation_msgs', 'merge_install': False, 'path': '/home/adam/Desktop/SBSN/ros2_ws/src/msgs/simulation_msgs', 'symlink_install': False, 'test_result_base': None}
[0.342s] Level 5:colcon.colcon_core.verb:set package 'social_metrics' build argument 'cmake_args' from command line to 'None'
[0.342s] Level 5:colcon.colcon_core.verb:set package 'social_metrics' build argument 'cmake_target' from command line to 'None'
[0.342s] Level 5:colcon.colcon_core.verb:set package 'social_metrics' build argument 'cmake_target_skip_unavailable' from command line to 'False'
[0.342s] Level 5:colcon.colcon_core.verb:set package 'social_metrics' build argument 'cmake_clean_cache' from command line to 'False'
[0.342s] Level 5:colcon.colcon_core.verb:set package 'social_metrics' build argument 'cmake_clean_first' from command line to 'False'
[0.342s] Level 5:colcon.colcon_core.verb:set package 'social_metrics' build argument 'cmake_force_configure' from command line to 'False'
[0.342s] Level 5:colcon.colcon_core.verb:set package 'social_metrics' build argument 'ament_cmake_args' from command line to 'None'
[0.342s] Level 5:colcon.colcon_core.verb:set package 'social_metrics' build argument 'catkin_cmake_args' from command line to 'None'
[0.342s] Level 5:colcon.colcon_core.verb:set package 'social_metrics' build argument 'catkin_skip_building_tests' from command line to 'False'
[0.342s] DEBUG:colcon.colcon_core.verb:Building package 'social_metrics' with the following arguments: {'ament_cmake_args': None, 'build_base': '/home/adam/Desktop/SBSN/ros2_ws/build/social_metrics', 'catkin_cmake_args': None, 'catkin_skip_building_tests': False, 'cmake_args': None, 'cmake_clean_cache': False, 'cmake_clean_first': False, 'cmake_force_configure': False, 'cmake_target': None, 'cmake_target_skip_unavailable': False, 'install_base': '/home/adam/Desktop/SBSN/ros2_ws/install/social_metrics', 'merge_install': False, 'path': '/home/adam/Desktop/SBSN/ros2_ws/src/social_metrics', 'symlink_install': False, 'test_result_base': None}
[0.343s] Level 5:colcon.colcon_core.verb:set package 'unity_sim' build argument 'cmake_args' from command line to 'None'
[0.343s] Level 5:colcon.colcon_core.verb:set package 'unity_sim' build argument 'cmake_target' from command line to 'None'
[0.343s] Level 5:colcon.colcon_core.verb:set package 'unity_sim' build argument 'cmake_target_skip_unavailable' from command line to 'False'
[0.343s] Level 5:colcon.colcon_core.verb:set package 'unity_sim' build argument 'cmake_clean_cache' from command line to 'False'
[0.343s] Level 5:colcon.colcon_core.verb:set package 'unity_sim' build argument 'cmake_clean_first' from command line to 'False'
[0.343s] Level 5:colcon.colcon_core.verb:set package 'unity_sim' build argument 'cmake_force_configure' from command line to 'False'
[0.343s] Level 5:colcon.colcon_core.verb:set package 'unity_sim' build argument 'ament_cmake_args' from command line to 'None'
[0.343s] Level 5:colcon.colcon_core.verb:set package 'unity_sim' build argument 'catkin_cmake_args' from command line to 'None'
[0.343s] Level 5:colcon.colcon_core.verb:set package 'unity_sim' build argument 'catkin_skip_building_tests' from command line to 'False'
[0.343s] DEBUG:colcon.colcon_core.verb:Building package 'unity_sim' with the following arguments: {'ament_cmake_args': None, 'build_base': '/home/adam/Desktop/SBSN/ros2_ws/build/unity_sim', 'catkin_cmake_args': None, 'catkin_skip_building_tests': False, 'cmake_args': None, 'cmake_clean_cache': False, 'cmake_clean_first': False, 'cmake_force_configure': False, 'cmake_target': None, 'cmake_target_skip_unavailable': False, 'install_base': '/home/adam/Desktop/SBSN/ros2_ws/install/unity_sim', 'merge_install': False, 'path': '/home/adam/Desktop/SBSN/ros2_ws/src/unity_sim', 'symlink_install': False, 'test_result_base': None}
[0.343s] INFO:colcon.colcon_core.executor:Executing jobs using 'parallel' executor
[0.344s] DEBUG:colcon.colcon_parallel_executor.executor.parallel:run_until_complete
[0.344s] INFO:colcon.colcon_ros.task.ament_cmake.build:Building ROS package in '/home/adam/Desktop/SBSN/ros2_ws/src/agent_trajectory_prediction' with build type 'ament_cmake'
[0.345s] INFO:colcon.colcon_cmake.task.cmake.build:Building CMake package in '/home/adam/Desktop/SBSN/ros2_ws/src/agent_trajectory_prediction'
[0.347s] INFO:colcon.colcon_core.plugin_system:Skipping extension 'colcon_core.shell.bat': Not used on non-Windows systems
[0.347s] INFO:colcon.colcon_core.shell:Skip shell extension 'powershell' for command environment: Not usable outside of PowerShell
[0.347s] DEBUG:colcon.colcon_core.shell:Skip shell extension 'dsv' for command environment
[0.349s] INFO:colcon.colcon_ros.task.ament_cmake.build:Building ROS package in '/home/adam/Desktop/SBSN/ros2_ws/src/msgs/agents_msgs' with build type 'ament_cmake'
[0.349s] INFO:colcon.colcon_cmake.task.cmake.build:Building CMake package in '/home/adam/Desktop/SBSN/ros2_ws/src/msgs/agents_msgs'
[0.350s] INFO:colcon.colcon_core.shell:Skip shell extension 'powershell' for command environment: Not usable outside of PowerShell
[0.350s] DEBUG:colcon.colcon_core.shell:Skip shell extension 'dsv' for command environment
[0.352s] INFO:colcon.colcon_ros.task.ament_cmake.build:Building ROS package in '/home/adam/Desktop/SBSN/ros2_ws/src/assets' with build type 'ament_cmake'
[0.352s] INFO:colcon.colcon_cmake.task.cmake.build:Building CMake package in '/home/adam/Desktop/SBSN/ros2_ws/src/assets'
[0.352s] INFO:colcon.colcon_core.shell:Skip shell extension 'powershell' for command environment: Not usable outside of PowerShell
[0.352s] DEBUG:colcon.colcon_core.shell:Skip shell extension 'dsv' for command environment
[0.354s] INFO:colcon.colcon_ros.task.ament_cmake.build:Building ROS package in '/home/adam/Desktop/SBSN/ros2_ws/src/msgs/graph_msgs' with build type 'ament_cmake'
[0.354s] INFO:colcon.colcon_cmake.task.cmake.build:Building CMake package in '/home/adam/Desktop/SBSN/ros2_ws/src/msgs/graph_msgs'
[0.354s] INFO:colcon.colcon_core.shell:Skip shell extension 'powershell' for command environment: Not usable outside of PowerShell
[0.354s] DEBUG:colcon.colcon_core.shell:Skip shell extension 'dsv' for command environment
[0.357s] INFO:colcon.colcon_ros.task.ament_cmake.build:Building ROS package in '/home/adam/Desktop/SBSN/ros2_ws/src/MBSN' with build type 'ament_cmake'
[0.357s] INFO:colcon.colcon_cmake.task.cmake.build:Building CMake package in '/home/adam/Desktop/SBSN/ros2_ws/src/MBSN'
[0.357s] INFO:colcon.colcon_core.shell:Skip shell extension 'powershell' for command environment: Not usable outside of PowerShell
[0.357s] DEBUG:colcon.colcon_core.shell:Skip shell extension 'dsv' for command environment
[0.360s] INFO:colcon.colcon_ros.task.ament_cmake.build:Building ROS package in '/home/adam/Desktop/SBSN/ros2_ws/src/msgs/metric_msgs' with build type 'ament_cmake'
[0.360s] INFO:colcon.colcon_cmake.task.cmake.build:Building CMake package in '/home/adam/Desktop/SBSN/ros2_ws/src/msgs/metric_msgs'
[0.360s] INFO:colcon.colcon_core.shell:Skip shell extension 'powershell' for command environment: Not usable outside of PowerShell
[0.360s] DEBUG:colcon.colcon_core.shell:Skip shell extension 'dsv' for command environment
[0.362s] INFO:colcon.colcon_ros.task.ament_cmake.build:Building ROS package in '/home/adam/Desktop/SBSN/ros2_ws/src/nav2_my_controller/my_controller' with build type 'ament_cmake'
[0.362s] INFO:colcon.colcon_cmake.task.cmake.build:Building CMake package in '/home/adam/Desktop/SBSN/ros2_ws/src/nav2_my_controller/my_controller'
[0.362s] INFO:colcon.colcon_core.shell:Skip shell extension 'powershell' for command environment: Not usable outside of PowerShell
[0.362s] DEBUG:colcon.colcon_core.shell:Skip shell extension 'dsv' for command environment
[0.364s] INFO:colcon.colcon_ros.task.ament_python.build:Building ROS package in '/home/adam/Desktop/SBSN/ros2_ws/src/ROS-TCP-Endpoint' with build type 'ament_python'
[0.364s] Level 1:colcon.colcon_core.shell:create_environment_hook('ros_tcp_endpoint', 'ament_prefix_path')
[0.364s] INFO:colcon.colcon_core.shell:Creating environment hook '/home/adam/Desktop/SBSN/ros2_ws/install/ros_tcp_endpoint/share/ros_tcp_endpoint/hook/ament_prefix_path.ps1'
[0.365s] INFO:colcon.colcon_core.shell:Creating environment descriptor '/home/adam/Desktop/SBSN/ros2_ws/install/ros_tcp_endpoint/share/ros_tcp_endpoint/hook/ament_prefix_path.dsv'
[0.365s] INFO:colcon.colcon_core.shell:Creating environment hook '/home/adam/Desktop/SBSN/ros2_ws/install/ros_tcp_endpoint/share/ros_tcp_endpoint/hook/ament_prefix_path.sh'
[0.366s] INFO:colcon.colcon_core.shell:Skip shell extension 'powershell' for command environment: Not usable outside of PowerShell
[0.366s] DEBUG:colcon.colcon_core.shell:Skip shell extension 'dsv' for command environment
[0.367s] INFO:colcon.colcon_ros.task.ament_cmake.build:Building ROS package in '/home/adam/Desktop/SBSN/ros2_ws/src/msgs/simulation_msgs' with build type 'ament_cmake'
[0.368s] INFO:colcon.colcon_cmake.task.cmake.build:Building CMake package in '/home/adam/Desktop/SBSN/ros2_ws/src/msgs/simulation_msgs'
[0.368s] INFO:colcon.colcon_core.shell:Skip shell extension 'powershell' for command environment: Not usable outside of PowerShell
[0.368s] DEBUG:colcon.colcon_core.shell:Skip shell extension 'dsv' for command environment
[0.370s] INFO:colcon.colcon_ros.task.ament_cmake.build:Building ROS package in '/home/adam/Desktop/SBSN/ros2_ws/src/social_metrics' with build type 'ament_cmake'
[0.370s] INFO:colcon.colcon_cmake.task.cmake.build:Building CMake package in '/home/adam/Desktop/SBSN/ros2_ws/src/social_metrics'
[0.370s] INFO:colcon.colcon_core.shell:Skip shell extension 'powershell' for command environment: Not usable outside of PowerShell
[0.370s] DEBUG:colcon.colcon_core.shell:Skip shell extension 'dsv' for command environment
[0.372s] INFO:colcon.colcon_ros.task.ament_cmake.build:Building ROS package in '/home/adam/Desktop/SBSN/ros2_ws/src/unity_sim' with build type 'ament_cmake'
[0.373s] INFO:colcon.colcon_cmake.task.cmake.build:Building CMake package in '/home/adam/Desktop/SBSN/ros2_ws/src/unity_sim'
[0.373s] INFO:colcon.colcon_core.shell:Skip shell extension 'powershell' for command environment: Not usable outside of PowerShell
[0.373s] DEBUG:colcon.colcon_core.shell:Skip shell extension 'dsv' for command environment
[0.393s] DEBUG:colcon.colcon_core.event_handler.log_command:Invoking command in '/home/adam/Desktop/SBSN/ros2_ws/build/agent_trajectory_prediction': CMAKE_PREFIX_PATH=/opt/ros/humble /home/adam/.local/bin/cmake --build /home/adam/Desktop/SBSN/ros2_ws/build/agent_trajectory_prediction -- -j16 -l16
[0.397s] DEBUG:colcon.colcon_core.event_handler.log_command:Invoking command in '/home/adam/Desktop/SBSN/ros2_ws/build/agents_msgs': CMAKE_PREFIX_PATH=/opt/ros/humble /home/adam/.local/bin/cmake --build /home/adam/Desktop/SBSN/ros2_ws/build/agents_msgs -- -j16 -l16
[0.402s] DEBUG:colcon.colcon_core.event_handler.log_command:Invoking command in '/home/adam/Desktop/SBSN/ros2_ws/build/assets': CMAKE_PREFIX_PATH=/opt/ros/humble /home/adam/.local/bin/cmake --build /home/adam/Desktop/SBSN/ros2_ws/build/assets -- -j16 -l16
[0.408s] DEBUG:colcon.colcon_core.event_handler.log_command:Invoking command in '/home/adam/Desktop/SBSN/ros2_ws/build/graph_msgs': CMAKE_PREFIX_PATH=/opt/ros/humble /home/adam/.local/bin/cmake --build /home/adam/Desktop/SBSN/ros2_ws/build/graph_msgs -- -j16 -l16
[0.417s] DEBUG:colcon.colcon_core.event_handler.log_command:Invoking command in '/home/adam/Desktop/SBSN/ros2_ws/build/mbsn': CMAKE_PREFIX_PATH=/opt/ros/humble /home/adam/.local/bin/cmake --build /home/adam/Desktop/SBSN/ros2_ws/build/mbsn -- -j16 -l16
[0.423s] DEBUG:colcon.colcon_core.event_handler.log_command:Invoking command in '/home/adam/Desktop/SBSN/ros2_ws/build/metric_msgs': CMAKE_PREFIX_PATH=/opt/ros/humble /home/adam/.local/bin/cmake --build /home/adam/Desktop/SBSN/ros2_ws/build/metric_msgs -- -j16 -l16
[0.428s] DEBUG:colcon.colcon_core.event_handler.log_command:Invoking command in '/home/adam/Desktop/SBSN/ros2_ws/build/my_controller': CMAKE_PREFIX_PATH=/opt/ros/humble /home/adam/.local/bin/cmake --build /home/adam/Desktop/SBSN/ros2_ws/build/my_controller -- -j16 -l16
[0.684s] INFO:colcon.colcon_core.task.python.build:Building Python package in '/home/adam/Desktop/SBSN/ros2_ws/src/ROS-TCP-Endpoint'
[0.685s] INFO:colcon.colcon_core.shell:Skip shell extension 'powershell' for command environment: Not usable outside of PowerShell
[0.685s] DEBUG:colcon.colcon_core.shell:Skip shell extension 'dsv' for command environment
[0.690s] DEBUG:colcon.colcon_core.event_handler.log_command:Invoking command in '/home/adam/Desktop/SBSN/ros2_ws/build/simulation_msgs': CMAKE_PREFIX_PATH=/opt/ros/humble /home/adam/.local/bin/cmake --build /home/adam/Desktop/SBSN/ros2_ws/build/simulation_msgs -- -j16 -l16
[0.694s] DEBUG:colcon.colcon_core.event_handler.log_command:Invoking command in '/home/adam/Desktop/SBSN/ros2_ws/build/social_metrics': CMAKE_PREFIX_PATH=/opt/ros/humble /home/adam/.local/bin/cmake --build /home/adam/Desktop/SBSN/ros2_ws/build/social_metrics -- -j16 -l16
[0.698s] DEBUG:colcon.colcon_core.event_handler.log_command:Invoking command in '/home/adam/Desktop/SBSN/ros2_ws/build/unity_sim': CMAKE_PREFIX_PATH=/opt/ros/humble /home/adam/.local/bin/cmake --build /home/adam/Desktop/SBSN/ros2_ws/build/unity_sim -- -j16 -l16
[0.711s] DEBUG:colcon.colcon_core.event_handler.log_command:Invoked command in '/home/adam/Desktop/SBSN/ros2_ws/build/assets' returned '0': CMAKE_PREFIX_PATH=/opt/ros/humble /home/adam/.local/bin/cmake --build /home/adam/Desktop/SBSN/ros2_ws/build/assets -- -j16 -l16
[0.714s] DEBUG:colcon.colcon_core.event_handler.log_command:Invoked command in '/home/adam/Desktop/SBSN/ros2_ws/build/my_controller' returned '0': CMAKE_PREFIX_PATH=/opt/ros/humble /home/adam/.local/bin/cmake --build /home/adam/Desktop/SBSN/ros2_ws/build/my_controller -- -j16 -l16
[0.782s] DEBUG:colcon.colcon_core.event_handler.log_command:Invoked command in '/home/adam/Desktop/SBSN/ros2_ws/build/agents_msgs' returned '0': CMAKE_PREFIX_PATH=/opt/ros/humble /home/adam/.local/bin/cmake --build /home/adam/Desktop/SBSN/ros2_ws/build/agents_msgs -- -j16 -l16
[0.810s] DEBUG:colcon.colcon_core.event_handler.log_command:Invoked command in '/home/adam/Desktop/SBSN/ros2_ws/build/agent_trajectory_prediction' returned '0': CMAKE_PREFIX_PATH=/opt/ros/humble /home/adam/.local/bin/cmake --build /home/adam/Desktop/SBSN/ros2_ws/build/agent_trajectory_prediction -- -j16 -l16
[0.825s] DEBUG:colcon.colcon_core.event_handler.log_command:Invoked command in '/home/adam/Desktop/SBSN/ros2_ws/build/graph_msgs' returned '0': CMAKE_PREFIX_PATH=/opt/ros/humble /home/adam/.local/bin/cmake --build /home/adam/Desktop/SBSN/ros2_ws/build/graph_msgs -- -j16 -l16
[0.916s] DEBUG:colcon.colcon_core.event_handler.log_command:Invoking command in '/home/adam/Desktop/SBSN/ros2_ws/build/my_controller': CMAKE_PREFIX_PATH=/opt/ros/humble /home/adam/.local/bin/cmake --install /home/adam/Desktop/SBSN/ros2_ws/build/my_controller
[0.919s] DEBUG:colcon.colcon_core.event_handler.log_command:Invoking command in '/home/adam/Desktop/SBSN/ros2_ws/build/assets': CMAKE_PREFIX_PATH=/opt/ros/humble /home/adam/.local/bin/cmake --install /home/adam/Desktop/SBSN/ros2_ws/build/assets
[0.921s] DEBUG:colcon.colcon_core.event_handler.log_command:Invoked command in '/home/adam/Desktop/SBSN/ros2_ws/build/metric_msgs' returned '0': CMAKE_PREFIX_PATH=/opt/ros/humble /home/adam/.local/bin/cmake --build /home/adam/Desktop/SBSN/ros2_ws/build/metric_msgs -- -j16 -l16
[0.922s] DEBUG:colcon.colcon_core.event_handler.log_command:Invoked command in '/home/adam/Desktop/SBSN/ros2_ws/build/mbsn' returned '0': CMAKE_PREFIX_PATH=/opt/ros/humble /home/adam/.local/bin/cmake --build /home/adam/Desktop/SBSN/ros2_ws/build/mbsn -- -j16 -l16
[0.925s] DEBUG:colcon.colcon_core.event_handler.log_command:Invoking command in '/home/adam/Desktop/SBSN/ros2_ws/build/agent_trajectory_prediction': CMAKE_PREFIX_PATH=/opt/ros/humble /home/adam/.local/bin/cmake --install /home/adam/Desktop/SBSN/ros2_ws/build/agent_trajectory_prediction
[0.970s] DEBUG:colcon.colcon_core.event_handler.log_command:Invoking command in '/home/adam/Desktop/SBSN/ros2_ws/build/agents_msgs': CMAKE_PREFIX_PATH=/opt/ros/humble /home/adam/.local/bin/cmake --install /home/adam/Desktop/SBSN/ros2_ws/build/agents_msgs
[0.993s] DEBUG:colcon.colcon_core.event_handler.log_command:Invoking command in '/home/adam/Desktop/SBSN/ros2_ws/build/graph_msgs': CMAKE_PREFIX_PATH=/opt/ros/humble /home/adam/.local/bin/cmake --install /home/adam/Desktop/SBSN/ros2_ws/build/graph_msgs
[1.028s] Level 1:colcon.colcon_core.environment:create_environment_scripts_only(assets)
[1.030s] DEBUG:colcon.colcon_core.event_handler.log_command:Invoked command in '/home/adam/Desktop/SBSN/ros2_ws/build/assets' returned '0': CMAKE_PREFIX_PATH=/opt/ros/humble /home/adam/.local/bin/cmake --install /home/adam/Desktop/SBSN/ros2_ws/build/assets
[1.031s] Level 1:colcon.colcon_core.environment:checking '/home/adam/Desktop/SBSN/ros2_ws/install/assets' for CMake module files
[1.032s] Level 1:colcon.colcon_core.environment:checking '/home/adam/Desktop/SBSN/ros2_ws/install/assets' for CMake config files
[1.032s] Level 1:colcon.colcon_core.shell:create_environment_hook('assets', 'cmake_prefix_path')
[1.033s] INFO:colcon.colcon_core.shell:Creating environment hook '/home/adam/Desktop/SBSN/ros2_ws/install/assets/share/assets/hook/cmake_prefix_path.ps1'
[1.034s] INFO:colcon.colcon_core.shell:Creating environment descriptor '/home/adam/Desktop/SBSN/ros2_ws/install/assets/share/assets/hook/cmake_prefix_path.dsv'
[1.034s] INFO:colcon.colcon_core.shell:Creating environment hook '/home/adam/Desktop/SBSN/ros2_ws/install/assets/share/assets/hook/cmake_prefix_path.sh'
[1.035s] Level 1:colcon.colcon_core.environment:checking '/home/adam/Desktop/SBSN/ros2_ws/install/assets/bin'
[1.035s] Level 1:colcon.colcon_core.environment:checking '/home/adam/Desktop/SBSN/ros2_ws/install/assets/lib/pkgconfig/assets.pc'
[1.035s] Level 1:colcon.colcon_core.environment:checking '/home/adam/Desktop/SBSN/ros2_ws/install/assets/lib/python3.10/site-packages'
[1.035s] Level 1:colcon.colcon_core.environment:checking '/home/adam/Desktop/SBSN/ros2_ws/install/assets/bin'
[1.035s] INFO:colcon.colcon_core.shell:Creating package script '/home/adam/Desktop/SBSN/ros2_ws/install/assets/share/assets/package.ps1'
[1.036s] INFO:colcon.colcon_core.shell:Creating package descriptor '/home/adam/Desktop/SBSN/ros2_ws/install/assets/share/assets/package.dsv'
[1.037s] INFO:colcon.colcon_core.shell:Creating package script '/home/adam/Desktop/SBSN/ros2_ws/install/assets/share/assets/package.sh'
[1.038s] INFO:colcon.colcon_core.shell:Creating package script '/home/adam/Desktop/SBSN/ros2_ws/install/assets/share/assets/package.bash'
[1.039s] INFO:colcon.colcon_core.shell:Creating package script '/home/adam/Desktop/SBSN/ros2_ws/install/assets/share/assets/package.zsh'
[1.039s] Level 1:colcon.colcon_core.environment:create_file_with_runtime_dependencies(/home/adam/Desktop/SBSN/ros2_ws/install/assets/share/colcon-core/packages/assets)
[1.041s] Level 1:colcon.colcon_core.environment:create_environment_scripts_only(my_controller)
[1.042s] Level 1:colcon.colcon_core.environment:checking '/home/adam/Desktop/SBSN/ros2_ws/install/my_controller' for CMake module files
[1.043s] Level 1:colcon.colcon_core.environment:checking '/home/adam/Desktop/SBSN/ros2_ws/install/my_controller' for CMake config files
[1.043s] Level 1:colcon.colcon_core.shell:create_environment_hook('my_controller', 'cmake_prefix_path')
[1.043s] INFO:colcon.colcon_core.shell:Creating environment hook '/home/adam/Desktop/SBSN/ros2_ws/install/my_controller/share/my_controller/hook/cmake_prefix_path.ps1'
[1.044s] INFO:colcon.colcon_core.shell:Creating environment descriptor '/home/adam/Desktop/SBSN/ros2_ws/install/my_controller/share/my_controller/hook/cmake_prefix_path.dsv'
[1.044s] INFO:colcon.colcon_core.shell:Creating environment hook '/home/adam/Desktop/SBSN/ros2_ws/install/my_controller/share/my_controller/hook/cmake_prefix_path.sh'
[1.042s] DEBUG:colcon.colcon_core.event_handler.log_command:Invoked command in '/home/adam/Desktop/SBSN/ros2_ws/build/my_controller' returned '0': CMAKE_PREFIX_PATH=/opt/ros/humble /home/adam/.local/bin/cmake --install /home/adam/Desktop/SBSN/ros2_ws/build/my_controller
[1.045s] Level 1:colcon.colcon_core.environment:checking '/home/adam/Desktop/SBSN/ros2_ws/install/my_controller/lib'
[1.045s] Level 1:colcon.colcon_core.shell:create_environment_hook('my_controller', 'ld_library_path_lib')
[1.045s] INFO:colcon.colcon_core.shell:Creating environment hook '/home/adam/Desktop/SBSN/ros2_ws/install/my_controller/share/my_controller/hook/ld_library_path_lib.ps1'
[1.046s] INFO:colcon.colcon_core.shell:Creating environment descriptor '/home/adam/Desktop/SBSN/ros2_ws/install/my_controller/share/my_controller/hook/ld_library_path_lib.dsv'
[1.047s] INFO:colcon.colcon_core.shell:Creating environment hook '/home/adam/Desktop/SBSN/ros2_ws/install/my_controller/share/my_controller/hook/ld_library_path_lib.sh'
[1.047s] Level 1:colcon.colcon_core.environment:checking '/home/adam/Desktop/SBSN/ros2_ws/install/my_controller/bin'
[1.047s] Level 1:colcon.colcon_core.environment:checking '/home/adam/Desktop/SBSN/ros2_ws/install/my_controller/lib/pkgconfig/my_controller.pc'
[1.047s] Level 1:colcon.colcon_core.environment:checking '/home/adam/Desktop/SBSN/ros2_ws/install/my_controller/lib/python3.10/site-packages'
[1.048s] Level 1:colcon.colcon_core.environment:checking '/home/adam/Desktop/SBSN/ros2_ws/install/my_controller/bin'
[1.048s] INFO:colcon.colcon_core.shell:Creating package script '/home/adam/Desktop/SBSN/ros2_ws/install/my_controller/share/my_controller/package.ps1'
[1.049s] INFO:colcon.colcon_core.shell:Creating package descriptor '/home/adam/Desktop/SBSN/ros2_ws/install/my_controller/share/my_controller/package.dsv'
[1.050s] INFO:colcon.colcon_core.shell:Creating package script '/home/adam/Desktop/SBSN/ros2_ws/install/my_controller/share/my_controller/package.sh'
[1.050s] INFO:colcon.colcon_core.shell:Creating package script '/home/adam/Desktop/SBSN/ros2_ws/install/my_controller/share/my_controller/package.bash'
[1.050s] INFO:colcon.colcon_core.shell:Creating package script '/home/adam/Desktop/SBSN/ros2_ws/install/my_controller/share/my_controller/package.zsh'
[1.051s] Level 1:colcon.colcon_core.environment:create_file_with_runtime_dependencies(/home/adam/Desktop/SBSN/ros2_ws/install/my_controller/share/colcon-core/packages/my_controller)
[1.061s] DEBUG:colcon.colcon_core.event_handler.log_command:Invoking command in '/home/adam/Desktop/SBSN/ros2_ws/build/mbsn': CMAKE_PREFIX_PATH=/opt/ros/humble /home/adam/.local/bin/cmake --install /home/adam/Desktop/SBSN/ros2_ws/build/mbsn
[1.085s] Level 1:colcon.colcon_core.environment:create_environment_scripts_only(agent_trajectory_prediction)
[1.085s] Level 1:colcon.colcon_core.environment:checking '/home/adam/Desktop/SBSN/ros2_ws/install/agent_trajectory_prediction' for CMake module files
[1.086s] Level 1:colcon.colcon_core.environment:checking '/home/adam/Desktop/SBSN/ros2_ws/install/agent_trajectory_prediction' for CMake config files
[1.086s] Level 1:colcon.colcon_core.shell:create_environment_hook('agent_trajectory_prediction', 'cmake_prefix_path')
[1.086s] INFO:colcon.colcon_core.shell:Creating environment hook '/home/adam/Desktop/SBSN/ros2_ws/install/agent_trajectory_prediction/share/agent_trajectory_prediction/hook/cmake_prefix_path.ps1'
[1.087s] DEBUG:colcon.colcon_core.event_handler.log_command:Invoked command in '/home/adam/Desktop/SBSN/ros2_ws/build/agent_trajectory_prediction' returned '0': CMAKE_PREFIX_PATH=/opt/ros/humble /home/adam/.local/bin/cmake --install /home/adam/Desktop/SBSN/ros2_ws/build/agent_trajectory_prediction
[1.087s] INFO:colcon.colcon_core.shell:Creating environment descriptor '/home/adam/Desktop/SBSN/ros2_ws/install/agent_trajectory_prediction/share/agent_trajectory_prediction/hook/cmake_prefix_path.dsv'
[1.088s] INFO:colcon.colcon_core.shell:Creating environment hook '/home/adam/Desktop/SBSN/ros2_ws/install/agent_trajectory_prediction/share/agent_trajectory_prediction/hook/cmake_prefix_path.sh'
[1.091s] Level 1:colcon.colcon_core.environment:checking '/home/adam/Desktop/SBSN/ros2_ws/install/agent_trajectory_prediction/lib'
[1.091s] Level 1:colcon.colcon_core.environment:checking '/home/adam/Desktop/SBSN/ros2_ws/install/agent_trajectory_prediction/bin'
[1.091s] Level 1:colcon.colcon_core.environment:checking '/home/adam/Desktop/SBSN/ros2_ws/install/agent_trajectory_prediction/lib/pkgconfig/agent_trajectory_prediction.pc'
[1.091s] Level 1:colcon.colcon_core.environment:checking '/home/adam/Desktop/SBSN/ros2_ws/install/agent_trajectory_prediction/lib/python3.10/site-packages'
[1.092s] Level 1:colcon.colcon_core.environment:checking '/home/adam/Desktop/SBSN/ros2_ws/install/agent_trajectory_prediction/bin'
[1.092s] INFO:colcon.colcon_core.shell:Creating package script '/home/adam/Desktop/SBSN/ros2_ws/install/agent_trajectory_prediction/share/agent_trajectory_prediction/package.ps1'
[1.093s] INFO:colcon.colcon_core.shell:Creating package descriptor '/home/adam/Desktop/SBSN/ros2_ws/install/agent_trajectory_prediction/share/agent_trajectory_prediction/package.dsv'
[1.093s] INFO:colcon.colcon_core.shell:Creating package script '/home/adam/Desktop/SBSN/ros2_ws/install/agent_trajectory_prediction/share/agent_trajectory_prediction/package.sh'
[1.093s] INFO:colcon.colcon_core.shell:Creating package script '/home/adam/Desktop/SBSN/ros2_ws/install/agent_trajectory_prediction/share/agent_trajectory_prediction/package.bash'
[1.094s] INFO:colcon.colcon_core.shell:Creating package script '/home/adam/Desktop/SBSN/ros2_ws/install/agent_trajectory_prediction/share/agent_trajectory_prediction/package.zsh'
[1.094s] Level 1:colcon.colcon_core.environment:create_file_with_runtime_dependencies(/home/adam/Desktop/SBSN/ros2_ws/install/agent_trajectory_prediction/share/colcon-core/packages/agent_trajectory_prediction)
[1.126s] DEBUG:colcon.colcon_core.event_handler.log_command:Invoked command in '/home/adam/Desktop/SBSN/ros2_ws/build/social_metrics' returned '0': CMAKE_PREFIX_PATH=/opt/ros/humble /home/adam/.local/bin/cmake --build /home/adam/Desktop/SBSN/ros2_ws/build/social_metrics -- -j16 -l16
[1.129s] DEBUG:colcon.colcon_core.event_handler.log_command:Invoking command in '/home/adam/Desktop/SBSN/ros2_ws/build/metric_msgs': CMAKE_PREFIX_PATH=/opt/ros/humble /home/adam/.local/bin/cmake --install /home/adam/Desktop/SBSN/ros2_ws/build/metric_msgs
[1.130s] DEBUG:colcon.colcon_core.event_handler.log_command:Invoked command in '/home/adam/Desktop/SBSN/ros2_ws/build/simulation_msgs' returned '0': CMAKE_PREFIX_PATH=/opt/ros/humble /home/adam/.local/bin/cmake --build /home/adam/Desktop/SBSN/ros2_ws/build/simulation_msgs -- -j16 -l16
[1.158s] Level 1:colcon.colcon_core.environment:create_environment_scripts_only(agents_msgs)
[1.158s] Level 1:colcon.colcon_core.environment:checking '/home/adam/Desktop/SBSN/ros2_ws/install/agents_msgs' for CMake module files
[1.160s] DEBUG:colcon.colcon_core.event_handler.log_command:Invoked command in '/home/adam/Desktop/SBSN/ros2_ws/build/agents_msgs' returned '0': CMAKE_PREFIX_PATH=/opt/ros/humble /home/adam/.local/bin/cmake --install /home/adam/Desktop/SBSN/ros2_ws/build/agents_msgs
[1.160s] Level 1:colcon.colcon_core.environment:checking '/home/adam/Desktop/SBSN/ros2_ws/install/agents_msgs' for CMake config files
[1.161s] Level 1:colcon.colcon_core.shell:create_environment_hook('agents_msgs', 'cmake_prefix_path')
[1.161s] INFO:colcon.colcon_core.shell:Creating environment hook '/home/adam/Desktop/SBSN/ros2_ws/install/agents_msgs/share/agents_msgs/hook/cmake_prefix_path.ps1'
[1.162s] INFO:colcon.colcon_core.shell:Creating environment descriptor '/home/adam/Desktop/SBSN/ros2_ws/install/agents_msgs/share/agents_msgs/hook/cmake_prefix_path.dsv'
[1.162s] INFO:colcon.colcon_core.shell:Creating environment hook '/home/adam/Desktop/SBSN/ros2_ws/install/agents_msgs/share/agents_msgs/hook/cmake_prefix_path.sh'
[1.163s] Level 1:colcon.colcon_core.environment:checking '/home/adam/Desktop/SBSN/ros2_ws/install/agents_msgs/lib'
[1.163s] Level 1:colcon.colcon_core.shell:create_environment_hook('agents_msgs', 'ld_library_path_lib')
[1.163s] INFO:colcon.colcon_core.shell:Creating environment hook '/home/adam/Desktop/SBSN/ros2_ws/install/agents_msgs/share/agents_msgs/hook/ld_library_path_lib.ps1'
[1.163s] INFO:colcon.colcon_core.shell:Creating environment descriptor '/home/adam/Desktop/SBSN/ros2_ws/install/agents_msgs/share/agents_msgs/hook/ld_library_path_lib.dsv'
[1.164s] INFO:colcon.colcon_core.shell:Creating environment hook '/home/adam/Desktop/SBSN/ros2_ws/install/agents_msgs/share/agents_msgs/hook/ld_library_path_lib.sh'
[1.164s] Level 1:colcon.colcon_core.environment:checking '/home/adam/Desktop/SBSN/ros2_ws/install/agents_msgs/bin'
[1.164s] Level 1:colcon.colcon_core.environment:checking '/home/adam/Desktop/SBSN/ros2_ws/install/agents_msgs/lib/pkgconfig/agents_msgs.pc'
[1.164s] Level 1:colcon.colcon_core.environment:checking '/home/adam/Desktop/SBSN/ros2_ws/install/agents_msgs/lib/python3.10/site-packages'
[1.165s] Level 1:colcon.colcon_core.environment:checking '/home/adam/Desktop/SBSN/ros2_ws/install/agents_msgs/bin'
[1.165s] INFO:colcon.colcon_core.shell:Creating package script '/home/adam/Desktop/SBSN/ros2_ws/install/agents_msgs/share/agents_msgs/package.ps1'
[1.166s] INFO:colcon.colcon_core.shell:Creating package descriptor '/home/adam/Desktop/SBSN/ros2_ws/install/agents_msgs/share/agents_msgs/package.dsv'
[1.166s] INFO:colcon.colcon_core.shell:Creating package script '/home/adam/Desktop/SBSN/ros2_ws/install/agents_msgs/share/agents_msgs/package.sh'
[1.166s] INFO:colcon.colcon_core.shell:Creating package script '/home/adam/Desktop/SBSN/ros2_ws/install/agents_msgs/share/agents_msgs/package.bash'
[1.167s] INFO:colcon.colcon_core.shell:Creating package script '/home/adam/Desktop/SBSN/ros2_ws/install/agents_msgs/share/agents_msgs/package.zsh'
[1.167s] Level 1:colcon.colcon_core.environment:create_file_with_runtime_dependencies(/home/adam/Desktop/SBSN/ros2_ws/install/agents_msgs/share/colcon-core/packages/agents_msgs)
[1.168s] Level 1:colcon.colcon_core.environment:create_environment_scripts_only(graph_msgs)
[1.169s] Level 1:colcon.colcon_core.environment:checking '/home/adam/Desktop/SBSN/ros2_ws/install/graph_msgs' for CMake module files
[1.170s] DEBUG:colcon.colcon_core.event_handler.log_command:Invoked command in '/home/adam/Desktop/SBSN/ros2_ws/build/graph_msgs' returned '0': CMAKE_PREFIX_PATH=/opt/ros/humble /home/adam/.local/bin/cmake --install /home/adam/Desktop/SBSN/ros2_ws/build/graph_msgs
[1.170s] Level 1:colcon.colcon_core.environment:checking '/home/adam/Desktop/SBSN/ros2_ws/install/graph_msgs' for CMake config files
[1.171s] Level 1:colcon.colcon_core.shell:create_environment_hook('graph_msgs', 'cmake_prefix_path')
[1.171s] INFO:colcon.colcon_core.shell:Creating environment hook '/home/adam/Desktop/SBSN/ros2_ws/install/graph_msgs/share/graph_msgs/hook/cmake_prefix_path.ps1'
[1.172s] INFO:colcon.colcon_core.shell:Creating environment descriptor '/home/adam/Desktop/SBSN/ros2_ws/install/graph_msgs/share/graph_msgs/hook/cmake_prefix_path.dsv'
[1.172s] INFO:colcon.colcon_core.shell:Creating environment hook '/home/adam/Desktop/SBSN/ros2_ws/install/graph_msgs/share/graph_msgs/hook/cmake_prefix_path.sh'
[1.173s] Level 1:colcon.colcon_core.environment:checking '/home/adam/Desktop/SBSN/ros2_ws/install/graph_msgs/lib'
[1.173s] Level 1:colcon.colcon_core.shell:create_environment_hook('graph_msgs', 'ld_library_path_lib')
[1.174s] INFO:colcon.colcon_core.shell:Creating environment hook '/home/adam/Desktop/SBSN/ros2_ws/install/graph_msgs/share/graph_msgs/hook/ld_library_path_lib.ps1'
[1.174s] INFO:colcon.colcon_core.shell:Creating environment descriptor '/home/adam/Desktop/SBSN/ros2_ws/install/graph_msgs/share/graph_msgs/hook/ld_library_path_lib.dsv'
[1.174s] INFO:colcon.colcon_core.shell:Creating environment hook '/home/adam/Desktop/SBSN/ros2_ws/install/graph_msgs/share/graph_msgs/hook/ld_library_path_lib.sh'
[1.175s] Level 1:colcon.colcon_core.environment:checking '/home/adam/Desktop/SBSN/ros2_ws/install/graph_msgs/bin'
[1.175s] Level 1:colcon.colcon_core.environment:checking '/home/adam/Desktop/SBSN/ros2_ws/install/graph_msgs/lib/pkgconfig/graph_msgs.pc'
[1.175s] Level 1:colcon.colcon_core.environment:checking '/home/adam/Desktop/SBSN/ros2_ws/install/graph_msgs/lib/python3.10/site-packages'
[1.175s] Level 1:colcon.colcon_core.environment:checking '/home/adam/Desktop/SBSN/ros2_ws/install/graph_msgs/bin'
[1.176s] INFO:colcon.colcon_core.shell:Creating package script '/home/adam/Desktop/SBSN/ros2_ws/install/graph_msgs/share/graph_msgs/package.ps1'
[1.176s] INFO:colcon.colcon_core.shell:Creating package descriptor '/home/adam/Desktop/SBSN/ros2_ws/install/graph_msgs/share/graph_msgs/package.dsv'
[1.177s] INFO:colcon.colcon_core.shell:Creating package script '/home/adam/Desktop/SBSN/ros2_ws/install/graph_msgs/share/graph_msgs/package.sh'
[1.177s] INFO:colcon.colcon_core.shell:Creating package script '/home/adam/Desktop/SBSN/ros2_ws/install/graph_msgs/share/graph_msgs/package.bash'
[1.178s] INFO:colcon.colcon_core.shell:Creating package script '/home/adam/Desktop/SBSN/ros2_ws/install/graph_msgs/share/graph_msgs/package.zsh'
[1.178s] Level 1:colcon.colcon_core.environment:create_file_with_runtime_dependencies(/home/adam/Desktop/SBSN/ros2_ws/install/graph_msgs/share/colcon-core/packages/graph_msgs)
[1.181s] Level 1:colcon.colcon_core.environment:create_environment_scripts_only(my_controller)
[1.181s] Level 1:colcon.colcon_core.environment:checking '/home/adam/Desktop/SBSN/ros2_ws/install/my_controller' for CMake module files
[1.181s] Level 1:colcon.colcon_core.environment:checking '/home/adam/Desktop/SBSN/ros2_ws/install/my_controller' for CMake config files
[1.182s] Level 1:colcon.colcon_core.shell:create_environment_hook('my_controller', 'cmake_prefix_path')
[1.182s] INFO:colcon.colcon_core.shell:Creating environment hook '/home/adam/Desktop/SBSN/ros2_ws/install/my_controller/share/my_controller/hook/cmake_prefix_path.ps1'
[1.184s] INFO:colcon.colcon_core.shell:Creating environment descriptor '/home/adam/Desktop/SBSN/ros2_ws/install/my_controller/share/my_controller/hook/cmake_prefix_path.dsv'
[1.184s] INFO:colcon.colcon_core.shell:Creating environment hook '/home/adam/Desktop/SBSN/ros2_ws/install/my_controller/share/my_controller/hook/cmake_prefix_path.sh'
[1.185s] Level 1:colcon.colcon_core.environment:checking '/home/adam/Desktop/SBSN/ros2_ws/install/my_controller/lib'
[1.185s] Level 1:colcon.colcon_core.shell:create_environment_hook('my_controller', 'ld_library_path_lib')
[1.186s] INFO:colcon.colcon_core.shell:Creating environment hook '/home/adam/Desktop/SBSN/ros2_ws/install/my_controller/share/my_controller/hook/ld_library_path_lib.ps1'
[1.186s] INFO:colcon.colcon_core.shell:Creating environment descriptor '/home/adam/Desktop/SBSN/ros2_ws/install/my_controller/share/my_controller/hook/ld_library_path_lib.dsv'
[1.186s] INFO:colcon.colcon_core.shell:Creating environment hook '/home/adam/Desktop/SBSN/ros2_ws/install/my_controller/share/my_controller/hook/ld_library_path_lib.sh'
[1.187s] Level 1:colcon.colcon_core.environment:checking '/home/adam/Desktop/SBSN/ros2_ws/install/my_controller/bin'
[1.187s] Level 1:colcon.colcon_core.environment:checking '/home/adam/Desktop/SBSN/ros2_ws/install/my_controller/lib/pkgconfig/my_controller.pc'
[1.187s] Level 1:colcon.colcon_core.environment:checking '/home/adam/Desktop/SBSN/ros2_ws/install/my_controller/lib/python3.10/site-packages'
[1.187s] Level 1:colcon.colcon_core.environment:checking '/home/adam/Desktop/SBSN/ros2_ws/install/my_controller/bin'
[1.188s] INFO:colcon.colcon_core.shell:Creating package script '/home/adam/Desktop/SBSN/ros2_ws/install/my_controller/share/my_controller/package.ps1'
[1.189s] INFO:colcon.colcon_core.shell:Creating package descriptor '/home/adam/Desktop/SBSN/ros2_ws/install/my_controller/share/my_controller/package.dsv'
[1.190s] INFO:colcon.colcon_core.shell:Creating package script '/home/adam/Desktop/SBSN/ros2_ws/install/my_controller/share/my_controller/package.sh'
[1.191s] INFO:colcon.colcon_core.shell:Creating package script '/home/adam/Desktop/SBSN/ros2_ws/install/my_controller/share/my_controller/package.bash'
[1.191s] INFO:colcon.colcon_core.shell:Creating package script '/home/adam/Desktop/SBSN/ros2_ws/install/my_controller/share/my_controller/package.zsh'
[1.192s] Level 1:colcon.colcon_core.environment:create_file_with_runtime_dependencies(/home/adam/Desktop/SBSN/ros2_ws/install/my_controller/share/colcon-core/packages/my_controller)
[1.192s] Level 1:colcon.colcon_core.environment:create_environment_scripts_only(assets)
[1.192s] Level 1:colcon.colcon_core.environment:checking '/home/adam/Desktop/SBSN/ros2_ws/install/assets' for CMake module files
[1.193s] Level 1:colcon.colcon_core.environment:checking '/home/adam/Desktop/SBSN/ros2_ws/install/assets' for CMake config files
[1.194s] Level 1:colcon.colcon_core.shell:create_environment_hook('assets', 'cmake_prefix_path')
[1.194s] INFO:colcon.colcon_core.shell:Creating environment hook '/home/adam/Desktop/SBSN/ros2_ws/install/assets/share/assets/hook/cmake_prefix_path.ps1'
[1.195s] INFO:colcon.colcon_core.shell:Creating environment descriptor '/home/adam/Desktop/SBSN/ros2_ws/install/assets/share/assets/hook/cmake_prefix_path.dsv'
[1.195s] INFO:colcon.colcon_core.shell:Creating environment hook '/home/adam/Desktop/SBSN/ros2_ws/install/assets/share/assets/hook/cmake_prefix_path.sh'
[1.195s] Level 1:colcon.colcon_core.environment:checking '/home/adam/Desktop/SBSN/ros2_ws/install/assets/bin'
[1.196s] Level 1:colcon.colcon_core.environment:checking '/home/adam/Desktop/SBSN/ros2_ws/install/assets/lib/pkgconfig/assets.pc'
[1.196s] Level 1:colcon.colcon_core.environment:checking '/home/adam/Desktop/SBSN/ros2_ws/install/assets/lib/python3.10/site-packages'
[1.196s] Level 1:colcon.colcon_core.environment:checking '/home/adam/Desktop/SBSN/ros2_ws/install/assets/bin'
[1.197s] INFO:colcon.colcon_core.shell:Creating package script '/home/adam/Desktop/SBSN/ros2_ws/install/assets/share/assets/package.ps1'
[1.197s] INFO:colcon.colcon_core.shell:Creating package descriptor '/home/adam/Desktop/SBSN/ros2_ws/install/assets/share/assets/package.dsv'
[1.197s] INFO:colcon.colcon_core.shell:Creating package script '/home/adam/Desktop/SBSN/ros2_ws/install/assets/share/assets/package.sh'
[1.198s] INFO:colcon.colcon_core.shell:Creating package script '/home/adam/Desktop/SBSN/ros2_ws/install/assets/share/assets/package.bash'
[1.198s] INFO:colcon.colcon_core.shell:Creating package script '/home/adam/Desktop/SBSN/ros2_ws/install/assets/share/assets/package.zsh'
[1.199s] Level 1:colcon.colcon_core.environment:create_file_with_runtime_dependencies(/home/adam/Desktop/SBSN/ros2_ws/install/assets/share/colcon-core/packages/assets)
[1.204s] DEBUG:colcon.colcon_core.event_handler.log_command:Invoking command in '/home/adam/Desktop/SBSN/ros2_ws/src/ROS-TCP-Endpoint': PYTHONPATH=/home/adam/Desktop/SBSN/ros2_ws/build/ros_tcp_endpoint/prefix_override:/home/adam/Desktop/SBSN/ros2_ws/install/ros_tcp_endpoint/lib/python3.10/site-packages:${PYTHONPATH} /usr/bin/python3 -W ignore:setup.py install is deprecated setup.py egg_info --egg-base ../../build/ros_tcp_endpoint build --build-base /home/adam/Desktop/SBSN/ros2_ws/build/ros_tcp_endpoint/build install --record /home/adam/Desktop/SBSN/ros2_ws/build/ros_tcp_endpoint/install.log --install-scripts $base/lib/ros_tcp_endpoint --single-version-externally-managed install_data
[1.205s] Level 1:colcon.colcon_core.environment:create_environment_scripts_only(agent_trajectory_prediction)
[1.205s] Level 1:colcon.colcon_core.environment:checking '/home/adam/Desktop/SBSN/ros2_ws/install/agent_trajectory_prediction' for CMake module files
[1.205s] DEBUG:colcon.colcon_core.event_handler.log_command:Invoked command in '/home/adam/Desktop/SBSN/ros2_ws/build/unity_sim' returned '0': CMAKE_PREFIX_PATH=/opt/ros/humble /home/adam/.local/bin/cmake --build /home/adam/Desktop/SBSN/ros2_ws/build/unity_sim -- -j16 -l16
[1.209s] Level 1:colcon.colcon_core.environment:checking '/home/adam/Desktop/SBSN/ros2_ws/install/agent_trajectory_prediction' for CMake config files
[1.213s] Level 1:colcon.colcon_core.shell:create_environment_hook('agent_trajectory_prediction', 'cmake_prefix_path')
[1.213s] INFO:colcon.colcon_core.shell:Creating environment hook '/home/adam/Desktop/SBSN/ros2_ws/install/agent_trajectory_prediction/share/agent_trajectory_prediction/hook/cmake_prefix_path.ps1'
[1.213s] INFO:colcon.colcon_core.shell:Creating environment descriptor '/home/adam/Desktop/SBSN/ros2_ws/install/agent_trajectory_prediction/share/agent_trajectory_prediction/hook/cmake_prefix_path.dsv'
[1.214s] INFO:colcon.colcon_core.shell:Creating environment hook '/home/adam/Desktop/SBSN/ros2_ws/install/agent_trajectory_prediction/share/agent_trajectory_prediction/hook/cmake_prefix_path.sh'
[1.214s] Level 1:colcon.colcon_core.environment:checking '/home/adam/Desktop/SBSN/ros2_ws/install/agent_trajectory_prediction/lib'
[1.214s] Level 1:colcon.colcon_core.environment:checking '/home/adam/Desktop/SBSN/ros2_ws/install/agent_trajectory_prediction/bin'
[1.215s] Level 1:colcon.colcon_core.environment:checking '/home/adam/Desktop/SBSN/ros2_ws/install/agent_trajectory_prediction/lib/pkgconfig/agent_trajectory_prediction.pc'
[1.215s] Level 1:colcon.colcon_core.environment:checking '/home/adam/Desktop/SBSN/ros2_ws/install/agent_trajectory_prediction/lib/python3.10/site-packages'
[1.215s] Level 1:colcon.colcon_core.environment:checking '/home/adam/Desktop/SBSN/ros2_ws/install/agent_trajectory_prediction/bin'
[1.216s] INFO:colcon.colcon_core.shell:Creating package script '/home/adam/Desktop/SBSN/ros2_ws/install/agent_trajectory_prediction/share/agent_trajectory_prediction/package.ps1'
[1.216s] INFO:colcon.colcon_core.shell:Creating package descriptor '/home/adam/Desktop/SBSN/ros2_ws/install/agent_trajectory_prediction/share/agent_trajectory_prediction/package.dsv'
[1.217s] INFO:colcon.colcon_core.shell:Creating package script '/home/adam/Desktop/SBSN/ros2_ws/install/agent_trajectory_prediction/share/agent_trajectory_prediction/package.sh'
[1.217s] INFO:colcon.colcon_core.shell:Creating package script '/home/adam/Desktop/SBSN/ros2_ws/install/agent_trajectory_prediction/share/agent_trajectory_prediction/package.bash'
[1.217s] INFO:colcon.colcon_core.shell:Creating package script '/home/adam/Desktop/SBSN/ros2_ws/install/agent_trajectory_prediction/share/agent_trajectory_prediction/package.zsh'
[1.218s] Level 1:colcon.colcon_core.environment:create_file_with_runtime_dependencies(/home/adam/Desktop/SBSN/ros2_ws/install/agent_trajectory_prediction/share/colcon-core/packages/agent_trajectory_prediction)
[1.218s] Level 1:colcon.colcon_core.environment:create_environment_scripts_only(mbsn)
[1.219s] Level 1:colcon.colcon_core.environment:checking '/home/adam/Desktop/SBSN/ros2_ws/install/mbsn' for CMake module files
[1.220s] DEBUG:colcon.colcon_core.event_handler.log_command:Invoked command in '/home/adam/Desktop/SBSN/ros2_ws/build/mbsn' returned '0': CMAKE_PREFIX_PATH=/opt/ros/humble /home/adam/.local/bin/cmake --install /home/adam/Desktop/SBSN/ros2_ws/build/mbsn
[1.220s] Level 1:colcon.colcon_core.environment:checking '/home/adam/Desktop/SBSN/ros2_ws/install/mbsn' for CMake config files
[1.221s] Level 1:colcon.colcon_core.shell:create_environment_hook('mbsn', 'cmake_prefix_path')
[1.221s] INFO:colcon.colcon_core.shell:Creating environment hook '/home/adam/Desktop/SBSN/ros2_ws/install/mbsn/share/mbsn/hook/cmake_prefix_path.ps1'
[1.222s] INFO:colcon.colcon_core.shell:Creating environment descriptor '/home/adam/Desktop/SBSN/ros2_ws/install/mbsn/share/mbsn/hook/cmake_prefix_path.dsv'
[1.222s] INFO:colcon.colcon_core.shell:Creating environment hook '/home/adam/Desktop/SBSN/ros2_ws/install/mbsn/share/mbsn/hook/cmake_prefix_path.sh'
[1.223s] Level 1:colcon.colcon_core.environment:checking '/home/adam/Desktop/SBSN/ros2_ws/install/mbsn/lib'
[1.223s] Level 1:colcon.colcon_core.environment:checking '/home/adam/Desktop/SBSN/ros2_ws/install/mbsn/bin'
[1.223s] Level 1:colcon.colcon_core.environment:checking '/home/adam/Desktop/SBSN/ros2_ws/install/mbsn/lib/pkgconfig/mbsn.pc'
[1.223s] Level 1:colcon.colcon_core.environment:checking '/home/adam/Desktop/SBSN/ros2_ws/install/mbsn/lib/python3.10/site-packages'
[1.223s] Level 1:colcon.colcon_core.environment:checking '/home/adam/Desktop/SBSN/ros2_ws/install/mbsn/bin'
[1.224s] INFO:colcon.colcon_core.shell:Creating package script '/home/adam/Desktop/SBSN/ros2_ws/install/mbsn/share/mbsn/package.ps1'
[1.224s] INFO:colcon.colcon_core.shell:Creating package descriptor '/home/adam/Desktop/SBSN/ros2_ws/install/mbsn/share/mbsn/package.dsv'
[1.225s] INFO:colcon.colcon_core.shell:Creating package script '/home/adam/Desktop/SBSN/ros2_ws/install/mbsn/share/mbsn/package.sh'
[1.225s] INFO:colcon.colcon_core.shell:Creating package script '/home/adam/Desktop/SBSN/ros2_ws/install/mbsn/share/mbsn/package.bash'
[1.225s] INFO:colcon.colcon_core.shell:Creating package script '/home/adam/Desktop/SBSN/ros2_ws/install/mbsn/share/mbsn/package.zsh'
[1.225s] Level 1:colcon.colcon_core.environment:create_file_with_runtime_dependencies(/home/adam/Desktop/SBSN/ros2_ws/install/mbsn/share/colcon-core/packages/mbsn)
[1.229s] DEBUG:colcon.colcon_core.event_handler.log_command:Invoking command in '/home/adam/Desktop/SBSN/ros2_ws/build/social_metrics': CMAKE_PREFIX_PATH=/opt/ros/humble /home/adam/.local/bin/cmake --install /home/adam/Desktop/SBSN/ros2_ws/build/social_metrics
[1.255s] Level 1:colcon.colcon_core.environment:create_environment_scripts_only(metric_msgs)
[1.255s] Level 1:colcon.colcon_core.environment:checking '/home/adam/Desktop/SBSN/ros2_ws/install/metric_msgs' for CMake module files
[1.256s] DEBUG:colcon.colcon_core.event_handler.log_command:Invoked command in '/home/adam/Desktop/SBSN/ros2_ws/build/metric_msgs' returned '0': CMAKE_PREFIX_PATH=/opt/ros/humble /home/adam/.local/bin/cmake --install /home/adam/Desktop/SBSN/ros2_ws/build/metric_msgs
[1.257s] Level 1:colcon.colcon_core.environment:checking '/home/adam/Desktop/SBSN/ros2_ws/install/metric_msgs' for CMake config files
[1.257s] Level 1:colcon.colcon_core.shell:create_environment_hook('metric_msgs', 'cmake_prefix_path')
[1.257s] INFO:colcon.colcon_core.shell:Creating environment hook '/home/adam/Desktop/SBSN/ros2_ws/install/metric_msgs/share/metric_msgs/hook/cmake_prefix_path.ps1'
[1.258s] INFO:colcon.colcon_core.shell:Creating environment descriptor '/home/adam/Desktop/SBSN/ros2_ws/install/metric_msgs/share/metric_msgs/hook/cmake_prefix_path.dsv'
[1.258s] INFO:colcon.colcon_core.shell:Creating environment hook '/home/adam/Desktop/SBSN/ros2_ws/install/metric_msgs/share/metric_msgs/hook/cmake_prefix_path.sh'
[1.258s] Level 1:colcon.colcon_core.environment:checking '/home/adam/Desktop/SBSN/ros2_ws/install/metric_msgs/lib'
[1.259s] Level 1:colcon.colcon_core.shell:create_environment_hook('metric_msgs', 'ld_library_path_lib')
[1.259s] INFO:colcon.colcon_core.shell:Creating environment hook '/home/adam/Desktop/SBSN/ros2_ws/install/metric_msgs/share/metric_msgs/hook/ld_library_path_lib.ps1'
[1.259s] INFO:colcon.colcon_core.shell:Creating environment descriptor '/home/adam/Desktop/SBSN/ros2_ws/install/metric_msgs/share/metric_msgs/hook/ld_library_path_lib.dsv'
[1.259s] INFO:colcon.colcon_core.shell:Creating environment hook '/home/adam/Desktop/SBSN/ros2_ws/install/metric_msgs/share/metric_msgs/hook/ld_library_path_lib.sh'
[1.260s] Level 1:colcon.colcon_core.environment:checking '/home/adam/Desktop/SBSN/ros2_ws/install/metric_msgs/bin'
[1.260s] Level 1:colcon.colcon_core.environment:checking '/home/adam/Desktop/SBSN/ros2_ws/install/metric_msgs/lib/pkgconfig/metric_msgs.pc'
[1.260s] Level 1:colcon.colcon_core.environment:checking '/home/adam/Desktop/SBSN/ros2_ws/install/metric_msgs/lib/python3.10/site-packages'
[1.260s] Level 1:colcon.colcon_core.environment:checking '/home/adam/Desktop/SBSN/ros2_ws/install/metric_msgs/bin'
[1.260s] INFO:colcon.colcon_core.shell:Creating package script '/home/adam/Desktop/SBSN/ros2_ws/install/metric_msgs/share/metric_msgs/package.ps1'
[1.261s] INFO:colcon.colcon_core.shell:Creating package descriptor '/home/adam/Desktop/SBSN/ros2_ws/install/metric_msgs/share/metric_msgs/package.dsv'
[1.261s] INFO:colcon.colcon_core.shell:Creating package script '/home/adam/Desktop/SBSN/ros2_ws/install/metric_msgs/share/metric_msgs/package.sh'
[1.261s] INFO:colcon.colcon_core.shell:Creating package script '/home/adam/Desktop/SBSN/ros2_ws/install/metric_msgs/share/metric_msgs/package.bash'
[1.262s] INFO:colcon.colcon_core.shell:Creating package script '/home/adam/Desktop/SBSN/ros2_ws/install/metric_msgs/share/metric_msgs/package.zsh'
[1.262s] Level 1:colcon.colcon_core.environment:create_file_with_runtime_dependencies(/home/adam/Desktop/SBSN/ros2_ws/install/metric_msgs/share/colcon-core/packages/metric_msgs)
[1.295s] DEBUG:colcon.colcon_core.event_handler.log_command:Invoking command in '/home/adam/Desktop/SBSN/ros2_ws/build/unity_sim': CMAKE_PREFIX_PATH=/opt/ros/humble /home/adam/.local/bin/cmake --install /home/adam/Desktop/SBSN/ros2_ws/build/unity_sim
[1.313s] Level 1:colcon.colcon_core.environment:create_environment_scripts_only(mbsn)
[1.313s] Level 1:colcon.colcon_core.environment:checking '/home/adam/Desktop/SBSN/ros2_ws/install/mbsn' for CMake module files
[1.313s] Level 1:colcon.colcon_core.environment:checking '/home/adam/Desktop/SBSN/ros2_ws/install/mbsn' for CMake config files
[1.314s] Level 1:colcon.colcon_core.shell:create_environment_hook('mbsn', 'cmake_prefix_path')
[1.314s] INFO:colcon.colcon_core.shell:Creating environment hook '/home/adam/Desktop/SBSN/ros2_ws/install/mbsn/share/mbsn/hook/cmake_prefix_path.ps1'
[1.314s] INFO:colcon.colcon_core.shell:Creating environment descriptor '/home/adam/Desktop/SBSN/ros2_ws/install/mbsn/share/mbsn/hook/cmake_prefix_path.dsv'
[1.315s] INFO:colcon.colcon_core.shell:Creating environment hook '/home/adam/Desktop/SBSN/ros2_ws/install/mbsn/share/mbsn/hook/cmake_prefix_path.sh'
[1.315s] Level 1:colcon.colcon_core.environment:checking '/home/adam/Desktop/SBSN/ros2_ws/install/mbsn/lib'
[1.315s] Level 1:colcon.colcon_core.environment:checking '/home/adam/Desktop/SBSN/ros2_ws/install/mbsn/bin'
[1.315s] Level 1:colcon.colcon_core.environment:checking '/home/adam/Desktop/SBSN/ros2_ws/install/mbsn/lib/pkgconfig/mbsn.pc'
[1.316s] Level 1:colcon.colcon_core.environment:checking '/home/adam/Desktop/SBSN/ros2_ws/install/mbsn/lib/python3.10/site-packages'
[1.316s] Level 1:colcon.colcon_core.environment:checking '/home/adam/Desktop/SBSN/ros2_ws/install/mbsn/bin'
[1.316s] INFO:colcon.colcon_core.shell:Creating package script '/home/adam/Desktop/SBSN/ros2_ws/install/mbsn/share/mbsn/package.ps1'
[1.316s] INFO:colcon.colcon_core.shell:Creating package descriptor '/home/adam/Desktop/SBSN/ros2_ws/install/mbsn/share/mbsn/package.dsv'
[1.317s] INFO:colcon.colcon_core.shell:Creating package script '/home/adam/Desktop/SBSN/ros2_ws/install/mbsn/share/mbsn/package.sh'
[1.317s] INFO:colcon.colcon_core.shell:Creating package script '/home/adam/Desktop/SBSN/ros2_ws/install/mbsn/share/mbsn/package.bash'
[1.318s] INFO:colcon.colcon_core.shell:Creating package script '/home/adam/Desktop/SBSN/ros2_ws/install/mbsn/share/mbsn/package.zsh'
[1.318s] Level 1:colcon.colcon_core.environment:create_file_with_runtime_dependencies(/home/adam/Desktop/SBSN/ros2_ws/install/mbsn/share/colcon-core/packages/mbsn)
[1.321s] DEBUG:colcon.colcon_core.event_handler.log_command:Invoking command in '/home/adam/Desktop/SBSN/ros2_ws/build/simulation_msgs': CMAKE_PREFIX_PATH=/opt/ros/humble /home/adam/.local/bin/cmake --install /home/adam/Desktop/SBSN/ros2_ws/build/simulation_msgs
[1.330s] Level 1:colcon.colcon_core.environment:create_environment_scripts_only(agents_msgs)
[1.331s] Level 1:colcon.colcon_core.environment:checking '/home/adam/Desktop/SBSN/ros2_ws/install/agents_msgs' for CMake module files
[1.331s] Level 1:colcon.colcon_core.environment:checking '/home/adam/Desktop/SBSN/ros2_ws/install/agents_msgs' for CMake config files
[1.332s] Level 1:colcon.colcon_core.shell:create_environment_hook('agents_msgs', 'cmake_prefix_path')
[1.332s] INFO:colcon.colcon_core.shell:Creating environment hook '/home/adam/Desktop/SBSN/ros2_ws/install/agents_msgs/share/agents_msgs/hook/cmake_prefix_path.ps1'
[1.332s] INFO:colcon.colcon_core.shell:Creating environment descriptor '/home/adam/Desktop/SBSN/ros2_ws/install/agents_msgs/share/agents_msgs/hook/cmake_prefix_path.dsv'
[1.333s] INFO:colcon.colcon_core.shell:Creating environment hook '/home/adam/Desktop/SBSN/ros2_ws/install/agents_msgs/share/agents_msgs/hook/cmake_prefix_path.sh'
[1.333s] Level 1:colcon.colcon_core.environment:checking '/home/adam/Desktop/SBSN/ros2_ws/install/agents_msgs/lib'
[1.333s] Level 1:colcon.colcon_core.shell:create_environment_hook('agents_msgs', 'ld_library_path_lib')
[1.333s] INFO:colcon.colcon_core.shell:Creating environment hook '/home/adam/Desktop/SBSN/ros2_ws/install/agents_msgs/share/agents_msgs/hook/ld_library_path_lib.ps1'
[1.334s] INFO:colcon.colcon_core.shell:Creating environment descriptor '/home/adam/Desktop/SBSN/ros2_ws/install/agents_msgs/share/agents_msgs/hook/ld_library_path_lib.dsv'
[1.334s] INFO:colcon.colcon_core.shell:Creating environment hook '/home/adam/Desktop/SBSN/ros2_ws/install/agents_msgs/share/agents_msgs/hook/ld_library_path_lib.sh'
[1.334s] Level 1:colcon.colcon_core.environment:checking '/home/adam/Desktop/SBSN/ros2_ws/install/agents_msgs/bin'
[1.334s] Level 1:colcon.colcon_core.environment:checking '/home/adam/Desktop/SBSN/ros2_ws/install/agents_msgs/lib/pkgconfig/agents_msgs.pc'
[1.334s] Level 1:colcon.colcon_core.environment:checking '/home/adam/Desktop/SBSN/ros2_ws/install/agents_msgs/lib/python3.10/site-packages'
[1.334s] Level 1:colcon.colcon_core.environment:checking '/home/adam/Desktop/SBSN/ros2_ws/install/agents_msgs/bin'
[1.335s] INFO:colcon.colcon_core.shell:Creating package script '/home/adam/Desktop/SBSN/ros2_ws/install/agents_msgs/share/agents_msgs/package.ps1'
[1.335s] INFO:colcon.colcon_core.shell:Creating package descriptor '/home/adam/Desktop/SBSN/ros2_ws/install/agents_msgs/share/agents_msgs/package.dsv'
[1.336s] INFO:colcon.colcon_core.shell:Creating package script '/home/adam/Desktop/SBSN/ros2_ws/install/agents_msgs/share/agents_msgs/package.sh'
[1.336s] INFO:colcon.colcon_core.shell:Creating package script '/home/adam/Desktop/SBSN/ros2_ws/install/agents_msgs/share/agents_msgs/package.bash'
[1.336s] INFO:colcon.colcon_core.shell:Creating package script '/home/adam/Desktop/SBSN/ros2_ws/install/agents_msgs/share/agents_msgs/package.zsh'
[1.336s] Level 1:colcon.colcon_core.environment:create_file_with_runtime_dependencies(/home/adam/Desktop/SBSN/ros2_ws/install/agents_msgs/share/colcon-core/packages/agents_msgs)
[1.337s] Level 1:colcon.colcon_core.environment:create_environment_scripts_only(graph_msgs)
[1.338s] Level 1:colcon.colcon_core.environment:checking '/home/adam/Desktop/SBSN/ros2_ws/install/graph_msgs' for CMake module files
[1.338s] Level 1:colcon.colcon_core.environment:checking '/home/adam/Desktop/SBSN/ros2_ws/install/graph_msgs' for CMake config files
[1.339s] Level 1:colcon.colcon_core.shell:create_environment_hook('graph_msgs', 'cmake_prefix_path')
[1.339s] INFO:colcon.colcon_core.shell:Creating environment hook '/home/adam/Desktop/SBSN/ros2_ws/install/graph_msgs/share/graph_msgs/hook/cmake_prefix_path.ps1'
[1.339s] INFO:colcon.colcon_core.shell:Creating environment descriptor '/home/adam/Desktop/SBSN/ros2_ws/install/graph_msgs/share/graph_msgs/hook/cmake_prefix_path.dsv'
[1.339s] INFO:colcon.colcon_core.shell:Creating environment hook '/home/adam/Desktop/SBSN/ros2_ws/install/graph_msgs/share/graph_msgs/hook/cmake_prefix_path.sh'
[1.340s] Level 1:colcon.colcon_core.environment:checking '/home/adam/Desktop/SBSN/ros2_ws/install/graph_msgs/lib'
[1.340s] Level 1:colcon.colcon_core.shell:create_environment_hook('graph_msgs', 'ld_library_path_lib')
[1.340s] INFO:colcon.colcon_core.shell:Creating environment hook '/home/adam/Desktop/SBSN/ros2_ws/install/graph_msgs/share/graph_msgs/hook/ld_library_path_lib.ps1'
[1.340s] INFO:colcon.colcon_core.shell:Creating environment descriptor '/home/adam/Desktop/SBSN/ros2_ws/install/graph_msgs/share/graph_msgs/hook/ld_library_path_lib.dsv'
[1.340s] INFO:colcon.colcon_core.shell:Creating environment hook '/home/adam/Desktop/SBSN/ros2_ws/install/graph_msgs/share/graph_msgs/hook/ld_library_path_lib.sh'
[1.341s] Level 1:colcon.colcon_core.environment:checking '/home/adam/Desktop/SBSN/ros2_ws/install/graph_msgs/bin'
[1.341s] Level 1:colcon.colcon_core.environment:checking '/home/adam/Desktop/SBSN/ros2_ws/install/graph_msgs/lib/pkgconfig/graph_msgs.pc'
[1.341s] Level 1:colcon.colcon_core.environment:checking '/home/adam/Desktop/SBSN/ros2_ws/install/graph_msgs/lib/python3.10/site-packages'
[1.341s] Level 1:colcon.colcon_core.environment:checking '/home/adam/Desktop/SBSN/ros2_ws/install/graph_msgs/bin'
[1.341s] INFO:colcon.colcon_core.shell:Creating package script '/home/adam/Desktop/SBSN/ros2_ws/install/graph_msgs/share/graph_msgs/package.ps1'
[1.342s] INFO:colcon.colcon_core.shell:Creating package descriptor '/home/adam/Desktop/SBSN/ros2_ws/install/graph_msgs/share/graph_msgs/package.dsv'
[1.342s] INFO:colcon.colcon_core.shell:Creating package script '/home/adam/Desktop/SBSN/ros2_ws/install/graph_msgs/share/graph_msgs/package.sh'
[1.342s] INFO:colcon.colcon_core.shell:Creating package script '/home/adam/Desktop/SBSN/ros2_ws/install/graph_msgs/share/graph_msgs/package.bash'
[1.343s] INFO:colcon.colcon_core.shell:Creating package script '/home/adam/Desktop/SBSN/ros2_ws/install/graph_msgs/share/graph_msgs/package.zsh'
[1.343s] Level 1:colcon.colcon_core.environment:create_file_with_runtime_dependencies(/home/adam/Desktop/SBSN/ros2_ws/install/graph_msgs/share/colcon-core/packages/graph_msgs)
[1.344s] Level 1:colcon.colcon_core.environment:create_environment_scripts_only(social_metrics)
[1.344s] Level 1:colcon.colcon_core.environment:checking '/home/adam/Desktop/SBSN/ros2_ws/install/social_metrics' for CMake module files
[1.345s] Level 1:colcon.colcon_core.environment:checking '/home/adam/Desktop/SBSN/ros2_ws/install/social_metrics' for CMake config files
[1.345s] DEBUG:colcon.colcon_core.event_handler.log_command:Invoked command in '/home/adam/Desktop/SBSN/ros2_ws/build/social_metrics' returned '0': CMAKE_PREFIX_PATH=/opt/ros/humble /home/adam/.local/bin/cmake --install /home/adam/Desktop/SBSN/ros2_ws/build/social_metrics
[1.345s] Level 1:colcon.colcon_core.shell:create_environment_hook('social_metrics', 'cmake_prefix_path')
[1.346s] INFO:colcon.colcon_core.shell:Creating environment hook '/home/adam/Desktop/SBSN/ros2_ws/install/social_metrics/share/social_metrics/hook/cmake_prefix_path.ps1'
[1.346s] INFO:colcon.colcon_core.shell:Creating environment descriptor '/home/adam/Desktop/SBSN/ros2_ws/install/social_metrics/share/social_metrics/hook/cmake_prefix_path.dsv'
[1.347s] INFO:colcon.colcon_core.shell:Creating environment hook '/home/adam/Desktop/SBSN/ros2_ws/install/social_metrics/share/social_metrics/hook/cmake_prefix_path.sh'
[1.347s] Level 1:colcon.colcon_core.environment:checking '/home/adam/Desktop/SBSN/ros2_ws/install/social_metrics/bin'
[1.347s] Level 1:colcon.colcon_core.environment:checking '/home/adam/Desktop/SBSN/ros2_ws/install/social_metrics/lib/pkgconfig/social_metrics.pc'
[1.347s] Level 1:colcon.colcon_core.environment:checking '/home/adam/Desktop/SBSN/ros2_ws/install/social_metrics/lib/python3.10/site-packages'
[1.348s] Level 1:colcon.colcon_core.environment:checking '/home/adam/Desktop/SBSN/ros2_ws/install/social_metrics/bin'
[1.348s] INFO:colcon.colcon_core.shell:Creating package script '/home/adam/Desktop/SBSN/ros2_ws/install/social_metrics/share/social_metrics/package.ps1'
[1.348s] INFO:colcon.colcon_core.shell:Creating package descriptor '/home/adam/Desktop/SBSN/ros2_ws/install/social_metrics/share/social_metrics/package.dsv'
[1.349s] INFO:colcon.colcon_core.shell:Creating package script '/home/adam/Desktop/SBSN/ros2_ws/install/social_metrics/share/social_metrics/package.sh'
[1.349s] INFO:colcon.colcon_core.shell:Creating package script '/home/adam/Desktop/SBSN/ros2_ws/install/social_metrics/share/social_metrics/package.bash'
[1.349s] INFO:colcon.colcon_core.shell:Creating package script '/home/adam/Desktop/SBSN/ros2_ws/install/social_metrics/share/social_metrics/package.zsh'
[1.349s] Level 1:colcon.colcon_core.environment:create_file_with_runtime_dependencies(/home/adam/Desktop/SBSN/ros2_ws/install/social_metrics/share/colcon-core/packages/social_metrics)
[1.373s] Level 1:colcon.colcon_core.environment:create_environment_scripts_only(metric_msgs)
[1.373s] Level 1:colcon.colcon_core.environment:checking '/home/adam/Desktop/SBSN/ros2_ws/install/metric_msgs' for CMake module files
[1.374s] Level 1:colcon.colcon_core.environment:checking '/home/adam/Desktop/SBSN/ros2_ws/install/metric_msgs' for CMake config files
[1.375s] Level 1:colcon.colcon_core.shell:create_environment_hook('metric_msgs', 'cmake_prefix_path')
[1.375s] INFO:colcon.colcon_core.shell:Creating environment hook '/home/adam/Desktop/SBSN/ros2_ws/install/metric_msgs/share/metric_msgs/hook/cmake_prefix_path.ps1'
[1.376s] INFO:colcon.colcon_core.shell:Creating environment descriptor '/home/adam/Desktop/SBSN/ros2_ws/install/metric_msgs/share/metric_msgs/hook/cmake_prefix_path.dsv'
[1.376s] INFO:colcon.colcon_core.shell:Creating environment hook '/home/adam/Desktop/SBSN/ros2_ws/install/metric_msgs/share/metric_msgs/hook/cmake_prefix_path.sh'
[1.377s] Level 1:colcon.colcon_core.environment:checking '/home/adam/Desktop/SBSN/ros2_ws/install/metric_msgs/lib'
[1.377s] Level 1:colcon.colcon_core.shell:create_environment_hook('metric_msgs', 'ld_library_path_lib')
[1.377s] INFO:colcon.colcon_core.shell:Creating environment hook '/home/adam/Desktop/SBSN/ros2_ws/install/metric_msgs/share/metric_msgs/hook/ld_library_path_lib.ps1'
[1.378s] INFO:colcon.colcon_core.shell:Creating environment descriptor '/home/adam/Desktop/SBSN/ros2_ws/install/metric_msgs/share/metric_msgs/hook/ld_library_path_lib.dsv'
[1.378s] INFO:colcon.colcon_core.shell:Creating environment hook '/home/adam/Desktop/SBSN/ros2_ws/install/metric_msgs/share/metric_msgs/hook/ld_library_path_lib.sh'
[1.378s] Level 1:colcon.colcon_core.environment:checking '/home/adam/Desktop/SBSN/ros2_ws/install/metric_msgs/bin'
[1.378s] Level 1:colcon.colcon_core.environment:checking '/home/adam/Desktop/SBSN/ros2_ws/install/metric_msgs/lib/pkgconfig/metric_msgs.pc'
[1.379s] Level 1:colcon.colcon_core.environment:checking '/home/adam/Desktop/SBSN/ros2_ws/install/metric_msgs/lib/python3.10/site-packages'
[1.379s] Level 1:colcon.colcon_core.environment:checking '/home/adam/Desktop/SBSN/ros2_ws/install/metric_msgs/bin'
[1.379s] INFO:colcon.colcon_core.shell:Creating package script '/home/adam/Desktop/SBSN/ros2_ws/install/metric_msgs/share/metric_msgs/package.ps1'
[1.379s] INFO:colcon.colcon_core.shell:Creating package descriptor '/home/adam/Desktop/SBSN/ros2_ws/install/metric_msgs/share/metric_msgs/package.dsv'
[1.380s] INFO:colcon.colcon_core.shell:Creating package script '/home/adam/Desktop/SBSN/ros2_ws/install/metric_msgs/share/metric_msgs/package.sh'
[1.380s] INFO:colcon.colcon_core.shell:Creating package script '/home/adam/Desktop/SBSN/ros2_ws/install/metric_msgs/share/metric_msgs/package.bash'
[1.380s] INFO:colcon.colcon_core.shell:Creating package script '/home/adam/Desktop/SBSN/ros2_ws/install/metric_msgs/share/metric_msgs/package.zsh'
[1.380s] Level 1:colcon.colcon_core.environment:create_file_with_runtime_dependencies(/home/adam/Desktop/SBSN/ros2_ws/install/metric_msgs/share/colcon-core/packages/metric_msgs)
[1.410s] Level 1:colcon.colcon_core.environment:create_environment_scripts_only(unity_sim)
[1.411s] Level 1:colcon.colcon_core.environment:checking '/home/adam/Desktop/SBSN/ros2_ws/install/unity_sim' for CMake module files
[1.411s] DEBUG:colcon.colcon_core.event_handler.log_command:Invoked command in '/home/adam/Desktop/SBSN/ros2_ws/build/unity_sim' returned '0': CMAKE_PREFIX_PATH=/opt/ros/humble /home/adam/.local/bin/cmake --install /home/adam/Desktop/SBSN/ros2_ws/build/unity_sim
[1.411s] Level 1:colcon.colcon_core.environment:checking '/home/adam/Desktop/SBSN/ros2_ws/install/unity_sim' for CMake config files
[1.412s] Level 1:colcon.colcon_core.shell:create_environment_hook('unity_sim', 'cmake_prefix_path')
[1.412s] INFO:colcon.colcon_core.shell:Creating environment hook '/home/adam/Desktop/SBSN/ros2_ws/install/unity_sim/share/unity_sim/hook/cmake_prefix_path.ps1'
[1.413s] INFO:colcon.colcon_core.shell:Creating environment descriptor '/home/adam/Desktop/SBSN/ros2_ws/install/unity_sim/share/unity_sim/hook/cmake_prefix_path.dsv'
[1.413s] INFO:colcon.colcon_core.shell:Creating environment hook '/home/adam/Desktop/SBSN/ros2_ws/install/unity_sim/share/unity_sim/hook/cmake_prefix_path.sh'
[1.413s] Level 1:colcon.colcon_core.environment:checking '/home/adam/Desktop/SBSN/ros2_ws/install/unity_sim/lib'
[1.413s] Level 1:colcon.colcon_core.environment:checking '/home/adam/Desktop/SBSN/ros2_ws/install/unity_sim/bin'
[1.413s] Level 1:colcon.colcon_core.environment:checking '/home/adam/Desktop/SBSN/ros2_ws/install/unity_sim/lib/pkgconfig/unity_sim.pc'
[1.413s] Level 1:colcon.colcon_core.environment:checking '/home/adam/Desktop/SBSN/ros2_ws/install/unity_sim/lib/python3.10/site-packages'
[1.414s] Level 1:colcon.colcon_core.environment:checking '/home/adam/Desktop/SBSN/ros2_ws/install/unity_sim/bin'
[1.414s] INFO:colcon.colcon_core.shell:Creating package script '/home/adam/Desktop/SBSN/ros2_ws/install/unity_sim/share/unity_sim/package.ps1'
[1.414s] INFO:colcon.colcon_core.shell:Creating package descriptor '/home/adam/Desktop/SBSN/ros2_ws/install/unity_sim/share/unity_sim/package.dsv'
[1.414s] INFO:colcon.colcon_core.shell:Creating package script '/home/adam/Desktop/SBSN/ros2_ws/install/unity_sim/share/unity_sim/package.sh'
[1.415s] INFO:colcon.colcon_core.shell:Creating package script '/home/adam/Desktop/SBSN/ros2_ws/install/unity_sim/share/unity_sim/package.bash'
[1.416s] INFO:colcon.colcon_core.shell:Creating package script '/home/adam/Desktop/SBSN/ros2_ws/install/unity_sim/share/unity_sim/package.zsh'
[1.416s] Level 1:colcon.colcon_core.environment:create_file_with_runtime_dependencies(/home/adam/Desktop/SBSN/ros2_ws/install/unity_sim/share/colcon-core/packages/unity_sim)
[1.434s] Level 1:colcon.colcon_core.environment:create_environment_scripts_only(simulation_msgs)
[1.434s] Level 1:colcon.colcon_core.environment:checking '/home/adam/Desktop/SBSN/ros2_ws/install/simulation_msgs' for CMake module files
[1.435s] DEBUG:colcon.colcon_core.event_handler.log_command:Invoked command in '/home/adam/Desktop/SBSN/ros2_ws/build/simulation_msgs' returned '0': CMAKE_PREFIX_PATH=/opt/ros/humble /home/adam/.local/bin/cmake --install /home/adam/Desktop/SBSN/ros2_ws/build/simulation_msgs
[1.435s] Level 1:colcon.colcon_core.environment:checking '/home/adam/Desktop/SBSN/ros2_ws/install/simulation_msgs' for CMake config files
[1.436s] Level 1:colcon.colcon_core.shell:create_environment_hook('simulation_msgs', 'cmake_prefix_path')
[1.437s] INFO:colcon.colcon_core.shell:Creating environment hook '/home/adam/Desktop/SBSN/ros2_ws/install/simulation_msgs/share/simulation_msgs/hook/cmake_prefix_path.ps1'
[1.437s] INFO:colcon.colcon_core.shell:Creating environment descriptor '/home/adam/Desktop/SBSN/ros2_ws/install/simulation_msgs/share/simulation_msgs/hook/cmake_prefix_path.dsv'
[1.438s] INFO:colcon.colcon_core.shell:Creating environment hook '/home/adam/Desktop/SBSN/ros2_ws/install/simulation_msgs/share/simulation_msgs/hook/cmake_prefix_path.sh'
[1.438s] Level 1:colcon.colcon_core.environment:checking '/home/adam/Desktop/SBSN/ros2_ws/install/simulation_msgs/lib'
[1.438s] Level 1:colcon.colcon_core.shell:create_environment_hook('simulation_msgs', 'ld_library_path_lib')
[1.438s] INFO:colcon.colcon_core.shell:Creating environment hook '/home/adam/Desktop/SBSN/ros2_ws/install/simulation_msgs/share/simulation_msgs/hook/ld_library_path_lib.ps1'
[1.439s] INFO:colcon.colcon_core.shell:Creating environment descriptor '/home/adam/Desktop/SBSN/ros2_ws/install/simulation_msgs/share/simulation_msgs/hook/ld_library_path_lib.dsv'
[1.439s] INFO:colcon.colcon_core.shell:Creating environment hook '/home/adam/Desktop/SBSN/ros2_ws/install/simulation_msgs/share/simulation_msgs/hook/ld_library_path_lib.sh'
[1.439s] Level 1:colcon.colcon_core.environment:checking '/home/adam/Desktop/SBSN/ros2_ws/install/simulation_msgs/bin'
[1.439s] Level 1:colcon.colcon_core.environment:checking '/home/adam/Desktop/SBSN/ros2_ws/install/simulation_msgs/lib/pkgconfig/simulation_msgs.pc'
[1.439s] Level 1:colcon.colcon_core.environment:checking '/home/adam/Desktop/SBSN/ros2_ws/install/simulation_msgs/lib/python3.10/site-packages'
[1.439s] Level 1:colcon.colcon_core.environment:checking '/home/adam/Desktop/SBSN/ros2_ws/install/simulation_msgs/bin'
[1.440s] INFO:colcon.colcon_core.shell:Creating package script '/home/adam/Desktop/SBSN/ros2_ws/install/simulation_msgs/share/simulation_msgs/package.ps1'
[1.440s] INFO:colcon.colcon_core.shell:Creating package descriptor '/home/adam/Desktop/SBSN/ros2_ws/install/simulation_msgs/share/simulation_msgs/package.dsv'
[1.441s] INFO:colcon.colcon_core.shell:Creating package script '/home/adam/Desktop/SBSN/ros2_ws/install/simulation_msgs/share/simulation_msgs/package.sh'
[1.441s] INFO:colcon.colcon_core.shell:Creating package script '/home/adam/Desktop/SBSN/ros2_ws/install/simulation_msgs/share/simulation_msgs/package.bash'
[1.441s] INFO:colcon.colcon_core.shell:Creating package script '/home/adam/Desktop/SBSN/ros2_ws/install/simulation_msgs/share/simulation_msgs/package.zsh'
[1.442s] Level 1:colcon.colcon_core.environment:create_file_with_runtime_dependencies(/home/adam/Desktop/SBSN/ros2_ws/install/simulation_msgs/share/colcon-core/packages/simulation_msgs)
[1.472s] Level 1:colcon.colcon_core.environment:create_environment_scripts_only(social_metrics)
[1.473s] Level 1:colcon.colcon_core.environment:checking '/home/adam/Desktop/SBSN/ros2_ws/install/social_metrics' for CMake module files
[1.474s] Level 1:colcon.colcon_core.environment:checking '/home/adam/Desktop/SBSN/ros2_ws/install/social_metrics' for CMake config files
[1.475s] Level 1:colcon.colcon_core.shell:create_environment_hook('social_metrics', 'cmake_prefix_path')
[1.476s] INFO:colcon.colcon_core.shell:Creating environment hook '/home/adam/Desktop/SBSN/ros2_ws/install/social_metrics/share/social_metrics/hook/cmake_prefix_path.ps1'
[1.477s] INFO:colcon.colcon_core.shell:Creating environment descriptor '/home/adam/Desktop/SBSN/ros2_ws/install/social_metrics/share/social_metrics/hook/cmake_prefix_path.dsv'
[1.477s] INFO:colcon.colcon_core.shell:Creating environment hook '/home/adam/Desktop/SBSN/ros2_ws/install/social_metrics/share/social_metrics/hook/cmake_prefix_path.sh'
[1.478s] Level 1:colcon.colcon_core.environment:checking '/home/adam/Desktop/SBSN/ros2_ws/install/social_metrics/bin'
[1.478s] Level 1:colcon.colcon_core.environment:checking '/home/adam/Desktop/SBSN/ros2_ws/install/social_metrics/lib/pkgconfig/social_metrics.pc'
[1.478s] Level 1:colcon.colcon_core.environment:checking '/home/adam/Desktop/SBSN/ros2_ws/install/social_metrics/lib/python3.10/site-packages'
[1.479s] Level 1:colcon.colcon_core.environment:checking '/home/adam/Desktop/SBSN/ros2_ws/install/social_metrics/bin'
[1.479s] INFO:colcon.colcon_core.shell:Creating package script '/home/adam/Desktop/SBSN/ros2_ws/install/social_metrics/share/social_metrics/package.ps1'
[1.480s] INFO:colcon.colcon_core.shell:Creating package descriptor '/home/adam/Desktop/SBSN/ros2_ws/install/social_metrics/share/social_metrics/package.dsv'
[1.480s] INFO:colcon.colcon_core.shell:Creating package script '/home/adam/Desktop/SBSN/ros2_ws/install/social_metrics/share/social_metrics/package.sh'
[1.481s] INFO:colcon.colcon_core.shell:Creating package script '/home/adam/Desktop/SBSN/ros2_ws/install/social_metrics/share/social_metrics/package.bash'
[1.481s] INFO:colcon.colcon_core.shell:Creating package script '/home/adam/Desktop/SBSN/ros2_ws/install/social_metrics/share/social_metrics/package.zsh'
[1.482s] Level 1:colcon.colcon_core.environment:create_file_with_runtime_dependencies(/home/adam/Desktop/SBSN/ros2_ws/install/social_metrics/share/colcon-core/packages/social_metrics)
[1.483s] Level 1:colcon.colcon_core.environment:checking '/home/adam/Desktop/SBSN/ros2_ws/install/ros_tcp_endpoint' for CMake module files
[1.484s] DEBUG:colcon.colcon_core.event_handler.log_command:Invoked command in '/home/adam/Desktop/SBSN/ros2_ws/src/ROS-TCP-Endpoint' returned '0': PYTHONPATH=/home/adam/Desktop/SBSN/ros2_ws/build/ros_tcp_endpoint/prefix_override:/home/adam/Desktop/SBSN/ros2_ws/install/ros_tcp_endpoint/lib/python3.10/site-packages:${PYTHONPATH} /usr/bin/python3 -W ignore:setup.py install is deprecated setup.py egg_info --egg-base ../../build/ros_tcp_endpoint build --build-base /home/adam/Desktop/SBSN/ros2_ws/build/ros_tcp_endpoint/build install --record /home/adam/Desktop/SBSN/ros2_ws/build/ros_tcp_endpoint/install.log --install-scripts $base/lib/ros_tcp_endpoint --single-version-externally-managed install_data
[1.484s] Level 1:colcon.colcon_core.environment:checking '/home/adam/Desktop/SBSN/ros2_ws/install/ros_tcp_endpoint' for CMake config files
[1.485s] Level 1:colcon.colcon_core.environment:checking '/home/adam/Desktop/SBSN/ros2_ws/install/ros_tcp_endpoint/lib'
[1.485s] Level 1:colcon.colcon_core.environment:checking '/home/adam/Desktop/SBSN/ros2_ws/install/ros_tcp_endpoint/bin'
[1.485s] Level 1:colcon.colcon_core.environment:checking '/home/adam/Desktop/SBSN/ros2_ws/install/ros_tcp_endpoint/lib/pkgconfig/ros_tcp_endpoint.pc'
[1.486s] Level 1:colcon.colcon_core.environment:checking '/home/adam/Desktop/SBSN/ros2_ws/install/ros_tcp_endpoint/lib/python3.10/site-packages'
[1.486s] Level 1:colcon.colcon_core.shell:create_environment_hook('ros_tcp_endpoint', 'pythonpath')
[1.486s] INFO:colcon.colcon_core.shell:Creating environment hook '/home/adam/Desktop/SBSN/ros2_ws/install/ros_tcp_endpoint/share/ros_tcp_endpoint/hook/pythonpath.ps1'
[1.486s] INFO:colcon.colcon_core.shell:Creating environment descriptor '/home/adam/Desktop/SBSN/ros2_ws/install/ros_tcp_endpoint/share/ros_tcp_endpoint/hook/pythonpath.dsv'
[1.486s] INFO:colcon.colcon_core.shell:Creating environment hook '/home/adam/Desktop/SBSN/ros2_ws/install/ros_tcp_endpoint/share/ros_tcp_endpoint/hook/pythonpath.sh'
[1.487s] Level 1:colcon.colcon_core.environment:checking '/home/adam/Desktop/SBSN/ros2_ws/install/ros_tcp_endpoint/bin'
[1.487s] Level 1:colcon.colcon_core.environment:create_environment_scripts_only(ros_tcp_endpoint)
[1.487s] INFO:colcon.colcon_core.shell:Creating package script '/home/adam/Desktop/SBSN/ros2_ws/install/ros_tcp_endpoint/share/ros_tcp_endpoint/package.ps1'
[1.487s] INFO:colcon.colcon_core.shell:Creating package descriptor '/home/adam/Desktop/SBSN/ros2_ws/install/ros_tcp_endpoint/share/ros_tcp_endpoint/package.dsv'
[1.488s] INFO:colcon.colcon_core.shell:Creating package script '/home/adam/Desktop/SBSN/ros2_ws/install/ros_tcp_endpoint/share/ros_tcp_endpoint/package.sh'
[1.488s] INFO:colcon.colcon_core.shell:Creating package script '/home/adam/Desktop/SBSN/ros2_ws/install/ros_tcp_endpoint/share/ros_tcp_endpoint/package.bash'
[1.488s] INFO:colcon.colcon_core.shell:Creating package script '/home/adam/Desktop/SBSN/ros2_ws/install/ros_tcp_endpoint/share/ros_tcp_endpoint/package.zsh'
[1.488s] Level 1:colcon.colcon_core.environment:create_file_with_runtime_dependencies(/home/adam/Desktop/SBSN/ros2_ws/install/ros_tcp_endpoint/share/colcon-core/packages/ros_tcp_endpoint)
[1.525s] Level 1:colcon.colcon_core.environment:create_environment_scripts_only(unity_sim)
[1.525s] Level 1:colcon.colcon_core.environment:checking '/home/adam/Desktop/SBSN/ros2_ws/install/unity_sim' for CMake module files
[1.526s] Level 1:colcon.colcon_core.environment:checking '/home/adam/Desktop/SBSN/ros2_ws/install/unity_sim' for CMake config files
[1.527s] Level 1:colcon.colcon_core.shell:create_environment_hook('unity_sim', 'cmake_prefix_path')
[1.528s] INFO:colcon.colcon_core.shell:Creating environment hook '/home/adam/Desktop/SBSN/ros2_ws/install/unity_sim/share/unity_sim/hook/cmake_prefix_path.ps1'
[1.528s] INFO:colcon.colcon_core.shell:Creating environment descriptor '/home/adam/Desktop/SBSN/ros2_ws/install/unity_sim/share/unity_sim/hook/cmake_prefix_path.dsv'
[1.529s] INFO:colcon.colcon_core.shell:Creating environment hook '/home/adam/Desktop/SBSN/ros2_ws/install/unity_sim/share/unity_sim/hook/cmake_prefix_path.sh'
[1.530s] Level 1:colcon.colcon_core.environment:checking '/home/adam/Desktop/SBSN/ros2_ws/install/unity_sim/lib'
[1.530s] Level 1:colcon.colcon_core.environment:checking '/home/adam/Desktop/SBSN/ros2_ws/install/unity_sim/bin'
[1.530s] Level 1:colcon.colcon_core.environment:checking '/home/adam/Desktop/SBSN/ros2_ws/install/unity_sim/lib/pkgconfig/unity_sim.pc'
[1.530s] Level 1:colcon.colcon_core.environment:checking '/home/adam/Desktop/SBSN/ros2_ws/install/unity_sim/lib/python3.10/site-packages'
[1.531s] Level 1:colcon.colcon_core.environment:checking '/home/adam/Desktop/SBSN/ros2_ws/install/unity_sim/bin'
[1.531s] INFO:colcon.colcon_core.shell:Creating package script '/home/adam/Desktop/SBSN/ros2_ws/install/unity_sim/share/unity_sim/package.ps1'
[1.532s] INFO:colcon.colcon_core.shell:Creating package descriptor '/home/adam/Desktop/SBSN/ros2_ws/install/unity_sim/share/unity_sim/package.dsv'
[1.533s] INFO:colcon.colcon_core.shell:Creating package script '/home/adam/Desktop/SBSN/ros2_ws/install/unity_sim/share/unity_sim/package.sh'
[1.533s] INFO:colcon.colcon_core.shell:Creating package script '/home/adam/Desktop/SBSN/ros2_ws/install/unity_sim/share/unity_sim/package.bash'
[1.534s] INFO:colcon.colcon_core.shell:Creating package script '/home/adam/Desktop/SBSN/ros2_ws/install/unity_sim/share/unity_sim/package.zsh'
[1.535s] Level 1:colcon.colcon_core.environment:create_file_with_runtime_dependencies(/home/adam/Desktop/SBSN/ros2_ws/install/unity_sim/share/colcon-core/packages/unity_sim)
[1.728s] Level 1:colcon.colcon_core.environment:create_environment_scripts_only(simulation_msgs)
[1.728s] Level 1:colcon.colcon_core.environment:checking '/home/adam/Desktop/SBSN/ros2_ws/install/simulation_msgs' for CMake module files
[1.730s] Level 1:colcon.colcon_core.environment:checking '/home/adam/Desktop/SBSN/ros2_ws/install/simulation_msgs' for CMake config files
[1.732s] Level 1:colcon.colcon_core.shell:create_environment_hook('simulation_msgs', 'cmake_prefix_path')
[1.733s] INFO:colcon.colcon_core.shell:Creating environment hook '/home/adam/Desktop/SBSN/ros2_ws/install/simulation_msgs/share/simulation_msgs/hook/cmake_prefix_path.ps1'
[1.734s] INFO:colcon.colcon_core.shell:Creating environment descriptor '/home/adam/Desktop/SBSN/ros2_ws/install/simulation_msgs/share/simulation_msgs/hook/cmake_prefix_path.dsv'
[1.735s] INFO:colcon.colcon_core.shell:Creating environment hook '/home/adam/Desktop/SBSN/ros2_ws/install/simulation_msgs/share/simulation_msgs/hook/cmake_prefix_path.sh'
[1.736s] Level 1:colcon.colcon_core.environment:checking '/home/adam/Desktop/SBSN/ros2_ws/install/simulation_msgs/lib'
[1.736s] Level 1:colcon.colcon_core.shell:create_environment_hook('simulation_msgs', 'ld_library_path_lib')
[1.736s] INFO:colcon.colcon_core.shell:Creating environment hook '/home/adam/Desktop/SBSN/ros2_ws/install/simulation_msgs/share/simulation_msgs/hook/ld_library_path_lib.ps1'
[1.737s] INFO:colcon.colcon_core.shell:Creating environment descriptor '/home/adam/Desktop/SBSN/ros2_ws/install/simulation_msgs/share/simulation_msgs/hook/ld_library_path_lib.dsv'
[1.737s] INFO:colcon.colcon_core.shell:Creating environment hook '/home/adam/Desktop/SBSN/ros2_ws/install/simulation_msgs/share/simulation_msgs/hook/ld_library_path_lib.sh'
[1.737s] Level 1:colcon.colcon_core.environment:checking '/home/adam/Desktop/SBSN/ros2_ws/install/simulation_msgs/bin'
[1.738s] Level 1:colcon.colcon_core.environment:checking '/home/adam/Desktop/SBSN/ros2_ws/install/simulation_msgs/lib/pkgconfig/simulation_msgs.pc'
[1.738s] Level 1:colcon.colcon_core.environment:checking '/home/adam/Desktop/SBSN/ros2_ws/install/simulation_msgs/lib/python3.10/site-packages'
[1.738s] Level 1:colcon.colcon_core.environment:checking '/home/adam/Desktop/SBSN/ros2_ws/install/simulation_msgs/bin'
[1.738s] INFO:colcon.colcon_core.shell:Creating package script '/home/adam/Desktop/SBSN/ros2_ws/install/simulation_msgs/share/simulation_msgs/package.ps1'
[1.739s] INFO:colcon.colcon_core.shell:Creating package descriptor '/home/adam/Desktop/SBSN/ros2_ws/install/simulation_msgs/share/simulation_msgs/package.dsv'
[1.739s] INFO:colcon.colcon_core.shell:Creating package script '/home/adam/Desktop/SBSN/ros2_ws/install/simulation_msgs/share/simulation_msgs/package.sh'
[1.740s] INFO:colcon.colcon_core.shell:Creating package script '/home/adam/Desktop/SBSN/ros2_ws/install/simulation_msgs/share/simulation_msgs/package.bash'
[1.740s] INFO:colcon.colcon_core.shell:Creating package script '/home/adam/Desktop/SBSN/ros2_ws/install/simulation_msgs/share/simulation_msgs/package.zsh'
[1.741s] Level 1:colcon.colcon_core.environment:create_file_with_runtime_dependencies(/home/adam/Desktop/SBSN/ros2_ws/install/simulation_msgs/share/colcon-core/packages/simulation_msgs)
[1.741s] DEBUG:colcon.colcon_parallel_executor.executor.parallel:closing loop
[1.742s] DEBUG:colcon.colcon_parallel_executor.executor.parallel:loop closed
[1.742s] DEBUG:colcon.colcon_parallel_executor.executor.parallel:run_until_complete finished with '0'
[1.742s] DEBUG:colcon.colcon_core.event_reactor:joining thread
[1.751s] INFO:colcon.colcon_core.plugin_system:Skipping extension 'colcon_notification.desktop_notification.notify_send': Could not find 'notify-send'
[1.751s] INFO:colcon.colcon_core.plugin_system:Skipping extension 'colcon_notification.desktop_notification.terminal_notifier': Not used on non-Darwin systems
[1.751s] INFO:colcon.colcon_core.plugin_system:Skipping extension 'colcon_notification.desktop_notification.win32': Not used on non-Windows systems
[1.751s] INFO:colcon.colcon_notification.desktop_notification:Sending desktop notification using 'notify2'
[1.769s] DEBUG:colcon.colcon_core.event_reactor:joined thread
[1.770s] INFO:colcon.colcon_core.shell:Creating prefix script '/home/adam/Desktop/SBSN/ros2_ws/install/local_setup.ps1'
[1.773s] INFO:colcon.colcon_core.shell:Creating prefix util module '/home/adam/Desktop/SBSN/ros2_ws/install/_local_setup_util_ps1.py'
[1.778s] INFO:colcon.colcon_core.shell:Creating prefix chain script '/home/adam/Desktop/SBSN/ros2_ws/install/setup.ps1'
[1.781s] INFO:colcon.colcon_core.shell:Creating prefix script '/home/adam/Desktop/SBSN/ros2_ws/install/local_setup.sh'
[1.782s] INFO:colcon.colcon_core.shell:Creating prefix util module '/home/adam/Desktop/SBSN/ros2_ws/install/_local_setup_util_sh.py'
[1.783s] INFO:colcon.colcon_core.shell:Creating prefix chain script '/home/adam/Desktop/SBSN/ros2_ws/install/setup.sh'
[1.786s] INFO:colcon.colcon_core.shell:Creating prefix script '/home/adam/Desktop/SBSN/ros2_ws/install/local_setup.bash'
[1.787s] INFO:colcon.colcon_core.shell:Creating prefix chain script '/home/adam/Desktop/SBSN/ros2_ws/install/setup.bash'
[1.789s] INFO:colcon.colcon_core.shell:Creating prefix script '/home/adam/Desktop/SBSN/ros2_ws/install/local_setup.zsh'
[1.790s] INFO:colcon.colcon_core.shell:Creating prefix chain script '/home/adam/Desktop/SBSN/ros2_ws/install/setup.zsh'
