[0.196s] DEBUG:colcon:Command line arguments: ['/home/adam/.local/bin/colcon', 'build']
[0.197s] DEBUG:colcon:Parsed command line arguments: Namespace(log_base=None, log_level=None, verb_name='build', build_base='build', install_base='install', merge_install=False, symlink_install=False, test_result_base=None, continue_on_error=False, executor='parallel', parallel_workers=16, event_handlers=None, ignore_user_meta=False, metas=['./colcon.meta'], base_paths=['.'], packages_ignore=None, packages_ignore_regex=None, paths=None, packages_up_to=None, packages_up_to_regex=None, packages_above=None, packages_above_and_dependencies=None, packages_above_depth=None, packages_select_by_dep=None, packages_skip_by_dep=None, packages_skip_up_to=None, packages_select_build_failed=False, packages_skip_build_finished=False, packages_select_test_failures=False, packages_skip_test_passed=False, packages_select=None, packages_skip=None, packages_select_regex=None, packages_skip_regex=None, packages_start=None, packages_end=None, allow_overriding=[], cmake_args=None, cmake_target=None, cmake_target_skip_unavailable=False, cmake_clean_cache=False, cmake_clean_first=False, cmake_force_configure=False, ament_cmake_args=None, catkin_cmake_args=None, catkin_skip_building_tests=False, verb_parser=<colcon_defaults.argument_parser.defaults.DefaultArgumentsDecorator object at 0x70f7979bb310>, verb_extension=<colcon_core.verb.build.BuildVerb object at 0x70f797cdfe20>, main=<bound method BuildVerb.main of <colcon_core.verb.build.BuildVerb object at 0x70f797cdfe20>>)
[0.359s] Level 1:colcon.colcon_core.package_discovery:discover_packages(colcon_meta) check parameters
[0.359s] Level 1:colcon.colcon_core.package_discovery:discover_packages(recursive) check parameters
[0.359s] Level 1:colcon.colcon_core.package_discovery:discover_packages(ignore) check parameters
[0.359s] Level 1:colcon.colcon_core.package_discovery:discover_packages(path) check parameters
[0.359s] Level 1:colcon.colcon_core.package_discovery:discover_packages(colcon_meta) discover
[0.359s] Level 1:colcon.colcon_core.package_discovery:discover_packages(recursive) discover
[0.359s] INFO:colcon.colcon_core.package_discovery:Crawling recursively for packages in '/home/adam/Desktop/SBSN/ros2_ws'
[0.359s] Level 1:colcon.colcon_core.package_identification:_identify(.) by extensions ['ignore', 'ignore_ament_install']
[0.359s] Level 1:colcon.colcon_core.package_identification:_identify(.) by extension 'ignore'
[0.359s] Level 1:colcon.colcon_core.package_identification:_identify(.) by extension 'ignore_ament_install'
[0.359s] Level 1:colcon.colcon_core.package_identification:_identify(.) by extensions ['colcon_pkg']
[0.359s] Level 1:colcon.colcon_core.package_identification:_identify(.) by extension 'colcon_pkg'
[0.359s] Level 1:colcon.colcon_core.package_identification:_identify(.) by extensions ['colcon_meta']
[0.359s] Level 1:colcon.colcon_core.package_identification:_identify(.) by extension 'colcon_meta'
[0.359s] Level 1:colcon.colcon_core.package_identification:_identify(.) by extensions ['ros']
[0.359s] Level 1:colcon.colcon_core.package_identification:_identify(.) by extension 'ros'
[0.368s] Level 1:colcon.colcon_core.package_identification:_identify(.) by extensions ['cmake', 'python']
[0.368s] Level 1:colcon.colcon_core.package_identification:_identify(.) by extension 'cmake'
[0.368s] Level 1:colcon.colcon_core.package_identification:_identify(.) by extension 'python'
[0.368s] Level 1:colcon.colcon_core.package_identification:_identify(.) by extensions ['python_setup_py']
[0.368s] Level 1:colcon.colcon_core.package_identification:_identify(.) by extension 'python_setup_py'
[0.368s] Level 1:colcon.colcon_core.package_identification:_identify(build) by extensions ['ignore', 'ignore_ament_install']
[0.368s] Level 1:colcon.colcon_core.package_identification:_identify(build) by extension 'ignore'
[0.368s] Level 1:colcon.colcon_core.package_identification:_identify(build) ignored
[0.368s] Level 1:colcon.colcon_core.package_identification:_identify(install) by extensions ['ignore', 'ignore_ament_install']
[0.368s] Level 1:colcon.colcon_core.package_identification:_identify(install) by extension 'ignore'
[0.368s] Level 1:colcon.colcon_core.package_identification:_identify(install) ignored
[0.368s] Level 1:colcon.colcon_core.package_identification:_identify(log) by extensions ['ignore', 'ignore_ament_install']
[0.368s] Level 1:colcon.colcon_core.package_identification:_identify(log) by extension 'ignore'
[0.368s] Level 1:colcon.colcon_core.package_identification:_identify(log) ignored
[0.368s] Level 1:colcon.colcon_core.package_identification:_identify(src) by extensions ['ignore', 'ignore_ament_install']
[0.368s] Level 1:colcon.colcon_core.package_identification:_identify(src) by extension 'ignore'
[0.368s] Level 1:colcon.colcon_core.package_identification:_identify(src) by extension 'ignore_ament_install'
[0.368s] Level 1:colcon.colcon_core.package_identification:_identify(src) by extensions ['colcon_pkg']
[0.369s] Level 1:colcon.colcon_core.package_identification:_identify(src) by extension 'colcon_pkg'
[0.369s] Level 1:colcon.colcon_core.package_identification:_identify(src) by extensions ['colcon_meta']
[0.369s] Level 1:colcon.colcon_core.package_identification:_identify(src) by extension 'colcon_meta'
[0.369s] Level 1:colcon.colcon_core.package_identification:_identify(src) by extensions ['ros']
[0.369s] Level 1:colcon.colcon_core.package_identification:_identify(src) by extension 'ros'
[0.369s] Level 1:colcon.colcon_core.package_identification:_identify(src) by extensions ['cmake', 'python']
[0.369s] Level 1:colcon.colcon_core.package_identification:_identify(src) by extension 'cmake'
[0.369s] Level 1:colcon.colcon_core.package_identification:_identify(src) by extension 'python'
[0.369s] Level 1:colcon.colcon_core.package_identification:_identify(src) by extensions ['python_setup_py']
[0.369s] Level 1:colcon.colcon_core.package_identification:_identify(src) by extension 'python_setup_py'
[0.369s] Level 1:colcon.colcon_core.package_identification:_identify(src/MBSN) by extensions ['ignore', 'ignore_ament_install']
[0.369s] Level 1:colcon.colcon_core.package_identification:_identify(src/MBSN) by extension 'ignore'
[0.369s] Level 1:colcon.colcon_core.package_identification:_identify(src/MBSN) by extension 'ignore_ament_install'
[0.369s] Level 1:colcon.colcon_core.package_identification:_identify(src/MBSN) by extensions ['colcon_pkg']
[0.369s] Level 1:colcon.colcon_core.package_identification:_identify(src/MBSN) by extension 'colcon_pkg'
[0.369s] Level 1:colcon.colcon_core.package_identification:_identify(src/MBSN) by extensions ['colcon_meta']
[0.369s] Level 1:colcon.colcon_core.package_identification:_identify(src/MBSN) by extension 'colcon_meta'
[0.369s] Level 1:colcon.colcon_core.package_identification:_identify(src/MBSN) by extensions ['ros']
[0.369s] Level 1:colcon.colcon_core.package_identification:_identify(src/MBSN) by extension 'ros'
[0.371s] DEBUG:colcon.colcon_core.package_identification:Package 'src/MBSN' with type 'ros.ament_cmake' and name 'mbsn'
[0.371s] Level 1:colcon.colcon_core.package_identification:_identify(src/ROS-TCP-Endpoint) by extensions ['ignore', 'ignore_ament_install']
[0.371s] Level 1:colcon.colcon_core.package_identification:_identify(src/ROS-TCP-Endpoint) by extension 'ignore'
[0.371s] Level 1:colcon.colcon_core.package_identification:_identify(src/ROS-TCP-Endpoint) by extension 'ignore_ament_install'
[0.371s] Level 1:colcon.colcon_core.package_identification:_identify(src/ROS-TCP-Endpoint) by extensions ['colcon_pkg']
[0.371s] Level 1:colcon.colcon_core.package_identification:_identify(src/ROS-TCP-Endpoint) by extension 'colcon_pkg'
[0.371s] Level 1:colcon.colcon_core.package_identification:_identify(src/ROS-TCP-Endpoint) by extensions ['colcon_meta']
[0.371s] Level 1:colcon.colcon_core.package_identification:_identify(src/ROS-TCP-Endpoint) by extension 'colcon_meta'
[0.371s] Level 1:colcon.colcon_core.package_identification:_identify(src/ROS-TCP-Endpoint) by extensions ['ros']
[0.371s] Level 1:colcon.colcon_core.package_identification:_identify(src/ROS-TCP-Endpoint) by extension 'ros'
[0.372s] DEBUG:colcon.colcon_core.package_identification:Package 'src/ROS-TCP-Endpoint' with type 'ros.ament_python' and name 'ros_tcp_endpoint'
[0.372s] Level 1:colcon.colcon_core.package_identification:_identify(src/agent_trajectory_prediction) by extensions ['ignore', 'ignore_ament_install']
[0.372s] Level 1:colcon.colcon_core.package_identification:_identify(src/agent_trajectory_prediction) by extension 'ignore'
[0.372s] Level 1:colcon.colcon_core.package_identification:_identify(src/agent_trajectory_prediction) by extension 'ignore_ament_install'
[0.372s] Level 1:colcon.colcon_core.package_identification:_identify(src/agent_trajectory_prediction) by extensions ['colcon_pkg']
[0.372s] Level 1:colcon.colcon_core.package_identification:_identify(src/agent_trajectory_prediction) by extension 'colcon_pkg'
[0.372s] Level 1:colcon.colcon_core.package_identification:_identify(src/agent_trajectory_prediction) by extensions ['colcon_meta']
[0.372s] Level 1:colcon.colcon_core.package_identification:_identify(src/agent_trajectory_prediction) by extension 'colcon_meta'
[0.372s] Level 1:colcon.colcon_core.package_identification:_identify(src/agent_trajectory_prediction) by extensions ['ros']
[0.372s] Level 1:colcon.colcon_core.package_identification:_identify(src/agent_trajectory_prediction) by extension 'ros'
[0.373s] DEBUG:colcon.colcon_core.package_identification:Package 'src/agent_trajectory_prediction' with type 'ros.ament_cmake' and name 'agent_trajectory_prediction'
[0.373s] Level 1:colcon.colcon_core.package_identification:_identify(src/assets) by extensions ['ignore', 'ignore_ament_install']
[0.373s] Level 1:colcon.colcon_core.package_identification:_identify(src/assets) by extension 'ignore'
[0.373s] Level 1:colcon.colcon_core.package_identification:_identify(src/assets) by extension 'ignore_ament_install'
[0.373s] Level 1:colcon.colcon_core.package_identification:_identify(src/assets) by extensions ['colcon_pkg']
[0.373s] Level 1:colcon.colcon_core.package_identification:_identify(src/assets) by extension 'colcon_pkg'
[0.373s] Level 1:colcon.colcon_core.package_identification:_identify(src/assets) by extensions ['colcon_meta']
[0.373s] Level 1:colcon.colcon_core.package_identification:_identify(src/assets) by extension 'colcon_meta'
[0.373s] Level 1:colcon.colcon_core.package_identification:_identify(src/assets) by extensions ['ros']
[0.373s] Level 1:colcon.colcon_core.package_identification:_identify(src/assets) by extension 'ros'
[0.373s] DEBUG:colcon.colcon_core.package_identification:Package 'src/assets' with type 'ros.ament_cmake' and name 'assets'
[0.373s] Level 1:colcon.colcon_core.package_identification:_identify(src/msgs) by extensions ['ignore', 'ignore_ament_install']
[0.374s] Level 1:colcon.colcon_core.package_identification:_identify(src/msgs) by extension 'ignore'
[0.374s] Level 1:colcon.colcon_core.package_identification:_identify(src/msgs) by extension 'ignore_ament_install'
[0.374s] Level 1:colcon.colcon_core.package_identification:_identify(src/msgs) by extensions ['colcon_pkg']
[0.374s] Level 1:colcon.colcon_core.package_identification:_identify(src/msgs) by extension 'colcon_pkg'
[0.374s] Level 1:colcon.colcon_core.package_identification:_identify(src/msgs) by extensions ['colcon_meta']
[0.374s] Level 1:colcon.colcon_core.package_identification:_identify(src/msgs) by extension 'colcon_meta'
[0.374s] Level 1:colcon.colcon_core.package_identification:_identify(src/msgs) by extensions ['ros']
[0.374s] Level 1:colcon.colcon_core.package_identification:_identify(src/msgs) by extension 'ros'
[0.374s] Level 1:colcon.colcon_core.package_identification:_identify(src/msgs) by extensions ['cmake', 'python']
[0.374s] Level 1:colcon.colcon_core.package_identification:_identify(src/msgs) by extension 'cmake'
[0.374s] Level 1:colcon.colcon_core.package_identification:_identify(src/msgs) by extension 'python'
[0.374s] Level 1:colcon.colcon_core.package_identification:_identify(src/msgs) by extensions ['python_setup_py']
[0.374s] Level 1:colcon.colcon_core.package_identification:_identify(src/msgs) by extension 'python_setup_py'
[0.374s] Level 1:colcon.colcon_core.package_identification:_identify(src/msgs/agents_msgs) by extensions ['ignore', 'ignore_ament_install']
[0.374s] Level 1:colcon.colcon_core.package_identification:_identify(src/msgs/agents_msgs) by extension 'ignore'
[0.374s] Level 1:colcon.colcon_core.package_identification:_identify(src/msgs/agents_msgs) by extension 'ignore_ament_install'
[0.374s] Level 1:colcon.colcon_core.package_identification:_identify(src/msgs/agents_msgs) by extensions ['colcon_pkg']
[0.374s] Level 1:colcon.colcon_core.package_identification:_identify(src/msgs/agents_msgs) by extension 'colcon_pkg'
[0.374s] Level 1:colcon.colcon_core.package_identification:_identify(src/msgs/agents_msgs) by extensions ['colcon_meta']
[0.374s] Level 1:colcon.colcon_core.package_identification:_identify(src/msgs/agents_msgs) by extension 'colcon_meta'
[0.374s] Level 1:colcon.colcon_core.package_identification:_identify(src/msgs/agents_msgs) by extensions ['ros']
[0.374s] Level 1:colcon.colcon_core.package_identification:_identify(src/msgs/agents_msgs) by extension 'ros'
[0.375s] DEBUG:colcon.colcon_core.package_identification:Package 'src/msgs/agents_msgs' with type 'ros.ament_cmake' and name 'agents_msgs'
[0.375s] Level 1:colcon.colcon_core.package_identification:_identify(src/msgs/graph_msgs) by extensions ['ignore', 'ignore_ament_install']
[0.375s] Level 1:colcon.colcon_core.package_identification:_identify(src/msgs/graph_msgs) by extension 'ignore'
[0.375s] Level 1:colcon.colcon_core.package_identification:_identify(src/msgs/graph_msgs) by extension 'ignore_ament_install'
[0.375s] Level 1:colcon.colcon_core.package_identification:_identify(src/msgs/graph_msgs) by extensions ['colcon_pkg']
[0.375s] Level 1:colcon.colcon_core.package_identification:_identify(src/msgs/graph_msgs) by extension 'colcon_pkg'
[0.375s] Level 1:colcon.colcon_core.package_identification:_identify(src/msgs/graph_msgs) by extensions ['colcon_meta']
[0.375s] Level 1:colcon.colcon_core.package_identification:_identify(src/msgs/graph_msgs) by extension 'colcon_meta'
[0.375s] Level 1:colcon.colcon_core.package_identification:_identify(src/msgs/graph_msgs) by extensions ['ros']
[0.375s] Level 1:colcon.colcon_core.package_identification:_identify(src/msgs/graph_msgs) by extension 'ros'
[0.375s] DEBUG:colcon.colcon_core.package_identification:Package 'src/msgs/graph_msgs' with type 'ros.ament_cmake' and name 'graph_msgs'
[0.376s] Level 1:colcon.colcon_core.package_identification:_identify(src/msgs/metric_msgs) by extensions ['ignore', 'ignore_ament_install']
[0.376s] Level 1:colcon.colcon_core.package_identification:_identify(src/msgs/metric_msgs) by extension 'ignore'
[0.376s] Level 1:colcon.colcon_core.package_identification:_identify(src/msgs/metric_msgs) by extension 'ignore_ament_install'
[0.376s] Level 1:colcon.colcon_core.package_identification:_identify(src/msgs/metric_msgs) by extensions ['colcon_pkg']
[0.376s] Level 1:colcon.colcon_core.package_identification:_identify(src/msgs/metric_msgs) by extension 'colcon_pkg'
[0.376s] Level 1:colcon.colcon_core.package_identification:_identify(src/msgs/metric_msgs) by extensions ['colcon_meta']
[0.376s] Level 1:colcon.colcon_core.package_identification:_identify(src/msgs/metric_msgs) by extension 'colcon_meta'
[0.376s] Level 1:colcon.colcon_core.package_identification:_identify(src/msgs/metric_msgs) by extensions ['ros']
[0.376s] Level 1:colcon.colcon_core.package_identification:_identify(src/msgs/metric_msgs) by extension 'ros'
[0.376s] DEBUG:colcon.colcon_core.package_identification:Package 'src/msgs/metric_msgs' with type 'ros.ament_cmake' and name 'metric_msgs'
[0.376s] Level 1:colcon.colcon_core.package_identification:_identify(src/msgs/simulation_msgs) by extensions ['ignore', 'ignore_ament_install']
[0.376s] Level 1:colcon.colcon_core.package_identification:_identify(src/msgs/simulation_msgs) by extension 'ignore'
[0.376s] Level 1:colcon.colcon_core.package_identification:_identify(src/msgs/simulation_msgs) by extension 'ignore_ament_install'
[0.376s] Level 1:colcon.colcon_core.package_identification:_identify(src/msgs/simulation_msgs) by extensions ['colcon_pkg']
[0.377s] Level 1:colcon.colcon_core.package_identification:_identify(src/msgs/simulation_msgs) by extension 'colcon_pkg'
[0.377s] Level 1:colcon.colcon_core.package_identification:_identify(src/msgs/simulation_msgs) by extensions ['colcon_meta']
[0.377s] Level 1:colcon.colcon_core.package_identification:_identify(src/msgs/simulation_msgs) by extension 'colcon_meta'
[0.377s] Level 1:colcon.colcon_core.package_identification:_identify(src/msgs/simulation_msgs) by extensions ['ros']
[0.377s] Level 1:colcon.colcon_core.package_identification:_identify(src/msgs/simulation_msgs) by extension 'ros'
[0.377s] DEBUG:colcon.colcon_core.package_identification:Package 'src/msgs/simulation_msgs' with type 'ros.ament_cmake' and name 'simulation_msgs'
[0.377s] Level 1:colcon.colcon_core.package_identification:_identify(src/nav2_my_controller) by extensions ['ignore', 'ignore_ament_install']
[0.377s] Level 1:colcon.colcon_core.package_identification:_identify(src/nav2_my_controller) by extension 'ignore'
[0.377s] Level 1:colcon.colcon_core.package_identification:_identify(src/nav2_my_controller) by extension 'ignore_ament_install'
[0.377s] Level 1:colcon.colcon_core.package_identification:_identify(src/nav2_my_controller) by extensions ['colcon_pkg']
[0.377s] Level 1:colcon.colcon_core.package_identification:_identify(src/nav2_my_controller) by extension 'colcon_pkg'
[0.377s] Level 1:colcon.colcon_core.package_identification:_identify(src/nav2_my_controller) by extensions ['colcon_meta']
[0.377s] Level 1:colcon.colcon_core.package_identification:_identify(src/nav2_my_controller) by extension 'colcon_meta'
[0.377s] Level 1:colcon.colcon_core.package_identification:_identify(src/nav2_my_controller) by extensions ['ros']
[0.377s] Level 1:colcon.colcon_core.package_identification:_identify(src/nav2_my_controller) by extension 'ros'
[0.377s] Level 1:colcon.colcon_core.package_identification:_identify(src/nav2_my_controller) by extensions ['cmake', 'python']
[0.378s] Level 1:colcon.colcon_core.package_identification:_identify(src/nav2_my_controller) by extension 'cmake'
[0.378s] Level 1:colcon.colcon_core.package_identification:_identify(src/nav2_my_controller) by extension 'python'
[0.378s] Level 1:colcon.colcon_core.package_identification:_identify(src/nav2_my_controller) by extensions ['python_setup_py']
[0.378s] Level 1:colcon.colcon_core.package_identification:_identify(src/nav2_my_controller) by extension 'python_setup_py'
[0.378s] Level 1:colcon.colcon_core.package_identification:_identify(src/nav2_my_controller/my_controller) by extensions ['ignore', 'ignore_ament_install']
[0.378s] Level 1:colcon.colcon_core.package_identification:_identify(src/nav2_my_controller/my_controller) by extension 'ignore'
[0.378s] Level 1:colcon.colcon_core.package_identification:_identify(src/nav2_my_controller/my_controller) by extension 'ignore_ament_install'
[0.378s] Level 1:colcon.colcon_core.package_identification:_identify(src/nav2_my_controller/my_controller) by extensions ['colcon_pkg']
[0.378s] Level 1:colcon.colcon_core.package_identification:_identify(src/nav2_my_controller/my_controller) by extension 'colcon_pkg'
[0.378s] Level 1:colcon.colcon_core.package_identification:_identify(src/nav2_my_controller/my_controller) by extensions ['colcon_meta']
[0.378s] Level 1:colcon.colcon_core.package_identification:_identify(src/nav2_my_controller/my_controller) by extension 'colcon_meta'
[0.378s] Level 1:colcon.colcon_core.package_identification:_identify(src/nav2_my_controller/my_controller) by extensions ['ros']
[0.378s] Level 1:colcon.colcon_core.package_identification:_identify(src/nav2_my_controller/my_controller) by extension 'ros'
[0.379s] DEBUG:colcon.colcon_core.package_identification:Package 'src/nav2_my_controller/my_controller' with type 'ros.ament_cmake' and name 'my_controller'
[0.379s] Level 1:colcon.colcon_core.package_identification:_identify(src/social_metrics) by extensions ['ignore', 'ignore_ament_install']
[0.379s] Level 1:colcon.colcon_core.package_identification:_identify(src/social_metrics) by extension 'ignore'
[0.379s] Level 1:colcon.colcon_core.package_identification:_identify(src/social_metrics) by extension 'ignore_ament_install'
[0.379s] Level 1:colcon.colcon_core.package_identification:_identify(src/social_metrics) by extensions ['colcon_pkg']
[0.379s] Level 1:colcon.colcon_core.package_identification:_identify(src/social_metrics) by extension 'colcon_pkg'
[0.379s] Level 1:colcon.colcon_core.package_identification:_identify(src/social_metrics) by extensions ['colcon_meta']
[0.379s] Level 1:colcon.colcon_core.package_identification:_identify(src/social_metrics) by extension 'colcon_meta'
[0.379s] Level 1:colcon.colcon_core.package_identification:_identify(src/social_metrics) by extensions ['ros']
[0.379s] Level 1:colcon.colcon_core.package_identification:_identify(src/social_metrics) by extension 'ros'
[0.379s] DEBUG:colcon.colcon_core.package_identification:Package 'src/social_metrics' with type 'ros.ament_cmake' and name 'social_metrics'
[0.379s] Level 1:colcon.colcon_core.package_identification:_identify(src/unity_sim) by extensions ['ignore', 'ignore_ament_install']
[0.380s] Level 1:colcon.colcon_core.package_identification:_identify(src/unity_sim) by extension 'ignore'
[0.380s] Level 1:colcon.colcon_core.package_identification:_identify(src/unity_sim) by extension 'ignore_ament_install'
[0.380s] Level 1:colcon.colcon_core.package_identification:_identify(src/unity_sim) by extensions ['colcon_pkg']
[0.380s] Level 1:colcon.colcon_core.package_identification:_identify(src/unity_sim) by extension 'colcon_pkg'
[0.380s] Level 1:colcon.colcon_core.package_identification:_identify(src/unity_sim) by extensions ['colcon_meta']
[0.380s] Level 1:colcon.colcon_core.package_identification:_identify(src/unity_sim) by extension 'colcon_meta'
[0.380s] Level 1:colcon.colcon_core.package_identification:_identify(src/unity_sim) by extensions ['ros']
[0.380s] Level 1:colcon.colcon_core.package_identification:_identify(src/unity_sim) by extension 'ros'
[0.380s] DEBUG:colcon.colcon_core.package_identification:Package 'src/unity_sim' with type 'ros.ament_cmake' and name 'unity_sim'
[0.380s] Level 1:colcon.colcon_core.package_discovery:discover_packages(recursive) using defaults
[0.380s] Level 1:colcon.colcon_core.package_discovery:discover_packages(ignore) discover
[0.380s] Level 1:colcon.colcon_core.package_discovery:discover_packages(ignore) using defaults
[0.380s] Level 1:colcon.colcon_core.package_discovery:discover_packages(path) discover
[0.380s] Level 1:colcon.colcon_core.package_discovery:discover_packages(path) using defaults
[0.406s] Level 1:colcon.colcon_core.package_discovery:discover_packages(prefix_path) check parameters
[0.406s] Level 1:colcon.colcon_core.package_discovery:discover_packages(prefix_path) discover
[0.408s] DEBUG:colcon.colcon_installed_package_information.package_discovery:Found 337 installed packages in /opt/ros/humble
[0.409s] Level 1:colcon.colcon_core.package_discovery:discover_packages(prefix_path) using defaults
[0.439s] Level 5:colcon.colcon_core.verb:set package 'agent_trajectory_prediction' build argument 'cmake_args' from command line to 'None'
[0.439s] Level 5:colcon.colcon_core.verb:set package 'agent_trajectory_prediction' build argument 'cmake_target' from command line to 'None'
[0.439s] Level 5:colcon.colcon_core.verb:set package 'agent_trajectory_prediction' build argument 'cmake_target_skip_unavailable' from command line to 'False'
[0.439s] Level 5:colcon.colcon_core.verb:set package 'agent_trajectory_prediction' build argument 'cmake_clean_cache' from command line to 'False'
[0.439s] Level 5:colcon.colcon_core.verb:set package 'agent_trajectory_prediction' build argument 'cmake_clean_first' from command line to 'False'
[0.439s] Level 5:colcon.colcon_core.verb:set package 'agent_trajectory_prediction' build argument 'cmake_force_configure' from command line to 'False'
[0.439s] Level 5:colcon.colcon_core.verb:set package 'agent_trajectory_prediction' build argument 'ament_cmake_args' from command line to 'None'
[0.439s] Level 5:colcon.colcon_core.verb:set package 'agent_trajectory_prediction' build argument 'catkin_cmake_args' from command line to 'None'
[0.440s] Level 5:colcon.colcon_core.verb:set package 'agent_trajectory_prediction' build argument 'catkin_skip_building_tests' from command line to 'False'
[0.440s] DEBUG:colcon.colcon_core.verb:Building package 'agent_trajectory_prediction' with the following arguments: {'ament_cmake_args': None, 'build_base': '/home/adam/Desktop/SBSN/ros2_ws/build/agent_trajectory_prediction', 'catkin_cmake_args': None, 'catkin_skip_building_tests': False, 'cmake_args': None, 'cmake_clean_cache': False, 'cmake_clean_first': False, 'cmake_force_configure': False, 'cmake_target': None, 'cmake_target_skip_unavailable': False, 'install_base': '/home/adam/Desktop/SBSN/ros2_ws/install/agent_trajectory_prediction', 'merge_install': False, 'path': '/home/adam/Desktop/SBSN/ros2_ws/src/agent_trajectory_prediction', 'symlink_install': False, 'test_result_base': None}
[0.440s] Level 5:colcon.colcon_core.verb:set package 'agents_msgs' build argument 'cmake_args' from command line to 'None'
[0.440s] Level 5:colcon.colcon_core.verb:set package 'agents_msgs' build argument 'cmake_target' from command line to 'None'
[0.440s] Level 5:colcon.colcon_core.verb:set package 'agents_msgs' build argument 'cmake_target_skip_unavailable' from command line to 'False'
[0.440s] Level 5:colcon.colcon_core.verb:set package 'agents_msgs' build argument 'cmake_clean_cache' from command line to 'False'
[0.440s] Level 5:colcon.colcon_core.verb:set package 'agents_msgs' build argument 'cmake_clean_first' from command line to 'False'
[0.440s] Level 5:colcon.colcon_core.verb:set package 'agents_msgs' build argument 'cmake_force_configure' from command line to 'False'
[0.440s] Level 5:colcon.colcon_core.verb:set package 'agents_msgs' build argument 'ament_cmake_args' from command line to 'None'
[0.440s] Level 5:colcon.colcon_core.verb:set package 'agents_msgs' build argument 'catkin_cmake_args' from command line to 'None'
[0.440s] Level 5:colcon.colcon_core.verb:set package 'agents_msgs' build argument 'catkin_skip_building_tests' from command line to 'False'
[0.440s] DEBUG:colcon.colcon_core.verb:Building package 'agents_msgs' with the following arguments: {'ament_cmake_args': None, 'build_base': '/home/adam/Desktop/SBSN/ros2_ws/build/agents_msgs', 'catkin_cmake_args': None, 'catkin_skip_building_tests': False, 'cmake_args': None, 'cmake_clean_cache': False, 'cmake_clean_first': False, 'cmake_force_configure': False, 'cmake_target': None, 'cmake_target_skip_unavailable': False, 'install_base': '/home/adam/Desktop/SBSN/ros2_ws/install/agents_msgs', 'merge_install': False, 'path': '/home/adam/Desktop/SBSN/ros2_ws/src/msgs/agents_msgs', 'symlink_install': False, 'test_result_base': None}
[0.440s] Level 5:colcon.colcon_core.verb:set package 'assets' build argument 'cmake_args' from command line to 'None'
[0.440s] Level 5:colcon.colcon_core.verb:set package 'assets' build argument 'cmake_target' from command line to 'None'
[0.440s] Level 5:colcon.colcon_core.verb:set package 'assets' build argument 'cmake_target_skip_unavailable' from command line to 'False'
[0.440s] Level 5:colcon.colcon_core.verb:set package 'assets' build argument 'cmake_clean_cache' from command line to 'False'
[0.440s] Level 5:colcon.colcon_core.verb:set package 'assets' build argument 'cmake_clean_first' from command line to 'False'
[0.440s] Level 5:colcon.colcon_core.verb:set package 'assets' build argument 'cmake_force_configure' from command line to 'False'
[0.440s] Level 5:colcon.colcon_core.verb:set package 'assets' build argument 'ament_cmake_args' from command line to 'None'
[0.440s] Level 5:colcon.colcon_core.verb:set package 'assets' build argument 'catkin_cmake_args' from command line to 'None'
[0.440s] Level 5:colcon.colcon_core.verb:set package 'assets' build argument 'catkin_skip_building_tests' from command line to 'False'
[0.440s] DEBUG:colcon.colcon_core.verb:Building package 'assets' with the following arguments: {'ament_cmake_args': None, 'build_base': '/home/adam/Desktop/SBSN/ros2_ws/build/assets', 'catkin_cmake_args': None, 'catkin_skip_building_tests': False, 'cmake_args': None, 'cmake_clean_cache': False, 'cmake_clean_first': False, 'cmake_force_configure': False, 'cmake_target': None, 'cmake_target_skip_unavailable': False, 'install_base': '/home/adam/Desktop/SBSN/ros2_ws/install/assets', 'merge_install': False, 'path': '/home/adam/Desktop/SBSN/ros2_ws/src/assets', 'symlink_install': False, 'test_result_base': None}
[0.441s] Level 5:colcon.colcon_core.verb:set package 'graph_msgs' build argument 'cmake_args' from command line to 'None'
[0.441s] Level 5:colcon.colcon_core.verb:set package 'graph_msgs' build argument 'cmake_target' from command line to 'None'
[0.441s] Level 5:colcon.colcon_core.verb:set package 'graph_msgs' build argument 'cmake_target_skip_unavailable' from command line to 'False'
[0.441s] Level 5:colcon.colcon_core.verb:set package 'graph_msgs' build argument 'cmake_clean_cache' from command line to 'False'
[0.441s] Level 5:colcon.colcon_core.verb:set package 'graph_msgs' build argument 'cmake_clean_first' from command line to 'False'
[0.441s] Level 5:colcon.colcon_core.verb:set package 'graph_msgs' build argument 'cmake_force_configure' from command line to 'False'
[0.441s] Level 5:colcon.colcon_core.verb:set package 'graph_msgs' build argument 'ament_cmake_args' from command line to 'None'
[0.441s] Level 5:colcon.colcon_core.verb:set package 'graph_msgs' build argument 'catkin_cmake_args' from command line to 'None'
[0.441s] Level 5:colcon.colcon_core.verb:set package 'graph_msgs' build argument 'catkin_skip_building_tests' from command line to 'False'
[0.441s] DEBUG:colcon.colcon_core.verb:Building package 'graph_msgs' with the following arguments: {'ament_cmake_args': None, 'build_base': '/home/adam/Desktop/SBSN/ros2_ws/build/graph_msgs', 'catkin_cmake_args': None, 'catkin_skip_building_tests': False, 'cmake_args': None, 'cmake_clean_cache': False, 'cmake_clean_first': False, 'cmake_force_configure': False, 'cmake_target': None, 'cmake_target_skip_unavailable': False, 'install_base': '/home/adam/Desktop/SBSN/ros2_ws/install/graph_msgs', 'merge_install': False, 'path': '/home/adam/Desktop/SBSN/ros2_ws/src/msgs/graph_msgs', 'symlink_install': False, 'test_result_base': None}
[0.441s] Level 5:colcon.colcon_core.verb:set package 'mbsn' build argument 'cmake_args' from command line to 'None'
[0.441s] Level 5:colcon.colcon_core.verb:set package 'mbsn' build argument 'cmake_target' from command line to 'None'
[0.441s] Level 5:colcon.colcon_core.verb:set package 'mbsn' build argument 'cmake_target_skip_unavailable' from command line to 'False'
[0.441s] Level 5:colcon.colcon_core.verb:set package 'mbsn' build argument 'cmake_clean_cache' from command line to 'False'
[0.441s] Level 5:colcon.colcon_core.verb:set package 'mbsn' build argument 'cmake_clean_first' from command line to 'False'
[0.441s] Level 5:colcon.colcon_core.verb:set package 'mbsn' build argument 'cmake_force_configure' from command line to 'False'
[0.441s] Level 5:colcon.colcon_core.verb:set package 'mbsn' build argument 'ament_cmake_args' from command line to 'None'
[0.441s] Level 5:colcon.colcon_core.verb:set package 'mbsn' build argument 'catkin_cmake_args' from command line to 'None'
[0.441s] Level 5:colcon.colcon_core.verb:set package 'mbsn' build argument 'catkin_skip_building_tests' from command line to 'False'
[0.441s] DEBUG:colcon.colcon_core.verb:Building package 'mbsn' with the following arguments: {'ament_cmake_args': None, 'build_base': '/home/adam/Desktop/SBSN/ros2_ws/build/mbsn', 'catkin_cmake_args': None, 'catkin_skip_building_tests': False, 'cmake_args': None, 'cmake_clean_cache': False, 'cmake_clean_first': False, 'cmake_force_configure': False, 'cmake_target': None, 'cmake_target_skip_unavailable': False, 'install_base': '/home/adam/Desktop/SBSN/ros2_ws/install/mbsn', 'merge_install': False, 'path': '/home/adam/Desktop/SBSN/ros2_ws/src/MBSN', 'symlink_install': False, 'test_result_base': None}
[0.441s] Level 5:colcon.colcon_core.verb:set package 'metric_msgs' build argument 'cmake_args' from command line to 'None'
[0.441s] Level 5:colcon.colcon_core.verb:set package 'metric_msgs' build argument 'cmake_target' from command line to 'None'
[0.442s] Level 5:colcon.colcon_core.verb:set package 'metric_msgs' build argument 'cmake_target_skip_unavailable' from command line to 'False'
[0.442s] Level 5:colcon.colcon_core.verb:set package 'metric_msgs' build argument 'cmake_clean_cache' from command line to 'False'
[0.442s] Level 5:colcon.colcon_core.verb:set package 'metric_msgs' build argument 'cmake_clean_first' from command line to 'False'
[0.442s] Level 5:colcon.colcon_core.verb:set package 'metric_msgs' build argument 'cmake_force_configure' from command line to 'False'
[0.442s] Level 5:colcon.colcon_core.verb:set package 'metric_msgs' build argument 'ament_cmake_args' from command line to 'None'
[0.442s] Level 5:colcon.colcon_core.verb:set package 'metric_msgs' build argument 'catkin_cmake_args' from command line to 'None'
[0.442s] Level 5:colcon.colcon_core.verb:set package 'metric_msgs' build argument 'catkin_skip_building_tests' from command line to 'False'
[0.442s] DEBUG:colcon.colcon_core.verb:Building package 'metric_msgs' with the following arguments: {'ament_cmake_args': None, 'build_base': '/home/adam/Desktop/SBSN/ros2_ws/build/metric_msgs', 'catkin_cmake_args': None, 'catkin_skip_building_tests': False, 'cmake_args': None, 'cmake_clean_cache': False, 'cmake_clean_first': False, 'cmake_force_configure': False, 'cmake_target': None, 'cmake_target_skip_unavailable': False, 'install_base': '/home/adam/Desktop/SBSN/ros2_ws/install/metric_msgs', 'merge_install': False, 'path': '/home/adam/Desktop/SBSN/ros2_ws/src/msgs/metric_msgs', 'symlink_install': False, 'test_result_base': None}
[0.442s] Level 5:colcon.colcon_core.verb:set package 'my_controller' build argument 'cmake_args' from command line to 'None'
[0.442s] Level 5:colcon.colcon_core.verb:set package 'my_controller' build argument 'cmake_target' from command line to 'None'
[0.442s] Level 5:colcon.colcon_core.verb:set package 'my_controller' build argument 'cmake_target_skip_unavailable' from command line to 'False'
[0.442s] Level 5:colcon.colcon_core.verb:set package 'my_controller' build argument 'cmake_clean_cache' from command line to 'False'
[0.442s] Level 5:colcon.colcon_core.verb:set package 'my_controller' build argument 'cmake_clean_first' from command line to 'False'
[0.442s] Level 5:colcon.colcon_core.verb:set package 'my_controller' build argument 'cmake_force_configure' from command line to 'False'
[0.442s] Level 5:colcon.colcon_core.verb:set package 'my_controller' build argument 'ament_cmake_args' from command line to 'None'
[0.442s] Level 5:colcon.colcon_core.verb:set package 'my_controller' build argument 'catkin_cmake_args' from command line to 'None'
[0.442s] Level 5:colcon.colcon_core.verb:set package 'my_controller' build argument 'catkin_skip_building_tests' from command line to 'False'
[0.442s] DEBUG:colcon.colcon_core.verb:Building package 'my_controller' with the following arguments: {'ament_cmake_args': None, 'build_base': '/home/adam/Desktop/SBSN/ros2_ws/build/my_controller', 'catkin_cmake_args': None, 'catkin_skip_building_tests': False, 'cmake_args': None, 'cmake_clean_cache': False, 'cmake_clean_first': False, 'cmake_force_configure': False, 'cmake_target': None, 'cmake_target_skip_unavailable': False, 'install_base': '/home/adam/Desktop/SBSN/ros2_ws/install/my_controller', 'merge_install': False, 'path': '/home/adam/Desktop/SBSN/ros2_ws/src/nav2_my_controller/my_controller', 'symlink_install': False, 'test_result_base': None}
[0.442s] Level 5:colcon.colcon_core.verb:set package 'ros_tcp_endpoint' build argument 'cmake_args' from command line to 'None'
[0.442s] Level 5:colcon.colcon_core.verb:set package 'ros_tcp_endpoint' build argument 'cmake_target' from command line to 'None'
[0.442s] Level 5:colcon.colcon_core.verb:set package 'ros_tcp_endpoint' build argument 'cmake_target_skip_unavailable' from command line to 'False'
[0.442s] Level 5:colcon.colcon_core.verb:set package 'ros_tcp_endpoint' build argument 'cmake_clean_cache' from command line to 'False'
[0.442s] Level 5:colcon.colcon_core.verb:set package 'ros_tcp_endpoint' build argument 'cmake_clean_first' from command line to 'False'
[0.442s] Level 5:colcon.colcon_core.verb:set package 'ros_tcp_endpoint' build argument 'cmake_force_configure' from command line to 'False'
[0.442s] Level 5:colcon.colcon_core.verb:set package 'ros_tcp_endpoint' build argument 'ament_cmake_args' from command line to 'None'
[0.442s] Level 5:colcon.colcon_core.verb:set package 'ros_tcp_endpoint' build argument 'catkin_cmake_args' from command line to 'None'
[0.442s] Level 5:colcon.colcon_core.verb:set package 'ros_tcp_endpoint' build argument 'catkin_skip_building_tests' from command line to 'False'
[0.442s] DEBUG:colcon.colcon_core.verb:Building package 'ros_tcp_endpoint' with the following arguments: {'ament_cmake_args': None, 'build_base': '/home/adam/Desktop/SBSN/ros2_ws/build/ros_tcp_endpoint', 'catkin_cmake_args': None, 'catkin_skip_building_tests': False, 'cmake_args': None, 'cmake_clean_cache': False, 'cmake_clean_first': False, 'cmake_force_configure': False, 'cmake_target': None, 'cmake_target_skip_unavailable': False, 'install_base': '/home/adam/Desktop/SBSN/ros2_ws/install/ros_tcp_endpoint', 'merge_install': False, 'path': '/home/adam/Desktop/SBSN/ros2_ws/src/ROS-TCP-Endpoint', 'symlink_install': False, 'test_result_base': None}
[0.443s] Level 5:colcon.colcon_core.verb:set package 'simulation_msgs' build argument 'cmake_args' from command line to 'None'
[0.443s] Level 5:colcon.colcon_core.verb:set package 'simulation_msgs' build argument 'cmake_target' from command line to 'None'
[0.443s] Level 5:colcon.colcon_core.verb:set package 'simulation_msgs' build argument 'cmake_target_skip_unavailable' from command line to 'False'
[0.443s] Level 5:colcon.colcon_core.verb:set package 'simulation_msgs' build argument 'cmake_clean_cache' from command line to 'False'
[0.443s] Level 5:colcon.colcon_core.verb:set package 'simulation_msgs' build argument 'cmake_clean_first' from command line to 'False'
[0.443s] Level 5:colcon.colcon_core.verb:set package 'simulation_msgs' build argument 'cmake_force_configure' from command line to 'False'
[0.443s] Level 5:colcon.colcon_core.verb:set package 'simulation_msgs' build argument 'ament_cmake_args' from command line to 'None'
[0.443s] Level 5:colcon.colcon_core.verb:set package 'simulation_msgs' build argument 'catkin_cmake_args' from command line to 'None'
[0.443s] Level 5:colcon.colcon_core.verb:set package 'simulation_msgs' build argument 'catkin_skip_building_tests' from command line to 'False'
[0.443s] DEBUG:colcon.colcon_core.verb:Building package 'simulation_msgs' with the following arguments: {'ament_cmake_args': None, 'build_base': '/home/adam/Desktop/SBSN/ros2_ws/build/simulation_msgs', 'catkin_cmake_args': None, 'catkin_skip_building_tests': False, 'cmake_args': None, 'cmake_clean_cache': False, 'cmake_clean_first': False, 'cmake_force_configure': False, 'cmake_target': None, 'cmake_target_skip_unavailable': False, 'install_base': '/home/adam/Desktop/SBSN/ros2_ws/install/simulation_msgs', 'merge_install': False, 'path': '/home/adam/Desktop/SBSN/ros2_ws/src/msgs/simulation_msgs', 'symlink_install': False, 'test_result_base': None}
[0.443s] Level 5:colcon.colcon_core.verb:set package 'social_metrics' build argument 'cmake_args' from command line to 'None'
[0.443s] Level 5:colcon.colcon_core.verb:set package 'social_metrics' build argument 'cmake_target' from command line to 'None'
[0.443s] Level 5:colcon.colcon_core.verb:set package 'social_metrics' build argument 'cmake_target_skip_unavailable' from command line to 'False'
[0.443s] Level 5:colcon.colcon_core.verb:set package 'social_metrics' build argument 'cmake_clean_cache' from command line to 'False'
[0.443s] Level 5:colcon.colcon_core.verb:set package 'social_metrics' build argument 'cmake_clean_first' from command line to 'False'
[0.443s] Level 5:colcon.colcon_core.verb:set package 'social_metrics' build argument 'cmake_force_configure' from command line to 'False'
[0.443s] Level 5:colcon.colcon_core.verb:set package 'social_metrics' build argument 'ament_cmake_args' from command line to 'None'
[0.443s] Level 5:colcon.colcon_core.verb:set package 'social_metrics' build argument 'catkin_cmake_args' from command line to 'None'
[0.443s] Level 5:colcon.colcon_core.verb:set package 'social_metrics' build argument 'catkin_skip_building_tests' from command line to 'False'
[0.443s] DEBUG:colcon.colcon_core.verb:Building package 'social_metrics' with the following arguments: {'ament_cmake_args': None, 'build_base': '/home/adam/Desktop/SBSN/ros2_ws/build/social_metrics', 'catkin_cmake_args': None, 'catkin_skip_building_tests': False, 'cmake_args': None, 'cmake_clean_cache': False, 'cmake_clean_first': False, 'cmake_force_configure': False, 'cmake_target': None, 'cmake_target_skip_unavailable': False, 'install_base': '/home/adam/Desktop/SBSN/ros2_ws/install/social_metrics', 'merge_install': False, 'path': '/home/adam/Desktop/SBSN/ros2_ws/src/social_metrics', 'symlink_install': False, 'test_result_base': None}
[0.443s] Level 5:colcon.colcon_core.verb:set package 'unity_sim' build argument 'cmake_args' from command line to 'None'
[0.443s] Level 5:colcon.colcon_core.verb:set package 'unity_sim' build argument 'cmake_target' from command line to 'None'
[0.444s] Level 5:colcon.colcon_core.verb:set package 'unity_sim' build argument 'cmake_target_skip_unavailable' from command line to 'False'
[0.444s] Level 5:colcon.colcon_core.verb:set package 'unity_sim' build argument 'cmake_clean_cache' from command line to 'False'
[0.444s] Level 5:colcon.colcon_core.verb:set package 'unity_sim' build argument 'cmake_clean_first' from command line to 'False'
[0.444s] Level 5:colcon.colcon_core.verb:set package 'unity_sim' build argument 'cmake_force_configure' from command line to 'False'
[0.444s] Level 5:colcon.colcon_core.verb:set package 'unity_sim' build argument 'ament_cmake_args' from command line to 'None'
[0.444s] Level 5:colcon.colcon_core.verb:set package 'unity_sim' build argument 'catkin_cmake_args' from command line to 'None'
[0.444s] Level 5:colcon.colcon_core.verb:set package 'unity_sim' build argument 'catkin_skip_building_tests' from command line to 'False'
[0.444s] DEBUG:colcon.colcon_core.verb:Building package 'unity_sim' with the following arguments: {'ament_cmake_args': None, 'build_base': '/home/adam/Desktop/SBSN/ros2_ws/build/unity_sim', 'catkin_cmake_args': None, 'catkin_skip_building_tests': False, 'cmake_args': None, 'cmake_clean_cache': False, 'cmake_clean_first': False, 'cmake_force_configure': False, 'cmake_target': None, 'cmake_target_skip_unavailable': False, 'install_base': '/home/adam/Desktop/SBSN/ros2_ws/install/unity_sim', 'merge_install': False, 'path': '/home/adam/Desktop/SBSN/ros2_ws/src/unity_sim', 'symlink_install': False, 'test_result_base': None}
[0.444s] INFO:colcon.colcon_core.executor:Executing jobs using 'parallel' executor
[0.445s] DEBUG:colcon.colcon_parallel_executor.executor.parallel:run_until_complete
[0.446s] INFO:colcon.colcon_ros.task.ament_cmake.build:Building ROS package in '/home/adam/Desktop/SBSN/ros2_ws/src/agent_trajectory_prediction' with build type 'ament_cmake'
[0.446s] INFO:colcon.colcon_cmake.task.cmake.build:Building CMake package in '/home/adam/Desktop/SBSN/ros2_ws/src/agent_trajectory_prediction'
[0.450s] INFO:colcon.colcon_core.plugin_system:Skipping extension 'colcon_core.shell.bat': Not used on non-Windows systems
[0.451s] INFO:colcon.colcon_core.shell:Skip shell extension 'powershell' for command environment: Not usable outside of PowerShell
[0.451s] DEBUG:colcon.colcon_core.shell:Skip shell extension 'dsv' for command environment
[0.458s] INFO:colcon.colcon_ros.task.ament_cmake.build:Building ROS package in '/home/adam/Desktop/SBSN/ros2_ws/src/msgs/agents_msgs' with build type 'ament_cmake'
[0.458s] INFO:colcon.colcon_cmake.task.cmake.build:Building CMake package in '/home/adam/Desktop/SBSN/ros2_ws/src/msgs/agents_msgs'
[0.459s] INFO:colcon.colcon_core.shell:Skip shell extension 'powershell' for command environment: Not usable outside of PowerShell
[0.459s] DEBUG:colcon.colcon_core.shell:Skip shell extension 'dsv' for command environment
[0.463s] INFO:colcon.colcon_ros.task.ament_cmake.build:Building ROS package in '/home/adam/Desktop/SBSN/ros2_ws/src/assets' with build type 'ament_cmake'
[0.463s] INFO:colcon.colcon_cmake.task.cmake.build:Building CMake package in '/home/adam/Desktop/SBSN/ros2_ws/src/assets'
[0.463s] INFO:colcon.colcon_core.shell:Skip shell extension 'powershell' for command environment: Not usable outside of PowerShell
[0.463s] DEBUG:colcon.colcon_core.shell:Skip shell extension 'dsv' for command environment
[0.467s] INFO:colcon.colcon_ros.task.ament_cmake.build:Building ROS package in '/home/adam/Desktop/SBSN/ros2_ws/src/msgs/graph_msgs' with build type 'ament_cmake'
[0.467s] INFO:colcon.colcon_cmake.task.cmake.build:Building CMake package in '/home/adam/Desktop/SBSN/ros2_ws/src/msgs/graph_msgs'
[0.468s] INFO:colcon.colcon_core.shell:Skip shell extension 'powershell' for command environment: Not usable outside of PowerShell
[0.468s] DEBUG:colcon.colcon_core.shell:Skip shell extension 'dsv' for command environment
[0.471s] INFO:colcon.colcon_ros.task.ament_cmake.build:Building ROS package in '/home/adam/Desktop/SBSN/ros2_ws/src/MBSN' with build type 'ament_cmake'
[0.471s] INFO:colcon.colcon_cmake.task.cmake.build:Building CMake package in '/home/adam/Desktop/SBSN/ros2_ws/src/MBSN'
[0.471s] INFO:colcon.colcon_core.shell:Skip shell extension 'powershell' for command environment: Not usable outside of PowerShell
[0.471s] DEBUG:colcon.colcon_core.shell:Skip shell extension 'dsv' for command environment
[0.475s] INFO:colcon.colcon_ros.task.ament_cmake.build:Building ROS package in '/home/adam/Desktop/SBSN/ros2_ws/src/msgs/metric_msgs' with build type 'ament_cmake'
[0.475s] INFO:colcon.colcon_cmake.task.cmake.build:Building CMake package in '/home/adam/Desktop/SBSN/ros2_ws/src/msgs/metric_msgs'
[0.475s] INFO:colcon.colcon_core.shell:Skip shell extension 'powershell' for command environment: Not usable outside of PowerShell
[0.475s] DEBUG:colcon.colcon_core.shell:Skip shell extension 'dsv' for command environment
[0.478s] INFO:colcon.colcon_ros.task.ament_cmake.build:Building ROS package in '/home/adam/Desktop/SBSN/ros2_ws/src/nav2_my_controller/my_controller' with build type 'ament_cmake'
[0.479s] INFO:colcon.colcon_cmake.task.cmake.build:Building CMake package in '/home/adam/Desktop/SBSN/ros2_ws/src/nav2_my_controller/my_controller'
[0.479s] INFO:colcon.colcon_core.shell:Skip shell extension 'powershell' for command environment: Not usable outside of PowerShell
[0.479s] DEBUG:colcon.colcon_core.shell:Skip shell extension 'dsv' for command environment
[0.485s] INFO:colcon.colcon_ros.task.ament_python.build:Building ROS package in '/home/adam/Desktop/SBSN/ros2_ws/src/ROS-TCP-Endpoint' with build type 'ament_python'
[0.485s] Level 1:colcon.colcon_core.shell:create_environment_hook('ros_tcp_endpoint', 'ament_prefix_path')
[0.485s] INFO:colcon.colcon_core.shell:Creating environment hook '/home/adam/Desktop/SBSN/ros2_ws/install/ros_tcp_endpoint/share/ros_tcp_endpoint/hook/ament_prefix_path.ps1'
[0.486s] INFO:colcon.colcon_core.shell:Creating environment descriptor '/home/adam/Desktop/SBSN/ros2_ws/install/ros_tcp_endpoint/share/ros_tcp_endpoint/hook/ament_prefix_path.dsv'
[0.487s] INFO:colcon.colcon_core.shell:Creating environment hook '/home/adam/Desktop/SBSN/ros2_ws/install/ros_tcp_endpoint/share/ros_tcp_endpoint/hook/ament_prefix_path.sh'
[0.488s] INFO:colcon.colcon_core.shell:Skip shell extension 'powershell' for command environment: Not usable outside of PowerShell
[0.488s] DEBUG:colcon.colcon_core.shell:Skip shell extension 'dsv' for command environment
[0.493s] INFO:colcon.colcon_ros.task.ament_cmake.build:Building ROS package in '/home/adam/Desktop/SBSN/ros2_ws/src/msgs/simulation_msgs' with build type 'ament_cmake'
[0.493s] INFO:colcon.colcon_cmake.task.cmake.build:Building CMake package in '/home/adam/Desktop/SBSN/ros2_ws/src/msgs/simulation_msgs'
[0.494s] INFO:colcon.colcon_core.shell:Skip shell extension 'powershell' for command environment: Not usable outside of PowerShell
[0.494s] DEBUG:colcon.colcon_core.shell:Skip shell extension 'dsv' for command environment
[0.499s] INFO:colcon.colcon_ros.task.ament_cmake.build:Building ROS package in '/home/adam/Desktop/SBSN/ros2_ws/src/social_metrics' with build type 'ament_cmake'
[0.499s] INFO:colcon.colcon_cmake.task.cmake.build:Building CMake package in '/home/adam/Desktop/SBSN/ros2_ws/src/social_metrics'
[0.499s] INFO:colcon.colcon_core.shell:Skip shell extension 'powershell' for command environment: Not usable outside of PowerShell
[0.499s] DEBUG:colcon.colcon_core.shell:Skip shell extension 'dsv' for command environment
[0.503s] INFO:colcon.colcon_ros.task.ament_cmake.build:Building ROS package in '/home/adam/Desktop/SBSN/ros2_ws/src/unity_sim' with build type 'ament_cmake'
[0.503s] INFO:colcon.colcon_cmake.task.cmake.build:Building CMake package in '/home/adam/Desktop/SBSN/ros2_ws/src/unity_sim'
[0.503s] INFO:colcon.colcon_core.shell:Skip shell extension 'powershell' for command environment: Not usable outside of PowerShell
[0.503s] DEBUG:colcon.colcon_core.shell:Skip shell extension 'dsv' for command environment
[0.524s] DEBUG:colcon.colcon_core.event_handler.log_command:Invoking command in '/home/adam/Desktop/SBSN/ros2_ws/build/agent_trajectory_prediction': CMAKE_PREFIX_PATH=/opt/ros/humble /home/adam/.local/bin/cmake --build /home/adam/Desktop/SBSN/ros2_ws/build/agent_trajectory_prediction -- -j16 -l16
[0.529s] DEBUG:colcon.colcon_core.event_handler.log_command:Invoking command in '/home/adam/Desktop/SBSN/ros2_ws/build/agents_msgs': CMAKE_PREFIX_PATH=/opt/ros/humble /home/adam/.local/bin/cmake --build /home/adam/Desktop/SBSN/ros2_ws/build/agents_msgs -- -j16 -l16
[0.535s] DEBUG:colcon.colcon_core.event_handler.log_command:Invoking command in '/home/adam/Desktop/SBSN/ros2_ws/build/assets': CMAKE_PREFIX_PATH=/opt/ros/humble /home/adam/.local/bin/cmake --build /home/adam/Desktop/SBSN/ros2_ws/build/assets -- -j16 -l16
[0.542s] DEBUG:colcon.colcon_core.event_handler.log_command:Invoking command in '/home/adam/Desktop/SBSN/ros2_ws/build/graph_msgs': CMAKE_PREFIX_PATH=/opt/ros/humble /home/adam/.local/bin/cmake --build /home/adam/Desktop/SBSN/ros2_ws/build/graph_msgs -- -j16 -l16
[0.548s] DEBUG:colcon.colcon_core.event_handler.log_command:Invoking command in '/home/adam/Desktop/SBSN/ros2_ws/build/mbsn': CMAKE_PREFIX_PATH=/opt/ros/humble /home/adam/.local/bin/cmake --build /home/adam/Desktop/SBSN/ros2_ws/build/mbsn -- -j16 -l16
[0.555s] DEBUG:colcon.colcon_core.event_handler.log_command:Invoking command in '/home/adam/Desktop/SBSN/ros2_ws/build/metric_msgs': CMAKE_PREFIX_PATH=/opt/ros/humble /home/adam/.local/bin/cmake --build /home/adam/Desktop/SBSN/ros2_ws/build/metric_msgs -- -j16 -l16
[0.562s] DEBUG:colcon.colcon_core.event_handler.log_command:Invoking command in '/home/adam/Desktop/SBSN/ros2_ws/build/my_controller': CMAKE_PREFIX_PATH=/opt/ros/humble /home/adam/.local/bin/cmake --build /home/adam/Desktop/SBSN/ros2_ws/build/my_controller -- -j16 -l16
[0.806s] INFO:colcon.colcon_core.task.python.build:Building Python package in '/home/adam/Desktop/SBSN/ros2_ws/src/ROS-TCP-Endpoint'
[0.807s] INFO:colcon.colcon_core.shell:Skip shell extension 'powershell' for command environment: Not usable outside of PowerShell
[0.807s] DEBUG:colcon.colcon_core.shell:Skip shell extension 'dsv' for command environment
[0.820s] DEBUG:colcon.colcon_core.event_handler.log_command:Invoking command in '/home/adam/Desktop/SBSN/ros2_ws/build/simulation_msgs': CMAKE_PREFIX_PATH=/opt/ros/humble /home/adam/.local/bin/cmake --build /home/adam/Desktop/SBSN/ros2_ws/build/simulation_msgs -- -j16 -l16
[0.823s] DEBUG:colcon.colcon_core.event_handler.log_command:Invoking command in '/home/adam/Desktop/SBSN/ros2_ws/build/social_metrics': CMAKE_PREFIX_PATH=/opt/ros/humble /home/adam/.local/bin/cmake --build /home/adam/Desktop/SBSN/ros2_ws/build/social_metrics -- -j16 -l16
[0.826s] DEBUG:colcon.colcon_core.event_handler.log_command:Invoking command in '/home/adam/Desktop/SBSN/ros2_ws/build/unity_sim': CMAKE_PREFIX_PATH=/opt/ros/humble /home/adam/.local/bin/cmake --build /home/adam/Desktop/SBSN/ros2_ws/build/unity_sim -- -j16 -l16
[0.841s] DEBUG:colcon.colcon_core.event_handler.log_command:Invoked command in '/home/adam/Desktop/SBSN/ros2_ws/build/assets' returned '0': CMAKE_PREFIX_PATH=/opt/ros/humble /home/adam/.local/bin/cmake --build /home/adam/Desktop/SBSN/ros2_ws/build/assets -- -j16 -l16
[0.843s] DEBUG:colcon.colcon_core.event_handler.log_command:Invoked command in '/home/adam/Desktop/SBSN/ros2_ws/build/my_controller' returned '0': CMAKE_PREFIX_PATH=/opt/ros/humble /home/adam/.local/bin/cmake --build /home/adam/Desktop/SBSN/ros2_ws/build/my_controller -- -j16 -l16
[0.875s] DEBUG:colcon.colcon_core.event_handler.log_command:Invoked command in '/home/adam/Desktop/SBSN/ros2_ws/build/agents_msgs' returned '0': CMAKE_PREFIX_PATH=/opt/ros/humble /home/adam/.local/bin/cmake --build /home/adam/Desktop/SBSN/ros2_ws/build/agents_msgs -- -j16 -l16
[0.879s] DEBUG:colcon.colcon_core.event_handler.log_command:Invoked command in '/home/adam/Desktop/SBSN/ros2_ws/build/agent_trajectory_prediction' returned '0': CMAKE_PREFIX_PATH=/opt/ros/humble /home/adam/.local/bin/cmake --build /home/adam/Desktop/SBSN/ros2_ws/build/agent_trajectory_prediction -- -j16 -l16
[0.905s] DEBUG:colcon.colcon_core.event_handler.log_command:Invoked command in '/home/adam/Desktop/SBSN/ros2_ws/build/metric_msgs' returned '0': CMAKE_PREFIX_PATH=/opt/ros/humble /home/adam/.local/bin/cmake --build /home/adam/Desktop/SBSN/ros2_ws/build/metric_msgs -- -j16 -l16
[0.914s] DEBUG:colcon.colcon_core.event_handler.log_command:Invoked command in '/home/adam/Desktop/SBSN/ros2_ws/build/mbsn' returned '0': CMAKE_PREFIX_PATH=/opt/ros/humble /home/adam/.local/bin/cmake --build /home/adam/Desktop/SBSN/ros2_ws/build/mbsn -- -j16 -l16
[0.926s] DEBUG:colcon.colcon_core.event_handler.log_command:Invoked command in '/home/adam/Desktop/SBSN/ros2_ws/build/graph_msgs' returned '0': CMAKE_PREFIX_PATH=/opt/ros/humble /home/adam/.local/bin/cmake --build /home/adam/Desktop/SBSN/ros2_ws/build/graph_msgs -- -j16 -l16
[1.027s] DEBUG:colcon.colcon_core.event_handler.log_command:Invoking command in '/home/adam/Desktop/SBSN/ros2_ws/build/assets': CMAKE_PREFIX_PATH=/opt/ros/humble /home/adam/.local/bin/cmake --install /home/adam/Desktop/SBSN/ros2_ws/build/assets
[1.030s] DEBUG:colcon.colcon_core.event_handler.log_command:Invoking command in '/home/adam/Desktop/SBSN/ros2_ws/build/my_controller': CMAKE_PREFIX_PATH=/opt/ros/humble /home/adam/.local/bin/cmake --install /home/adam/Desktop/SBSN/ros2_ws/build/my_controller
[1.032s] DEBUG:colcon.colcon_core.event_handler.log_command:Invoking command in '/home/adam/Desktop/SBSN/ros2_ws/build/agent_trajectory_prediction': CMAKE_PREFIX_PATH=/opt/ros/humble /home/adam/.local/bin/cmake --install /home/adam/Desktop/SBSN/ros2_ws/build/agent_trajectory_prediction
[1.033s] DEBUG:colcon.colcon_core.event_handler.log_command:Invoking command in '/home/adam/Desktop/SBSN/ros2_ws/build/mbsn': CMAKE_PREFIX_PATH=/opt/ros/humble /home/adam/.local/bin/cmake --install /home/adam/Desktop/SBSN/ros2_ws/build/mbsn
[1.036s] DEBUG:colcon.colcon_core.event_handler.log_command:Invoking command in '/home/adam/Desktop/SBSN/ros2_ws/build/metric_msgs': CMAKE_PREFIX_PATH=/opt/ros/humble /home/adam/.local/bin/cmake --install /home/adam/Desktop/SBSN/ros2_ws/build/metric_msgs
[1.055s] DEBUG:colcon.colcon_core.event_handler.log_command:Invoking command in '/home/adam/Desktop/SBSN/ros2_ws/build/agents_msgs': CMAKE_PREFIX_PATH=/opt/ros/humble /home/adam/.local/bin/cmake --install /home/adam/Desktop/SBSN/ros2_ws/build/agents_msgs
[1.104s] DEBUG:colcon.colcon_core.event_handler.log_command:Invoking command in '/home/adam/Desktop/SBSN/ros2_ws/build/graph_msgs': CMAKE_PREFIX_PATH=/opt/ros/humble /home/adam/.local/bin/cmake --install /home/adam/Desktop/SBSN/ros2_ws/build/graph_msgs
[1.129s] Level 1:colcon.colcon_core.environment:create_environment_scripts_only(assets)
[1.134s] DEBUG:colcon.colcon_core.event_handler.log_command:Invoked command in '/home/adam/Desktop/SBSN/ros2_ws/build/assets' returned '0': CMAKE_PREFIX_PATH=/opt/ros/humble /home/adam/.local/bin/cmake --install /home/adam/Desktop/SBSN/ros2_ws/build/assets
[1.139s] Level 1:colcon.colcon_core.environment:checking '/home/adam/Desktop/SBSN/ros2_ws/install/assets' for CMake module files
[1.140s] Level 1:colcon.colcon_core.environment:checking '/home/adam/Desktop/SBSN/ros2_ws/install/assets' for CMake config files
[1.148s] Level 1:colcon.colcon_core.shell:create_environment_hook('assets', 'cmake_prefix_path')
[1.149s] INFO:colcon.colcon_core.shell:Creating environment hook '/home/adam/Desktop/SBSN/ros2_ws/install/assets/share/assets/hook/cmake_prefix_path.ps1'
[1.150s] INFO:colcon.colcon_core.shell:Creating environment descriptor '/home/adam/Desktop/SBSN/ros2_ws/install/assets/share/assets/hook/cmake_prefix_path.dsv'
[1.150s] INFO:colcon.colcon_core.shell:Creating environment hook '/home/adam/Desktop/SBSN/ros2_ws/install/assets/share/assets/hook/cmake_prefix_path.sh'
[1.151s] Level 1:colcon.colcon_core.environment:checking '/home/adam/Desktop/SBSN/ros2_ws/install/assets/bin'
[1.151s] Level 1:colcon.colcon_core.environment:checking '/home/adam/Desktop/SBSN/ros2_ws/install/assets/lib/pkgconfig/assets.pc'
[1.151s] Level 1:colcon.colcon_core.environment:checking '/home/adam/Desktop/SBSN/ros2_ws/install/assets/lib/python3.10/site-packages'
[1.151s] Level 1:colcon.colcon_core.environment:checking '/home/adam/Desktop/SBSN/ros2_ws/install/assets/bin'
[1.152s] INFO:colcon.colcon_core.shell:Creating package script '/home/adam/Desktop/SBSN/ros2_ws/install/assets/share/assets/package.ps1'
[1.153s] INFO:colcon.colcon_core.shell:Creating package descriptor '/home/adam/Desktop/SBSN/ros2_ws/install/assets/share/assets/package.dsv'
[1.153s] INFO:colcon.colcon_core.shell:Creating package script '/home/adam/Desktop/SBSN/ros2_ws/install/assets/share/assets/package.sh'
[1.154s] INFO:colcon.colcon_core.shell:Creating package script '/home/adam/Desktop/SBSN/ros2_ws/install/assets/share/assets/package.bash'
[1.155s] INFO:colcon.colcon_core.shell:Creating package script '/home/adam/Desktop/SBSN/ros2_ws/install/assets/share/assets/package.zsh'
[1.156s] Level 1:colcon.colcon_core.environment:create_file_with_runtime_dependencies(/home/adam/Desktop/SBSN/ros2_ws/install/assets/share/colcon-core/packages/assets)
[1.158s] Level 1:colcon.colcon_core.environment:create_environment_scripts_only(my_controller)
[1.159s] Level 1:colcon.colcon_core.environment:checking '/home/adam/Desktop/SBSN/ros2_ws/install/my_controller' for CMake module files
[1.160s] DEBUG:colcon.colcon_core.event_handler.log_command:Invoked command in '/home/adam/Desktop/SBSN/ros2_ws/build/my_controller' returned '0': CMAKE_PREFIX_PATH=/opt/ros/humble /home/adam/.local/bin/cmake --install /home/adam/Desktop/SBSN/ros2_ws/build/my_controller
[1.163s] Level 1:colcon.colcon_core.environment:checking '/home/adam/Desktop/SBSN/ros2_ws/install/my_controller' for CMake config files
[1.165s] Level 1:colcon.colcon_core.shell:create_environment_hook('my_controller', 'cmake_prefix_path')
[1.165s] INFO:colcon.colcon_core.shell:Creating environment hook '/home/adam/Desktop/SBSN/ros2_ws/install/my_controller/share/my_controller/hook/cmake_prefix_path.ps1'
[1.165s] INFO:colcon.colcon_core.shell:Creating environment descriptor '/home/adam/Desktop/SBSN/ros2_ws/install/my_controller/share/my_controller/hook/cmake_prefix_path.dsv'
[1.166s] INFO:colcon.colcon_core.shell:Creating environment hook '/home/adam/Desktop/SBSN/ros2_ws/install/my_controller/share/my_controller/hook/cmake_prefix_path.sh'
[1.166s] Level 1:colcon.colcon_core.environment:checking '/home/adam/Desktop/SBSN/ros2_ws/install/my_controller/lib'
[1.167s] Level 1:colcon.colcon_core.shell:create_environment_hook('my_controller', 'ld_library_path_lib')
[1.167s] INFO:colcon.colcon_core.shell:Creating environment hook '/home/adam/Desktop/SBSN/ros2_ws/install/my_controller/share/my_controller/hook/ld_library_path_lib.ps1'
[1.167s] INFO:colcon.colcon_core.shell:Creating environment descriptor '/home/adam/Desktop/SBSN/ros2_ws/install/my_controller/share/my_controller/hook/ld_library_path_lib.dsv'
[1.168s] INFO:colcon.colcon_core.shell:Creating environment hook '/home/adam/Desktop/SBSN/ros2_ws/install/my_controller/share/my_controller/hook/ld_library_path_lib.sh'
[1.168s] Level 1:colcon.colcon_core.environment:checking '/home/adam/Desktop/SBSN/ros2_ws/install/my_controller/bin'
[1.168s] Level 1:colcon.colcon_core.environment:checking '/home/adam/Desktop/SBSN/ros2_ws/install/my_controller/lib/pkgconfig/my_controller.pc'
[1.168s] Level 1:colcon.colcon_core.environment:checking '/home/adam/Desktop/SBSN/ros2_ws/install/my_controller/lib/python3.10/site-packages'
[1.169s] Level 1:colcon.colcon_core.environment:checking '/home/adam/Desktop/SBSN/ros2_ws/install/my_controller/bin'
[1.169s] INFO:colcon.colcon_core.shell:Creating package script '/home/adam/Desktop/SBSN/ros2_ws/install/my_controller/share/my_controller/package.ps1'
[1.170s] INFO:colcon.colcon_core.shell:Creating package descriptor '/home/adam/Desktop/SBSN/ros2_ws/install/my_controller/share/my_controller/package.dsv'
[1.170s] INFO:colcon.colcon_core.shell:Creating package script '/home/adam/Desktop/SBSN/ros2_ws/install/my_controller/share/my_controller/package.sh'
[1.170s] INFO:colcon.colcon_core.shell:Creating package script '/home/adam/Desktop/SBSN/ros2_ws/install/my_controller/share/my_controller/package.bash'
[1.171s] INFO:colcon.colcon_core.shell:Creating package script '/home/adam/Desktop/SBSN/ros2_ws/install/my_controller/share/my_controller/package.zsh'
[1.171s] Level 1:colcon.colcon_core.environment:create_file_with_runtime_dependencies(/home/adam/Desktop/SBSN/ros2_ws/install/my_controller/share/colcon-core/packages/my_controller)
[1.172s] Level 1:colcon.colcon_core.environment:create_environment_scripts_only(agent_trajectory_prediction)
[1.173s] Level 1:colcon.colcon_core.environment:checking '/home/adam/Desktop/SBSN/ros2_ws/install/agent_trajectory_prediction' for CMake module files
[1.173s] DEBUG:colcon.colcon_core.event_handler.log_command:Invoked command in '/home/adam/Desktop/SBSN/ros2_ws/build/agent_trajectory_prediction' returned '0': CMAKE_PREFIX_PATH=/opt/ros/humble /home/adam/.local/bin/cmake --install /home/adam/Desktop/SBSN/ros2_ws/build/agent_trajectory_prediction
[1.174s] Level 1:colcon.colcon_core.environment:checking '/home/adam/Desktop/SBSN/ros2_ws/install/agent_trajectory_prediction' for CMake config files
[1.174s] Level 1:colcon.colcon_core.shell:create_environment_hook('agent_trajectory_prediction', 'cmake_prefix_path')
[1.175s] INFO:colcon.colcon_core.shell:Creating environment hook '/home/adam/Desktop/SBSN/ros2_ws/install/agent_trajectory_prediction/share/agent_trajectory_prediction/hook/cmake_prefix_path.ps1'
[1.176s] INFO:colcon.colcon_core.shell:Creating environment descriptor '/home/adam/Desktop/SBSN/ros2_ws/install/agent_trajectory_prediction/share/agent_trajectory_prediction/hook/cmake_prefix_path.dsv'
[1.176s] INFO:colcon.colcon_core.shell:Creating environment hook '/home/adam/Desktop/SBSN/ros2_ws/install/agent_trajectory_prediction/share/agent_trajectory_prediction/hook/cmake_prefix_path.sh'
[1.177s] Level 1:colcon.colcon_core.environment:checking '/home/adam/Desktop/SBSN/ros2_ws/install/agent_trajectory_prediction/lib'
[1.178s] Level 1:colcon.colcon_core.environment:checking '/home/adam/Desktop/SBSN/ros2_ws/install/agent_trajectory_prediction/bin'
[1.179s] Level 1:colcon.colcon_core.environment:checking '/home/adam/Desktop/SBSN/ros2_ws/install/agent_trajectory_prediction/lib/pkgconfig/agent_trajectory_prediction.pc'
[1.179s] Level 1:colcon.colcon_core.environment:checking '/home/adam/Desktop/SBSN/ros2_ws/install/agent_trajectory_prediction/lib/python3.10/site-packages'
[1.179s] Level 1:colcon.colcon_core.environment:checking '/home/adam/Desktop/SBSN/ros2_ws/install/agent_trajectory_prediction/bin'
[1.180s] INFO:colcon.colcon_core.shell:Creating package script '/home/adam/Desktop/SBSN/ros2_ws/install/agent_trajectory_prediction/share/agent_trajectory_prediction/package.ps1'
[1.181s] INFO:colcon.colcon_core.shell:Creating package descriptor '/home/adam/Desktop/SBSN/ros2_ws/install/agent_trajectory_prediction/share/agent_trajectory_prediction/package.dsv'
[1.182s] INFO:colcon.colcon_core.shell:Creating package script '/home/adam/Desktop/SBSN/ros2_ws/install/agent_trajectory_prediction/share/agent_trajectory_prediction/package.sh'
[1.182s] INFO:colcon.colcon_core.shell:Creating package script '/home/adam/Desktop/SBSN/ros2_ws/install/agent_trajectory_prediction/share/agent_trajectory_prediction/package.bash'
[1.183s] INFO:colcon.colcon_core.shell:Creating package script '/home/adam/Desktop/SBSN/ros2_ws/install/agent_trajectory_prediction/share/agent_trajectory_prediction/package.zsh'
[1.185s] Level 1:colcon.colcon_core.environment:create_file_with_runtime_dependencies(/home/adam/Desktop/SBSN/ros2_ws/install/agent_trajectory_prediction/share/colcon-core/packages/agent_trajectory_prediction)
[1.189s] Level 1:colcon.colcon_core.environment:create_environment_scripts_only(mbsn)
[1.189s] Level 1:colcon.colcon_core.environment:checking '/home/adam/Desktop/SBSN/ros2_ws/install/mbsn' for CMake module files
[1.194s] Level 1:colcon.colcon_core.environment:checking '/home/adam/Desktop/SBSN/ros2_ws/install/mbsn' for CMake config files
[1.196s] DEBUG:colcon.colcon_core.event_handler.log_command:Invoked command in '/home/adam/Desktop/SBSN/ros2_ws/build/mbsn' returned '0': CMAKE_PREFIX_PATH=/opt/ros/humble /home/adam/.local/bin/cmake --install /home/adam/Desktop/SBSN/ros2_ws/build/mbsn
[1.198s] Level 1:colcon.colcon_core.shell:create_environment_hook('mbsn', 'cmake_prefix_path')
[1.198s] INFO:colcon.colcon_core.shell:Creating environment hook '/home/adam/Desktop/SBSN/ros2_ws/install/mbsn/share/mbsn/hook/cmake_prefix_path.ps1'
[1.199s] INFO:colcon.colcon_core.shell:Creating environment descriptor '/home/adam/Desktop/SBSN/ros2_ws/install/mbsn/share/mbsn/hook/cmake_prefix_path.dsv'
[1.199s] INFO:colcon.colcon_core.shell:Creating environment hook '/home/adam/Desktop/SBSN/ros2_ws/install/mbsn/share/mbsn/hook/cmake_prefix_path.sh'
[1.200s] Level 1:colcon.colcon_core.environment:checking '/home/adam/Desktop/SBSN/ros2_ws/install/mbsn/lib'
[1.200s] Level 1:colcon.colcon_core.environment:checking '/home/adam/Desktop/SBSN/ros2_ws/install/mbsn/bin'
[1.200s] Level 1:colcon.colcon_core.environment:checking '/home/adam/Desktop/SBSN/ros2_ws/install/mbsn/lib/pkgconfig/mbsn.pc'
[1.200s] Level 1:colcon.colcon_core.environment:checking '/home/adam/Desktop/SBSN/ros2_ws/install/mbsn/lib/python3.10/site-packages'
[1.201s] Level 1:colcon.colcon_core.environment:checking '/home/adam/Desktop/SBSN/ros2_ws/install/mbsn/bin'
[1.201s] INFO:colcon.colcon_core.shell:Creating package script '/home/adam/Desktop/SBSN/ros2_ws/install/mbsn/share/mbsn/package.ps1'
[1.202s] INFO:colcon.colcon_core.shell:Creating package descriptor '/home/adam/Desktop/SBSN/ros2_ws/install/mbsn/share/mbsn/package.dsv'
[1.202s] INFO:colcon.colcon_core.shell:Creating package script '/home/adam/Desktop/SBSN/ros2_ws/install/mbsn/share/mbsn/package.sh'
[1.203s] INFO:colcon.colcon_core.shell:Creating package script '/home/adam/Desktop/SBSN/ros2_ws/install/mbsn/share/mbsn/package.bash'
[1.203s] INFO:colcon.colcon_core.shell:Creating package script '/home/adam/Desktop/SBSN/ros2_ws/install/mbsn/share/mbsn/package.zsh'
[1.204s] Level 1:colcon.colcon_core.environment:create_file_with_runtime_dependencies(/home/adam/Desktop/SBSN/ros2_ws/install/mbsn/share/colcon-core/packages/mbsn)
[1.207s] DEBUG:colcon.colcon_core.event_handler.log_command:Invoked command in '/home/adam/Desktop/SBSN/ros2_ws/build/unity_sim' returned '0': CMAKE_PREFIX_PATH=/opt/ros/humble /home/adam/.local/bin/cmake --build /home/adam/Desktop/SBSN/ros2_ws/build/unity_sim -- -j16 -l16
[1.208s] Level 1:colcon.colcon_core.environment:create_environment_scripts_only(metric_msgs)
[1.208s] Level 1:colcon.colcon_core.environment:checking '/home/adam/Desktop/SBSN/ros2_ws/install/metric_msgs' for CMake module files
[1.209s] DEBUG:colcon.colcon_core.event_handler.log_command:Invoked command in '/home/adam/Desktop/SBSN/ros2_ws/build/metric_msgs' returned '0': CMAKE_PREFIX_PATH=/opt/ros/humble /home/adam/.local/bin/cmake --install /home/adam/Desktop/SBSN/ros2_ws/build/metric_msgs
[1.211s] Level 1:colcon.colcon_core.environment:checking '/home/adam/Desktop/SBSN/ros2_ws/install/metric_msgs' for CMake config files
[1.215s] Level 1:colcon.colcon_core.shell:create_environment_hook('metric_msgs', 'cmake_prefix_path')
[1.215s] INFO:colcon.colcon_core.shell:Creating environment hook '/home/adam/Desktop/SBSN/ros2_ws/install/metric_msgs/share/metric_msgs/hook/cmake_prefix_path.ps1'
[1.216s] INFO:colcon.colcon_core.shell:Creating environment descriptor '/home/adam/Desktop/SBSN/ros2_ws/install/metric_msgs/share/metric_msgs/hook/cmake_prefix_path.dsv'
[1.216s] INFO:colcon.colcon_core.shell:Creating environment hook '/home/adam/Desktop/SBSN/ros2_ws/install/metric_msgs/share/metric_msgs/hook/cmake_prefix_path.sh'
[1.217s] Level 1:colcon.colcon_core.environment:checking '/home/adam/Desktop/SBSN/ros2_ws/install/metric_msgs/lib'
[1.217s] Level 1:colcon.colcon_core.shell:create_environment_hook('metric_msgs', 'ld_library_path_lib')
[1.217s] INFO:colcon.colcon_core.shell:Creating environment hook '/home/adam/Desktop/SBSN/ros2_ws/install/metric_msgs/share/metric_msgs/hook/ld_library_path_lib.ps1'
[1.218s] INFO:colcon.colcon_core.shell:Creating environment descriptor '/home/adam/Desktop/SBSN/ros2_ws/install/metric_msgs/share/metric_msgs/hook/ld_library_path_lib.dsv'
[1.218s] INFO:colcon.colcon_core.shell:Creating environment hook '/home/adam/Desktop/SBSN/ros2_ws/install/metric_msgs/share/metric_msgs/hook/ld_library_path_lib.sh'
[1.218s] Level 1:colcon.colcon_core.environment:checking '/home/adam/Desktop/SBSN/ros2_ws/install/metric_msgs/bin'
[1.218s] Level 1:colcon.colcon_core.environment:checking '/home/adam/Desktop/SBSN/ros2_ws/install/metric_msgs/lib/pkgconfig/metric_msgs.pc'
[1.219s] Level 1:colcon.colcon_core.environment:checking '/home/adam/Desktop/SBSN/ros2_ws/install/metric_msgs/lib/python3.10/site-packages'
[1.219s] Level 1:colcon.colcon_core.environment:checking '/home/adam/Desktop/SBSN/ros2_ws/install/metric_msgs/bin'
[1.219s] INFO:colcon.colcon_core.shell:Creating package script '/home/adam/Desktop/SBSN/ros2_ws/install/metric_msgs/share/metric_msgs/package.ps1'
[1.220s] INFO:colcon.colcon_core.shell:Creating package descriptor '/home/adam/Desktop/SBSN/ros2_ws/install/metric_msgs/share/metric_msgs/package.dsv'
[1.220s] INFO:colcon.colcon_core.shell:Creating package script '/home/adam/Desktop/SBSN/ros2_ws/install/metric_msgs/share/metric_msgs/package.sh'
[1.221s] INFO:colcon.colcon_core.shell:Creating package script '/home/adam/Desktop/SBSN/ros2_ws/install/metric_msgs/share/metric_msgs/package.bash'
[1.221s] INFO:colcon.colcon_core.shell:Creating package script '/home/adam/Desktop/SBSN/ros2_ws/install/metric_msgs/share/metric_msgs/package.zsh'
[1.222s] Level 1:colcon.colcon_core.environment:create_file_with_runtime_dependencies(/home/adam/Desktop/SBSN/ros2_ws/install/metric_msgs/share/colcon-core/packages/metric_msgs)
[1.223s] Level 1:colcon.colcon_core.environment:create_environment_scripts_only(agents_msgs)
[1.224s] Level 1:colcon.colcon_core.environment:checking '/home/adam/Desktop/SBSN/ros2_ws/install/agents_msgs' for CMake module files
[1.224s] DEBUG:colcon.colcon_core.event_handler.log_command:Invoked command in '/home/adam/Desktop/SBSN/ros2_ws/build/agents_msgs' returned '0': CMAKE_PREFIX_PATH=/opt/ros/humble /home/adam/.local/bin/cmake --install /home/adam/Desktop/SBSN/ros2_ws/build/agents_msgs
[1.225s] Level 1:colcon.colcon_core.environment:checking '/home/adam/Desktop/SBSN/ros2_ws/install/agents_msgs' for CMake config files
[1.226s] Level 1:colcon.colcon_core.shell:create_environment_hook('agents_msgs', 'cmake_prefix_path')
[1.226s] INFO:colcon.colcon_core.shell:Creating environment hook '/home/adam/Desktop/SBSN/ros2_ws/install/agents_msgs/share/agents_msgs/hook/cmake_prefix_path.ps1'
[1.226s] INFO:colcon.colcon_core.shell:Creating environment descriptor '/home/adam/Desktop/SBSN/ros2_ws/install/agents_msgs/share/agents_msgs/hook/cmake_prefix_path.dsv'
[1.227s] INFO:colcon.colcon_core.shell:Creating environment hook '/home/adam/Desktop/SBSN/ros2_ws/install/agents_msgs/share/agents_msgs/hook/cmake_prefix_path.sh'
[1.227s] Level 1:colcon.colcon_core.environment:checking '/home/adam/Desktop/SBSN/ros2_ws/install/agents_msgs/lib'
[1.227s] Level 1:colcon.colcon_core.shell:create_environment_hook('agents_msgs', 'ld_library_path_lib')
[1.228s] INFO:colcon.colcon_core.shell:Creating environment hook '/home/adam/Desktop/SBSN/ros2_ws/install/agents_msgs/share/agents_msgs/hook/ld_library_path_lib.ps1'
[1.228s] INFO:colcon.colcon_core.shell:Creating environment descriptor '/home/adam/Desktop/SBSN/ros2_ws/install/agents_msgs/share/agents_msgs/hook/ld_library_path_lib.dsv'
[1.228s] INFO:colcon.colcon_core.shell:Creating environment hook '/home/adam/Desktop/SBSN/ros2_ws/install/agents_msgs/share/agents_msgs/hook/ld_library_path_lib.sh'
[1.229s] Level 1:colcon.colcon_core.environment:checking '/home/adam/Desktop/SBSN/ros2_ws/install/agents_msgs/bin'
[1.229s] Level 1:colcon.colcon_core.environment:checking '/home/adam/Desktop/SBSN/ros2_ws/install/agents_msgs/lib/pkgconfig/agents_msgs.pc'
[1.229s] Level 1:colcon.colcon_core.environment:checking '/home/adam/Desktop/SBSN/ros2_ws/install/agents_msgs/lib/python3.10/site-packages'
[1.229s] Level 1:colcon.colcon_core.environment:checking '/home/adam/Desktop/SBSN/ros2_ws/install/agents_msgs/bin'
[1.230s] INFO:colcon.colcon_core.shell:Creating package script '/home/adam/Desktop/SBSN/ros2_ws/install/agents_msgs/share/agents_msgs/package.ps1'
[1.230s] INFO:colcon.colcon_core.shell:Creating package descriptor '/home/adam/Desktop/SBSN/ros2_ws/install/agents_msgs/share/agents_msgs/package.dsv'
[1.231s] INFO:colcon.colcon_core.shell:Creating package script '/home/adam/Desktop/SBSN/ros2_ws/install/agents_msgs/share/agents_msgs/package.sh'
[1.232s] INFO:colcon.colcon_core.shell:Creating package script '/home/adam/Desktop/SBSN/ros2_ws/install/agents_msgs/share/agents_msgs/package.bash'
[1.232s] INFO:colcon.colcon_core.shell:Creating package script '/home/adam/Desktop/SBSN/ros2_ws/install/agents_msgs/share/agents_msgs/package.zsh'
[1.232s] Level 1:colcon.colcon_core.environment:create_file_with_runtime_dependencies(/home/adam/Desktop/SBSN/ros2_ws/install/agents_msgs/share/colcon-core/packages/agents_msgs)
[1.235s] DEBUG:colcon.colcon_core.event_handler.log_command:Invoked command in '/home/adam/Desktop/SBSN/ros2_ws/build/social_metrics' returned '0': CMAKE_PREFIX_PATH=/opt/ros/humble /home/adam/.local/bin/cmake --build /home/adam/Desktop/SBSN/ros2_ws/build/social_metrics -- -j16 -l16
[1.236s] Level 1:colcon.colcon_core.environment:create_environment_scripts_only(graph_msgs)
[1.237s] Level 1:colcon.colcon_core.environment:checking '/home/adam/Desktop/SBSN/ros2_ws/install/graph_msgs' for CMake module files
[1.237s] DEBUG:colcon.colcon_core.event_handler.log_command:Invoked command in '/home/adam/Desktop/SBSN/ros2_ws/build/graph_msgs' returned '0': CMAKE_PREFIX_PATH=/opt/ros/humble /home/adam/.local/bin/cmake --install /home/adam/Desktop/SBSN/ros2_ws/build/graph_msgs
[1.238s] Level 1:colcon.colcon_core.environment:checking '/home/adam/Desktop/SBSN/ros2_ws/install/graph_msgs' for CMake config files
[1.238s] Level 1:colcon.colcon_core.shell:create_environment_hook('graph_msgs', 'cmake_prefix_path')
[1.239s] INFO:colcon.colcon_core.shell:Creating environment hook '/home/adam/Desktop/SBSN/ros2_ws/install/graph_msgs/share/graph_msgs/hook/cmake_prefix_path.ps1'
[1.239s] INFO:colcon.colcon_core.shell:Creating environment descriptor '/home/adam/Desktop/SBSN/ros2_ws/install/graph_msgs/share/graph_msgs/hook/cmake_prefix_path.dsv'
[1.239s] INFO:colcon.colcon_core.shell:Creating environment hook '/home/adam/Desktop/SBSN/ros2_ws/install/graph_msgs/share/graph_msgs/hook/cmake_prefix_path.sh'
[1.240s] Level 1:colcon.colcon_core.environment:checking '/home/adam/Desktop/SBSN/ros2_ws/install/graph_msgs/lib'
[1.240s] Level 1:colcon.colcon_core.shell:create_environment_hook('graph_msgs', 'ld_library_path_lib')
[1.240s] INFO:colcon.colcon_core.shell:Creating environment hook '/home/adam/Desktop/SBSN/ros2_ws/install/graph_msgs/share/graph_msgs/hook/ld_library_path_lib.ps1'
[1.240s] INFO:colcon.colcon_core.shell:Creating environment descriptor '/home/adam/Desktop/SBSN/ros2_ws/install/graph_msgs/share/graph_msgs/hook/ld_library_path_lib.dsv'
[1.240s] INFO:colcon.colcon_core.shell:Creating environment hook '/home/adam/Desktop/SBSN/ros2_ws/install/graph_msgs/share/graph_msgs/hook/ld_library_path_lib.sh'
[1.241s] Level 1:colcon.colcon_core.environment:checking '/home/adam/Desktop/SBSN/ros2_ws/install/graph_msgs/bin'
[1.241s] Level 1:colcon.colcon_core.environment:checking '/home/adam/Desktop/SBSN/ros2_ws/install/graph_msgs/lib/pkgconfig/graph_msgs.pc'
[1.241s] Level 1:colcon.colcon_core.environment:checking '/home/adam/Desktop/SBSN/ros2_ws/install/graph_msgs/lib/python3.10/site-packages'
[1.241s] Level 1:colcon.colcon_core.environment:checking '/home/adam/Desktop/SBSN/ros2_ws/install/graph_msgs/bin'
[1.241s] INFO:colcon.colcon_core.shell:Creating package script '/home/adam/Desktop/SBSN/ros2_ws/install/graph_msgs/share/graph_msgs/package.ps1'
[1.242s] INFO:colcon.colcon_core.shell:Creating package descriptor '/home/adam/Desktop/SBSN/ros2_ws/install/graph_msgs/share/graph_msgs/package.dsv'
[1.242s] INFO:colcon.colcon_core.shell:Creating package script '/home/adam/Desktop/SBSN/ros2_ws/install/graph_msgs/share/graph_msgs/package.sh'
[1.242s] INFO:colcon.colcon_core.shell:Creating package script '/home/adam/Desktop/SBSN/ros2_ws/install/graph_msgs/share/graph_msgs/package.bash'
[1.242s] INFO:colcon.colcon_core.shell:Creating package script '/home/adam/Desktop/SBSN/ros2_ws/install/graph_msgs/share/graph_msgs/package.zsh'
[1.243s] Level 1:colcon.colcon_core.environment:create_file_with_runtime_dependencies(/home/adam/Desktop/SBSN/ros2_ws/install/graph_msgs/share/colcon-core/packages/graph_msgs)
[1.247s] Level 1:colcon.colcon_core.environment:create_environment_scripts_only(assets)
[1.247s] Level 1:colcon.colcon_core.environment:checking '/home/adam/Desktop/SBSN/ros2_ws/install/assets' for CMake module files
[1.248s] Level 1:colcon.colcon_core.environment:checking '/home/adam/Desktop/SBSN/ros2_ws/install/assets' for CMake config files
[1.248s] DEBUG:colcon.colcon_core.event_handler.log_command:Invoking command in '/home/adam/Desktop/SBSN/ros2_ws/src/ROS-TCP-Endpoint': PYTHONPATH=/home/adam/Desktop/SBSN/ros2_ws/build/ros_tcp_endpoint/prefix_override:/home/adam/Desktop/SBSN/ros2_ws/install/ros_tcp_endpoint/lib/python3.10/site-packages:${PYTHONPATH} /usr/bin/python3 -W ignore:setup.py install is deprecated setup.py egg_info --egg-base ../../build/ros_tcp_endpoint build --build-base /home/adam/Desktop/SBSN/ros2_ws/build/ros_tcp_endpoint/build install --record /home/adam/Desktop/SBSN/ros2_ws/build/ros_tcp_endpoint/install.log --install-scripts $base/lib/ros_tcp_endpoint --single-version-externally-managed install_data
[1.249s] Level 1:colcon.colcon_core.shell:create_environment_hook('assets', 'cmake_prefix_path')
[1.249s] INFO:colcon.colcon_core.shell:Creating environment hook '/home/adam/Desktop/SBSN/ros2_ws/install/assets/share/assets/hook/cmake_prefix_path.ps1'
[1.249s] INFO:colcon.colcon_core.shell:Creating environment descriptor '/home/adam/Desktop/SBSN/ros2_ws/install/assets/share/assets/hook/cmake_prefix_path.dsv'
[1.249s] INFO:colcon.colcon_core.shell:Creating environment hook '/home/adam/Desktop/SBSN/ros2_ws/install/assets/share/assets/hook/cmake_prefix_path.sh'
[1.250s] Level 1:colcon.colcon_core.environment:checking '/home/adam/Desktop/SBSN/ros2_ws/install/assets/bin'
[1.250s] Level 1:colcon.colcon_core.environment:checking '/home/adam/Desktop/SBSN/ros2_ws/install/assets/lib/pkgconfig/assets.pc'
[1.251s] Level 1:colcon.colcon_core.environment:checking '/home/adam/Desktop/SBSN/ros2_ws/install/assets/lib/python3.10/site-packages'
[1.251s] Level 1:colcon.colcon_core.environment:checking '/home/adam/Desktop/SBSN/ros2_ws/install/assets/bin'
[1.251s] INFO:colcon.colcon_core.shell:Creating package script '/home/adam/Desktop/SBSN/ros2_ws/install/assets/share/assets/package.ps1'
[1.252s] INFO:colcon.colcon_core.shell:Creating package descriptor '/home/adam/Desktop/SBSN/ros2_ws/install/assets/share/assets/package.dsv'
[1.252s] INFO:colcon.colcon_core.shell:Creating package script '/home/adam/Desktop/SBSN/ros2_ws/install/assets/share/assets/package.sh'
[1.253s] INFO:colcon.colcon_core.shell:Creating package script '/home/adam/Desktop/SBSN/ros2_ws/install/assets/share/assets/package.bash'
[1.253s] INFO:colcon.colcon_core.shell:Creating package script '/home/adam/Desktop/SBSN/ros2_ws/install/assets/share/assets/package.zsh'
[1.253s] Level 1:colcon.colcon_core.environment:create_file_with_runtime_dependencies(/home/adam/Desktop/SBSN/ros2_ws/install/assets/share/colcon-core/packages/assets)
[1.256s] DEBUG:colcon.colcon_core.event_handler.log_command:Invoked command in '/home/adam/Desktop/SBSN/ros2_ws/build/simulation_msgs' returned '0': CMAKE_PREFIX_PATH=/opt/ros/humble /home/adam/.local/bin/cmake --build /home/adam/Desktop/SBSN/ros2_ws/build/simulation_msgs -- -j16 -l16
[1.259s] Level 1:colcon.colcon_core.environment:create_environment_scripts_only(my_controller)
[1.260s] Level 1:colcon.colcon_core.environment:checking '/home/adam/Desktop/SBSN/ros2_ws/install/my_controller' for CMake module files
[1.260s] Level 1:colcon.colcon_core.environment:checking '/home/adam/Desktop/SBSN/ros2_ws/install/my_controller' for CMake config files
[1.261s] Level 1:colcon.colcon_core.shell:create_environment_hook('my_controller', 'cmake_prefix_path')
[1.261s] INFO:colcon.colcon_core.shell:Creating environment hook '/home/adam/Desktop/SBSN/ros2_ws/install/my_controller/share/my_controller/hook/cmake_prefix_path.ps1'
[1.261s] INFO:colcon.colcon_core.shell:Creating environment descriptor '/home/adam/Desktop/SBSN/ros2_ws/install/my_controller/share/my_controller/hook/cmake_prefix_path.dsv'
[1.262s] INFO:colcon.colcon_core.shell:Creating environment hook '/home/adam/Desktop/SBSN/ros2_ws/install/my_controller/share/my_controller/hook/cmake_prefix_path.sh'
[1.262s] Level 1:colcon.colcon_core.environment:checking '/home/adam/Desktop/SBSN/ros2_ws/install/my_controller/lib'
[1.262s] Level 1:colcon.colcon_core.shell:create_environment_hook('my_controller', 'ld_library_path_lib')
[1.263s] INFO:colcon.colcon_core.shell:Creating environment hook '/home/adam/Desktop/SBSN/ros2_ws/install/my_controller/share/my_controller/hook/ld_library_path_lib.ps1'
[1.263s] INFO:colcon.colcon_core.shell:Creating environment descriptor '/home/adam/Desktop/SBSN/ros2_ws/install/my_controller/share/my_controller/hook/ld_library_path_lib.dsv'
[1.263s] INFO:colcon.colcon_core.shell:Creating environment hook '/home/adam/Desktop/SBSN/ros2_ws/install/my_controller/share/my_controller/hook/ld_library_path_lib.sh'
[1.264s] Level 1:colcon.colcon_core.environment:checking '/home/adam/Desktop/SBSN/ros2_ws/install/my_controller/bin'
[1.264s] Level 1:colcon.colcon_core.environment:checking '/home/adam/Desktop/SBSN/ros2_ws/install/my_controller/lib/pkgconfig/my_controller.pc'
[1.264s] Level 1:colcon.colcon_core.environment:checking '/home/adam/Desktop/SBSN/ros2_ws/install/my_controller/lib/python3.10/site-packages'
[1.264s] Level 1:colcon.colcon_core.environment:checking '/home/adam/Desktop/SBSN/ros2_ws/install/my_controller/bin'
[1.265s] INFO:colcon.colcon_core.shell:Creating package script '/home/adam/Desktop/SBSN/ros2_ws/install/my_controller/share/my_controller/package.ps1'
[1.265s] INFO:colcon.colcon_core.shell:Creating package descriptor '/home/adam/Desktop/SBSN/ros2_ws/install/my_controller/share/my_controller/package.dsv'
[1.266s] INFO:colcon.colcon_core.shell:Creating package script '/home/adam/Desktop/SBSN/ros2_ws/install/my_controller/share/my_controller/package.sh'
[1.266s] INFO:colcon.colcon_core.shell:Creating package script '/home/adam/Desktop/SBSN/ros2_ws/install/my_controller/share/my_controller/package.bash'
[1.267s] INFO:colcon.colcon_core.shell:Creating package script '/home/adam/Desktop/SBSN/ros2_ws/install/my_controller/share/my_controller/package.zsh'
[1.267s] Level 1:colcon.colcon_core.environment:create_file_with_runtime_dependencies(/home/adam/Desktop/SBSN/ros2_ws/install/my_controller/share/colcon-core/packages/my_controller)
[1.272s] Level 1:colcon.colcon_core.environment:create_environment_scripts_only(agent_trajectory_prediction)
[1.272s] Level 1:colcon.colcon_core.environment:checking '/home/adam/Desktop/SBSN/ros2_ws/install/agent_trajectory_prediction' for CMake module files
[1.273s] Level 1:colcon.colcon_core.environment:checking '/home/adam/Desktop/SBSN/ros2_ws/install/agent_trajectory_prediction' for CMake config files
[1.273s] Level 1:colcon.colcon_core.shell:create_environment_hook('agent_trajectory_prediction', 'cmake_prefix_path')
[1.274s] INFO:colcon.colcon_core.shell:Creating environment hook '/home/adam/Desktop/SBSN/ros2_ws/install/agent_trajectory_prediction/share/agent_trajectory_prediction/hook/cmake_prefix_path.ps1'
[1.274s] INFO:colcon.colcon_core.shell:Creating environment descriptor '/home/adam/Desktop/SBSN/ros2_ws/install/agent_trajectory_prediction/share/agent_trajectory_prediction/hook/cmake_prefix_path.dsv'
[1.274s] INFO:colcon.colcon_core.shell:Creating environment hook '/home/adam/Desktop/SBSN/ros2_ws/install/agent_trajectory_prediction/share/agent_trajectory_prediction/hook/cmake_prefix_path.sh'
[1.275s] Level 1:colcon.colcon_core.environment:checking '/home/adam/Desktop/SBSN/ros2_ws/install/agent_trajectory_prediction/lib'
[1.275s] Level 1:colcon.colcon_core.environment:checking '/home/adam/Desktop/SBSN/ros2_ws/install/agent_trajectory_prediction/bin'
[1.275s] Level 1:colcon.colcon_core.environment:checking '/home/adam/Desktop/SBSN/ros2_ws/install/agent_trajectory_prediction/lib/pkgconfig/agent_trajectory_prediction.pc'
[1.275s] Level 1:colcon.colcon_core.environment:checking '/home/adam/Desktop/SBSN/ros2_ws/install/agent_trajectory_prediction/lib/python3.10/site-packages'
[1.276s] Level 1:colcon.colcon_core.environment:checking '/home/adam/Desktop/SBSN/ros2_ws/install/agent_trajectory_prediction/bin'
[1.276s] INFO:colcon.colcon_core.shell:Creating package script '/home/adam/Desktop/SBSN/ros2_ws/install/agent_trajectory_prediction/share/agent_trajectory_prediction/package.ps1'
[1.277s] INFO:colcon.colcon_core.shell:Creating package descriptor '/home/adam/Desktop/SBSN/ros2_ws/install/agent_trajectory_prediction/share/agent_trajectory_prediction/package.dsv'
[1.277s] INFO:colcon.colcon_core.shell:Creating package script '/home/adam/Desktop/SBSN/ros2_ws/install/agent_trajectory_prediction/share/agent_trajectory_prediction/package.sh'
[1.277s] INFO:colcon.colcon_core.shell:Creating package script '/home/adam/Desktop/SBSN/ros2_ws/install/agent_trajectory_prediction/share/agent_trajectory_prediction/package.bash'
[1.278s] INFO:colcon.colcon_core.shell:Creating package script '/home/adam/Desktop/SBSN/ros2_ws/install/agent_trajectory_prediction/share/agent_trajectory_prediction/package.zsh'
[1.278s] Level 1:colcon.colcon_core.environment:create_file_with_runtime_dependencies(/home/adam/Desktop/SBSN/ros2_ws/install/agent_trajectory_prediction/share/colcon-core/packages/agent_trajectory_prediction)
[1.287s] Level 1:colcon.colcon_core.environment:create_environment_scripts_only(mbsn)
[1.287s] Level 1:colcon.colcon_core.environment:checking '/home/adam/Desktop/SBSN/ros2_ws/install/mbsn' for CMake module files
[1.287s] Level 1:colcon.colcon_core.environment:checking '/home/adam/Desktop/SBSN/ros2_ws/install/mbsn' for CMake config files
[1.288s] Level 1:colcon.colcon_core.shell:create_environment_hook('mbsn', 'cmake_prefix_path')
[1.288s] INFO:colcon.colcon_core.shell:Creating environment hook '/home/adam/Desktop/SBSN/ros2_ws/install/mbsn/share/mbsn/hook/cmake_prefix_path.ps1'
[1.289s] INFO:colcon.colcon_core.shell:Creating environment descriptor '/home/adam/Desktop/SBSN/ros2_ws/install/mbsn/share/mbsn/hook/cmake_prefix_path.dsv'
[1.289s] INFO:colcon.colcon_core.shell:Creating environment hook '/home/adam/Desktop/SBSN/ros2_ws/install/mbsn/share/mbsn/hook/cmake_prefix_path.sh'
[1.290s] Level 1:colcon.colcon_core.environment:checking '/home/adam/Desktop/SBSN/ros2_ws/install/mbsn/lib'
[1.290s] Level 1:colcon.colcon_core.environment:checking '/home/adam/Desktop/SBSN/ros2_ws/install/mbsn/bin'
[1.290s] Level 1:colcon.colcon_core.environment:checking '/home/adam/Desktop/SBSN/ros2_ws/install/mbsn/lib/pkgconfig/mbsn.pc'
[1.290s] Level 1:colcon.colcon_core.environment:checking '/home/adam/Desktop/SBSN/ros2_ws/install/mbsn/lib/python3.10/site-packages'
[1.290s] Level 1:colcon.colcon_core.environment:checking '/home/adam/Desktop/SBSN/ros2_ws/install/mbsn/bin'
[1.290s] INFO:colcon.colcon_core.shell:Creating package script '/home/adam/Desktop/SBSN/ros2_ws/install/mbsn/share/mbsn/package.ps1'
[1.291s] INFO:colcon.colcon_core.shell:Creating package descriptor '/home/adam/Desktop/SBSN/ros2_ws/install/mbsn/share/mbsn/package.dsv'
[1.291s] INFO:colcon.colcon_core.shell:Creating package script '/home/adam/Desktop/SBSN/ros2_ws/install/mbsn/share/mbsn/package.sh'
[1.291s] INFO:colcon.colcon_core.shell:Creating package script '/home/adam/Desktop/SBSN/ros2_ws/install/mbsn/share/mbsn/package.bash'
[1.292s] INFO:colcon.colcon_core.shell:Creating package script '/home/adam/Desktop/SBSN/ros2_ws/install/mbsn/share/mbsn/package.zsh'
[1.292s] Level 1:colcon.colcon_core.environment:create_file_with_runtime_dependencies(/home/adam/Desktop/SBSN/ros2_ws/install/mbsn/share/colcon-core/packages/mbsn)
[1.298s] DEBUG:colcon.colcon_core.event_handler.log_command:Invoking command in '/home/adam/Desktop/SBSN/ros2_ws/build/unity_sim': CMAKE_PREFIX_PATH=/opt/ros/humble /home/adam/.local/bin/cmake --install /home/adam/Desktop/SBSN/ros2_ws/build/unity_sim
[1.321s] DEBUG:colcon.colcon_core.event_handler.log_command:Invoking command in '/home/adam/Desktop/SBSN/ros2_ws/build/social_metrics': CMAKE_PREFIX_PATH=/opt/ros/humble /home/adam/.local/bin/cmake --install /home/adam/Desktop/SBSN/ros2_ws/build/social_metrics
[1.339s] Level 1:colcon.colcon_core.environment:create_environment_scripts_only(metric_msgs)
[1.339s] Level 1:colcon.colcon_core.environment:checking '/home/adam/Desktop/SBSN/ros2_ws/install/metric_msgs' for CMake module files
[1.340s] Level 1:colcon.colcon_core.environment:checking '/home/adam/Desktop/SBSN/ros2_ws/install/metric_msgs' for CMake config files
[1.340s] Level 1:colcon.colcon_core.shell:create_environment_hook('metric_msgs', 'cmake_prefix_path')
[1.341s] INFO:colcon.colcon_core.shell:Creating environment hook '/home/adam/Desktop/SBSN/ros2_ws/install/metric_msgs/share/metric_msgs/hook/cmake_prefix_path.ps1'
[1.341s] INFO:colcon.colcon_core.shell:Creating environment descriptor '/home/adam/Desktop/SBSN/ros2_ws/install/metric_msgs/share/metric_msgs/hook/cmake_prefix_path.dsv'
[1.341s] INFO:colcon.colcon_core.shell:Creating environment hook '/home/adam/Desktop/SBSN/ros2_ws/install/metric_msgs/share/metric_msgs/hook/cmake_prefix_path.sh'
[1.342s] Level 1:colcon.colcon_core.environment:checking '/home/adam/Desktop/SBSN/ros2_ws/install/metric_msgs/lib'
[1.342s] Level 1:colcon.colcon_core.shell:create_environment_hook('metric_msgs', 'ld_library_path_lib')
[1.342s] INFO:colcon.colcon_core.shell:Creating environment hook '/home/adam/Desktop/SBSN/ros2_ws/install/metric_msgs/share/metric_msgs/hook/ld_library_path_lib.ps1'
[1.342s] INFO:colcon.colcon_core.shell:Creating environment descriptor '/home/adam/Desktop/SBSN/ros2_ws/install/metric_msgs/share/metric_msgs/hook/ld_library_path_lib.dsv'
[1.343s] INFO:colcon.colcon_core.shell:Creating environment hook '/home/adam/Desktop/SBSN/ros2_ws/install/metric_msgs/share/metric_msgs/hook/ld_library_path_lib.sh'
[1.343s] Level 1:colcon.colcon_core.environment:checking '/home/adam/Desktop/SBSN/ros2_ws/install/metric_msgs/bin'
[1.343s] Level 1:colcon.colcon_core.environment:checking '/home/adam/Desktop/SBSN/ros2_ws/install/metric_msgs/lib/pkgconfig/metric_msgs.pc'
[1.343s] Level 1:colcon.colcon_core.environment:checking '/home/adam/Desktop/SBSN/ros2_ws/install/metric_msgs/lib/python3.10/site-packages'
[1.344s] Level 1:colcon.colcon_core.environment:checking '/home/adam/Desktop/SBSN/ros2_ws/install/metric_msgs/bin'
[1.344s] INFO:colcon.colcon_core.shell:Creating package script '/home/adam/Desktop/SBSN/ros2_ws/install/metric_msgs/share/metric_msgs/package.ps1'
[1.345s] INFO:colcon.colcon_core.shell:Creating package descriptor '/home/adam/Desktop/SBSN/ros2_ws/install/metric_msgs/share/metric_msgs/package.dsv'
[1.345s] INFO:colcon.colcon_core.shell:Creating package script '/home/adam/Desktop/SBSN/ros2_ws/install/metric_msgs/share/metric_msgs/package.sh'
[1.346s] INFO:colcon.colcon_core.shell:Creating package script '/home/adam/Desktop/SBSN/ros2_ws/install/metric_msgs/share/metric_msgs/package.bash'
[1.346s] INFO:colcon.colcon_core.shell:Creating package script '/home/adam/Desktop/SBSN/ros2_ws/install/metric_msgs/share/metric_msgs/package.zsh'
[1.346s] Level 1:colcon.colcon_core.environment:create_file_with_runtime_dependencies(/home/adam/Desktop/SBSN/ros2_ws/install/metric_msgs/share/colcon-core/packages/metric_msgs)
[1.392s] Level 1:colcon.colcon_core.environment:create_environment_scripts_only(agents_msgs)
[1.392s] Level 1:colcon.colcon_core.environment:checking '/home/adam/Desktop/SBSN/ros2_ws/install/agents_msgs' for CMake module files
[1.398s] Level 1:colcon.colcon_core.environment:checking '/home/adam/Desktop/SBSN/ros2_ws/install/agents_msgs' for CMake config files
[1.402s] Level 1:colcon.colcon_core.shell:create_environment_hook('agents_msgs', 'cmake_prefix_path')
[1.402s] INFO:colcon.colcon_core.shell:Creating environment hook '/home/adam/Desktop/SBSN/ros2_ws/install/agents_msgs/share/agents_msgs/hook/cmake_prefix_path.ps1'
[1.403s] INFO:colcon.colcon_core.shell:Creating environment descriptor '/home/adam/Desktop/SBSN/ros2_ws/install/agents_msgs/share/agents_msgs/hook/cmake_prefix_path.dsv'
[1.403s] INFO:colcon.colcon_core.shell:Creating environment hook '/home/adam/Desktop/SBSN/ros2_ws/install/agents_msgs/share/agents_msgs/hook/cmake_prefix_path.sh'
[1.404s] Level 1:colcon.colcon_core.environment:checking '/home/adam/Desktop/SBSN/ros2_ws/install/agents_msgs/lib'
[1.404s] Level 1:colcon.colcon_core.shell:create_environment_hook('agents_msgs', 'ld_library_path_lib')
[1.404s] INFO:colcon.colcon_core.shell:Creating environment hook '/home/adam/Desktop/SBSN/ros2_ws/install/agents_msgs/share/agents_msgs/hook/ld_library_path_lib.ps1'
[1.404s] INFO:colcon.colcon_core.shell:Creating environment descriptor '/home/adam/Desktop/SBSN/ros2_ws/install/agents_msgs/share/agents_msgs/hook/ld_library_path_lib.dsv'
[1.404s] INFO:colcon.colcon_core.shell:Creating environment hook '/home/adam/Desktop/SBSN/ros2_ws/install/agents_msgs/share/agents_msgs/hook/ld_library_path_lib.sh'
[1.405s] Level 1:colcon.colcon_core.environment:checking '/home/adam/Desktop/SBSN/ros2_ws/install/agents_msgs/bin'
[1.405s] Level 1:colcon.colcon_core.environment:checking '/home/adam/Desktop/SBSN/ros2_ws/install/agents_msgs/lib/pkgconfig/agents_msgs.pc'
[1.405s] Level 1:colcon.colcon_core.environment:checking '/home/adam/Desktop/SBSN/ros2_ws/install/agents_msgs/lib/python3.10/site-packages'
[1.405s] Level 1:colcon.colcon_core.environment:checking '/home/adam/Desktop/SBSN/ros2_ws/install/agents_msgs/bin'
[1.406s] INFO:colcon.colcon_core.shell:Creating package script '/home/adam/Desktop/SBSN/ros2_ws/install/agents_msgs/share/agents_msgs/package.ps1'
[1.406s] INFO:colcon.colcon_core.shell:Creating package descriptor '/home/adam/Desktop/SBSN/ros2_ws/install/agents_msgs/share/agents_msgs/package.dsv'
[1.407s] INFO:colcon.colcon_core.shell:Creating package script '/home/adam/Desktop/SBSN/ros2_ws/install/agents_msgs/share/agents_msgs/package.sh'
[1.407s] INFO:colcon.colcon_core.shell:Creating package script '/home/adam/Desktop/SBSN/ros2_ws/install/agents_msgs/share/agents_msgs/package.bash'
[1.407s] INFO:colcon.colcon_core.shell:Creating package script '/home/adam/Desktop/SBSN/ros2_ws/install/agents_msgs/share/agents_msgs/package.zsh'
[1.408s] Level 1:colcon.colcon_core.environment:create_file_with_runtime_dependencies(/home/adam/Desktop/SBSN/ros2_ws/install/agents_msgs/share/colcon-core/packages/agents_msgs)
[1.409s] Level 1:colcon.colcon_core.environment:create_environment_scripts_only(graph_msgs)
[1.410s] Level 1:colcon.colcon_core.environment:checking '/home/adam/Desktop/SBSN/ros2_ws/install/graph_msgs' for CMake module files
[1.412s] Level 1:colcon.colcon_core.environment:checking '/home/adam/Desktop/SBSN/ros2_ws/install/graph_msgs' for CMake config files
[1.413s] Level 1:colcon.colcon_core.shell:create_environment_hook('graph_msgs', 'cmake_prefix_path')
[1.414s] INFO:colcon.colcon_core.shell:Creating environment hook '/home/adam/Desktop/SBSN/ros2_ws/install/graph_msgs/share/graph_msgs/hook/cmake_prefix_path.ps1'
[1.415s] INFO:colcon.colcon_core.shell:Creating environment descriptor '/home/adam/Desktop/SBSN/ros2_ws/install/graph_msgs/share/graph_msgs/hook/cmake_prefix_path.dsv'
[1.415s] INFO:colcon.colcon_core.shell:Creating environment hook '/home/adam/Desktop/SBSN/ros2_ws/install/graph_msgs/share/graph_msgs/hook/cmake_prefix_path.sh'
[1.416s] Level 1:colcon.colcon_core.environment:checking '/home/adam/Desktop/SBSN/ros2_ws/install/graph_msgs/lib'
[1.418s] Level 1:colcon.colcon_core.shell:create_environment_hook('graph_msgs', 'ld_library_path_lib')
[1.419s] INFO:colcon.colcon_core.shell:Creating environment hook '/home/adam/Desktop/SBSN/ros2_ws/install/graph_msgs/share/graph_msgs/hook/ld_library_path_lib.ps1'
[1.421s] INFO:colcon.colcon_core.shell:Creating environment descriptor '/home/adam/Desktop/SBSN/ros2_ws/install/graph_msgs/share/graph_msgs/hook/ld_library_path_lib.dsv'
[1.421s] INFO:colcon.colcon_core.shell:Creating environment hook '/home/adam/Desktop/SBSN/ros2_ws/install/graph_msgs/share/graph_msgs/hook/ld_library_path_lib.sh'
[1.422s] Level 1:colcon.colcon_core.environment:checking '/home/adam/Desktop/SBSN/ros2_ws/install/graph_msgs/bin'
[1.422s] Level 1:colcon.colcon_core.environment:checking '/home/adam/Desktop/SBSN/ros2_ws/install/graph_msgs/lib/pkgconfig/graph_msgs.pc'
[1.423s] Level 1:colcon.colcon_core.environment:checking '/home/adam/Desktop/SBSN/ros2_ws/install/graph_msgs/lib/python3.10/site-packages'
[1.423s] Level 1:colcon.colcon_core.environment:checking '/home/adam/Desktop/SBSN/ros2_ws/install/graph_msgs/bin'
[1.424s] INFO:colcon.colcon_core.shell:Creating package script '/home/adam/Desktop/SBSN/ros2_ws/install/graph_msgs/share/graph_msgs/package.ps1'
[1.425s] INFO:colcon.colcon_core.shell:Creating package descriptor '/home/adam/Desktop/SBSN/ros2_ws/install/graph_msgs/share/graph_msgs/package.dsv'
[1.426s] INFO:colcon.colcon_core.shell:Creating package script '/home/adam/Desktop/SBSN/ros2_ws/install/graph_msgs/share/graph_msgs/package.sh'
[1.427s] INFO:colcon.colcon_core.shell:Creating package script '/home/adam/Desktop/SBSN/ros2_ws/install/graph_msgs/share/graph_msgs/package.bash'
[1.428s] INFO:colcon.colcon_core.shell:Creating package script '/home/adam/Desktop/SBSN/ros2_ws/install/graph_msgs/share/graph_msgs/package.zsh'
[1.428s] Level 1:colcon.colcon_core.environment:create_file_with_runtime_dependencies(/home/adam/Desktop/SBSN/ros2_ws/install/graph_msgs/share/colcon-core/packages/graph_msgs)
[1.430s] Level 1:colcon.colcon_core.environment:create_environment_scripts_only(unity_sim)
[1.430s] Level 1:colcon.colcon_core.environment:checking '/home/adam/Desktop/SBSN/ros2_ws/install/unity_sim' for CMake module files
[1.431s] DEBUG:colcon.colcon_core.event_handler.log_command:Invoked command in '/home/adam/Desktop/SBSN/ros2_ws/build/unity_sim' returned '0': CMAKE_PREFIX_PATH=/opt/ros/humble /home/adam/.local/bin/cmake --install /home/adam/Desktop/SBSN/ros2_ws/build/unity_sim
[1.431s] Level 1:colcon.colcon_core.environment:checking '/home/adam/Desktop/SBSN/ros2_ws/install/unity_sim' for CMake config files
[1.432s] Level 1:colcon.colcon_core.shell:create_environment_hook('unity_sim', 'cmake_prefix_path')
[1.432s] INFO:colcon.colcon_core.shell:Creating environment hook '/home/adam/Desktop/SBSN/ros2_ws/install/unity_sim/share/unity_sim/hook/cmake_prefix_path.ps1'
[1.432s] INFO:colcon.colcon_core.shell:Creating environment descriptor '/home/adam/Desktop/SBSN/ros2_ws/install/unity_sim/share/unity_sim/hook/cmake_prefix_path.dsv'
[1.433s] INFO:colcon.colcon_core.shell:Creating environment hook '/home/adam/Desktop/SBSN/ros2_ws/install/unity_sim/share/unity_sim/hook/cmake_prefix_path.sh'
[1.433s] Level 1:colcon.colcon_core.environment:checking '/home/adam/Desktop/SBSN/ros2_ws/install/unity_sim/lib'
[1.433s] Level 1:colcon.colcon_core.environment:checking '/home/adam/Desktop/SBSN/ros2_ws/install/unity_sim/bin'
[1.433s] Level 1:colcon.colcon_core.environment:checking '/home/adam/Desktop/SBSN/ros2_ws/install/unity_sim/lib/pkgconfig/unity_sim.pc'
[1.433s] Level 1:colcon.colcon_core.environment:checking '/home/adam/Desktop/SBSN/ros2_ws/install/unity_sim/lib/python3.10/site-packages'
[1.434s] Level 1:colcon.colcon_core.environment:checking '/home/adam/Desktop/SBSN/ros2_ws/install/unity_sim/bin'
[1.434s] INFO:colcon.colcon_core.shell:Creating package script '/home/adam/Desktop/SBSN/ros2_ws/install/unity_sim/share/unity_sim/package.ps1'
[1.434s] INFO:colcon.colcon_core.shell:Creating package descriptor '/home/adam/Desktop/SBSN/ros2_ws/install/unity_sim/share/unity_sim/package.dsv'
[1.434s] INFO:colcon.colcon_core.shell:Creating package script '/home/adam/Desktop/SBSN/ros2_ws/install/unity_sim/share/unity_sim/package.sh'
[1.435s] INFO:colcon.colcon_core.shell:Creating package script '/home/adam/Desktop/SBSN/ros2_ws/install/unity_sim/share/unity_sim/package.bash'
[1.435s] INFO:colcon.colcon_core.shell:Creating package script '/home/adam/Desktop/SBSN/ros2_ws/install/unity_sim/share/unity_sim/package.zsh'
[1.435s] Level 1:colcon.colcon_core.environment:create_file_with_runtime_dependencies(/home/adam/Desktop/SBSN/ros2_ws/install/unity_sim/share/colcon-core/packages/unity_sim)
[1.437s] Level 1:colcon.colcon_core.environment:create_environment_scripts_only(social_metrics)
[1.438s] Level 1:colcon.colcon_core.environment:checking '/home/adam/Desktop/SBSN/ros2_ws/install/social_metrics' for CMake module files
[1.439s] DEBUG:colcon.colcon_core.event_handler.log_command:Invoked command in '/home/adam/Desktop/SBSN/ros2_ws/build/social_metrics' returned '0': CMAKE_PREFIX_PATH=/opt/ros/humble /home/adam/.local/bin/cmake --install /home/adam/Desktop/SBSN/ros2_ws/build/social_metrics
[1.439s] Level 1:colcon.colcon_core.environment:checking '/home/adam/Desktop/SBSN/ros2_ws/install/social_metrics' for CMake config files
[1.440s] Level 1:colcon.colcon_core.shell:create_environment_hook('social_metrics', 'cmake_prefix_path')
[1.440s] INFO:colcon.colcon_core.shell:Creating environment hook '/home/adam/Desktop/SBSN/ros2_ws/install/social_metrics/share/social_metrics/hook/cmake_prefix_path.ps1'
[1.440s] INFO:colcon.colcon_core.shell:Creating environment descriptor '/home/adam/Desktop/SBSN/ros2_ws/install/social_metrics/share/social_metrics/hook/cmake_prefix_path.dsv'
[1.441s] INFO:colcon.colcon_core.shell:Creating environment hook '/home/adam/Desktop/SBSN/ros2_ws/install/social_metrics/share/social_metrics/hook/cmake_prefix_path.sh'
[1.441s] Level 1:colcon.colcon_core.environment:checking '/home/adam/Desktop/SBSN/ros2_ws/install/social_metrics/bin'
[1.441s] Level 1:colcon.colcon_core.environment:checking '/home/adam/Desktop/SBSN/ros2_ws/install/social_metrics/lib/pkgconfig/social_metrics.pc'
[1.441s] Level 1:colcon.colcon_core.environment:checking '/home/adam/Desktop/SBSN/ros2_ws/install/social_metrics/lib/python3.10/site-packages'
[1.442s] Level 1:colcon.colcon_core.environment:checking '/home/adam/Desktop/SBSN/ros2_ws/install/social_metrics/bin'
[1.442s] INFO:colcon.colcon_core.shell:Creating package script '/home/adam/Desktop/SBSN/ros2_ws/install/social_metrics/share/social_metrics/package.ps1'
[1.442s] INFO:colcon.colcon_core.shell:Creating package descriptor '/home/adam/Desktop/SBSN/ros2_ws/install/social_metrics/share/social_metrics/package.dsv'
[1.442s] INFO:colcon.colcon_core.shell:Creating package script '/home/adam/Desktop/SBSN/ros2_ws/install/social_metrics/share/social_metrics/package.sh'
[1.443s] INFO:colcon.colcon_core.shell:Creating package script '/home/adam/Desktop/SBSN/ros2_ws/install/social_metrics/share/social_metrics/package.bash'
[1.444s] INFO:colcon.colcon_core.shell:Creating package script '/home/adam/Desktop/SBSN/ros2_ws/install/social_metrics/share/social_metrics/package.zsh'
[1.444s] Level 1:colcon.colcon_core.environment:create_file_with_runtime_dependencies(/home/adam/Desktop/SBSN/ros2_ws/install/social_metrics/share/colcon-core/packages/social_metrics)
[1.463s] DEBUG:colcon.colcon_core.event_handler.log_command:Invoking command in '/home/adam/Desktop/SBSN/ros2_ws/build/simulation_msgs': CMAKE_PREFIX_PATH=/opt/ros/humble /home/adam/.local/bin/cmake --install /home/adam/Desktop/SBSN/ros2_ws/build/simulation_msgs
[1.497s] Level 1:colcon.colcon_core.environment:checking '/home/adam/Desktop/SBSN/ros2_ws/install/ros_tcp_endpoint' for CMake module files
[1.497s] DEBUG:colcon.colcon_core.event_handler.log_command:Invoked command in '/home/adam/Desktop/SBSN/ros2_ws/src/ROS-TCP-Endpoint' returned '0': PYTHONPATH=/home/adam/Desktop/SBSN/ros2_ws/build/ros_tcp_endpoint/prefix_override:/home/adam/Desktop/SBSN/ros2_ws/install/ros_tcp_endpoint/lib/python3.10/site-packages:${PYTHONPATH} /usr/bin/python3 -W ignore:setup.py install is deprecated setup.py egg_info --egg-base ../../build/ros_tcp_endpoint build --build-base /home/adam/Desktop/SBSN/ros2_ws/build/ros_tcp_endpoint/build install --record /home/adam/Desktop/SBSN/ros2_ws/build/ros_tcp_endpoint/install.log --install-scripts $base/lib/ros_tcp_endpoint --single-version-externally-managed install_data
[1.498s] Level 1:colcon.colcon_core.environment:checking '/home/adam/Desktop/SBSN/ros2_ws/install/ros_tcp_endpoint' for CMake config files
[1.498s] Level 1:colcon.colcon_core.environment:checking '/home/adam/Desktop/SBSN/ros2_ws/install/ros_tcp_endpoint/lib'
[1.498s] Level 1:colcon.colcon_core.environment:checking '/home/adam/Desktop/SBSN/ros2_ws/install/ros_tcp_endpoint/bin'
[1.498s] Level 1:colcon.colcon_core.environment:checking '/home/adam/Desktop/SBSN/ros2_ws/install/ros_tcp_endpoint/lib/pkgconfig/ros_tcp_endpoint.pc'
[1.498s] Level 1:colcon.colcon_core.environment:checking '/home/adam/Desktop/SBSN/ros2_ws/install/ros_tcp_endpoint/lib/python3.10/site-packages'
[1.498s] Level 1:colcon.colcon_core.shell:create_environment_hook('ros_tcp_endpoint', 'pythonpath')
[1.499s] INFO:colcon.colcon_core.shell:Creating environment hook '/home/adam/Desktop/SBSN/ros2_ws/install/ros_tcp_endpoint/share/ros_tcp_endpoint/hook/pythonpath.ps1'
[1.499s] INFO:colcon.colcon_core.shell:Creating environment descriptor '/home/adam/Desktop/SBSN/ros2_ws/install/ros_tcp_endpoint/share/ros_tcp_endpoint/hook/pythonpath.dsv'
[1.499s] INFO:colcon.colcon_core.shell:Creating environment hook '/home/adam/Desktop/SBSN/ros2_ws/install/ros_tcp_endpoint/share/ros_tcp_endpoint/hook/pythonpath.sh'
[1.500s] Level 1:colcon.colcon_core.environment:checking '/home/adam/Desktop/SBSN/ros2_ws/install/ros_tcp_endpoint/bin'
[1.500s] Level 1:colcon.colcon_core.environment:create_environment_scripts_only(ros_tcp_endpoint)
[1.500s] INFO:colcon.colcon_core.shell:Creating package script '/home/adam/Desktop/SBSN/ros2_ws/install/ros_tcp_endpoint/share/ros_tcp_endpoint/package.ps1'
[1.501s] INFO:colcon.colcon_core.shell:Creating package descriptor '/home/adam/Desktop/SBSN/ros2_ws/install/ros_tcp_endpoint/share/ros_tcp_endpoint/package.dsv'
[1.501s] INFO:colcon.colcon_core.shell:Creating package script '/home/adam/Desktop/SBSN/ros2_ws/install/ros_tcp_endpoint/share/ros_tcp_endpoint/package.sh'
[1.501s] INFO:colcon.colcon_core.shell:Creating package script '/home/adam/Desktop/SBSN/ros2_ws/install/ros_tcp_endpoint/share/ros_tcp_endpoint/package.bash'
[1.501s] INFO:colcon.colcon_core.shell:Creating package script '/home/adam/Desktop/SBSN/ros2_ws/install/ros_tcp_endpoint/share/ros_tcp_endpoint/package.zsh'
[1.502s] Level 1:colcon.colcon_core.environment:create_file_with_runtime_dependencies(/home/adam/Desktop/SBSN/ros2_ws/install/ros_tcp_endpoint/share/colcon-core/packages/ros_tcp_endpoint)
[1.559s] Level 1:colcon.colcon_core.environment:create_environment_scripts_only(unity_sim)
[1.559s] Level 1:colcon.colcon_core.environment:checking '/home/adam/Desktop/SBSN/ros2_ws/install/unity_sim' for CMake module files
[1.560s] Level 1:colcon.colcon_core.environment:checking '/home/adam/Desktop/SBSN/ros2_ws/install/unity_sim' for CMake config files
[1.560s] Level 1:colcon.colcon_core.shell:create_environment_hook('unity_sim', 'cmake_prefix_path')
[1.560s] INFO:colcon.colcon_core.shell:Creating environment hook '/home/adam/Desktop/SBSN/ros2_ws/install/unity_sim/share/unity_sim/hook/cmake_prefix_path.ps1'
[1.561s] INFO:colcon.colcon_core.shell:Creating environment descriptor '/home/adam/Desktop/SBSN/ros2_ws/install/unity_sim/share/unity_sim/hook/cmake_prefix_path.dsv'
[1.561s] INFO:colcon.colcon_core.shell:Creating environment hook '/home/adam/Desktop/SBSN/ros2_ws/install/unity_sim/share/unity_sim/hook/cmake_prefix_path.sh'
[1.561s] Level 1:colcon.colcon_core.environment:checking '/home/adam/Desktop/SBSN/ros2_ws/install/unity_sim/lib'
[1.562s] Level 1:colcon.colcon_core.environment:checking '/home/adam/Desktop/SBSN/ros2_ws/install/unity_sim/bin'
[1.562s] Level 1:colcon.colcon_core.environment:checking '/home/adam/Desktop/SBSN/ros2_ws/install/unity_sim/lib/pkgconfig/unity_sim.pc'
[1.562s] Level 1:colcon.colcon_core.environment:checking '/home/adam/Desktop/SBSN/ros2_ws/install/unity_sim/lib/python3.10/site-packages'
[1.562s] Level 1:colcon.colcon_core.environment:checking '/home/adam/Desktop/SBSN/ros2_ws/install/unity_sim/bin'
[1.562s] INFO:colcon.colcon_core.shell:Creating package script '/home/adam/Desktop/SBSN/ros2_ws/install/unity_sim/share/unity_sim/package.ps1'
[1.562s] INFO:colcon.colcon_core.shell:Creating package descriptor '/home/adam/Desktop/SBSN/ros2_ws/install/unity_sim/share/unity_sim/package.dsv'
[1.563s] INFO:colcon.colcon_core.shell:Creating package script '/home/adam/Desktop/SBSN/ros2_ws/install/unity_sim/share/unity_sim/package.sh'
[1.563s] INFO:colcon.colcon_core.shell:Creating package script '/home/adam/Desktop/SBSN/ros2_ws/install/unity_sim/share/unity_sim/package.bash'
[1.563s] INFO:colcon.colcon_core.shell:Creating package script '/home/adam/Desktop/SBSN/ros2_ws/install/unity_sim/share/unity_sim/package.zsh'
[1.564s] Level 1:colcon.colcon_core.environment:create_file_with_runtime_dependencies(/home/adam/Desktop/SBSN/ros2_ws/install/unity_sim/share/colcon-core/packages/unity_sim)
[1.599s] Level 1:colcon.colcon_core.environment:create_environment_scripts_only(social_metrics)
[1.600s] Level 1:colcon.colcon_core.environment:checking '/home/adam/Desktop/SBSN/ros2_ws/install/social_metrics' for CMake module files
[1.601s] Level 1:colcon.colcon_core.environment:checking '/home/adam/Desktop/SBSN/ros2_ws/install/social_metrics' for CMake config files
[1.602s] Level 1:colcon.colcon_core.shell:create_environment_hook('social_metrics', 'cmake_prefix_path')
[1.602s] INFO:colcon.colcon_core.shell:Creating environment hook '/home/adam/Desktop/SBSN/ros2_ws/install/social_metrics/share/social_metrics/hook/cmake_prefix_path.ps1'
[1.603s] INFO:colcon.colcon_core.shell:Creating environment descriptor '/home/adam/Desktop/SBSN/ros2_ws/install/social_metrics/share/social_metrics/hook/cmake_prefix_path.dsv'
[1.604s] INFO:colcon.colcon_core.shell:Creating environment hook '/home/adam/Desktop/SBSN/ros2_ws/install/social_metrics/share/social_metrics/hook/cmake_prefix_path.sh'
[1.605s] Level 1:colcon.colcon_core.environment:checking '/home/adam/Desktop/SBSN/ros2_ws/install/social_metrics/bin'
[1.605s] Level 1:colcon.colcon_core.environment:checking '/home/adam/Desktop/SBSN/ros2_ws/install/social_metrics/lib/pkgconfig/social_metrics.pc'
[1.605s] Level 1:colcon.colcon_core.environment:checking '/home/adam/Desktop/SBSN/ros2_ws/install/social_metrics/lib/python3.10/site-packages'
[1.606s] Level 1:colcon.colcon_core.environment:checking '/home/adam/Desktop/SBSN/ros2_ws/install/social_metrics/bin'
[1.607s] INFO:colcon.colcon_core.shell:Creating package script '/home/adam/Desktop/SBSN/ros2_ws/install/social_metrics/share/social_metrics/package.ps1'
[1.608s] INFO:colcon.colcon_core.shell:Creating package descriptor '/home/adam/Desktop/SBSN/ros2_ws/install/social_metrics/share/social_metrics/package.dsv'
[1.609s] INFO:colcon.colcon_core.shell:Creating package script '/home/adam/Desktop/SBSN/ros2_ws/install/social_metrics/share/social_metrics/package.sh'
[1.610s] INFO:colcon.colcon_core.shell:Creating package script '/home/adam/Desktop/SBSN/ros2_ws/install/social_metrics/share/social_metrics/package.bash'
[1.611s] INFO:colcon.colcon_core.shell:Creating package script '/home/adam/Desktop/SBSN/ros2_ws/install/social_metrics/share/social_metrics/package.zsh'
[1.612s] Level 1:colcon.colcon_core.environment:create_file_with_runtime_dependencies(/home/adam/Desktop/SBSN/ros2_ws/install/social_metrics/share/colcon-core/packages/social_metrics)
[1.650s] Level 1:colcon.colcon_core.environment:create_environment_scripts_only(simulation_msgs)
[1.651s] Level 1:colcon.colcon_core.environment:checking '/home/adam/Desktop/SBSN/ros2_ws/install/simulation_msgs' for CMake module files
[1.652s] DEBUG:colcon.colcon_core.event_handler.log_command:Invoked command in '/home/adam/Desktop/SBSN/ros2_ws/build/simulation_msgs' returned '0': CMAKE_PREFIX_PATH=/opt/ros/humble /home/adam/.local/bin/cmake --install /home/adam/Desktop/SBSN/ros2_ws/build/simulation_msgs
[1.654s] Level 1:colcon.colcon_core.environment:checking '/home/adam/Desktop/SBSN/ros2_ws/install/simulation_msgs' for CMake config files
[1.655s] Level 1:colcon.colcon_core.shell:create_environment_hook('simulation_msgs', 'cmake_prefix_path')
[1.656s] INFO:colcon.colcon_core.shell:Creating environment hook '/home/adam/Desktop/SBSN/ros2_ws/install/simulation_msgs/share/simulation_msgs/hook/cmake_prefix_path.ps1'
[1.657s] INFO:colcon.colcon_core.shell:Creating environment descriptor '/home/adam/Desktop/SBSN/ros2_ws/install/simulation_msgs/share/simulation_msgs/hook/cmake_prefix_path.dsv'
[1.658s] INFO:colcon.colcon_core.shell:Creating environment hook '/home/adam/Desktop/SBSN/ros2_ws/install/simulation_msgs/share/simulation_msgs/hook/cmake_prefix_path.sh'
[1.659s] Level 1:colcon.colcon_core.environment:checking '/home/adam/Desktop/SBSN/ros2_ws/install/simulation_msgs/lib'
[1.659s] Level 1:colcon.colcon_core.shell:create_environment_hook('simulation_msgs', 'ld_library_path_lib')
[1.659s] INFO:colcon.colcon_core.shell:Creating environment hook '/home/adam/Desktop/SBSN/ros2_ws/install/simulation_msgs/share/simulation_msgs/hook/ld_library_path_lib.ps1'
[1.660s] INFO:colcon.colcon_core.shell:Creating environment descriptor '/home/adam/Desktop/SBSN/ros2_ws/install/simulation_msgs/share/simulation_msgs/hook/ld_library_path_lib.dsv'
[1.661s] INFO:colcon.colcon_core.shell:Creating environment hook '/home/adam/Desktop/SBSN/ros2_ws/install/simulation_msgs/share/simulation_msgs/hook/ld_library_path_lib.sh'
[1.662s] Level 1:colcon.colcon_core.environment:checking '/home/adam/Desktop/SBSN/ros2_ws/install/simulation_msgs/bin'
[1.662s] Level 1:colcon.colcon_core.environment:checking '/home/adam/Desktop/SBSN/ros2_ws/install/simulation_msgs/lib/pkgconfig/simulation_msgs.pc'
[1.663s] Level 1:colcon.colcon_core.environment:checking '/home/adam/Desktop/SBSN/ros2_ws/install/simulation_msgs/lib/python3.10/site-packages'
[1.663s] Level 1:colcon.colcon_core.environment:checking '/home/adam/Desktop/SBSN/ros2_ws/install/simulation_msgs/bin'
[1.664s] INFO:colcon.colcon_core.shell:Creating package script '/home/adam/Desktop/SBSN/ros2_ws/install/simulation_msgs/share/simulation_msgs/package.ps1'
[1.665s] INFO:colcon.colcon_core.shell:Creating package descriptor '/home/adam/Desktop/SBSN/ros2_ws/install/simulation_msgs/share/simulation_msgs/package.dsv'
[1.666s] INFO:colcon.colcon_core.shell:Creating package script '/home/adam/Desktop/SBSN/ros2_ws/install/simulation_msgs/share/simulation_msgs/package.sh'
[1.667s] INFO:colcon.colcon_core.shell:Creating package script '/home/adam/Desktop/SBSN/ros2_ws/install/simulation_msgs/share/simulation_msgs/package.bash'
[1.667s] INFO:colcon.colcon_core.shell:Creating package script '/home/adam/Desktop/SBSN/ros2_ws/install/simulation_msgs/share/simulation_msgs/package.zsh'
[1.668s] Level 1:colcon.colcon_core.environment:create_file_with_runtime_dependencies(/home/adam/Desktop/SBSN/ros2_ws/install/simulation_msgs/share/colcon-core/packages/simulation_msgs)
[2.061s] Level 1:colcon.colcon_core.environment:create_environment_scripts_only(simulation_msgs)
[2.061s] Level 1:colcon.colcon_core.environment:checking '/home/adam/Desktop/SBSN/ros2_ws/install/simulation_msgs' for CMake module files
[2.063s] Level 1:colcon.colcon_core.environment:checking '/home/adam/Desktop/SBSN/ros2_ws/install/simulation_msgs' for CMake config files
[2.065s] Level 1:colcon.colcon_core.shell:create_environment_hook('simulation_msgs', 'cmake_prefix_path')
[2.065s] INFO:colcon.colcon_core.shell:Creating environment hook '/home/adam/Desktop/SBSN/ros2_ws/install/simulation_msgs/share/simulation_msgs/hook/cmake_prefix_path.ps1'
[2.067s] INFO:colcon.colcon_core.shell:Creating environment descriptor '/home/adam/Desktop/SBSN/ros2_ws/install/simulation_msgs/share/simulation_msgs/hook/cmake_prefix_path.dsv'
[2.067s] INFO:colcon.colcon_core.shell:Creating environment hook '/home/adam/Desktop/SBSN/ros2_ws/install/simulation_msgs/share/simulation_msgs/hook/cmake_prefix_path.sh'
[2.068s] Level 1:colcon.colcon_core.environment:checking '/home/adam/Desktop/SBSN/ros2_ws/install/simulation_msgs/lib'
[2.069s] Level 1:colcon.colcon_core.shell:create_environment_hook('simulation_msgs', 'ld_library_path_lib')
[2.069s] INFO:colcon.colcon_core.shell:Creating environment hook '/home/adam/Desktop/SBSN/ros2_ws/install/simulation_msgs/share/simulation_msgs/hook/ld_library_path_lib.ps1'
[2.070s] INFO:colcon.colcon_core.shell:Creating environment descriptor '/home/adam/Desktop/SBSN/ros2_ws/install/simulation_msgs/share/simulation_msgs/hook/ld_library_path_lib.dsv'
[2.070s] INFO:colcon.colcon_core.shell:Creating environment hook '/home/adam/Desktop/SBSN/ros2_ws/install/simulation_msgs/share/simulation_msgs/hook/ld_library_path_lib.sh'
[2.071s] Level 1:colcon.colcon_core.environment:checking '/home/adam/Desktop/SBSN/ros2_ws/install/simulation_msgs/bin'
[2.071s] Level 1:colcon.colcon_core.environment:checking '/home/adam/Desktop/SBSN/ros2_ws/install/simulation_msgs/lib/pkgconfig/simulation_msgs.pc'
[2.072s] Level 1:colcon.colcon_core.environment:checking '/home/adam/Desktop/SBSN/ros2_ws/install/simulation_msgs/lib/python3.10/site-packages'
[2.072s] Level 1:colcon.colcon_core.environment:checking '/home/adam/Desktop/SBSN/ros2_ws/install/simulation_msgs/bin'
[2.073s] INFO:colcon.colcon_core.shell:Creating package script '/home/adam/Desktop/SBSN/ros2_ws/install/simulation_msgs/share/simulation_msgs/package.ps1'
[2.074s] INFO:colcon.colcon_core.shell:Creating package descriptor '/home/adam/Desktop/SBSN/ros2_ws/install/simulation_msgs/share/simulation_msgs/package.dsv'
[2.075s] INFO:colcon.colcon_core.shell:Creating package script '/home/adam/Desktop/SBSN/ros2_ws/install/simulation_msgs/share/simulation_msgs/package.sh'
[2.076s] INFO:colcon.colcon_core.shell:Creating package script '/home/adam/Desktop/SBSN/ros2_ws/install/simulation_msgs/share/simulation_msgs/package.bash'
[2.077s] INFO:colcon.colcon_core.shell:Creating package script '/home/adam/Desktop/SBSN/ros2_ws/install/simulation_msgs/share/simulation_msgs/package.zsh'
[2.077s] Level 1:colcon.colcon_core.environment:create_file_with_runtime_dependencies(/home/adam/Desktop/SBSN/ros2_ws/install/simulation_msgs/share/colcon-core/packages/simulation_msgs)
[2.078s] DEBUG:colcon.colcon_parallel_executor.executor.parallel:closing loop
[2.078s] DEBUG:colcon.colcon_parallel_executor.executor.parallel:loop closed
[2.078s] DEBUG:colcon.colcon_parallel_executor.executor.parallel:run_until_complete finished with '0'
[2.078s] DEBUG:colcon.colcon_core.event_reactor:joining thread
[2.094s] INFO:colcon.colcon_core.plugin_system:Skipping extension 'colcon_notification.desktop_notification.notify_send': Could not find 'notify-send'
[2.094s] INFO:colcon.colcon_core.plugin_system:Skipping extension 'colcon_notification.desktop_notification.terminal_notifier': Not used on non-Darwin systems
[2.094s] INFO:colcon.colcon_core.plugin_system:Skipping extension 'colcon_notification.desktop_notification.win32': Not used on non-Windows systems
[2.094s] INFO:colcon.colcon_notification.desktop_notification:Sending desktop notification using 'notify2'
[2.120s] DEBUG:colcon.colcon_core.event_reactor:joined thread
[2.121s] INFO:colcon.colcon_core.shell:Creating prefix script '/home/adam/Desktop/SBSN/ros2_ws/install/local_setup.ps1'
[2.122s] INFO:colcon.colcon_core.shell:Creating prefix util module '/home/adam/Desktop/SBSN/ros2_ws/install/_local_setup_util_ps1.py'
[2.125s] INFO:colcon.colcon_core.shell:Creating prefix chain script '/home/adam/Desktop/SBSN/ros2_ws/install/setup.ps1'
[2.126s] INFO:colcon.colcon_core.shell:Creating prefix script '/home/adam/Desktop/SBSN/ros2_ws/install/local_setup.sh'
[2.127s] INFO:colcon.colcon_core.shell:Creating prefix util module '/home/adam/Desktop/SBSN/ros2_ws/install/_local_setup_util_sh.py'
[2.128s] INFO:colcon.colcon_core.shell:Creating prefix chain script '/home/adam/Desktop/SBSN/ros2_ws/install/setup.sh'
[2.130s] INFO:colcon.colcon_core.shell:Creating prefix script '/home/adam/Desktop/SBSN/ros2_ws/install/local_setup.bash'
[2.130s] INFO:colcon.colcon_core.shell:Creating prefix chain script '/home/adam/Desktop/SBSN/ros2_ws/install/setup.bash'
[2.132s] INFO:colcon.colcon_core.shell:Creating prefix script '/home/adam/Desktop/SBSN/ros2_ws/install/local_setup.zsh'
[2.133s] INFO:colcon.colcon_core.shell:Creating prefix chain script '/home/adam/Desktop/SBSN/ros2_ws/install/setup.zsh'
