[0.106s] DEBUG:colcon:Command line arguments: ['/home/adam/.local/bin/colcon', 'build']
[0.106s] DEBUG:colcon:Parsed command line arguments: Namespace(log_base=None, log_level=None, verb_name='build', build_base='build', install_base='install', merge_install=False, symlink_install=False, test_result_base=None, continue_on_error=False, executor='parallel', parallel_workers=16, event_handlers=None, ignore_user_meta=False, metas=['./colcon.meta'], base_paths=['.'], packages_ignore=None, packages_ignore_regex=None, paths=None, packages_up_to=None, packages_up_to_regex=None, packages_above=None, packages_above_and_dependencies=None, packages_above_depth=None, packages_select_by_dep=None, packages_skip_by_dep=None, packages_skip_up_to=None, packages_select_build_failed=False, packages_skip_build_finished=False, packages_select_test_failures=False, packages_skip_test_passed=False, packages_select=None, packages_skip=None, packages_select_regex=None, packages_skip_regex=None, packages_start=None, packages_end=None, allow_overriding=[], cmake_args=None, cmake_target=None, cmake_target_skip_unavailable=False, cmake_clean_cache=False, cmake_clean_first=False, cmake_force_configure=False, ament_cmake_args=None, catkin_cmake_args=None, catkin_skip_building_tests=False, verb_parser=<colcon_defaults.argument_parser.defaults.DefaultArgumentsDecorator object at 0x7a198e0f7310>, verb_extension=<colcon_core.verb.build.BuildVerb object at 0x7a198e1d7e20>, main=<bound method BuildVerb.main of <colcon_core.verb.build.BuildVerb object at 0x7a198e1d7e20>>)
[0.257s] Level 1:colcon.colcon_core.package_discovery:discover_packages(colcon_meta) check parameters
[0.257s] Level 1:colcon.colcon_core.package_discovery:discover_packages(recursive) check parameters
[0.257s] Level 1:colcon.colcon_core.package_discovery:discover_packages(ignore) check parameters
[0.257s] Level 1:colcon.colcon_core.package_discovery:discover_packages(path) check parameters
[0.257s] Level 1:colcon.colcon_core.package_discovery:discover_packages(colcon_meta) discover
[0.257s] Level 1:colcon.colcon_core.package_discovery:discover_packages(recursive) discover
[0.258s] INFO:colcon.colcon_core.package_discovery:Crawling recursively for packages in '/home/adam/Desktop/SBSN/ros2_ws'
[0.258s] Level 1:colcon.colcon_core.package_identification:_identify(.) by extensions ['ignore', 'ignore_ament_install']
[0.258s] Level 1:colcon.colcon_core.package_identification:_identify(.) by extension 'ignore'
[0.258s] Level 1:colcon.colcon_core.package_identification:_identify(.) by extension 'ignore_ament_install'
[0.258s] Level 1:colcon.colcon_core.package_identification:_identify(.) by extensions ['colcon_pkg']
[0.258s] Level 1:colcon.colcon_core.package_identification:_identify(.) by extension 'colcon_pkg'
[0.258s] Level 1:colcon.colcon_core.package_identification:_identify(.) by extensions ['colcon_meta']
[0.258s] Level 1:colcon.colcon_core.package_identification:_identify(.) by extension 'colcon_meta'
[0.258s] Level 1:colcon.colcon_core.package_identification:_identify(.) by extensions ['ros']
[0.258s] Level 1:colcon.colcon_core.package_identification:_identify(.) by extension 'ros'
[0.266s] Level 1:colcon.colcon_core.package_identification:_identify(.) by extensions ['cmake', 'python']
[0.266s] Level 1:colcon.colcon_core.package_identification:_identify(.) by extension 'cmake'
[0.266s] Level 1:colcon.colcon_core.package_identification:_identify(.) by extension 'python'
[0.266s] Level 1:colcon.colcon_core.package_identification:_identify(.) by extensions ['python_setup_py']
[0.267s] Level 1:colcon.colcon_core.package_identification:_identify(.) by extension 'python_setup_py'
[0.267s] Level 1:colcon.colcon_core.package_identification:_identify(build) by extensions ['ignore', 'ignore_ament_install']
[0.267s] Level 1:colcon.colcon_core.package_identification:_identify(build) by extension 'ignore'
[0.267s] Level 1:colcon.colcon_core.package_identification:_identify(build) ignored
[0.267s] Level 1:colcon.colcon_core.package_identification:_identify(install) by extensions ['ignore', 'ignore_ament_install']
[0.267s] Level 1:colcon.colcon_core.package_identification:_identify(install) by extension 'ignore'
[0.267s] Level 1:colcon.colcon_core.package_identification:_identify(install) ignored
[0.267s] Level 1:colcon.colcon_core.package_identification:_identify(log) by extensions ['ignore', 'ignore_ament_install']
[0.267s] Level 1:colcon.colcon_core.package_identification:_identify(log) by extension 'ignore'
[0.267s] Level 1:colcon.colcon_core.package_identification:_identify(log) ignored
[0.267s] Level 1:colcon.colcon_core.package_identification:_identify(src) by extensions ['ignore', 'ignore_ament_install']
[0.267s] Level 1:colcon.colcon_core.package_identification:_identify(src) by extension 'ignore'
[0.267s] Level 1:colcon.colcon_core.package_identification:_identify(src) by extension 'ignore_ament_install'
[0.267s] Level 1:colcon.colcon_core.package_identification:_identify(src) by extensions ['colcon_pkg']
[0.267s] Level 1:colcon.colcon_core.package_identification:_identify(src) by extension 'colcon_pkg'
[0.267s] Level 1:colcon.colcon_core.package_identification:_identify(src) by extensions ['colcon_meta']
[0.267s] Level 1:colcon.colcon_core.package_identification:_identify(src) by extension 'colcon_meta'
[0.267s] Level 1:colcon.colcon_core.package_identification:_identify(src) by extensions ['ros']
[0.267s] Level 1:colcon.colcon_core.package_identification:_identify(src) by extension 'ros'
[0.267s] Level 1:colcon.colcon_core.package_identification:_identify(src) by extensions ['cmake', 'python']
[0.267s] Level 1:colcon.colcon_core.package_identification:_identify(src) by extension 'cmake'
[0.267s] Level 1:colcon.colcon_core.package_identification:_identify(src) by extension 'python'
[0.267s] Level 1:colcon.colcon_core.package_identification:_identify(src) by extensions ['python_setup_py']
[0.267s] Level 1:colcon.colcon_core.package_identification:_identify(src) by extension 'python_setup_py'
[0.268s] Level 1:colcon.colcon_core.package_identification:_identify(src/MBSN) by extensions ['ignore', 'ignore_ament_install']
[0.268s] Level 1:colcon.colcon_core.package_identification:_identify(src/MBSN) by extension 'ignore'
[0.268s] Level 1:colcon.colcon_core.package_identification:_identify(src/MBSN) by extension 'ignore_ament_install'
[0.268s] Level 1:colcon.colcon_core.package_identification:_identify(src/MBSN) by extensions ['colcon_pkg']
[0.268s] Level 1:colcon.colcon_core.package_identification:_identify(src/MBSN) by extension 'colcon_pkg'
[0.268s] Level 1:colcon.colcon_core.package_identification:_identify(src/MBSN) by extensions ['colcon_meta']
[0.268s] Level 1:colcon.colcon_core.package_identification:_identify(src/MBSN) by extension 'colcon_meta'
[0.268s] Level 1:colcon.colcon_core.package_identification:_identify(src/MBSN) by extensions ['ros']
[0.268s] Level 1:colcon.colcon_core.package_identification:_identify(src/MBSN) by extension 'ros'
[0.270s] DEBUG:colcon.colcon_core.package_identification:Package 'src/MBSN' with type 'ros.ament_cmake' and name 'mbsn'
[0.270s] Level 1:colcon.colcon_core.package_identification:_identify(src/ROS-TCP-Endpoint) by extensions ['ignore', 'ignore_ament_install']
[0.270s] Level 1:colcon.colcon_core.package_identification:_identify(src/ROS-TCP-Endpoint) by extension 'ignore'
[0.270s] Level 1:colcon.colcon_core.package_identification:_identify(src/ROS-TCP-Endpoint) by extension 'ignore_ament_install'
[0.270s] Level 1:colcon.colcon_core.package_identification:_identify(src/ROS-TCP-Endpoint) by extensions ['colcon_pkg']
[0.270s] Level 1:colcon.colcon_core.package_identification:_identify(src/ROS-TCP-Endpoint) by extension 'colcon_pkg'
[0.270s] Level 1:colcon.colcon_core.package_identification:_identify(src/ROS-TCP-Endpoint) by extensions ['colcon_meta']
[0.270s] Level 1:colcon.colcon_core.package_identification:_identify(src/ROS-TCP-Endpoint) by extension 'colcon_meta'
[0.270s] Level 1:colcon.colcon_core.package_identification:_identify(src/ROS-TCP-Endpoint) by extensions ['ros']
[0.270s] Level 1:colcon.colcon_core.package_identification:_identify(src/ROS-TCP-Endpoint) by extension 'ros'
[0.270s] DEBUG:colcon.colcon_core.package_identification:Package 'src/ROS-TCP-Endpoint' with type 'ros.ament_python' and name 'ros_tcp_endpoint'
[0.271s] Level 1:colcon.colcon_core.package_identification:_identify(src/agent_trajectory_prediction) by extensions ['ignore', 'ignore_ament_install']
[0.271s] Level 1:colcon.colcon_core.package_identification:_identify(src/agent_trajectory_prediction) by extension 'ignore'
[0.271s] Level 1:colcon.colcon_core.package_identification:_identify(src/agent_trajectory_prediction) by extension 'ignore_ament_install'
[0.271s] Level 1:colcon.colcon_core.package_identification:_identify(src/agent_trajectory_prediction) by extensions ['colcon_pkg']
[0.271s] Level 1:colcon.colcon_core.package_identification:_identify(src/agent_trajectory_prediction) by extension 'colcon_pkg'
[0.271s] Level 1:colcon.colcon_core.package_identification:_identify(src/agent_trajectory_prediction) by extensions ['colcon_meta']
[0.271s] Level 1:colcon.colcon_core.package_identification:_identify(src/agent_trajectory_prediction) by extension 'colcon_meta'
[0.271s] Level 1:colcon.colcon_core.package_identification:_identify(src/agent_trajectory_prediction) by extensions ['ros']
[0.271s] Level 1:colcon.colcon_core.package_identification:_identify(src/agent_trajectory_prediction) by extension 'ros'
[0.271s] DEBUG:colcon.colcon_core.package_identification:Package 'src/agent_trajectory_prediction' with type 'ros.ament_cmake' and name 'agent_trajectory_prediction'
[0.271s] Level 1:colcon.colcon_core.package_identification:_identify(src/assets) by extensions ['ignore', 'ignore_ament_install']
[0.271s] Level 1:colcon.colcon_core.package_identification:_identify(src/assets) by extension 'ignore'
[0.272s] Level 1:colcon.colcon_core.package_identification:_identify(src/assets) by extension 'ignore_ament_install'
[0.272s] Level 1:colcon.colcon_core.package_identification:_identify(src/assets) by extensions ['colcon_pkg']
[0.272s] Level 1:colcon.colcon_core.package_identification:_identify(src/assets) by extension 'colcon_pkg'
[0.272s] Level 1:colcon.colcon_core.package_identification:_identify(src/assets) by extensions ['colcon_meta']
[0.272s] Level 1:colcon.colcon_core.package_identification:_identify(src/assets) by extension 'colcon_meta'
[0.272s] Level 1:colcon.colcon_core.package_identification:_identify(src/assets) by extensions ['ros']
[0.272s] Level 1:colcon.colcon_core.package_identification:_identify(src/assets) by extension 'ros'
[0.272s] DEBUG:colcon.colcon_core.package_identification:Package 'src/assets' with type 'ros.ament_cmake' and name 'assets'
[0.272s] Level 1:colcon.colcon_core.package_identification:_identify(src/msgs) by extensions ['ignore', 'ignore_ament_install']
[0.272s] Level 1:colcon.colcon_core.package_identification:_identify(src/msgs) by extension 'ignore'
[0.272s] Level 1:colcon.colcon_core.package_identification:_identify(src/msgs) by extension 'ignore_ament_install'
[0.272s] Level 1:colcon.colcon_core.package_identification:_identify(src/msgs) by extensions ['colcon_pkg']
[0.272s] Level 1:colcon.colcon_core.package_identification:_identify(src/msgs) by extension 'colcon_pkg'
[0.272s] Level 1:colcon.colcon_core.package_identification:_identify(src/msgs) by extensions ['colcon_meta']
[0.272s] Level 1:colcon.colcon_core.package_identification:_identify(src/msgs) by extension 'colcon_meta'
[0.272s] Level 1:colcon.colcon_core.package_identification:_identify(src/msgs) by extensions ['ros']
[0.272s] Level 1:colcon.colcon_core.package_identification:_identify(src/msgs) by extension 'ros'
[0.273s] Level 1:colcon.colcon_core.package_identification:_identify(src/msgs) by extensions ['cmake', 'python']
[0.273s] Level 1:colcon.colcon_core.package_identification:_identify(src/msgs) by extension 'cmake'
[0.273s] Level 1:colcon.colcon_core.package_identification:_identify(src/msgs) by extension 'python'
[0.273s] Level 1:colcon.colcon_core.package_identification:_identify(src/msgs) by extensions ['python_setup_py']
[0.273s] Level 1:colcon.colcon_core.package_identification:_identify(src/msgs) by extension 'python_setup_py'
[0.273s] Level 1:colcon.colcon_core.package_identification:_identify(src/msgs/agents_msgs) by extensions ['ignore', 'ignore_ament_install']
[0.273s] Level 1:colcon.colcon_core.package_identification:_identify(src/msgs/agents_msgs) by extension 'ignore'
[0.273s] Level 1:colcon.colcon_core.package_identification:_identify(src/msgs/agents_msgs) by extension 'ignore_ament_install'
[0.273s] Level 1:colcon.colcon_core.package_identification:_identify(src/msgs/agents_msgs) by extensions ['colcon_pkg']
[0.273s] Level 1:colcon.colcon_core.package_identification:_identify(src/msgs/agents_msgs) by extension 'colcon_pkg'
[0.273s] Level 1:colcon.colcon_core.package_identification:_identify(src/msgs/agents_msgs) by extensions ['colcon_meta']
[0.273s] Level 1:colcon.colcon_core.package_identification:_identify(src/msgs/agents_msgs) by extension 'colcon_meta'
[0.273s] Level 1:colcon.colcon_core.package_identification:_identify(src/msgs/agents_msgs) by extensions ['ros']
[0.273s] Level 1:colcon.colcon_core.package_identification:_identify(src/msgs/agents_msgs) by extension 'ros'
[0.273s] DEBUG:colcon.colcon_core.package_identification:Package 'src/msgs/agents_msgs' with type 'ros.ament_cmake' and name 'agents_msgs'
[0.274s] Level 1:colcon.colcon_core.package_identification:_identify(src/msgs/graph_msgs) by extensions ['ignore', 'ignore_ament_install']
[0.274s] Level 1:colcon.colcon_core.package_identification:_identify(src/msgs/graph_msgs) by extension 'ignore'
[0.274s] Level 1:colcon.colcon_core.package_identification:_identify(src/msgs/graph_msgs) by extension 'ignore_ament_install'
[0.274s] Level 1:colcon.colcon_core.package_identification:_identify(src/msgs/graph_msgs) by extensions ['colcon_pkg']
[0.274s] Level 1:colcon.colcon_core.package_identification:_identify(src/msgs/graph_msgs) by extension 'colcon_pkg'
[0.274s] Level 1:colcon.colcon_core.package_identification:_identify(src/msgs/graph_msgs) by extensions ['colcon_meta']
[0.274s] Level 1:colcon.colcon_core.package_identification:_identify(src/msgs/graph_msgs) by extension 'colcon_meta'
[0.274s] Level 1:colcon.colcon_core.package_identification:_identify(src/msgs/graph_msgs) by extensions ['ros']
[0.274s] Level 1:colcon.colcon_core.package_identification:_identify(src/msgs/graph_msgs) by extension 'ros'
[0.274s] DEBUG:colcon.colcon_core.package_identification:Package 'src/msgs/graph_msgs' with type 'ros.ament_cmake' and name 'graph_msgs'
[0.274s] Level 1:colcon.colcon_core.package_identification:_identify(src/msgs/metric_msgs) by extensions ['ignore', 'ignore_ament_install']
[0.274s] Level 1:colcon.colcon_core.package_identification:_identify(src/msgs/metric_msgs) by extension 'ignore'
[0.275s] Level 1:colcon.colcon_core.package_identification:_identify(src/msgs/metric_msgs) by extension 'ignore_ament_install'
[0.275s] Level 1:colcon.colcon_core.package_identification:_identify(src/msgs/metric_msgs) by extensions ['colcon_pkg']
[0.275s] Level 1:colcon.colcon_core.package_identification:_identify(src/msgs/metric_msgs) by extension 'colcon_pkg'
[0.275s] Level 1:colcon.colcon_core.package_identification:_identify(src/msgs/metric_msgs) by extensions ['colcon_meta']
[0.275s] Level 1:colcon.colcon_core.package_identification:_identify(src/msgs/metric_msgs) by extension 'colcon_meta'
[0.275s] Level 1:colcon.colcon_core.package_identification:_identify(src/msgs/metric_msgs) by extensions ['ros']
[0.275s] Level 1:colcon.colcon_core.package_identification:_identify(src/msgs/metric_msgs) by extension 'ros'
[0.275s] DEBUG:colcon.colcon_core.package_identification:Package 'src/msgs/metric_msgs' with type 'ros.ament_cmake' and name 'metric_msgs'
[0.275s] Level 1:colcon.colcon_core.package_identification:_identify(src/msgs/simulation_msgs) by extensions ['ignore', 'ignore_ament_install']
[0.275s] Level 1:colcon.colcon_core.package_identification:_identify(src/msgs/simulation_msgs) by extension 'ignore'
[0.275s] Level 1:colcon.colcon_core.package_identification:_identify(src/msgs/simulation_msgs) by extension 'ignore_ament_install'
[0.275s] Level 1:colcon.colcon_core.package_identification:_identify(src/msgs/simulation_msgs) by extensions ['colcon_pkg']
[0.275s] Level 1:colcon.colcon_core.package_identification:_identify(src/msgs/simulation_msgs) by extension 'colcon_pkg'
[0.275s] Level 1:colcon.colcon_core.package_identification:_identify(src/msgs/simulation_msgs) by extensions ['colcon_meta']
[0.275s] Level 1:colcon.colcon_core.package_identification:_identify(src/msgs/simulation_msgs) by extension 'colcon_meta'
[0.275s] Level 1:colcon.colcon_core.package_identification:_identify(src/msgs/simulation_msgs) by extensions ['ros']
[0.275s] Level 1:colcon.colcon_core.package_identification:_identify(src/msgs/simulation_msgs) by extension 'ros'
[0.276s] DEBUG:colcon.colcon_core.package_identification:Package 'src/msgs/simulation_msgs' with type 'ros.ament_cmake' and name 'simulation_msgs'
[0.276s] Level 1:colcon.colcon_core.package_identification:_identify(src/nav2_my_controller) by extensions ['ignore', 'ignore_ament_install']
[0.276s] Level 1:colcon.colcon_core.package_identification:_identify(src/nav2_my_controller) by extension 'ignore'
[0.276s] Level 1:colcon.colcon_core.package_identification:_identify(src/nav2_my_controller) by extension 'ignore_ament_install'
[0.276s] Level 1:colcon.colcon_core.package_identification:_identify(src/nav2_my_controller) by extensions ['colcon_pkg']
[0.276s] Level 1:colcon.colcon_core.package_identification:_identify(src/nav2_my_controller) by extension 'colcon_pkg'
[0.276s] Level 1:colcon.colcon_core.package_identification:_identify(src/nav2_my_controller) by extensions ['colcon_meta']
[0.276s] Level 1:colcon.colcon_core.package_identification:_identify(src/nav2_my_controller) by extension 'colcon_meta'
[0.276s] Level 1:colcon.colcon_core.package_identification:_identify(src/nav2_my_controller) by extensions ['ros']
[0.276s] Level 1:colcon.colcon_core.package_identification:_identify(src/nav2_my_controller) by extension 'ros'
[0.276s] Level 1:colcon.colcon_core.package_identification:_identify(src/nav2_my_controller) by extensions ['cmake', 'python']
[0.276s] Level 1:colcon.colcon_core.package_identification:_identify(src/nav2_my_controller) by extension 'cmake'
[0.276s] Level 1:colcon.colcon_core.package_identification:_identify(src/nav2_my_controller) by extension 'python'
[0.276s] Level 1:colcon.colcon_core.package_identification:_identify(src/nav2_my_controller) by extensions ['python_setup_py']
[0.276s] Level 1:colcon.colcon_core.package_identification:_identify(src/nav2_my_controller) by extension 'python_setup_py'
[0.276s] Level 1:colcon.colcon_core.package_identification:_identify(src/nav2_my_controller/my_controller) by extensions ['ignore', 'ignore_ament_install']
[0.277s] Level 1:colcon.colcon_core.package_identification:_identify(src/nav2_my_controller/my_controller) by extension 'ignore'
[0.277s] Level 1:colcon.colcon_core.package_identification:_identify(src/nav2_my_controller/my_controller) by extension 'ignore_ament_install'
[0.277s] Level 1:colcon.colcon_core.package_identification:_identify(src/nav2_my_controller/my_controller) by extensions ['colcon_pkg']
[0.277s] Level 1:colcon.colcon_core.package_identification:_identify(src/nav2_my_controller/my_controller) by extension 'colcon_pkg'
[0.277s] Level 1:colcon.colcon_core.package_identification:_identify(src/nav2_my_controller/my_controller) by extensions ['colcon_meta']
[0.277s] Level 1:colcon.colcon_core.package_identification:_identify(src/nav2_my_controller/my_controller) by extension 'colcon_meta'
[0.277s] Level 1:colcon.colcon_core.package_identification:_identify(src/nav2_my_controller/my_controller) by extensions ['ros']
[0.277s] Level 1:colcon.colcon_core.package_identification:_identify(src/nav2_my_controller/my_controller) by extension 'ros'
[0.277s] DEBUG:colcon.colcon_core.package_identification:Package 'src/nav2_my_controller/my_controller' with type 'ros.ament_cmake' and name 'my_controller'
[0.277s] Level 1:colcon.colcon_core.package_identification:_identify(src/social_metrics) by extensions ['ignore', 'ignore_ament_install']
[0.278s] Level 1:colcon.colcon_core.package_identification:_identify(src/social_metrics) by extension 'ignore'
[0.278s] Level 1:colcon.colcon_core.package_identification:_identify(src/social_metrics) by extension 'ignore_ament_install'
[0.278s] Level 1:colcon.colcon_core.package_identification:_identify(src/social_metrics) by extensions ['colcon_pkg']
[0.278s] Level 1:colcon.colcon_core.package_identification:_identify(src/social_metrics) by extension 'colcon_pkg'
[0.278s] Level 1:colcon.colcon_core.package_identification:_identify(src/social_metrics) by extensions ['colcon_meta']
[0.278s] Level 1:colcon.colcon_core.package_identification:_identify(src/social_metrics) by extension 'colcon_meta'
[0.278s] Level 1:colcon.colcon_core.package_identification:_identify(src/social_metrics) by extensions ['ros']
[0.278s] Level 1:colcon.colcon_core.package_identification:_identify(src/social_metrics) by extension 'ros'
[0.278s] DEBUG:colcon.colcon_core.package_identification:Package 'src/social_metrics' with type 'ros.ament_cmake' and name 'social_metrics'
[0.278s] Level 1:colcon.colcon_core.package_identification:_identify(src/unity_sim) by extensions ['ignore', 'ignore_ament_install']
[0.278s] Level 1:colcon.colcon_core.package_identification:_identify(src/unity_sim) by extension 'ignore'
[0.278s] Level 1:colcon.colcon_core.package_identification:_identify(src/unity_sim) by extension 'ignore_ament_install'
[0.278s] Level 1:colcon.colcon_core.package_identification:_identify(src/unity_sim) by extensions ['colcon_pkg']
[0.278s] Level 1:colcon.colcon_core.package_identification:_identify(src/unity_sim) by extension 'colcon_pkg'
[0.279s] Level 1:colcon.colcon_core.package_identification:_identify(src/unity_sim) by extensions ['colcon_meta']
[0.279s] Level 1:colcon.colcon_core.package_identification:_identify(src/unity_sim) by extension 'colcon_meta'
[0.279s] Level 1:colcon.colcon_core.package_identification:_identify(src/unity_sim) by extensions ['ros']
[0.279s] Level 1:colcon.colcon_core.package_identification:_identify(src/unity_sim) by extension 'ros'
[0.279s] DEBUG:colcon.colcon_core.package_identification:Package 'src/unity_sim' with type 'ros.ament_cmake' and name 'unity_sim'
[0.279s] Level 1:colcon.colcon_core.package_discovery:discover_packages(recursive) using defaults
[0.279s] Level 1:colcon.colcon_core.package_discovery:discover_packages(ignore) discover
[0.279s] Level 1:colcon.colcon_core.package_discovery:discover_packages(ignore) using defaults
[0.279s] Level 1:colcon.colcon_core.package_discovery:discover_packages(path) discover
[0.279s] Level 1:colcon.colcon_core.package_discovery:discover_packages(path) using defaults
[0.306s] Level 1:colcon.colcon_core.package_discovery:discover_packages(prefix_path) check parameters
[0.306s] Level 1:colcon.colcon_core.package_discovery:discover_packages(prefix_path) discover
[0.307s] DEBUG:colcon.colcon_installed_package_information.package_discovery:Found 337 installed packages in /opt/ros/humble
[0.309s] Level 1:colcon.colcon_core.package_discovery:discover_packages(prefix_path) using defaults
[0.364s] Level 5:colcon.colcon_core.verb:set package 'agent_trajectory_prediction' build argument 'cmake_args' from command line to 'None'
[0.364s] Level 5:colcon.colcon_core.verb:set package 'agent_trajectory_prediction' build argument 'cmake_target' from command line to 'None'
[0.364s] Level 5:colcon.colcon_core.verb:set package 'agent_trajectory_prediction' build argument 'cmake_target_skip_unavailable' from command line to 'False'
[0.364s] Level 5:colcon.colcon_core.verb:set package 'agent_trajectory_prediction' build argument 'cmake_clean_cache' from command line to 'False'
[0.364s] Level 5:colcon.colcon_core.verb:set package 'agent_trajectory_prediction' build argument 'cmake_clean_first' from command line to 'False'
[0.364s] Level 5:colcon.colcon_core.verb:set package 'agent_trajectory_prediction' build argument 'cmake_force_configure' from command line to 'False'
[0.364s] Level 5:colcon.colcon_core.verb:set package 'agent_trajectory_prediction' build argument 'ament_cmake_args' from command line to 'None'
[0.365s] Level 5:colcon.colcon_core.verb:set package 'agent_trajectory_prediction' build argument 'catkin_cmake_args' from command line to 'None'
[0.365s] Level 5:colcon.colcon_core.verb:set package 'agent_trajectory_prediction' build argument 'catkin_skip_building_tests' from command line to 'False'
[0.365s] DEBUG:colcon.colcon_core.verb:Building package 'agent_trajectory_prediction' with the following arguments: {'ament_cmake_args': None, 'build_base': '/home/adam/Desktop/SBSN/ros2_ws/build/agent_trajectory_prediction', 'catkin_cmake_args': None, 'catkin_skip_building_tests': False, 'cmake_args': None, 'cmake_clean_cache': False, 'cmake_clean_first': False, 'cmake_force_configure': False, 'cmake_target': None, 'cmake_target_skip_unavailable': False, 'install_base': '/home/adam/Desktop/SBSN/ros2_ws/install/agent_trajectory_prediction', 'merge_install': False, 'path': '/home/adam/Desktop/SBSN/ros2_ws/src/agent_trajectory_prediction', 'symlink_install': False, 'test_result_base': None}
[0.366s] Level 5:colcon.colcon_core.verb:set package 'agents_msgs' build argument 'cmake_args' from command line to 'None'
[0.366s] Level 5:colcon.colcon_core.verb:set package 'agents_msgs' build argument 'cmake_target' from command line to 'None'
[0.366s] Level 5:colcon.colcon_core.verb:set package 'agents_msgs' build argument 'cmake_target_skip_unavailable' from command line to 'False'
[0.366s] Level 5:colcon.colcon_core.verb:set package 'agents_msgs' build argument 'cmake_clean_cache' from command line to 'False'
[0.366s] Level 5:colcon.colcon_core.verb:set package 'agents_msgs' build argument 'cmake_clean_first' from command line to 'False'
[0.366s] Level 5:colcon.colcon_core.verb:set package 'agents_msgs' build argument 'cmake_force_configure' from command line to 'False'
[0.366s] Level 5:colcon.colcon_core.verb:set package 'agents_msgs' build argument 'ament_cmake_args' from command line to 'None'
[0.366s] Level 5:colcon.colcon_core.verb:set package 'agents_msgs' build argument 'catkin_cmake_args' from command line to 'None'
[0.366s] Level 5:colcon.colcon_core.verb:set package 'agents_msgs' build argument 'catkin_skip_building_tests' from command line to 'False'
[0.366s] DEBUG:colcon.colcon_core.verb:Building package 'agents_msgs' with the following arguments: {'ament_cmake_args': None, 'build_base': '/home/adam/Desktop/SBSN/ros2_ws/build/agents_msgs', 'catkin_cmake_args': None, 'catkin_skip_building_tests': False, 'cmake_args': None, 'cmake_clean_cache': False, 'cmake_clean_first': False, 'cmake_force_configure': False, 'cmake_target': None, 'cmake_target_skip_unavailable': False, 'install_base': '/home/adam/Desktop/SBSN/ros2_ws/install/agents_msgs', 'merge_install': False, 'path': '/home/adam/Desktop/SBSN/ros2_ws/src/msgs/agents_msgs', 'symlink_install': False, 'test_result_base': None}
[0.367s] Level 5:colcon.colcon_core.verb:set package 'assets' build argument 'cmake_args' from command line to 'None'
[0.367s] Level 5:colcon.colcon_core.verb:set package 'assets' build argument 'cmake_target' from command line to 'None'
[0.367s] Level 5:colcon.colcon_core.verb:set package 'assets' build argument 'cmake_target_skip_unavailable' from command line to 'False'
[0.367s] Level 5:colcon.colcon_core.verb:set package 'assets' build argument 'cmake_clean_cache' from command line to 'False'
[0.367s] Level 5:colcon.colcon_core.verb:set package 'assets' build argument 'cmake_clean_first' from command line to 'False'
[0.367s] Level 5:colcon.colcon_core.verb:set package 'assets' build argument 'cmake_force_configure' from command line to 'False'
[0.367s] Level 5:colcon.colcon_core.verb:set package 'assets' build argument 'ament_cmake_args' from command line to 'None'
[0.367s] Level 5:colcon.colcon_core.verb:set package 'assets' build argument 'catkin_cmake_args' from command line to 'None'
[0.367s] Level 5:colcon.colcon_core.verb:set package 'assets' build argument 'catkin_skip_building_tests' from command line to 'False'
[0.367s] DEBUG:colcon.colcon_core.verb:Building package 'assets' with the following arguments: {'ament_cmake_args': None, 'build_base': '/home/adam/Desktop/SBSN/ros2_ws/build/assets', 'catkin_cmake_args': None, 'catkin_skip_building_tests': False, 'cmake_args': None, 'cmake_clean_cache': False, 'cmake_clean_first': False, 'cmake_force_configure': False, 'cmake_target': None, 'cmake_target_skip_unavailable': False, 'install_base': '/home/adam/Desktop/SBSN/ros2_ws/install/assets', 'merge_install': False, 'path': '/home/adam/Desktop/SBSN/ros2_ws/src/assets', 'symlink_install': False, 'test_result_base': None}
[0.368s] Level 5:colcon.colcon_core.verb:set package 'graph_msgs' build argument 'cmake_args' from command line to 'None'
[0.368s] Level 5:colcon.colcon_core.verb:set package 'graph_msgs' build argument 'cmake_target' from command line to 'None'
[0.368s] Level 5:colcon.colcon_core.verb:set package 'graph_msgs' build argument 'cmake_target_skip_unavailable' from command line to 'False'
[0.368s] Level 5:colcon.colcon_core.verb:set package 'graph_msgs' build argument 'cmake_clean_cache' from command line to 'False'
[0.368s] Level 5:colcon.colcon_core.verb:set package 'graph_msgs' build argument 'cmake_clean_first' from command line to 'False'
[0.368s] Level 5:colcon.colcon_core.verb:set package 'graph_msgs' build argument 'cmake_force_configure' from command line to 'False'
[0.368s] Level 5:colcon.colcon_core.verb:set package 'graph_msgs' build argument 'ament_cmake_args' from command line to 'None'
[0.368s] Level 5:colcon.colcon_core.verb:set package 'graph_msgs' build argument 'catkin_cmake_args' from command line to 'None'
[0.368s] Level 5:colcon.colcon_core.verb:set package 'graph_msgs' build argument 'catkin_skip_building_tests' from command line to 'False'
[0.368s] DEBUG:colcon.colcon_core.verb:Building package 'graph_msgs' with the following arguments: {'ament_cmake_args': None, 'build_base': '/home/adam/Desktop/SBSN/ros2_ws/build/graph_msgs', 'catkin_cmake_args': None, 'catkin_skip_building_tests': False, 'cmake_args': None, 'cmake_clean_cache': False, 'cmake_clean_first': False, 'cmake_force_configure': False, 'cmake_target': None, 'cmake_target_skip_unavailable': False, 'install_base': '/home/adam/Desktop/SBSN/ros2_ws/install/graph_msgs', 'merge_install': False, 'path': '/home/adam/Desktop/SBSN/ros2_ws/src/msgs/graph_msgs', 'symlink_install': False, 'test_result_base': None}
[0.368s] Level 5:colcon.colcon_core.verb:set package 'mbsn' build argument 'cmake_args' from command line to 'None'
[0.368s] Level 5:colcon.colcon_core.verb:set package 'mbsn' build argument 'cmake_target' from command line to 'None'
[0.368s] Level 5:colcon.colcon_core.verb:set package 'mbsn' build argument 'cmake_target_skip_unavailable' from command line to 'False'
[0.368s] Level 5:colcon.colcon_core.verb:set package 'mbsn' build argument 'cmake_clean_cache' from command line to 'False'
[0.368s] Level 5:colcon.colcon_core.verb:set package 'mbsn' build argument 'cmake_clean_first' from command line to 'False'
[0.368s] Level 5:colcon.colcon_core.verb:set package 'mbsn' build argument 'cmake_force_configure' from command line to 'False'
[0.368s] Level 5:colcon.colcon_core.verb:set package 'mbsn' build argument 'ament_cmake_args' from command line to 'None'
[0.369s] Level 5:colcon.colcon_core.verb:set package 'mbsn' build argument 'catkin_cmake_args' from command line to 'None'
[0.369s] Level 5:colcon.colcon_core.verb:set package 'mbsn' build argument 'catkin_skip_building_tests' from command line to 'False'
[0.369s] DEBUG:colcon.colcon_core.verb:Building package 'mbsn' with the following arguments: {'ament_cmake_args': None, 'build_base': '/home/adam/Desktop/SBSN/ros2_ws/build/mbsn', 'catkin_cmake_args': None, 'catkin_skip_building_tests': False, 'cmake_args': None, 'cmake_clean_cache': False, 'cmake_clean_first': False, 'cmake_force_configure': False, 'cmake_target': None, 'cmake_target_skip_unavailable': False, 'install_base': '/home/adam/Desktop/SBSN/ros2_ws/install/mbsn', 'merge_install': False, 'path': '/home/adam/Desktop/SBSN/ros2_ws/src/MBSN', 'symlink_install': False, 'test_result_base': None}
[0.369s] Level 5:colcon.colcon_core.verb:set package 'metric_msgs' build argument 'cmake_args' from command line to 'None'
[0.369s] Level 5:colcon.colcon_core.verb:set package 'metric_msgs' build argument 'cmake_target' from command line to 'None'
[0.369s] Level 5:colcon.colcon_core.verb:set package 'metric_msgs' build argument 'cmake_target_skip_unavailable' from command line to 'False'
[0.369s] Level 5:colcon.colcon_core.verb:set package 'metric_msgs' build argument 'cmake_clean_cache' from command line to 'False'
[0.369s] Level 5:colcon.colcon_core.verb:set package 'metric_msgs' build argument 'cmake_clean_first' from command line to 'False'
[0.369s] Level 5:colcon.colcon_core.verb:set package 'metric_msgs' build argument 'cmake_force_configure' from command line to 'False'
[0.369s] Level 5:colcon.colcon_core.verb:set package 'metric_msgs' build argument 'ament_cmake_args' from command line to 'None'
[0.369s] Level 5:colcon.colcon_core.verb:set package 'metric_msgs' build argument 'catkin_cmake_args' from command line to 'None'
[0.369s] Level 5:colcon.colcon_core.verb:set package 'metric_msgs' build argument 'catkin_skip_building_tests' from command line to 'False'
[0.369s] DEBUG:colcon.colcon_core.verb:Building package 'metric_msgs' with the following arguments: {'ament_cmake_args': None, 'build_base': '/home/adam/Desktop/SBSN/ros2_ws/build/metric_msgs', 'catkin_cmake_args': None, 'catkin_skip_building_tests': False, 'cmake_args': None, 'cmake_clean_cache': False, 'cmake_clean_first': False, 'cmake_force_configure': False, 'cmake_target': None, 'cmake_target_skip_unavailable': False, 'install_base': '/home/adam/Desktop/SBSN/ros2_ws/install/metric_msgs', 'merge_install': False, 'path': '/home/adam/Desktop/SBSN/ros2_ws/src/msgs/metric_msgs', 'symlink_install': False, 'test_result_base': None}
[0.370s] Level 5:colcon.colcon_core.verb:set package 'my_controller' build argument 'cmake_args' from command line to 'None'
[0.370s] Level 5:colcon.colcon_core.verb:set package 'my_controller' build argument 'cmake_target' from command line to 'None'
[0.370s] Level 5:colcon.colcon_core.verb:set package 'my_controller' build argument 'cmake_target_skip_unavailable' from command line to 'False'
[0.370s] Level 5:colcon.colcon_core.verb:set package 'my_controller' build argument 'cmake_clean_cache' from command line to 'False'
[0.370s] Level 5:colcon.colcon_core.verb:set package 'my_controller' build argument 'cmake_clean_first' from command line to 'False'
[0.370s] Level 5:colcon.colcon_core.verb:set package 'my_controller' build argument 'cmake_force_configure' from command line to 'False'
[0.370s] Level 5:colcon.colcon_core.verb:set package 'my_controller' build argument 'ament_cmake_args' from command line to 'None'
[0.370s] Level 5:colcon.colcon_core.verb:set package 'my_controller' build argument 'catkin_cmake_args' from command line to 'None'
[0.370s] Level 5:colcon.colcon_core.verb:set package 'my_controller' build argument 'catkin_skip_building_tests' from command line to 'False'
[0.370s] DEBUG:colcon.colcon_core.verb:Building package 'my_controller' with the following arguments: {'ament_cmake_args': None, 'build_base': '/home/adam/Desktop/SBSN/ros2_ws/build/my_controller', 'catkin_cmake_args': None, 'catkin_skip_building_tests': False, 'cmake_args': None, 'cmake_clean_cache': False, 'cmake_clean_first': False, 'cmake_force_configure': False, 'cmake_target': None, 'cmake_target_skip_unavailable': False, 'install_base': '/home/adam/Desktop/SBSN/ros2_ws/install/my_controller', 'merge_install': False, 'path': '/home/adam/Desktop/SBSN/ros2_ws/src/nav2_my_controller/my_controller', 'symlink_install': False, 'test_result_base': None}
[0.370s] Level 5:colcon.colcon_core.verb:set package 'ros_tcp_endpoint' build argument 'cmake_args' from command line to 'None'
[0.370s] Level 5:colcon.colcon_core.verb:set package 'ros_tcp_endpoint' build argument 'cmake_target' from command line to 'None'
[0.370s] Level 5:colcon.colcon_core.verb:set package 'ros_tcp_endpoint' build argument 'cmake_target_skip_unavailable' from command line to 'False'
[0.370s] Level 5:colcon.colcon_core.verb:set package 'ros_tcp_endpoint' build argument 'cmake_clean_cache' from command line to 'False'
[0.371s] Level 5:colcon.colcon_core.verb:set package 'ros_tcp_endpoint' build argument 'cmake_clean_first' from command line to 'False'
[0.371s] Level 5:colcon.colcon_core.verb:set package 'ros_tcp_endpoint' build argument 'cmake_force_configure' from command line to 'False'
[0.371s] Level 5:colcon.colcon_core.verb:set package 'ros_tcp_endpoint' build argument 'ament_cmake_args' from command line to 'None'
[0.371s] Level 5:colcon.colcon_core.verb:set package 'ros_tcp_endpoint' build argument 'catkin_cmake_args' from command line to 'None'
[0.371s] Level 5:colcon.colcon_core.verb:set package 'ros_tcp_endpoint' build argument 'catkin_skip_building_tests' from command line to 'False'
[0.371s] DEBUG:colcon.colcon_core.verb:Building package 'ros_tcp_endpoint' with the following arguments: {'ament_cmake_args': None, 'build_base': '/home/adam/Desktop/SBSN/ros2_ws/build/ros_tcp_endpoint', 'catkin_cmake_args': None, 'catkin_skip_building_tests': False, 'cmake_args': None, 'cmake_clean_cache': False, 'cmake_clean_first': False, 'cmake_force_configure': False, 'cmake_target': None, 'cmake_target_skip_unavailable': False, 'install_base': '/home/adam/Desktop/SBSN/ros2_ws/install/ros_tcp_endpoint', 'merge_install': False, 'path': '/home/adam/Desktop/SBSN/ros2_ws/src/ROS-TCP-Endpoint', 'symlink_install': False, 'test_result_base': None}
[0.371s] Level 5:colcon.colcon_core.verb:set package 'simulation_msgs' build argument 'cmake_args' from command line to 'None'
[0.371s] Level 5:colcon.colcon_core.verb:set package 'simulation_msgs' build argument 'cmake_target' from command line to 'None'
[0.371s] Level 5:colcon.colcon_core.verb:set package 'simulation_msgs' build argument 'cmake_target_skip_unavailable' from command line to 'False'
[0.371s] Level 5:colcon.colcon_core.verb:set package 'simulation_msgs' build argument 'cmake_clean_cache' from command line to 'False'
[0.371s] Level 5:colcon.colcon_core.verb:set package 'simulation_msgs' build argument 'cmake_clean_first' from command line to 'False'
[0.371s] Level 5:colcon.colcon_core.verb:set package 'simulation_msgs' build argument 'cmake_force_configure' from command line to 'False'
[0.372s] Level 5:colcon.colcon_core.verb:set package 'simulation_msgs' build argument 'ament_cmake_args' from command line to 'None'
[0.372s] Level 5:colcon.colcon_core.verb:set package 'simulation_msgs' build argument 'catkin_cmake_args' from command line to 'None'
[0.372s] Level 5:colcon.colcon_core.verb:set package 'simulation_msgs' build argument 'catkin_skip_building_tests' from command line to 'False'
[0.372s] DEBUG:colcon.colcon_core.verb:Building package 'simulation_msgs' with the following arguments: {'ament_cmake_args': None, 'build_base': '/home/adam/Desktop/SBSN/ros2_ws/build/simulation_msgs', 'catkin_cmake_args': None, 'catkin_skip_building_tests': False, 'cmake_args': None, 'cmake_clean_cache': False, 'cmake_clean_first': False, 'cmake_force_configure': False, 'cmake_target': None, 'cmake_target_skip_unavailable': False, 'install_base': '/home/adam/Desktop/SBSN/ros2_ws/install/simulation_msgs', 'merge_install': False, 'path': '/home/adam/Desktop/SBSN/ros2_ws/src/msgs/simulation_msgs', 'symlink_install': False, 'test_result_base': None}
[0.372s] Level 5:colcon.colcon_core.verb:set package 'social_metrics' build argument 'cmake_args' from command line to 'None'
[0.372s] Level 5:colcon.colcon_core.verb:set package 'social_metrics' build argument 'cmake_target' from command line to 'None'
[0.372s] Level 5:colcon.colcon_core.verb:set package 'social_metrics' build argument 'cmake_target_skip_unavailable' from command line to 'False'
[0.373s] Level 5:colcon.colcon_core.verb:set package 'social_metrics' build argument 'cmake_clean_cache' from command line to 'False'
[0.373s] Level 5:colcon.colcon_core.verb:set package 'social_metrics' build argument 'cmake_clean_first' from command line to 'False'
[0.373s] Level 5:colcon.colcon_core.verb:set package 'social_metrics' build argument 'cmake_force_configure' from command line to 'False'
[0.373s] Level 5:colcon.colcon_core.verb:set package 'social_metrics' build argument 'ament_cmake_args' from command line to 'None'
[0.373s] Level 5:colcon.colcon_core.verb:set package 'social_metrics' build argument 'catkin_cmake_args' from command line to 'None'
[0.373s] Level 5:colcon.colcon_core.verb:set package 'social_metrics' build argument 'catkin_skip_building_tests' from command line to 'False'
[0.373s] DEBUG:colcon.colcon_core.verb:Building package 'social_metrics' with the following arguments: {'ament_cmake_args': None, 'build_base': '/home/adam/Desktop/SBSN/ros2_ws/build/social_metrics', 'catkin_cmake_args': None, 'catkin_skip_building_tests': False, 'cmake_args': None, 'cmake_clean_cache': False, 'cmake_clean_first': False, 'cmake_force_configure': False, 'cmake_target': None, 'cmake_target_skip_unavailable': False, 'install_base': '/home/adam/Desktop/SBSN/ros2_ws/install/social_metrics', 'merge_install': False, 'path': '/home/adam/Desktop/SBSN/ros2_ws/src/social_metrics', 'symlink_install': False, 'test_result_base': None}
[0.374s] Level 5:colcon.colcon_core.verb:set package 'unity_sim' build argument 'cmake_args' from command line to 'None'
[0.374s] Level 5:colcon.colcon_core.verb:set package 'unity_sim' build argument 'cmake_target' from command line to 'None'
[0.374s] Level 5:colcon.colcon_core.verb:set package 'unity_sim' build argument 'cmake_target_skip_unavailable' from command line to 'False'
[0.374s] Level 5:colcon.colcon_core.verb:set package 'unity_sim' build argument 'cmake_clean_cache' from command line to 'False'
[0.374s] Level 5:colcon.colcon_core.verb:set package 'unity_sim' build argument 'cmake_clean_first' from command line to 'False'
[0.374s] Level 5:colcon.colcon_core.verb:set package 'unity_sim' build argument 'cmake_force_configure' from command line to 'False'
[0.375s] Level 5:colcon.colcon_core.verb:set package 'unity_sim' build argument 'ament_cmake_args' from command line to 'None'
[0.375s] Level 5:colcon.colcon_core.verb:set package 'unity_sim' build argument 'catkin_cmake_args' from command line to 'None'
[0.375s] Level 5:colcon.colcon_core.verb:set package 'unity_sim' build argument 'catkin_skip_building_tests' from command line to 'False'
[0.375s] DEBUG:colcon.colcon_core.verb:Building package 'unity_sim' with the following arguments: {'ament_cmake_args': None, 'build_base': '/home/adam/Desktop/SBSN/ros2_ws/build/unity_sim', 'catkin_cmake_args': None, 'catkin_skip_building_tests': False, 'cmake_args': None, 'cmake_clean_cache': False, 'cmake_clean_first': False, 'cmake_force_configure': False, 'cmake_target': None, 'cmake_target_skip_unavailable': False, 'install_base': '/home/adam/Desktop/SBSN/ros2_ws/install/unity_sim', 'merge_install': False, 'path': '/home/adam/Desktop/SBSN/ros2_ws/src/unity_sim', 'symlink_install': False, 'test_result_base': None}
[0.375s] INFO:colcon.colcon_core.executor:Executing jobs using 'parallel' executor
[0.377s] DEBUG:colcon.colcon_parallel_executor.executor.parallel:run_until_complete
[0.378s] INFO:colcon.colcon_ros.task.ament_cmake.build:Building ROS package in '/home/adam/Desktop/SBSN/ros2_ws/src/agent_trajectory_prediction' with build type 'ament_cmake'
[0.378s] INFO:colcon.colcon_cmake.task.cmake.build:Building CMake package in '/home/adam/Desktop/SBSN/ros2_ws/src/agent_trajectory_prediction'
[0.383s] INFO:colcon.colcon_core.plugin_system:Skipping extension 'colcon_core.shell.bat': Not used on non-Windows systems
[0.384s] INFO:colcon.colcon_core.shell:Skip shell extension 'powershell' for command environment: Not usable outside of PowerShell
[0.384s] DEBUG:colcon.colcon_core.shell:Skip shell extension 'dsv' for command environment
[0.391s] INFO:colcon.colcon_ros.task.ament_cmake.build:Building ROS package in '/home/adam/Desktop/SBSN/ros2_ws/src/msgs/agents_msgs' with build type 'ament_cmake'
[0.391s] INFO:colcon.colcon_cmake.task.cmake.build:Building CMake package in '/home/adam/Desktop/SBSN/ros2_ws/src/msgs/agents_msgs'
[0.392s] INFO:colcon.colcon_core.shell:Skip shell extension 'powershell' for command environment: Not usable outside of PowerShell
[0.392s] DEBUG:colcon.colcon_core.shell:Skip shell extension 'dsv' for command environment
[0.398s] INFO:colcon.colcon_ros.task.ament_cmake.build:Building ROS package in '/home/adam/Desktop/SBSN/ros2_ws/src/assets' with build type 'ament_cmake'
[0.398s] INFO:colcon.colcon_cmake.task.cmake.build:Building CMake package in '/home/adam/Desktop/SBSN/ros2_ws/src/assets'
[0.399s] INFO:colcon.colcon_core.shell:Skip shell extension 'powershell' for command environment: Not usable outside of PowerShell
[0.399s] DEBUG:colcon.colcon_core.shell:Skip shell extension 'dsv' for command environment
[0.406s] INFO:colcon.colcon_ros.task.ament_cmake.build:Building ROS package in '/home/adam/Desktop/SBSN/ros2_ws/src/msgs/graph_msgs' with build type 'ament_cmake'
[0.406s] INFO:colcon.colcon_cmake.task.cmake.build:Building CMake package in '/home/adam/Desktop/SBSN/ros2_ws/src/msgs/graph_msgs'
[0.407s] INFO:colcon.colcon_core.shell:Skip shell extension 'powershell' for command environment: Not usable outside of PowerShell
[0.407s] DEBUG:colcon.colcon_core.shell:Skip shell extension 'dsv' for command environment
[0.410s] INFO:colcon.colcon_ros.task.ament_cmake.build:Building ROS package in '/home/adam/Desktop/SBSN/ros2_ws/src/MBSN' with build type 'ament_cmake'
[0.410s] INFO:colcon.colcon_cmake.task.cmake.build:Building CMake package in '/home/adam/Desktop/SBSN/ros2_ws/src/MBSN'
[0.411s] INFO:colcon.colcon_core.shell:Skip shell extension 'powershell' for command environment: Not usable outside of PowerShell
[0.411s] DEBUG:colcon.colcon_core.shell:Skip shell extension 'dsv' for command environment
[0.413s] INFO:colcon.colcon_ros.task.ament_cmake.build:Building ROS package in '/home/adam/Desktop/SBSN/ros2_ws/src/msgs/metric_msgs' with build type 'ament_cmake'
[0.414s] INFO:colcon.colcon_cmake.task.cmake.build:Building CMake package in '/home/adam/Desktop/SBSN/ros2_ws/src/msgs/metric_msgs'
[0.414s] INFO:colcon.colcon_core.shell:Skip shell extension 'powershell' for command environment: Not usable outside of PowerShell
[0.414s] DEBUG:colcon.colcon_core.shell:Skip shell extension 'dsv' for command environment
[0.420s] INFO:colcon.colcon_ros.task.ament_cmake.build:Building ROS package in '/home/adam/Desktop/SBSN/ros2_ws/src/nav2_my_controller/my_controller' with build type 'ament_cmake'
[0.420s] INFO:colcon.colcon_cmake.task.cmake.build:Building CMake package in '/home/adam/Desktop/SBSN/ros2_ws/src/nav2_my_controller/my_controller'
[0.420s] INFO:colcon.colcon_core.shell:Skip shell extension 'powershell' for command environment: Not usable outside of PowerShell
[0.420s] DEBUG:colcon.colcon_core.shell:Skip shell extension 'dsv' for command environment
[0.423s] INFO:colcon.colcon_ros.task.ament_python.build:Building ROS package in '/home/adam/Desktop/SBSN/ros2_ws/src/ROS-TCP-Endpoint' with build type 'ament_python'
[0.423s] Level 1:colcon.colcon_core.shell:create_environment_hook('ros_tcp_endpoint', 'ament_prefix_path')
[0.423s] INFO:colcon.colcon_core.shell:Creating environment hook '/home/adam/Desktop/SBSN/ros2_ws/install/ros_tcp_endpoint/share/ros_tcp_endpoint/hook/ament_prefix_path.ps1'
[0.424s] INFO:colcon.colcon_core.shell:Creating environment descriptor '/home/adam/Desktop/SBSN/ros2_ws/install/ros_tcp_endpoint/share/ros_tcp_endpoint/hook/ament_prefix_path.dsv'
[0.424s] INFO:colcon.colcon_core.shell:Creating environment hook '/home/adam/Desktop/SBSN/ros2_ws/install/ros_tcp_endpoint/share/ros_tcp_endpoint/hook/ament_prefix_path.sh'
[0.425s] INFO:colcon.colcon_core.shell:Skip shell extension 'powershell' for command environment: Not usable outside of PowerShell
[0.425s] DEBUG:colcon.colcon_core.shell:Skip shell extension 'dsv' for command environment
[0.427s] INFO:colcon.colcon_ros.task.ament_cmake.build:Building ROS package in '/home/adam/Desktop/SBSN/ros2_ws/src/msgs/simulation_msgs' with build type 'ament_cmake'
[0.428s] INFO:colcon.colcon_cmake.task.cmake.build:Building CMake package in '/home/adam/Desktop/SBSN/ros2_ws/src/msgs/simulation_msgs'
[0.428s] INFO:colcon.colcon_core.shell:Skip shell extension 'powershell' for command environment: Not usable outside of PowerShell
[0.428s] DEBUG:colcon.colcon_core.shell:Skip shell extension 'dsv' for command environment
[0.430s] INFO:colcon.colcon_ros.task.ament_cmake.build:Building ROS package in '/home/adam/Desktop/SBSN/ros2_ws/src/social_metrics' with build type 'ament_cmake'
[0.431s] INFO:colcon.colcon_cmake.task.cmake.build:Building CMake package in '/home/adam/Desktop/SBSN/ros2_ws/src/social_metrics'
[0.431s] INFO:colcon.colcon_core.shell:Skip shell extension 'powershell' for command environment: Not usable outside of PowerShell
[0.432s] DEBUG:colcon.colcon_core.shell:Skip shell extension 'dsv' for command environment
[0.436s] INFO:colcon.colcon_ros.task.ament_cmake.build:Building ROS package in '/home/adam/Desktop/SBSN/ros2_ws/src/unity_sim' with build type 'ament_cmake'
[0.436s] INFO:colcon.colcon_cmake.task.cmake.build:Building CMake package in '/home/adam/Desktop/SBSN/ros2_ws/src/unity_sim'
[0.436s] INFO:colcon.colcon_core.shell:Skip shell extension 'powershell' for command environment: Not usable outside of PowerShell
[0.436s] DEBUG:colcon.colcon_core.shell:Skip shell extension 'dsv' for command environment
[0.447s] DEBUG:colcon.colcon_core.event_handler.log_command:Invoking command in '/home/adam/Desktop/SBSN/ros2_ws/build/agent_trajectory_prediction': CMAKE_PREFIX_PATH=/opt/ros/humble /home/adam/.local/bin/cmake --build /home/adam/Desktop/SBSN/ros2_ws/build/agent_trajectory_prediction -- -j16 -l16
[0.451s] DEBUG:colcon.colcon_core.event_handler.log_command:Invoking command in '/home/adam/Desktop/SBSN/ros2_ws/build/agents_msgs': CMAKE_PREFIX_PATH=/opt/ros/humble /home/adam/.local/bin/cmake --build /home/adam/Desktop/SBSN/ros2_ws/build/agents_msgs -- -j16 -l16
[0.454s] DEBUG:colcon.colcon_core.event_handler.log_command:Invoking command in '/home/adam/Desktop/SBSN/ros2_ws/build/assets': CMAKE_PREFIX_PATH=/opt/ros/humble /home/adam/.local/bin/cmake --build /home/adam/Desktop/SBSN/ros2_ws/build/assets -- -j16 -l16
[0.457s] DEBUG:colcon.colcon_core.event_handler.log_command:Invoking command in '/home/adam/Desktop/SBSN/ros2_ws/build/graph_msgs': CMAKE_PREFIX_PATH=/opt/ros/humble /home/adam/.local/bin/cmake --build /home/adam/Desktop/SBSN/ros2_ws/build/graph_msgs -- -j16 -l16
[0.460s] DEBUG:colcon.colcon_core.event_handler.log_command:Invoking command in '/home/adam/Desktop/SBSN/ros2_ws/build/mbsn': CMAKE_PREFIX_PATH=/opt/ros/humble /home/adam/.local/bin/cmake --build /home/adam/Desktop/SBSN/ros2_ws/build/mbsn -- -j16 -l16
[0.465s] DEBUG:colcon.colcon_core.event_handler.log_command:Invoking command in '/home/adam/Desktop/SBSN/ros2_ws/build/metric_msgs': CMAKE_PREFIX_PATH=/opt/ros/humble /home/adam/.local/bin/cmake --build /home/adam/Desktop/SBSN/ros2_ws/build/metric_msgs -- -j16 -l16
[0.473s] DEBUG:colcon.colcon_core.event_handler.log_command:Invoking command in '/home/adam/Desktop/SBSN/ros2_ws/build/my_controller': CMAKE_PREFIX_PATH=/opt/ros/humble /home/adam/.local/bin/cmake --build /home/adam/Desktop/SBSN/ros2_ws/build/my_controller -- -j16 -l16
[0.729s] INFO:colcon.colcon_core.task.python.build:Building Python package in '/home/adam/Desktop/SBSN/ros2_ws/src/ROS-TCP-Endpoint'
[0.730s] INFO:colcon.colcon_core.shell:Skip shell extension 'powershell' for command environment: Not usable outside of PowerShell
[0.730s] DEBUG:colcon.colcon_core.shell:Skip shell extension 'dsv' for command environment
[0.742s] DEBUG:colcon.colcon_core.event_handler.log_command:Invoking command in '/home/adam/Desktop/SBSN/ros2_ws/build/simulation_msgs': CMAKE_PREFIX_PATH=/opt/ros/humble /home/adam/.local/bin/cmake --build /home/adam/Desktop/SBSN/ros2_ws/build/simulation_msgs -- -j16 -l16
[0.746s] DEBUG:colcon.colcon_core.event_handler.log_command:Invoking command in '/home/adam/Desktop/SBSN/ros2_ws/build/social_metrics': CMAKE_PREFIX_PATH=/opt/ros/humble /home/adam/.local/bin/cmake --build /home/adam/Desktop/SBSN/ros2_ws/build/social_metrics -- -j16 -l16
[0.762s] DEBUG:colcon.colcon_core.event_handler.log_command:Invoking command in '/home/adam/Desktop/SBSN/ros2_ws/build/unity_sim': CMAKE_PREFIX_PATH=/opt/ros/humble /home/adam/.local/bin/cmake --build /home/adam/Desktop/SBSN/ros2_ws/build/unity_sim -- -j16 -l16
[0.762s] DEBUG:colcon.colcon_core.event_handler.log_command:Invoked command in '/home/adam/Desktop/SBSN/ros2_ws/build/my_controller' returned '0': CMAKE_PREFIX_PATH=/opt/ros/humble /home/adam/.local/bin/cmake --build /home/adam/Desktop/SBSN/ros2_ws/build/my_controller -- -j16 -l16
[0.763s] DEBUG:colcon.colcon_core.event_handler.log_command:Invoked command in '/home/adam/Desktop/SBSN/ros2_ws/build/assets' returned '0': CMAKE_PREFIX_PATH=/opt/ros/humble /home/adam/.local/bin/cmake --build /home/adam/Desktop/SBSN/ros2_ws/build/assets -- -j16 -l16
[0.830s] DEBUG:colcon.colcon_core.event_handler.log_command:Invoked command in '/home/adam/Desktop/SBSN/ros2_ws/build/agents_msgs' returned '0': CMAKE_PREFIX_PATH=/opt/ros/humble /home/adam/.local/bin/cmake --build /home/adam/Desktop/SBSN/ros2_ws/build/agents_msgs -- -j16 -l16
[0.833s] DEBUG:colcon.colcon_core.event_handler.log_command:Invoked command in '/home/adam/Desktop/SBSN/ros2_ws/build/mbsn' returned '0': CMAKE_PREFIX_PATH=/opt/ros/humble /home/adam/.local/bin/cmake --build /home/adam/Desktop/SBSN/ros2_ws/build/mbsn -- -j16 -l16
[0.854s] DEBUG:colcon.colcon_core.event_handler.log_command:Invoked command in '/home/adam/Desktop/SBSN/ros2_ws/build/graph_msgs' returned '0': CMAKE_PREFIX_PATH=/opt/ros/humble /home/adam/.local/bin/cmake --build /home/adam/Desktop/SBSN/ros2_ws/build/graph_msgs -- -j16 -l16
[0.870s] DEBUG:colcon.colcon_core.event_handler.log_command:Invoked command in '/home/adam/Desktop/SBSN/ros2_ws/build/metric_msgs' returned '0': CMAKE_PREFIX_PATH=/opt/ros/humble /home/adam/.local/bin/cmake --build /home/adam/Desktop/SBSN/ros2_ws/build/metric_msgs -- -j16 -l16
[0.872s] DEBUG:colcon.colcon_core.event_handler.log_command:Invoked command in '/home/adam/Desktop/SBSN/ros2_ws/build/agent_trajectory_prediction' returned '0': CMAKE_PREFIX_PATH=/opt/ros/humble /home/adam/.local/bin/cmake --build /home/adam/Desktop/SBSN/ros2_ws/build/agent_trajectory_prediction -- -j16 -l16
[0.973s] DEBUG:colcon.colcon_core.event_handler.log_command:Invoking command in '/home/adam/Desktop/SBSN/ros2_ws/build/assets': CMAKE_PREFIX_PATH=/opt/ros/humble /home/adam/.local/bin/cmake --install /home/adam/Desktop/SBSN/ros2_ws/build/assets
[0.976s] DEBUG:colcon.colcon_core.event_handler.log_command:Invoking command in '/home/adam/Desktop/SBSN/ros2_ws/build/my_controller': CMAKE_PREFIX_PATH=/opt/ros/humble /home/adam/.local/bin/cmake --install /home/adam/Desktop/SBSN/ros2_ws/build/my_controller
[0.977s] DEBUG:colcon.colcon_core.event_handler.log_command:Invoking command in '/home/adam/Desktop/SBSN/ros2_ws/build/mbsn': CMAKE_PREFIX_PATH=/opt/ros/humble /home/adam/.local/bin/cmake --install /home/adam/Desktop/SBSN/ros2_ws/build/mbsn
[0.979s] DEBUG:colcon.colcon_core.event_handler.log_command:Invoking command in '/home/adam/Desktop/SBSN/ros2_ws/build/agent_trajectory_prediction': CMAKE_PREFIX_PATH=/opt/ros/humble /home/adam/.local/bin/cmake --install /home/adam/Desktop/SBSN/ros2_ws/build/agent_trajectory_prediction
[1.017s] DEBUG:colcon.colcon_core.event_handler.log_command:Invoking command in '/home/adam/Desktop/SBSN/ros2_ws/build/metric_msgs': CMAKE_PREFIX_PATH=/opt/ros/humble /home/adam/.local/bin/cmake --install /home/adam/Desktop/SBSN/ros2_ws/build/metric_msgs
[1.022s] DEBUG:colcon.colcon_core.event_handler.log_command:Invoking command in '/home/adam/Desktop/SBSN/ros2_ws/build/graph_msgs': CMAKE_PREFIX_PATH=/opt/ros/humble /home/adam/.local/bin/cmake --install /home/adam/Desktop/SBSN/ros2_ws/build/graph_msgs
[1.027s] DEBUG:colcon.colcon_core.event_handler.log_command:Invoking command in '/home/adam/Desktop/SBSN/ros2_ws/build/agents_msgs': CMAKE_PREFIX_PATH=/opt/ros/humble /home/adam/.local/bin/cmake --install /home/adam/Desktop/SBSN/ros2_ws/build/agents_msgs
[1.057s] Level 1:colcon.colcon_core.environment:create_environment_scripts_only(my_controller)
[1.058s] DEBUG:colcon.colcon_core.event_handler.log_command:Invoked command in '/home/adam/Desktop/SBSN/ros2_ws/build/my_controller' returned '0': CMAKE_PREFIX_PATH=/opt/ros/humble /home/adam/.local/bin/cmake --install /home/adam/Desktop/SBSN/ros2_ws/build/my_controller
[1.063s] Level 1:colcon.colcon_core.environment:checking '/home/adam/Desktop/SBSN/ros2_ws/install/my_controller' for CMake module files
[1.064s] Level 1:colcon.colcon_core.environment:checking '/home/adam/Desktop/SBSN/ros2_ws/install/my_controller' for CMake config files
[1.064s] Level 1:colcon.colcon_core.shell:create_environment_hook('my_controller', 'cmake_prefix_path')
[1.064s] INFO:colcon.colcon_core.shell:Creating environment hook '/home/adam/Desktop/SBSN/ros2_ws/install/my_controller/share/my_controller/hook/cmake_prefix_path.ps1'
[1.071s] INFO:colcon.colcon_core.shell:Creating environment descriptor '/home/adam/Desktop/SBSN/ros2_ws/install/my_controller/share/my_controller/hook/cmake_prefix_path.dsv'
[1.073s] INFO:colcon.colcon_core.shell:Creating environment hook '/home/adam/Desktop/SBSN/ros2_ws/install/my_controller/share/my_controller/hook/cmake_prefix_path.sh'
[1.075s] Level 1:colcon.colcon_core.environment:checking '/home/adam/Desktop/SBSN/ros2_ws/install/my_controller/lib'
[1.075s] Level 1:colcon.colcon_core.shell:create_environment_hook('my_controller', 'ld_library_path_lib')
[1.075s] INFO:colcon.colcon_core.shell:Creating environment hook '/home/adam/Desktop/SBSN/ros2_ws/install/my_controller/share/my_controller/hook/ld_library_path_lib.ps1'
[1.078s] INFO:colcon.colcon_core.shell:Creating environment descriptor '/home/adam/Desktop/SBSN/ros2_ws/install/my_controller/share/my_controller/hook/ld_library_path_lib.dsv'
[1.080s] INFO:colcon.colcon_core.shell:Creating environment hook '/home/adam/Desktop/SBSN/ros2_ws/install/my_controller/share/my_controller/hook/ld_library_path_lib.sh'
[1.080s] Level 1:colcon.colcon_core.environment:checking '/home/adam/Desktop/SBSN/ros2_ws/install/my_controller/bin'
[1.081s] Level 1:colcon.colcon_core.environment:checking '/home/adam/Desktop/SBSN/ros2_ws/install/my_controller/lib/pkgconfig/my_controller.pc'
[1.081s] Level 1:colcon.colcon_core.environment:checking '/home/adam/Desktop/SBSN/ros2_ws/install/my_controller/lib/python3.10/site-packages'
[1.081s] Level 1:colcon.colcon_core.environment:checking '/home/adam/Desktop/SBSN/ros2_ws/install/my_controller/bin'
[1.082s] INFO:colcon.colcon_core.shell:Creating package script '/home/adam/Desktop/SBSN/ros2_ws/install/my_controller/share/my_controller/package.ps1'
[1.083s] INFO:colcon.colcon_core.shell:Creating package descriptor '/home/adam/Desktop/SBSN/ros2_ws/install/my_controller/share/my_controller/package.dsv'
[1.083s] INFO:colcon.colcon_core.shell:Creating package script '/home/adam/Desktop/SBSN/ros2_ws/install/my_controller/share/my_controller/package.sh'
[1.084s] INFO:colcon.colcon_core.shell:Creating package script '/home/adam/Desktop/SBSN/ros2_ws/install/my_controller/share/my_controller/package.bash'
[1.085s] INFO:colcon.colcon_core.shell:Creating package script '/home/adam/Desktop/SBSN/ros2_ws/install/my_controller/share/my_controller/package.zsh'
[1.086s] Level 1:colcon.colcon_core.environment:create_file_with_runtime_dependencies(/home/adam/Desktop/SBSN/ros2_ws/install/my_controller/share/colcon-core/packages/my_controller)
[1.089s] Level 1:colcon.colcon_core.environment:create_environment_scripts_only(assets)
[1.089s] Level 1:colcon.colcon_core.environment:checking '/home/adam/Desktop/SBSN/ros2_ws/install/assets' for CMake module files
[1.090s] DEBUG:colcon.colcon_core.event_handler.log_command:Invoked command in '/home/adam/Desktop/SBSN/ros2_ws/build/assets' returned '0': CMAKE_PREFIX_PATH=/opt/ros/humble /home/adam/.local/bin/cmake --install /home/adam/Desktop/SBSN/ros2_ws/build/assets
[1.091s] Level 1:colcon.colcon_core.environment:checking '/home/adam/Desktop/SBSN/ros2_ws/install/assets' for CMake config files
[1.091s] Level 1:colcon.colcon_core.shell:create_environment_hook('assets', 'cmake_prefix_path')
[1.092s] INFO:colcon.colcon_core.shell:Creating environment hook '/home/adam/Desktop/SBSN/ros2_ws/install/assets/share/assets/hook/cmake_prefix_path.ps1'
[1.092s] INFO:colcon.colcon_core.shell:Creating environment descriptor '/home/adam/Desktop/SBSN/ros2_ws/install/assets/share/assets/hook/cmake_prefix_path.dsv'
[1.092s] INFO:colcon.colcon_core.shell:Creating environment hook '/home/adam/Desktop/SBSN/ros2_ws/install/assets/share/assets/hook/cmake_prefix_path.sh'
[1.093s] Level 1:colcon.colcon_core.environment:checking '/home/adam/Desktop/SBSN/ros2_ws/install/assets/bin'
[1.093s] Level 1:colcon.colcon_core.environment:checking '/home/adam/Desktop/SBSN/ros2_ws/install/assets/lib/pkgconfig/assets.pc'
[1.093s] Level 1:colcon.colcon_core.environment:checking '/home/adam/Desktop/SBSN/ros2_ws/install/assets/lib/python3.10/site-packages'
[1.094s] Level 1:colcon.colcon_core.environment:checking '/home/adam/Desktop/SBSN/ros2_ws/install/assets/bin'
[1.094s] INFO:colcon.colcon_core.shell:Creating package script '/home/adam/Desktop/SBSN/ros2_ws/install/assets/share/assets/package.ps1'
[1.095s] INFO:colcon.colcon_core.shell:Creating package descriptor '/home/adam/Desktop/SBSN/ros2_ws/install/assets/share/assets/package.dsv'
[1.095s] INFO:colcon.colcon_core.shell:Creating package script '/home/adam/Desktop/SBSN/ros2_ws/install/assets/share/assets/package.sh'
[1.096s] INFO:colcon.colcon_core.shell:Creating package script '/home/adam/Desktop/SBSN/ros2_ws/install/assets/share/assets/package.bash'
[1.096s] INFO:colcon.colcon_core.shell:Creating package script '/home/adam/Desktop/SBSN/ros2_ws/install/assets/share/assets/package.zsh'
[1.096s] Level 1:colcon.colcon_core.environment:create_file_with_runtime_dependencies(/home/adam/Desktop/SBSN/ros2_ws/install/assets/share/colcon-core/packages/assets)
[1.118s] Level 1:colcon.colcon_core.environment:create_environment_scripts_only(agent_trajectory_prediction)
[1.119s] Level 1:colcon.colcon_core.environment:checking '/home/adam/Desktop/SBSN/ros2_ws/install/agent_trajectory_prediction' for CMake module files
[1.123s] Level 1:colcon.colcon_core.environment:checking '/home/adam/Desktop/SBSN/ros2_ws/install/agent_trajectory_prediction' for CMake config files
[1.128s] Level 1:colcon.colcon_core.shell:create_environment_hook('agent_trajectory_prediction', 'cmake_prefix_path')
[1.129s] INFO:colcon.colcon_core.shell:Creating environment hook '/home/adam/Desktop/SBSN/ros2_ws/install/agent_trajectory_prediction/share/agent_trajectory_prediction/hook/cmake_prefix_path.ps1'
[1.131s] DEBUG:colcon.colcon_core.event_handler.log_command:Invoked command in '/home/adam/Desktop/SBSN/ros2_ws/build/agent_trajectory_prediction' returned '0': CMAKE_PREFIX_PATH=/opt/ros/humble /home/adam/.local/bin/cmake --install /home/adam/Desktop/SBSN/ros2_ws/build/agent_trajectory_prediction
[1.134s] INFO:colcon.colcon_core.shell:Creating environment descriptor '/home/adam/Desktop/SBSN/ros2_ws/install/agent_trajectory_prediction/share/agent_trajectory_prediction/hook/cmake_prefix_path.dsv'
[1.138s] INFO:colcon.colcon_core.shell:Creating environment hook '/home/adam/Desktop/SBSN/ros2_ws/install/agent_trajectory_prediction/share/agent_trajectory_prediction/hook/cmake_prefix_path.sh'
[1.139s] Level 1:colcon.colcon_core.environment:checking '/home/adam/Desktop/SBSN/ros2_ws/install/agent_trajectory_prediction/lib'
[1.139s] Level 1:colcon.colcon_core.environment:checking '/home/adam/Desktop/SBSN/ros2_ws/install/agent_trajectory_prediction/bin'
[1.139s] Level 1:colcon.colcon_core.environment:checking '/home/adam/Desktop/SBSN/ros2_ws/install/agent_trajectory_prediction/lib/pkgconfig/agent_trajectory_prediction.pc'
[1.140s] Level 1:colcon.colcon_core.environment:checking '/home/adam/Desktop/SBSN/ros2_ws/install/agent_trajectory_prediction/lib/python3.10/site-packages'
[1.140s] Level 1:colcon.colcon_core.environment:checking '/home/adam/Desktop/SBSN/ros2_ws/install/agent_trajectory_prediction/bin'
[1.140s] INFO:colcon.colcon_core.shell:Creating package script '/home/adam/Desktop/SBSN/ros2_ws/install/agent_trajectory_prediction/share/agent_trajectory_prediction/package.ps1'
[1.142s] INFO:colcon.colcon_core.shell:Creating package descriptor '/home/adam/Desktop/SBSN/ros2_ws/install/agent_trajectory_prediction/share/agent_trajectory_prediction/package.dsv'
[1.142s] INFO:colcon.colcon_core.shell:Creating package script '/home/adam/Desktop/SBSN/ros2_ws/install/agent_trajectory_prediction/share/agent_trajectory_prediction/package.sh'
[1.143s] INFO:colcon.colcon_core.shell:Creating package script '/home/adam/Desktop/SBSN/ros2_ws/install/agent_trajectory_prediction/share/agent_trajectory_prediction/package.bash'
[1.143s] INFO:colcon.colcon_core.shell:Creating package script '/home/adam/Desktop/SBSN/ros2_ws/install/agent_trajectory_prediction/share/agent_trajectory_prediction/package.zsh'
[1.144s] Level 1:colcon.colcon_core.environment:create_file_with_runtime_dependencies(/home/adam/Desktop/SBSN/ros2_ws/install/agent_trajectory_prediction/share/colcon-core/packages/agent_trajectory_prediction)
[1.146s] DEBUG:colcon.colcon_core.event_handler.log_command:Invoked command in '/home/adam/Desktop/SBSN/ros2_ws/build/social_metrics' returned '0': CMAKE_PREFIX_PATH=/opt/ros/humble /home/adam/.local/bin/cmake --build /home/adam/Desktop/SBSN/ros2_ws/build/social_metrics -- -j16 -l16
[1.148s] Level 1:colcon.colcon_core.environment:create_environment_scripts_only(mbsn)
[1.148s] Level 1:colcon.colcon_core.environment:checking '/home/adam/Desktop/SBSN/ros2_ws/install/mbsn' for CMake module files
[1.151s] Level 1:colcon.colcon_core.environment:checking '/home/adam/Desktop/SBSN/ros2_ws/install/mbsn' for CMake config files
[1.152s] DEBUG:colcon.colcon_core.event_handler.log_command:Invoked command in '/home/adam/Desktop/SBSN/ros2_ws/build/mbsn' returned '0': CMAKE_PREFIX_PATH=/opt/ros/humble /home/adam/.local/bin/cmake --install /home/adam/Desktop/SBSN/ros2_ws/build/mbsn
[1.165s] Level 1:colcon.colcon_core.shell:create_environment_hook('mbsn', 'cmake_prefix_path')
[1.165s] INFO:colcon.colcon_core.shell:Creating environment hook '/home/adam/Desktop/SBSN/ros2_ws/install/mbsn/share/mbsn/hook/cmake_prefix_path.ps1'
[1.166s] INFO:colcon.colcon_core.shell:Creating environment descriptor '/home/adam/Desktop/SBSN/ros2_ws/install/mbsn/share/mbsn/hook/cmake_prefix_path.dsv'
[1.166s] INFO:colcon.colcon_core.shell:Creating environment hook '/home/adam/Desktop/SBSN/ros2_ws/install/mbsn/share/mbsn/hook/cmake_prefix_path.sh'
[1.166s] Level 1:colcon.colcon_core.environment:checking '/home/adam/Desktop/SBSN/ros2_ws/install/mbsn/lib'
[1.167s] Level 1:colcon.colcon_core.environment:checking '/home/adam/Desktop/SBSN/ros2_ws/install/mbsn/bin'
[1.167s] Level 1:colcon.colcon_core.environment:checking '/home/adam/Desktop/SBSN/ros2_ws/install/mbsn/lib/pkgconfig/mbsn.pc'
[1.167s] Level 1:colcon.colcon_core.environment:checking '/home/adam/Desktop/SBSN/ros2_ws/install/mbsn/lib/python3.10/site-packages'
[1.167s] Level 1:colcon.colcon_core.environment:checking '/home/adam/Desktop/SBSN/ros2_ws/install/mbsn/bin'
[1.168s] INFO:colcon.colcon_core.shell:Creating package script '/home/adam/Desktop/SBSN/ros2_ws/install/mbsn/share/mbsn/package.ps1'
[1.168s] INFO:colcon.colcon_core.shell:Creating package descriptor '/home/adam/Desktop/SBSN/ros2_ws/install/mbsn/share/mbsn/package.dsv'
[1.169s] INFO:colcon.colcon_core.shell:Creating package script '/home/adam/Desktop/SBSN/ros2_ws/install/mbsn/share/mbsn/package.sh'
[1.169s] INFO:colcon.colcon_core.shell:Creating package script '/home/adam/Desktop/SBSN/ros2_ws/install/mbsn/share/mbsn/package.bash'
[1.169s] INFO:colcon.colcon_core.shell:Creating package script '/home/adam/Desktop/SBSN/ros2_ws/install/mbsn/share/mbsn/package.zsh'
[1.170s] Level 1:colcon.colcon_core.environment:create_file_with_runtime_dependencies(/home/adam/Desktop/SBSN/ros2_ws/install/mbsn/share/colcon-core/packages/mbsn)
[1.173s] DEBUG:colcon.colcon_core.event_handler.log_command:Invoked command in '/home/adam/Desktop/SBSN/ros2_ws/build/simulation_msgs' returned '0': CMAKE_PREFIX_PATH=/opt/ros/humble /home/adam/.local/bin/cmake --build /home/adam/Desktop/SBSN/ros2_ws/build/simulation_msgs -- -j16 -l16
[1.174s] Level 1:colcon.colcon_core.environment:create_environment_scripts_only(metric_msgs)
[1.174s] Level 1:colcon.colcon_core.environment:checking '/home/adam/Desktop/SBSN/ros2_ws/install/metric_msgs' for CMake module files
[1.175s] Level 1:colcon.colcon_core.environment:checking '/home/adam/Desktop/SBSN/ros2_ws/install/metric_msgs' for CMake config files
[1.175s] DEBUG:colcon.colcon_core.event_handler.log_command:Invoked command in '/home/adam/Desktop/SBSN/ros2_ws/build/metric_msgs' returned '0': CMAKE_PREFIX_PATH=/opt/ros/humble /home/adam/.local/bin/cmake --install /home/adam/Desktop/SBSN/ros2_ws/build/metric_msgs
[1.176s] Level 1:colcon.colcon_core.shell:create_environment_hook('metric_msgs', 'cmake_prefix_path')
[1.176s] INFO:colcon.colcon_core.shell:Creating environment hook '/home/adam/Desktop/SBSN/ros2_ws/install/metric_msgs/share/metric_msgs/hook/cmake_prefix_path.ps1'
[1.177s] INFO:colcon.colcon_core.shell:Creating environment descriptor '/home/adam/Desktop/SBSN/ros2_ws/install/metric_msgs/share/metric_msgs/hook/cmake_prefix_path.dsv'
[1.177s] INFO:colcon.colcon_core.shell:Creating environment hook '/home/adam/Desktop/SBSN/ros2_ws/install/metric_msgs/share/metric_msgs/hook/cmake_prefix_path.sh'
[1.178s] Level 1:colcon.colcon_core.environment:checking '/home/adam/Desktop/SBSN/ros2_ws/install/metric_msgs/lib'
[1.178s] Level 1:colcon.colcon_core.shell:create_environment_hook('metric_msgs', 'ld_library_path_lib')
[1.178s] INFO:colcon.colcon_core.shell:Creating environment hook '/home/adam/Desktop/SBSN/ros2_ws/install/metric_msgs/share/metric_msgs/hook/ld_library_path_lib.ps1'
[1.179s] INFO:colcon.colcon_core.shell:Creating environment descriptor '/home/adam/Desktop/SBSN/ros2_ws/install/metric_msgs/share/metric_msgs/hook/ld_library_path_lib.dsv'
[1.179s] INFO:colcon.colcon_core.shell:Creating environment hook '/home/adam/Desktop/SBSN/ros2_ws/install/metric_msgs/share/metric_msgs/hook/ld_library_path_lib.sh'
[1.180s] Level 1:colcon.colcon_core.environment:checking '/home/adam/Desktop/SBSN/ros2_ws/install/metric_msgs/bin'
[1.180s] Level 1:colcon.colcon_core.environment:checking '/home/adam/Desktop/SBSN/ros2_ws/install/metric_msgs/lib/pkgconfig/metric_msgs.pc'
[1.180s] Level 1:colcon.colcon_core.environment:checking '/home/adam/Desktop/SBSN/ros2_ws/install/metric_msgs/lib/python3.10/site-packages'
[1.180s] Level 1:colcon.colcon_core.environment:checking '/home/adam/Desktop/SBSN/ros2_ws/install/metric_msgs/bin'
[1.181s] INFO:colcon.colcon_core.shell:Creating package script '/home/adam/Desktop/SBSN/ros2_ws/install/metric_msgs/share/metric_msgs/package.ps1'
[1.181s] INFO:colcon.colcon_core.shell:Creating package descriptor '/home/adam/Desktop/SBSN/ros2_ws/install/metric_msgs/share/metric_msgs/package.dsv'
[1.182s] INFO:colcon.colcon_core.shell:Creating package script '/home/adam/Desktop/SBSN/ros2_ws/install/metric_msgs/share/metric_msgs/package.sh'
[1.182s] INFO:colcon.colcon_core.shell:Creating package script '/home/adam/Desktop/SBSN/ros2_ws/install/metric_msgs/share/metric_msgs/package.bash'
[1.182s] INFO:colcon.colcon_core.shell:Creating package script '/home/adam/Desktop/SBSN/ros2_ws/install/metric_msgs/share/metric_msgs/package.zsh'
[1.183s] Level 1:colcon.colcon_core.environment:create_file_with_runtime_dependencies(/home/adam/Desktop/SBSN/ros2_ws/install/metric_msgs/share/colcon-core/packages/metric_msgs)
[1.184s] Level 1:colcon.colcon_core.environment:create_environment_scripts_only(agents_msgs)
[1.184s] Level 1:colcon.colcon_core.environment:checking '/home/adam/Desktop/SBSN/ros2_ws/install/agents_msgs' for CMake module files
[1.185s] DEBUG:colcon.colcon_core.event_handler.log_command:Invoked command in '/home/adam/Desktop/SBSN/ros2_ws/build/agents_msgs' returned '0': CMAKE_PREFIX_PATH=/opt/ros/humble /home/adam/.local/bin/cmake --install /home/adam/Desktop/SBSN/ros2_ws/build/agents_msgs
[1.185s] Level 1:colcon.colcon_core.environment:checking '/home/adam/Desktop/SBSN/ros2_ws/install/agents_msgs' for CMake config files
[1.186s] Level 1:colcon.colcon_core.shell:create_environment_hook('agents_msgs', 'cmake_prefix_path')
[1.186s] INFO:colcon.colcon_core.shell:Creating environment hook '/home/adam/Desktop/SBSN/ros2_ws/install/agents_msgs/share/agents_msgs/hook/cmake_prefix_path.ps1'
[1.187s] INFO:colcon.colcon_core.shell:Creating environment descriptor '/home/adam/Desktop/SBSN/ros2_ws/install/agents_msgs/share/agents_msgs/hook/cmake_prefix_path.dsv'
[1.187s] INFO:colcon.colcon_core.shell:Creating environment hook '/home/adam/Desktop/SBSN/ros2_ws/install/agents_msgs/share/agents_msgs/hook/cmake_prefix_path.sh'
[1.188s] Level 1:colcon.colcon_core.environment:checking '/home/adam/Desktop/SBSN/ros2_ws/install/agents_msgs/lib'
[1.188s] Level 1:colcon.colcon_core.shell:create_environment_hook('agents_msgs', 'ld_library_path_lib')
[1.188s] INFO:colcon.colcon_core.shell:Creating environment hook '/home/adam/Desktop/SBSN/ros2_ws/install/agents_msgs/share/agents_msgs/hook/ld_library_path_lib.ps1'
[1.189s] INFO:colcon.colcon_core.shell:Creating environment descriptor '/home/adam/Desktop/SBSN/ros2_ws/install/agents_msgs/share/agents_msgs/hook/ld_library_path_lib.dsv'
[1.189s] INFO:colcon.colcon_core.shell:Creating environment hook '/home/adam/Desktop/SBSN/ros2_ws/install/agents_msgs/share/agents_msgs/hook/ld_library_path_lib.sh'
[1.189s] Level 1:colcon.colcon_core.environment:checking '/home/adam/Desktop/SBSN/ros2_ws/install/agents_msgs/bin'
[1.189s] Level 1:colcon.colcon_core.environment:checking '/home/adam/Desktop/SBSN/ros2_ws/install/agents_msgs/lib/pkgconfig/agents_msgs.pc'
[1.190s] Level 1:colcon.colcon_core.environment:checking '/home/adam/Desktop/SBSN/ros2_ws/install/agents_msgs/lib/python3.10/site-packages'
[1.190s] Level 1:colcon.colcon_core.environment:checking '/home/adam/Desktop/SBSN/ros2_ws/install/agents_msgs/bin'
[1.190s] INFO:colcon.colcon_core.shell:Creating package script '/home/adam/Desktop/SBSN/ros2_ws/install/agents_msgs/share/agents_msgs/package.ps1'
[1.191s] INFO:colcon.colcon_core.shell:Creating package descriptor '/home/adam/Desktop/SBSN/ros2_ws/install/agents_msgs/share/agents_msgs/package.dsv'
[1.191s] INFO:colcon.colcon_core.shell:Creating package script '/home/adam/Desktop/SBSN/ros2_ws/install/agents_msgs/share/agents_msgs/package.sh'
[1.192s] INFO:colcon.colcon_core.shell:Creating package script '/home/adam/Desktop/SBSN/ros2_ws/install/agents_msgs/share/agents_msgs/package.bash'
[1.192s] INFO:colcon.colcon_core.shell:Creating package script '/home/adam/Desktop/SBSN/ros2_ws/install/agents_msgs/share/agents_msgs/package.zsh'
[1.192s] Level 1:colcon.colcon_core.environment:create_file_with_runtime_dependencies(/home/adam/Desktop/SBSN/ros2_ws/install/agents_msgs/share/colcon-core/packages/agents_msgs)
[1.197s] Level 1:colcon.colcon_core.environment:create_environment_scripts_only(graph_msgs)
[1.197s] Level 1:colcon.colcon_core.environment:checking '/home/adam/Desktop/SBSN/ros2_ws/install/graph_msgs' for CMake module files
[1.198s] DEBUG:colcon.colcon_core.event_handler.log_command:Invoking command in '/home/adam/Desktop/SBSN/ros2_ws/src/ROS-TCP-Endpoint': PYTHONPATH=/home/adam/Desktop/SBSN/ros2_ws/build/ros_tcp_endpoint/prefix_override:/home/adam/Desktop/SBSN/ros2_ws/install/ros_tcp_endpoint/lib/python3.10/site-packages:${PYTHONPATH} /usr/bin/python3 -W ignore:setup.py install is deprecated setup.py egg_info --egg-base ../../build/ros_tcp_endpoint build --build-base /home/adam/Desktop/SBSN/ros2_ws/build/ros_tcp_endpoint/build install --record /home/adam/Desktop/SBSN/ros2_ws/build/ros_tcp_endpoint/install.log --install-scripts $base/lib/ros_tcp_endpoint --single-version-externally-managed install_data
[1.199s] Level 1:colcon.colcon_core.environment:checking '/home/adam/Desktop/SBSN/ros2_ws/install/graph_msgs' for CMake config files
[1.199s] DEBUG:colcon.colcon_core.event_handler.log_command:Invoked command in '/home/adam/Desktop/SBSN/ros2_ws/build/graph_msgs' returned '0': CMAKE_PREFIX_PATH=/opt/ros/humble /home/adam/.local/bin/cmake --install /home/adam/Desktop/SBSN/ros2_ws/build/graph_msgs
[1.200s] Level 1:colcon.colcon_core.shell:create_environment_hook('graph_msgs', 'cmake_prefix_path')
[1.200s] INFO:colcon.colcon_core.shell:Creating environment hook '/home/adam/Desktop/SBSN/ros2_ws/install/graph_msgs/share/graph_msgs/hook/cmake_prefix_path.ps1'
[1.201s] INFO:colcon.colcon_core.shell:Creating environment descriptor '/home/adam/Desktop/SBSN/ros2_ws/install/graph_msgs/share/graph_msgs/hook/cmake_prefix_path.dsv'
[1.201s] INFO:colcon.colcon_core.shell:Creating environment hook '/home/adam/Desktop/SBSN/ros2_ws/install/graph_msgs/share/graph_msgs/hook/cmake_prefix_path.sh'
[1.202s] Level 1:colcon.colcon_core.environment:checking '/home/adam/Desktop/SBSN/ros2_ws/install/graph_msgs/lib'
[1.202s] Level 1:colcon.colcon_core.shell:create_environment_hook('graph_msgs', 'ld_library_path_lib')
[1.202s] INFO:colcon.colcon_core.shell:Creating environment hook '/home/adam/Desktop/SBSN/ros2_ws/install/graph_msgs/share/graph_msgs/hook/ld_library_path_lib.ps1'
[1.203s] INFO:colcon.colcon_core.shell:Creating environment descriptor '/home/adam/Desktop/SBSN/ros2_ws/install/graph_msgs/share/graph_msgs/hook/ld_library_path_lib.dsv'
[1.203s] INFO:colcon.colcon_core.shell:Creating environment hook '/home/adam/Desktop/SBSN/ros2_ws/install/graph_msgs/share/graph_msgs/hook/ld_library_path_lib.sh'
[1.203s] Level 1:colcon.colcon_core.environment:checking '/home/adam/Desktop/SBSN/ros2_ws/install/graph_msgs/bin'
[1.203s] Level 1:colcon.colcon_core.environment:checking '/home/adam/Desktop/SBSN/ros2_ws/install/graph_msgs/lib/pkgconfig/graph_msgs.pc'
[1.204s] Level 1:colcon.colcon_core.environment:checking '/home/adam/Desktop/SBSN/ros2_ws/install/graph_msgs/lib/python3.10/site-packages'
[1.204s] Level 1:colcon.colcon_core.environment:checking '/home/adam/Desktop/SBSN/ros2_ws/install/graph_msgs/bin'
[1.204s] INFO:colcon.colcon_core.shell:Creating package script '/home/adam/Desktop/SBSN/ros2_ws/install/graph_msgs/share/graph_msgs/package.ps1'
[1.205s] INFO:colcon.colcon_core.shell:Creating package descriptor '/home/adam/Desktop/SBSN/ros2_ws/install/graph_msgs/share/graph_msgs/package.dsv'
[1.205s] INFO:colcon.colcon_core.shell:Creating package script '/home/adam/Desktop/SBSN/ros2_ws/install/graph_msgs/share/graph_msgs/package.sh'
[1.206s] INFO:colcon.colcon_core.shell:Creating package script '/home/adam/Desktop/SBSN/ros2_ws/install/graph_msgs/share/graph_msgs/package.bash'
[1.206s] INFO:colcon.colcon_core.shell:Creating package script '/home/adam/Desktop/SBSN/ros2_ws/install/graph_msgs/share/graph_msgs/package.zsh'
[1.206s] Level 1:colcon.colcon_core.environment:create_file_with_runtime_dependencies(/home/adam/Desktop/SBSN/ros2_ws/install/graph_msgs/share/colcon-core/packages/graph_msgs)
[1.208s] DEBUG:colcon.colcon_core.event_handler.log_command:Invoked command in '/home/adam/Desktop/SBSN/ros2_ws/build/unity_sim' returned '0': CMAKE_PREFIX_PATH=/opt/ros/humble /home/adam/.local/bin/cmake --build /home/adam/Desktop/SBSN/ros2_ws/build/unity_sim -- -j16 -l16
[1.211s] Level 1:colcon.colcon_core.environment:create_environment_scripts_only(my_controller)
[1.211s] Level 1:colcon.colcon_core.environment:checking '/home/adam/Desktop/SBSN/ros2_ws/install/my_controller' for CMake module files
[1.212s] Level 1:colcon.colcon_core.environment:checking '/home/adam/Desktop/SBSN/ros2_ws/install/my_controller' for CMake config files
[1.212s] Level 1:colcon.colcon_core.shell:create_environment_hook('my_controller', 'cmake_prefix_path')
[1.213s] INFO:colcon.colcon_core.shell:Creating environment hook '/home/adam/Desktop/SBSN/ros2_ws/install/my_controller/share/my_controller/hook/cmake_prefix_path.ps1'
[1.213s] INFO:colcon.colcon_core.shell:Creating environment descriptor '/home/adam/Desktop/SBSN/ros2_ws/install/my_controller/share/my_controller/hook/cmake_prefix_path.dsv'
[1.213s] INFO:colcon.colcon_core.shell:Creating environment hook '/home/adam/Desktop/SBSN/ros2_ws/install/my_controller/share/my_controller/hook/cmake_prefix_path.sh'
[1.214s] Level 1:colcon.colcon_core.environment:checking '/home/adam/Desktop/SBSN/ros2_ws/install/my_controller/lib'
[1.214s] Level 1:colcon.colcon_core.shell:create_environment_hook('my_controller', 'ld_library_path_lib')
[1.214s] INFO:colcon.colcon_core.shell:Creating environment hook '/home/adam/Desktop/SBSN/ros2_ws/install/my_controller/share/my_controller/hook/ld_library_path_lib.ps1'
[1.215s] INFO:colcon.colcon_core.shell:Creating environment descriptor '/home/adam/Desktop/SBSN/ros2_ws/install/my_controller/share/my_controller/hook/ld_library_path_lib.dsv'
[1.215s] INFO:colcon.colcon_core.shell:Creating environment hook '/home/adam/Desktop/SBSN/ros2_ws/install/my_controller/share/my_controller/hook/ld_library_path_lib.sh'
[1.215s] Level 1:colcon.colcon_core.environment:checking '/home/adam/Desktop/SBSN/ros2_ws/install/my_controller/bin'
[1.216s] Level 1:colcon.colcon_core.environment:checking '/home/adam/Desktop/SBSN/ros2_ws/install/my_controller/lib/pkgconfig/my_controller.pc'
[1.216s] Level 1:colcon.colcon_core.environment:checking '/home/adam/Desktop/SBSN/ros2_ws/install/my_controller/lib/python3.10/site-packages'
[1.216s] Level 1:colcon.colcon_core.environment:checking '/home/adam/Desktop/SBSN/ros2_ws/install/my_controller/bin'
[1.217s] INFO:colcon.colcon_core.shell:Creating package script '/home/adam/Desktop/SBSN/ros2_ws/install/my_controller/share/my_controller/package.ps1'
[1.217s] INFO:colcon.colcon_core.shell:Creating package descriptor '/home/adam/Desktop/SBSN/ros2_ws/install/my_controller/share/my_controller/package.dsv'
[1.218s] INFO:colcon.colcon_core.shell:Creating package script '/home/adam/Desktop/SBSN/ros2_ws/install/my_controller/share/my_controller/package.sh'
[1.218s] INFO:colcon.colcon_core.shell:Creating package script '/home/adam/Desktop/SBSN/ros2_ws/install/my_controller/share/my_controller/package.bash'
[1.219s] INFO:colcon.colcon_core.shell:Creating package script '/home/adam/Desktop/SBSN/ros2_ws/install/my_controller/share/my_controller/package.zsh'
[1.219s] Level 1:colcon.colcon_core.environment:create_file_with_runtime_dependencies(/home/adam/Desktop/SBSN/ros2_ws/install/my_controller/share/colcon-core/packages/my_controller)
[1.220s] Level 1:colcon.colcon_core.environment:create_environment_scripts_only(assets)
[1.221s] Level 1:colcon.colcon_core.environment:checking '/home/adam/Desktop/SBSN/ros2_ws/install/assets' for CMake module files
[1.222s] Level 1:colcon.colcon_core.environment:checking '/home/adam/Desktop/SBSN/ros2_ws/install/assets' for CMake config files
[1.222s] Level 1:colcon.colcon_core.shell:create_environment_hook('assets', 'cmake_prefix_path')
[1.223s] INFO:colcon.colcon_core.shell:Creating environment hook '/home/adam/Desktop/SBSN/ros2_ws/install/assets/share/assets/hook/cmake_prefix_path.ps1'
[1.223s] INFO:colcon.colcon_core.shell:Creating environment descriptor '/home/adam/Desktop/SBSN/ros2_ws/install/assets/share/assets/hook/cmake_prefix_path.dsv'
[1.224s] INFO:colcon.colcon_core.shell:Creating environment hook '/home/adam/Desktop/SBSN/ros2_ws/install/assets/share/assets/hook/cmake_prefix_path.sh'
[1.224s] Level 1:colcon.colcon_core.environment:checking '/home/adam/Desktop/SBSN/ros2_ws/install/assets/bin'
[1.224s] Level 1:colcon.colcon_core.environment:checking '/home/adam/Desktop/SBSN/ros2_ws/install/assets/lib/pkgconfig/assets.pc'
[1.224s] Level 1:colcon.colcon_core.environment:checking '/home/adam/Desktop/SBSN/ros2_ws/install/assets/lib/python3.10/site-packages'
[1.225s] Level 1:colcon.colcon_core.environment:checking '/home/adam/Desktop/SBSN/ros2_ws/install/assets/bin'
[1.225s] INFO:colcon.colcon_core.shell:Creating package script '/home/adam/Desktop/SBSN/ros2_ws/install/assets/share/assets/package.ps1'
[1.226s] INFO:colcon.colcon_core.shell:Creating package descriptor '/home/adam/Desktop/SBSN/ros2_ws/install/assets/share/assets/package.dsv'
[1.226s] INFO:colcon.colcon_core.shell:Creating package script '/home/adam/Desktop/SBSN/ros2_ws/install/assets/share/assets/package.sh'
[1.227s] INFO:colcon.colcon_core.shell:Creating package script '/home/adam/Desktop/SBSN/ros2_ws/install/assets/share/assets/package.bash'
[1.227s] INFO:colcon.colcon_core.shell:Creating package script '/home/adam/Desktop/SBSN/ros2_ws/install/assets/share/assets/package.zsh'
[1.227s] Level 1:colcon.colcon_core.environment:create_file_with_runtime_dependencies(/home/adam/Desktop/SBSN/ros2_ws/install/assets/share/colcon-core/packages/assets)
[1.234s] Level 1:colcon.colcon_core.environment:create_environment_scripts_only(agent_trajectory_prediction)
[1.234s] Level 1:colcon.colcon_core.environment:checking '/home/adam/Desktop/SBSN/ros2_ws/install/agent_trajectory_prediction' for CMake module files
[1.235s] Level 1:colcon.colcon_core.environment:checking '/home/adam/Desktop/SBSN/ros2_ws/install/agent_trajectory_prediction' for CMake config files
[1.235s] Level 1:colcon.colcon_core.shell:create_environment_hook('agent_trajectory_prediction', 'cmake_prefix_path')
[1.235s] INFO:colcon.colcon_core.shell:Creating environment hook '/home/adam/Desktop/SBSN/ros2_ws/install/agent_trajectory_prediction/share/agent_trajectory_prediction/hook/cmake_prefix_path.ps1'
[1.236s] INFO:colcon.colcon_core.shell:Creating environment descriptor '/home/adam/Desktop/SBSN/ros2_ws/install/agent_trajectory_prediction/share/agent_trajectory_prediction/hook/cmake_prefix_path.dsv'
[1.236s] INFO:colcon.colcon_core.shell:Creating environment hook '/home/adam/Desktop/SBSN/ros2_ws/install/agent_trajectory_prediction/share/agent_trajectory_prediction/hook/cmake_prefix_path.sh'
[1.237s] Level 1:colcon.colcon_core.environment:checking '/home/adam/Desktop/SBSN/ros2_ws/install/agent_trajectory_prediction/lib'
[1.237s] Level 1:colcon.colcon_core.environment:checking '/home/adam/Desktop/SBSN/ros2_ws/install/agent_trajectory_prediction/bin'
[1.237s] Level 1:colcon.colcon_core.environment:checking '/home/adam/Desktop/SBSN/ros2_ws/install/agent_trajectory_prediction/lib/pkgconfig/agent_trajectory_prediction.pc'
[1.237s] Level 1:colcon.colcon_core.environment:checking '/home/adam/Desktop/SBSN/ros2_ws/install/agent_trajectory_prediction/lib/python3.10/site-packages'
[1.238s] Level 1:colcon.colcon_core.environment:checking '/home/adam/Desktop/SBSN/ros2_ws/install/agent_trajectory_prediction/bin'
[1.238s] INFO:colcon.colcon_core.shell:Creating package script '/home/adam/Desktop/SBSN/ros2_ws/install/agent_trajectory_prediction/share/agent_trajectory_prediction/package.ps1'
[1.239s] INFO:colcon.colcon_core.shell:Creating package descriptor '/home/adam/Desktop/SBSN/ros2_ws/install/agent_trajectory_prediction/share/agent_trajectory_prediction/package.dsv'
[1.239s] INFO:colcon.colcon_core.shell:Creating package script '/home/adam/Desktop/SBSN/ros2_ws/install/agent_trajectory_prediction/share/agent_trajectory_prediction/package.sh'
[1.240s] INFO:colcon.colcon_core.shell:Creating package script '/home/adam/Desktop/SBSN/ros2_ws/install/agent_trajectory_prediction/share/agent_trajectory_prediction/package.bash'
[1.240s] INFO:colcon.colcon_core.shell:Creating package script '/home/adam/Desktop/SBSN/ros2_ws/install/agent_trajectory_prediction/share/agent_trajectory_prediction/package.zsh'
[1.240s] Level 1:colcon.colcon_core.environment:create_file_with_runtime_dependencies(/home/adam/Desktop/SBSN/ros2_ws/install/agent_trajectory_prediction/share/colcon-core/packages/agent_trajectory_prediction)
[1.244s] DEBUG:colcon.colcon_core.event_handler.log_command:Invoking command in '/home/adam/Desktop/SBSN/ros2_ws/build/social_metrics': CMAKE_PREFIX_PATH=/opt/ros/humble /home/adam/.local/bin/cmake --install /home/adam/Desktop/SBSN/ros2_ws/build/social_metrics
[1.261s] Level 1:colcon.colcon_core.environment:create_environment_scripts_only(mbsn)
[1.261s] Level 1:colcon.colcon_core.environment:checking '/home/adam/Desktop/SBSN/ros2_ws/install/mbsn' for CMake module files
[1.262s] Level 1:colcon.colcon_core.environment:checking '/home/adam/Desktop/SBSN/ros2_ws/install/mbsn' for CMake config files
[1.262s] Level 1:colcon.colcon_core.shell:create_environment_hook('mbsn', 'cmake_prefix_path')
[1.263s] INFO:colcon.colcon_core.shell:Creating environment hook '/home/adam/Desktop/SBSN/ros2_ws/install/mbsn/share/mbsn/hook/cmake_prefix_path.ps1'
[1.263s] INFO:colcon.colcon_core.shell:Creating environment descriptor '/home/adam/Desktop/SBSN/ros2_ws/install/mbsn/share/mbsn/hook/cmake_prefix_path.dsv'
[1.263s] INFO:colcon.colcon_core.shell:Creating environment hook '/home/adam/Desktop/SBSN/ros2_ws/install/mbsn/share/mbsn/hook/cmake_prefix_path.sh'
[1.264s] Level 1:colcon.colcon_core.environment:checking '/home/adam/Desktop/SBSN/ros2_ws/install/mbsn/lib'
[1.264s] Level 1:colcon.colcon_core.environment:checking '/home/adam/Desktop/SBSN/ros2_ws/install/mbsn/bin'
[1.264s] Level 1:colcon.colcon_core.environment:checking '/home/adam/Desktop/SBSN/ros2_ws/install/mbsn/lib/pkgconfig/mbsn.pc'
[1.264s] Level 1:colcon.colcon_core.environment:checking '/home/adam/Desktop/SBSN/ros2_ws/install/mbsn/lib/python3.10/site-packages'
[1.264s] Level 1:colcon.colcon_core.environment:checking '/home/adam/Desktop/SBSN/ros2_ws/install/mbsn/bin'
[1.264s] INFO:colcon.colcon_core.shell:Creating package script '/home/adam/Desktop/SBSN/ros2_ws/install/mbsn/share/mbsn/package.ps1'
[1.265s] INFO:colcon.colcon_core.shell:Creating package descriptor '/home/adam/Desktop/SBSN/ros2_ws/install/mbsn/share/mbsn/package.dsv'
[1.265s] INFO:colcon.colcon_core.shell:Creating package script '/home/adam/Desktop/SBSN/ros2_ws/install/mbsn/share/mbsn/package.sh'
[1.266s] INFO:colcon.colcon_core.shell:Creating package script '/home/adam/Desktop/SBSN/ros2_ws/install/mbsn/share/mbsn/package.bash'
[1.266s] INFO:colcon.colcon_core.shell:Creating package script '/home/adam/Desktop/SBSN/ros2_ws/install/mbsn/share/mbsn/package.zsh'
[1.266s] Level 1:colcon.colcon_core.environment:create_file_with_runtime_dependencies(/home/adam/Desktop/SBSN/ros2_ws/install/mbsn/share/colcon-core/packages/mbsn)
[1.301s] Level 1:colcon.colcon_core.environment:create_environment_scripts_only(metric_msgs)
[1.301s] DEBUG:colcon.colcon_core.event_handler.log_command:Invoking command in '/home/adam/Desktop/SBSN/ros2_ws/build/unity_sim': CMAKE_PREFIX_PATH=/opt/ros/humble /home/adam/.local/bin/cmake --install /home/adam/Desktop/SBSN/ros2_ws/build/unity_sim
[1.302s] Level 1:colcon.colcon_core.environment:checking '/home/adam/Desktop/SBSN/ros2_ws/install/metric_msgs' for CMake module files
[1.302s] Level 1:colcon.colcon_core.environment:checking '/home/adam/Desktop/SBSN/ros2_ws/install/metric_msgs' for CMake config files
[1.303s] Level 1:colcon.colcon_core.shell:create_environment_hook('metric_msgs', 'cmake_prefix_path')
[1.303s] INFO:colcon.colcon_core.shell:Creating environment hook '/home/adam/Desktop/SBSN/ros2_ws/install/metric_msgs/share/metric_msgs/hook/cmake_prefix_path.ps1'
[1.303s] INFO:colcon.colcon_core.shell:Creating environment descriptor '/home/adam/Desktop/SBSN/ros2_ws/install/metric_msgs/share/metric_msgs/hook/cmake_prefix_path.dsv'
[1.305s] INFO:colcon.colcon_core.shell:Creating environment hook '/home/adam/Desktop/SBSN/ros2_ws/install/metric_msgs/share/metric_msgs/hook/cmake_prefix_path.sh'
[1.306s] Level 1:colcon.colcon_core.environment:checking '/home/adam/Desktop/SBSN/ros2_ws/install/metric_msgs/lib'
[1.306s] Level 1:colcon.colcon_core.shell:create_environment_hook('metric_msgs', 'ld_library_path_lib')
[1.306s] INFO:colcon.colcon_core.shell:Creating environment hook '/home/adam/Desktop/SBSN/ros2_ws/install/metric_msgs/share/metric_msgs/hook/ld_library_path_lib.ps1'
[1.306s] INFO:colcon.colcon_core.shell:Creating environment descriptor '/home/adam/Desktop/SBSN/ros2_ws/install/metric_msgs/share/metric_msgs/hook/ld_library_path_lib.dsv'
[1.306s] INFO:colcon.colcon_core.shell:Creating environment hook '/home/adam/Desktop/SBSN/ros2_ws/install/metric_msgs/share/metric_msgs/hook/ld_library_path_lib.sh'
[1.307s] Level 1:colcon.colcon_core.environment:checking '/home/adam/Desktop/SBSN/ros2_ws/install/metric_msgs/bin'
[1.307s] Level 1:colcon.colcon_core.environment:checking '/home/adam/Desktop/SBSN/ros2_ws/install/metric_msgs/lib/pkgconfig/metric_msgs.pc'
[1.307s] Level 1:colcon.colcon_core.environment:checking '/home/adam/Desktop/SBSN/ros2_ws/install/metric_msgs/lib/python3.10/site-packages'
[1.307s] Level 1:colcon.colcon_core.environment:checking '/home/adam/Desktop/SBSN/ros2_ws/install/metric_msgs/bin'
[1.307s] INFO:colcon.colcon_core.shell:Creating package script '/home/adam/Desktop/SBSN/ros2_ws/install/metric_msgs/share/metric_msgs/package.ps1'
[1.308s] INFO:colcon.colcon_core.shell:Creating package descriptor '/home/adam/Desktop/SBSN/ros2_ws/install/metric_msgs/share/metric_msgs/package.dsv'
[1.308s] INFO:colcon.colcon_core.shell:Creating package script '/home/adam/Desktop/SBSN/ros2_ws/install/metric_msgs/share/metric_msgs/package.sh'
[1.308s] INFO:colcon.colcon_core.shell:Creating package script '/home/adam/Desktop/SBSN/ros2_ws/install/metric_msgs/share/metric_msgs/package.bash'
[1.309s] INFO:colcon.colcon_core.shell:Creating package script '/home/adam/Desktop/SBSN/ros2_ws/install/metric_msgs/share/metric_msgs/package.zsh'
[1.309s] Level 1:colcon.colcon_core.environment:create_file_with_runtime_dependencies(/home/adam/Desktop/SBSN/ros2_ws/install/metric_msgs/share/colcon-core/packages/metric_msgs)
[1.340s] DEBUG:colcon.colcon_core.event_handler.log_command:Invoking command in '/home/adam/Desktop/SBSN/ros2_ws/build/simulation_msgs': CMAKE_PREFIX_PATH=/opt/ros/humble /home/adam/.local/bin/cmake --install /home/adam/Desktop/SBSN/ros2_ws/build/simulation_msgs
[1.345s] Level 1:colcon.colcon_core.environment:create_environment_scripts_only(social_metrics)
[1.345s] Level 1:colcon.colcon_core.environment:checking '/home/adam/Desktop/SBSN/ros2_ws/install/social_metrics' for CMake module files
[1.346s] DEBUG:colcon.colcon_core.event_handler.log_command:Invoked command in '/home/adam/Desktop/SBSN/ros2_ws/build/social_metrics' returned '0': CMAKE_PREFIX_PATH=/opt/ros/humble /home/adam/.local/bin/cmake --install /home/adam/Desktop/SBSN/ros2_ws/build/social_metrics
[1.346s] Level 1:colcon.colcon_core.environment:checking '/home/adam/Desktop/SBSN/ros2_ws/install/social_metrics' for CMake config files
[1.347s] Level 1:colcon.colcon_core.shell:create_environment_hook('social_metrics', 'cmake_prefix_path')
[1.347s] INFO:colcon.colcon_core.shell:Creating environment hook '/home/adam/Desktop/SBSN/ros2_ws/install/social_metrics/share/social_metrics/hook/cmake_prefix_path.ps1'
[1.348s] INFO:colcon.colcon_core.shell:Creating environment descriptor '/home/adam/Desktop/SBSN/ros2_ws/install/social_metrics/share/social_metrics/hook/cmake_prefix_path.dsv'
[1.348s] INFO:colcon.colcon_core.shell:Creating environment hook '/home/adam/Desktop/SBSN/ros2_ws/install/social_metrics/share/social_metrics/hook/cmake_prefix_path.sh'
[1.349s] Level 1:colcon.colcon_core.environment:checking '/home/adam/Desktop/SBSN/ros2_ws/install/social_metrics/bin'
[1.349s] Level 1:colcon.colcon_core.environment:checking '/home/adam/Desktop/SBSN/ros2_ws/install/social_metrics/lib/pkgconfig/social_metrics.pc'
[1.349s] Level 1:colcon.colcon_core.environment:checking '/home/adam/Desktop/SBSN/ros2_ws/install/social_metrics/lib/python3.10/site-packages'
[1.350s] Level 1:colcon.colcon_core.environment:checking '/home/adam/Desktop/SBSN/ros2_ws/install/social_metrics/bin'
[1.350s] INFO:colcon.colcon_core.shell:Creating package script '/home/adam/Desktop/SBSN/ros2_ws/install/social_metrics/share/social_metrics/package.ps1'
[1.350s] INFO:colcon.colcon_core.shell:Creating package descriptor '/home/adam/Desktop/SBSN/ros2_ws/install/social_metrics/share/social_metrics/package.dsv'
[1.350s] INFO:colcon.colcon_core.shell:Creating package script '/home/adam/Desktop/SBSN/ros2_ws/install/social_metrics/share/social_metrics/package.sh'
[1.351s] INFO:colcon.colcon_core.shell:Creating package script '/home/adam/Desktop/SBSN/ros2_ws/install/social_metrics/share/social_metrics/package.bash'
[1.351s] INFO:colcon.colcon_core.shell:Creating package script '/home/adam/Desktop/SBSN/ros2_ws/install/social_metrics/share/social_metrics/package.zsh'
[1.351s] Level 1:colcon.colcon_core.environment:create_file_with_runtime_dependencies(/home/adam/Desktop/SBSN/ros2_ws/install/social_metrics/share/colcon-core/packages/social_metrics)
[1.353s] Level 1:colcon.colcon_core.environment:create_environment_scripts_only(graph_msgs)
[1.353s] Level 1:colcon.colcon_core.environment:checking '/home/adam/Desktop/SBSN/ros2_ws/install/graph_msgs' for CMake module files
[1.353s] Level 1:colcon.colcon_core.environment:checking '/home/adam/Desktop/SBSN/ros2_ws/install/graph_msgs' for CMake config files
[1.354s] Level 1:colcon.colcon_core.shell:create_environment_hook('graph_msgs', 'cmake_prefix_path')
[1.354s] INFO:colcon.colcon_core.shell:Creating environment hook '/home/adam/Desktop/SBSN/ros2_ws/install/graph_msgs/share/graph_msgs/hook/cmake_prefix_path.ps1'
[1.354s] INFO:colcon.colcon_core.shell:Creating environment descriptor '/home/adam/Desktop/SBSN/ros2_ws/install/graph_msgs/share/graph_msgs/hook/cmake_prefix_path.dsv'
[1.354s] INFO:colcon.colcon_core.shell:Creating environment hook '/home/adam/Desktop/SBSN/ros2_ws/install/graph_msgs/share/graph_msgs/hook/cmake_prefix_path.sh'
[1.355s] Level 1:colcon.colcon_core.environment:checking '/home/adam/Desktop/SBSN/ros2_ws/install/graph_msgs/lib'
[1.355s] Level 1:colcon.colcon_core.shell:create_environment_hook('graph_msgs', 'ld_library_path_lib')
[1.355s] INFO:colcon.colcon_core.shell:Creating environment hook '/home/adam/Desktop/SBSN/ros2_ws/install/graph_msgs/share/graph_msgs/hook/ld_library_path_lib.ps1'
[1.355s] INFO:colcon.colcon_core.shell:Creating environment descriptor '/home/adam/Desktop/SBSN/ros2_ws/install/graph_msgs/share/graph_msgs/hook/ld_library_path_lib.dsv'
[1.355s] INFO:colcon.colcon_core.shell:Creating environment hook '/home/adam/Desktop/SBSN/ros2_ws/install/graph_msgs/share/graph_msgs/hook/ld_library_path_lib.sh'
[1.356s] Level 1:colcon.colcon_core.environment:checking '/home/adam/Desktop/SBSN/ros2_ws/install/graph_msgs/bin'
[1.356s] Level 1:colcon.colcon_core.environment:checking '/home/adam/Desktop/SBSN/ros2_ws/install/graph_msgs/lib/pkgconfig/graph_msgs.pc'
[1.356s] Level 1:colcon.colcon_core.environment:checking '/home/adam/Desktop/SBSN/ros2_ws/install/graph_msgs/lib/python3.10/site-packages'
[1.356s] Level 1:colcon.colcon_core.environment:checking '/home/adam/Desktop/SBSN/ros2_ws/install/graph_msgs/bin'
[1.356s] INFO:colcon.colcon_core.shell:Creating package script '/home/adam/Desktop/SBSN/ros2_ws/install/graph_msgs/share/graph_msgs/package.ps1'
[1.357s] INFO:colcon.colcon_core.shell:Creating package descriptor '/home/adam/Desktop/SBSN/ros2_ws/install/graph_msgs/share/graph_msgs/package.dsv'
[1.357s] INFO:colcon.colcon_core.shell:Creating package script '/home/adam/Desktop/SBSN/ros2_ws/install/graph_msgs/share/graph_msgs/package.sh'
[1.357s] INFO:colcon.colcon_core.shell:Creating package script '/home/adam/Desktop/SBSN/ros2_ws/install/graph_msgs/share/graph_msgs/package.bash'
[1.358s] INFO:colcon.colcon_core.shell:Creating package script '/home/adam/Desktop/SBSN/ros2_ws/install/graph_msgs/share/graph_msgs/package.zsh'
[1.358s] Level 1:colcon.colcon_core.environment:create_file_with_runtime_dependencies(/home/adam/Desktop/SBSN/ros2_ws/install/graph_msgs/share/colcon-core/packages/graph_msgs)
[1.359s] Level 1:colcon.colcon_core.environment:create_environment_scripts_only(agents_msgs)
[1.359s] Level 1:colcon.colcon_core.environment:checking '/home/adam/Desktop/SBSN/ros2_ws/install/agents_msgs' for CMake module files
[1.359s] Level 1:colcon.colcon_core.environment:checking '/home/adam/Desktop/SBSN/ros2_ws/install/agents_msgs' for CMake config files
[1.360s] Level 1:colcon.colcon_core.shell:create_environment_hook('agents_msgs', 'cmake_prefix_path')
[1.360s] INFO:colcon.colcon_core.shell:Creating environment hook '/home/adam/Desktop/SBSN/ros2_ws/install/agents_msgs/share/agents_msgs/hook/cmake_prefix_path.ps1'
[1.360s] INFO:colcon.colcon_core.shell:Creating environment descriptor '/home/adam/Desktop/SBSN/ros2_ws/install/agents_msgs/share/agents_msgs/hook/cmake_prefix_path.dsv'
[1.361s] INFO:colcon.colcon_core.shell:Creating environment hook '/home/adam/Desktop/SBSN/ros2_ws/install/agents_msgs/share/agents_msgs/hook/cmake_prefix_path.sh'
[1.361s] Level 1:colcon.colcon_core.environment:checking '/home/adam/Desktop/SBSN/ros2_ws/install/agents_msgs/lib'
[1.361s] Level 1:colcon.colcon_core.shell:create_environment_hook('agents_msgs', 'ld_library_path_lib')
[1.361s] INFO:colcon.colcon_core.shell:Creating environment hook '/home/adam/Desktop/SBSN/ros2_ws/install/agents_msgs/share/agents_msgs/hook/ld_library_path_lib.ps1'
[1.361s] INFO:colcon.colcon_core.shell:Creating environment descriptor '/home/adam/Desktop/SBSN/ros2_ws/install/agents_msgs/share/agents_msgs/hook/ld_library_path_lib.dsv'
[1.363s] INFO:colcon.colcon_core.shell:Creating environment hook '/home/adam/Desktop/SBSN/ros2_ws/install/agents_msgs/share/agents_msgs/hook/ld_library_path_lib.sh'
[1.363s] Level 1:colcon.colcon_core.environment:checking '/home/adam/Desktop/SBSN/ros2_ws/install/agents_msgs/bin'
[1.363s] Level 1:colcon.colcon_core.environment:checking '/home/adam/Desktop/SBSN/ros2_ws/install/agents_msgs/lib/pkgconfig/agents_msgs.pc'
[1.363s] Level 1:colcon.colcon_core.environment:checking '/home/adam/Desktop/SBSN/ros2_ws/install/agents_msgs/lib/python3.10/site-packages'
[1.363s] Level 1:colcon.colcon_core.environment:checking '/home/adam/Desktop/SBSN/ros2_ws/install/agents_msgs/bin'
[1.364s] INFO:colcon.colcon_core.shell:Creating package script '/home/adam/Desktop/SBSN/ros2_ws/install/agents_msgs/share/agents_msgs/package.ps1'
[1.364s] INFO:colcon.colcon_core.shell:Creating package descriptor '/home/adam/Desktop/SBSN/ros2_ws/install/agents_msgs/share/agents_msgs/package.dsv'
[1.364s] INFO:colcon.colcon_core.shell:Creating package script '/home/adam/Desktop/SBSN/ros2_ws/install/agents_msgs/share/agents_msgs/package.sh'
[1.365s] INFO:colcon.colcon_core.shell:Creating package script '/home/adam/Desktop/SBSN/ros2_ws/install/agents_msgs/share/agents_msgs/package.bash'
[1.365s] INFO:colcon.colcon_core.shell:Creating package script '/home/adam/Desktop/SBSN/ros2_ws/install/agents_msgs/share/agents_msgs/package.zsh'
[1.365s] Level 1:colcon.colcon_core.environment:create_file_with_runtime_dependencies(/home/adam/Desktop/SBSN/ros2_ws/install/agents_msgs/share/colcon-core/packages/agents_msgs)
[1.400s] Level 1:colcon.colcon_core.environment:create_environment_scripts_only(unity_sim)
[1.401s] Level 1:colcon.colcon_core.environment:checking '/home/adam/Desktop/SBSN/ros2_ws/install/unity_sim' for CMake module files
[1.401s] DEBUG:colcon.colcon_core.event_handler.log_command:Invoked command in '/home/adam/Desktop/SBSN/ros2_ws/build/unity_sim' returned '0': CMAKE_PREFIX_PATH=/opt/ros/humble /home/adam/.local/bin/cmake --install /home/adam/Desktop/SBSN/ros2_ws/build/unity_sim
[1.402s] Level 1:colcon.colcon_core.environment:checking '/home/adam/Desktop/SBSN/ros2_ws/install/unity_sim' for CMake config files
[1.402s] Level 1:colcon.colcon_core.shell:create_environment_hook('unity_sim', 'cmake_prefix_path')
[1.402s] INFO:colcon.colcon_core.shell:Creating environment hook '/home/adam/Desktop/SBSN/ros2_ws/install/unity_sim/share/unity_sim/hook/cmake_prefix_path.ps1'
[1.403s] INFO:colcon.colcon_core.shell:Creating environment descriptor '/home/adam/Desktop/SBSN/ros2_ws/install/unity_sim/share/unity_sim/hook/cmake_prefix_path.dsv'
[1.403s] INFO:colcon.colcon_core.shell:Creating environment hook '/home/adam/Desktop/SBSN/ros2_ws/install/unity_sim/share/unity_sim/hook/cmake_prefix_path.sh'
[1.403s] Level 1:colcon.colcon_core.environment:checking '/home/adam/Desktop/SBSN/ros2_ws/install/unity_sim/lib'
[1.403s] Level 1:colcon.colcon_core.environment:checking '/home/adam/Desktop/SBSN/ros2_ws/install/unity_sim/bin'
[1.403s] Level 1:colcon.colcon_core.environment:checking '/home/adam/Desktop/SBSN/ros2_ws/install/unity_sim/lib/pkgconfig/unity_sim.pc'
[1.404s] Level 1:colcon.colcon_core.environment:checking '/home/adam/Desktop/SBSN/ros2_ws/install/unity_sim/lib/python3.10/site-packages'
[1.404s] Level 1:colcon.colcon_core.environment:checking '/home/adam/Desktop/SBSN/ros2_ws/install/unity_sim/bin'
[1.404s] INFO:colcon.colcon_core.shell:Creating package script '/home/adam/Desktop/SBSN/ros2_ws/install/unity_sim/share/unity_sim/package.ps1'
[1.404s] INFO:colcon.colcon_core.shell:Creating package descriptor '/home/adam/Desktop/SBSN/ros2_ws/install/unity_sim/share/unity_sim/package.dsv'
[1.405s] INFO:colcon.colcon_core.shell:Creating package script '/home/adam/Desktop/SBSN/ros2_ws/install/unity_sim/share/unity_sim/package.sh'
[1.405s] INFO:colcon.colcon_core.shell:Creating package script '/home/adam/Desktop/SBSN/ros2_ws/install/unity_sim/share/unity_sim/package.bash'
[1.405s] INFO:colcon.colcon_core.shell:Creating package script '/home/adam/Desktop/SBSN/ros2_ws/install/unity_sim/share/unity_sim/package.zsh'
[1.405s] Level 1:colcon.colcon_core.environment:create_file_with_runtime_dependencies(/home/adam/Desktop/SBSN/ros2_ws/install/unity_sim/share/colcon-core/packages/unity_sim)
[1.430s] Level 1:colcon.colcon_core.environment:create_environment_scripts_only(social_metrics)
[1.430s] Level 1:colcon.colcon_core.environment:checking '/home/adam/Desktop/SBSN/ros2_ws/install/social_metrics' for CMake module files
[1.430s] Level 1:colcon.colcon_core.environment:checking '/home/adam/Desktop/SBSN/ros2_ws/install/social_metrics' for CMake config files
[1.431s] Level 1:colcon.colcon_core.shell:create_environment_hook('social_metrics', 'cmake_prefix_path')
[1.432s] INFO:colcon.colcon_core.shell:Creating environment hook '/home/adam/Desktop/SBSN/ros2_ws/install/social_metrics/share/social_metrics/hook/cmake_prefix_path.ps1'
[1.433s] INFO:colcon.colcon_core.shell:Creating environment descriptor '/home/adam/Desktop/SBSN/ros2_ws/install/social_metrics/share/social_metrics/hook/cmake_prefix_path.dsv'
[1.433s] INFO:colcon.colcon_core.shell:Creating environment hook '/home/adam/Desktop/SBSN/ros2_ws/install/social_metrics/share/social_metrics/hook/cmake_prefix_path.sh'
[1.435s] Level 1:colcon.colcon_core.environment:checking '/home/adam/Desktop/SBSN/ros2_ws/install/social_metrics/bin'
[1.435s] Level 1:colcon.colcon_core.environment:checking '/home/adam/Desktop/SBSN/ros2_ws/install/social_metrics/lib/pkgconfig/social_metrics.pc'
[1.435s] Level 1:colcon.colcon_core.environment:checking '/home/adam/Desktop/SBSN/ros2_ws/install/social_metrics/lib/python3.10/site-packages'
[1.436s] Level 1:colcon.colcon_core.environment:checking '/home/adam/Desktop/SBSN/ros2_ws/install/social_metrics/bin'
[1.437s] INFO:colcon.colcon_core.shell:Creating package script '/home/adam/Desktop/SBSN/ros2_ws/install/social_metrics/share/social_metrics/package.ps1'
[1.438s] INFO:colcon.colcon_core.shell:Creating package descriptor '/home/adam/Desktop/SBSN/ros2_ws/install/social_metrics/share/social_metrics/package.dsv'
[1.439s] INFO:colcon.colcon_core.shell:Creating package script '/home/adam/Desktop/SBSN/ros2_ws/install/social_metrics/share/social_metrics/package.sh'
[1.441s] INFO:colcon.colcon_core.shell:Creating package script '/home/adam/Desktop/SBSN/ros2_ws/install/social_metrics/share/social_metrics/package.bash'
[1.443s] INFO:colcon.colcon_core.shell:Creating package script '/home/adam/Desktop/SBSN/ros2_ws/install/social_metrics/share/social_metrics/package.zsh'
[1.444s] Level 1:colcon.colcon_core.environment:create_file_with_runtime_dependencies(/home/adam/Desktop/SBSN/ros2_ws/install/social_metrics/share/colcon-core/packages/social_metrics)
[1.453s] Level 1:colcon.colcon_core.environment:create_environment_scripts_only(simulation_msgs)
[1.454s] Level 1:colcon.colcon_core.environment:checking '/home/adam/Desktop/SBSN/ros2_ws/install/simulation_msgs' for CMake module files
[1.454s] DEBUG:colcon.colcon_core.event_handler.log_command:Invoked command in '/home/adam/Desktop/SBSN/ros2_ws/build/simulation_msgs' returned '0': CMAKE_PREFIX_PATH=/opt/ros/humble /home/adam/.local/bin/cmake --install /home/adam/Desktop/SBSN/ros2_ws/build/simulation_msgs
[1.454s] Level 1:colcon.colcon_core.environment:checking '/home/adam/Desktop/SBSN/ros2_ws/install/simulation_msgs' for CMake config files
[1.455s] Level 1:colcon.colcon_core.shell:create_environment_hook('simulation_msgs', 'cmake_prefix_path')
[1.455s] INFO:colcon.colcon_core.shell:Creating environment hook '/home/adam/Desktop/SBSN/ros2_ws/install/simulation_msgs/share/simulation_msgs/hook/cmake_prefix_path.ps1'
[1.455s] INFO:colcon.colcon_core.shell:Creating environment descriptor '/home/adam/Desktop/SBSN/ros2_ws/install/simulation_msgs/share/simulation_msgs/hook/cmake_prefix_path.dsv'
[1.456s] INFO:colcon.colcon_core.shell:Creating environment hook '/home/adam/Desktop/SBSN/ros2_ws/install/simulation_msgs/share/simulation_msgs/hook/cmake_prefix_path.sh'
[1.456s] Level 1:colcon.colcon_core.environment:checking '/home/adam/Desktop/SBSN/ros2_ws/install/simulation_msgs/lib'
[1.456s] Level 1:colcon.colcon_core.shell:create_environment_hook('simulation_msgs', 'ld_library_path_lib')
[1.457s] INFO:colcon.colcon_core.shell:Creating environment hook '/home/adam/Desktop/SBSN/ros2_ws/install/simulation_msgs/share/simulation_msgs/hook/ld_library_path_lib.ps1'
[1.457s] INFO:colcon.colcon_core.shell:Creating environment descriptor '/home/adam/Desktop/SBSN/ros2_ws/install/simulation_msgs/share/simulation_msgs/hook/ld_library_path_lib.dsv'
[1.457s] INFO:colcon.colcon_core.shell:Creating environment hook '/home/adam/Desktop/SBSN/ros2_ws/install/simulation_msgs/share/simulation_msgs/hook/ld_library_path_lib.sh'
[1.457s] Level 1:colcon.colcon_core.environment:checking '/home/adam/Desktop/SBSN/ros2_ws/install/simulation_msgs/bin'
[1.457s] Level 1:colcon.colcon_core.environment:checking '/home/adam/Desktop/SBSN/ros2_ws/install/simulation_msgs/lib/pkgconfig/simulation_msgs.pc'
[1.458s] Level 1:colcon.colcon_core.environment:checking '/home/adam/Desktop/SBSN/ros2_ws/install/simulation_msgs/lib/python3.10/site-packages'
[1.458s] Level 1:colcon.colcon_core.environment:checking '/home/adam/Desktop/SBSN/ros2_ws/install/simulation_msgs/bin'
[1.458s] INFO:colcon.colcon_core.shell:Creating package script '/home/adam/Desktop/SBSN/ros2_ws/install/simulation_msgs/share/simulation_msgs/package.ps1'
[1.459s] INFO:colcon.colcon_core.shell:Creating package descriptor '/home/adam/Desktop/SBSN/ros2_ws/install/simulation_msgs/share/simulation_msgs/package.dsv'
[1.459s] INFO:colcon.colcon_core.shell:Creating package script '/home/adam/Desktop/SBSN/ros2_ws/install/simulation_msgs/share/simulation_msgs/package.sh'
[1.459s] INFO:colcon.colcon_core.shell:Creating package script '/home/adam/Desktop/SBSN/ros2_ws/install/simulation_msgs/share/simulation_msgs/package.bash'
[1.460s] INFO:colcon.colcon_core.shell:Creating package script '/home/adam/Desktop/SBSN/ros2_ws/install/simulation_msgs/share/simulation_msgs/package.zsh'
[1.460s] Level 1:colcon.colcon_core.environment:create_file_with_runtime_dependencies(/home/adam/Desktop/SBSN/ros2_ws/install/simulation_msgs/share/colcon-core/packages/simulation_msgs)
[1.465s] Level 1:colcon.colcon_core.environment:checking '/home/adam/Desktop/SBSN/ros2_ws/install/ros_tcp_endpoint' for CMake module files
[1.466s] DEBUG:colcon.colcon_core.event_handler.log_command:Invoked command in '/home/adam/Desktop/SBSN/ros2_ws/src/ROS-TCP-Endpoint' returned '0': PYTHONPATH=/home/adam/Desktop/SBSN/ros2_ws/build/ros_tcp_endpoint/prefix_override:/home/adam/Desktop/SBSN/ros2_ws/install/ros_tcp_endpoint/lib/python3.10/site-packages:${PYTHONPATH} /usr/bin/python3 -W ignore:setup.py install is deprecated setup.py egg_info --egg-base ../../build/ros_tcp_endpoint build --build-base /home/adam/Desktop/SBSN/ros2_ws/build/ros_tcp_endpoint/build install --record /home/adam/Desktop/SBSN/ros2_ws/build/ros_tcp_endpoint/install.log --install-scripts $base/lib/ros_tcp_endpoint --single-version-externally-managed install_data
[1.466s] Level 1:colcon.colcon_core.environment:checking '/home/adam/Desktop/SBSN/ros2_ws/install/ros_tcp_endpoint' for CMake config files
[1.467s] Level 1:colcon.colcon_core.environment:checking '/home/adam/Desktop/SBSN/ros2_ws/install/ros_tcp_endpoint/lib'
[1.467s] Level 1:colcon.colcon_core.environment:checking '/home/adam/Desktop/SBSN/ros2_ws/install/ros_tcp_endpoint/bin'
[1.467s] Level 1:colcon.colcon_core.environment:checking '/home/adam/Desktop/SBSN/ros2_ws/install/ros_tcp_endpoint/lib/pkgconfig/ros_tcp_endpoint.pc'
[1.467s] Level 1:colcon.colcon_core.environment:checking '/home/adam/Desktop/SBSN/ros2_ws/install/ros_tcp_endpoint/lib/python3.10/site-packages'
[1.467s] Level 1:colcon.colcon_core.shell:create_environment_hook('ros_tcp_endpoint', 'pythonpath')
[1.467s] INFO:colcon.colcon_core.shell:Creating environment hook '/home/adam/Desktop/SBSN/ros2_ws/install/ros_tcp_endpoint/share/ros_tcp_endpoint/hook/pythonpath.ps1'
[1.468s] INFO:colcon.colcon_core.shell:Creating environment descriptor '/home/adam/Desktop/SBSN/ros2_ws/install/ros_tcp_endpoint/share/ros_tcp_endpoint/hook/pythonpath.dsv'
[1.468s] INFO:colcon.colcon_core.shell:Creating environment hook '/home/adam/Desktop/SBSN/ros2_ws/install/ros_tcp_endpoint/share/ros_tcp_endpoint/hook/pythonpath.sh'
[1.468s] Level 1:colcon.colcon_core.environment:checking '/home/adam/Desktop/SBSN/ros2_ws/install/ros_tcp_endpoint/bin'
[1.469s] Level 1:colcon.colcon_core.environment:create_environment_scripts_only(ros_tcp_endpoint)
[1.469s] INFO:colcon.colcon_core.shell:Creating package script '/home/adam/Desktop/SBSN/ros2_ws/install/ros_tcp_endpoint/share/ros_tcp_endpoint/package.ps1'
[1.469s] INFO:colcon.colcon_core.shell:Creating package descriptor '/home/adam/Desktop/SBSN/ros2_ws/install/ros_tcp_endpoint/share/ros_tcp_endpoint/package.dsv'
[1.470s] INFO:colcon.colcon_core.shell:Creating package script '/home/adam/Desktop/SBSN/ros2_ws/install/ros_tcp_endpoint/share/ros_tcp_endpoint/package.sh'
[1.470s] INFO:colcon.colcon_core.shell:Creating package script '/home/adam/Desktop/SBSN/ros2_ws/install/ros_tcp_endpoint/share/ros_tcp_endpoint/package.bash'
[1.470s] INFO:colcon.colcon_core.shell:Creating package script '/home/adam/Desktop/SBSN/ros2_ws/install/ros_tcp_endpoint/share/ros_tcp_endpoint/package.zsh'
[1.471s] Level 1:colcon.colcon_core.environment:create_file_with_runtime_dependencies(/home/adam/Desktop/SBSN/ros2_ws/install/ros_tcp_endpoint/share/colcon-core/packages/ros_tcp_endpoint)
[1.508s] Level 1:colcon.colcon_core.environment:create_environment_scripts_only(unity_sim)
[1.508s] Level 1:colcon.colcon_core.environment:checking '/home/adam/Desktop/SBSN/ros2_ws/install/unity_sim' for CMake module files
[1.510s] Level 1:colcon.colcon_core.environment:checking '/home/adam/Desktop/SBSN/ros2_ws/install/unity_sim' for CMake config files
[1.511s] Level 1:colcon.colcon_core.shell:create_environment_hook('unity_sim', 'cmake_prefix_path')
[1.512s] INFO:colcon.colcon_core.shell:Creating environment hook '/home/adam/Desktop/SBSN/ros2_ws/install/unity_sim/share/unity_sim/hook/cmake_prefix_path.ps1'
[1.513s] INFO:colcon.colcon_core.shell:Creating environment descriptor '/home/adam/Desktop/SBSN/ros2_ws/install/unity_sim/share/unity_sim/hook/cmake_prefix_path.dsv'
[1.514s] INFO:colcon.colcon_core.shell:Creating environment hook '/home/adam/Desktop/SBSN/ros2_ws/install/unity_sim/share/unity_sim/hook/cmake_prefix_path.sh'
[1.515s] Level 1:colcon.colcon_core.environment:checking '/home/adam/Desktop/SBSN/ros2_ws/install/unity_sim/lib'
[1.515s] Level 1:colcon.colcon_core.environment:checking '/home/adam/Desktop/SBSN/ros2_ws/install/unity_sim/bin'
[1.515s] Level 1:colcon.colcon_core.environment:checking '/home/adam/Desktop/SBSN/ros2_ws/install/unity_sim/lib/pkgconfig/unity_sim.pc'
[1.516s] Level 1:colcon.colcon_core.environment:checking '/home/adam/Desktop/SBSN/ros2_ws/install/unity_sim/lib/python3.10/site-packages'
[1.516s] Level 1:colcon.colcon_core.environment:checking '/home/adam/Desktop/SBSN/ros2_ws/install/unity_sim/bin'
[1.517s] INFO:colcon.colcon_core.shell:Creating package script '/home/adam/Desktop/SBSN/ros2_ws/install/unity_sim/share/unity_sim/package.ps1'
[1.518s] INFO:colcon.colcon_core.shell:Creating package descriptor '/home/adam/Desktop/SBSN/ros2_ws/install/unity_sim/share/unity_sim/package.dsv'
[1.519s] INFO:colcon.colcon_core.shell:Creating package script '/home/adam/Desktop/SBSN/ros2_ws/install/unity_sim/share/unity_sim/package.sh'
[1.519s] INFO:colcon.colcon_core.shell:Creating package script '/home/adam/Desktop/SBSN/ros2_ws/install/unity_sim/share/unity_sim/package.bash'
[1.520s] INFO:colcon.colcon_core.shell:Creating package script '/home/adam/Desktop/SBSN/ros2_ws/install/unity_sim/share/unity_sim/package.zsh'
[1.521s] Level 1:colcon.colcon_core.environment:create_file_with_runtime_dependencies(/home/adam/Desktop/SBSN/ros2_ws/install/unity_sim/share/colcon-core/packages/unity_sim)
[1.826s] Level 1:colcon.colcon_core.environment:create_environment_scripts_only(simulation_msgs)
[1.827s] Level 1:colcon.colcon_core.environment:checking '/home/adam/Desktop/SBSN/ros2_ws/install/simulation_msgs' for CMake module files
[1.828s] Level 1:colcon.colcon_core.environment:checking '/home/adam/Desktop/SBSN/ros2_ws/install/simulation_msgs' for CMake config files
[1.829s] Level 1:colcon.colcon_core.shell:create_environment_hook('simulation_msgs', 'cmake_prefix_path')
[1.830s] INFO:colcon.colcon_core.shell:Creating environment hook '/home/adam/Desktop/SBSN/ros2_ws/install/simulation_msgs/share/simulation_msgs/hook/cmake_prefix_path.ps1'
[1.831s] INFO:colcon.colcon_core.shell:Creating environment descriptor '/home/adam/Desktop/SBSN/ros2_ws/install/simulation_msgs/share/simulation_msgs/hook/cmake_prefix_path.dsv'
[1.832s] INFO:colcon.colcon_core.shell:Creating environment hook '/home/adam/Desktop/SBSN/ros2_ws/install/simulation_msgs/share/simulation_msgs/hook/cmake_prefix_path.sh'
[1.833s] Level 1:colcon.colcon_core.environment:checking '/home/adam/Desktop/SBSN/ros2_ws/install/simulation_msgs/lib'
[1.834s] Level 1:colcon.colcon_core.shell:create_environment_hook('simulation_msgs', 'ld_library_path_lib')
[1.835s] INFO:colcon.colcon_core.shell:Creating environment hook '/home/adam/Desktop/SBSN/ros2_ws/install/simulation_msgs/share/simulation_msgs/hook/ld_library_path_lib.ps1'
[1.835s] INFO:colcon.colcon_core.shell:Creating environment descriptor '/home/adam/Desktop/SBSN/ros2_ws/install/simulation_msgs/share/simulation_msgs/hook/ld_library_path_lib.dsv'
[1.836s] INFO:colcon.colcon_core.shell:Creating environment hook '/home/adam/Desktop/SBSN/ros2_ws/install/simulation_msgs/share/simulation_msgs/hook/ld_library_path_lib.sh'
[1.837s] Level 1:colcon.colcon_core.environment:checking '/home/adam/Desktop/SBSN/ros2_ws/install/simulation_msgs/bin'
[1.837s] Level 1:colcon.colcon_core.environment:checking '/home/adam/Desktop/SBSN/ros2_ws/install/simulation_msgs/lib/pkgconfig/simulation_msgs.pc'
[1.838s] Level 1:colcon.colcon_core.environment:checking '/home/adam/Desktop/SBSN/ros2_ws/install/simulation_msgs/lib/python3.10/site-packages'
[1.838s] Level 1:colcon.colcon_core.environment:checking '/home/adam/Desktop/SBSN/ros2_ws/install/simulation_msgs/bin'
[1.839s] INFO:colcon.colcon_core.shell:Creating package script '/home/adam/Desktop/SBSN/ros2_ws/install/simulation_msgs/share/simulation_msgs/package.ps1'
[1.840s] INFO:colcon.colcon_core.shell:Creating package descriptor '/home/adam/Desktop/SBSN/ros2_ws/install/simulation_msgs/share/simulation_msgs/package.dsv'
[1.841s] INFO:colcon.colcon_core.shell:Creating package script '/home/adam/Desktop/SBSN/ros2_ws/install/simulation_msgs/share/simulation_msgs/package.sh'
[1.842s] INFO:colcon.colcon_core.shell:Creating package script '/home/adam/Desktop/SBSN/ros2_ws/install/simulation_msgs/share/simulation_msgs/package.bash'
[1.842s] INFO:colcon.colcon_core.shell:Creating package script '/home/adam/Desktop/SBSN/ros2_ws/install/simulation_msgs/share/simulation_msgs/package.zsh'
[1.843s] Level 1:colcon.colcon_core.environment:create_file_with_runtime_dependencies(/home/adam/Desktop/SBSN/ros2_ws/install/simulation_msgs/share/colcon-core/packages/simulation_msgs)
[1.843s] DEBUG:colcon.colcon_parallel_executor.executor.parallel:closing loop
[1.844s] DEBUG:colcon.colcon_parallel_executor.executor.parallel:loop closed
[1.844s] DEBUG:colcon.colcon_parallel_executor.executor.parallel:run_until_complete finished with '0'
[1.844s] DEBUG:colcon.colcon_core.event_reactor:joining thread
[1.856s] INFO:colcon.colcon_core.plugin_system:Skipping extension 'colcon_notification.desktop_notification.notify_send': Could not find 'notify-send'
[1.856s] INFO:colcon.colcon_core.plugin_system:Skipping extension 'colcon_notification.desktop_notification.terminal_notifier': Not used on non-Darwin systems
[1.857s] INFO:colcon.colcon_core.plugin_system:Skipping extension 'colcon_notification.desktop_notification.win32': Not used on non-Windows systems
[1.857s] INFO:colcon.colcon_notification.desktop_notification:Sending desktop notification using 'notify2'
[1.879s] DEBUG:colcon.colcon_core.event_reactor:joined thread
[1.880s] INFO:colcon.colcon_core.shell:Creating prefix script '/home/adam/Desktop/SBSN/ros2_ws/install/local_setup.ps1'
[1.882s] INFO:colcon.colcon_core.shell:Creating prefix util module '/home/adam/Desktop/SBSN/ros2_ws/install/_local_setup_util_ps1.py'
[1.885s] INFO:colcon.colcon_core.shell:Creating prefix chain script '/home/adam/Desktop/SBSN/ros2_ws/install/setup.ps1'
[1.887s] INFO:colcon.colcon_core.shell:Creating prefix script '/home/adam/Desktop/SBSN/ros2_ws/install/local_setup.sh'
[1.888s] INFO:colcon.colcon_core.shell:Creating prefix util module '/home/adam/Desktop/SBSN/ros2_ws/install/_local_setup_util_sh.py'
[1.889s] INFO:colcon.colcon_core.shell:Creating prefix chain script '/home/adam/Desktop/SBSN/ros2_ws/install/setup.sh'
[1.891s] INFO:colcon.colcon_core.shell:Creating prefix script '/home/adam/Desktop/SBSN/ros2_ws/install/local_setup.bash'
[1.892s] INFO:colcon.colcon_core.shell:Creating prefix chain script '/home/adam/Desktop/SBSN/ros2_ws/install/setup.bash'
[1.893s] INFO:colcon.colcon_core.shell:Creating prefix script '/home/adam/Desktop/SBSN/ros2_ws/install/local_setup.zsh'
[1.894s] INFO:colcon.colcon_core.shell:Creating prefix chain script '/home/adam/Desktop/SBSN/ros2_ws/install/setup.zsh'
