trial_id,name,condition,environment,scenario,mean_attention_l,mean_attention_cmd_vel,secs,nsecs,trial_start,timeout_time,trial_name,trial_number,num_actors,robot_start_position,robot_start_orientation,robot_goal_position,robot_goal_orientation,dist_to_target,min_dist_to_target,min_dist_to_ped,robot_on_person_intimate_dist_violations,person_on_robot_intimate_dist_violations,robot_on_person_personal_dist_violations,person_on_robot_personal_dist_violations,robot_on_person_collisions,person_on_robot_collisions,obj_collisions,path_length,path_irregularity,time_not_moving,time_in_personal_space,minimum_time_to_collision,movement_jerk,global_plan
0,navstack-1719303660243,navstack,Door_Passing,HandCrafted,,,1719303659,308505296,"builtin_interfaces.msg.Time(sec=1719303589, nanosec=968508958)",120.0,Handcrafted_LabStudy,1,1,"-11.0,-0.0,0.5","-0.0,0.0,-0.0,-1.0","11.0,-0.0,0.0","-0.0,0.0,-0.0,-1.0",22.0,22.0,8.859355926513672,0,0,0,0,0,0,0,1.5687963905694574e-30,0.0,68.0,0.0,1.7976931348623157e+308,0.0,
0,navstack-1719303660243,navstack,Door_Passing,HandCrafted,,,1719303660,888507366,"builtin_interfaces.msg.Time(sec=1719303589, nanosec=968508958)",120.0,Handcrafted_LabStudy,1,1,"-11.0,-0.0,0.5","-0.0,0.0,-0.0,-1.0","11.0,-0.0,0.0","-0.0,0.0,-0.0,-1.0",22.0,22.0,8.51404857635498,0,0,0,0,0,0,0,1.6175366181342124e-30,0.0,70.0,0.0,1.7976931348623157e+308,0.0,
0,navstack-1719303660243,navstack,Door_Passing,HandCrafted,,,1719303663,328509807,"builtin_interfaces.msg.Time(sec=1719303589, nanosec=968508958)",120.0,Handcrafted_LabStudy,1,1,"-11.0,-0.0,0.5","-0.0,0.0,-0.0,-1.0","11.0,-0.0,0.0","-0.0,0.0,-0.0,-1.0",22.0,22.0,8.129343032836914,0,0,0,0,0,0,0,1.6648573187209144e-30,0.0,72.0,0.0,1.7976931348623157e+308,0.0,
0,navstack-1719303660243,navstack,Door_Passing,HandCrafted,,,1719303665,628505229,"builtin_interfaces.msg.Time(sec=1719303589, nanosec=968508958)",120.0,Handcrafted_LabStudy,1,1,"-11.0,-0.0,0.5","-0.0,0.0,-0.0,-1.0","11.0,-0.0,0.0","-0.0,0.0,-0.0,-1.0",22.0,22.0,7.74558687210083,0,0,0,0,0,0,0,1.7126512263134835e-30,0.0,74.0,0.0,1.7976931348623157e+308,0.0,
0,navstack-1719303660243,navstack,Door_Passing,HandCrafted,,,1719303668,68507671,"builtin_interfaces.msg.Time(sec=1719303589, nanosec=968508958)",120.0,Handcrafted_LabStudy,1,1,"-11.0,-0.0,0.5","-0.0,0.0,-0.0,-1.0","11.0,-0.0,0.0","-0.0,0.0,-0.0,-1.0",22.0,22.0,7.187845706939697,0,0,0,0,0,0,0,1.7850518982111375e-30,0.0,77.0,0.0,1.7976931348623157e+308,0.0,
0,navstack-1719303660243,navstack,Door_Passing,HandCrafted,,,1719303670,468508958,"builtin_interfaces.msg.Time(sec=1719303589, nanosec=968508958)",120.0,Handcrafted_LabStudy,1,1,"-11.0,-0.0,0.5","-0.0,0.0,-0.0,-1.0","11.0,-0.0,0.0","-0.0,0.0,-0.0,-1.0",22.0,22.0,6.798177719116211,0,0,0,0,0,0,0,1.8328458058037066e-30,0.0,79.0,0.0,1.7976931348623157e+308,0.0,
0,navstack-1719303660243,navstack,Door_Passing,HandCrafted,,,1719303672,828509807,"builtin_interfaces.msg.Time(sec=1719303589, nanosec=968508958)",120.0,Handcrafted_LabStudy,1,1,"-11.0,-0.0,0.5","-0.0,0.0,-0.0,-1.0","11.0,-0.0,0.0","-0.0,0.0,-0.0,-1.0",22.0,22.0,6.438931941986084,0,0,0,0,0,0,0,1.8811129204021426e-30,0.0,81.0,0.0,1.7976931348623157e+308,0.0,
0,navstack-1719303660243,navstack,Door_Passing,HandCrafted,,,1719303675,228503465,"builtin_interfaces.msg.Time(sec=1719303589, nanosec=968508958)",120.0,Handcrafted_LabStudy,1,1,"-11.0,-0.0,0.5","-0.0,0.0,-0.0,-1.0","11.0,-0.0,0.0","-0.0,0.0,-0.0,-1.0",22.0,22.0,5.859457015991211,0,0,0,0,0,0,0,1.9525671782880626e-30,0.0,84.0,0.0,1.7976931348623157e+308,0.0,
0,navstack-1719303660243,navstack,Door_Passing,HandCrafted,,,1719303677,568507671,"builtin_interfaces.msg.Time(sec=1719303589, nanosec=968508958)",120.0,Handcrafted_LabStudy,1,1,"-11.0,-0.0,0.5","-0.0,0.0,-0.0,-1.0","11.0,-0.0,0.0","-0.0,0.0,-0.0,-1.0",22.0,22.0,5.476416110992432,0,0,0,0,0,0,0,2.0008342928864987e-30,0.0,87.0,0.0,1.7976931348623157e+308,0.0,
0,navstack-1719303660243,navstack,Door_Passing,HandCrafted,,,1719303679,968508958,"builtin_interfaces.msg.Time(sec=1719303589, nanosec=968508958)",120.0,Handcrafted_LabStudy,1,1,"-11.0,-0.0,0.5","-0.0,0.0,-0.0,-1.0","11.0,-0.0,0.0","-0.0,0.0,-0.0,-1.0",22.0,22.0,5.1161627769470215,0,0,0,0,0,0,0,2.0486282004790677e-30,0.0,89.0,0.0,1.7976931348623157e+308,0.0,
0,navstack-1719303660243,navstack,Door_Passing,HandCrafted,,,1719303682,348506450,"builtin_interfaces.msg.Time(sec=1719303589, nanosec=968508958)",120.0,Handcrafted_LabStudy,1,1,"-11.0,-0.0,0.5","-0.0,0.0,-0.0,-1.0","11.0,-0.0,0.0","-0.0,0.0,-0.0,-1.0",22.0,22.0,4.562049388885498,0,0,0,0,0,0,0,2.1205556653708548e-30,0.0,92.0,0.0,1.7976931348623157e+308,0.0,
0,navstack-1719303660243,navstack,Door_Passing,HandCrafted,,,1719303684,788508892,"builtin_interfaces.msg.Time(sec=1719303589, nanosec=968508958)",120.0,Handcrafted_LabStudy,1,1,"-11.0,-0.0,0.5","-0.0,0.0,-0.0,-1.0","11.0,-0.0,0.0","-0.0,0.0,-0.0,-1.0",22.0,22.0,4.213828086853027,0,0,0,0,0,0,0,2.1688227799692908e-30,0.0,94.0,0.0,1.7976931348623157e+308,0.0,
0,navstack-1719303660243,navstack,Door_Passing,HandCrafted,,,1719303687,168505907,"builtin_interfaces.msg.Time(sec=1719303589, nanosec=968508958)",120.0,Handcrafted_LabStudy,1,1,"-11.0,-0.0,0.5","-0.0,0.0,-0.0,-1.0","11.0,-0.0,0.0","-0.0,0.0,-0.0,-1.0",22.0,22.0,3.835467576980591,0,0,0,0,0,0,0,2.217089894567727e-30,0.0,96.0,0.0,1.7976931348623157e+308,0.0,
0,navstack-1719303660243,navstack,Door_Passing,HandCrafted,,,1719303689,588504076,"builtin_interfaces.msg.Time(sec=1719303589, nanosec=968508958)",120.0,Handcrafted_LabStudy,1,1,"-11.0,-0.0,0.5","-0.0,0.0,-0.0,-1.0","11.0,-0.0,0.0","-0.0,0.0,-0.0,-1.0",22.0,22.0,3.280296802520752,0,0,0,0,0,0,0,2.289017359459514e-30,0.0,99.0,0.0,1.7976931348623157e+308,0.0,
0,navstack-1719303660243,navstack,Door_Passing,HandCrafted,,,1719303691,968508958,"builtin_interfaces.msg.Time(sec=1719303589, nanosec=968508958)",120.0,Handcrafted_LabStudy,1,1,"-11.0,-0.0,0.5","-0.0,0.0,-0.0,-1.0","11.0,-0.0,0.0","-0.0,0.0,-0.0,-1.0",22.0,22.0,2.908592700958252,0,0,0,0,0,0,0,2.336811267052083e-30,0.0,101.0,0.0,1.7976931348623157e+308,0.0,
0,navstack-1719303660243,navstack,Door_Passing,HandCrafted,,,1719303694,328509807,"builtin_interfaces.msg.Time(sec=1719303589, nanosec=968508958)",120.0,Handcrafted_LabStudy,1,1,"-11.0,-0.0,0.5","-0.0,0.0,-0.0,-1.0","11.0,-0.0,0.0","-0.0,0.0,-0.0,-1.0",22.0,22.0,2.4284777641296387,0,0,0,0,0,0,0,2.409211938949737e-30,0.0,104.0,0.0,1.7976931348623157e+308,0.0,
0,navstack-1719303660243,navstack,Door_Passing,HandCrafted,,,1719303696,748507738,"builtin_interfaces.msg.Time(sec=1719303589, nanosec=968508958)",120.0,Handcrafted_LabStudy,1,1,"-11.0,-0.0,0.5","-0.0,0.0,-0.0,-1.0","11.0,-0.0,0.0","-0.0,0.0,-0.0,-1.0",22.0,22.0,2.1128547191619873,0,0,0,0,0,0,0,2.457005846542306e-30,0.0,106.0,0.0,1.7976931348623157e+308,0.0,
0,navstack-1719303660243,navstack,Door_Passing,HandCrafted,,,1719303699,128505229,"builtin_interfaces.msg.Time(sec=1719303589, nanosec=968508958)",120.0,Handcrafted_LabStudy,1,1,"-11.0,-0.0,0.5","-0.0,0.0,-0.0,-1.0","11.0,-0.0,0.0","-0.0,0.0,-0.0,-1.0",22.0,22.0,1.8133940696716309,0,0,0,0,0,0,0,2.505272961140742e-30,0.0,108.0,0.0,1.7976931348623157e+308,0.0,
0,navstack-1719303660243,navstack,Door_Passing,HandCrafted,,,1719303701,548503160,"builtin_interfaces.msg.Time(sec=1719303589, nanosec=968508958)",120.0,Handcrafted_LabStudy,1,1,"-11.0,-0.0,0.5","-0.0,0.0,-0.0,-1.0","11.0,-0.0,0.0","-0.0,0.0,-0.0,-1.0",22.0,22.0,1.386650800704956,0,0,0,1,0,0,0,2.576727219026662e-30,0.0,111.0,0.25999999418854713,1.7976931348623157e+308,0.0,
0,navstack-1719303660243,navstack,Door_Passing,HandCrafted,,,1719303703,888507366,"builtin_interfaces.msg.Time(sec=1719303589, nanosec=968508958)",120.0,Handcrafted_LabStudy,1,1,"-11.0,-0.0,0.5","-0.0,0.0,-0.0,-1.0","11.0,-0.0,0.0","-0.0,0.0,-0.0,-1.0",22.0,22.0,1.1424930095672607,0,0,0,1,0,0,0,2.624994333625098e-30,0.0,113.0,2.5999999418854713,1.7976931348623157e+308,0.0,
0,navstack-1719303660243,navstack,Door_Passing,HandCrafted,,,1719303706,208506822,"builtin_interfaces.msg.Time(sec=1719303589, nanosec=968508958)",120.0,Handcrafted_LabStudy,1,1,"-11.0,-0.0,0.5","-0.0,0.0,-0.0,-1.0","11.0,-0.0,0.0","-0.0,0.0,-0.0,-1.0",22.0,22.0,0.9864721894264221,0,0,0,1,0,0,0,2.672788241217667e-30,0.0,115.0,4.91999989002943,1.7976931348623157e+308,0.0,
0,navstack-1719303660243,navstack,Door_Passing,HandCrafted,,,1719303708,588504076,"builtin_interfaces.msg.Time(sec=1719303589, nanosec=968508958)",120.0,Handcrafted_LabStudy,1,1,"-11.0,-0.0,0.5","-0.0,0.0,-0.0,-1.0","11.0,-0.0,0.0","-0.0,0.0,-0.0,-1.0",22.0,22.0,0.9692033529281616,0,0,0,1,0,0,0,2.7456621201211883e-30,0.0,118.0,7.299999836832285,1.7976931348623157e+308,0.0,
0,navstack-1719303660243,navstack,Door_Passing,HandCrafted,,,1719303710,888507366,"builtin_interfaces.msg.Time(sec=1719303589, nanosec=968508958)",120.0,Handcrafted_LabStudy,1,1,"-11.0,-0.0,0.5","-0.0,0.0,-0.0,-1.0","11.0,-0.0,0.0","-0.0,0.0,-0.0,-1.0",22.0,22.0,0.9692033529281616,0,0,0,1,0,0,0,2.7934560277137573e-30,0.0,120.0,9.599999785423279,1.7976931348623157e+308,0.0,
1,navstack-1719303660243,navstack,Door_Passing,HandCrafted,,,1719303717,246395111,"builtin_interfaces.msg.Time(sec=1719303717, nanosec=246395111)",120.0,Handcrafted_LabStudy,1,1,"-11.0,-0.0,0.5","-0.0,0.0,-0.0,-1.0","11.0,-0.0,0.0","-0.0,0.0,-0.0,-1.0",22.0,1.7976931348623157e+308,1.7976931348623157e+308,0,0,0,0,0,0,0,0.0,0.0,0.0,0.0,1.7976931348623157e+308,490.5000305175781,
1,navstack-1719303660243,navstack,Door_Passing,HandCrafted,,,1719303719,106395006,"builtin_interfaces.msg.Time(sec=1719303717, nanosec=246395111)",120.0,Handcrafted_LabStudy,1,1,"-11.0,-0.0,0.5","-0.0,0.0,-0.0,-1.0","11.0,-0.0,0.0","-0.0,0.0,-0.0,-1.0",22.0,22.0,21.99993896484375,0,0,0,0,0,0,0,0.0,0.0,0.0,0.0,1.7976931348623157e+308,0.0,
1,navstack-1719303660243,navstack,Door_Passing,HandCrafted,,,1719303721,526394844,"builtin_interfaces.msg.Time(sec=1719303717, nanosec=246395111)",120.0,Handcrafted_LabStudy,1,1,"-11.0,-0.0,0.5","-0.0,0.0,-0.0,-1.0","11.0,-0.0,0.0","-0.0,0.0,-0.0,-1.0",22.0,22.0,21.64837074279785,0,0,0,0,0,0,0,3.7098037474663e-32,0.0,3.0,0.0,5.790958415419739e+21,0.0,
1,navstack-1719303660243,navstack,Door_Passing,HandCrafted,,,1719303723,906394720,"builtin_interfaces.msg.Time(sec=1719303717, nanosec=246395111)",120.0,Handcrafted_LabStudy,1,1,"-11.0,-0.0,0.5","-0.0,0.0,-0.0,-1.0","11.0,-0.0,0.0","-0.0,0.0,-0.0,-1.0",22.0,22.0,21.293392181396484,0,0,0,0,0,0,0,8.536151097934737e-32,0.0,5.0,0.0,6.807567338588188e+21,0.0,
1,navstack-1719303660243,navstack,Door_Passing,HandCrafted,,,1719303726,146394491,"builtin_interfaces.msg.Time(sec=1719303717, nanosec=246395111)",120.0,Handcrafted_LabStudy,1,1,"-11.0,-0.0,0.5","-0.0,0.0,-0.0,-1.0","11.0,-0.0,0.0","-0.0,0.0,-0.0,-1.0",22.0,22.0,20.933013916015625,0,0,0,0,0,0,0,1.331518568240334e-31,0.0,7.0,0.0,1.308535565323887e+23,0.0,
1,navstack-1719303660243,navstack,Door_Passing,HandCrafted,,,1719303728,546395301,"builtin_interfaces.msg.Time(sec=1719303717, nanosec=246395111)",120.0,Handcrafted_LabStudy,1,1,"-11.0,-0.0,0.5","-0.0,0.0,-0.0,-1.0","11.0,-0.0,0.0","-0.0,0.0,-0.0,-1.0",22.0,22.0,20.415075302124023,0,0,0,0,0,0,0,2.050739614615807e-31,0.0,10.0,0.0,4.807262327907775e+21,0.0,
1,navstack-1719303660243,navstack,Door_Passing,HandCrafted,,,1719303730,946394681,"builtin_interfaces.msg.Time(sec=1719303717, nanosec=246395111)",120.0,Handcrafted_LabStudy,1,1,"-11.0,-0.0,0.5","-0.0,0.0,-0.0,-1.0","11.0,-0.0,0.0","-0.0,0.0,-0.0,-1.0",22.0,22.0,20.065914154052734,0,0,0,0,0,0,0,2.5286356674482572e-31,0.0,12.0,0.0,3.968505785971345e+21,0.0,
1,navstack-1719303660243,navstack,Door_Passing,HandCrafted,,,1719303733,386394500,"builtin_interfaces.msg.Time(sec=1719303717, nanosec=246395111)",120.0,Handcrafted_LabStudy,1,1,"-11.0,-0.0,0.5","-0.0,0.0,-0.0,-1.0","11.0,-0.0,0.0","-0.0,0.0,-0.0,-1.0",22.0,22.0,19.714420318603516,0,0,0,0,0,0,0,3.011258853263104e-31,0.0,14.0,0.0,3.946668790097372e+21,0.0,
1,navstack-1719303660243,navstack,Door_Passing,HandCrafted,,,1719303735,706393957,"builtin_interfaces.msg.Time(sec=1719303717, nanosec=246395111)",120.0,Handcrafted_LabStudy,1,1,"-11.0,-0.0,0.5","-0.0,0.0,-0.0,-1.0","11.0,-0.0,0.0","-0.0,0.0,-0.0,-1.0",22.0,22.0,19.164350509643555,0,0,0,0,0,0,0,3.7304620321244446e-31,0.0,17.0,0.0,3.945309151323539e+21,0.0,
1,navstack-1719303660243,navstack,Door_Passing,HandCrafted,,,1719303738,106393814,"builtin_interfaces.msg.Time(sec=1719303717, nanosec=246395111)",120.0,Handcrafted_LabStudy,1,1,"-11.0,-0.0,0.5","-0.0,0.0,-0.0,-1.0","11.0,-0.0,0.0","-0.0,0.0,-0.0,-1.0",22.0,22.0,18.82219886779785,0,0,0,0,0,0,0,4.208353618078362e-31,0.0,19.0,0.0,3.9500841342877423e+21,0.0,
1,navstack-1719303660243,navstack,Door_Passing,HandCrafted,,,1719303740,406394720,"builtin_interfaces.msg.Time(sec=1719303717, nanosec=246395111)",120.0,Handcrafted_LabStudy,1,1,"-11.0,-0.0,0.5","-0.0,0.0,-0.0,-1.0","11.0,-0.0,0.0","-0.0,0.0,-0.0,-1.0",22.0,22.0,18.47500228881836,0,0,0,0,0,0,0,4.686245204032279e-31,0.0,21.0,0.0,3.950890340222314e+21,0.0,
1,navstack-1719303660243,navstack,Door_Passing,HandCrafted,,,1719303742,786394119,"builtin_interfaces.msg.Time(sec=1719303717, nanosec=246395111)",120.0,Handcrafted_LabStudy,1,1,"-11.0,-0.0,0.5","-0.0,0.0,-0.0,-1.0","11.0,-0.0,0.0","-0.0,0.0,-0.0,-1.0",22.0,22.0,17.9571590423584,0,0,0,0,0,0,0,5.410179982754549e-31,0.0,24.0,0.0,3.9452906807590645e+21,0.0,
2,navstack-1719303660243,navstack,Door_Passing,HandCrafted,,,1719304222,304558992,"builtin_interfaces.msg.Time(sec=1719304220, nanosec=744559049)",120.0,Handcrafted_LabStudy,1,1,"-11.0,-0.0,0.5","-0.0,0.0,-0.0,-1.0","11.0,-0.0,0.0","-0.0,0.0,-0.0,-1.0",22.0,22.0,21.999935150146484,0,0,0,0,0,0,0,0.0,0.0,0.0,0.0,1.7976931348623157e+308,0.0,
2,navstack-1719303660243,navstack,Door_Passing,HandCrafted,,,1719304224,324558973,"builtin_interfaces.msg.Time(sec=1719304220, nanosec=744559049)",120.0,Handcrafted_LabStudy,1,1,"-11.0,-0.0,0.5","-0.0,0.0,-0.0,-1.0","11.0,-0.0,0.0","-0.0,0.0,-0.0,-1.0",22.0,22.0,21.795408248901367,0,0,0,0,0,0,0,1.249317453169041e-32,0.0,2.0,0.0,5.69046965144256e+21,0.0,
2,navstack-1719303660243,navstack,Door_Passing,HandCrafted,,,1719304226,624558925,"builtin_interfaces.msg.Time(sec=1719304220, nanosec=744559049)",120.0,Handcrafted_LabStudy,1,1,"-11.0,-0.0,0.5","-0.0,0.0,-0.0,-1.0","11.0,-0.0,0.0","-0.0,0.0,-0.0,-1.0",22.0,22.0,21.434406280517578,0,0,0,0,0,0,0,5.981024284084838e-32,0.0,4.0,0.0,6.422606570186166e+21,0.0,
2,navstack-1719303660243,navstack,Door_Passing,HandCrafted,,,1719304227,804558992,"builtin_interfaces.msg.Time(sec=1719304220, nanosec=744559049)",120.0,Handcrafted_LabStudy,1,1,"-11.0,-0.0,0.5","-0.0,0.0,-0.0,-1.0","11.0,-0.0,0.0","-0.0,0.0,-0.0,-1.0",22.0,22.0,21.22745704650879,0,0,0,0,0,0,0,8.394199869497376e-32,0.0,5.0,0.0,7.775225161328767e+21,0.0,
2,navstack-1719303660243,navstack,Door_Passing,HandCrafted,,,1719304230,104558944,"builtin_interfaces.msg.Time(sec=1719304220, nanosec=744559049)",120.0,Handcrafted_LabStudy,1,1,"-11.0,-0.0,0.5","-0.0,0.0,-0.0,-1.0","11.0,-0.0,0.0","-0.0,0.0,-0.0,-1.0",22.0,22.0,20.66680335998535,0,0,0,0,0,0,0,1.5586410333252106e-31,0.0,8.0,0.0,1.1631565708147502e+22,0.0,
2,navstack-1719303660243,navstack,Door_Passing,HandCrafted,,,1719304232,464558362,"builtin_interfaces.msg.Time(sec=1719304220, nanosec=744559049)",120.0,Handcrafted_LabStudy,1,1,"-11.0,-0.0,0.5","-0.0,0.0,-0.0,-1.0","11.0,-0.0,0.0","-0.0,0.0,-0.0,-1.0",22.0,22.0,20.290645599365234,0,0,0,0,0,0,0,2.031812774361706e-31,0.0,10.0,0.0,4.179963649027651e+21,0.0,
2,navstack-1719303660243,navstack,Door_Passing,HandCrafted,,,1719304234,744559049,"builtin_interfaces.msg.Time(sec=1719304220, nanosec=744559049)",120.0,Handcrafted_LabStudy,1,1,"-11.0,-0.0,0.5","-0.0,0.0,-0.0,-1.0","11.0,-0.0,0.0","-0.0,0.0,-0.0,-1.0",22.0,22.0,19.91543197631836,0,0,0,0,0,0,0,2.5097090622930264e-31,0.0,12.0,0.0,3.9594603400910906e+21,0.0,
3,navstack-1719303660243,navstack,Door_Passing,HandCrafted,,,1719304836,776983261,"builtin_interfaces.msg.Time(sec=1719304834, nanosec=516983270)",120.0,Handcrafted_LabStudy,1,1,"-11.0,-0.0,0.5","-0.0,0.0,-0.0,-1.0","11.0,-0.0,0.0","-0.0,0.0,-0.0,-1.0",22.0,22.0,21.937488555908203,0,0,0,0,0,0,0,0.0,0.0,1.0,0.0,1.7976931348623157e+308,0.0,
3,navstack-1719303660243,navstack,Door_Passing,HandCrafted,,,1719304838,516983270,"builtin_interfaces.msg.Time(sec=1719304834, nanosec=516983270)",120.0,Handcrafted_LabStudy,1,1,"-11.0,-0.0,0.5","-0.0,0.0,-0.0,-1.0","11.0,-0.0,0.0","-0.0,0.0,-0.0,-1.0",22.0,22.0,21.798748016357422,0,0,0,0,0,0,0,1.249317453169041e-32,0.0,2.0,0.0,5.749884668692844e+21,0.0,
3,navstack-1719303660243,navstack,Door_Passing,HandCrafted,,,1719304840,656982898,"builtin_interfaces.msg.Time(sec=1719304834, nanosec=516983270)",120.0,Handcrafted_LabStudy,1,1,"-11.0,-0.0,0.5","-0.0,0.0,-0.0,-1.0","11.0,-0.0,0.0","-0.0,0.0,-0.0,-1.0",22.0,22.0,21.2491455078125,0,0,0,0,0,0,0,8.394199869497376e-32,0.0,5.0,0.0,6.483883693973494e+21,0.0,
4,navstack-1719303660243,navstack,Door_Passing,HandCrafted,,,1719305031,29672145,"builtin_interfaces.msg.Time(sec=1719305029, nanosec=289672136)",120.0,Handcrafted_LabStudy,1,1,"-11.0,-0.0,0.5","-0.0,0.0,-0.0,-1.0","11.0,-0.0,0.0","-0.0,0.0,-0.0,-1.0",22.0,22.0,21.99993324279785,0,0,0,0,0,0,0,0.0,0.0,0.0,0.0,1.7976931348623157e+308,0.0,
4,navstack-1719303660243,navstack,Door_Passing,HandCrafted,,,1719305033,389672040,"builtin_interfaces.msg.Time(sec=1719305029, nanosec=289672136)",120.0,Handcrafted_LabStudy,1,1,"-11.0,-0.0,0.5","-0.0,0.0,-0.0,-1.0","11.0,-0.0,0.0","-0.0,0.0,-0.0,-1.0",22.0,22.0,21.58632469177246,0,0,0,0,0,0,0,3.567852665965733e-32,0.0,3.0,0.0,5.796526264466394e+21,0.0,
4,navstack-1719303660243,navstack,Door_Passing,HandCrafted,,,1719305035,389672040,"builtin_interfaces.msg.Time(sec=1719305029, nanosec=289672136)",120.0,Handcrafted_LabStudy,1,1,"-11.0,-0.0,0.5","-0.0,0.0,-0.0,-1.0","11.0,-0.0,0.0","-0.0,0.0,-0.0,-1.0",22.0,22.0,21.1978759765625,0,0,0,0,0,0,0,8.346882989267315e-32,0.0,5.0,0.0,6.606925701269276e+21,0.0,
4,navstack-1719303660243,navstack,Door_Passing,HandCrafted,,,1719305042,389671564,"builtin_interfaces.msg.Time(sec=1719305029, nanosec=289672136)",120.0,Handcrafted_LabStudy,1,1,"-11.0,-0.0,0.5","-0.0,0.0,-0.0,-1.0","11.0,-0.0,0.0","-0.0,0.0,-0.0,-1.0",22.0,22.0,20.000343322753906,0,0,0,0,0,0,0,2.2683972636740915e-31,0.0,11.0,0.0,4.000905892439912e+21,0.0,
4,navstack-1719303660243,navstack,Door_Passing,HandCrafted,,,1719305043,989671945,"builtin_interfaces.msg.Time(sec=1719305029, nanosec=289672136)",120.0,Handcrafted_LabStudy,1,1,"-11.0,-0.0,0.5","-0.0,0.0,-0.0,-1.0","11.0,-0.0,0.0","-0.0,0.0,-0.0,-1.0",22.0,22.0,19.591930389404297,0,0,0,0,0,0,0,2.7462888496280085e-31,0.0,13.0,0.0,3.950140230076147e+21,0.0,
4,navstack-1719303660243,navstack,Door_Passing,HandCrafted,,,1719305045,909671068,"builtin_interfaces.msg.Time(sec=1719305029, nanosec=289672136)",120.0,Handcrafted_LabStudy,1,1,"-11.0,-0.0,0.5","-0.0,0.0,-0.0,-1.0","11.0,-0.0,0.0","-0.0,0.0,-0.0,-1.0",22.0,22.0,19.17721176147461,0,0,0,0,0,0,0,3.2241804355819256e-31,0.0,15.0,0.0,3.9531068079592796e+21,0.0,
4,navstack-1719303660243,navstack,Door_Passing,HandCrafted,,,1719305047,849671602,"builtin_interfaces.msg.Time(sec=1719305029, nanosec=289672136)",120.0,Handcrafted_LabStudy,1,1,"-11.0,-0.0,0.5","-0.0,0.0,-0.0,-1.0","11.0,-0.0,0.0","-0.0,0.0,-0.0,-1.0",22.0,22.0,18.780122756958008,0,0,0,0,0,0,0,3.7020720215358426e-31,0.0,17.0,0.0,3.9453094933710294e+21,0.0,
4,navstack-1719303660243,navstack,Door_Passing,HandCrafted,,,1719305049,829671144,"builtin_interfaces.msg.Time(sec=1719305029, nanosec=289672136)",120.0,Handcrafted_LabStudy,1,1,"-11.0,-0.0,0.5","-0.0,0.0,-0.0,-1.0","11.0,-0.0,0.0","-0.0,0.0,-0.0,-1.0",22.0,22.0,18.377445220947266,0,0,0,0,0,0,0,4.17996360748976e-31,0.0,19.0,0.0,3.946445091038734e+21,0.0,
4,navstack-1719303660243,navstack,Door_Passing,HandCrafted,,,1719305087,889670610,"builtin_interfaces.msg.Time(sec=1719305029, nanosec=289672136)",120.0,Handcrafted_LabStudy,1,1,"-11.0,-0.0,0.5","-0.0,0.0,-0.0,-1.0","11.0,-0.0,0.0","-0.0,0.0,-0.0,-1.0",22.0,22.0,11.098494529724121,0,0,0,0,0,0,0,1.304273821226587e-30,0.0,56.0,0.0,1.7976931348623157e+308,0.0,
4,navstack-1719303660243,navstack,Door_Passing,HandCrafted,,,1719305089,449671983,"builtin_interfaces.msg.Time(sec=1719305029, nanosec=289672136)",120.0,Handcrafted_LabStudy,1,1,"-11.0,-0.0,0.5","-0.0,0.0,-0.0,-1.0","11.0,-0.0,0.0","-0.0,0.0,-0.0,-1.0",22.0,22.0,10.69397258758545,0,0,0,0,0,0,0,1.3520677288191561e-30,0.0,58.0,0.0,1.7976931348623157e+308,0.0,
4,navstack-1719303660243,navstack,Door_Passing,HandCrafted,,,1719305091,469672441,"builtin_interfaces.msg.Time(sec=1719305029, nanosec=289672136)",120.0,Handcrafted_LabStudy,1,1,"-11.0,-0.0,0.5","-0.0,0.0,-0.0,-1.0","11.0,-0.0,0.0","-0.0,0.0,-0.0,-1.0",22.0,22.0,10.308297157287598,0,0,0,0,0,0,0,1.3998616364117251e-30,0.0,61.0,0.0,1.7976931348623157e+308,0.0,
4,navstack-1719303660243,navstack,Door_Passing,HandCrafted,,,1719305119,609671831,"builtin_interfaces.msg.Time(sec=1719305029, nanosec=289672136)",120.0,Handcrafted_LabStudy,1,1,"-11.0,-0.0,0.5","-0.0,0.0,-0.0,-1.0","11.0,-0.0,0.0","-0.0,0.0,-0.0,-1.0",22.0,22.0,4.9931559562683105,0,0,0,0,0,0,0,2.0699226626798775e-30,0.0,89.0,0.0,1.7976931348623157e+308,0.0,
4,navstack-1719303660243,navstack,Door_Passing,HandCrafted,,,1719305121,209670305,"builtin_interfaces.msg.Time(sec=1719305029, nanosec=289672136)",120.0,Handcrafted_LabStudy,1,1,"-11.0,-0.0,0.5","-0.0,0.0,-0.0,-1.0","11.0,-0.0,0.0","-0.0,0.0,-0.0,-1.0",22.0,22.0,4.792418003082275,0,0,0,0,0,0,0,2.0940562199790955e-30,0.0,90.0,0.0,1.7976931348623157e+308,0.0,
4,navstack-1719303660243,navstack,Door_Passing,HandCrafted,,,1719305123,169669389,"builtin_interfaces.msg.Time(sec=1719305029, nanosec=289672136)",120.0,Handcrafted_LabStudy,1,1,"-11.0,-0.0,0.5","-0.0,0.0,-0.0,-1.0","11.0,-0.0,0.0","-0.0,0.0,-0.0,-1.0",22.0,22.0,4.39803409576416,0,0,0,0,0,0,0,2.1418501275716645e-30,0.0,92.0,0.0,1.7976931348623157e+308,0.0,
4,navstack-1719303660243,navstack,Door_Passing,HandCrafted,,,1719305132,89667558,"builtin_interfaces.msg.Time(sec=1719305029, nanosec=289672136)",120.0,Handcrafted_LabStudy,1,1,"-11.0,-0.0,0.5","-0.0,0.0,-0.0,-1.0","11.0,-0.0,0.0","-0.0,0.0,-0.0,-1.0",22.0,22.0,2.723214626312256,0,0,0,0,0,0,0,2.3571593152411586e-30,0.0,101.0,0.0,1.7976931348623157e+308,0.0,
4,navstack-1719303660243,navstack,Door_Passing,HandCrafted,,,1719305133,729666948,"builtin_interfaces.msg.Time(sec=1719305029, nanosec=289672136)",120.0,Handcrafted_LabStudy,1,1,"-11.0,-0.0,0.5","-0.0,0.0,-0.0,-1.0","11.0,-0.0,0.0","-0.0,0.0,-0.0,-1.0",22.0,22.0,2.3476555347442627,0,0,0,0,0,0,0,2.4054264298395947e-30,0.0,103.0,0.0,1.7976931348623157e+308,0.0,
4,navstack-1719303660243,navstack,Door_Passing,HandCrafted,,,1719305137,629668474,"builtin_interfaces.msg.Time(sec=1719305029, nanosec=289672136)",120.0,Handcrafted_LabStudy,1,1,"-11.0,-0.0,0.5","-0.0,0.0,-0.0,-1.0","11.0,-0.0,0.0","-0.0,0.0,-0.0,-1.0",22.0,22.0,1.6540817022323608,0,0,0,0,0,0,0,2.5014874520305998e-30,0.0,107.0,0.0,1.7976931348623157e+308,0.0,
4,navstack-1719303660243,navstack,Door_Passing,HandCrafted,,,1719305139,209670305,"builtin_interfaces.msg.Time(sec=1719305029, nanosec=289672136)",120.0,Handcrafted_LabStudy,1,1,"-11.0,-0.0,0.5","-0.0,0.0,-0.0,-1.0","11.0,-0.0,0.0","-0.0,0.0,-0.0,-1.0",22.0,22.0,1.4796520471572876,0,0,0,1,0,0,0,2.5251478023239508e-30,0.0,108.0,0.17999999597668648,1.7976931348623157e+308,0.0,
4,navstack-1719303660243,navstack,Door_Passing,HandCrafted,,,1719305141,269667863,"builtin_interfaces.msg.Time(sec=1719305029, nanosec=289672136)",120.0,Handcrafted_LabStudy,1,1,"-11.0,-0.0,0.5","-0.0,0.0,-0.0,-1.0","11.0,-0.0,0.0","-0.0,0.0,-0.0,-1.0",22.0,22.0,1.183648705482483,0,0,0,1,0,0,0,2.5729417099165198e-30,0.0,110.0,2.2399999499320984,1.7976931348623157e+308,0.0,
4,navstack-1719303660243,navstack,Door_Passing,HandCrafted,,,1719305199,409667253,"builtin_interfaces.msg.Time(sec=1719305029, nanosec=289672136)",120.0,Handcrafted_LabStudy,1,1,"-11.0,-0.0,0.5","-0.0,0.0,-0.0,-1.0","11.0,-0.0,0.0","-0.0,0.0,-0.0,-1.0",22.0,22.0,0.5260862708091736,0,1,0,1,0,0,0,3.9594382371068886e-30,0.0,169.0,6.03999986499548,5.744166318750469e+21,0.0,
4,navstack-1719303660243,navstack,Door_Passing,HandCrafted,,,1719305200,989668846,"builtin_interfaces.msg.Time(sec=1719305029, nanosec=289672136)",120.0,Handcrafted_LabStudy,1,1,"-11.0,-0.0,0.5","-0.0,0.0,-0.0,-1.0","11.0,-0.0,0.0","-0.0,0.0,-0.0,-1.0",22.0,22.0,0.5260862708091736,0,1,0,1,0,0,0,3.9830985874002396e-30,0.0,170.0,6.03999986499548,6.015989406985035e+21,0.0,
4,navstack-1719303660243,navstack,Door_Passing,HandCrafted,,,1719305247,69670915,"builtin_interfaces.msg.Time(sec=1719305029, nanosec=289672136)",120.0,Handcrafted_LabStudy,1,1,"-11.0,-0.0,0.5","-0.0,0.0,-0.0,-1.0","11.0,-0.0,0.0","-0.0,0.0,-0.0,-1.0",22.0,22.0,0.5260862708091736,0,1,0,1,0,0,0,5.085670911070396e-30,0.0,216.0,6.03999986499548,1.7976931348623157e+308,0.0,
4,navstack-1719303660243,navstack,Door_Passing,HandCrafted,,,1719305248,709670305,"builtin_interfaces.msg.Time(sec=1719305029, nanosec=289672136)",120.0,Handcrafted_LabStudy,1,1,"-11.0,-0.0,0.5","-0.0,0.0,-0.0,-1.0","11.0,-0.0,0.0","-0.0,0.0,-0.0,-1.0",22.0,22.0,0.5191833972930908,0,1,0,1,0,0,0,5.109331261363747e-30,0.0,217.0,6.03999986499548,5.422868797427915e+21,0.0,
4,navstack-1719303660243,navstack,Door_Passing,HandCrafted,,,1719305271,229659080,"builtin_interfaces.msg.Time(sec=1719305029, nanosec=289672136)",120.0,Handcrafted_LabStudy,1,1,"-11.0,-0.0,0.5","-0.0,0.0,-0.0,-1.0","11.0,-0.0,0.0","-0.0,0.0,-0.0,-1.0",22.0,22.0,0.5191833972930908,0,1,0,1,0,0,0,5.66156383721056e-30,0.0,241.0,6.03999986499548,5.762744970232107e+21,0.0,
4,navstack-1719303660243,navstack,Door_Passing,HandCrafted,,,1719305273,229659080,"builtin_interfaces.msg.Time(sec=1719305029, nanosec=289672136)",120.0,Handcrafted_LabStudy,1,1,"-11.0,-0.0,0.5","-0.0,0.0,-0.0,-1.0","11.0,-0.0,0.0","-0.0,0.0,-0.0,-1.0",22.0,22.0,0.5191833972930908,0,1,0,1,0,0,0,5.709830951808996e-30,0.0,243.0,6.03999986499548,5.911268147363226e+21,0.0,
4,navstack-1719303660243,navstack,Door_Passing,HandCrafted,,,1719305275,169661521,"builtin_interfaces.msg.Time(sec=1719305029, nanosec=289672136)",120.0,Handcrafted_LabStudy,1,1,"-11.0,-0.0,0.5","-0.0,0.0,-0.0,-1.0","11.0,-0.0,0.0","-0.0,0.0,-0.0,-1.0",22.0,22.0,0.5191833972930908,0,1,0,1,0,0,0,5.733964509108214e-30,0.0,244.0,6.03999986499548,5.116156181090578e+21,0.0,
5,navstack-1719303660243,navstack,Door_Passing,HandCrafted,,,1719305774,586192131,"builtin_interfaces.msg.Time(sec=1719305774, nanosec=586192131)",120.0,Handcrafted_LabStudy,1,1,"-11.0,-0.0,0.5","-0.0,0.0,-0.0,-1.0","11.0,-0.0,0.0","-0.0,0.0,-0.0,-1.0",22.0,1.7976931348623157e+308,1.7976931348623157e+308,0,0,0,0,0,0,0,0.0,0.0,0.0,0.0,1.7976931348623157e+308,490.5000305175781,
5,navstack-1719303660243,navstack,Door_Passing,HandCrafted,,,1719305775,626192092,"builtin_interfaces.msg.Time(sec=1719305774, nanosec=586192131)",120.0,Handcrafted_LabStudy,1,1,"-11.0,-0.0,0.5","-0.0,0.0,-0.0,-1.0","11.0,-0.0,0.0","-0.0,0.0,-0.0,-1.0",22.0,22.0,21.999940872192383,0,0,0,0,0,0,0,0.0,0.0,0.0,0.0,1.7976931348623157e+308,0.0,
5,navstack-1719303660243,navstack,Door_Passing,HandCrafted,,,1719305777,626192092,"builtin_interfaces.msg.Time(sec=1719305774, nanosec=586192131)",120.0,Handcrafted_LabStudy,1,1,"-11.0,-0.0,0.5","-0.0,0.0,-0.0,-1.0","11.0,-0.0,0.0","-0.0,0.0,-0.0,-1.0",22.0,22.0,21.942739486694336,0,0,0,0,0,0,0,0.0,0.0,1.0,0.0,5.630856246647917e+21,0.0,
5,navstack-1719303660243,navstack,Door_Passing,HandCrafted,,,1719305779,566192150,"builtin_interfaces.msg.Time(sec=1719305774, nanosec=586192131)",120.0,Handcrafted_LabStudy,1,1,"-11.0,-0.0,0.5","-0.0,0.0,-0.0,-1.0","11.0,-0.0,0.0","-0.0,0.0,-0.0,-1.0",22.0,22.0,21.62825584411621,0,0,0,0,0,0,0,3.6151696931325885e-32,0.0,3.0,0.0,6.012810417610444e+21,0.0,
5,navstack-1719303660243,navstack,Door_Passing,HandCrafted,,,1719305781,566192150,"builtin_interfaces.msg.Time(sec=1719305774, nanosec=586192131)",120.0,Handcrafted_LabStudy,1,1,"-11.0,-0.0,0.5","-0.0,0.0,-0.0,-1.0","11.0,-0.0,0.0","-0.0,0.0,-0.0,-1.0",22.0,22.0,21.28560447692871,0,0,0,0,0,0,0,8.394199869497376e-32,0.0,5.0,0.0,7.423096847423017e+21,0.0,
6,navstack-1719303660243,navstack,Hospital,HandCrafted,,,1719306046,853860139,"builtin_interfaces.msg.Time(sec=1719306046, nanosec=853860139)",120.0,Handcrafted_LabStudy,1,1,"-2.0,16.5,0.5","-0.0,0.0,-0.0,-1.0","-9.75,1.75,0.0","-0.0,0.0,-0.0,-1.0",16.66208267211914,1.7976931348623157e+308,1.7976931348623157e+308,0,0,0,0,0,0,0,0.0,0.0,0.0,0.0,1.7976931348623157e+308,490.5000305175781,
6,navstack-1719303660243,navstack,Hospital,HandCrafted,,,1719306046,873860120,"builtin_interfaces.msg.Time(sec=1719306046, nanosec=853860139)",120.0,Handcrafted_LabStudy,1,1,"-2.0,16.5,0.5","-0.0,0.0,-0.0,-1.0","-9.75,1.75,0.0","-0.0,0.0,-0.0,-1.0",16.66208267211914,16.66208267211914,21.158723831176758,0,0,0,0,0,0,0,0.0,0.0,0.0,0.0,1.7976931348623157e+308,490.5000305175781,
6,navstack-1719303660243,navstack,Hospital,HandCrafted,,,1719306046,933860063,"builtin_interfaces.msg.Time(sec=1719306046, nanosec=853860139)",120.0,Handcrafted_LabStudy,1,1,"-2.0,16.5,0.5","-0.0,0.0,-0.0,-1.0","-9.75,1.75,0.0","-0.0,0.0,-0.0,-1.0",16.66208267211914,16.66208267211914,21.158723831176758,0,0,0,0,0,0,0,0.0,0.0,0.0,0.0,1.7976931348623157e+308,0.0,
6,navstack-1719303660243,navstack,Hospital,HandCrafted,,,1719306046,953860044,"builtin_interfaces.msg.Time(sec=1719306046, nanosec=853860139)",120.0,Handcrafted_LabStudy,1,1,"-2.0,16.5,0.5","-0.0,0.0,-0.0,-1.0","-9.75,1.75,0.0","-0.0,0.0,-0.0,-1.0",16.66208267211914,16.66208267211914,21.158723831176758,0,0,0,0,0,0,0,0.0,0.0,0.0,0.0,1.7976931348623157e+308,0.0,
6,navstack-1719303660243,navstack,Hospital,HandCrafted,,,1719306046,953860044,"builtin_interfaces.msg.Time(sec=1719306046, nanosec=853860139)",120.0,Handcrafted_LabStudy,1,1,"-2.0,16.5,0.5","-0.0,0.0,-0.0,-1.0","-9.75,1.75,0.0","-0.0,0.0,-0.0,-1.0",16.66208267211914,16.66208267211914,21.158723831176758,0,0,0,0,0,0,0,0.0,0.0,0.0,0.0,1.7976931348623157e+308,0.0,
6,navstack-1719303660243,navstack,Hospital,HandCrafted,,,1719306046,973860025,"builtin_interfaces.msg.Time(sec=1719306046, nanosec=853860139)",120.0,Handcrafted_LabStudy,1,1,"-2.0,16.5,0.5","-0.0,0.0,-0.0,-1.0","-9.75,1.75,0.0","-0.0,0.0,-0.0,-1.0",16.66208267211914,16.66208267211914,21.158723831176758,0,0,0,0,0,0,0,0.0,0.0,0.0,0.0,1.7976931348623157e+308,0.0,
6,navstack-1719303660243,navstack,Hospital,HandCrafted,,,1719306046,993860006,"builtin_interfaces.msg.Time(sec=1719306046, nanosec=853860139)",120.0,Handcrafted_LabStudy,1,1,"-2.0,16.5,0.5","-0.0,0.0,-0.0,-1.0","-9.75,1.75,0.0","-0.0,0.0,-0.0,-1.0",16.66208267211914,16.66208267211914,21.158723831176758,0,0,0,0,0,0,0,0.0,0.0,0.0,0.0,1.7976931348623157e+308,0.0,
6,navstack-1719303660243,navstack,Hospital,HandCrafted,,,1719306047,13860225,"builtin_interfaces.msg.Time(sec=1719306046, nanosec=853860139)",120.0,Handcrafted_LabStudy,1,1,"-2.0,16.5,0.5","-0.0,0.0,-0.0,-1.0","-9.75,1.75,0.0","-0.0,0.0,-0.0,-1.0",16.66208267211914,16.66208267211914,21.158723831176758,0,0,0,0,0,0,0,0.0,0.0,0.0,0.0,1.7976931348623157e+308,0.0,
6,navstack-1719303660243,navstack,Hospital,HandCrafted,,,1719306047,13860225,"builtin_interfaces.msg.Time(sec=1719306046, nanosec=853860139)",120.0,Handcrafted_LabStudy,1,1,"-2.0,16.5,0.5","-0.0,0.0,-0.0,-1.0","-9.75,1.75,0.0","-0.0,0.0,-0.0,-1.0",16.66208267211914,16.66208267211914,21.158723831176758,0,0,0,0,0,0,0,0.0,0.0,0.0,0.0,1.7976931348623157e+308,0.0,
6,navstack-1719303660243,navstack,Hospital,HandCrafted,,,1719306047,33860206,"builtin_interfaces.msg.Time(sec=1719306046, nanosec=853860139)",120.0,Handcrafted_LabStudy,1,1,"-2.0,16.5,0.5","-0.0,0.0,-0.0,-1.0","-9.75,1.75,0.0","-0.0,0.0,-0.0,-1.0",16.66208267211914,16.66208267211914,21.158723831176758,0,0,0,0,0,0,0,0.0,0.0,0.0,0.0,1.7976931348623157e+308,0.0,
6,navstack-1719303660243,navstack,Hospital,HandCrafted,,,1719306047,33860206,"builtin_interfaces.msg.Time(sec=1719306046, nanosec=853860139)",120.0,Handcrafted_LabStudy,1,1,"-2.0,16.5,0.5","-0.0,0.0,-0.0,-1.0","-9.75,1.75,0.0","-0.0,0.0,-0.0,-1.0",16.66208267211914,16.66208267211914,21.158723831176758,0,0,0,0,0,0,0,0.0,0.0,0.0,0.0,1.7976931348623157e+308,0.0,
6,navstack-1719303660243,navstack,Hospital,HandCrafted,,,1719306047,53860187,"builtin_interfaces.msg.Time(sec=1719306046, nanosec=853860139)",120.0,Handcrafted_LabStudy,1,1,"-2.0,16.5,0.5","-0.0,0.0,-0.0,-1.0","-9.75,1.75,0.0","-0.0,0.0,-0.0,-1.0",16.66208267211914,16.66208267211914,21.158723831176758,0,0,0,0,0,0,0,0.0,0.0,0.0,0.0,1.7976931348623157e+308,0.0,
6,navstack-1719303660243,navstack,Hospital,HandCrafted,,,1719306047,53860187,"builtin_interfaces.msg.Time(sec=1719306046, nanosec=853860139)",120.0,Handcrafted_LabStudy,1,1,"-2.0,16.5,0.5","-0.0,0.0,-0.0,-1.0","-9.75,1.75,0.0","-0.0,0.0,-0.0,-1.0",16.66208267211914,16.66208267211914,21.158723831176758,0,0,0,0,0,0,0,0.0,0.0,0.0,0.0,1.7976931348623157e+308,0.0,
6,navstack-1719303660243,navstack,Hospital,HandCrafted,,,1719306047,73860168,"builtin_interfaces.msg.Time(sec=1719306046, nanosec=853860139)",120.0,Handcrafted_LabStudy,1,1,"-2.0,16.5,0.5","-0.0,0.0,-0.0,-1.0","-9.75,1.75,0.0","-0.0,0.0,-0.0,-1.0",16.66208267211914,16.66208267211914,21.158723831176758,0,0,0,0,0,0,0,0.0,0.0,0.0,0.0,1.7976931348623157e+308,0.0,
6,navstack-1719303660243,navstack,Hospital,HandCrafted,,,1719306047,93860149,"builtin_interfaces.msg.Time(sec=1719306046, nanosec=853860139)",120.0,Handcrafted_LabStudy,1,1,"-2.0,16.5,0.5","-0.0,0.0,-0.0,-1.0","-9.75,1.75,0.0","-0.0,0.0,-0.0,-1.0",16.66208267211914,16.66208267211914,21.158723831176758,0,0,0,0,0,0,0,0.0,0.0,0.0,0.0,1.7976931348623157e+308,0.0,
6,navstack-1719303660243,navstack,Hospital,HandCrafted,,,1719306047,93860149,"builtin_interfaces.msg.Time(sec=1719306046, nanosec=853860139)",120.0,Handcrafted_LabStudy,1,1,"-2.0,16.5,0.5","-0.0,0.0,-0.0,-1.0","-9.75,1.75,0.0","-0.0,0.0,-0.0,-1.0",16.66208267211914,16.66208267211914,21.158723831176758,0,0,0,0,0,0,0,0.0,0.0,0.0,0.0,1.7976931348623157e+308,0.0,
6,navstack-1719303660243,navstack,Hospital,HandCrafted,,,1719306047,113860130,"builtin_interfaces.msg.Time(sec=1719306046, nanosec=853860139)",120.0,Handcrafted_LabStudy,1,1,"-2.0,16.5,0.5","-0.0,0.0,-0.0,-1.0","-9.75,1.75,0.0","-0.0,0.0,-0.0,-1.0",16.66208267211914,16.66208267211914,21.158723831176758,0,0,0,0,0,0,0,0.0,0.0,0.0,0.0,1.7976931348623157e+308,0.0,
6,navstack-1719303660243,navstack,Hospital,HandCrafted,,,1719306047,113860130,"builtin_interfaces.msg.Time(sec=1719306046, nanosec=853860139)",120.0,Handcrafted_LabStudy,1,1,"-2.0,16.5,0.5","-0.0,0.0,-0.0,-1.0","-9.75,1.75,0.0","-0.0,0.0,-0.0,-1.0",16.66208267211914,16.66208267211914,21.158723831176758,0,0,0,0,0,0,0,0.0,0.0,0.0,0.0,1.7976931348623157e+308,0.0,
6,navstack-1719303660243,navstack,Hospital,HandCrafted,,,1719306047,133860111,"builtin_interfaces.msg.Time(sec=1719306046, nanosec=853860139)",120.0,Handcrafted_LabStudy,1,1,"-2.0,16.5,0.5","-0.0,0.0,-0.0,-1.0","-9.75,1.75,0.0","-0.0,0.0,-0.0,-1.0",16.66208267211914,16.66208267211914,21.158723831176758,0,0,0,0,0,0,0,0.0,0.0,0.0,0.0,1.7976931348623157e+308,0.0,
6,navstack-1719303660243,navstack,Hospital,HandCrafted,,,1719306047,133860111,"builtin_interfaces.msg.Time(sec=1719306046, nanosec=853860139)",120.0,Handcrafted_LabStudy,1,1,"-2.0,16.5,0.5","-0.0,0.0,-0.0,-1.0","-9.75,1.75,0.0","-0.0,0.0,-0.0,-1.0",16.66208267211914,16.66208267211914,21.158723831176758,0,0,0,0,0,0,0,0.0,0.0,0.0,0.0,1.7976931348623157e+308,0.0,
6,navstack-1719303660243,navstack,Hospital,HandCrafted,,,1719306047,153860092,"builtin_interfaces.msg.Time(sec=1719306046, nanosec=853860139)",120.0,Handcrafted_LabStudy,1,1,"-2.0,16.5,0.5","-0.0,0.0,-0.0,-1.0","-9.75,1.75,0.0","-0.0,0.0,-0.0,-1.0",16.66208267211914,16.66208267211914,21.158723831176758,0,0,0,0,0,0,0,0.0,0.0,0.0,0.0,1.7976931348623157e+308,0.0,
6,navstack-1719303660243,navstack,Hospital,HandCrafted,,,1719306047,153860092,"builtin_interfaces.msg.Time(sec=1719306046, nanosec=853860139)",120.0,Handcrafted_LabStudy,1,1,"-2.0,16.5,0.5","-0.0,0.0,-0.0,-1.0","-9.75,1.75,0.0","-0.0,0.0,-0.0,-1.0",16.66208267211914,16.66208267211914,21.158723831176758,0,0,0,0,0,0,0,0.0,0.0,0.0,0.0,1.7976931348623157e+308,0.0,
6,navstack-1719303660243,navstack,Hospital,HandCrafted,,,1719306047,153860092,"builtin_interfaces.msg.Time(sec=1719306046, nanosec=853860139)",120.0,Handcrafted_LabStudy,1,1,"-2.0,16.5,0.5","-0.0,0.0,-0.0,-1.0","-9.75,1.75,0.0","-0.0,0.0,-0.0,-1.0",16.66208267211914,16.66208267211914,21.158723831176758,0,0,0,0,0,0,0,0.0,0.0,0.0,0.0,1.7976931348623157e+308,0.0,
6,navstack-1719303660243,navstack,Hospital,HandCrafted,,,1719306047,173860073,"builtin_interfaces.msg.Time(sec=1719306046, nanosec=853860139)",120.0,Handcrafted_LabStudy,1,1,"-2.0,16.5,0.5","-0.0,0.0,-0.0,-1.0","-9.75,1.75,0.0","-0.0,0.0,-0.0,-1.0",16.66208267211914,16.66208267211914,21.158723831176758,0,0,0,0,0,0,0,0.0,0.0,0.0,0.0,1.7976931348623157e+308,0.0,
6,navstack-1719303660243,navstack,Hospital,HandCrafted,,,1719306047,173860073,"builtin_interfaces.msg.Time(sec=1719306046, nanosec=853860139)",120.0,Handcrafted_LabStudy,1,1,"-2.0,16.5,0.5","-0.0,0.0,-0.0,-1.0","-9.75,1.75,0.0","-0.0,0.0,-0.0,-1.0",16.66208267211914,16.66208267211914,21.158723831176758,0,0,0,0,0,0,0,0.0,0.0,0.0,0.0,1.7976931348623157e+308,0.0,
6,navstack-1719303660243,navstack,Hospital,HandCrafted,,,1719306047,193860054,"builtin_interfaces.msg.Time(sec=1719306046, nanosec=853860139)",120.0,Handcrafted_LabStudy,1,1,"-2.0,16.5,0.5","-0.0,0.0,-0.0,-1.0","-9.75,1.75,0.0","-0.0,0.0,-0.0,-1.0",16.66208267211914,16.66208267211914,21.158723831176758,0,0,0,0,0,0,0,0.0,0.0,0.0,0.0,1.7976931348623157e+308,0.0,
6,navstack-1719303660243,navstack,Hospital,HandCrafted,,,1719306047,193860054,"builtin_interfaces.msg.Time(sec=1719306046, nanosec=853860139)",120.0,Handcrafted_LabStudy,1,1,"-2.0,16.5,0.5","-0.0,0.0,-0.0,-1.0","-9.75,1.75,0.0","-0.0,0.0,-0.0,-1.0",16.66208267211914,16.66208267211914,21.158723831176758,0,0,0,0,0,0,0,0.0,0.0,0.0,0.0,1.7976931348623157e+308,0.0,
6,navstack-1719303660243,navstack,Hospital,HandCrafted,,,1719306047,213860034,"builtin_interfaces.msg.Time(sec=1719306046, nanosec=853860139)",120.0,Handcrafted_LabStudy,1,1,"-2.0,16.5,0.5","-0.0,0.0,-0.0,-1.0","-9.75,1.75,0.0","-0.0,0.0,-0.0,-1.0",16.66208267211914,16.66208267211914,21.158723831176758,0,0,0,0,0,0,0,0.0,0.0,0.0,0.0,1.7976931348623157e+308,0.0,
6,navstack-1719303660243,navstack,Hospital,HandCrafted,,,1719306047,213860034,"builtin_interfaces.msg.Time(sec=1719306046, nanosec=853860139)",120.0,Handcrafted_LabStudy,1,1,"-2.0,16.5,0.5","-0.0,0.0,-0.0,-1.0","-9.75,1.75,0.0","-0.0,0.0,-0.0,-1.0",16.66208267211914,16.66208267211914,21.158723831176758,0,0,0,0,0,0,0,0.0,0.0,0.0,0.0,1.7976931348623157e+308,0.0,
6,navstack-1719303660243,navstack,Hospital,HandCrafted,,,1719306047,233860015,"builtin_interfaces.msg.Time(sec=1719306046, nanosec=853860139)",120.0,Handcrafted_LabStudy,1,1,"-2.0,16.5,0.5","-0.0,0.0,-0.0,-1.0","-9.75,1.75,0.0","-0.0,0.0,-0.0,-1.0",16.66208267211914,16.66208267211914,21.158723831176758,0,0,0,0,0,0,0,0.0,0.0,0.0,0.0,1.7976931348623157e+308,0.0,
6,navstack-1719303660243,navstack,Hospital,HandCrafted,,,1719306047,253859996,"builtin_interfaces.msg.Time(sec=1719306046, nanosec=853860139)",120.0,Handcrafted_LabStudy,1,1,"-2.0,16.5,0.5","-0.0,0.0,-0.0,-1.0","-9.75,1.75,0.0","-0.0,0.0,-0.0,-1.0",16.66208267211914,16.66208267211914,21.158723831176758,0,0,0,0,0,0,0,0.0,0.0,0.0,0.0,1.7976931348623157e+308,0.0,
6,navstack-1719303660243,navstack,Hospital,HandCrafted,,,1719306047,273860216,"builtin_interfaces.msg.Time(sec=1719306046, nanosec=853860139)",120.0,Handcrafted_LabStudy,1,1,"-2.0,16.5,0.5","-0.0,0.0,-0.0,-1.0","-9.75,1.75,0.0","-0.0,0.0,-0.0,-1.0",16.66208267211914,16.66208267211914,21.158723831176758,0,0,0,0,0,0,0,0.0,0.0,0.0,0.0,1.7976931348623157e+308,0.0,
6,navstack-1719303660243,navstack,Hospital,HandCrafted,,,1719306047,293860197,"builtin_interfaces.msg.Time(sec=1719306046, nanosec=853860139)",120.0,Handcrafted_LabStudy,1,1,"-2.0,16.5,0.5","-0.0,0.0,-0.0,-1.0","-9.75,1.75,0.0","-0.0,0.0,-0.0,-1.0",16.66208267211914,16.66208267211914,21.158723831176758,0,0,0,0,0,0,0,0.0,0.0,0.0,0.0,1.7976931348623157e+308,0.0,
6,navstack-1719303660243,navstack,Hospital,HandCrafted,,,1719306047,293860197,"builtin_interfaces.msg.Time(sec=1719306046, nanosec=853860139)",120.0,Handcrafted_LabStudy,1,1,"-2.0,16.5,0.5","-0.0,0.0,-0.0,-1.0","-9.75,1.75,0.0","-0.0,0.0,-0.0,-1.0",16.66208267211914,16.66208267211914,21.158723831176758,0,0,0,0,0,0,0,0.0,0.0,0.0,0.0,1.7976931348623157e+308,0.0,
6,navstack-1719303660243,navstack,Hospital,HandCrafted,,,1719306047,293860197,"builtin_interfaces.msg.Time(sec=1719306046, nanosec=853860139)",120.0,Handcrafted_LabStudy,1,1,"-2.0,16.5,0.5","-0.0,0.0,-0.0,-1.0","-9.75,1.75,0.0","-0.0,0.0,-0.0,-1.0",16.66208267211914,16.66208267211914,21.158723831176758,0,0,0,0,0,0,0,0.0,0.0,0.0,0.0,1.7976931348623157e+308,0.0,
6,navstack-1719303660243,navstack,Hospital,HandCrafted,,,1719306047,313860177,"builtin_interfaces.msg.Time(sec=1719306046, nanosec=853860139)",120.0,Handcrafted_LabStudy,1,1,"-2.0,16.5,0.5","-0.0,0.0,-0.0,-1.0","-9.75,1.75,0.0","-0.0,0.0,-0.0,-1.0",16.66208267211914,16.66208267211914,21.158723831176758,0,0,0,0,0,0,0,0.0,0.0,0.0,0.0,1.7976931348623157e+308,0.0,
6,navstack-1719303660243,navstack,Hospital,HandCrafted,,,1719306047,333860158,"builtin_interfaces.msg.Time(sec=1719306046, nanosec=853860139)",120.0,Handcrafted_LabStudy,1,1,"-2.0,16.5,0.5","-0.0,0.0,-0.0,-1.0","-9.75,1.75,0.0","-0.0,0.0,-0.0,-1.0",16.66208267211914,16.66208267211914,21.158723831176758,0,0,0,0,0,0,0,0.0,0.0,0.0,0.0,1.7976931348623157e+308,0.0,
6,navstack-1719303660243,navstack,Hospital,HandCrafted,,,1719306047,353860139,"builtin_interfaces.msg.Time(sec=1719306046, nanosec=853860139)",120.0,Handcrafted_LabStudy,1,1,"-2.0,16.5,0.5","-0.0,0.0,-0.0,-1.0","-9.75,1.75,0.0","-0.0,0.0,-0.0,-1.0",16.66208267211914,16.66208267211914,21.158723831176758,0,0,0,0,0,0,0,0.0,0.0,0.0,0.0,1.7976931348623157e+308,0.0,
6,navstack-1719303660243,navstack,Hospital,HandCrafted,,,1719306047,353860139,"builtin_interfaces.msg.Time(sec=1719306046, nanosec=853860139)",120.0,Handcrafted_LabStudy,1,1,"-2.0,16.5,0.5","-0.0,0.0,-0.0,-1.0","-9.75,1.75,0.0","-0.0,0.0,-0.0,-1.0",16.66208267211914,16.66208267211914,21.158723831176758,0,0,0,0,0,0,0,0.0,0.0,0.0,0.0,1.7976931348623157e+308,0.0,
6,navstack-1719303660243,navstack,Hospital,HandCrafted,,,1719306047,373860120,"builtin_interfaces.msg.Time(sec=1719306046, nanosec=853860139)",120.0,Handcrafted_LabStudy,1,1,"-2.0,16.5,0.5","-0.0,0.0,-0.0,-1.0","-9.75,1.75,0.0","-0.0,0.0,-0.0,-1.0",16.66208267211914,16.66208267211914,21.158723831176758,0,0,0,0,0,0,0,0.0,0.0,0.0,0.0,1.7976931348623157e+308,0.0,
6,navstack-1719303660243,navstack,Hospital,HandCrafted,,,1719306047,373860120,"builtin_interfaces.msg.Time(sec=1719306046, nanosec=853860139)",120.0,Handcrafted_LabStudy,1,1,"-2.0,16.5,0.5","-0.0,0.0,-0.0,-1.0","-9.75,1.75,0.0","-0.0,0.0,-0.0,-1.0",16.66208267211914,16.66208267211914,21.158723831176758,0,0,0,0,0,0,0,0.0,0.0,0.0,0.0,1.7976931348623157e+308,0.0,
6,navstack-1719303660243,navstack,Hospital,HandCrafted,,,1719306047,393860101,"builtin_interfaces.msg.Time(sec=1719306046, nanosec=853860139)",120.0,Handcrafted_LabStudy,1,1,"-2.0,16.5,0.5","-0.0,0.0,-0.0,-1.0","-9.75,1.75,0.0","-0.0,0.0,-0.0,-1.0",16.66208267211914,16.66208267211914,21.158723831176758,0,0,0,0,0,0,0,0.0,0.0,0.0,0.0,1.7976931348623157e+308,0.0,
6,navstack-1719303660243,navstack,Hospital,HandCrafted,,,1719306047,393860101,"builtin_interfaces.msg.Time(sec=1719306046, nanosec=853860139)",120.0,Handcrafted_LabStudy,1,1,"-2.0,16.5,0.5","-0.0,0.0,-0.0,-1.0","-9.75,1.75,0.0","-0.0,0.0,-0.0,-1.0",16.66208267211914,16.66208267211914,21.158723831176758,0,0,0,0,0,0,0,0.0,0.0,0.0,0.0,1.7976931348623157e+308,0.0,
6,navstack-1719303660243,navstack,Hospital,HandCrafted,,,1719306047,393860101,"builtin_interfaces.msg.Time(sec=1719306046, nanosec=853860139)",120.0,Handcrafted_LabStudy,1,1,"-2.0,16.5,0.5","-0.0,0.0,-0.0,-1.0","-9.75,1.75,0.0","-0.0,0.0,-0.0,-1.0",16.66208267211914,16.66208267211914,21.158723831176758,0,0,0,0,0,0,0,0.0,0.0,0.0,0.0,1.7976931348623157e+308,0.0,
6,navstack-1719303660243,navstack,Hospital,HandCrafted,,,1719306047,413860082,"builtin_interfaces.msg.Time(sec=1719306046, nanosec=853860139)",120.0,Handcrafted_LabStudy,1,1,"-2.0,16.5,0.5","-0.0,0.0,-0.0,-1.0","-9.75,1.75,0.0","-0.0,0.0,-0.0,-1.0",16.66208267211914,16.66208267211914,21.158723831176758,0,0,0,0,0,0,0,0.0,0.0,0.0,0.0,1.7976931348623157e+308,0.0,
6,navstack-1719303660243,navstack,Hospital,HandCrafted,,,1719306047,413860082,"builtin_interfaces.msg.Time(sec=1719306046, nanosec=853860139)",120.0,Handcrafted_LabStudy,1,1,"-2.0,16.5,0.5","-0.0,0.0,-0.0,-1.0","-9.75,1.75,0.0","-0.0,0.0,-0.0,-1.0",16.66208267211914,16.66208267211914,21.158723831176758,0,0,0,0,0,0,0,0.0,0.0,0.0,0.0,1.7976931348623157e+308,0.0,
6,navstack-1719303660243,navstack,Hospital,HandCrafted,,,1719306047,433860063,"builtin_interfaces.msg.Time(sec=1719306046, nanosec=853860139)",120.0,Handcrafted_LabStudy,1,1,"-2.0,16.5,0.5","-0.0,0.0,-0.0,-1.0","-9.75,1.75,0.0","-0.0,0.0,-0.0,-1.0",16.66208267211914,16.66208267211914,21.158723831176758,0,0,0,0,0,0,0,0.0,0.0,0.0,0.0,1.7976931348623157e+308,0.0,
6,navstack-1719303660243,navstack,Hospital,HandCrafted,,,1719306047,433860063,"builtin_interfaces.msg.Time(sec=1719306046, nanosec=853860139)",120.0,Handcrafted_LabStudy,1,1,"-2.0,16.5,0.5","-0.0,0.0,-0.0,-1.0","-9.75,1.75,0.0","-0.0,0.0,-0.0,-1.0",16.66208267211914,16.66208267211914,21.158723831176758,0,0,0,0,0,0,0,0.0,0.0,0.0,0.0,1.7976931348623157e+308,0.0,
6,navstack-1719303660243,navstack,Hospital,HandCrafted,,,1719306047,453860044,"builtin_interfaces.msg.Time(sec=1719306046, nanosec=853860139)",120.0,Handcrafted_LabStudy,1,1,"-2.0,16.5,0.5","-0.0,0.0,-0.0,-1.0","-9.75,1.75,0.0","-0.0,0.0,-0.0,-1.0",16.66208267211914,16.66208267211914,21.158723831176758,0,0,0,0,0,0,0,0.0,0.0,0.0,0.0,1.7976931348623157e+308,0.0,
6,navstack-1719303660243,navstack,Hospital,HandCrafted,,,1719306047,453860044,"builtin_interfaces.msg.Time(sec=1719306046, nanosec=853860139)",120.0,Handcrafted_LabStudy,1,1,"-2.0,16.5,0.5","-0.0,0.0,-0.0,-1.0","-9.75,1.75,0.0","-0.0,0.0,-0.0,-1.0",16.66208267211914,16.66208267211914,21.158723831176758,0,0,0,0,0,0,0,0.0,0.0,0.0,0.0,1.7976931348623157e+308,0.0,
6,navstack-1719303660243,navstack,Hospital,HandCrafted,,,1719306047,473860025,"builtin_interfaces.msg.Time(sec=1719306046, nanosec=853860139)",120.0,Handcrafted_LabStudy,1,1,"-2.0,16.5,0.5","-0.0,0.0,-0.0,-1.0","-9.75,1.75,0.0","-0.0,0.0,-0.0,-1.0",16.66208267211914,16.66208267211914,21.158723831176758,0,0,0,0,0,0,0,0.0,0.0,0.0,0.0,1.7976931348623157e+308,0.0,
6,navstack-1719303660243,navstack,Hospital,HandCrafted,,,1719306047,493860006,"builtin_interfaces.msg.Time(sec=1719306046, nanosec=853860139)",120.0,Handcrafted_LabStudy,1,1,"-2.0,16.5,0.5","-0.0,0.0,-0.0,-1.0","-9.75,1.75,0.0","-0.0,0.0,-0.0,-1.0",16.66208267211914,16.66208267211914,21.158723831176758,0,0,0,0,0,0,0,0.0,0.0,0.0,0.0,1.7976931348623157e+308,0.0,
6,navstack-1719303660243,navstack,Hospital,HandCrafted,,,1719306047,513860225,"builtin_interfaces.msg.Time(sec=1719306046, nanosec=853860139)",120.0,Handcrafted_LabStudy,1,1,"-2.0,16.5,0.5","-0.0,0.0,-0.0,-1.0","-9.75,1.75,0.0","-0.0,0.0,-0.0,-1.0",16.66208267211914,16.66208267211914,21.158723831176758,0,0,0,0,0,0,0,0.0,0.0,0.0,0.0,1.7976931348623157e+308,0.0,
6,navstack-1719303660243,navstack,Hospital,HandCrafted,,,1719306047,513860225,"builtin_interfaces.msg.Time(sec=1719306046, nanosec=853860139)",120.0,Handcrafted_LabStudy,1,1,"-2.0,16.5,0.5","-0.0,0.0,-0.0,-1.0","-9.75,1.75,0.0","-0.0,0.0,-0.0,-1.0",16.66208267211914,16.66208267211914,21.158723831176758,0,0,0,0,0,0,0,0.0,0.0,0.0,0.0,1.7976931348623157e+308,0.0,
6,navstack-1719303660243,navstack,Hospital,HandCrafted,,,1719306047,533860206,"builtin_interfaces.msg.Time(sec=1719306046, nanosec=853860139)",120.0,Handcrafted_LabStudy,1,1,"-2.0,16.5,0.5","-0.0,0.0,-0.0,-1.0","-9.75,1.75,0.0","-0.0,0.0,-0.0,-1.0",16.66208267211914,16.66208267211914,21.158723831176758,0,0,0,0,0,0,0,0.0,0.0,0.0,0.0,1.7976931348623157e+308,0.0,
6,navstack-1719303660243,navstack,Hospital,HandCrafted,,,1719306047,553860187,"builtin_interfaces.msg.Time(sec=1719306046, nanosec=853860139)",120.0,Handcrafted_LabStudy,1,1,"-2.0,16.5,0.5","-0.0,0.0,-0.0,-1.0","-9.75,1.75,0.0","-0.0,0.0,-0.0,-1.0",16.66208267211914,16.66208267211914,21.158723831176758,0,0,0,0,0,0,0,0.0,0.0,0.0,0.0,1.7976931348623157e+308,0.0,
6,navstack-1719303660243,navstack,Hospital,HandCrafted,,,1719306047,573860168,"builtin_interfaces.msg.Time(sec=1719306046, nanosec=853860139)",120.0,Handcrafted_LabStudy,1,1,"-2.0,16.5,0.5","-0.0,0.0,-0.0,-1.0","-9.75,1.75,0.0","-0.0,0.0,-0.0,-1.0",16.66208267211914,16.66208267211914,21.158723831176758,0,0,0,0,0,0,0,0.0,0.0,0.0,0.0,1.7976931348623157e+308,0.0,
6,navstack-1719303660243,navstack,Hospital,HandCrafted,,,1719306047,573860168,"builtin_interfaces.msg.Time(sec=1719306046, nanosec=853860139)",120.0,Handcrafted_LabStudy,1,1,"-2.0,16.5,0.5","-0.0,0.0,-0.0,-1.0","-9.75,1.75,0.0","-0.0,0.0,-0.0,-1.0",16.66208267211914,16.66208267211914,21.158723831176758,0,0,0,0,0,0,0,0.0,0.0,0.0,0.0,1.7976931348623157e+308,0.0,
6,navstack-1719303660243,navstack,Hospital,HandCrafted,,,1719306047,593860149,"builtin_interfaces.msg.Time(sec=1719306046, nanosec=853860139)",120.0,Handcrafted_LabStudy,1,1,"-2.0,16.5,0.5","-0.0,0.0,-0.0,-1.0","-9.75,1.75,0.0","-0.0,0.0,-0.0,-1.0",16.66208267211914,16.66208267211914,21.158723831176758,0,0,0,0,0,0,0,0.0,0.0,0.0,0.0,1.7976931348623157e+308,0.0,
6,navstack-1719303660243,navstack,Hospital,HandCrafted,,,1719306047,613860130,"builtin_interfaces.msg.Time(sec=1719306046, nanosec=853860139)",120.0,Handcrafted_LabStudy,1,1,"-2.0,16.5,0.5","-0.0,0.0,-0.0,-1.0","-9.75,1.75,0.0","-0.0,0.0,-0.0,-1.0",16.66208267211914,16.66208267211914,21.158723831176758,0,0,0,0,0,0,0,0.0,0.0,0.0,0.0,1.7976931348623157e+308,0.0,
6,navstack-1719303660243,navstack,Hospital,HandCrafted,,,1719306047,633860111,"builtin_interfaces.msg.Time(sec=1719306046, nanosec=853860139)",120.0,Handcrafted_LabStudy,1,1,"-2.0,16.5,0.5","-0.0,0.0,-0.0,-1.0","-9.75,1.75,0.0","-0.0,0.0,-0.0,-1.0",16.66208267211914,16.66208267211914,21.158723831176758,0,0,0,0,0,0,0,0.0,0.0,0.0,0.0,1.7976931348623157e+308,0.0,
6,navstack-1719303660243,navstack,Hospital,HandCrafted,,,1719306047,653860092,"builtin_interfaces.msg.Time(sec=1719306046, nanosec=853860139)",120.0,Handcrafted_LabStudy,1,1,"-2.0,16.5,0.5","-0.0,0.0,-0.0,-1.0","-9.75,1.75,0.0","-0.0,0.0,-0.0,-1.0",16.66208267211914,16.66208267211914,21.158723831176758,0,0,0,0,0,0,0,0.0,0.0,0.0,0.0,1.7976931348623157e+308,0.0,
6,navstack-1719303660243,navstack,Hospital,HandCrafted,,,1719306047,653860092,"builtin_interfaces.msg.Time(sec=1719306046, nanosec=853860139)",120.0,Handcrafted_LabStudy,1,1,"-2.0,16.5,0.5","-0.0,0.0,-0.0,-1.0","-9.75,1.75,0.0","-0.0,0.0,-0.0,-1.0",16.66208267211914,16.66208267211914,21.158723831176758,0,0,0,0,0,0,0,0.0,0.0,0.0,0.0,1.7976931348623157e+308,0.0,
6,navstack-1719303660243,navstack,Hospital,HandCrafted,,,1719306047,673860073,"builtin_interfaces.msg.Time(sec=1719306046, nanosec=853860139)",120.0,Handcrafted_LabStudy,1,1,"-2.0,16.5,0.5","-0.0,0.0,-0.0,-1.0","-9.75,1.75,0.0","-0.0,0.0,-0.0,-1.0",16.66208267211914,16.66208267211914,21.158723831176758,0,0,0,0,0,0,0,0.0,0.0,0.0,0.0,1.7976931348623157e+308,0.0,
6,navstack-1719303660243,navstack,Hospital,HandCrafted,,,1719306047,693860054,"builtin_interfaces.msg.Time(sec=1719306046, nanosec=853860139)",120.0,Handcrafted_LabStudy,1,1,"-2.0,16.5,0.5","-0.0,0.0,-0.0,-1.0","-9.75,1.75,0.0","-0.0,0.0,-0.0,-1.0",16.66208267211914,16.66208267211914,21.158723831176758,0,0,0,0,0,0,0,0.0,0.0,0.0,0.0,1.7976931348623157e+308,0.0,
6,navstack-1719303660243,navstack,Hospital,HandCrafted,,,1719306047,713860034,"builtin_interfaces.msg.Time(sec=1719306046, nanosec=853860139)",120.0,Handcrafted_LabStudy,1,1,"-2.0,16.5,0.5","-0.0,0.0,-0.0,-1.0","-9.75,1.75,0.0","-0.0,0.0,-0.0,-1.0",16.66208267211914,16.66208267211914,21.158723831176758,0,0,0,0,0,0,0,0.0,0.0,0.0,0.0,1.7976931348623157e+308,0.0,
6,navstack-1719303660243,navstack,Hospital,HandCrafted,,,1719306047,713860034,"builtin_interfaces.msg.Time(sec=1719306046, nanosec=853860139)",120.0,Handcrafted_LabStudy,1,1,"-2.0,16.5,0.5","-0.0,0.0,-0.0,-1.0","-9.75,1.75,0.0","-0.0,0.0,-0.0,-1.0",16.66208267211914,16.66208267211914,21.158723831176758,0,0,0,0,0,0,0,0.0,0.0,0.0,0.0,1.7976931348623157e+308,0.0,
6,navstack-1719303660243,navstack,Hospital,HandCrafted,,,1719306047,733860015,"builtin_interfaces.msg.Time(sec=1719306046, nanosec=853860139)",120.0,Handcrafted_LabStudy,1,1,"-2.0,16.5,0.5","-0.0,0.0,-0.0,-1.0","-9.75,1.75,0.0","-0.0,0.0,-0.0,-1.0",16.66208267211914,16.66208267211914,21.158723831176758,0,0,0,0,0,0,0,0.0,0.0,0.0,0.0,1.7976931348623157e+308,0.0,
6,navstack-1719303660243,navstack,Hospital,HandCrafted,,,1719306047,753859996,"builtin_interfaces.msg.Time(sec=1719306046, nanosec=853860139)",120.0,Handcrafted_LabStudy,1,1,"-2.0,16.5,0.5","-0.0,0.0,-0.0,-1.0","-9.75,1.75,0.0","-0.0,0.0,-0.0,-1.0",16.66208267211914,16.66208267211914,21.158723831176758,0,0,0,0,0,0,0,0.0,0.0,0.0,0.0,1.7976931348623157e+308,0.0,
6,navstack-1719303660243,navstack,Hospital,HandCrafted,,,1719306047,773860216,"builtin_interfaces.msg.Time(sec=1719306046, nanosec=853860139)",120.0,Handcrafted_LabStudy,1,1,"-2.0,16.5,0.5","-0.0,0.0,-0.0,-1.0","-9.75,1.75,0.0","-0.0,0.0,-0.0,-1.0",16.66208267211914,16.66208267211914,21.158723831176758,0,0,0,0,0,0,0,0.0,0.0,0.0,0.0,1.7976931348623157e+308,0.0,
6,navstack-1719303660243,navstack,Hospital,HandCrafted,,,1719306047,793860197,"builtin_interfaces.msg.Time(sec=1719306046, nanosec=853860139)",120.0,Handcrafted_LabStudy,1,1,"-2.0,16.5,0.5","-0.0,0.0,-0.0,-1.0","-9.75,1.75,0.0","-0.0,0.0,-0.0,-1.0",16.66208267211914,16.66208267211914,21.158723831176758,0,0,0,0,0,0,0,0.0,0.0,0.0,0.0,1.7976931348623157e+308,0.0,
6,navstack-1719303660243,navstack,Hospital,HandCrafted,,,1719306047,793860197,"builtin_interfaces.msg.Time(sec=1719306046, nanosec=853860139)",120.0,Handcrafted_LabStudy,1,1,"-2.0,16.5,0.5","-0.0,0.0,-0.0,-1.0","-9.75,1.75,0.0","-0.0,0.0,-0.0,-1.0",16.66208267211914,16.66208267211914,21.158723831176758,0,0,0,0,0,0,0,0.0,0.0,0.0,0.0,1.7976931348623157e+308,0.0,
6,navstack-1719303660243,navstack,Hospital,HandCrafted,,,1719306047,813860177,"builtin_interfaces.msg.Time(sec=1719306046, nanosec=853860139)",120.0,Handcrafted_LabStudy,1,1,"-2.0,16.5,0.5","-0.0,0.0,-0.0,-1.0","-9.75,1.75,0.0","-0.0,0.0,-0.0,-1.0",16.66208267211914,16.66208267211914,21.158723831176758,0,0,0,0,0,0,0,0.0,0.0,0.0,0.0,1.7976931348623157e+308,0.0,
6,navstack-1719303660243,navstack,Hospital,HandCrafted,,,1719306047,853860139,"builtin_interfaces.msg.Time(sec=1719306046, nanosec=853860139)",120.0,Handcrafted_LabStudy,1,1,"-2.0,16.5,0.5","-0.0,0.0,-0.0,-1.0","-9.75,1.75,0.0","-0.0,0.0,-0.0,-1.0",16.66208267211914,16.66208267211914,21.158723831176758,0,0,0,0,0,0,0,0.0,0.0,0.0,0.0,1.7976931348623157e+308,0.0,
6,navstack-1719303660243,navstack,Hospital,HandCrafted,,,1719306047,873860120,"builtin_interfaces.msg.Time(sec=1719306046, nanosec=853860139)",120.0,Handcrafted_LabStudy,1,1,"-2.0,16.5,0.5","-0.0,0.0,-0.0,-1.0","-9.75,1.75,0.0","-0.0,0.0,-0.0,-1.0",16.66208267211914,16.66208267211914,21.158723831176758,0,0,0,0,0,0,0,0.0,0.0,0.0,0.0,1.7976931348623157e+308,0.0,
6,navstack-1719303660243,navstack,Hospital,HandCrafted,,,1719306047,913860082,"builtin_interfaces.msg.Time(sec=1719306046, nanosec=853860139)",120.0,Handcrafted_LabStudy,1,1,"-2.0,16.5,0.5","-0.0,0.0,-0.0,-1.0","-9.75,1.75,0.0","-0.0,0.0,-0.0,-1.0",16.66208267211914,16.66208267211914,21.116973876953125,0,0,0,0,0,0,0,0.0,0.0,0.0,0.0,1.7976931348623157e+308,0.0,
6,navstack-1719303660243,navstack,Hospital,HandCrafted,,,1719306047,933860063,"builtin_interfaces.msg.Time(sec=1719306046, nanosec=853860139)",120.0,Handcrafted_LabStudy,1,1,"-2.0,16.5,0.5","-0.0,0.0,-0.0,-1.0","-9.75,1.75,0.0","-0.0,0.0,-0.0,-1.0",16.66208267211914,16.66208267211914,21.116973876953125,0,0,0,0,0,0,0,0.0,0.0,0.0,0.0,1.7976931348623157e+308,0.0,
6,navstack-1719303660243,navstack,Hospital,HandCrafted,,,1719306047,953860044,"builtin_interfaces.msg.Time(sec=1719306046, nanosec=853860139)",120.0,Handcrafted_LabStudy,1,1,"-2.0,16.5,0.5","-0.0,0.0,-0.0,-1.0","-9.75,1.75,0.0","-0.0,0.0,-0.0,-1.0",16.66208267211914,16.66208267211914,21.116973876953125,0,0,0,0,0,0,0,0.0,0.0,0.0,0.0,1.7976931348623157e+308,0.0,
6,navstack-1719303660243,navstack,Hospital,HandCrafted,,,1719306047,953860044,"builtin_interfaces.msg.Time(sec=1719306046, nanosec=853860139)",120.0,Handcrafted_LabStudy,1,1,"-2.0,16.5,0.5","-0.0,0.0,-0.0,-1.0","-9.75,1.75,0.0","-0.0,0.0,-0.0,-1.0",16.66208267211914,16.66208267211914,21.116973876953125,0,0,0,0,0,0,0,0.0,0.0,0.0,0.0,1.7976931348623157e+308,0.0,
6,navstack-1719303660243,navstack,Hospital,HandCrafted,,,1719306047,973860025,"builtin_interfaces.msg.Time(sec=1719306046, nanosec=853860139)",120.0,Handcrafted_LabStudy,1,1,"-2.0,16.5,0.5","-0.0,0.0,-0.0,-1.0","-9.75,1.75,0.0","-0.0,0.0,-0.0,-1.0",16.66208267211914,16.66208267211914,21.116973876953125,0,0,0,0,0,0,0,0.0,0.0,0.0,0.0,1.7976931348623157e+308,0.0,
6,navstack-1719303660243,navstack,Hospital,HandCrafted,,,1719306047,973860025,"builtin_interfaces.msg.Time(sec=1719306046, nanosec=853860139)",120.0,Handcrafted_LabStudy,1,1,"-2.0,16.5,0.5","-0.0,0.0,-0.0,-1.0","-9.75,1.75,0.0","-0.0,0.0,-0.0,-1.0",16.66208267211914,16.66208267211914,21.116973876953125,0,0,0,0,0,0,0,0.0,0.0,0.0,0.0,1.7976931348623157e+308,0.0,
6,navstack-1719303660243,navstack,Hospital,HandCrafted,,,1719306047,993860006,"builtin_interfaces.msg.Time(sec=1719306046, nanosec=853860139)",120.0,Handcrafted_LabStudy,1,1,"-2.0,16.5,0.5","-0.0,0.0,-0.0,-1.0","-9.75,1.75,0.0","-0.0,0.0,-0.0,-1.0",16.66208267211914,16.66208267211914,21.116973876953125,0,0,0,0,0,0,0,0.0,0.0,0.0,0.0,1.7976931348623157e+308,0.0,
6,navstack-1719303660243,navstack,Hospital,HandCrafted,,,1719306047,993860006,"builtin_interfaces.msg.Time(sec=1719306046, nanosec=853860139)",120.0,Handcrafted_LabStudy,1,1,"-2.0,16.5,0.5","-0.0,0.0,-0.0,-1.0","-9.75,1.75,0.0","-0.0,0.0,-0.0,-1.0",16.66208267211914,16.66208267211914,21.116973876953125,0,0,0,0,0,0,0,0.0,0.0,0.0,0.0,1.7976931348623157e+308,0.0,
6,navstack-1719303660243,navstack,Hospital,HandCrafted,,,1719306048,13860225,"builtin_interfaces.msg.Time(sec=1719306046, nanosec=853860139)",120.0,Handcrafted_LabStudy,1,1,"-2.0,16.5,0.5","-0.0,0.0,-0.0,-1.0","-9.75,1.75,0.0","-0.0,0.0,-0.0,-1.0",16.66208267211914,16.66208267211914,21.116973876953125,0,0,0,0,0,0,0,0.0,0.0,0.0,0.0,1.7976931348623157e+308,0.0,
6,navstack-1719303660243,navstack,Hospital,HandCrafted,,,1719306048,33860206,"builtin_interfaces.msg.Time(sec=1719306046, nanosec=853860139)",120.0,Handcrafted_LabStudy,1,1,"-2.0,16.5,0.5","-0.0,0.0,-0.0,-1.0","-9.75,1.75,0.0","-0.0,0.0,-0.0,-1.0",16.66208267211914,16.66208267211914,21.116973876953125,0,0,0,0,0,0,0,0.0,0.0,0.0,0.0,1.7976931348623157e+308,0.0,
6,navstack-1719303660243,navstack,Hospital,HandCrafted,,,1719306048,53860187,"builtin_interfaces.msg.Time(sec=1719306046, nanosec=853860139)",120.0,Handcrafted_LabStudy,1,1,"-2.0,16.5,0.5","-0.0,0.0,-0.0,-1.0","-9.75,1.75,0.0","-0.0,0.0,-0.0,-1.0",16.66208267211914,16.66208267211914,21.116973876953125,0,0,0,0,0,0,0,0.0,0.0,0.0,0.0,1.7976931348623157e+308,0.0,
6,navstack-1719303660243,navstack,Hospital,HandCrafted,,,1719306048,73860168,"builtin_interfaces.msg.Time(sec=1719306046, nanosec=853860139)",120.0,Handcrafted_LabStudy,1,1,"-2.0,16.5,0.5","-0.0,0.0,-0.0,-1.0","-9.75,1.75,0.0","-0.0,0.0,-0.0,-1.0",16.66208267211914,16.66208267211914,21.116973876953125,0,0,0,0,0,0,0,0.0,0.0,0.0,0.0,1.7976931348623157e+308,0.0,
6,navstack-1719303660243,navstack,Hospital,HandCrafted,,,1719306048,93860149,"builtin_interfaces.msg.Time(sec=1719306046, nanosec=853860139)",120.0,Handcrafted_LabStudy,1,1,"-2.0,16.5,0.5","-0.0,0.0,-0.0,-1.0","-9.75,1.75,0.0","-0.0,0.0,-0.0,-1.0",16.66208267211914,16.66208267211914,21.116973876953125,0,0,0,0,0,0,0,0.0,0.0,0.0,0.0,1.7976931348623157e+308,0.0,
6,navstack-1719303660243,navstack,Hospital,HandCrafted,,,1719306048,113860130,"builtin_interfaces.msg.Time(sec=1719306046, nanosec=853860139)",120.0,Handcrafted_LabStudy,1,1,"-2.0,16.5,0.5","-0.0,0.0,-0.0,-1.0","-9.75,1.75,0.0","-0.0,0.0,-0.0,-1.0",16.66208267211914,16.66208267211914,21.116973876953125,0,0,0,0,0,0,0,0.0,0.0,0.0,0.0,1.7976931348623157e+308,0.0,
6,navstack-1719303660243,navstack,Hospital,HandCrafted,,,1719306048,113860130,"builtin_interfaces.msg.Time(sec=1719306046, nanosec=853860139)",120.0,Handcrafted_LabStudy,1,1,"-2.0,16.5,0.5","-0.0,0.0,-0.0,-1.0","-9.75,1.75,0.0","-0.0,0.0,-0.0,-1.0",16.66208267211914,16.66208267211914,21.116973876953125,0,0,0,0,0,0,0,0.0,0.0,0.0,0.0,1.7976931348623157e+308,0.0,
6,navstack-1719303660243,navstack,Hospital,HandCrafted,,,1719306048,133860111,"builtin_interfaces.msg.Time(sec=1719306046, nanosec=853860139)",120.0,Handcrafted_LabStudy,1,1,"-2.0,16.5,0.5","-0.0,0.0,-0.0,-1.0","-9.75,1.75,0.0","-0.0,0.0,-0.0,-1.0",16.66208267211914,16.66208267211914,21.116973876953125,0,0,0,0,0,0,0,0.0,0.0,0.0,0.0,1.7976931348623157e+308,0.0,
6,navstack-1719303660243,navstack,Hospital,HandCrafted,,,1719306048,133860111,"builtin_interfaces.msg.Time(sec=1719306046, nanosec=853860139)",120.0,Handcrafted_LabStudy,1,1,"-2.0,16.5,0.5","-0.0,0.0,-0.0,-1.0","-9.75,1.75,0.0","-0.0,0.0,-0.0,-1.0",16.66208267211914,16.66208267211914,21.116973876953125,0,0,0,0,0,0,0,0.0,0.0,0.0,0.0,1.7976931348623157e+308,0.0,
6,navstack-1719303660243,navstack,Hospital,HandCrafted,,,1719306048,133860111,"builtin_interfaces.msg.Time(sec=1719306046, nanosec=853860139)",120.0,Handcrafted_LabStudy,1,1,"-2.0,16.5,0.5","-0.0,0.0,-0.0,-1.0","-9.75,1.75,0.0","-0.0,0.0,-0.0,-1.0",16.66208267211914,16.66208267211914,21.116973876953125,0,0,0,0,0,0,0,0.0,0.0,0.0,0.0,1.7976931348623157e+308,0.0,
6,navstack-1719303660243,navstack,Hospital,HandCrafted,,,1719306048,153860092,"builtin_interfaces.msg.Time(sec=1719306046, nanosec=853860139)",120.0,Handcrafted_LabStudy,1,1,"-2.0,16.5,0.5","-0.0,0.0,-0.0,-1.0","-9.75,1.75,0.0","-0.0,0.0,-0.0,-1.0",16.66208267211914,16.66208267211914,21.116973876953125,0,0,0,0,0,0,0,0.0,0.0,0.0,0.0,1.7976931348623157e+308,0.0,
6,navstack-1719303660243,navstack,Hospital,HandCrafted,,,1719306048,173860073,"builtin_interfaces.msg.Time(sec=1719306046, nanosec=853860139)",120.0,Handcrafted_LabStudy,1,1,"-2.0,16.5,0.5","-0.0,0.0,-0.0,-1.0","-9.75,1.75,0.0","-0.0,0.0,-0.0,-1.0",16.66208267211914,16.66208267211914,21.116973876953125,0,0,0,0,0,0,0,0.0,0.0,0.0,0.0,1.7976931348623157e+308,0.0,
6,navstack-1719303660243,navstack,Hospital,HandCrafted,,,1719306048,173860073,"builtin_interfaces.msg.Time(sec=1719306046, nanosec=853860139)",120.0,Handcrafted_LabStudy,1,1,"-2.0,16.5,0.5","-0.0,0.0,-0.0,-1.0","-9.75,1.75,0.0","-0.0,0.0,-0.0,-1.0",16.66208267211914,16.66208267211914,21.116973876953125,0,0,0,0,0,0,0,0.0,0.0,0.0,0.0,1.7976931348623157e+308,0.0,
6,navstack-1719303660243,navstack,Hospital,HandCrafted,,,1719306048,193860054,"builtin_interfaces.msg.Time(sec=1719306046, nanosec=853860139)",120.0,Handcrafted_LabStudy,1,1,"-2.0,16.5,0.5","-0.0,0.0,-0.0,-1.0","-9.75,1.75,0.0","-0.0,0.0,-0.0,-1.0",16.66208267211914,16.66208267211914,21.116973876953125,0,0,0,0,0,0,0,0.0,0.0,0.0,0.0,1.7976931348623157e+308,0.0,
6,navstack-1719303660243,navstack,Hospital,HandCrafted,,,1719306048,213860034,"builtin_interfaces.msg.Time(sec=1719306046, nanosec=853860139)",120.0,Handcrafted_LabStudy,1,1,"-2.0,16.5,0.5","-0.0,0.0,-0.0,-1.0","-9.75,1.75,0.0","-0.0,0.0,-0.0,-1.0",16.66208267211914,16.66208267211914,21.116973876953125,0,0,0,0,0,0,0,0.0,0.0,0.0,0.0,1.7976931348623157e+308,0.0,
6,navstack-1719303660243,navstack,Hospital,HandCrafted,,,1719306048,213860034,"builtin_interfaces.msg.Time(sec=1719306046, nanosec=853860139)",120.0,Handcrafted_LabStudy,1,1,"-2.0,16.5,0.5","-0.0,0.0,-0.0,-1.0","-9.75,1.75,0.0","-0.0,0.0,-0.0,-1.0",16.66208267211914,16.66208267211914,21.116973876953125,0,0,0,0,0,0,0,0.0,0.0,0.0,0.0,1.7976931348623157e+308,0.0,
6,navstack-1719303660243,navstack,Hospital,HandCrafted,,,1719306048,233860015,"builtin_interfaces.msg.Time(sec=1719306046, nanosec=853860139)",120.0,Handcrafted_LabStudy,1,1,"-2.0,16.5,0.5","-0.0,0.0,-0.0,-1.0","-9.75,1.75,0.0","-0.0,0.0,-0.0,-1.0",16.66208267211914,16.66208267211914,21.116973876953125,0,0,0,0,0,0,0,0.0,0.0,0.0,0.0,1.7976931348623157e+308,0.0,
6,navstack-1719303660243,navstack,Hospital,HandCrafted,,,1719306048,253859996,"builtin_interfaces.msg.Time(sec=1719306046, nanosec=853860139)",120.0,Handcrafted_LabStudy,1,1,"-2.0,16.5,0.5","-0.0,0.0,-0.0,-1.0","-9.75,1.75,0.0","-0.0,0.0,-0.0,-1.0",16.66208267211914,16.66208267211914,21.116973876953125,0,0,0,0,0,0,0,0.0,0.0,0.0,0.0,1.7976931348623157e+308,0.0,
6,navstack-1719303660243,navstack,Hospital,HandCrafted,,,1719306048,273860216,"builtin_interfaces.msg.Time(sec=1719306046, nanosec=853860139)",120.0,Handcrafted_LabStudy,1,1,"-2.0,16.5,0.5","-0.0,0.0,-0.0,-1.0","-9.75,1.75,0.0","-0.0,0.0,-0.0,-1.0",16.66208267211914,16.66208267211914,21.116973876953125,0,0,0,0,0,0,0,0.0,0.0,0.0,0.0,1.7976931348623157e+308,0.0,
6,navstack-1719303660243,navstack,Hospital,HandCrafted,,,1719306048,273860216,"builtin_interfaces.msg.Time(sec=1719306046, nanosec=853860139)",120.0,Handcrafted_LabStudy,1,1,"-2.0,16.5,0.5","-0.0,0.0,-0.0,-1.0","-9.75,1.75,0.0","-0.0,0.0,-0.0,-1.0",16.66208267211914,16.66208267211914,21.116973876953125,0,0,0,0,0,0,0,0.0,0.0,0.0,0.0,1.7976931348623157e+308,0.0,
6,navstack-1719303660243,navstack,Hospital,HandCrafted,,,1719306048,293860197,"builtin_interfaces.msg.Time(sec=1719306046, nanosec=853860139)",120.0,Handcrafted_LabStudy,1,1,"-2.0,16.5,0.5","-0.0,0.0,-0.0,-1.0","-9.75,1.75,0.0","-0.0,0.0,-0.0,-1.0",16.66208267211914,16.66208267211914,21.116973876953125,0,0,0,0,0,0,0,0.0,0.0,0.0,0.0,1.7976931348623157e+308,0.0,
6,navstack-1719303660243,navstack,Hospital,HandCrafted,,,1719306048,313860177,"builtin_interfaces.msg.Time(sec=1719306046, nanosec=853860139)",120.0,Handcrafted_LabStudy,1,1,"-2.0,16.5,0.5","-0.0,0.0,-0.0,-1.0","-9.75,1.75,0.0","-0.0,0.0,-0.0,-1.0",16.66208267211914,16.66208267211914,21.116973876953125,0,0,0,0,0,0,0,0.0,0.0,0.0,0.0,1.7976931348623157e+308,0.0,
6,navstack-1719303660243,navstack,Hospital,HandCrafted,,,1719306048,333860158,"builtin_interfaces.msg.Time(sec=1719306046, nanosec=853860139)",120.0,Handcrafted_LabStudy,1,1,"-2.0,16.5,0.5","-0.0,0.0,-0.0,-1.0","-9.75,1.75,0.0","-0.0,0.0,-0.0,-1.0",16.66208267211914,16.66208267211914,21.116973876953125,0,0,0,0,0,0,0,0.0,0.0,0.0,0.0,1.7976931348623157e+308,0.0,
6,navstack-1719303660243,navstack,Hospital,HandCrafted,,,1719306048,353860139,"builtin_interfaces.msg.Time(sec=1719306046, nanosec=853860139)",120.0,Handcrafted_LabStudy,1,1,"-2.0,16.5,0.5","-0.0,0.0,-0.0,-1.0","-9.75,1.75,0.0","-0.0,0.0,-0.0,-1.0",16.66208267211914,16.66208267211914,21.116973876953125,0,0,0,0,0,0,0,0.0,0.0,0.0,0.0,1.7976931348623157e+308,0.0,
6,navstack-1719303660243,navstack,Hospital,HandCrafted,,,1719306048,373860120,"builtin_interfaces.msg.Time(sec=1719306046, nanosec=853860139)",120.0,Handcrafted_LabStudy,1,1,"-2.0,16.5,0.5","-0.0,0.0,-0.0,-1.0","-9.75,1.75,0.0","-0.0,0.0,-0.0,-1.0",16.66208267211914,16.66208267211914,21.116973876953125,0,0,0,0,0,0,0,0.0,0.0,0.0,0.0,1.7976931348623157e+308,0.0,
6,navstack-1719303660243,navstack,Hospital,HandCrafted,,,1719306048,393860101,"builtin_interfaces.msg.Time(sec=1719306046, nanosec=853860139)",120.0,Handcrafted_LabStudy,1,1,"-2.0,16.5,0.5","-0.0,0.0,-0.0,-1.0","-9.75,1.75,0.0","-0.0,0.0,-0.0,-1.0",16.66208267211914,16.66208267211914,21.116973876953125,0,0,0,0,0,0,0,0.0,0.0,0.0,0.0,1.7976931348623157e+308,0.0,
6,navstack-1719303660243,navstack,Hospital,HandCrafted,,,1719306048,413860082,"builtin_interfaces.msg.Time(sec=1719306046, nanosec=853860139)",120.0,Handcrafted_LabStudy,1,1,"-2.0,16.5,0.5","-0.0,0.0,-0.0,-1.0","-9.75,1.75,0.0","-0.0,0.0,-0.0,-1.0",16.66208267211914,16.66208267211914,21.116973876953125,0,0,0,0,0,0,0,0.0,0.0,0.0,0.0,1.7976931348623157e+308,0.0,
6,navstack-1719303660243,navstack,Hospital,HandCrafted,,,1719306048,453860044,"builtin_interfaces.msg.Time(sec=1719306046, nanosec=853860139)",120.0,Handcrafted_LabStudy,1,1,"-2.0,16.5,0.5","-0.0,0.0,-0.0,-1.0","-9.75,1.75,0.0","-0.0,0.0,-0.0,-1.0",16.66208267211914,16.66208267211914,21.116973876953125,0,0,0,0,0,0,0,0.0,0.0,0.0,0.0,1.7976931348623157e+308,0.0,
6,navstack-1719303660243,navstack,Hospital,HandCrafted,,,1719306048,473860025,"builtin_interfaces.msg.Time(sec=1719306046, nanosec=853860139)",120.0,Handcrafted_LabStudy,1,1,"-2.0,16.5,0.5","-0.0,0.0,-0.0,-1.0","-9.75,1.75,0.0","-0.0,0.0,-0.0,-1.0",16.66208267211914,16.66208267211914,21.116973876953125,0,0,0,0,0,0,0,0.0,0.0,0.0,0.0,1.7976931348623157e+308,0.0,
6,navstack-1719303660243,navstack,Hospital,HandCrafted,,,1719306048,493860006,"builtin_interfaces.msg.Time(sec=1719306046, nanosec=853860139)",120.0,Handcrafted_LabStudy,1,1,"-2.0,16.5,0.5","-0.0,0.0,-0.0,-1.0","-9.75,1.75,0.0","-0.0,0.0,-0.0,-1.0",16.66208267211914,16.66208267211914,21.116973876953125,0,0,0,0,0,0,0,0.0,0.0,0.0,0.0,1.7976931348623157e+308,0.0,
6,navstack-1719303660243,navstack,Hospital,HandCrafted,,,1719306048,493860006,"builtin_interfaces.msg.Time(sec=1719306046, nanosec=853860139)",120.0,Handcrafted_LabStudy,1,1,"-2.0,16.5,0.5","-0.0,0.0,-0.0,-1.0","-9.75,1.75,0.0","-0.0,0.0,-0.0,-1.0",16.66208267211914,16.66208267211914,21.116973876953125,0,0,0,0,0,0,0,0.0,0.0,0.0,0.0,1.7976931348623157e+308,0.0,
6,navstack-1719303660243,navstack,Hospital,HandCrafted,,,1719306048,513860225,"builtin_interfaces.msg.Time(sec=1719306046, nanosec=853860139)",120.0,Handcrafted_LabStudy,1,1,"-2.0,16.5,0.5","-0.0,0.0,-0.0,-1.0","-9.75,1.75,0.0","-0.0,0.0,-0.0,-1.0",16.66208267211914,16.66208267211914,21.116973876953125,0,0,0,0,0,0,0,0.0,0.0,0.0,0.0,1.7976931348623157e+308,0.0,
6,navstack-1719303660243,navstack,Hospital,HandCrafted,,,1719306048,513860225,"builtin_interfaces.msg.Time(sec=1719306046, nanosec=853860139)",120.0,Handcrafted_LabStudy,1,1,"-2.0,16.5,0.5","-0.0,0.0,-0.0,-1.0","-9.75,1.75,0.0","-0.0,0.0,-0.0,-1.0",16.66208267211914,16.66208267211914,21.116973876953125,0,0,0,0,0,0,0,0.0,0.0,0.0,0.0,1.7976931348623157e+308,0.0,
6,navstack-1719303660243,navstack,Hospital,HandCrafted,,,1719306048,533860206,"builtin_interfaces.msg.Time(sec=1719306046, nanosec=853860139)",120.0,Handcrafted_LabStudy,1,1,"-2.0,16.5,0.5","-0.0,0.0,-0.0,-1.0","-9.75,1.75,0.0","-0.0,0.0,-0.0,-1.0",16.66208267211914,16.66208267211914,21.116973876953125,0,0,0,0,0,0,0,0.0,0.0,0.0,0.0,1.7976931348623157e+308,0.0,
6,navstack-1719303660243,navstack,Hospital,HandCrafted,,,1719306048,533860206,"builtin_interfaces.msg.Time(sec=1719306046, nanosec=853860139)",120.0,Handcrafted_LabStudy,1,1,"-2.0,16.5,0.5","-0.0,0.0,-0.0,-1.0","-9.75,1.75,0.0","-0.0,0.0,-0.0,-1.0",16.66208267211914,16.66208267211914,21.116973876953125,0,0,0,0,0,0,0,0.0,0.0,0.0,0.0,1.7976931348623157e+308,0.0,
6,navstack-1719303660243,navstack,Hospital,HandCrafted,,,1719306048,553860187,"builtin_interfaces.msg.Time(sec=1719306046, nanosec=853860139)",120.0,Handcrafted_LabStudy,1,1,"-2.0,16.5,0.5","-0.0,0.0,-0.0,-1.0","-9.75,1.75,0.0","-0.0,0.0,-0.0,-1.0",16.66208267211914,16.66208267211914,21.116973876953125,0,0,0,0,0,0,0,0.0,0.0,0.0,0.0,1.7976931348623157e+308,0.0,
6,navstack-1719303660243,navstack,Hospital,HandCrafted,,,1719306048,573860168,"builtin_interfaces.msg.Time(sec=1719306046, nanosec=853860139)",120.0,Handcrafted_LabStudy,1,1,"-2.0,16.5,0.5","-0.0,0.0,-0.0,-1.0","-9.75,1.75,0.0","-0.0,0.0,-0.0,-1.0",16.66208267211914,16.66208267211914,21.116973876953125,0,0,0,0,0,0,0,0.0,0.0,0.0,0.0,1.7976931348623157e+308,0.0,
6,navstack-1719303660243,navstack,Hospital,HandCrafted,,,1719306048,593860149,"builtin_interfaces.msg.Time(sec=1719306046, nanosec=853860139)",120.0,Handcrafted_LabStudy,1,1,"-2.0,16.5,0.5","-0.0,0.0,-0.0,-1.0","-9.75,1.75,0.0","-0.0,0.0,-0.0,-1.0",16.66208267211914,16.66208267211914,21.116973876953125,0,0,0,0,0,0,0,0.0,0.0,0.0,0.0,1.7976931348623157e+308,0.0,
6,navstack-1719303660243,navstack,Hospital,HandCrafted,,,1719306048,593860149,"builtin_interfaces.msg.Time(sec=1719306046, nanosec=853860139)",120.0,Handcrafted_LabStudy,1,1,"-2.0,16.5,0.5","-0.0,0.0,-0.0,-1.0","-9.75,1.75,0.0","-0.0,0.0,-0.0,-1.0",16.66208267211914,16.66208267211914,21.116973876953125,0,0,0,0,0,0,0,0.0,0.0,0.0,0.0,1.7976931348623157e+308,0.0,
6,navstack-1719303660243,navstack,Hospital,HandCrafted,,,1719306048,613860130,"builtin_interfaces.msg.Time(sec=1719306046, nanosec=853860139)",120.0,Handcrafted_LabStudy,1,1,"-2.0,16.5,0.5","-0.0,0.0,-0.0,-1.0","-9.75,1.75,0.0","-0.0,0.0,-0.0,-1.0",16.66208267211914,16.66208267211914,21.116973876953125,0,0,0,0,0,0,0,0.0,0.0,0.0,0.0,1.7976931348623157e+308,0.0,
6,navstack-1719303660243,navstack,Hospital,HandCrafted,,,1719306048,633860111,"builtin_interfaces.msg.Time(sec=1719306046, nanosec=853860139)",120.0,Handcrafted_LabStudy,1,1,"-2.0,16.5,0.5","-0.0,0.0,-0.0,-1.0","-9.75,1.75,0.0","-0.0,0.0,-0.0,-1.0",16.66208267211914,16.66208267211914,21.116973876953125,0,0,0,0,0,0,0,0.0,0.0,0.0,0.0,1.7976931348623157e+308,0.0,
6,navstack-1719303660243,navstack,Hospital,HandCrafted,,,1719306048,653860092,"builtin_interfaces.msg.Time(sec=1719306046, nanosec=853860139)",120.0,Handcrafted_LabStudy,1,1,"-2.0,16.5,0.5","-0.0,0.0,-0.0,-1.0","-9.75,1.75,0.0","-0.0,0.0,-0.0,-1.0",16.66208267211914,16.66208267211914,21.116973876953125,0,0,0,0,0,0,0,0.0,0.0,0.0,0.0,1.7976931348623157e+308,0.0,
6,navstack-1719303660243,navstack,Hospital,HandCrafted,,,1719306048,673860073,"builtin_interfaces.msg.Time(sec=1719306046, nanosec=853860139)",120.0,Handcrafted_LabStudy,1,1,"-2.0,16.5,0.5","-0.0,0.0,-0.0,-1.0","-9.75,1.75,0.0","-0.0,0.0,-0.0,-1.0",16.66208267211914,16.66208267211914,21.116973876953125,0,0,0,0,0,0,0,0.0,0.0,0.0,0.0,1.7976931348623157e+308,0.0,
6,navstack-1719303660243,navstack,Hospital,HandCrafted,,,1719306048,673860073,"builtin_interfaces.msg.Time(sec=1719306046, nanosec=853860139)",120.0,Handcrafted_LabStudy,1,1,"-2.0,16.5,0.5","-0.0,0.0,-0.0,-1.0","-9.75,1.75,0.0","-0.0,0.0,-0.0,-1.0",16.66208267211914,16.66208267211914,21.116973876953125,0,0,0,0,0,0,0,0.0,0.0,0.0,0.0,1.7976931348623157e+308,0.0,
6,navstack-1719303660243,navstack,Hospital,HandCrafted,,,1719306048,693860054,"builtin_interfaces.msg.Time(sec=1719306046, nanosec=853860139)",120.0,Handcrafted_LabStudy,1,1,"-2.0,16.5,0.5","-0.0,0.0,-0.0,-1.0","-9.75,1.75,0.0","-0.0,0.0,-0.0,-1.0",16.66208267211914,16.66208267211914,21.116973876953125,0,0,0,0,0,0,0,0.0,0.0,0.0,0.0,1.7976931348623157e+308,0.0,
6,navstack-1719303660243,navstack,Hospital,HandCrafted,,,1719306048,713860034,"builtin_interfaces.msg.Time(sec=1719306046, nanosec=853860139)",120.0,Handcrafted_LabStudy,1,1,"-2.0,16.5,0.5","-0.0,0.0,-0.0,-1.0","-9.75,1.75,0.0","-0.0,0.0,-0.0,-1.0",16.66208267211914,16.66208267211914,21.116973876953125,0,0,0,0,0,0,0,0.0,0.0,0.0,0.0,1.7976931348623157e+308,0.0,
6,navstack-1719303660243,navstack,Hospital,HandCrafted,,,1719306048,733860015,"builtin_interfaces.msg.Time(sec=1719306046, nanosec=853860139)",120.0,Handcrafted_LabStudy,1,1,"-2.0,16.5,0.5","-0.0,0.0,-0.0,-1.0","-9.75,1.75,0.0","-0.0,0.0,-0.0,-1.0",16.66208267211914,16.66208267211914,21.116973876953125,0,0,0,0,0,0,0,0.0,0.0,0.0,0.0,1.7976931348623157e+308,0.0,
6,navstack-1719303660243,navstack,Hospital,HandCrafted,,,1719306048,753859996,"builtin_interfaces.msg.Time(sec=1719306046, nanosec=853860139)",120.0,Handcrafted_LabStudy,1,1,"-2.0,16.5,0.5","-0.0,0.0,-0.0,-1.0","-9.75,1.75,0.0","-0.0,0.0,-0.0,-1.0",16.66208267211914,16.66208267211914,21.116973876953125,0,0,0,0,0,0,0,0.0,0.0,0.0,0.0,1.7976931348623157e+308,0.0,
6,navstack-1719303660243,navstack,Hospital,HandCrafted,,,1719306048,773860216,"builtin_interfaces.msg.Time(sec=1719306046, nanosec=853860139)",120.0,Handcrafted_LabStudy,1,1,"-2.0,16.5,0.5","-0.0,0.0,-0.0,-1.0","-9.75,1.75,0.0","-0.0,0.0,-0.0,-1.0",16.66208267211914,16.66208267211914,21.116973876953125,0,0,0,0,0,0,0,0.0,0.0,0.0,0.0,1.7976931348623157e+308,0.0,
6,navstack-1719303660243,navstack,Hospital,HandCrafted,,,1719306048,793860197,"builtin_interfaces.msg.Time(sec=1719306046, nanosec=853860139)",120.0,Handcrafted_LabStudy,1,1,"-2.0,16.5,0.5","-0.0,0.0,-0.0,-1.0","-9.75,1.75,0.0","-0.0,0.0,-0.0,-1.0",16.66208267211914,16.66208267211914,21.116973876953125,0,0,0,0,0,0,0,0.0,0.0,0.0,0.0,1.7976931348623157e+308,0.0,
6,navstack-1719303660243,navstack,Hospital,HandCrafted,,,1719306048,813860177,"builtin_interfaces.msg.Time(sec=1719306046, nanosec=853860139)",120.0,Handcrafted_LabStudy,1,1,"-2.0,16.5,0.5","-0.0,0.0,-0.0,-1.0","-9.75,1.75,0.0","-0.0,0.0,-0.0,-1.0",16.66208267211914,16.66208267211914,21.116973876953125,0,0,0,0,0,0,0,0.0,0.0,0.0,0.0,1.7976931348623157e+308,0.0,
6,navstack-1719303660243,navstack,Hospital,HandCrafted,,,1719306048,813860177,"builtin_interfaces.msg.Time(sec=1719306046, nanosec=853860139)",120.0,Handcrafted_LabStudy,1,1,"-2.0,16.5,0.5","-0.0,0.0,-0.0,-1.0","-9.75,1.75,0.0","-0.0,0.0,-0.0,-1.0",16.66208267211914,16.66208267211914,21.116973876953125,0,0,0,0,0,0,0,0.0,0.0,0.0,0.0,1.7976931348623157e+308,0.0,
6,navstack-1719303660243,navstack,Hospital,HandCrafted,,,1719306048,833860158,"builtin_interfaces.msg.Time(sec=1719306046, nanosec=853860139)",120.0,Handcrafted_LabStudy,1,1,"-2.0,16.5,0.5","-0.0,0.0,-0.0,-1.0","-9.75,1.75,0.0","-0.0,0.0,-0.0,-1.0",16.66208267211914,16.66208267211914,21.116973876953125,0,0,0,0,0,0,0,0.0,0.0,0.0,0.0,1.7976931348623157e+308,0.0,
6,navstack-1719303660243,navstack,Hospital,HandCrafted,,,1719306048,833860158,"builtin_interfaces.msg.Time(sec=1719306046, nanosec=853860139)",120.0,Handcrafted_LabStudy,1,1,"-2.0,16.5,0.5","-0.0,0.0,-0.0,-1.0","-9.75,1.75,0.0","-0.0,0.0,-0.0,-1.0",16.66208267211914,16.66208267211914,21.116973876953125,0,0,0,0,0,0,0,0.0,0.0,0.0,0.0,1.7976931348623157e+308,0.0,
6,navstack-1719303660243,navstack,Hospital,HandCrafted,,,1719306048,853860139,"builtin_interfaces.msg.Time(sec=1719306046, nanosec=853860139)",120.0,Handcrafted_LabStudy,1,1,"-2.0,16.5,0.5","-0.0,0.0,-0.0,-1.0","-9.75,1.75,0.0","-0.0,0.0,-0.0,-1.0",16.66208267211914,16.66208267211914,21.116973876953125,0,0,0,0,0,0,0,0.0,0.0,0.0,0.0,1.7976931348623157e+308,0.0,
6,navstack-1719303660243,navstack,Hospital,HandCrafted,,,1719306048,853860139,"builtin_interfaces.msg.Time(sec=1719306046, nanosec=853860139)",120.0,Handcrafted_LabStudy,1,1,"-2.0,16.5,0.5","-0.0,0.0,-0.0,-1.0","-9.75,1.75,0.0","-0.0,0.0,-0.0,-1.0",16.66208267211914,16.66208267211914,21.116973876953125,0,0,0,0,0,0,0,0.0,0.0,0.0,0.0,1.7976931348623157e+308,0.0,
6,navstack-1719303660243,navstack,Hospital,HandCrafted,,,1719306048,873860120,"builtin_interfaces.msg.Time(sec=1719306046, nanosec=853860139)",120.0,Handcrafted_LabStudy,1,1,"-2.0,16.5,0.5","-0.0,0.0,-0.0,-1.0","-9.75,1.75,0.0","-0.0,0.0,-0.0,-1.0",16.66208267211914,16.66208267211914,21.116973876953125,0,0,0,0,0,0,0,0.0,0.0,0.0,0.0,1.7976931348623157e+308,0.0,
6,navstack-1719303660243,navstack,Hospital,HandCrafted,,,1719306048,913860082,"builtin_interfaces.msg.Time(sec=1719306046, nanosec=853860139)",120.0,Handcrafted_LabStudy,1,1,"-2.0,16.5,0.5","-0.0,0.0,-0.0,-1.0","-9.75,1.75,0.0","-0.0,0.0,-0.0,-1.0",16.66208267211914,16.66208267211914,21.00495147705078,0,0,0,0,0,0,0,0.0,0.0,1.0,0.0,1.7976931348623157e+308,0.0,
6,navstack-1719303660243,navstack,Hospital,HandCrafted,,,1719306048,933860063,"builtin_interfaces.msg.Time(sec=1719306046, nanosec=853860139)",120.0,Handcrafted_LabStudy,1,1,"-2.0,16.5,0.5","-0.0,0.0,-0.0,-1.0","-9.75,1.75,0.0","-0.0,0.0,-0.0,-1.0",16.66208267211914,16.66208267211914,21.00495147705078,0,0,0,0,0,0,0,0.0,0.0,1.0,0.0,1.7976931348623157e+308,0.0,
6,navstack-1719303660243,navstack,Hospital,HandCrafted,,,1719306048,933860063,"builtin_interfaces.msg.Time(sec=1719306046, nanosec=853860139)",120.0,Handcrafted_LabStudy,1,1,"-2.0,16.5,0.5","-0.0,0.0,-0.0,-1.0","-9.75,1.75,0.0","-0.0,0.0,-0.0,-1.0",16.66208267211914,16.66208267211914,21.00495147705078,0,0,0,0,0,0,0,0.0,0.0,1.0,0.0,1.7976931348623157e+308,0.0,
6,navstack-1719303660243,navstack,Hospital,HandCrafted,,,1719306048,953860044,"builtin_interfaces.msg.Time(sec=1719306046, nanosec=853860139)",120.0,Handcrafted_LabStudy,1,1,"-2.0,16.5,0.5","-0.0,0.0,-0.0,-1.0","-9.75,1.75,0.0","-0.0,0.0,-0.0,-1.0",16.66208267211914,16.66208267211914,21.00495147705078,0,0,0,0,0,0,0,0.0,0.0,1.0,0.0,1.7976931348623157e+308,0.0,
6,navstack-1719303660243,navstack,Hospital,HandCrafted,,,1719306048,953860044,"builtin_interfaces.msg.Time(sec=1719306046, nanosec=853860139)",120.0,Handcrafted_LabStudy,1,1,"-2.0,16.5,0.5","-0.0,0.0,-0.0,-1.0","-9.75,1.75,0.0","-0.0,0.0,-0.0,-1.0",16.66208267211914,16.66208267211914,21.00495147705078,0,0,0,0,0,0,0,0.0,0.0,1.0,0.0,1.7976931348623157e+308,0.0,
6,navstack-1719303660243,navstack,Hospital,HandCrafted,,,1719306048,973860025,"builtin_interfaces.msg.Time(sec=1719306046, nanosec=853860139)",120.0,Handcrafted_LabStudy,1,1,"-2.0,16.5,0.5","-0.0,0.0,-0.0,-1.0","-9.75,1.75,0.0","-0.0,0.0,-0.0,-1.0",16.66208267211914,16.66208267211914,21.00495147705078,0,0,0,0,0,0,0,0.0,0.0,1.0,0.0,1.7976931348623157e+308,0.0,
6,navstack-1719303660243,navstack,Hospital,HandCrafted,,,1719306048,973860025,"builtin_interfaces.msg.Time(sec=1719306046, nanosec=853860139)",120.0,Handcrafted_LabStudy,1,1,"-2.0,16.5,0.5","-0.0,0.0,-0.0,-1.0","-9.75,1.75,0.0","-0.0,0.0,-0.0,-1.0",16.66208267211914,16.66208267211914,21.00495147705078,0,0,0,0,0,0,0,0.0,0.0,1.0,0.0,1.7976931348623157e+308,0.0,
6,navstack-1719303660243,navstack,Hospital,HandCrafted,,,1719306048,993859767,"builtin_interfaces.msg.Time(sec=1719306046, nanosec=853860139)",120.0,Handcrafted_LabStudy,1,1,"-2.0,16.5,0.5","-0.0,0.0,-0.0,-1.0","-9.75,1.75,0.0","-0.0,0.0,-0.0,-1.0",16.66208267211914,16.66208267211914,21.00495147705078,0,0,0,0,0,0,0,0.0,0.0,1.0,0.0,1.7976931348623157e+308,0.0,
6,navstack-1719303660243,navstack,Hospital,HandCrafted,,,1719306048,993859767,"builtin_interfaces.msg.Time(sec=1719306046, nanosec=853860139)",120.0,Handcrafted_LabStudy,1,1,"-2.0,16.5,0.5","-0.0,0.0,-0.0,-1.0","-9.75,1.75,0.0","-0.0,0.0,-0.0,-1.0",16.66208267211914,16.66208267211914,21.00495147705078,0,0,0,0,0,0,0,0.0,0.0,1.0,0.0,1.7976931348623157e+308,0.0,
6,navstack-1719303660243,navstack,Hospital,HandCrafted,,,1719306049,13859748,"builtin_interfaces.msg.Time(sec=1719306046, nanosec=853860139)",120.0,Handcrafted_LabStudy,1,1,"-2.0,16.5,0.5","-0.0,0.0,-0.0,-1.0","-9.75,1.75,0.0","-0.0,0.0,-0.0,-1.0",16.66208267211914,16.66208267211914,21.00495147705078,0,0,0,0,0,0,0,0.0,0.0,1.0,0.0,1.7976931348623157e+308,0.0,
6,navstack-1719303660243,navstack,Hospital,HandCrafted,,,1719306049,13859748,"builtin_interfaces.msg.Time(sec=1719306046, nanosec=853860139)",120.0,Handcrafted_LabStudy,1,1,"-2.0,16.5,0.5","-0.0,0.0,-0.0,-1.0","-9.75,1.75,0.0","-0.0,0.0,-0.0,-1.0",16.66208267211914,16.66208267211914,21.00495147705078,0,0,0,0,0,0,0,0.0,0.0,1.0,0.0,1.7976931348623157e+308,0.0,
6,navstack-1719303660243,navstack,Hospital,HandCrafted,,,1719306049,33860206,"builtin_interfaces.msg.Time(sec=1719306046, nanosec=853860139)",120.0,Handcrafted_LabStudy,1,1,"-2.0,16.5,0.5","-0.0,0.0,-0.0,-1.0","-9.75,1.75,0.0","-0.0,0.0,-0.0,-1.0",16.66208267211914,16.66208267211914,21.00495147705078,0,0,0,0,0,0,0,0.0,0.0,1.0,0.0,1.7976931348623157e+308,0.0,
6,navstack-1719303660243,navstack,Hospital,HandCrafted,,,1719306049,53860187,"builtin_interfaces.msg.Time(sec=1719306046, nanosec=853860139)",120.0,Handcrafted_LabStudy,1,1,"-2.0,16.5,0.5","-0.0,0.0,-0.0,-1.0","-9.75,1.75,0.0","-0.0,0.0,-0.0,-1.0",16.66208267211914,16.66208267211914,21.00495147705078,0,0,0,0,0,0,0,0.0,0.0,1.0,0.0,1.7976931348623157e+308,0.0,
6,navstack-1719303660243,navstack,Hospital,HandCrafted,,,1719306049,73860168,"builtin_interfaces.msg.Time(sec=1719306046, nanosec=853860139)",120.0,Handcrafted_LabStudy,1,1,"-2.0,16.5,0.5","-0.0,0.0,-0.0,-1.0","-9.75,1.75,0.0","-0.0,0.0,-0.0,-1.0",16.66208267211914,16.66208267211914,21.00495147705078,0,0,0,0,0,0,0,0.0,0.0,1.0,0.0,1.7976931348623157e+308,0.0,
6,navstack-1719303660243,navstack,Hospital,HandCrafted,,,1719306049,93860149,"builtin_interfaces.msg.Time(sec=1719306046, nanosec=853860139)",120.0,Handcrafted_LabStudy,1,1,"-2.0,16.5,0.5","-0.0,0.0,-0.0,-1.0","-9.75,1.75,0.0","-0.0,0.0,-0.0,-1.0",16.66208267211914,16.66208267211914,21.00495147705078,0,0,0,0,0,0,0,0.0,0.0,1.0,0.0,1.7976931348623157e+308,0.0,
6,navstack-1719303660243,navstack,Hospital,HandCrafted,,,1719306049,113860130,"builtin_interfaces.msg.Time(sec=1719306046, nanosec=853860139)",120.0,Handcrafted_LabStudy,1,1,"-2.0,16.5,0.5","-0.0,0.0,-0.0,-1.0","-9.75,1.75,0.0","-0.0,0.0,-0.0,-1.0",16.66208267211914,16.66208267211914,21.00495147705078,0,0,0,0,0,0,0,0.0,0.0,1.0,0.0,1.7976931348623157e+308,0.0,
6,navstack-1719303660243,navstack,Hospital,HandCrafted,,,1719306049,113860130,"builtin_interfaces.msg.Time(sec=1719306046, nanosec=853860139)",120.0,Handcrafted_LabStudy,1,1,"-2.0,16.5,0.5","-0.0,0.0,-0.0,-1.0","-9.75,1.75,0.0","-0.0,0.0,-0.0,-1.0",16.66208267211914,16.66208267211914,21.00495147705078,0,0,0,0,0,0,0,0.0,0.0,1.0,0.0,1.7976931348623157e+308,0.0,
6,navstack-1719303660243,navstack,Hospital,HandCrafted,,,1719306049,133860111,"builtin_interfaces.msg.Time(sec=1719306046, nanosec=853860139)",120.0,Handcrafted_LabStudy,1,1,"-2.0,16.5,0.5","-0.0,0.0,-0.0,-1.0","-9.75,1.75,0.0","-0.0,0.0,-0.0,-1.0",16.66208267211914,16.66208267211914,21.00495147705078,0,0,0,0,0,0,0,0.0,0.0,1.0,0.0,1.7976931348623157e+308,0.0,
6,navstack-1719303660243,navstack,Hospital,HandCrafted,,,1719306049,153860092,"builtin_interfaces.msg.Time(sec=1719306046, nanosec=853860139)",120.0,Handcrafted_LabStudy,1,1,"-2.0,16.5,0.5","-0.0,0.0,-0.0,-1.0","-9.75,1.75,0.0","-0.0,0.0,-0.0,-1.0",16.66208267211914,16.66208267211914,21.00495147705078,0,0,0,0,0,0,0,0.0,0.0,1.0,0.0,1.7976931348623157e+308,0.0,
6,navstack-1719303660243,navstack,Hospital,HandCrafted,,,1719306049,173860073,"builtin_interfaces.msg.Time(sec=1719306046, nanosec=853860139)",120.0,Handcrafted_LabStudy,1,1,"-2.0,16.5,0.5","-0.0,0.0,-0.0,-1.0","-9.75,1.75,0.0","-0.0,0.0,-0.0,-1.0",16.66208267211914,16.66208267211914,21.00495147705078,0,0,0,0,0,0,0,0.0,0.0,1.0,0.0,1.7976931348623157e+308,0.0,
6,navstack-1719303660243,navstack,Hospital,HandCrafted,,,1719306049,193860054,"builtin_interfaces.msg.Time(sec=1719306046, nanosec=853860139)",120.0,Handcrafted_LabStudy,1,1,"-2.0,16.5,0.5","-0.0,0.0,-0.0,-1.0","-9.75,1.75,0.0","-0.0,0.0,-0.0,-1.0",16.662090301513672,16.66208267211914,21.00495147705078,0,0,0,0,0,0,0,0.0,0.0,1.0,0.0,-3038216390.2812777,301.36566162109375,
6,navstack-1719303660243,navstack,Hospital,HandCrafted,,,1719306049,193860054,"builtin_interfaces.msg.Time(sec=1719306046, nanosec=853860139)",120.0,Handcrafted_LabStudy,1,1,"-2.0,16.5,0.5","-0.0,0.0,-0.0,-1.0","-9.75,1.75,0.0","-0.0,0.0,-0.0,-1.0",16.662090301513672,16.66208267211914,21.00495147705078,0,0,0,0,0,0,0,0.0,0.0,1.0,0.0,-3038216390.2812777,301.36566162109375,
6,navstack-1719303660243,navstack,Hospital,HandCrafted,,,1719306049,213860034,"builtin_interfaces.msg.Time(sec=1719306046, nanosec=853860139)",120.0,Handcrafted_LabStudy,1,1,"-2.0,16.5,0.5","-0.0,0.0,-0.0,-1.0","-9.75,1.75,0.0","-0.0,0.0,-0.0,-1.0",16.66209602355957,16.66208267211914,21.00495147705078,0,0,0,0,0,0,0,0.0,0.0,1.0,0.0,-15424230483.980795,151.30641174316406,
6,navstack-1719303660243,navstack,Hospital,HandCrafted,,,1719306049,233859777,"builtin_interfaces.msg.Time(sec=1719306046, nanosec=853860139)",120.0,Handcrafted_LabStudy,1,1,"-2.0,16.5,0.5","-0.0,0.0,-0.0,-1.0","-9.75,1.75,0.0","-0.0,0.0,-0.0,-1.0",16.662105560302734,16.66208267211914,21.00495147705078,0,0,0,0,0,0,0,0.0,0.0,1.0,0.0,-84228430683.25526,121.04521179199219,
6,navstack-1719303660243,navstack,Hospital,HandCrafted,,,1719306049,253859758,"builtin_interfaces.msg.Time(sec=1719306046, nanosec=853860139)",120.0,Handcrafted_LabStudy,1,1,"-2.0,16.5,0.5","-0.0,0.0,-0.0,-1.0","-9.75,1.75,0.0","-0.0,0.0,-0.0,-1.0",16.662113189697266,16.66208267211914,21.00495147705078,0,0,0,0,0,0,0,0.0,0.0,1.0,0.0,-785863378764.668,24.206151962280273,
6,navstack-1719303660243,navstack,Hospital,HandCrafted,,,1719306049,253859758,"builtin_interfaces.msg.Time(sec=1719306046, nanosec=853860139)",120.0,Handcrafted_LabStudy,1,1,"-2.0,16.5,0.5","-0.0,0.0,-0.0,-1.0","-9.75,1.75,0.0","-0.0,0.0,-0.0,-1.0",16.662113189697266,16.66208267211914,21.00495147705078,0,0,0,0,0,0,0,0.0,0.0,1.0,0.0,-785863378764.668,6.056570529937744,
6,navstack-1719303660243,navstack,Hospital,HandCrafted,,,1719306049,273859977,"builtin_interfaces.msg.Time(sec=1719306046, nanosec=853860139)",120.0,Handcrafted_LabStudy,1,1,"-2.0,16.5,0.5","-0.0,0.0,-0.0,-1.0","-9.75,1.75,0.0","-0.0,0.0,-0.0,-1.0",16.66212272644043,16.66208267211914,21.00495147705078,0,0,0,0,0,0,0,0.0,0.0,1.0,0.0,1186261201401.242,1.2106589078903198,
6,navstack-1719303660243,navstack,Hospital,HandCrafted,,,1719306049,293860197,"builtin_interfaces.msg.Time(sec=1719306046, nanosec=853860139)",120.0,Handcrafted_LabStudy,1,1,"-2.0,16.5,0.5","-0.0,0.0,-0.0,-1.0","-9.75,1.75,0.0","-0.0,0.0,-0.0,-1.0",16.66213035583496,16.66208267211914,21.00495147705078,0,0,0,0,0,0,0,0.0,0.0,1.0,0.0,786266308509.9114,0.9809974431991577,
6,navstack-1719303660243,navstack,Hospital,HandCrafted,,,1719306049,313860177,"builtin_interfaces.msg.Time(sec=1719306046, nanosec=853860139)",120.0,Handcrafted_LabStudy,1,1,"-2.0,16.5,0.5","-0.0,0.0,-0.0,-1.0","-9.75,1.75,0.0","-0.0,0.0,-0.0,-1.0",16.662139892578125,16.66208267211914,21.00495147705078,0,0,0,0,0,0,0,0.0,0.0,1.0,0.0,736357456358.0208,0.27292686700820923,
6,navstack-1719303660243,navstack,Hospital,HandCrafted,,,1719306049,333860158,"builtin_interfaces.msg.Time(sec=1719306046, nanosec=853860139)",120.0,Handcrafted_LabStudy,1,1,"-2.0,16.5,0.5","-0.0,0.0,-0.0,-1.0","-9.75,1.75,0.0","-0.0,0.0,-0.0,-1.0",16.662147521972656,16.66208267211914,21.00495147705078,0,0,0,0,0,0,0,0.0,0.0,1.0,0.0,730360652206.5399,0.1937546283006668,
6,navstack-1719303660243,navstack,Hospital,HandCrafted,,,1719306049,353860139,"builtin_interfaces.msg.Time(sec=1719306046, nanosec=853860139)",120.0,Handcrafted_LabStudy,1,1,"-2.0,16.5,0.5","-0.0,0.0,-0.0,-1.0","-9.75,1.75,0.0","-0.0,0.0,-0.0,-1.0",16.662153244018555,16.66208267211914,21.00495147705078,0,0,0,0,0,0,0,0.0,0.0,1.0,0.0,1819570432.0,0.0946044847369194,
6,navstack-1719303660243,navstack,Hospital,HandCrafted,,,1719306049,353860139,"builtin_interfaces.msg.Time(sec=1719306046, nanosec=853860139)",120.0,Handcrafted_LabStudy,1,1,"-2.0,16.5,0.5","-0.0,0.0,-0.0,-1.0","-9.75,1.75,0.0","-0.0,0.0,-0.0,-1.0",16.662153244018555,16.66208267211914,21.00495147705078,0,0,0,0,0,0,0,0.0,0.0,1.0,0.0,1819570432.0,0.005997717380523682,
6,navstack-1719303660243,navstack,Hospital,HandCrafted,,,1719306049,373860120,"builtin_interfaces.msg.Time(sec=1719306046, nanosec=853860139)",120.0,Handcrafted_LabStudy,1,1,"-2.0,16.5,0.5","-0.0,0.0,-0.0,-1.0","-9.75,1.75,0.0","-0.0,0.0,-0.0,-1.0",16.66216468811035,16.66208267211914,21.00495147705078,0,0,0,0,0,0,0,0.0,0.0,1.0,0.0,723684297543.3876,0.0946044847369194,
6,navstack-1719303660243,navstack,Hospital,HandCrafted,,,1719306049,393860101,"builtin_interfaces.msg.Time(sec=1719306046, nanosec=853860139)",120.0,Handcrafted_LabStudy,1,1,"-2.0,16.5,0.5","-0.0,0.0,-0.0,-1.0","-9.75,1.75,0.0","-0.0,0.0,-0.0,-1.0",16.66217041015625,16.66208267211914,21.00495147705078,0,0,0,0,0,0,0,0.0,0.0,1.0,0.0,723412300249.3448,0.1892089545726776,
6,navstack-1719303660243,navstack,Hospital,HandCrafted,,,1719306049,413860082,"builtin_interfaces.msg.Time(sec=1719306046, nanosec=853860139)",120.0,Handcrafted_LabStudy,1,1,"-2.0,16.5,0.5","-0.0,0.0,-0.0,-1.0","-9.75,1.75,0.0","-0.0,0.0,-0.0,-1.0",16.662179946899414,16.66208267211914,21.00495147705078,0,0,0,0,0,0,0,0.0,0.0,1.0,0.0,723083681446.2743,0.1892089545726776,
6,navstack-1719303660243,navstack,Hospital,HandCrafted,,,1719306049,413860082,"builtin_interfaces.msg.Time(sec=1719306046, nanosec=853860139)",120.0,Handcrafted_LabStudy,1,1,"-2.0,16.5,0.5","-0.0,0.0,-0.0,-1.0","-9.75,1.75,0.0","-0.0,0.0,-0.0,-1.0",16.662179946899414,16.66208267211914,21.00495147705078,0,0,0,0,0,0,0,0.0,0.0,1.0,0.0,723083681446.2743,0.0946044772863388,
6,navstack-1719303660243,navstack,Hospital,HandCrafted,,,1719306049,433860063,"builtin_interfaces.msg.Time(sec=1719306046, nanosec=853860139)",120.0,Handcrafted_LabStudy,1,1,"-2.0,16.5,0.5","-0.0,0.0,-0.0,-1.0","-9.75,1.75,0.0","-0.0,0.0,-0.0,-1.0",16.662187576293945,16.66208267211914,21.00495147705078,0,0,0,0,0,0,0,0.0,0.0,1.0,0.0,722289757172.975,0.0946044772863388,
6,navstack-1719303660243,navstack,Hospital,HandCrafted,,,1719306049,453860044,"builtin_interfaces.msg.Time(sec=1719306046, nanosec=853860139)",120.0,Handcrafted_LabStudy,1,1,"-2.0,16.5,0.5","-0.0,0.0,-0.0,-1.0","-9.75,1.75,0.0","-0.0,0.0,-0.0,-1.0",16.662193298339844,16.66208267211914,21.00495147705078,0,0,0,0,0,0,0,0.0,0.0,1.0,0.0,722150471318.6338,0.0946044772863388,
6,navstack-1719303660243,navstack,Hospital,HandCrafted,,,1719306049,453860044,"builtin_interfaces.msg.Time(sec=1719306046, nanosec=853860139)",120.0,Handcrafted_LabStudy,1,1,"-2.0,16.5,0.5","-0.0,0.0,-0.0,-1.0","-9.75,1.75,0.0","-0.0,0.0,-0.0,-1.0",16.662193298339844,16.66208267211914,21.00495147705078,0,0,0,0,0,0,0,0.0,0.0,1.0,0.0,722150471318.6338,0.0,
6,navstack-1719303660243,navstack,Hospital,HandCrafted,,,1719306049,453860044,"builtin_interfaces.msg.Time(sec=1719306046, nanosec=853860139)",120.0,Handcrafted_LabStudy,1,1,"-2.0,16.5,0.5","-0.0,0.0,-0.0,-1.0","-9.75,1.75,0.0","-0.0,0.0,-0.0,-1.0",16.662193298339844,16.66208267211914,21.00495147705078,0,0,0,0,0,0,0,0.0,0.0,1.0,0.0,721359044303.6085,0.0,
6,navstack-1719303660243,navstack,Hospital,HandCrafted,,,1719306049,473860025,"builtin_interfaces.msg.Time(sec=1719306046, nanosec=853860139)",120.0,Handcrafted_LabStudy,1,1,"-2.0,16.5,0.5","-0.0,0.0,-0.0,-1.0","-9.75,1.75,0.0","-0.0,0.0,-0.0,-1.0",16.66220474243164,16.66208267211914,21.00495147705078,0,0,0,0,0,0,0,0.0,0.0,1.0,0.0,721356088365.2434,0.0946044772863388,
6,navstack-1719303660243,navstack,Hospital,HandCrafted,,,1719306049,493859767,"builtin_interfaces.msg.Time(sec=1719306046, nanosec=853860139)",120.0,Handcrafted_LabStudy,1,1,"-2.0,16.5,0.5","-0.0,0.0,-0.0,-1.0","-9.75,1.75,0.0","-0.0,0.0,-0.0,-1.0",16.66221046447754,16.66208267211914,21.00495147705078,0,0,0,0,0,0,0,0.0,0.0,1.0,0.0,720564916172.491,0.1892089545726776,
6,navstack-1719303660243,navstack,Hospital,HandCrafted,,,1719306049,493859767,"builtin_interfaces.msg.Time(sec=1719306046, nanosec=853860139)",120.0,Handcrafted_LabStudy,1,1,"-2.0,16.5,0.5","-0.0,0.0,-0.0,-1.0","-9.75,1.75,0.0","-0.0,0.0,-0.0,-1.0",16.66221046447754,16.66208267211914,21.00495147705078,0,0,0,0,0,0,0,0.0,0.0,1.0,0.0,720564916172.491,0.0946044772863388,
6,navstack-1719303660243,navstack,Hospital,HandCrafted,,,1719306049,493859767,"builtin_interfaces.msg.Time(sec=1719306046, nanosec=853860139)",120.0,Handcrafted_LabStudy,1,1,"-2.0,16.5,0.5","-0.0,0.0,-0.0,-1.0","-9.75,1.75,0.0","-0.0,0.0,-0.0,-1.0",16.66221046447754,16.66208267211914,21.00495147705078,0,0,0,0,0,0,0,0.0,0.0,1.0,0.0,720564916172.491,0.0,
6,navstack-1719303660243,navstack,Hospital,HandCrafted,,,1719306049,513859748,"builtin_interfaces.msg.Time(sec=1719306046, nanosec=853860139)",120.0,Handcrafted_LabStudy,1,1,"-2.0,16.5,0.5","-0.0,0.0,-0.0,-1.0","-9.75,1.75,0.0","-0.0,0.0,-0.0,-1.0",16.662221908569336,16.66208267211914,21.00495147705078,0,0,0,0,0,0,0,0.0,0.0,1.0,0.0,720449736505.1616,0.0946044772863388,
6,navstack-1719303660243,navstack,Hospital,HandCrafted,,,1719306049,513859748,"builtin_interfaces.msg.Time(sec=1719306046, nanosec=853860139)",120.0,Handcrafted_LabStudy,1,1,"-2.0,16.5,0.5","-0.0,0.0,-0.0,-1.0","-9.75,1.75,0.0","-0.0,0.0,-0.0,-1.0",16.662221908569336,16.66208267211914,21.00495147705078,0,0,0,0,0,0,0,0.0,0.0,1.0,0.0,720449736505.1616,0.0946044772863388,
6,navstack-1719303660243,navstack,Hospital,HandCrafted,,,1719306049,533859968,"builtin_interfaces.msg.Time(sec=1719306046, nanosec=853860139)",120.0,Handcrafted_LabStudy,1,1,"-2.0,16.5,0.5","-0.0,0.0,-0.0,-1.0","-9.75,1.75,0.0","-0.0,0.0,-0.0,-1.0",16.662227630615234,16.66208267211914,21.00495147705078,0,0,0,0,0,0,0,0.0,0.0,1.0,0.0,720301735729.0889,0.0946044772863388,
6,navstack-1719303660243,navstack,Hospital,HandCrafted,,,1719306049,553860187,"builtin_interfaces.msg.Time(sec=1719306046, nanosec=853860139)",120.0,Handcrafted_LabStudy,1,1,"-2.0,16.5,0.5","-0.0,0.0,-0.0,-1.0","-9.75,1.75,0.0","-0.0,0.0,-0.0,-1.0",16.6622371673584,16.66208267211914,21.00495147705078,0,0,0,0,0,0,0,0.0,0.0,1.0,0.0,719511073180.8821,0.1892089545726776,
6,navstack-1719303660243,navstack,Hospital,HandCrafted,,,1719306049,553860187,"builtin_interfaces.msg.Time(sec=1719306046, nanosec=853860139)",120.0,Handcrafted_LabStudy,1,1,"-2.0,16.5,0.5","-0.0,0.0,-0.0,-1.0","-9.75,1.75,0.0","-0.0,0.0,-0.0,-1.0",16.6622371673584,16.66208267211914,21.00495147705078,0,0,0,0,0,0,0,0.0,0.0,1.0,0.0,719511073180.8821,0.0946044772863388,
6,navstack-1719303660243,navstack,Hospital,HandCrafted,,,1719306049,573860168,"builtin_interfaces.msg.Time(sec=1719306046, nanosec=853860139)",120.0,Handcrafted_LabStudy,1,1,"-2.0,16.5,0.5","-0.0,0.0,-0.0,-1.0","-9.75,1.75,0.0","-0.0,0.0,-0.0,-1.0",16.66224479675293,16.66208267211914,21.00495147705078,0,0,0,0,0,0,0,0.0,0.0,1.0,0.0,718720563526.0391,0.0946044772863388,
6,navstack-1719303660243,navstack,Hospital,HandCrafted,,,1719306049,593860149,"builtin_interfaces.msg.Time(sec=1719306046, nanosec=853860139)",120.0,Handcrafted_LabStudy,1,1,"-2.0,16.5,0.5","-0.0,0.0,-0.0,-1.0","-9.75,1.75,0.0","-0.0,0.0,-0.0,-1.0",16.66225242614746,16.66208267211914,21.00495147705078,0,0,0,0,0,0,0,0.0,0.0,1.0,0.0,718715976725.1277,0.0946044772863388,
6,navstack-1719303660243,navstack,Hospital,HandCrafted,,,1719306049,613860130,"builtin_interfaces.msg.Time(sec=1719306046, nanosec=853860139)",120.0,Handcrafted_LabStudy,1,1,"-2.0,16.5,0.5","-0.0,0.0,-0.0,-1.0","-9.75,1.75,0.0","-0.0,0.0,-0.0,-1.0",16.662261962890625,16.66208267211914,21.00495147705078,0,0,0,0,0,0,0,0.0,0.0,1.0,0.0,717925721892.5575,0.0946044772863388,
6,navstack-1719303660243,navstack,Hospital,HandCrafted,,,1719306049,633860111,"builtin_interfaces.msg.Time(sec=1719306046, nanosec=853860139)",120.0,Handcrafted_LabStudy,1,1,"-2.0,16.5,0.5","-0.0,0.0,-0.0,-1.0","-9.75,1.75,0.0","-0.0,0.0,-0.0,-1.0",16.662267684936523,16.66208267211914,21.00495147705078,0,0,0,0,0,0,0,0.0,0.0,1.0,0.0,717637059221.8702,0.1892089545726776,
6,navstack-1719303660243,navstack,Hospital,HandCrafted,,,1719306049,633860111,"builtin_interfaces.msg.Time(sec=1719306046, nanosec=853860139)",120.0,Handcrafted_LabStudy,1,1,"-2.0,16.5,0.5","-0.0,0.0,-0.0,-1.0","-9.75,1.75,0.0","-0.0,0.0,-0.0,-1.0",16.662267684936523,16.66208267211914,21.00495147705078,0,0,0,0,0,0,0,0.0,0.0,1.0,0.0,717637059221.8702,0.0946044772863388,
6,navstack-1719303660243,navstack,Hospital,HandCrafted,,,1719306049,653860092,"builtin_interfaces.msg.Time(sec=1719306046, nanosec=853860139)",120.0,Handcrafted_LabStudy,1,1,"-2.0,16.5,0.5","-0.0,0.0,-0.0,-1.0","-9.75,1.75,0.0","-0.0,0.0,-0.0,-1.0",16.66227912902832,16.66208267211914,21.00495147705078,0,0,0,0,0,0,0,0.0,0.0,1.0,0.0,716846804389.3,0.0946044772863388,
6,navstack-1719303660243,navstack,Hospital,HandCrafted,,,1719306049,673860073,"builtin_interfaces.msg.Time(sec=1719306046, nanosec=853860139)",120.0,Handcrafted_LabStudy,1,1,"-2.0,16.5,0.5","-0.0,0.0,-0.0,-1.0","-9.75,1.75,0.0","-0.0,0.0,-0.0,-1.0",16.66228485107422,16.66208267211914,21.00495147705078,0,0,0,0,0,0,0,0.0,0.0,1.0,0.0,716056294734.4569,0.1892089545726776,
6,navstack-1719303660243,navstack,Hospital,HandCrafted,,,1719306049,693860054,"builtin_interfaces.msg.Time(sec=1719306046, nanosec=853860139)",120.0,Handcrafted_LabStudy,1,1,"-2.0,16.5,0.5","-0.0,0.0,-0.0,-1.0","-9.75,1.75,0.0","-0.0,0.0,-0.0,-1.0",16.66229248046875,16.66208267211914,21.00495147705078,0,0,0,0,0,0,0,0.0,0.0,1.0,0.0,715798006878.6936,0.0946044772863388,
6,navstack-1719303660243,navstack,Hospital,HandCrafted,,,1719306049,693860054,"builtin_interfaces.msg.Time(sec=1719306046, nanosec=853860139)",120.0,Handcrafted_LabStudy,1,1,"-2.0,16.5,0.5","-0.0,0.0,-0.0,-1.0","-9.75,1.75,0.0","-0.0,0.0,-0.0,-1.0",16.66229248046875,16.66208267211914,21.00495147705078,0,0,0,0,0,0,0,0.0,0.0,1.0,0.0,715798006878.6936,0.0,
6,navstack-1719303660243,navstack,Hospital,HandCrafted,,,1719306049,713860034,"builtin_interfaces.msg.Time(sec=1719306046, nanosec=853860139)",120.0,Handcrafted_LabStudy,1,1,"-2.0,16.5,0.5","-0.0,0.0,-0.0,-1.0","-9.75,1.75,0.0","-0.0,0.0,-0.0,-1.0",16.662302017211914,16.66208267211914,21.00495147705078,0,0,0,0,0,0,0,0.0,0.0,1.0,0.0,715861763411.3613,0.0946044772863388,
6,navstack-1719303660243,navstack,Hospital,HandCrafted,,,1719306049,733859777,"builtin_interfaces.msg.Time(sec=1719306046, nanosec=853860139)",120.0,Handcrafted_LabStudy,1,1,"-2.0,16.5,0.5","-0.0,0.0,-0.0,-1.0","-9.75,1.75,0.0","-0.0,0.0,-0.0,-1.0",16.662309646606445,16.66208267211914,21.00495147705078,0,0,0,0,0,0,0,0.0,0.0,1.0,0.0,714748546830.1779,0.1892089545726776,
6,navstack-1719303660243,navstack,Hospital,HandCrafted,,,1719306049,753859758,"builtin_interfaces.msg.Time(sec=1719306046, nanosec=853860139)",120.0,Handcrafted_LabStudy,1,1,"-2.0,16.5,0.5","-0.0,0.0,-0.0,-1.0","-9.75,1.75,0.0","-0.0,0.0,-0.0,-1.0",16.66231918334961,16.66208267211914,21.00495147705078,0,0,0,0,0,0,0,0.0,0.0,1.0,0.0,714817246914.939,0.1892089545726776,
6,navstack-1719303660243,navstack,Hospital,HandCrafted,,,1719306049,773859977,"builtin_interfaces.msg.Time(sec=1719306046, nanosec=853860139)",120.0,Handcrafted_LabStudy,1,1,"-2.0,16.5,0.5","-0.0,0.0,-0.0,-1.0","-9.75,1.75,0.0","-0.0,0.0,-0.0,-1.0",16.662324905395508,16.66208267211914,21.00495147705078,0,0,0,0,0,0,0,0.0,0.0,1.0,0.0,714869434516.4191,0.1892089545726776,
6,navstack-1719303660243,navstack,Hospital,HandCrafted,,,1719306049,773859977,"builtin_interfaces.msg.Time(sec=1719306046, nanosec=853860139)",120.0,Handcrafted_LabStudy,1,1,"-2.0,16.5,0.5","-0.0,0.0,-0.0,-1.0","-9.75,1.75,0.0","-0.0,0.0,-0.0,-1.0",16.662324905395508,16.66208267211914,21.00495147705078,0,0,0,0,0,0,0,0.0,0.0,1.0,0.0,714088557143.4899,0.0946044772863388,
6,navstack-1719303660243,navstack,Hospital,HandCrafted,,,1719306049,793859958,"builtin_interfaces.msg.Time(sec=1719306046, nanosec=853860139)",120.0,Handcrafted_LabStudy,1,1,"-2.0,16.5,0.5","-0.0,0.0,-0.0,-1.0","-9.75,1.75,0.0","-0.0,0.0,-0.0,-1.0",16.66233253479004,16.66208267211914,21.00495147705078,0,0,0,0,0,0,0,0.0,0.0,1.0,0.0,714080300901.8495,0.0,
6,navstack-1719303660243,navstack,Hospital,HandCrafted,,,1719306049,813860177,"builtin_interfaces.msg.Time(sec=1719306046, nanosec=853860139)",120.0,Handcrafted_LabStudy,1,1,"-2.0,16.5,0.5","-0.0,0.0,-0.0,-1.0","-9.75,1.75,0.0","-0.0,0.0,-0.0,-1.0",16.662342071533203,16.66208267211914,21.00495147705078,0,0,0,0,0,0,0,0.0,0.0,1.0,0.0,714118575207.2319,0.0946044772863388,
6,navstack-1719303660243,navstack,Hospital,HandCrafted,,,1719306049,813860177,"builtin_interfaces.msg.Time(sec=1719306046, nanosec=853860139)",120.0,Handcrafted_LabStudy,1,1,"-2.0,16.5,0.5","-0.0,0.0,-0.0,-1.0","-9.75,1.75,0.0","-0.0,0.0,-0.0,-1.0",16.662342071533203,16.66208267211914,21.00495147705078,0,0,0,0,0,0,0,0.0,0.0,1.0,0.0,713338768087.8486,0.0946044772863388,
6,navstack-1719303660243,navstack,Hospital,HandCrafted,,,1719306049,813860177,"builtin_interfaces.msg.Time(sec=1719306046, nanosec=853860139)",120.0,Handcrafted_LabStudy,1,1,"-2.0,16.5,0.5","-0.0,0.0,-0.0,-1.0","-9.75,1.75,0.0","-0.0,0.0,-0.0,-1.0",16.662342071533203,16.66208267211914,21.00495147705078,0,0,0,0,0,0,0,0.0,0.0,1.0,0.0,712560184115.3751,0.0,
6,navstack-1719303660243,navstack,Hospital,HandCrafted,,,1719306049,833860158,"builtin_interfaces.msg.Time(sec=1719306046, nanosec=853860139)",120.0,Handcrafted_LabStudy,1,1,"-2.0,16.5,0.5","-0.0,0.0,-0.0,-1.0","-9.75,1.75,0.0","-0.0,0.0,-0.0,-1.0",16.662349700927734,16.66208267211914,21.00495147705078,0,0,0,0,0,0,0,0.0,0.0,1.0,0.0,712550449904.5521,0.0946044772863388,
6,navstack-1719303660243,navstack,Hospital,HandCrafted,,,1719306049,833860158,"builtin_interfaces.msg.Time(sec=1719306046, nanosec=853860139)",120.0,Handcrafted_LabStudy,1,1,"-2.0,16.5,0.5","-0.0,0.0,-0.0,-1.0","-9.75,1.75,0.0","-0.0,0.0,-0.0,-1.0",16.662349700927734,16.66208267211914,21.00495147705078,0,0,0,0,0,0,0,0.0,0.0,1.0,0.0,712550449904.5521,0.0946044772863388,
6,navstack-1719303660243,navstack,Hospital,HandCrafted,,,1719306049,853860139,"builtin_interfaces.msg.Time(sec=1719306046, nanosec=853860139)",120.0,Handcrafted_LabStudy,1,1,"-2.0,16.5,0.5","-0.0,0.0,-0.0,-1.0","-9.75,1.75,0.0","-0.0,0.0,-0.0,-1.0",16.6623592376709,16.66208267211914,21.00495147705078,0,0,0,0,0,0,0,0.0,0.0,1.0,0.0,712587552027.4795,0.0946044772863388,
6,navstack-1719303660243,navstack,Hospital,HandCrafted,,,1719306049,893860101,"builtin_interfaces.msg.Time(sec=1719306046, nanosec=853860139)",120.0,Handcrafted_LabStudy,1,1,"-2.0,16.5,0.5","-0.0,0.0,-0.0,-1.0","-9.75,1.75,0.0","-0.0,0.0,-0.0,-1.0",16.662376403808594,16.66208267211914,21.00495147705078,0,0,0,0,0,0,0,0.0,0.0,1.0,0.0,711792761358.4525,0.0946044772863388,
6,navstack-1719303660243,navstack,Hospital,HandCrafted,,,1719306049,893860101,"builtin_interfaces.msg.Time(sec=1719306046, nanosec=853860139)",120.0,Handcrafted_LabStudy,1,1,"-2.0,16.5,0.5","-0.0,0.0,-0.0,-1.0","-9.75,1.75,0.0","-0.0,0.0,-0.0,-1.0",16.662376403808594,16.66208267211914,20.84160041809082,0,0,0,0,0,0,0,0.000331878662109375,0.0,2.0,0.0,711792761358.4525,0.0,
6,navstack-1719303660243,navstack,Hospital,HandCrafted,,,1719306049,913860082,"builtin_interfaces.msg.Time(sec=1719306046, nanosec=853860139)",120.0,Handcrafted_LabStudy,1,1,"-2.0,16.5,0.5","-0.0,0.0,-0.0,-1.0","-9.75,1.75,0.0","-0.0,0.0,-0.0,-1.0",16.662384033203125,16.66208267211914,20.84160041809082,0,0,0,0,0,0,0,0.000331878662109375,0.0,2.0,0.0,711010100229.6133,0.0946044772863388,
6,navstack-1719303660243,navstack,Hospital,HandCrafted,,,1719306049,953860044,"builtin_interfaces.msg.Time(sec=1719306046, nanosec=853860139)",120.0,Handcrafted_LabStudy,1,1,"-2.0,16.5,0.5","-0.0,0.0,-0.0,-1.0","-9.75,1.75,0.0","-0.0,0.0,-0.0,-1.0",16.662399291992188,16.66208267211914,20.84160041809082,0,0,0,0,0,0,0,0.000331878662109375,0.0,2.0,0.0,711340859539.7759,0.1892089545726776,
6,navstack-1719303660243,navstack,Hospital,HandCrafted,,,1719306049,973860025,"builtin_interfaces.msg.Time(sec=1719306046, nanosec=853860139)",120.0,Handcrafted_LabStudy,1,1,"-2.0,16.5,0.5","-0.0,0.0,-0.0,-1.0","-9.75,1.75,0.0","-0.0,0.0,-0.0,-1.0",16.66240692138672,16.66208267211914,20.84160041809082,0,0,0,0,0,0,0,0.000331878662109375,0.0,2.0,0.0,710238192600.6885,0.1892089545726776,
6,navstack-1719303660243,navstack,Hospital,HandCrafted,,,1719306049,993859767,"builtin_interfaces.msg.Time(sec=1719306046, nanosec=853860139)",120.0,Handcrafted_LabStudy,1,1,"-2.0,16.5,0.5","-0.0,0.0,-0.0,-1.0","-9.75,1.75,0.0","-0.0,0.0,-0.0,-1.0",16.662416458129883,16.66208267211914,20.84160041809082,0,0,0,0,0,0,0,0.000331878662109375,0.0,2.0,0.0,710760119579.9451,0.1892089545726776,
6,navstack-1719303660243,navstack,Hospital,HandCrafted,,,1719306050,13859748,"builtin_interfaces.msg.Time(sec=1719306046, nanosec=853860139)",120.0,Handcrafted_LabStudy,1,1,"-2.0,16.5,0.5","-0.0,0.0,-0.0,-1.0","-9.75,1.75,0.0","-0.0,0.0,-0.0,-1.0",16.662424087524414,16.66208267211914,20.84160041809082,0,0,0,0,0,0,0,0.000331878662109375,0.0,2.0,0.0,709204429604.1804,0.1892089545726776,
6,navstack-1719303660243,navstack,Hospital,HandCrafted,,,1719306050,53859949,"builtin_interfaces.msg.Time(sec=1719306046, nanosec=853860139)",120.0,Handcrafted_LabStudy,1,1,"-2.0,16.5,0.5","-0.0,0.0,-0.0,-1.0","-9.75,1.75,0.0","-0.0,0.0,-0.0,-1.0",16.66244125366211,16.66208267211914,20.84160041809082,0,0,0,0,0,0,0,0.000331878662109375,0.0,2.0,0.0,708423093551.1602,0.1892089545726776,
6,navstack-1719303660243,navstack,Hospital,HandCrafted,,,1719306050,73860168,"builtin_interfaces.msg.Time(sec=1719306046, nanosec=853860139)",120.0,Handcrafted_LabStudy,1,1,"-2.0,16.5,0.5","-0.0,0.0,-0.0,-1.0","-9.75,1.75,0.0","-0.0,0.0,-0.0,-1.0",16.662446975708008,16.66208267211914,20.84160041809082,0,0,0,0,0,0,0,0.000331878662109375,0.0,2.0,0.0,708955417279.149,0.1892089545726776,
6,navstack-1719303660243,navstack,Hospital,HandCrafted,,,1719306050,73860168,"builtin_interfaces.msg.Time(sec=1719306046, nanosec=853860139)",120.0,Handcrafted_LabStudy,1,1,"-2.0,16.5,0.5","-0.0,0.0,-0.0,-1.0","-9.75,1.75,0.0","-0.0,0.0,-0.0,-1.0",16.662446975708008,16.66208267211914,20.84160041809082,0,0,0,0,0,0,0,0.000331878662109375,0.0,2.0,0.0,707863503839.976,0.0946044772863388,
6,navstack-1719303660243,navstack,Hospital,HandCrafted,,,1719306050,93860149,"builtin_interfaces.msg.Time(sec=1719306046, nanosec=853860139)",120.0,Handcrafted_LabStudy,1,1,"-2.0,16.5,0.5","-0.0,0.0,-0.0,-1.0","-9.75,1.75,0.0","-0.0,0.0,-0.0,-1.0",16.662458419799805,16.66208267211914,20.84160041809082,0,0,0,0,0,0,0,0.000331878662109375,0.0,2.0,0.0,707869721503.4336,0.0946044772863388,
6,navstack-1719303660243,navstack,Hospital,HandCrafted,,,1719306050,93860149,"builtin_interfaces.msg.Time(sec=1719306046, nanosec=853860139)",120.0,Handcrafted_LabStudy,1,1,"-2.0,16.5,0.5","-0.0,0.0,-0.0,-1.0","-9.75,1.75,0.0","-0.0,0.0,-0.0,-1.0",16.662458419799805,16.66208267211914,20.84160041809082,0,0,0,0,0,0,0,0.000331878662109375,0.0,2.0,0.0,707869721503.4336,0.0946044772863388,
6,navstack-1719303660243,navstack,Hospital,HandCrafted,,,1719306050,113860130,"builtin_interfaces.msg.Time(sec=1719306046, nanosec=853860139)",120.0,Handcrafted_LabStudy,1,1,"-2.0,16.5,0.5","-0.0,0.0,-0.0,-1.0","-9.75,1.75,0.0","-0.0,0.0,-0.0,-1.0",16.662464141845703,16.66208267211914,20.84160041809082,0,0,0,0,0,0,0,0.000331878662109375,0.0,2.0,0.0,707098833163.6002,0.0946044772863388,
6,navstack-1719303660243,navstack,Hospital,HandCrafted,,,1719306050,133860111,"builtin_interfaces.msg.Time(sec=1719306046, nanosec=853860139)",120.0,Handcrafted_LabStudy,1,1,"-2.0,16.5,0.5","-0.0,0.0,-0.0,-1.0","-9.75,1.75,0.0","-0.0,0.0,-0.0,-1.0",16.662473678588867,16.66208267211914,20.84160041809082,0,0,0,0,0,0,0,0.000331878662109375,0.0,2.0,0.0,706327588072.5848,0.1892089545726776,
6,navstack-1719303660243,navstack,Hospital,HandCrafted,,,1719306050,153860092,"builtin_interfaces.msg.Time(sec=1719306046, nanosec=853860139)",120.0,Handcrafted_LabStudy,1,1,"-2.0,16.5,0.5","-0.0,0.0,-0.0,-1.0","-9.75,1.75,0.0","-0.0,0.0,-0.0,-1.0",16.6624813079834,16.66208267211914,20.84160041809082,0,0,0,0,0,0,0,0.000331878662109375,0.0,2.0,0.0,707108924125.6051,0.1892089545726776,
6,navstack-1719303660243,navstack,Hospital,HandCrafted,,,1719306050,153860092,"builtin_interfaces.msg.Time(sec=1719306046, nanosec=853860139)",120.0,Handcrafted_LabStudy,1,1,"-2.0,16.5,0.5","-0.0,0.0,-0.0,-1.0","-9.75,1.75,0.0","-0.0,0.0,-0.0,-1.0",16.6624813079834,16.66208267211914,20.84160041809082,0,0,0,0,0,0,0,0.000331878662109375,0.0,2.0,0.0,706339360861.5906,0.0946044772863388,
6,navstack-1719303660243,navstack,Hospital,HandCrafted,,,1719306050,173860073,"builtin_interfaces.msg.Time(sec=1719306046, nanosec=853860139)",120.0,Handcrafted_LabStudy,1,1,"-2.0,16.5,0.5","-0.0,0.0,-0.0,-1.0","-9.75,1.75,0.0","-0.0,0.0,-0.0,-1.0",16.662487030029297,16.66208267211914,20.84160041809082,0,0,0,0,0,0,0,0.000331878662109375,0.0,2.0,0.0,705573212216.0322,0.0,
6,navstack-1719303660243,navstack,Hospital,HandCrafted,,,1719306050,193860054,"builtin_interfaces.msg.Time(sec=1719306046, nanosec=853860139)",120.0,Handcrafted_LabStudy,1,1,"-2.0,16.5,0.5","-0.0,0.0,-0.0,-1.0","-9.75,1.75,0.0","-0.0,0.0,-0.0,-1.0",16.662498474121094,16.66208267211914,20.84160041809082,0,0,0,0,0,0,0,0.000331878662109375,0.0,2.0,0.0,705892147772.7344,0.0946044772863388,
6,navstack-1719303660243,navstack,Hospital,HandCrafted,,,1719306050,213860034,"builtin_interfaces.msg.Time(sec=1719306046, nanosec=853860139)",120.0,Handcrafted_LabStudy,1,1,"-2.0,16.5,0.5","-0.0,0.0,-0.0,-1.0","-9.75,1.75,0.0","-0.0,0.0,-0.0,-1.0",16.662504196166992,16.66208267211914,20.84160041809082,0,0,0,0,0,0,0,0.000331878662109375,0.0,2.0,0.0,706225761092.3529,0.1892089545726776,
6,navstack-1719303660243,navstack,Hospital,HandCrafted,,,1719306050,233859777,"builtin_interfaces.msg.Time(sec=1719306046, nanosec=853860139)",120.0,Handcrafted_LabStudy,1,1,"-2.0,16.5,0.5","-0.0,0.0,-0.0,-1.0","-9.75,1.75,0.0","-0.0,0.0,-0.0,-1.0",16.66251564025879,16.66208267211914,20.84160041809082,0,0,0,0,0,0,0,0.000331878662109375,0.0,2.0,0.0,705143581864.0029,0.1892089545726776,
6,navstack-1719303660243,navstack,Hospital,HandCrafted,,,1719306050,273859977,"builtin_interfaces.msg.Time(sec=1719306046, nanosec=853860139)",120.0,Handcrafted_LabStudy,1,1,"-2.0,16.5,0.5","-0.0,0.0,-0.0,-1.0","-9.75,1.75,0.0","-0.0,0.0,-0.0,-1.0",16.66252899169922,16.66208267211914,20.84160041809082,0,0,0,0,0,0,0,0.000331878662109375,0.0,2.0,0.0,704387218393.722,0.1892089545726776,
6,navstack-1719303660243,navstack,Hospital,HandCrafted,,,1719306050,293859958,"builtin_interfaces.msg.Time(sec=1719306046, nanosec=853860139)",120.0,Handcrafted_LabStudy,1,1,"-2.0,16.5,0.5","-0.0,0.0,-0.0,-1.0","-9.75,1.75,0.0","-0.0,0.0,-0.0,-1.0",16.662538528442383,16.66208267211914,20.84160041809082,0,0,0,0,0,0,0,0.000331878662109375,0.0,2.0,0.0,704300578820.9523,0.1892089545726776,
6,navstack-1719303660243,navstack,Hospital,HandCrafted,,,1719306050,313860177,"builtin_interfaces.msg.Time(sec=1719306046, nanosec=853860139)",120.0,Handcrafted_LabStudy,1,1,"-2.0,16.5,0.5","-0.0,0.0,-0.0,-1.0","-9.75,1.75,0.0","-0.0,0.0,-0.0,-1.0",16.662546157836914,16.66208267211914,20.84160041809082,0,0,0,0,0,0,0,0.000331878662109375,0.0,2.0,0.0,703542533523.6707,0.1892089545726776,
6,navstack-1719303660243,navstack,Hospital,HandCrafted,,,1719306050,333860158,"builtin_interfaces.msg.Time(sec=1719306046, nanosec=853860139)",120.0,Handcrafted_LabStudy,1,1,"-2.0,16.5,0.5","-0.0,0.0,-0.0,-1.0","-9.75,1.75,0.0","-0.0,0.0,-0.0,-1.0",16.662555694580078,16.66208267211914,20.84160041809082,0,0,0,0,0,0,0,0.000331878662109375,0.0,2.0,0.0,703457066133.3558,0.1892089545726776,
6,navstack-1719303660243,navstack,Hospital,HandCrafted,,,1719306050,353860139,"builtin_interfaces.msg.Time(sec=1719306046, nanosec=853860139)",120.0,Handcrafted_LabStudy,1,1,"-2.0,16.5,0.5","-0.0,0.0,-0.0,-1.0","-9.75,1.75,0.0","-0.0,0.0,-0.0,-1.0",16.662561416625977,16.66208267211914,20.84160041809082,0,0,0,0,0,0,0,0.000331878662109375,0.0,2.0,0.0,702382225786.464,0.1892089545726776,
6,navstack-1719303660243,navstack,Hospital,HandCrafted,,,1719306050,373860120,"builtin_interfaces.msg.Time(sec=1719306046, nanosec=853860139)",120.0,Handcrafted_LabStudy,1,1,"-2.0,16.5,0.5","-0.0,0.0,-0.0,-1.0","-9.75,1.75,0.0","-0.0,0.0,-0.0,-1.0",16.662569046020508,16.66208267211914,20.84160041809082,0,0,0,0,0,0,0,0.000331878662109375,0.0,2.0,0.0,702321934836.7072,0.0946044772863388,
6,navstack-1719303660243,navstack,Hospital,HandCrafted,,,1719306050,393860101,"builtin_interfaces.msg.Time(sec=1719306046, nanosec=853860139)",120.0,Handcrafted_LabStudy,1,1,"-2.0,16.5,0.5","-0.0,0.0,-0.0,-1.0","-9.75,1.75,0.0","-0.0,0.0,-0.0,-1.0",16.662578582763672,16.66208267211914,20.84160041809082,0,0,0,0,0,0,0,0.000331878662109375,0.0,2.0,0.0,701566030046.5175,0.0946044772863388,
6,navstack-1719303660243,navstack,Hospital,HandCrafted,,,1719306050,433860063,"builtin_interfaces.msg.Time(sec=1719306046, nanosec=853860139)",120.0,Handcrafted_LabStudy,1,1,"-2.0,16.5,0.5","-0.0,0.0,-0.0,-1.0","-9.75,1.75,0.0","-0.0,0.0,-0.0,-1.0",16.662595748901367,16.66208267211914,20.84160041809082,0,0,0,0,0,0,0,0.000331878662109375,0.0,2.0,0.0,701492692196.3905,0.0946044772863388,
6,navstack-1719303660243,navstack,Hospital,HandCrafted,,,1719306050,453860044,"builtin_interfaces.msg.Time(sec=1719306046, nanosec=853860139)",120.0,Handcrafted_LabStudy,1,1,"-2.0,16.5,0.5","-0.0,0.0,-0.0,-1.0","-9.75,1.75,0.0","-0.0,0.0,-0.0,-1.0",16.6626033782959,16.66208267211914,20.84160041809082,0,0,0,0,0,0,0,0.000331878662109375,0.0,2.0,0.0,701106177772.9277,0.0946044772863388,
6,navstack-1719303660243,navstack,Hospital,HandCrafted,,,1719306050,473860025,"builtin_interfaces.msg.Time(sec=1719306046, nanosec=853860139)",120.0,Handcrafted_LabStudy,1,1,"-2.0,16.5,0.5","-0.0,0.0,-0.0,-1.0","-9.75,1.75,0.0","-0.0,0.0,-0.0,-1.0",16.662612915039062,16.66208267211914,20.84160041809082,0,0,0,0,0,0,0,0.000331878662109375,0.0,2.0,0.0,700444557223.6935,0.1892089545726776,
6,navstack-1719303660243,navstack,Hospital,HandCrafted,,,1719306050,473860025,"builtin_interfaces.msg.Time(sec=1719306046, nanosec=853860139)",120.0,Handcrafted_LabStudy,1,1,"-2.0,16.5,0.5","-0.0,0.0,-0.0,-1.0","-9.75,1.75,0.0","-0.0,0.0,-0.0,-1.0",16.662612915039062,16.66208267211914,20.84160041809082,0,0,0,0,0,0,0,0.000331878662109375,0.0,2.0,0.0,700444557223.6935,0.0946044772863388,
6,navstack-1719303660243,navstack,Hospital,HandCrafted,,,1719306050,493859767,"builtin_interfaces.msg.Time(sec=1719306046, nanosec=853860139)",120.0,Handcrafted_LabStudy,1,1,"-2.0,16.5,0.5","-0.0,0.0,-0.0,-1.0","-9.75,1.75,0.0","-0.0,0.0,-0.0,-1.0",16.662620544433594,16.66208267211914,20.84160041809082,0,0,0,0,0,0,0,0.000331878662109375,0.0,2.0,0.0,700042294783.7686,0.0946044772863388,
6,navstack-1719303660243,navstack,Hospital,HandCrafted,,,1719306050,513859748,"builtin_interfaces.msg.Time(sec=1719306046, nanosec=853860139)",120.0,Handcrafted_LabStudy,1,1,"-2.0,16.5,0.5","-0.0,0.0,-0.0,-1.0","-9.75,1.75,0.0","-0.0,0.0,-0.0,-1.0",16.662626266479492,16.66208267211914,20.84160041809082,0,0,0,0,0,0,0,0.000331878662109375,0.0,2.0,0.0,699776413224.2743,0.0946044772863388,
6,navstack-1719303660243,navstack,Hospital,HandCrafted,,,1719306050,533859968,"builtin_interfaces.msg.Time(sec=1719306046, nanosec=853860139)",120.0,Handcrafted_LabStudy,1,1,"-2.0,16.5,0.5","-0.0,0.0,-0.0,-1.0","-9.75,1.75,0.0","-0.0,0.0,-0.0,-1.0",16.662635803222656,16.66208267211914,20.84160041809082,0,0,0,0,0,0,0,0.000331878662109375,0.0,2.0,0.0,699134464954.5043,0.0946044772863388,
6,navstack-1719303660243,navstack,Hospital,HandCrafted,,,1719306050,553859949,"builtin_interfaces.msg.Time(sec=1719306046, nanosec=853860139)",120.0,Handcrafted_LabStudy,1,1,"-2.0,16.5,0.5","-0.0,0.0,-0.0,-1.0","-9.75,1.75,0.0","-0.0,0.0,-0.0,-1.0",16.662643432617188,16.66208267211914,20.84160041809082,0,0,0,0,0,0,0,0.000331878662109375,0.0,2.0,0.0,698597452496.6948,0.1892089545726776,
6,navstack-1719303660243,navstack,Hospital,HandCrafted,,,1719306050,573860168,"builtin_interfaces.msg.Time(sec=1719306046, nanosec=853860139)",120.0,Handcrafted_LabStudy,1,1,"-2.0,16.5,0.5","-0.0,0.0,-0.0,-1.0","-9.75,1.75,0.0","-0.0,0.0,-0.0,-1.0",16.66265296936035,16.66208267211914,20.84160041809082,0,0,0,0,0,0,0,0.000331878662109375,0.0,2.0,0.0,698013297918.4077,0.1892089545726776,
6,navstack-1719303660243,navstack,Hospital,HandCrafted,,,1719306050,593860149,"builtin_interfaces.msg.Time(sec=1719306046, nanosec=853860139)",120.0,Handcrafted_LabStudy,1,1,"-2.0,16.5,0.5","-0.0,0.0,-0.0,-1.0","-9.75,1.75,0.0","-0.0,0.0,-0.0,-1.0",16.662660598754883,16.66208267211914,20.84160041809082,0,0,0,0,0,0,0,0.000331878662109375,0.0,2.0,0.0,697454829425.2242,0.1892089545726776,
6,navstack-1719303660243,navstack,Hospital,HandCrafted,,,1719306050,613860130,"builtin_interfaces.msg.Time(sec=1719306046, nanosec=853860139)",120.0,Handcrafted_LabStudy,1,1,"-2.0,16.5,0.5","-0.0,0.0,-0.0,-1.0","-9.75,1.75,0.0","-0.0,0.0,-0.0,-1.0",16.66266632080078,16.66208267211914,20.84160041809082,0,0,0,0,0,0,0,0.000331878662109375,0.0,2.0,0.0,698225462942.7848,0.0946044772863388,
6,navstack-1719303660243,navstack,Hospital,HandCrafted,,,1719306050,633860111,"builtin_interfaces.msg.Time(sec=1719306046, nanosec=853860139)",120.0,Handcrafted_LabStudy,1,1,"-2.0,16.5,0.5","-0.0,0.0,-0.0,-1.0","-9.75,1.75,0.0","-0.0,0.0,-0.0,-1.0",16.662677764892578,16.66208267211914,20.84160041809082,0,0,0,0,0,0,0,0.000331878662109375,0.0,2.0,0.0,698240089741.2465,0.0946044772863388,
6,navstack-1719303660243,navstack,Hospital,HandCrafted,,,1719306050,653860092,"builtin_interfaces.msg.Time(sec=1719306046, nanosec=853860139)",120.0,Handcrafted_LabStudy,1,1,"-2.0,16.5,0.5","-0.0,0.0,-0.0,-1.0","-9.75,1.75,0.0","-0.0,0.0,-0.0,-1.0",16.662683486938477,16.66208267211914,20.84160041809082,0,0,0,0,0,0,0,0.000331878662109375,0.0,2.0,0.0,697446369325.7655,0.1892089545726776,
6,navstack-1719303660243,navstack,Hospital,HandCrafted,,,1719306050,673860073,"builtin_interfaces.msg.Time(sec=1719306046, nanosec=853860139)",120.0,Handcrafted_LabStudy,1,1,"-2.0,16.5,0.5","-0.0,0.0,-0.0,-1.0","-9.75,1.75,0.0","-0.0,0.0,-0.0,-1.0",16.66269302368164,16.66208267211914,20.84160041809082,0,0,0,0,0,0,0,0.000331878662109375,0.0,2.0,0.0,696744486857.4205,0.1892089545726776,
6,navstack-1719303660243,navstack,Hospital,HandCrafted,,,1719306050,693860054,"builtin_interfaces.msg.Time(sec=1719306046, nanosec=853860139)",120.0,Handcrafted_LabStudy,1,1,"-2.0,16.5,0.5","-0.0,0.0,-0.0,-1.0","-9.75,1.75,0.0","-0.0,0.0,-0.0,-1.0",16.662700653076172,16.66208267211914,20.84160041809082,0,0,0,0,0,0,0,0.000331878662109375,0.0,2.0,0.0,696330655486.3081,0.1892089545726776,
6,navstack-1719303660243,navstack,Hospital,HandCrafted,,,1719306050,713860034,"builtin_interfaces.msg.Time(sec=1719306046, nanosec=853860139)",120.0,Handcrafted_LabStudy,1,1,"-2.0,16.5,0.5","-0.0,0.0,-0.0,-1.0","-9.75,1.75,0.0","-0.0,0.0,-0.0,-1.0",16.662710189819336,16.66208267211914,20.84160041809082,0,0,0,0,0,0,0,0.000331878662109375,0.0,2.0,0.0,695628569160.1449,0.1892089545726776,
6,navstack-1719303660243,navstack,Hospital,HandCrafted,,,1719306050,733859777,"builtin_interfaces.msg.Time(sec=1719306046, nanosec=853860139)",120.0,Handcrafted_LabStudy,1,1,"-2.0,16.5,0.5","-0.0,0.0,-0.0,-1.0","-9.75,1.75,0.0","-0.0,0.0,-0.0,-1.0",16.662717819213867,16.66208267211914,20.84160041809082,0,0,0,0,0,0,0,0.000331878662109375,0.0,2.0,0.0,696392475369.7021,0.1892089545726776,
6,navstack-1719303660243,navstack,Hospital,HandCrafted,,,1719306050,733859777,"builtin_interfaces.msg.Time(sec=1719306046, nanosec=853860139)",120.0,Handcrafted_LabStudy,1,1,"-2.0,16.5,0.5","-0.0,0.0,-0.0,-1.0","-9.75,1.75,0.0","-0.0,0.0,-0.0,-1.0",16.662717819213867,16.66208267211914,20.84160041809082,0,0,0,0,0,0,0,0.000331878662109375,0.0,2.0,0.0,696392475369.7021,0.0946044772863388,
6,navstack-1719303660243,navstack,Hospital,HandCrafted,,,1719306050,753859758,"builtin_interfaces.msg.Time(sec=1719306046, nanosec=853860139)",120.0,Handcrafted_LabStudy,1,1,"-2.0,16.5,0.5","-0.0,0.0,-0.0,-1.0","-9.75,1.75,0.0","-0.0,0.0,-0.0,-1.0",16.662723541259766,16.66208267211914,20.84160041809082,0,0,0,0,0,0,0,0.000331878662109375,0.0,2.0,0.0,696058148547.7196,0.0,
6,navstack-1719303660243,navstack,Hospital,HandCrafted,,,1719306050,753859758,"builtin_interfaces.msg.Time(sec=1719306046, nanosec=853860139)",120.0,Handcrafted_LabStudy,1,1,"-2.0,16.5,0.5","-0.0,0.0,-0.0,-1.0","-9.75,1.75,0.0","-0.0,0.0,-0.0,-1.0",16.662723541259766,16.66208267211914,20.84160041809082,0,0,0,0,0,0,0,0.000331878662109375,0.0,2.0,0.0,696058148547.7196,0.0,
6,navstack-1719303660243,navstack,Hospital,HandCrafted,,,1719306050,773859977,"builtin_interfaces.msg.Time(sec=1719306046, nanosec=853860139)",120.0,Handcrafted_LabStudy,1,1,"-2.0,16.5,0.5","-0.0,0.0,-0.0,-1.0","-9.75,1.75,0.0","-0.0,0.0,-0.0,-1.0",16.662734985351562,16.66208267211914,20.84160041809082,0,0,0,0,0,0,0,0.000331878662109375,0.0,2.0,0.0,695609814240.8629,0.0946044772863388,
6,navstack-1719303660243,navstack,Hospital,HandCrafted,,,1719306050,773859977,"builtin_interfaces.msg.Time(sec=1719306046, nanosec=853860139)",120.0,Handcrafted_LabStudy,1,1,"-2.0,16.5,0.5","-0.0,0.0,-0.0,-1.0","-9.75,1.75,0.0","-0.0,0.0,-0.0,-1.0",16.662734985351562,16.66208267211914,20.84160041809082,0,0,0,0,0,0,0,0.000331878662109375,0.0,2.0,0.0,695609814240.8629,0.0946044772863388,
6,navstack-1719303660243,navstack,Hospital,HandCrafted,,,1719306050,773859977,"builtin_interfaces.msg.Time(sec=1719306046, nanosec=853860139)",120.0,Handcrafted_LabStudy,1,1,"-2.0,16.5,0.5","-0.0,0.0,-0.0,-1.0","-9.75,1.75,0.0","-0.0,0.0,-0.0,-1.0",16.662734985351562,16.66208267211914,20.84160041809082,0,0,0,0,0,0,0,0.000331878662109375,0.0,2.0,0.0,695609814240.8629,0.0,
6,navstack-1719303660243,navstack,Hospital,HandCrafted,,,1719306050,793859958,"builtin_interfaces.msg.Time(sec=1719306046, nanosec=853860139)",120.0,Handcrafted_LabStudy,1,1,"-2.0,16.5,0.5","-0.0,0.0,-0.0,-1.0","-9.75,1.75,0.0","-0.0,0.0,-0.0,-1.0",16.66274070739746,16.66208267211914,20.84160041809082,0,0,0,0,0,0,0,0.000331878662109375,0.0,2.0,0.0,695365337752.2882,0.0946044772863388,
6,navstack-1719303660243,navstack,Hospital,HandCrafted,,,1719306050,793859958,"builtin_interfaces.msg.Time(sec=1719306046, nanosec=853860139)",120.0,Handcrafted_LabStudy,1,1,"-2.0,16.5,0.5","-0.0,0.0,-0.0,-1.0","-9.75,1.75,0.0","-0.0,0.0,-0.0,-1.0",16.66274070739746,16.66208267211914,20.84160041809082,0,0,0,0,0,0,0,0.000331878662109375,0.0,2.0,0.0,695365337752.2882,0.0946044772863388,
6,navstack-1719303660243,navstack,Hospital,HandCrafted,,,1719306050,813859939,"builtin_interfaces.msg.Time(sec=1719306046, nanosec=853860139)",120.0,Handcrafted_LabStudy,1,1,"-2.0,16.5,0.5","-0.0,0.0,-0.0,-1.0","-9.75,1.75,0.0","-0.0,0.0,-0.0,-1.0",16.662752151489258,16.66208267211914,20.84160041809082,0,0,0,0,0,0,0,0.000331878662109375,0.0,2.0,0.0,695225797075.6742,0.0946044772863388,
6,navstack-1719303660243,navstack,Hospital,HandCrafted,,,1719306050,833860158,"builtin_interfaces.msg.Time(sec=1719306046, nanosec=853860139)",120.0,Handcrafted_LabStudy,1,1,"-2.0,16.5,0.5","-0.0,0.0,-0.0,-1.0","-9.75,1.75,0.0","-0.0,0.0,-0.0,-1.0",16.662757873535156,16.66208267211914,20.84160041809082,0,0,0,0,0,0,0,0.000331878662109375,0.0,2.0,0.0,695115000351.4379,0.1892089545726776,
6,navstack-1719303660243,navstack,Hospital,HandCrafted,,,1719306050,833860158,"builtin_interfaces.msg.Time(sec=1719306046, nanosec=853860139)",120.0,Handcrafted_LabStudy,1,1,"-2.0,16.5,0.5","-0.0,0.0,-0.0,-1.0","-9.75,1.75,0.0","-0.0,0.0,-0.0,-1.0",16.662757873535156,16.66208267211914,20.84160041809082,0,0,0,0,0,0,0,0.000331878662109375,0.0,2.0,0.0,695115000351.4379,0.0946044772863388,
6,navstack-1719303660243,navstack,Hospital,HandCrafted,,,1719306050,853860139,"builtin_interfaces.msg.Time(sec=1719306046, nanosec=853860139)",120.0,Handcrafted_LabStudy,1,1,"-2.0,16.5,0.5","-0.0,0.0,-0.0,-1.0","-9.75,1.75,0.0","-0.0,0.0,-0.0,-1.0",16.662765502929688,16.66208267211914,20.84160041809082,0,0,0,0,0,0,0,0.000331878662109375,0.0,2.0,0.0,694368320127.5255,0.0,
6,navstack-1719303660243,navstack,Hospital,HandCrafted,,,1719306050,873860120,"builtin_interfaces.msg.Time(sec=1719306046, nanosec=853860139)",120.0,Handcrafted_LabStudy,1,1,"-2.0,16.5,0.5","-0.0,0.0,-0.0,-1.0","-9.75,1.75,0.0","-0.0,0.0,-0.0,-1.0",16.66277503967285,16.66208267211914,20.84160041809082,0,0,0,0,0,0,0,0.000331878662109375,0.0,2.0,0.0,694103203034.8497,0.0946044772863388,
6,navstack-1719303660243,navstack,Hospital,HandCrafted,,,1719306050,893860101,"builtin_interfaces.msg.Time(sec=1719306046, nanosec=853860139)",120.0,Handcrafted_LabStudy,1,1,"-2.0,16.5,0.5","-0.0,0.0,-0.0,-1.0","-9.75,1.75,0.0","-0.0,0.0,-0.0,-1.0",16.662782669067383,16.66208267211914,20.84160041809082,0,0,0,0,0,0,0,0.000331878662109375,0.0,2.0,0.0,693937262770.7682,0.1892089545726776,
6,navstack-1719303660243,navstack,Hospital,HandCrafted,,,1719306050,913860082,"builtin_interfaces.msg.Time(sec=1719306046, nanosec=853860139)",120.0,Handcrafted_LabStudy,1,1,"-2.0,16.5,0.5","-0.0,0.0,-0.0,-1.0","-9.75,1.75,0.0","-0.0,0.0,-0.0,-1.0",16.662792205810547,16.66208267211914,20.70500946044922,0,0,0,0,0,0,0,0.000789642333984375,0.0,3.0,0.0,693609969043.5165,0.1892089545726776,
6,navstack-1719303660243,navstack,Hospital,HandCrafted,,,1719306050,933860063,"builtin_interfaces.msg.Time(sec=1719306046, nanosec=853860139)",120.0,Handcrafted_LabStudy,1,1,"-2.0,16.5,0.5","-0.0,0.0,-0.0,-1.0","-9.75,1.75,0.0","-0.0,0.0,-0.0,-1.0",16.662797927856445,16.66208267211914,20.70500946044922,0,0,0,0,0,0,0,0.000789642333984375,0.0,3.0,0.0,693267233086.5298,0.1892089545726776,
6,navstack-1719303660243,navstack,Hospital,HandCrafted,,,1719306050,953860044,"builtin_interfaces.msg.Time(sec=1719306046, nanosec=853860139)",120.0,Handcrafted_LabStudy,1,1,"-2.0,16.5,0.5","-0.0,0.0,-0.0,-1.0","-9.75,1.75,0.0","-0.0,0.0,-0.0,-1.0",16.662809371948242,16.66208267211914,20.70500946044922,0,0,0,0,0,0,0,0.000789642333984375,0.0,3.0,0.0,692984788079.3,0.1892089545726776,
6,navstack-1719303660243,navstack,Hospital,HandCrafted,,,1719306050,973860025,"builtin_interfaces.msg.Time(sec=1719306046, nanosec=853860139)",120.0,Handcrafted_LabStudy,1,1,"-2.0,16.5,0.5","-0.0,0.0,-0.0,-1.0","-9.75,1.75,0.0","-0.0,0.0,-0.0,-1.0",16.66281509399414,16.66208267211914,20.70500946044922,0,0,0,0,0,0,0,0.000789642333984375,0.0,3.0,0.0,692657647245.412,0.1892089545726776,
6,navstack-1719303660243,navstack,Hospital,HandCrafted,,,1719306050,993859767,"builtin_interfaces.msg.Time(sec=1719306046, nanosec=853860139)",120.0,Handcrafted_LabStudy,1,1,"-2.0,16.5,0.5","-0.0,0.0,-0.0,-1.0","-9.75,1.75,0.0","-0.0,0.0,-0.0,-1.0",16.662822723388672,16.66208267211914,20.70500946044922,0,0,0,0,0,0,0,0.000789642333984375,0.0,3.0,0.0,692477946578.5964,0.0946044772863388,
6,navstack-1719303660243,navstack,Hospital,HandCrafted,,,1719306051,13859748,"builtin_interfaces.msg.Time(sec=1719306046, nanosec=853860139)",120.0,Handcrafted_LabStudy,1,1,"-2.0,16.5,0.5","-0.0,0.0,-0.0,-1.0","-9.75,1.75,0.0","-0.0,0.0,-0.0,-1.0",16.662832260131836,16.66208267211914,20.70500946044922,0,0,0,0,0,0,0,0.000789642333984375,0.0,3.0,0.0,692651684404.2273,0.0946044772863388,
6,navstack-1719303660243,navstack,Hospital,HandCrafted,,,1719306051,33859968,"builtin_interfaces.msg.Time(sec=1719306046, nanosec=853860139)",120.0,Handcrafted_LabStudy,1,1,"-2.0,16.5,0.5","-0.0,0.0,-0.0,-1.0","-9.75,1.75,0.0","-0.0,0.0,-0.0,-1.0",16.662839889526367,16.66208267211914,20.70500946044922,0,0,0,0,0,0,0,0.000789642333984375,0.0,3.0,0.0,691908673621.044,0.1892089545726776,
6,navstack-1719303660243,navstack,Hospital,HandCrafted,,,1719306051,53859949,"builtin_interfaces.msg.Time(sec=1719306046, nanosec=853860139)",120.0,Handcrafted_LabStudy,1,1,"-2.0,16.5,0.5","-0.0,0.0,-0.0,-1.0","-9.75,1.75,0.0","-0.0,0.0,-0.0,-1.0",16.66284942626953,16.66208267211914,20.70500946044922,0,0,0,0,0,0,0,0.000789642333984375,0.0,3.0,0.0,692078385254.7637,0.1892089545726776,
6,navstack-1719303660243,navstack,Hospital,HandCrafted,,,1719306051,73859930,"builtin_interfaces.msg.Time(sec=1719306046, nanosec=853860139)",120.0,Handcrafted_LabStudy,1,1,"-2.0,16.5,0.5","-0.0,0.0,-0.0,-1.0","-9.75,1.75,0.0","-0.0,0.0,-0.0,-1.0",16.66285514831543,16.66208267211914,20.70500946044922,0,0,0,0,0,0,0,0.000789642333984375,0.0,3.0,0.0,691336189902.8535,0.1892089545726776,
6,navstack-1719303660243,navstack,Hospital,HandCrafted,,,1719306051,93859910,"builtin_interfaces.msg.Time(sec=1719306046, nanosec=853860139)",120.0,Handcrafted_LabStudy,1,1,"-2.0,16.5,0.5","-0.0,0.0,-0.0,-1.0","-9.75,1.75,0.0","-0.0,0.0,-0.0,-1.0",16.66286277770996,16.66208267211914,20.70500946044922,0,0,0,0,0,0,0,0.000789642333984375,0.0,3.0,0.0,691338789090.0366,0.0946044772863388,
6,navstack-1719303660243,navstack,Hospital,HandCrafted,,,1719306051,113859891,"builtin_interfaces.msg.Time(sec=1719306046, nanosec=853860139)",120.0,Handcrafted_LabStudy,1,1,"-2.0,16.5,0.5","-0.0,0.0,-0.0,-1.0","-9.75,1.75,0.0","-0.0,0.0,-0.0,-1.0",16.662872314453125,16.66208267211914,20.70500946044922,0,0,0,0,0,0,0,0.000789642333984375,0.0,3.0,0.0,691496269254.6594,0.0946044772863388,
6,navstack-1719303660243,navstack,Hospital,HandCrafted,,,1719306051,133859872,"builtin_interfaces.msg.Time(sec=1719306046, nanosec=853860139)",120.0,Handcrafted_LabStudy,1,1,"-2.0,16.5,0.5","-0.0,0.0,-0.0,-1.0","-9.75,1.75,0.0","-0.0,0.0,-0.0,-1.0",16.662879943847656,16.66208267211914,20.70500946044922,0,0,0,0,0,0,0,0.000789642333984375,0.0,3.0,0.0,690755908623.1138,0.1892089545726776,
6,navstack-1719303660243,navstack,Hospital,HandCrafted,,,1719306051,153859853,"builtin_interfaces.msg.Time(sec=1719306046, nanosec=853860139)",120.0,Handcrafted_LabStudy,1,1,"-2.0,16.5,0.5","-0.0,0.0,-0.0,-1.0","-9.75,1.75,0.0","-0.0,0.0,-0.0,-1.0",16.66288948059082,16.66208267211914,20.70500946044922,0,0,0,0,0,0,0,0.000789642333984375,0.0,3.0,0.0,690947382078.9352,0.1892089545726776,
6,navstack-1719303660243,navstack,Hospital,HandCrafted,,,1719306051,173859834,"builtin_interfaces.msg.Time(sec=1719306046, nanosec=853860139)",120.0,Handcrafted_LabStudy,1,1,"-2.0,16.5,0.5","-0.0,0.0,-0.0,-1.0","-9.75,1.75,0.0","-0.0,0.0,-0.0,-1.0",16.66289710998535,16.66208267211914,20.70500946044922,0,0,0,0,0,0,0,0.000789642333984375,0.0,3.0,0.0,690207327234.117,0.1892089545726776,
6,navstack-1719303660243,navstack,Hospital,HandCrafted,,,1719306051,193859815,"builtin_interfaces.msg.Time(sec=1719306046, nanosec=853860139)",120.0,Handcrafted_LabStudy,1,1,"-2.0,16.5,0.5","-0.0,0.0,-0.0,-1.0","-9.75,1.75,0.0","-0.0,0.0,-0.0,-1.0",16.66290283203125,16.66208267211914,20.70500946044922,0,0,0,0,0,0,0,0.000789642333984375,0.0,3.0,0.0,690564384202.8379,0.0946044772863388,
6,navstack-1719303660243,navstack,Hospital,HandCrafted,,,1719306051,233860015,"builtin_interfaces.msg.Time(sec=1719306046, nanosec=853860139)",120.0,Handcrafted_LabStudy,1,1,"-2.0,16.5,0.5","-0.0,0.0,-0.0,-1.0","-9.75,1.75,0.0","-0.0,0.0,-0.0,-1.0",16.662919998168945,16.66208267211914,20.70500946044922,0,0,0,0,0,0,0,0.000789642333984375,0.0,3.0,0.0,689828100727.6578,0.0,
6,navstack-1719303660243,navstack,Hospital,HandCrafted,,,1719306051,253859996,"builtin_interfaces.msg.Time(sec=1719306046, nanosec=853860139)",120.0,Handcrafted_LabStudy,1,1,"-2.0,16.5,0.5","-0.0,0.0,-0.0,-1.0","-9.75,1.75,0.0","-0.0,0.0,-0.0,-1.0",16.66292953491211,16.66208267211914,20.70500946044922,0,0,0,0,0,0,0,0.000789642333984375,0.0,3.0,0.0,689090186389.9315,0.0946044772863388,
6,navstack-1719303660243,navstack,Hospital,HandCrafted,,,1719306051,273860216,"builtin_interfaces.msg.Time(sec=1719306046, nanosec=853860139)",120.0,Handcrafted_LabStudy,1,1,"-2.0,16.5,0.5","-0.0,0.0,-0.0,-1.0","-9.75,1.75,0.0","-0.0,0.0,-0.0,-1.0",16.66293716430664,16.66208267211914,20.70500946044922,0,0,0,0,0,0,0,0.000789642333984375,0.0,3.0,0.0,689483733908.1249,0.1892089545726776,
6,navstack-1719303660243,navstack,Hospital,HandCrafted,,,1719306051,293860197,"builtin_interfaces.msg.Time(sec=1719306046, nanosec=853860139)",120.0,Handcrafted_LabStudy,1,1,"-2.0,16.5,0.5","-0.0,0.0,-0.0,-1.0","-9.75,1.75,0.0","-0.0,0.0,-0.0,-1.0",16.662946701049805,16.66208267211914,20.70500946044922,0,0,0,0,0,0,0,0.000789642333984375,0.0,3.0,0.0,689808734234.921,0.1892089545726776,
6,navstack-1719303660243,navstack,Hospital,HandCrafted,,,1719306051,293860197,"builtin_interfaces.msg.Time(sec=1719306046, nanosec=853860139)",120.0,Handcrafted_LabStudy,1,1,"-2.0,16.5,0.5","-0.0,0.0,-0.0,-1.0","-9.75,1.75,0.0","-0.0,0.0,-0.0,-1.0",16.662946701049805,16.66208267211914,20.70500946044922,0,0,0,0,0,0,0,0.000789642333984375,0.0,3.0,0.0,688757031750.4042,0.0946044772863388,
6,navstack-1719303660243,navstack,Hospital,HandCrafted,,,1719306051,313860177,"builtin_interfaces.msg.Time(sec=1719306046, nanosec=853860139)",120.0,Handcrafted_LabStudy,1,1,"-2.0,16.5,0.5","-0.0,0.0,-0.0,-1.0","-9.75,1.75,0.0","-0.0,0.0,-0.0,-1.0",16.662954330444336,16.66208267211914,20.70500946044922,0,0,0,0,0,0,0,0.000789642333984375,0.0,3.0,0.0,688760548297.7695,0.0946044772863388,
6,navstack-1719303660243,navstack,Hospital,HandCrafted,,,1719306051,333860158,"builtin_interfaces.msg.Time(sec=1719306046, nanosec=853860139)",120.0,Handcrafted_LabStudy,1,1,"-2.0,16.5,0.5","-0.0,0.0,-0.0,-1.0","-9.75,1.75,0.0","-0.0,0.0,-0.0,-1.0",16.662960052490234,16.66208267211914,20.70500946044922,0,0,0,0,0,0,0,0.000789642333984375,0.0,3.0,0.0,688023959035.862,0.0946044772863388,
6,navstack-1719303660243,navstack,Hospital,HandCrafted,,,1719306051,353860139,"builtin_interfaces.msg.Time(sec=1719306046, nanosec=853860139)",120.0,Handcrafted_LabStudy,1,1,"-2.0,16.5,0.5","-0.0,0.0,-0.0,-1.0","-9.75,1.75,0.0","-0.0,0.0,-0.0,-1.0",16.66297149658203,16.66208267211914,20.70500946044922,0,0,0,0,0,0,0,0.000789642333984375,0.0,3.0,0.0,688381066969.0376,0.0946044772863388,
6,navstack-1719303660243,navstack,Hospital,HandCrafted,,,1719306051,393860101,"builtin_interfaces.msg.Time(sec=1719306046, nanosec=853860139)",120.0,Handcrafted_LabStudy,1,1,"-2.0,16.5,0.5","-0.0,0.0,-0.0,-1.0","-9.75,1.75,0.0","-0.0,0.0,-0.0,-1.0",16.662988662719727,16.66208267211914,20.70500946044922,0,0,0,0,0,0,0,0.000789642333984375,0.0,3.0,0.0,688850245737.8136,0.0946044772863388,
6,navstack-1719303660243,navstack,Hospital,HandCrafted,,,1719306051,413860082,"builtin_interfaces.msg.Time(sec=1719306046, nanosec=853860139)",120.0,Handcrafted_LabStudy,1,1,"-2.0,16.5,0.5","-0.0,0.0,-0.0,-1.0","-9.75,1.75,0.0","-0.0,0.0,-0.0,-1.0",16.662994384765625,16.66208267211914,20.70500946044922,0,0,0,0,0,0,0,0.000789642333984375,0.0,3.0,0.0,687369575439.1769,0.0946044772863388,
6,navstack-1719303660243,navstack,Hospital,HandCrafted,,,1719306051,433860063,"builtin_interfaces.msg.Time(sec=1719306046, nanosec=853860139)",120.0,Handcrafted_LabStudy,1,1,"-2.0,16.5,0.5","-0.0,0.0,-0.0,-1.0","-9.75,1.75,0.0","-0.0,0.0,-0.0,-1.0",16.663002014160156,16.66208267211914,20.70500946044922,0,0,0,0,0,0,0,0.000789642333984375,0.0,3.0,0.0,687944199664.4592,0.0946044772863388,
6,navstack-1719303660243,navstack,Hospital,HandCrafted,,,1719306051,473860025,"builtin_interfaces.msg.Time(sec=1719306046, nanosec=853860139)",120.0,Handcrafted_LabStudy,1,1,"-2.0,16.5,0.5","-0.0,0.0,-0.0,-1.0","-9.75,1.75,0.0","-0.0,0.0,-0.0,-1.0",16.66301727294922,16.66208267211914,20.70500946044922,0,0,0,0,0,0,0,0.000789642333984375,0.0,3.0,0.0,686899785096.9459,0.0,
6,navstack-1719303660243,navstack,Hospital,HandCrafted,,,1719306051,493859767,"builtin_interfaces.msg.Time(sec=1719306046, nanosec=853860139)",120.0,Handcrafted_LabStudy,1,1,"-2.0,16.5,0.5","-0.0,0.0,-0.0,-1.0","-9.75,1.75,0.0","-0.0,0.0,-0.0,-1.0",16.663028717041016,16.66208267211914,20.70500946044922,0,0,0,0,0,0,0,0.000789642333984375,0.0,3.0,0.0,687561966255.1804,0.0946044772863388,
6,navstack-1719303660243,navstack,Hospital,HandCrafted,,,1719306051,513859748,"builtin_interfaces.msg.Time(sec=1719306046, nanosec=853860139)",120.0,Handcrafted_LabStudy,1,1,"-2.0,16.5,0.5","-0.0,0.0,-0.0,-1.0","-9.75,1.75,0.0","-0.0,0.0,-0.0,-1.0",16.663034439086914,16.66208267211914,20.70500946044922,0,0,0,0,0,0,0,0.000789642333984375,0.0,3.0,0.0,686085322148.4547,0.1892089545726776,
6,navstack-1719303660243,navstack,Hospital,HandCrafted,,,1719306051,553859949,"builtin_interfaces.msg.Time(sec=1719306046, nanosec=853860139)",120.0,Handcrafted_LabStudy,1,1,"-2.0,16.5,0.5","-0.0,0.0,-0.0,-1.0","-9.75,1.75,0.0","-0.0,0.0,-0.0,-1.0",16.66305160522461,16.66208267211914,20.70500946044922,0,0,0,0,0,0,0,0.000789642333984375,0.0,3.0,0.0,686732672650.4093,0.0946044772863388,
6,navstack-1719303660243,navstack,Hospital,HandCrafted,,,1719306051,573859930,"builtin_interfaces.msg.Time(sec=1719306046, nanosec=853860139)",120.0,Handcrafted_LabStudy,1,1,"-2.0,16.5,0.5","-0.0,0.0,-0.0,-1.0","-9.75,1.75,0.0","-0.0,0.0,-0.0,-1.0",16.66305923461914,16.66208267211914,20.70500946044922,0,0,0,0,0,0,0,0.000789642333984375,0.0,3.0,0.0,685694068030.717,0.0,
6,navstack-1719303660243,navstack,Hospital,HandCrafted,,,1719306051,613859891,"builtin_interfaces.msg.Time(sec=1719306046, nanosec=853860139)",120.0,Handcrafted_LabStudy,1,1,"-2.0,16.5,0.5","-0.0,0.0,-0.0,-1.0","-9.75,1.75,0.0","-0.0,0.0,-0.0,-1.0",16.663076400756836,16.66208267211914,20.70500946044922,0,0,0,0,0,0,0,0.000789642333984375,0.0,3.0,0.0,686335965336.0325,0.0,
6,navstack-1719303660243,navstack,Hospital,HandCrafted,,,1719306051,613859891,"builtin_interfaces.msg.Time(sec=1719306046, nanosec=853860139)",120.0,Handcrafted_LabStudy,1,1,"-2.0,16.5,0.5","-0.0,0.0,-0.0,-1.0","-9.75,1.75,0.0","-0.0,0.0,-0.0,-1.0",16.663076400756836,16.66208267211914,20.70500946044922,0,0,0,0,0,0,0,0.000789642333984375,0.0,3.0,0.0,685057572957.586,0.0,
6,navstack-1719303660243,navstack,Hospital,HandCrafted,,,1719306051,633859872,"builtin_interfaces.msg.Time(sec=1719306046, nanosec=853860139)",120.0,Handcrafted_LabStudy,1,1,"-2.0,16.5,0.5","-0.0,0.0,-0.0,-1.0","-9.75,1.75,0.0","-0.0,0.0,-0.0,-1.0",16.6630859375,16.66208267211914,20.70500946044922,0,0,0,0,0,0,0,0.000789642333984375,0.0,3.0,0.0,685067103310.5907,0.0946044772863388,
6,navstack-1719303660243,navstack,Hospital,HandCrafted,,,1719306051,653859853,"builtin_interfaces.msg.Time(sec=1719306046, nanosec=853860139)",120.0,Handcrafted_LabStudy,1,1,"-2.0,16.5,0.5","-0.0,0.0,-0.0,-1.0","-9.75,1.75,0.0","-0.0,0.0,-0.0,-1.0",16.6630916595459,16.66208267211914,20.70500946044922,0,0,0,0,0,0,0,0.000789642333984375,0.0,3.0,0.0,685398678052.0264,0.1892089545726776,
6,navstack-1719303660243,navstack,Hospital,HandCrafted,,,1719306051,673859834,"builtin_interfaces.msg.Time(sec=1719306046, nanosec=853860139)",120.0,Handcrafted_LabStudy,1,1,"-2.0,16.5,0.5","-0.0,0.0,-0.0,-1.0","-9.75,1.75,0.0","-0.0,0.0,-0.0,-1.0",16.66309928894043,16.66208267211914,20.70500946044922,0,0,0,0,0,0,0,0.000789642333984375,0.0,3.0,0.0,684367106527.0648,0.0946044772863388,
6,navstack-1719303660243,navstack,Hospital,HandCrafted,,,1719306051,693859815,"builtin_interfaces.msg.Time(sec=1719306046, nanosec=853860139)",120.0,Handcrafted_LabStudy,1,1,"-2.0,16.5,0.5","-0.0,0.0,-0.0,-1.0","-9.75,1.75,0.0","-0.0,0.0,-0.0,-1.0",16.663108825683594,16.66208267211914,20.70500946044922,0,0,0,0,0,0,0,0.000789642333984375,0.0,3.0,0.0,684842451994.844,0.0946044772863388,
6,navstack-1719303660243,navstack,Hospital,HandCrafted,,,1719306051,713859796,"builtin_interfaces.msg.Time(sec=1719306046, nanosec=853860139)",120.0,Handcrafted_LabStudy,1,1,"-2.0,16.5,0.5","-0.0,0.0,-0.0,-1.0","-9.75,1.75,0.0","-0.0,0.0,-0.0,-1.0",16.663116455078125,16.66208267211914,20.70500946044922,0,0,0,0,0,0,0,0.000789642333984375,0.0,3.0,0.0,684117788415.306,0.1892089545726776,
6,navstack-1719303660243,navstack,Hospital,HandCrafted,,,1719306051,713859796,"builtin_interfaces.msg.Time(sec=1719306046, nanosec=853860139)",120.0,Handcrafted_LabStudy,1,1,"-2.0,16.5,0.5","-0.0,0.0,-0.0,-1.0","-9.75,1.75,0.0","-0.0,0.0,-0.0,-1.0",16.663116455078125,16.66208267211914,20.70500946044922,0,0,0,0,0,0,0,0.000789642333984375,0.0,3.0,0.0,684117788415.306,0.0946044772863388,
6,navstack-1719303660243,navstack,Hospital,HandCrafted,,,1719306051,733860015,"builtin_interfaces.msg.Time(sec=1719306046, nanosec=853860139)",120.0,Handcrafted_LabStudy,1,1,"-2.0,16.5,0.5","-0.0,0.0,-0.0,-1.0","-9.75,1.75,0.0","-0.0,0.0,-0.0,-1.0",16.66312599182129,16.66208267211914,20.70500946044922,0,0,0,0,0,0,0,0.000789642333984375,0.0,3.0,0.0,684193521594.7977,0.0946044772863388,
6,navstack-1719303660243,navstack,Hospital,HandCrafted,,,1719306051,753859996,"builtin_interfaces.msg.Time(sec=1719306046, nanosec=853860139)",120.0,Handcrafted_LabStudy,1,1,"-2.0,16.5,0.5","-0.0,0.0,-0.0,-1.0","-9.75,1.75,0.0","-0.0,0.0,-0.0,-1.0",16.66313362121582,16.66208267211914,20.70500946044922,0,0,0,0,0,0,0,0.000789642333984375,0.0,3.0,0.0,684297387153.2124,0.1892089545726776,
6,navstack-1719303660243,navstack,Hospital,HandCrafted,,,1719306051,773860216,"builtin_interfaces.msg.Time(sec=1719306046, nanosec=853860139)",120.0,Handcrafted_LabStudy,1,1,"-2.0,16.5,0.5","-0.0,0.0,-0.0,-1.0","-9.75,1.75,0.0","-0.0,0.0,-0.0,-1.0",16.66313934326172,16.66208267211914,20.70500946044922,0,0,0,0,0,0,0,0.000789642333984375,0.0,3.0,0.0,683574660222.9481,0.0946044772863388,
6,navstack-1719303660243,navstack,Hospital,HandCrafted,,,1719306051,773860216,"builtin_interfaces.msg.Time(sec=1719306046, nanosec=853860139)",120.0,Handcrafted_LabStudy,1,1,"-2.0,16.5,0.5","-0.0,0.0,-0.0,-1.0","-9.75,1.75,0.0","-0.0,0.0,-0.0,-1.0",16.66313934326172,16.66208267211914,20.70500946044922,0,0,0,0,0,0,0,0.000789642333984375,0.0,3.0,0.0,683574456365.1299,0.0,
6,navstack-1719303660243,navstack,Hospital,HandCrafted,,,1719306051,793860197,"builtin_interfaces.msg.Time(sec=1719306046, nanosec=853860139)",120.0,Handcrafted_LabStudy,1,1,"-2.0,16.5,0.5","-0.0,0.0,-0.0,-1.0","-9.75,1.75,0.0","-0.0,0.0,-0.0,-1.0",16.663148880004883,16.66208267211914,20.70500946044922,0,0,0,0,0,0,0,0.000789642333984375,0.0,3.0,0.0,683589541843.6827,0.0946044772863388,
6,navstack-1719303660243,navstack,Hospital,HandCrafted,,,1719306051,813860177,"builtin_interfaces.msg.Time(sec=1719306046, nanosec=853860139)",120.0,Handcrafted_LabStudy,1,1,"-2.0,16.5,0.5","-0.0,0.0,-0.0,-1.0","-9.75,1.75,0.0","-0.0,0.0,-0.0,-1.0",16.663156509399414,16.66208267211914,20.70500946044922,0,0,0,0,0,0,0,0.000789642333984375,0.0,3.0,0.0,683682908724.4559,0.1892089545726776,
6,navstack-1719303660243,navstack,Hospital,HandCrafted,,,1719306051,833860158,"builtin_interfaces.msg.Time(sec=1719306046, nanosec=853860139)",120.0,Handcrafted_LabStudy,1,1,"-2.0,16.5,0.5","-0.0,0.0,-0.0,-1.0","-9.75,1.75,0.0","-0.0,0.0,-0.0,-1.0",16.663166046142578,16.66208267211914,20.70500946044922,0,0,0,0,0,0,0,0.000789642333984375,0.0,3.0,0.0,682963953163.8298,0.1892089545726776,
6,navstack-1719303660243,navstack,Hospital,HandCrafted,,,1719306051,853860139,"builtin_interfaces.msg.Time(sec=1719306046, nanosec=853860139)",120.0,Handcrafted_LabStudy,1,1,"-2.0,16.5,0.5","-0.0,0.0,-0.0,-1.0","-9.75,1.75,0.0","-0.0,0.0,-0.0,-1.0",16.66317367553711,16.66208267211914,20.70500946044922,0,0,0,0,0,0,0,0.000789642333984375,0.0,3.0,0.0,683086726534.8901,0.1892089545726776,
6,navstack-1719303660243,navstack,Hospital,HandCrafted,,,1719306051,853860139,"builtin_interfaces.msg.Time(sec=1719306046, nanosec=853860139)",120.0,Handcrafted_LabStudy,1,1,"-2.0,16.5,0.5","-0.0,0.0,-0.0,-1.0","-9.75,1.75,0.0","-0.0,0.0,-0.0,-1.0",16.66317367553711,16.66208267211914,20.70500946044922,0,0,0,0,0,0,0,0.000789642333984375,0.0,3.0,0.0,682353348033.6206,0.0946044772863388,
6,navstack-1719303660243,navstack,Hospital,HandCrafted,,,1719306051,873860120,"builtin_interfaces.msg.Time(sec=1719306046, nanosec=853860139)",120.0,Handcrafted_LabStudy,1,1,"-2.0,16.5,0.5","-0.0,0.0,-0.0,-1.0","-9.75,1.75,0.0","-0.0,0.0,-0.0,-1.0",16.663183212280273,16.66208267211914,20.70500946044922,0,0,0,0,0,0,0,0.000789642333984375,0.0,3.0,0.0,682372204881.8118,0.0946044772863388,
6,navstack-1719303660243,navstack,Hospital,HandCrafted,,,1719306051,893860101,"builtin_interfaces.msg.Time(sec=1719306046, nanosec=853860139)",120.0,Handcrafted_LabStudy,1,1,"-2.0,16.5,0.5","-0.0,0.0,-0.0,-1.0","-9.75,1.75,0.0","-0.0,0.0,-0.0,-1.0",16.663190841674805,16.66208267211914,20.70500946044922,0,0,0,0,0,0,0,0.000789642333984375,0.0,3.0,0.0,682440089535.2997,0.1892089545726776,
6,navstack-1719303660243,navstack,Hospital,HandCrafted,,,1719306051,913860082,"builtin_interfaces.msg.Time(sec=1719306046, nanosec=853860139)",120.0,Handcrafted_LabStudy,1,1,"-2.0,16.5,0.5","-0.0,0.0,-0.0,-1.0","-9.75,1.75,0.0","-0.0,0.0,-0.0,-1.0",16.663196563720703,16.66208267211914,20.70500946044922,0,0,0,0,0,0,0,0.000789642333984375,0.0,3.0,0.0,682528512863.9795,0.0946044772863388,
6,navstack-1719303660243,navstack,Hospital,HandCrafted,,,1719306051,933860063,"builtin_interfaces.msg.Time(sec=1719306046, nanosec=853860139)",120.0,Handcrafted_LabStudy,1,1,"-2.0,16.5,0.5","-0.0,0.0,-0.0,-1.0","-9.75,1.75,0.0","-0.0,0.0,-0.0,-1.0",16.6632080078125,16.66208267211914,20.548248291015625,0,0,0,0,0,0,0,0.00125885009765625,0.0,4.0,0.0,681811646845.9908,0.0946044772863388,
6,navstack-1719303660243,navstack,Hospital,HandCrafted,,,1719306051,973860025,"builtin_interfaces.msg.Time(sec=1719306046, nanosec=853860139)",120.0,Handcrafted_LabStudy,1,1,"-2.0,16.5,0.5","-0.0,0.0,-0.0,-1.0","-9.75,1.75,0.0","-0.0,0.0,-0.0,-1.0",16.663223266601562,16.66208267211914,20.548248291015625,0,0,0,0,0,0,0,0.00125885009765625,0.0,4.0,0.0,681581593298.0596,0.0946044772863388,
6,navstack-1719303660243,navstack,Hospital,HandCrafted,,,1719306051,993859767,"builtin_interfaces.msg.Time(sec=1719306046, nanosec=853860139)",120.0,Handcrafted_LabStudy,1,1,"-2.0,16.5,0.5","-0.0,0.0,-0.0,-1.0","-9.75,1.75,0.0","-0.0,0.0,-0.0,-1.0",16.663230895996094,16.66208267211914,20.548248291015625,0,0,0,0,0,0,0,0.00125885009765625,0.0,4.0,0.0,681313316409.2004,0.0946044772863388,
6,navstack-1719303660243,navstack,Hospital,HandCrafted,,,1719306052,13859748,"builtin_interfaces.msg.Time(sec=1719306046, nanosec=853860139)",120.0,Handcrafted_LabStudy,1,1,"-2.0,16.5,0.5","-0.0,0.0,-0.0,-1.0","-9.75,1.75,0.0","-0.0,0.0,-0.0,-1.0",16.663238525390625,16.66208267211914,20.548248291015625,0,0,0,0,0,0,0,0.00125885009765625,0.0,4.0,0.0,681039841145.9751,0.0946044772863388,
6,navstack-1719303660243,navstack,Hospital,HandCrafted,,,1719306052,33859968,"builtin_interfaces.msg.Time(sec=1719306046, nanosec=853860139)",120.0,Handcrafted_LabStudy,1,1,"-2.0,16.5,0.5","-0.0,0.0,-0.0,-1.0","-9.75,1.75,0.0","-0.0,0.0,-0.0,-1.0",16.66324806213379,16.66208267211914,20.548248291015625,0,0,0,0,0,0,0,0.00125885009765625,0.0,4.0,0.0,680815291759.1375,0.0946044772863388,
6,navstack-1719303660243,navstack,Hospital,HandCrafted,,,1719306052,53859949,"builtin_interfaces.msg.Time(sec=1719306046, nanosec=853860139)",120.0,Handcrafted_LabStudy,1,1,"-2.0,16.5,0.5","-0.0,0.0,-0.0,-1.0","-9.75,1.75,0.0","-0.0,0.0,-0.0,-1.0",16.663253784179688,16.66208267211914,20.548248291015625,0,0,0,0,0,0,0,0.00125885009765625,0.0,4.0,0.0,680663264791.1537,0.1892089545726776,
6,navstack-1719303660243,navstack,Hospital,HandCrafted,,,1719306052,53859949,"builtin_interfaces.msg.Time(sec=1719306046, nanosec=853860139)",120.0,Handcrafted_LabStudy,1,1,"-2.0,16.5,0.5","-0.0,0.0,-0.0,-1.0","-9.75,1.75,0.0","-0.0,0.0,-0.0,-1.0",16.663253784179688,16.66208267211914,20.548248291015625,0,0,0,0,0,0,0,0.00125885009765625,0.0,4.0,0.0,680663264791.1537,0.0946044772863388,
6,navstack-1719303660243,navstack,Hospital,HandCrafted,,,1719306052,73859930,"builtin_interfaces.msg.Time(sec=1719306046, nanosec=853860139)",120.0,Handcrafted_LabStudy,1,1,"-2.0,16.5,0.5","-0.0,0.0,-0.0,-1.0","-9.75,1.75,0.0","-0.0,0.0,-0.0,-1.0",16.663265228271484,16.66208267211914,20.548248291015625,0,0,0,0,0,0,0,0.00125885009765625,0.0,4.0,0.0,679946704559.8925,0.0946044772863388,
6,navstack-1719303660243,navstack,Hospital,HandCrafted,,,1719306052,73859930,"builtin_interfaces.msg.Time(sec=1719306046, nanosec=853860139)",120.0,Handcrafted_LabStudy,1,1,"-2.0,16.5,0.5","-0.0,0.0,-0.0,-1.0","-9.75,1.75,0.0","-0.0,0.0,-0.0,-1.0",16.663265228271484,16.66208267211914,20.548248291015625,0,0,0,0,0,0,0,0.00125885009765625,0.0,4.0,0.0,679946704559.8925,0.0946044772863388,
6,navstack-1719303660243,navstack,Hospital,HandCrafted,,,1719306052,93859910,"builtin_interfaces.msg.Time(sec=1719306046, nanosec=853860139)",120.0,Handcrafted_LabStudy,1,1,"-2.0,16.5,0.5","-0.0,0.0,-0.0,-1.0","-9.75,1.75,0.0","-0.0,0.0,-0.0,-1.0",16.663270950317383,16.66208267211914,20.548248291015625,0,0,0,0,0,0,0,0.00125885009765625,0.0,4.0,0.0,679858230266.758,0.0946044772863388,
6,navstack-1719303660243,navstack,Hospital,HandCrafted,,,1719306052,113859891,"builtin_interfaces.msg.Time(sec=1719306046, nanosec=853860139)",120.0,Handcrafted_LabStudy,1,1,"-2.0,16.5,0.5","-0.0,0.0,-0.0,-1.0","-9.75,1.75,0.0","-0.0,0.0,-0.0,-1.0",16.66328239440918,16.66208267211914,20.548248291015625,0,0,0,0,0,0,0,0.00125885009765625,0.0,4.0,0.0,679699526955.2255,0.1892089545726776,
6,navstack-1719303660243,navstack,Hospital,HandCrafted,,,1719306052,133859872,"builtin_interfaces.msg.Time(sec=1719306046, nanosec=853860139)",120.0,Handcrafted_LabStudy,1,1,"-2.0,16.5,0.5","-0.0,0.0,-0.0,-1.0","-9.75,1.75,0.0","-0.0,0.0,-0.0,-1.0",16.663288116455078,16.66208267211914,20.548248291015625,0,0,0,0,0,0,0,0.00125885009765625,0.0,4.0,0.0,679516666492.2266,0.1892089545726776,
6,navstack-1719303660243,navstack,Hospital,HandCrafted,,,1719306052,153859853,"builtin_interfaces.msg.Time(sec=1719306046, nanosec=853860139)",120.0,Handcrafted_LabStudy,1,1,"-2.0,16.5,0.5","-0.0,0.0,-0.0,-1.0","-9.75,1.75,0.0","-0.0,0.0,-0.0,-1.0",16.66329574584961,16.66208267211914,20.548248291015625,0,0,0,0,0,0,0,0.00125885009765625,0.0,4.0,0.0,679318210906.129,0.0946044772863388,
6,navstack-1719303660243,navstack,Hospital,HandCrafted,,,1719306052,173859834,"builtin_interfaces.msg.Time(sec=1719306046, nanosec=853860139)",120.0,Handcrafted_LabStudy,1,1,"-2.0,16.5,0.5","-0.0,0.0,-0.0,-1.0","-9.75,1.75,0.0","-0.0,0.0,-0.0,-1.0",16.663305282592773,16.66208267211914,20.548248291015625,0,0,0,0,0,0,0,0.00125885009765625,0.0,4.0,0.0,678596350371.5924,0.0946044772863388,
6,navstack-1719303660243,navstack,Hospital,HandCrafted,,,1719306052,193859815,"builtin_interfaces.msg.Time(sec=1719306046, nanosec=853860139)",120.0,Handcrafted_LabStudy,1,1,"-2.0,16.5,0.5","-0.0,0.0,-0.0,-1.0","-9.75,1.75,0.0","-0.0,0.0,-0.0,-1.0",16.663311004638672,16.66208267211914,20.548248291015625,0,0,0,0,0,0,0,0.00125885009765625,0.0,4.0,0.0,679342011306.4135,0.1892089545726776,
6,navstack-1719303660243,navstack,Hospital,HandCrafted,,,1719306052,193859815,"builtin_interfaces.msg.Time(sec=1719306046, nanosec=853860139)",120.0,Handcrafted_LabStudy,1,1,"-2.0,16.5,0.5","-0.0,0.0,-0.0,-1.0","-9.75,1.75,0.0","-0.0,0.0,-0.0,-1.0",16.663311004638672,16.66208267211914,20.548248291015625,0,0,0,0,0,0,0,0.00125885009765625,0.0,4.0,0.0,678614748539.6924,0.0946044772863388,
6,navstack-1719303660243,navstack,Hospital,HandCrafted,,,1719306052,213859796,"builtin_interfaces.msg.Time(sec=1719306046, nanosec=853860139)",120.0,Handcrafted_LabStudy,1,1,"-2.0,16.5,0.5","-0.0,0.0,-0.0,-1.0","-9.75,1.75,0.0","-0.0,0.0,-0.0,-1.0",16.66332244873047,16.66208267211914,20.548248291015625,0,0,0,0,0,0,0,0.00125885009765625,0.0,4.0,0.0,678626368435.3345,0.0946044772863388,
6,navstack-1719303660243,navstack,Hospital,HandCrafted,,,1719306052,233860015,"builtin_interfaces.msg.Time(sec=1719306046, nanosec=853860139)",120.0,Handcrafted_LabStudy,1,1,"-2.0,16.5,0.5","-0.0,0.0,-0.0,-1.0","-9.75,1.75,0.0","-0.0,0.0,-0.0,-1.0",16.663328170776367,16.66208267211914,20.548248291015625,0,0,0,0,0,0,0,0.00125885009765625,0.0,4.0,0.0,678528924398.1957,0.1892089545726776,
6,navstack-1719303660243,navstack,Hospital,HandCrafted,,,1719306052,233860015,"builtin_interfaces.msg.Time(sec=1719306046, nanosec=853860139)",120.0,Handcrafted_LabStudy,1,1,"-2.0,16.5,0.5","-0.0,0.0,-0.0,-1.0","-9.75,1.75,0.0","-0.0,0.0,-0.0,-1.0",16.663328170776367,16.66208267211914,20.548248291015625,0,0,0,0,0,0,0,0.00125885009765625,0.0,4.0,0.0,678528924398.1957,0.0946044772863388,
6,navstack-1719303660243,navstack,Hospital,HandCrafted,,,1719306052,233860015,"builtin_interfaces.msg.Time(sec=1719306046, nanosec=853860139)",120.0,Handcrafted_LabStudy,1,1,"-2.0,16.5,0.5","-0.0,0.0,-0.0,-1.0","-9.75,1.75,0.0","-0.0,0.0,-0.0,-1.0",16.663328170776367,16.66208267211914,20.548248291015625,0,0,0,0,0,0,0,0.00125885009765625,0.0,4.0,0.0,678528924398.1957,0.0,
6,navstack-1719303660243,navstack,Hospital,HandCrafted,,,1719306052,253859996,"builtin_interfaces.msg.Time(sec=1719306046, nanosec=853860139)",120.0,Handcrafted_LabStudy,1,1,"-2.0,16.5,0.5","-0.0,0.0,-0.0,-1.0","-9.75,1.75,0.0","-0.0,0.0,-0.0,-1.0",16.6633358001709,16.66208267211914,20.548248291015625,0,0,0,0,0,0,0,0.00125885009765625,0.0,4.0,0.0,678449878529.1569,0.0,
6,navstack-1719303660243,navstack,Hospital,HandCrafted,,,1719306052,273860216,"builtin_interfaces.msg.Time(sec=1719306046, nanosec=853860139)",120.0,Handcrafted_LabStudy,1,1,"-2.0,16.5,0.5","-0.0,0.0,-0.0,-1.0","-9.75,1.75,0.0","-0.0,0.0,-0.0,-1.0",16.663345336914062,16.66208267211914,20.548248291015625,0,0,0,0,0,0,0,0.00125885009765625,0.0,4.0,0.0,678366704539.2977,0.0946044772863388,
6,navstack-1719303660243,navstack,Hospital,HandCrafted,,,1719306052,293860197,"builtin_interfaces.msg.Time(sec=1719306046, nanosec=853860139)",120.0,Handcrafted_LabStudy,1,1,"-2.0,16.5,0.5","-0.0,0.0,-0.0,-1.0","-9.75,1.75,0.0","-0.0,0.0,-0.0,-1.0",16.663352966308594,16.66208267211914,20.548248291015625,0,0,0,0,0,0,0,0.00125885009765625,0.0,4.0,0.0,678436474877.6047,0.1892089545726776,
6,navstack-1719303660243,navstack,Hospital,HandCrafted,,,1719306052,313860177,"builtin_interfaces.msg.Time(sec=1719306046, nanosec=853860139)",120.0,Handcrafted_LabStudy,1,1,"-2.0,16.5,0.5","-0.0,0.0,-0.0,-1.0","-9.75,1.75,0.0","-0.0,0.0,-0.0,-1.0",16.663362503051758,16.66208267211914,20.548248291015625,0,0,0,0,0,0,0,0.00125885009765625,0.0,4.0,0.0,677717825103.7062,0.1892089545726776,
6,navstack-1719303660243,navstack,Hospital,HandCrafted,,,1719306052,333860158,"builtin_interfaces.msg.Time(sec=1719306046, nanosec=853860139)",120.0,Handcrafted_LabStudy,1,1,"-2.0,16.5,0.5","-0.0,0.0,-0.0,-1.0","-9.75,1.75,0.0","-0.0,0.0,-0.0,-1.0",16.66337013244629,16.66208267211914,20.548248291015625,0,0,0,0,0,0,0,0.00125885009765625,0.0,4.0,0.0,677817715434.6643,0.1892089545726776,
6,navstack-1719303660243,navstack,Hospital,HandCrafted,,,1719306052,373860120,"builtin_interfaces.msg.Time(sec=1719306046, nanosec=853860139)",120.0,Handcrafted_LabStudy,1,1,"-2.0,16.5,0.5","-0.0,0.0,-0.0,-1.0","-9.75,1.75,0.0","-0.0,0.0,-0.0,-1.0",16.66338539123535,16.66208267211914,20.548248291015625,0,0,0,0,0,0,0,0.00125885009765625,0.0,4.0,0.0,677932946066.4482,0.0946044772863388,
6,navstack-1719303660243,navstack,Hospital,HandCrafted,,,1719306052,393860101,"builtin_interfaces.msg.Time(sec=1719306046, nanosec=853860139)",120.0,Handcrafted_LabStudy,1,1,"-2.0,16.5,0.5","-0.0,0.0,-0.0,-1.0","-9.75,1.75,0.0","-0.0,0.0,-0.0,-1.0",16.663393020629883,16.66208267211914,20.548248291015625,0,0,0,0,0,0,0,0.00125885009765625,0.0,4.0,0.0,677213124110.0945,0.0,
6,navstack-1719303660243,navstack,Hospital,HandCrafted,,,1719306052,413860082,"builtin_interfaces.msg.Time(sec=1719306046, nanosec=853860139)",120.0,Handcrafted_LabStudy,1,1,"-2.0,16.5,0.5","-0.0,0.0,-0.0,-1.0","-9.75,1.75,0.0","-0.0,0.0,-0.0,-1.0",16.663402557373047,16.66208267211914,20.548248291015625,0,0,0,0,0,0,0,0.00125885009765625,0.0,4.0,0.0,677325602661.3315,0.0946044772863388,
6,navstack-1719303660243,navstack,Hospital,HandCrafted,,,1719306052,433860063,"builtin_interfaces.msg.Time(sec=1719306046, nanosec=853860139)",120.0,Handcrafted_LabStudy,1,1,"-2.0,16.5,0.5","-0.0,0.0,-0.0,-1.0","-9.75,1.75,0.0","-0.0,0.0,-0.0,-1.0",16.663410186767578,16.66208267211914,20.548248291015625,0,0,0,0,0,0,0,0.00125885009765625,0.0,4.0,0.0,677434360807.385,0.1892089545726776,
6,navstack-1719303660243,navstack,Hospital,HandCrafted,,,1719306052,453860044,"builtin_interfaces.msg.Time(sec=1719306046, nanosec=853860139)",120.0,Handcrafted_LabStudy,1,1,"-2.0,16.5,0.5","-0.0,0.0,-0.0,-1.0","-9.75,1.75,0.0","-0.0,0.0,-0.0,-1.0",16.663419723510742,16.66208267211914,20.548248291015625,0,0,0,0,0,0,0,0.00125885009765625,0.0,4.0,0.0,676411555168.6096,0.1892089545726776,
6,navstack-1719303660243,navstack,Hospital,HandCrafted,,,1719306052,473860025,"builtin_interfaces.msg.Time(sec=1719306046, nanosec=853860139)",120.0,Handcrafted_LabStudy,1,1,"-2.0,16.5,0.5","-0.0,0.0,-0.0,-1.0","-9.75,1.75,0.0","-0.0,0.0,-0.0,-1.0",16.663427352905273,16.66208267211914,20.548248291015625,0,0,0,0,0,0,0,0.00125885009765625,0.0,4.0,0.0,676797050302.9808,0.1892089545726776,
6,navstack-1719303660243,navstack,Hospital,HandCrafted,,,1719306052,493859767,"builtin_interfaces.msg.Time(sec=1719306046, nanosec=853860139)",120.0,Handcrafted_LabStudy,1,1,"-2.0,16.5,0.5","-0.0,0.0,-0.0,-1.0","-9.75,1.75,0.0","-0.0,0.0,-0.0,-1.0",16.663433074951172,16.66208267211914,20.548248291015625,0,0,0,0,0,0,0,0.00125885009765625,0.0,4.0,0.0,676078451493.5367,0.0946044772863388,
6,navstack-1719303660243,navstack,Hospital,HandCrafted,,,1719306052,513859748,"builtin_interfaces.msg.Time(sec=1719306046, nanosec=853860139)",120.0,Handcrafted_LabStudy,1,1,"-2.0,16.5,0.5","-0.0,0.0,-0.0,-1.0","-9.75,1.75,0.0","-0.0,0.0,-0.0,-1.0",16.66344451904297,16.66208267211914,20.548248291015625,0,0,0,0,0,0,0,0.00125885009765625,0.0,4.0,0.0,676551911276.4967,0.0946044772863388,
6,navstack-1719303660243,navstack,Hospital,HandCrafted,,,1719306052,553859949,"builtin_interfaces.msg.Time(sec=1719306046, nanosec=853860139)",120.0,Handcrafted_LabStudy,1,1,"-2.0,16.5,0.5","-0.0,0.0,-0.0,-1.0","-9.75,1.75,0.0","-0.0,0.0,-0.0,-1.0",16.66345977783203,16.66208267211914,20.548248291015625,0,0,0,0,0,0,0,0.00125885009765625,0.0,4.0,0.0,675834739471.7806,0.0946044772863388,
6,navstack-1719303660243,navstack,Hospital,HandCrafted,,,1719306052,553859949,"builtin_interfaces.msg.Time(sec=1719306046, nanosec=853860139)",120.0,Handcrafted_LabStudy,1,1,"-2.0,16.5,0.5","-0.0,0.0,-0.0,-1.0","-9.75,1.75,0.0","-0.0,0.0,-0.0,-1.0",16.66345977783203,16.66208267211914,20.548248291015625,0,0,0,0,0,0,0,0.00125885009765625,0.0,4.0,0.0,675834739471.7806,0.0,
6,navstack-1719303660243,navstack,Hospital,HandCrafted,,,1719306052,573859930,"builtin_interfaces.msg.Time(sec=1719306046, nanosec=853860139)",120.0,Handcrafted_LabStudy,1,1,"-2.0,16.5,0.5","-0.0,0.0,-0.0,-1.0","-9.75,1.75,0.0","-0.0,0.0,-0.0,-1.0",16.663467407226562,16.66208267211914,20.548248291015625,0,0,0,0,0,0,0,0.00125885009765625,0.0,4.0,0.0,676131403561.8356,0.0946044772863388,
6,navstack-1719303660243,navstack,Hospital,HandCrafted,,,1719306052,573859930,"builtin_interfaces.msg.Time(sec=1719306046, nanosec=853860139)",120.0,Handcrafted_LabStudy,1,1,"-2.0,16.5,0.5","-0.0,0.0,-0.0,-1.0","-9.75,1.75,0.0","-0.0,0.0,-0.0,-1.0",16.663467407226562,16.66208267211914,20.548248291015625,0,0,0,0,0,0,0,0.00125885009765625,0.0,4.0,0.0,676131403561.8356,0.0946044772863388,
6,navstack-1719303660243,navstack,Hospital,HandCrafted,,,1719306052,593859910,"builtin_interfaces.msg.Time(sec=1719306046, nanosec=853860139)",120.0,Handcrafted_LabStudy,1,1,"-2.0,16.5,0.5","-0.0,0.0,-0.0,-1.0","-9.75,1.75,0.0","-0.0,0.0,-0.0,-1.0",16.66347312927246,16.66208267211914,20.548248291015625,0,0,0,0,0,0,0,0.00125885009765625,0.0,4.0,0.0,675408778560.4805,0.0,
6,navstack-1719303660243,navstack,Hospital,HandCrafted,,,1719306052,613859891,"builtin_interfaces.msg.Time(sec=1719306046, nanosec=853860139)",120.0,Handcrafted_LabStudy,1,1,"-2.0,16.5,0.5","-0.0,0.0,-0.0,-1.0","-9.75,1.75,0.0","-0.0,0.0,-0.0,-1.0",16.663484573364258,16.66208267211914,20.548248291015625,0,0,0,0,0,0,0,0.00125885009765625,0.0,4.0,0.0,675830968102.1425,0.0946044772863388,
6,navstack-1719303660243,navstack,Hospital,HandCrafted,,,1719306052,633859872,"builtin_interfaces.msg.Time(sec=1719306046, nanosec=853860139)",120.0,Handcrafted_LabStudy,1,1,"-2.0,16.5,0.5","-0.0,0.0,-0.0,-1.0","-9.75,1.75,0.0","-0.0,0.0,-0.0,-1.0",16.663490295410156,16.66208267211914,20.548248291015625,0,0,0,0,0,0,0,0.00125885009765625,0.0,4.0,0.0,675110024927.7881,0.1892089545726776,
6,navstack-1719303660243,navstack,Hospital,HandCrafted,,,1719306052,653859853,"builtin_interfaces.msg.Time(sec=1719306046, nanosec=853860139)",120.0,Handcrafted_LabStudy,1,1,"-2.0,16.5,0.5","-0.0,0.0,-0.0,-1.0","-9.75,1.75,0.0","-0.0,0.0,-0.0,-1.0",16.663501739501953,16.66208267211914,20.548248291015625,0,0,0,0,0,0,0,0.00125885009765625,0.0,4.0,0.0,675499087573.9794,0.1892089545726776,
6,navstack-1719303660243,navstack,Hospital,HandCrafted,,,1719306052,673859834,"builtin_interfaces.msg.Time(sec=1719306046, nanosec=853860139)",120.0,Handcrafted_LabStudy,1,1,"-2.0,16.5,0.5","-0.0,0.0,-0.0,-1.0","-9.75,1.75,0.0","-0.0,0.0,-0.0,-1.0",16.66350746154785,16.66208267211914,20.548248291015625,0,0,0,0,0,0,0,0.00125885009765625,0.0,4.0,0.0,674775901963.6239,0.1892089545726776,
6,navstack-1719303660243,navstack,Hospital,HandCrafted,,,1719306052,693859815,"builtin_interfaces.msg.Time(sec=1719306046, nanosec=853860139)",120.0,Handcrafted_LabStudy,1,1,"-2.0,16.5,0.5","-0.0,0.0,-0.0,-1.0","-9.75,1.75,0.0","-0.0,0.0,-0.0,-1.0",16.663516998291016,16.66208267211914,20.548248291015625,0,0,0,0,0,0,0,0.00125885009765625,0.0,4.0,0.0,675239066926.7606,0.1892089545726776,
6,navstack-1719303660243,navstack,Hospital,HandCrafted,,,1719306052,713859796,"builtin_interfaces.msg.Time(sec=1719306046, nanosec=853860139)",120.0,Handcrafted_LabStudy,1,1,"-2.0,16.5,0.5","-0.0,0.0,-0.0,-1.0","-9.75,1.75,0.0","-0.0,0.0,-0.0,-1.0",16.663524627685547,16.66208267211914,20.548248291015625,0,0,0,0,0,0,0,0.00125885009765625,0.0,4.0,0.0,674220389408.8054,0.1892089545726776,
6,navstack-1719303660243,navstack,Hospital,HandCrafted,,,1719306052,733859777,"builtin_interfaces.msg.Time(sec=1719306046, nanosec=853860139)",120.0,Handcrafted_LabStudy,1,1,"-2.0,16.5,0.5","-0.0,0.0,-0.0,-1.0","-9.75,1.75,0.0","-0.0,0.0,-0.0,-1.0",16.663532257080078,16.66208267211914,20.548248291015625,0,0,0,0,0,0,0,0.00125885009765625,0.0,4.0,0.0,674699200459.4954,0.0946044772863388,
6,navstack-1719303660243,navstack,Hospital,HandCrafted,,,1719306052,733859777,"builtin_interfaces.msg.Time(sec=1719306046, nanosec=853860139)",120.0,Handcrafted_LabStudy,1,1,"-2.0,16.5,0.5","-0.0,0.0,-0.0,-1.0","-9.75,1.75,0.0","-0.0,0.0,-0.0,-1.0",16.663532257080078,16.66208267211914,20.548248291015625,0,0,0,0,0,0,0,0.00125885009765625,0.0,4.0,0.0,673979633325.4144,0.0,
6,navstack-1719303660243,navstack,Hospital,HandCrafted,,,1719306052,753859996,"builtin_interfaces.msg.Time(sec=1719306046, nanosec=853860139)",120.0,Handcrafted_LabStudy,1,1,"-2.0,16.5,0.5","-0.0,0.0,-0.0,-1.0","-9.75,1.75,0.0","-0.0,0.0,-0.0,-1.0",16.663541793823242,16.66208267211914,20.548248291015625,0,0,0,0,0,0,0,0.00125885009765625,0.0,4.0,0.0,674692677009.3103,0.0946044772863388,
6,navstack-1719303660243,navstack,Hospital,HandCrafted,,,1719306052,753859996,"builtin_interfaces.msg.Time(sec=1719306046, nanosec=853860139)",120.0,Handcrafted_LabStudy,1,1,"-2.0,16.5,0.5","-0.0,0.0,-0.0,-1.0","-9.75,1.75,0.0","-0.0,0.0,-0.0,-1.0",16.663541793823242,16.66208267211914,20.548248291015625,0,0,0,0,0,0,0,0.00125885009765625,0.0,4.0,0.0,673973109875.2294,0.0946044772863388,
6,navstack-1719303660243,navstack,Hospital,HandCrafted,,,1719306052,773860216,"builtin_interfaces.msg.Time(sec=1719306046, nanosec=853860139)",120.0,Handcrafted_LabStudy,1,1,"-2.0,16.5,0.5","-0.0,0.0,-0.0,-1.0","-9.75,1.75,0.0","-0.0,0.0,-0.0,-1.0",16.66354751586914,16.66208267211914,20.548248291015625,0,0,0,0,0,0,0,0.00125885009765625,0.0,4.0,0.0,673972906017.4111,0.0946044772863388,
6,navstack-1719303660243,navstack,Hospital,HandCrafted,,,1719306052,773860216,"builtin_interfaces.msg.Time(sec=1719306046, nanosec=853860139)",120.0,Handcrafted_LabStudy,1,1,"-2.0,16.5,0.5","-0.0,0.0,-0.0,-1.0","-9.75,1.75,0.0","-0.0,0.0,-0.0,-1.0",16.66354751586914,16.66208267211914,20.548248291015625,0,0,0,0,0,0,0,0.00125885009765625,0.0,4.0,0.0,673972906017.4111,0.0946044772863388,
6,navstack-1719303660243,navstack,Hospital,HandCrafted,,,1719306052,793860197,"builtin_interfaces.msg.Time(sec=1719306046, nanosec=853860139)",120.0,Handcrafted_LabStudy,1,1,"-2.0,16.5,0.5","-0.0,0.0,-0.0,-1.0","-9.75,1.75,0.0","-0.0,0.0,-0.0,-1.0",16.663558959960938,16.66208267211914,20.548248291015625,0,0,0,0,0,0,0,0.00125885009765625,0.0,4.0,0.0,674210247482.346,0.0946044772863388,
6,navstack-1719303660243,navstack,Hospital,HandCrafted,,,1719306052,793860197,"builtin_interfaces.msg.Time(sec=1719306046, nanosec=853860139)",120.0,Handcrafted_LabStudy,1,1,"-2.0,16.5,0.5","-0.0,0.0,-0.0,-1.0","-9.75,1.75,0.0","-0.0,0.0,-0.0,-1.0",16.663558959960938,16.66208267211914,20.548248291015625,0,0,0,0,0,0,0,0.00125885009765625,0.0,4.0,0.0,674210247482.346,0.0946044772863388,
6,navstack-1719303660243,navstack,Hospital,HandCrafted,,,1719306052,813860177,"builtin_interfaces.msg.Time(sec=1719306046, nanosec=853860139)",120.0,Handcrafted_LabStudy,1,1,"-2.0,16.5,0.5","-0.0,0.0,-0.0,-1.0","-9.75,1.75,0.0","-0.0,0.0,-0.0,-1.0",16.663564682006836,16.66208267211914,20.548248291015625,0,0,0,0,0,0,0,0.00125885009765625,0.0,4.0,0.0,673497764407.4503,0.0946044772863388,
6,navstack-1719303660243,navstack,Hospital,HandCrafted,,,1719306052,833860158,"builtin_interfaces.msg.Time(sec=1719306046, nanosec=853860139)",120.0,Handcrafted_LabStudy,1,1,"-2.0,16.5,0.5","-0.0,0.0,-0.0,-1.0","-9.75,1.75,0.0","-0.0,0.0,-0.0,-1.0",16.663572311401367,16.66208267211914,20.548248291015625,0,0,0,0,0,0,0,0.00125885009765625,0.0,4.0,0.0,673499242376.6328,0.0946044772863388,
6,navstack-1719303660243,navstack,Hospital,HandCrafted,,,1719306052,853860139,"builtin_interfaces.msg.Time(sec=1719306046, nanosec=853860139)",120.0,Handcrafted_LabStudy,1,1,"-2.0,16.5,0.5","-0.0,0.0,-0.0,-1.0","-9.75,1.75,0.0","-0.0,0.0,-0.0,-1.0",16.66358184814453,16.66208267211914,20.548248291015625,0,0,0,0,0,0,0,0.00125885009765625,0.0,4.0,0.0,673647956655.0696,0.0946044772863388,
6,navstack-1719303660243,navstack,Hospital,HandCrafted,,,1719306052,873860120,"builtin_interfaces.msg.Time(sec=1719306046, nanosec=853860139)",120.0,Handcrafted_LabStudy,1,1,"-2.0,16.5,0.5","-0.0,0.0,-0.0,-1.0","-9.75,1.75,0.0","-0.0,0.0,-0.0,-1.0",16.663589477539062,16.66208267211914,20.548248291015625,0,0,0,0,0,0,0,0.00125885009765625,0.0,4.0,0.0,673805080068.5105,0.1892089545726776,
6,navstack-1719303660243,navstack,Hospital,HandCrafted,,,1719306052,893860101,"builtin_interfaces.msg.Time(sec=1719306046, nanosec=853860139)",120.0,Handcrafted_LabStudy,1,1,"-2.0,16.5,0.5","-0.0,0.0,-0.0,-1.0","-9.75,1.75,0.0","-0.0,0.0,-0.0,-1.0",16.663599014282227,16.66208267211914,20.548248291015625,0,0,0,0,0,0,0,0.00125885009765625,0.0,4.0,0.0,673090813237.7048,0.1892089545726776,
6,navstack-1719303660243,navstack,Hospital,HandCrafted,,,1719306052,913860082,"builtin_interfaces.msg.Time(sec=1719306046, nanosec=853860139)",120.0,Handcrafted_LabStudy,1,1,"-2.0,16.5,0.5","-0.0,0.0,-0.0,-1.0","-9.75,1.75,0.0","-0.0,0.0,-0.0,-1.0",16.663606643676758,16.66208267211914,20.548248291015625,0,0,0,0,0,0,0,0.00125885009765625,0.0,4.0,0.0,673244369139.3258,0.1892089545726776,
6,navstack-1719303660243,navstack,Hospital,HandCrafted,,,1719306052,933860063,"builtin_interfaces.msg.Time(sec=1719306046, nanosec=853860139)",120.0,Handcrafted_LabStudy,1,1,"-2.0,16.5,0.5","-0.0,0.0,-0.0,-1.0","-9.75,1.75,0.0","-0.0,0.0,-0.0,-1.0",16.663616180419922,16.66208267211914,20.408605575561523,0,0,0,0,0,0,0,0.001720428466796875,0.0,5.0,0.0,673359344948.8368,0.1892089545726776,
6,navstack-1719303660243,navstack,Hospital,HandCrafted,,,1719306052,953860044,"builtin_interfaces.msg.Time(sec=1719306046, nanosec=853860139)",120.0,Handcrafted_LabStudy,1,1,"-2.0,16.5,0.5","-0.0,0.0,-0.0,-1.0","-9.75,1.75,0.0","-0.0,0.0,-0.0,-1.0",16.66362190246582,16.66208267211914,20.408605575561523,0,0,0,0,0,0,0,0.001720428466796875,0.0,5.0,0.0,673458063097.3398,0.1892089545726776,
6,navstack-1719303660243,navstack,Hospital,HandCrafted,,,1719306052,953860044,"builtin_interfaces.msg.Time(sec=1719306046, nanosec=853860139)",120.0,Handcrafted_LabStudy,1,1,"-2.0,16.5,0.5","-0.0,0.0,-0.0,-1.0","-9.75,1.75,0.0","-0.0,0.0,-0.0,-1.0",16.66362190246582,16.66208267211914,20.408605575561523,0,0,0,0,0,0,0,0.001720428466796875,0.0,5.0,0.0,673458063097.3398,0.0946044772863388,
6,navstack-1719303660243,navstack,Hospital,HandCrafted,,,1719306052,953860044,"builtin_interfaces.msg.Time(sec=1719306046, nanosec=853860139)",120.0,Handcrafted_LabStudy,1,1,"-2.0,16.5,0.5","-0.0,0.0,-0.0,-1.0","-9.75,1.75,0.0","-0.0,0.0,-0.0,-1.0",16.66362190246582,16.66208267211914,20.408605575561523,0,0,0,0,0,0,0,0.001720428466796875,0.0,5.0,0.0,672740687434.8055,0.0,
6,navstack-1719303660243,navstack,Hospital,HandCrafted,,,1719306052,973860025,"builtin_interfaces.msg.Time(sec=1719306046, nanosec=853860139)",120.0,Handcrafted_LabStudy,1,1,"-2.0,16.5,0.5","-0.0,0.0,-0.0,-1.0","-9.75,1.75,0.0","-0.0,0.0,-0.0,-1.0",16.66362953186035,16.66208267211914,20.408605575561523,0,0,0,0,0,0,0,0.001720428466796875,0.0,5.0,0.0,672739413323.4413,0.0,
6,navstack-1719303660243,navstack,Hospital,HandCrafted,,,1719306052,993859767,"builtin_interfaces.msg.Time(sec=1719306046, nanosec=853860139)",120.0,Handcrafted_LabStudy,1,1,"-2.0,16.5,0.5","-0.0,0.0,-0.0,-1.0","-9.75,1.75,0.0","-0.0,0.0,-0.0,-1.0",16.663639068603516,16.66208267211914,20.408605575561523,0,0,0,0,0,0,0,0.001720428466796875,0.0,5.0,0.0,672861931872.2288,0.0946044772863388,
6,navstack-1719303660243,navstack,Hospital,HandCrafted,,,1719306053,13859748,"builtin_interfaces.msg.Time(sec=1719306046, nanosec=853860139)",120.0,Handcrafted_LabStudy,1,1,"-2.0,16.5,0.5","-0.0,0.0,-0.0,-1.0","-9.75,1.75,0.0","-0.0,0.0,-0.0,-1.0",16.663646697998047,16.66208267211914,20.408605575561523,0,0,0,0,0,0,0,0.001720428466796875,0.0,5.0,0.0,672148123721.5143,0.1892089545726776,
6,navstack-1719303660243,navstack,Hospital,HandCrafted,,,1719306053,33859968,"builtin_interfaces.msg.Time(sec=1719306046, nanosec=853860139)",120.0,Handcrafted_LabStudy,1,1,"-2.0,16.5,0.5","-0.0,0.0,-0.0,-1.0","-9.75,1.75,0.0","-0.0,0.0,-0.0,-1.0",16.66365623474121,16.66208267211914,20.408605575561523,0,0,0,0,0,0,0,0.001720428466796875,0.0,5.0,0.0,671966180618.6976,0.1892089545726776,
6,navstack-1719303660243,navstack,Hospital,HandCrafted,,,1719306053,53859949,"builtin_interfaces.msg.Time(sec=1719306046, nanosec=853860139)",120.0,Handcrafted_LabStudy,1,1,"-2.0,16.5,0.5","-0.0,0.0,-0.0,-1.0","-9.75,1.75,0.0","-0.0,0.0,-0.0,-1.0",16.663663864135742,16.66208267211914,20.408605575561523,0,0,0,0,0,0,0,0.001720428466796875,0.0,5.0,0.0,671792850508.7034,0.1892089545726776,
6,navstack-1719303660243,navstack,Hospital,HandCrafted,,,1719306053,73859930,"builtin_interfaces.msg.Time(sec=1719306046, nanosec=853860139)",120.0,Handcrafted_LabStudy,1,1,"-2.0,16.5,0.5","-0.0,0.0,-0.0,-1.0","-9.75,1.75,0.0","-0.0,0.0,-0.0,-1.0",16.66366958618164,16.66208267211914,20.408605575561523,0,0,0,0,0,0,0,0.001720428466796875,0.0,5.0,0.0,671579411372.962,0.0946044772863388,
6,navstack-1719303660243,navstack,Hospital,HandCrafted,,,1719306053,93859910,"builtin_interfaces.msg.Time(sec=1719306046, nanosec=853860139)",120.0,Handcrafted_LabStudy,1,1,"-2.0,16.5,0.5","-0.0,0.0,-0.0,-1.0","-9.75,1.75,0.0","-0.0,0.0,-0.0,-1.0",16.663679122924805,16.66208267211914,20.408605575561523,0,0,0,0,0,0,0,0.001720428466796875,0.0,5.0,0.0,672287307646.9463,0.0946044772863388,
6,navstack-1719303660243,navstack,Hospital,HandCrafted,,,1719306053,113859891,"builtin_interfaces.msg.Time(sec=1719306046, nanosec=853860139)",120.0,Handcrafted_LabStudy,1,1,"-2.0,16.5,0.5","-0.0,0.0,-0.0,-1.0","-9.75,1.75,0.0","-0.0,0.0,-0.0,-1.0",16.663686752319336,16.66208267211914,20.408605575561523,0,0,0,0,0,0,0,0.001720428466796875,0.0,5.0,0.0,672066376736.3832,0.1892089545726776,
6,navstack-1719303660243,navstack,Hospital,HandCrafted,,,1719306053,153859853,"builtin_interfaces.msg.Time(sec=1719306046, nanosec=853860139)",120.0,Handcrafted_LabStudy,1,1,"-2.0,16.5,0.5","-0.0,0.0,-0.0,-1.0","-9.75,1.75,0.0","-0.0,0.0,-0.0,-1.0",16.66370391845703,16.66208267211914,20.408605575561523,0,0,0,0,0,0,0,0.001720428466796875,0.0,5.0,0.0,671854517498.7336,0.0946044772863388,
6,navstack-1719303660243,navstack,Hospital,HandCrafted,,,1719306053,173859834,"builtin_interfaces.msg.Time(sec=1719306046, nanosec=853860139)",120.0,Handcrafted_LabStudy,1,1,"-2.0,16.5,0.5","-0.0,0.0,-0.0,-1.0","-9.75,1.75,0.0","-0.0,0.0,-0.0,-1.0",16.66370964050293,16.66208267211914,20.408605575561523,0,0,0,0,0,0,0,0.001720428466796875,0.0,5.0,0.0,671609174614.4313,0.0,
6,navstack-1719303660243,navstack,Hospital,HandCrafted,,,1719306053,193859815,"builtin_interfaces.msg.Time(sec=1719306046, nanosec=853860139)",120.0,Handcrafted_LabStudy,1,1,"-2.0,16.5,0.5","-0.0,0.0,-0.0,-1.0","-9.75,1.75,0.0","-0.0,0.0,-0.0,-1.0",16.663721084594727,16.66208267211914,20.408605575561523,0,0,0,0,0,0,0,0.001720428466796875,0.0,5.0,0.0,671392983398.1432,0.0946044772863388,
6,navstack-1719303660243,navstack,Hospital,HandCrafted,,,1719306053,213859796,"builtin_interfaces.msg.Time(sec=1719306046, nanosec=853860139)",120.0,Handcrafted_LabStudy,1,1,"-2.0,16.5,0.5","-0.0,0.0,-0.0,-1.0","-9.75,1.75,0.0","-0.0,0.0,-0.0,-1.0",16.663726806640625,16.66208267211914,20.408605575561523,0,0,0,0,0,0,0,0.001720428466796875,0.0,5.0,0.0,671124196864.7384,0.1892089545726776,
6,navstack-1719303660243,navstack,Hospital,HandCrafted,,,1719306053,253859519,"builtin_interfaces.msg.Time(sec=1719306046, nanosec=853860139)",120.0,Handcrafted_LabStudy,1,1,"-2.0,16.5,0.5","-0.0,0.0,-0.0,-1.0","-9.75,1.75,0.0","-0.0,0.0,-0.0,-1.0",16.66374397277832,16.66208267211914,20.408605575561523,0,0,0,0,0,0,0,0.001720428466796875,0.0,5.0,0.0,670663172408.6936,0.0946044772863388,
6,navstack-1719303660243,navstack,Hospital,HandCrafted,,,1719306053,273860216,"builtin_interfaces.msg.Time(sec=1719306046, nanosec=853860139)",120.0,Handcrafted_LabStudy,1,1,"-2.0,16.5,0.5","-0.0,0.0,-0.0,-1.0","-9.75,1.75,0.0","-0.0,0.0,-0.0,-1.0",16.663753509521484,16.66208267211914,20.408605575561523,0,0,0,0,0,0,0,0.001720428466796875,0.0,5.0,0.0,670226814748.661,0.0946044772863388,
6,navstack-1719303660243,navstack,Hospital,HandCrafted,,,1719306053,293860197,"builtin_interfaces.msg.Time(sec=1719306046, nanosec=853860139)",120.0,Handcrafted_LabStudy,1,1,"-2.0,16.5,0.5","-0.0,0.0,-0.0,-1.0","-9.75,1.75,0.0","-0.0,0.0,-0.0,-1.0",16.663761138916016,16.66208267211914,20.408605575561523,0,0,0,0,0,0,0,0.001720428466796875,0.0,5.0,0.0,670931449297.5527,0.1892089545726776,
6,navstack-1719303660243,navstack,Hospital,HandCrafted,,,1719306053,313860177,"builtin_interfaces.msg.Time(sec=1719306046, nanosec=853860139)",120.0,Handcrafted_LabStudy,1,1,"-2.0,16.5,0.5","-0.0,0.0,-0.0,-1.0","-9.75,1.75,0.0","-0.0,0.0,-0.0,-1.0",16.663768768310547,16.66208267211914,20.408605575561523,0,0,0,0,0,0,0,0.001720428466796875,0.0,5.0,0.0,670607875975.4846,0.0946044772863388,
6,navstack-1719303660243,navstack,Hospital,HandCrafted,,,1719306053,333860158,"builtin_interfaces.msg.Time(sec=1719306046, nanosec=853860139)",120.0,Handcrafted_LabStudy,1,1,"-2.0,16.5,0.5","-0.0,0.0,-0.0,-1.0","-9.75,1.75,0.0","-0.0,0.0,-0.0,-1.0",16.66377830505371,16.66208267211914,20.408605575561523,0,0,0,0,0,0,0,0.001720428466796875,0.0,5.0,0.0,670309377165.0652,0.0946044772863388,
6,navstack-1719303660243,navstack,Hospital,HandCrafted,,,1719306053,353860139,"builtin_interfaces.msg.Time(sec=1719306046, nanosec=853860139)",120.0,Handcrafted_LabStudy,1,1,"-2.0,16.5,0.5","-0.0,0.0,-0.0,-1.0","-9.75,1.75,0.0","-0.0,0.0,-0.0,-1.0",16.66378402709961,16.66208267211914,20.408605575561523,0,0,0,0,0,0,0,0.001720428466796875,0.0,5.0,0.0,669928468831.6052,0.1892089545726776,
6,navstack-1719303660243,navstack,Hospital,HandCrafted,,,1719306053,373860120,"builtin_interfaces.msg.Time(sec=1719306046, nanosec=853860139)",120.0,Handcrafted_LabStudy,1,1,"-2.0,16.5,0.5","-0.0,0.0,-0.0,-1.0","-9.75,1.75,0.0","-0.0,0.0,-0.0,-1.0",16.663795471191406,16.66208267211914,20.408605575561523,0,0,0,0,0,0,0,0.001720428466796875,0.0,5.0,0.0,670634530385.225,0.1892089545726776,
6,navstack-1719303660243,navstack,Hospital,HandCrafted,,,1719306053,393860101,"builtin_interfaces.msg.Time(sec=1719306046, nanosec=853860139)",120.0,Handcrafted_LabStudy,1,1,"-2.0,16.5,0.5","-0.0,0.0,-0.0,-1.0","-9.75,1.75,0.0","-0.0,0.0,-0.0,-1.0",16.663801193237305,16.66208267211914,20.408605575561523,0,0,0,0,0,0,0,0.001720428466796875,0.0,5.0,0.0,670186858616.2777,0.1892089545726776,
6,navstack-1719303660243,navstack,Hospital,HandCrafted,,,1719306053,413860082,"builtin_interfaces.msg.Time(sec=1719306046, nanosec=853860139)",120.0,Handcrafted_LabStudy,1,1,"-2.0,16.5,0.5","-0.0,0.0,-0.0,-1.0","-9.75,1.75,0.0","-0.0,0.0,-0.0,-1.0",16.663808822631836,16.66208267211914,20.408605575561523,0,0,0,0,0,0,0,0.001720428466796875,0.0,5.0,0.0,669755087757.1564,0.0946044772863388,
6,navstack-1719303660243,navstack,Hospital,HandCrafted,,,1719306053,453860044,"builtin_interfaces.msg.Time(sec=1719306046, nanosec=853860139)",120.0,Handcrafted_LabStudy,1,1,"-2.0,16.5,0.5","-0.0,0.0,-0.0,-1.0","-9.75,1.75,0.0","-0.0,0.0,-0.0,-1.0",16.66382598876953,16.66208267211914,20.408605575561523,0,0,0,0,0,0,0,0.001720428466796875,0.0,5.0,0.0,669351194454.6852,0.0,
6,navstack-1719303660243,navstack,Hospital,HandCrafted,,,1719306053,473860025,"builtin_interfaces.msg.Time(sec=1719306046, nanosec=853860139)",120.0,Handcrafted_LabStudy,1,1,"-2.0,16.5,0.5","-0.0,0.0,-0.0,-1.0","-9.75,1.75,0.0","-0.0,0.0,-0.0,-1.0",16.663835525512695,16.66208267211914,20.408605575561523,0,0,0,0,0,0,0,0.001720428466796875,0.0,5.0,0.0,668862445335.3541,0.0946044772863388,
6,navstack-1719303660243,navstack,Hospital,HandCrafted,,,1719306053,493859767,"builtin_interfaces.msg.Time(sec=1719306046, nanosec=853860139)",120.0,Handcrafted_LabStudy,1,1,"-2.0,16.5,0.5","-0.0,0.0,-0.0,-1.0","-9.75,1.75,0.0","-0.0,0.0,-0.0,-1.0",16.663841247558594,16.66208267211914,20.408605575561523,0,0,0,0,0,0,0,0.001720428466796875,0.0,5.0,0.0,669863845903.2098,0.1892089545726776,
6,navstack-1719303660243,navstack,Hospital,HandCrafted,,,1719306053,513859748,"builtin_interfaces.msg.Time(sec=1719306046, nanosec=853860139)",120.0,Handcrafted_LabStudy,1,1,"-2.0,16.5,0.5","-0.0,0.0,-0.0,-1.0","-9.75,1.75,0.0","-0.0,0.0,-0.0,-1.0",16.66385269165039,16.66208267211914,20.408605575561523,0,0,0,0,0,0,0,0.001720428466796875,0.0,5.0,0.0,669435234840.272,0.1892089545726776,
6,navstack-1719303660243,navstack,Hospital,HandCrafted,,,1719306053,553859949,"builtin_interfaces.msg.Time(sec=1719306046, nanosec=853860139)",120.0,Handcrafted_LabStudy,1,1,"-2.0,16.5,0.5","-0.0,0.0,-0.0,-1.0","-9.75,1.75,0.0","-0.0,0.0,-0.0,-1.0",16.66386604309082,16.66208267211914,20.408605575561523,0,0,0,0,0,0,0,0.001720428466796875,0.0,5.0,0.0,668907956593.2855,0.1892089545726776,
6,navstack-1719303660243,navstack,Hospital,HandCrafted,,,1719306053,573859930,"builtin_interfaces.msg.Time(sec=1719306046, nanosec=853860139)",120.0,Handcrafted_LabStudy,1,1,"-2.0,16.5,0.5","-0.0,0.0,-0.0,-1.0","-9.75,1.75,0.0","-0.0,0.0,-0.0,-1.0",16.663875579833984,16.66208267211914,20.408605575561523,0,0,0,0,0,0,0,0.001720428466796875,0.0,5.0,0.0,668424049097.1387,0.1892089545726776,
6,navstack-1719303660243,navstack,Hospital,HandCrafted,,,1719306053,593859910,"builtin_interfaces.msg.Time(sec=1719306046, nanosec=853860139)",120.0,Handcrafted_LabStudy,1,1,"-2.0,16.5,0.5","-0.0,0.0,-0.0,-1.0","-9.75,1.75,0.0","-0.0,0.0,-0.0,-1.0",16.663883209228516,16.66208267211914,20.408605575561523,0,0,0,0,0,0,0,0.001720428466796875,0.0,5.0,0.0,669425092913.8124,0.1892089545726776,
6,navstack-1719303660243,navstack,Hospital,HandCrafted,,,1719306053,613859891,"builtin_interfaces.msg.Time(sec=1719306046, nanosec=853860139)",120.0,Handcrafted_LabStudy,1,1,"-2.0,16.5,0.5","-0.0,0.0,-0.0,-1.0","-9.75,1.75,0.0","-0.0,0.0,-0.0,-1.0",16.66389274597168,16.66208267211914,20.408605575561523,0,0,0,0,0,0,0,0.001720428466796875,0.0,5.0,0.0,669033227222.6199,0.1892089545726776,
6,navstack-1719303660243,navstack,Hospital,HandCrafted,,,1719306053,633859872,"builtin_interfaces.msg.Time(sec=1719306046, nanosec=853860139)",120.0,Handcrafted_LabStudy,1,1,"-2.0,16.5,0.5","-0.0,0.0,-0.0,-1.0","-9.75,1.75,0.0","-0.0,0.0,-0.0,-1.0",16.66390037536621,16.66208267211914,20.408605575561523,0,0,0,0,0,0,0,0.001720428466796875,0.0,5.0,0.0,668729733895.6525,0.1892089545726776,
6,navstack-1719303660243,navstack,Hospital,HandCrafted,,,1719306053,653859853,"builtin_interfaces.msg.Time(sec=1719306046, nanosec=853860139)",120.0,Handcrafted_LabStudy,1,1,"-2.0,16.5,0.5","-0.0,0.0,-0.0,-1.0","-9.75,1.75,0.0","-0.0,0.0,-0.0,-1.0",16.66390609741211,16.66208267211914,20.408605575561523,0,0,0,0,0,0,0,0.001720428466796875,0.0,5.0,0.0,668461406042.3387,0.0946044772863388,
6,navstack-1719303660243,navstack,Hospital,HandCrafted,,,1719306053,753859519,"builtin_interfaces.msg.Time(sec=1719306046, nanosec=853860139)",120.0,Handcrafted_LabStudy,1,1,"-2.0,16.5,0.5","-0.0,0.0,-0.0,-1.0","-9.75,1.75,0.0","-0.0,0.0,-0.0,-1.0",16.6639461517334,16.66208267211914,20.408605575561523,0,0,0,0,0,0,0,0.001720428466796875,0.0,5.0,0.0,667921335717.2552,0.0,
6,navstack-1719303660243,navstack,Hospital,HandCrafted,,,1719306053,773860216,"builtin_interfaces.msg.Time(sec=1719306046, nanosec=853860139)",120.0,Handcrafted_LabStudy,1,1,"-2.0,16.5,0.5","-0.0,0.0,-0.0,-1.0","-9.75,1.75,0.0","-0.0,0.0,-0.0,-1.0",16.663957595825195,16.66208267211914,20.408605575561523,0,0,0,0,0,0,0,0.001720428466796875,0.0,5.0,0.0,666699208096.6545,0.0946044772863388,
6,navstack-1719303660243,navstack,Hospital,HandCrafted,,,1719306053,773860216,"builtin_interfaces.msg.Time(sec=1719306046, nanosec=853860139)",120.0,Handcrafted_LabStudy,1,1,"-2.0,16.5,0.5","-0.0,0.0,-0.0,-1.0","-9.75,1.75,0.0","-0.0,0.0,-0.0,-1.0",16.663957595825195,16.66208267211914,20.408605575561523,0,0,0,0,0,0,0,0.001720428466796875,0.0,5.0,0.0,668571846015.3931,0.0946044772863388,
6,navstack-1719303660243,navstack,Hospital,HandCrafted,,,1719306053,773860216,"builtin_interfaces.msg.Time(sec=1719306046, nanosec=853860139)",120.0,Handcrafted_LabStudy,1,1,"-2.0,16.5,0.5","-0.0,0.0,-0.0,-1.0","-9.75,1.75,0.0","-0.0,0.0,-0.0,-1.0",16.663957595825195,16.66208267211914,20.408605575561523,0,0,0,0,0,0,0,0.001720428466796875,0.0,5.0,0.0,668571846015.3931,0.0,
6,navstack-1719303660243,navstack,Hospital,HandCrafted,,,1719306053,793860197,"builtin_interfaces.msg.Time(sec=1719306046, nanosec=853860139)",120.0,Handcrafted_LabStudy,1,1,"-2.0,16.5,0.5","-0.0,0.0,-0.0,-1.0","-9.75,1.75,0.0","-0.0,0.0,-0.0,-1.0",16.663963317871094,16.66208267211914,20.408605575561523,0,0,0,0,0,0,0,0.001720428466796875,0.0,5.0,0.0,668564252311.6621,0.0946044772863388,
6,navstack-1719303660243,navstack,Hospital,HandCrafted,,,1719306053,793860197,"builtin_interfaces.msg.Time(sec=1719306046, nanosec=853860139)",120.0,Handcrafted_LabStudy,1,1,"-2.0,16.5,0.5","-0.0,0.0,-0.0,-1.0","-9.75,1.75,0.0","-0.0,0.0,-0.0,-1.0",16.663963317871094,16.66208267211914,20.408605575561523,0,0,0,0,0,0,0,0.001720428466796875,0.0,5.0,0.0,668564252311.6621,0.0946044772863388,
6,navstack-1719303660243,navstack,Hospital,HandCrafted,,,1719306053,813860177,"builtin_interfaces.msg.Time(sec=1719306046, nanosec=853860139)",120.0,Handcrafted_LabStudy,1,1,"-2.0,16.5,0.5","-0.0,0.0,-0.0,-1.0","-9.75,1.75,0.0","-0.0,0.0,-0.0,-1.0",16.66397476196289,16.66208267211914,20.408605575561523,0,0,0,0,0,0,0,0.001720428466796875,0.0,5.0,0.0,668549013939.7455,0.0946044772863388,
6,navstack-1719303660243,navstack,Hospital,HandCrafted,,,1719306053,813860177,"builtin_interfaces.msg.Time(sec=1719306046, nanosec=853860139)",120.0,Handcrafted_LabStudy,1,1,"-2.0,16.5,0.5","-0.0,0.0,-0.0,-1.0","-9.75,1.75,0.0","-0.0,0.0,-0.0,-1.0",16.66397476196289,16.66208267211914,20.408605575561523,0,0,0,0,0,0,0,0.001720428466796875,0.0,5.0,0.0,668549013939.7455,0.0946044772863388,
6,navstack-1719303660243,navstack,Hospital,HandCrafted,,,1719306053,813860177,"builtin_interfaces.msg.Time(sec=1719306046, nanosec=853860139)",120.0,Handcrafted_LabStudy,1,1,"-2.0,16.5,0.5","-0.0,0.0,-0.0,-1.0","-9.75,1.75,0.0","-0.0,0.0,-0.0,-1.0",16.66397476196289,16.66208267211914,20.408605575561523,0,0,0,0,0,0,0,0.001720428466796875,0.0,5.0,0.0,668549013939.7455,0.0,
6,navstack-1719303660243,navstack,Hospital,HandCrafted,,,1719306053,833860158,"builtin_interfaces.msg.Time(sec=1719306046, nanosec=853860139)",120.0,Handcrafted_LabStudy,1,1,"-2.0,16.5,0.5","-0.0,0.0,-0.0,-1.0","-9.75,1.75,0.0","-0.0,0.0,-0.0,-1.0",16.66398048400879,16.66208267211914,20.408605575561523,0,0,0,0,0,0,0,0.001720428466796875,0.0,5.0,0.0,668532603385.3738,0.0946044772863388,
6,navstack-1719303660243,navstack,Hospital,HandCrafted,,,1719306053,853860139,"builtin_interfaces.msg.Time(sec=1719306046, nanosec=853860139)",120.0,Handcrafted_LabStudy,1,1,"-2.0,16.5,0.5","-0.0,0.0,-0.0,-1.0","-9.75,1.75,0.0","-0.0,0.0,-0.0,-1.0",16.663990020751953,16.66208267211914,20.408605575561523,0,0,0,0,0,0,0,0.001720428466796875,0.0,5.0,0.0,668515377399.729,0.1892089545726776,
6,navstack-1719303660243,navstack,Hospital,HandCrafted,,,1719306053,853860139,"builtin_interfaces.msg.Time(sec=1719306046, nanosec=853860139)",120.0,Handcrafted_LabStudy,1,1,"-2.0,16.5,0.5","-0.0,0.0,-0.0,-1.0","-9.75,1.75,0.0","-0.0,0.0,-0.0,-1.0",16.663990020751953,16.66208267211914,20.408605575561523,0,0,0,0,0,0,0,0.001720428466796875,0.0,5.0,0.0,668515377399.729,0.0946044772863388,
6,navstack-1719303660243,navstack,Hospital,HandCrafted,,,1719306053,873860120,"builtin_interfaces.msg.Time(sec=1719306046, nanosec=853860139)",120.0,Handcrafted_LabStudy,1,1,"-2.0,16.5,0.5","-0.0,0.0,-0.0,-1.0","-9.75,1.75,0.0","-0.0,0.0,-0.0,-1.0",16.663997650146484,16.66208267211914,20.408605575561523,0,0,0,0,0,0,0,0.001720428466796875,0.0,5.0,0.0,668495450297.992,0.0946044772863388,
6,navstack-1719303660243,navstack,Hospital,HandCrafted,,,1719306053,893860101,"builtin_interfaces.msg.Time(sec=1719306046, nanosec=853860139)",120.0,Handcrafted_LabStudy,1,1,"-2.0,16.5,0.5","-0.0,0.0,-0.0,-1.0","-9.75,1.75,0.0","-0.0,0.0,-0.0,-1.0",16.664003372192383,16.66208267211914,20.408605575561523,0,0,0,0,0,0,0,0.001720428466796875,0.0,5.0,0.0,668470120964.0703,0.0946044772863388,
6,navstack-1719303660243,navstack,Hospital,HandCrafted,,,1719306053,913860082,"builtin_interfaces.msg.Time(sec=1719306046, nanosec=853860139)",120.0,Handcrafted_LabStudy,1,1,"-2.0,16.5,0.5","-0.0,0.0,-0.0,-1.0","-9.75,1.75,0.0","-0.0,0.0,-0.0,-1.0",16.66401481628418,16.66208267211914,20.408605575561523,0,0,0,0,0,0,0,0.001720428466796875,0.0,5.0,0.0,668437656606.5089,0.0946044772863388,
6,navstack-1719303660243,navstack,Hospital,HandCrafted,,,1719306053,953860044,"builtin_interfaces.msg.Time(sec=1719306046, nanosec=853860139)",120.0,Handcrafted_LabStudy,1,1,"-2.0,16.5,0.5","-0.0,0.0,-0.0,-1.0","-9.75,1.75,0.0","-0.0,0.0,-0.0,-1.0",16.664031982421875,16.66208267211914,20.260103225708008,0,0,0,0,0,0,0,0.0021820068359375,0.0,6.0,0.0,668538922977.7405,0.0946044772863388,
6,navstack-1719303660243,navstack,Hospital,HandCrafted,,,1719306053,953860044,"builtin_interfaces.msg.Time(sec=1719306046, nanosec=853860139)",120.0,Handcrafted_LabStudy,1,1,"-2.0,16.5,0.5","-0.0,0.0,-0.0,-1.0","-9.75,1.75,0.0","-0.0,0.0,-0.0,-1.0",16.664031982421875,16.66208267211914,20.260103225708008,0,0,0,0,0,0,0,0.0021820068359375,0.0,6.0,0.0,667830924774.8472,0.0,
6,navstack-1719303660243,navstack,Hospital,HandCrafted,,,1719306053,973860025,"builtin_interfaces.msg.Time(sec=1719306046, nanosec=853860139)",120.0,Handcrafted_LabStudy,1,1,"-2.0,16.5,0.5","-0.0,0.0,-0.0,-1.0","-9.75,1.75,0.0","-0.0,0.0,-0.0,-1.0",16.664037704467773,16.66208267211914,20.260103225708008,0,0,0,0,0,0,0,0.0021820068359375,0.0,6.0,0.0,667823127213.2979,0.0946044772863388,
6,navstack-1719303660243,navstack,Hospital,HandCrafted,,,1719306053,993859767,"builtin_interfaces.msg.Time(sec=1719306046, nanosec=853860139)",120.0,Handcrafted_LabStudy,1,1,"-2.0,16.5,0.5","-0.0,0.0,-0.0,-1.0","-9.75,1.75,0.0","-0.0,0.0,-0.0,-1.0",16.664045333862305,16.66208267211914,20.260103225708008,0,0,0,0,0,0,0,0.0021820068359375,0.0,6.0,0.0,667943811041.7208,0.0946044772863388,
6,navstack-1719303660243,navstack,Hospital,HandCrafted,,,1719306054,13859748,"builtin_interfaces.msg.Time(sec=1719306046, nanosec=853860139)",120.0,Handcrafted_LabStudy,1,1,"-2.0,16.5,0.5","-0.0,0.0,-0.0,-1.0","-9.75,1.75,0.0","-0.0,0.0,-0.0,-1.0",16.66405487060547,16.66208267211914,20.260103225708008,0,0,0,0,0,0,0,0.0021820068359375,0.0,6.0,0.0,668262797562.8776,0.0946044772863388,
6,navstack-1719303660243,navstack,Hospital,HandCrafted,,,1719306054,33859968,"builtin_interfaces.msg.Time(sec=1719306046, nanosec=853860139)",120.0,Handcrafted_LabStudy,1,1,"-2.0,16.5,0.5","-0.0,0.0,-0.0,-1.0","-9.75,1.75,0.0","-0.0,0.0,-0.0,-1.0",16.6640625,16.66208267211914,20.260103225708008,0,0,0,0,0,0,0,0.0021820068359375,0.0,6.0,0.0,668555282567.6577,0.1892089545726776,
6,navstack-1719303660243,navstack,Hospital,HandCrafted,,,1719306054,53859949,"builtin_interfaces.msg.Time(sec=1719306046, nanosec=853860139)",120.0,Handcrafted_LabStudy,1,1,"-2.0,16.5,0.5","-0.0,0.0,-0.0,-1.0","-9.75,1.75,0.0","-0.0,0.0,-0.0,-1.0",16.664072036743164,16.66208267211914,20.260103225708008,0,0,0,0,0,0,0,0.0021820068359375,0.0,6.0,0.0,667838110762.9415,0.1892089545726776,
6,navstack-1719303660243,navstack,Hospital,HandCrafted,,,1719306054,73859930,"builtin_interfaces.msg.Time(sec=1719306046, nanosec=853860139)",120.0,Handcrafted_LabStudy,1,1,"-2.0,16.5,0.5","-0.0,0.0,-0.0,-1.0","-9.75,1.75,0.0","-0.0,0.0,-0.0,-1.0",16.664077758789062,16.66208267211914,20.260103225708008,0,0,0,0,0,0,0,0.0021820068359375,0.0,6.0,0.0,667829854521.3011,0.1892089545726776,
6,navstack-1719303660243,navstack,Hospital,HandCrafted,,,1719306054,93859910,"builtin_interfaces.msg.Time(sec=1719306046, nanosec=853860139)",120.0,Handcrafted_LabStudy,1,1,"-2.0,16.5,0.5","-0.0,0.0,-0.0,-1.0","-9.75,1.75,0.0","-0.0,0.0,-0.0,-1.0",16.66408920288086,16.66208267211914,20.260103225708008,0,0,0,0,0,0,0,0.0021820068359375,0.0,6.0,0.0,668071578929.329,0.1892089545726776,
6,navstack-1719303660243,navstack,Hospital,HandCrafted,,,1719306054,93859910,"builtin_interfaces.msg.Time(sec=1719306046, nanosec=853860139)",120.0,Handcrafted_LabStudy,1,1,"-2.0,16.5,0.5","-0.0,0.0,-0.0,-1.0","-9.75,1.75,0.0","-0.0,0.0,-0.0,-1.0",16.66408920288086,16.66208267211914,20.260103225708008,0,0,0,0,0,0,0,0.0021820068359375,0.0,6.0,0.0,668071578929.329,0.0946044772863388,
6,navstack-1719303660243,navstack,Hospital,HandCrafted,,,1719306054,113859891,"builtin_interfaces.msg.Time(sec=1719306046, nanosec=853860139)",120.0,Handcrafted_LabStudy,1,1,"-2.0,16.5,0.5","-0.0,0.0,-0.0,-1.0","-9.75,1.75,0.0","-0.0,0.0,-0.0,-1.0",16.664094924926758,16.66208267211914,20.260103225708008,0,0,0,0,0,0,0,0.0021820068359375,0.0,6.0,0.0,668213769757.5807,0.0946044772863388,
6,navstack-1719303660243,navstack,Hospital,HandCrafted,,,1719306054,113859891,"builtin_interfaces.msg.Time(sec=1719306046, nanosec=853860139)",120.0,Handcrafted_LabStudy,1,1,"-2.0,16.5,0.5","-0.0,0.0,-0.0,-1.0","-9.75,1.75,0.0","-0.0,0.0,-0.0,-1.0",16.664094924926758,16.66208267211914,20.260103225708008,0,0,0,0,0,0,0,0.0021820068359375,0.0,6.0,0.0,667506688914.8696,0.0946044772863388,
6,navstack-1719303660243,navstack,Hospital,HandCrafted,,,1719306054,133859872,"builtin_interfaces.msg.Time(sec=1719306046, nanosec=853860139)",120.0,Handcrafted_LabStudy,1,1,"-2.0,16.5,0.5","-0.0,0.0,-0.0,-1.0","-9.75,1.75,0.0","-0.0,0.0,-0.0,-1.0",16.66410255432129,16.66208267211914,20.260103225708008,0,0,0,0,0,0,0,0.0021820068359375,0.0,6.0,0.0,667505669625.7782,0.0,
6,navstack-1719303660243,navstack,Hospital,HandCrafted,,,1719306054,173859834,"builtin_interfaces.msg.Time(sec=1719306046, nanosec=853860139)",120.0,Handcrafted_LabStudy,1,1,"-2.0,16.5,0.5","-0.0,0.0,-0.0,-1.0","-9.75,1.75,0.0","-0.0,0.0,-0.0,-1.0",16.664119720458984,16.66208267211914,20.260103225708008,0,0,0,0,0,0,0,0.0021820068359375,0.0,6.0,0.0,667748617180.7158,0.0,
6,navstack-1719303660243,navstack,Hospital,HandCrafted,,,1719306054,193859815,"builtin_interfaces.msg.Time(sec=1719306046, nanosec=853860139)",120.0,Handcrafted_LabStudy,1,1,"-2.0,16.5,0.5","-0.0,0.0,-0.0,-1.0","-9.75,1.75,0.0","-0.0,0.0,-0.0,-1.0",16.66412925720215,16.66208267211914,20.260103225708008,0,0,0,0,0,0,0,0.0021820068359375,0.0,6.0,0.0,668026628280.3978,0.0946044772863388,
6,navstack-1719303660243,navstack,Hospital,HandCrafted,,,1719306054,213859796,"builtin_interfaces.msg.Time(sec=1719306046, nanosec=853860139)",120.0,Handcrafted_LabStudy,1,1,"-2.0,16.5,0.5","-0.0,0.0,-0.0,-1.0","-9.75,1.75,0.0","-0.0,0.0,-0.0,-1.0",16.664134979248047,16.66208267211914,20.260103225708008,0,0,0,0,0,0,0,0.0021820068359375,0.0,6.0,0.0,667318222361.8679,0.1892089545726776,
6,navstack-1719303660243,navstack,Hospital,HandCrafted,,,1719306054,233859777,"builtin_interfaces.msg.Time(sec=1719306046, nanosec=853860139)",120.0,Handcrafted_LabStudy,1,1,"-2.0,16.5,0.5","-0.0,0.0,-0.0,-1.0","-9.75,1.75,0.0","-0.0,0.0,-0.0,-1.0",16.664142608642578,16.66208267211914,20.260103225708008,0,0,0,0,0,0,0,0.0021820068359375,0.0,6.0,0.0,667593991025.5488,0.0946044772863388,
6,navstack-1719303660243,navstack,Hospital,HandCrafted,,,1719306054,253859519,"builtin_interfaces.msg.Time(sec=1719306046, nanosec=853860139)",120.0,Handcrafted_LabStudy,1,1,"-2.0,16.5,0.5","-0.0,0.0,-0.0,-1.0","-9.75,1.75,0.0","-0.0,0.0,-0.0,-1.0",16.664152145385742,16.66208267211914,20.260103225708008,0,0,0,0,0,0,0,0.0021820068359375,0.0,6.0,0.0,667811456353.2012,0.0946044772863388,
6,navstack-1719303660243,navstack,Hospital,HandCrafted,,,1719306054,273859500,"builtin_interfaces.msg.Time(sec=1719306046, nanosec=853860139)",120.0,Handcrafted_LabStudy,1,1,"-2.0,16.5,0.5","-0.0,0.0,-0.0,-1.0","-9.75,1.75,0.0","-0.0,0.0,-0.0,-1.0",16.664159774780273,16.66208267211914,20.260103225708008,0,0,0,0,0,0,0,0.0021820068359375,0.0,6.0,0.0,667104120688.2172,0.1892089545726776,
6,navstack-1719303660243,navstack,Hospital,HandCrafted,,,1719306054,293860197,"builtin_interfaces.msg.Time(sec=1719306046, nanosec=853860139)",120.0,Handcrafted_LabStudy,1,1,"-2.0,16.5,0.5","-0.0,0.0,-0.0,-1.0","-9.75,1.75,0.0","-0.0,0.0,-0.0,-1.0",16.664169311523438,16.66208267211914,20.260103225708008,0,0,0,0,0,0,0,0.0021820068359375,0.0,6.0,0.0,667341818904.334,0.1892089545726776,
6,navstack-1719303660243,navstack,Hospital,HandCrafted,,,1719306054,313860177,"builtin_interfaces.msg.Time(sec=1719306046, nanosec=853860139)",120.0,Handcrafted_LabStudy,1,1,"-2.0,16.5,0.5","-0.0,0.0,-0.0,-1.0","-9.75,1.75,0.0","-0.0,0.0,-0.0,-1.0",16.66417694091797,16.66208267211914,20.260103225708008,0,0,0,0,0,0,0,0.0021820068359375,0.0,6.0,0.0,667417042439.28,0.1892089545726776,
6,navstack-1719303660243,navstack,Hospital,HandCrafted,,,1719306054,353860139,"builtin_interfaces.msg.Time(sec=1719306046, nanosec=853860139)",120.0,Handcrafted_LabStudy,1,1,"-2.0,16.5,0.5","-0.0,0.0,-0.0,-1.0","-9.75,1.75,0.0","-0.0,0.0,-0.0,-1.0",16.664194107055664,16.66208267211914,20.260103225708008,0,0,0,0,0,0,0,0.0021820068359375,0.0,6.0,0.0,667327039212.5085,0.0946044772863388,
6,navstack-1719303660243,navstack,Hospital,HandCrafted,,,1719306054,373860120,"builtin_interfaces.msg.Time(sec=1719306046, nanosec=853860139)",120.0,Handcrafted_LabStudy,1,1,"-2.0,16.5,0.5","-0.0,0.0,-0.0,-1.0","-9.75,1.75,0.0","-0.0,0.0,-0.0,-1.0",16.664199829101562,16.66208267211914,20.260103225708008,0,0,0,0,0,0,0,0.0021820068359375,0.0,6.0,0.0,666621640196.7982,0.0,
6,navstack-1719303660243,navstack,Hospital,HandCrafted,,,1719306054,393860101,"builtin_interfaces.msg.Time(sec=1719306046, nanosec=853860139)",120.0,Handcrafted_LabStudy,1,1,"-2.0,16.5,0.5","-0.0,0.0,-0.0,-1.0","-9.75,1.75,0.0","-0.0,0.0,-0.0,-1.0",16.664209365844727,16.66208267211914,20.260103225708008,0,0,0,0,0,0,0,0.0021820068359375,0.0,6.0,0.0,666525011590.9326,0.0946044772863388,
6,navstack-1719303660243,navstack,Hospital,HandCrafted,,,1719306054,413860082,"builtin_interfaces.msg.Time(sec=1719306046, nanosec=853860139)",120.0,Handcrafted_LabStudy,1,1,"-2.0,16.5,0.5","-0.0,0.0,-0.0,-1.0","-9.75,1.75,0.0","-0.0,0.0,-0.0,-1.0",16.664216995239258,16.66208267211914,20.260103225708008,0,0,0,0,0,0,0,0.0021820068359375,0.0,6.0,0.0,666430523492.1589,0.1892089545726776,
6,navstack-1719303660243,navstack,Hospital,HandCrafted,,,1719306054,433860063,"builtin_interfaces.msg.Time(sec=1719306046, nanosec=853860139)",120.0,Handcrafted_LabStudy,1,1,"-2.0,16.5,0.5","-0.0,0.0,-0.0,-1.0","-9.75,1.75,0.0","-0.0,0.0,-0.0,-1.0",16.664226531982422,16.66208267211914,20.260103225708008,0,0,0,0,0,0,0,0.0021820068359375,0.0,6.0,0.0,666368550715.4011,0.1892089545726776,
6,navstack-1719303660243,navstack,Hospital,HandCrafted,,,1719306054,453860044,"builtin_interfaces.msg.Time(sec=1719306046, nanosec=853860139)",120.0,Handcrafted_LabStudy,1,1,"-2.0,16.5,0.5","-0.0,0.0,-0.0,-1.0","-9.75,1.75,0.0","-0.0,0.0,-0.0,-1.0",16.664234161376953,16.66208267211914,20.260103225708008,0,0,0,0,0,0,0,0.0021820068359375,0.0,6.0,0.0,666325638644.6528,0.1892089545726776,
6,navstack-1719303660243,navstack,Hospital,HandCrafted,,,1719306054,473860025,"builtin_interfaces.msg.Time(sec=1719306046, nanosec=853860139)",120.0,Handcrafted_LabStudy,1,1,"-2.0,16.5,0.5","-0.0,0.0,-0.0,-1.0","-9.75,1.75,0.0","-0.0,0.0,-0.0,-1.0",16.66423988342285,16.66208267211914,20.260103225708008,0,0,0,0,0,0,0,0.0021820068359375,0.0,6.0,0.0,666233902626.4259,0.0946044772863388,
6,navstack-1719303660243,navstack,Hospital,HandCrafted,,,1719306054,493859767,"builtin_interfaces.msg.Time(sec=1719306046, nanosec=853860139)",120.0,Handcrafted_LabStudy,1,1,"-2.0,16.5,0.5","-0.0,0.0,-0.0,-1.0","-9.75,1.75,0.0","-0.0,0.0,-0.0,-1.0",16.66425132751465,16.66208267211914,20.260103225708008,0,0,0,0,0,0,0,0.0021820068359375,0.0,6.0,0.0,665849070029.964,0.0946044772863388,
6,navstack-1719303660243,navstack,Hospital,HandCrafted,,,1719306054,533859968,"builtin_interfaces.msg.Time(sec=1719306046, nanosec=853860139)",120.0,Handcrafted_LabStudy,1,1,"-2.0,16.5,0.5","-0.0,0.0,-0.0,-1.0","-9.75,1.75,0.0","-0.0,0.0,-0.0,-1.0",16.664268493652344,16.66208267211914,20.260103225708008,0,0,0,0,0,0,0,0.0021820068359375,0.0,6.0,0.0,665297583667.0566,0.0946044772863388,
6,navstack-1719303660243,navstack,Hospital,HandCrafted,,,1719306054,533859968,"builtin_interfaces.msg.Time(sec=1719306046, nanosec=853860139)",120.0,Handcrafted_LabStudy,1,1,"-2.0,16.5,0.5","-0.0,0.0,-0.0,-1.0","-9.75,1.75,0.0","-0.0,0.0,-0.0,-1.0",16.664268493652344,16.66208267211914,20.260103225708008,0,0,0,0,0,0,0,0.0021820068359375,0.0,6.0,0.0,666000230602.2201,0.0,
6,navstack-1719303660243,navstack,Hospital,HandCrafted,,,1719306054,553859949,"builtin_interfaces.msg.Time(sec=1719306046, nanosec=853860139)",120.0,Handcrafted_LabStudy,1,1,"-2.0,16.5,0.5","-0.0,0.0,-0.0,-1.0","-9.75,1.75,0.0","-0.0,0.0,-0.0,-1.0",16.664274215698242,16.66208267211914,20.260103225708008,0,0,0,0,0,0,0,0.0021820068359375,0.0,6.0,0.0,666003747149.5854,0.0946044772863388,
6,navstack-1719303660243,navstack,Hospital,HandCrafted,,,1719306054,553859949,"builtin_interfaces.msg.Time(sec=1719306046, nanosec=853860139)",120.0,Handcrafted_LabStudy,1,1,"-2.0,16.5,0.5","-0.0,0.0,-0.0,-1.0","-9.75,1.75,0.0","-0.0,0.0,-0.0,-1.0",16.664274215698242,16.66208267211914,20.260103225708008,0,0,0,0,0,0,0,0.0021820068359375,0.0,6.0,0.0,666003747149.5854,0.0946044772863388,
6,navstack-1719303660243,navstack,Hospital,HandCrafted,,,1719306054,573859930,"builtin_interfaces.msg.Time(sec=1719306046, nanosec=853860139)",120.0,Handcrafted_LabStudy,1,1,"-2.0,16.5,0.5","-0.0,0.0,-0.0,-1.0","-9.75,1.75,0.0","-0.0,0.0,-0.0,-1.0",16.664281845092773,16.66208267211914,20.260103225708008,0,0,0,0,0,0,0,0.0021820068359375,0.0,6.0,0.0,665752441424.0984,0.0,
6,navstack-1719303660243,navstack,Hospital,HandCrafted,,,1719306054,593859910,"builtin_interfaces.msg.Time(sec=1719306046, nanosec=853860139)",120.0,Handcrafted_LabStudy,1,1,"-2.0,16.5,0.5","-0.0,0.0,-0.0,-1.0","-9.75,1.75,0.0","-0.0,0.0,-0.0,-1.0",16.664291381835938,16.66208267211914,20.260103225708008,0,0,0,0,0,0,0,0.0021820068359375,0.0,6.0,0.0,665423262012.0275,0.0946044772863388,
6,navstack-1719303660243,navstack,Hospital,HandCrafted,,,1719306054,633859872,"builtin_interfaces.msg.Time(sec=1719306046, nanosec=853860139)",120.0,Handcrafted_LabStudy,1,1,"-2.0,16.5,0.5","-0.0,0.0,-0.0,-1.0","-9.75,1.75,0.0","-0.0,0.0,-0.0,-1.0",16.664308547973633,16.66208267211914,20.260103225708008,0,0,0,0,0,0,0,0.0021820068359375,0.0,6.0,0.0,664900417672.5887,0.0946044772863388,
6,navstack-1719303660243,navstack,Hospital,HandCrafted,,,1719306054,653859853,"builtin_interfaces.msg.Time(sec=1719306046, nanosec=853860139)",120.0,Handcrafted_LabStudy,1,1,"-2.0,16.5,0.5","-0.0,0.0,-0.0,-1.0","-9.75,1.75,0.0","-0.0,0.0,-0.0,-1.0",16.66431427001953,16.66208267211914,20.260103225708008,0,0,0,0,0,0,0,0.0021820068359375,0.0,6.0,0.0,665900849915.8076,0.0946044772863388,
6,navstack-1719303660243,navstack,Hospital,HandCrafted,,,1719306054,673859834,"builtin_interfaces.msg.Time(sec=1719306046, nanosec=853860139)",120.0,Handcrafted_LabStudy,1,1,"-2.0,16.5,0.5","-0.0,0.0,-0.0,-1.0","-9.75,1.75,0.0","-0.0,0.0,-0.0,-1.0",16.664325714111328,16.66208267211914,20.260103225708008,0,0,0,0,0,0,0,0.0021820068359375,0.0,6.0,0.0,665327346908.5258,0.1892089545726776,
6,navstack-1719303660243,navstack,Hospital,HandCrafted,,,1719306054,673859834,"builtin_interfaces.msg.Time(sec=1719306046, nanosec=853860139)",120.0,Handcrafted_LabStudy,1,1,"-2.0,16.5,0.5","-0.0,0.0,-0.0,-1.0","-9.75,1.75,0.0","-0.0,0.0,-0.0,-1.0",16.664325714111328,16.66208267211914,20.260103225708008,0,0,0,0,0,0,0,0.0021820068359375,0.0,6.0,0.0,665327346908.5258,0.0946044772863388,
6,navstack-1719303660243,navstack,Hospital,HandCrafted,,,1719306054,693859815,"builtin_interfaces.msg.Time(sec=1719306046, nanosec=853860139)",120.0,Handcrafted_LabStudy,1,1,"-2.0,16.5,0.5","-0.0,0.0,-0.0,-1.0","-9.75,1.75,0.0","-0.0,0.0,-0.0,-1.0",16.664331436157227,16.66208267211914,20.260103225708008,0,0,0,0,0,0,0,0.0021820068359375,0.0,6.0,0.0,664981655013.1741,0.0946044772863388,
6,navstack-1719303660243,navstack,Hospital,HandCrafted,,,1719306054,693859815,"builtin_interfaces.msg.Time(sec=1719306046, nanosec=853860139)",120.0,Handcrafted_LabStudy,1,1,"-2.0,16.5,0.5","-0.0,0.0,-0.0,-1.0","-9.75,1.75,0.0","-0.0,0.0,-0.0,-1.0",16.664331436157227,16.66208267211914,20.260103225708008,0,0,0,0,0,0,0,0.0021820068359375,0.0,6.0,0.0,664981655013.1741,0.0946044772863388,
6,navstack-1719303660243,navstack,Hospital,HandCrafted,,,1719306054,713859796,"builtin_interfaces.msg.Time(sec=1719306046, nanosec=853860139)",120.0,Handcrafted_LabStudy,1,1,"-2.0,16.5,0.5","-0.0,0.0,-0.0,-1.0","-9.75,1.75,0.0","-0.0,0.0,-0.0,-1.0",16.664339065551758,16.66208267211914,20.260103225708008,0,0,0,0,0,0,0,0.0021820068359375,0.0,6.0,0.0,664580717649.068,0.0,
6,navstack-1719303660243,navstack,Hospital,HandCrafted,,,1719306054,733859777,"builtin_interfaces.msg.Time(sec=1719306046, nanosec=853860139)",120.0,Handcrafted_LabStudy,1,1,"-2.0,16.5,0.5","-0.0,0.0,-0.0,-1.0","-9.75,1.75,0.0","-0.0,0.0,-0.0,-1.0",16.664348602294922,16.66208267211914,20.260103225708008,0,0,0,0,0,0,0,0.0021820068359375,0.0,6.0,0.0,664339502885.5858,0.0946044772863388,
6,navstack-1719303660243,navstack,Hospital,HandCrafted,,,1719306054,753859519,"builtin_interfaces.msg.Time(sec=1719306046, nanosec=853860139)",120.0,Handcrafted_LabStudy,1,1,"-2.0,16.5,0.5","-0.0,0.0,-0.0,-1.0","-9.75,1.75,0.0","-0.0,0.0,-0.0,-1.0",16.664356231689453,16.66208267211914,20.260103225708008,0,0,0,0,0,0,0,0.0021820068359375,0.0,6.0,0.0,665048112661.9341,0.1892089545726776,
6,navstack-1719303660243,navstack,Hospital,HandCrafted,,,1719306054,753859519,"builtin_interfaces.msg.Time(sec=1719306046, nanosec=853860139)",120.0,Handcrafted_LabStudy,1,1,"-2.0,16.5,0.5","-0.0,0.0,-0.0,-1.0","-9.75,1.75,0.0","-0.0,0.0,-0.0,-1.0",16.664356231689453,16.66208267211914,20.260103225708008,0,0,0,0,0,0,0,0.0021820068359375,0.0,6.0,0.0,665048112661.9341,0.0946044772863388,
6,navstack-1719303660243,navstack,Hospital,HandCrafted,,,1719306054,773859500,"builtin_interfaces.msg.Time(sec=1719306046, nanosec=853860139)",120.0,Handcrafted_LabStudy,1,1,"-2.0,16.5,0.5","-0.0,0.0,-0.0,-1.0","-9.75,1.75,0.0","-0.0,0.0,-0.0,-1.0",16.664365768432617,16.66208267211914,20.260103225708008,0,0,0,0,0,0,0,0.0021820068359375,0.0,6.0,0.0,664738248778.1454,0.0946044772863388,
6,navstack-1719303660243,navstack,Hospital,HandCrafted,,,1719306054,773859500,"builtin_interfaces.msg.Time(sec=1719306046, nanosec=853860139)",120.0,Handcrafted_LabStudy,1,1,"-2.0,16.5,0.5","-0.0,0.0,-0.0,-1.0","-9.75,1.75,0.0","-0.0,0.0,-0.0,-1.0",16.664365768432617,16.66208267211914,20.260103225708008,0,0,0,0,0,0,0,0.0021820068359375,0.0,6.0,0.0,665439519673.0355,0.0946044772863388,
6,navstack-1719303660243,navstack,Hospital,HandCrafted,,,1719306054,773859500,"builtin_interfaces.msg.Time(sec=1719306046, nanosec=853860139)",120.0,Handcrafted_LabStudy,1,1,"-2.0,16.5,0.5","-0.0,0.0,-0.0,-1.0","-9.75,1.75,0.0","-0.0,0.0,-0.0,-1.0",16.664365768432617,16.66208267211914,20.260103225708008,0,0,0,0,0,0,0,0.0021820068359375,0.0,6.0,0.0,665439519673.0355,0.0,
6,navstack-1719303660243,navstack,Hospital,HandCrafted,,,1719306054,813860177,"builtin_interfaces.msg.Time(sec=1719306046, nanosec=853860139)",120.0,Handcrafted_LabStudy,1,1,"-2.0,16.5,0.5","-0.0,0.0,-0.0,-1.0","-9.75,1.75,0.0","-0.0,0.0,-0.0,-1.0",16.664379119873047,16.66208267211914,20.260103225708008,0,0,0,0,0,0,0,0.0021820068359375,0.0,6.0,0.0,665446450838.857,0.0946044772863388,
6,navstack-1719303660243,navstack,Hospital,HandCrafted,,,1719306054,813860177,"builtin_interfaces.msg.Time(sec=1719306046, nanosec=853860139)",120.0,Handcrafted_LabStudy,1,1,"-2.0,16.5,0.5","-0.0,0.0,-0.0,-1.0","-9.75,1.75,0.0","-0.0,0.0,-0.0,-1.0",16.664379119873047,16.66208267211914,20.260103225708008,0,0,0,0,0,0,0,0.0021820068359375,0.0,6.0,0.0,665446450838.857,0.0946044772863388,
6,navstack-1719303660243,navstack,Hospital,HandCrafted,,,1719306054,833860158,"builtin_interfaces.msg.Time(sec=1719306046, nanosec=853860139)",120.0,Handcrafted_LabStudy,1,1,"-2.0,16.5,0.5","-0.0,0.0,-0.0,-1.0","-9.75,1.75,0.0","-0.0,0.0,-0.0,-1.0",16.66438865661621,16.66208267211914,20.260103225708008,0,0,0,0,0,0,0,0.0021820068359375,0.0,6.0,0.0,664999492572.2738,0.0946044772863388,
6,navstack-1719303660243,navstack,Hospital,HandCrafted,,,1719306054,853860139,"builtin_interfaces.msg.Time(sec=1719306046, nanosec=853860139)",120.0,Handcrafted_LabStudy,1,1,"-2.0,16.5,0.5","-0.0,0.0,-0.0,-1.0","-9.75,1.75,0.0","-0.0,0.0,-0.0,-1.0",16.664396286010742,16.66208267211914,20.260103225708008,0,0,0,0,0,0,0,0.0021820068359375,0.0,6.0,0.0,664662005954.1079,0.1892089545726776,
6,navstack-1719303660243,navstack,Hospital,HandCrafted,,,1719306054,873859643,"builtin_interfaces.msg.Time(sec=1719306046, nanosec=853860139)",120.0,Handcrafted_LabStudy,1,1,"-2.0,16.5,0.5","-0.0,0.0,-0.0,-1.0","-9.75,1.75,0.0","-0.0,0.0,-0.0,-1.0",16.664405822753906,16.66208267211914,20.260103225708008,0,0,0,0,0,0,0,0.0021820068359375,0.0,6.0,0.0,664476189552.7439,0.1892089545726776,
6,navstack-1719303660243,navstack,Hospital,HandCrafted,,,1719306054,893860101,"builtin_interfaces.msg.Time(sec=1719306046, nanosec=853860139)",120.0,Handcrafted_LabStudy,1,1,"-2.0,16.5,0.5","-0.0,0.0,-0.0,-1.0","-9.75,1.75,0.0","-0.0,0.0,-0.0,-1.0",16.664413452148438,16.66208267211914,20.260103225708008,0,0,0,0,0,0,0,0.0021820068359375,0.0,6.0,0.0,664296998530.474,0.1892089545726776,
6,navstack-1719303660243,navstack,Hospital,HandCrafted,,,1719306054,913859605,"builtin_interfaces.msg.Time(sec=1719306046, nanosec=853860139)",120.0,Handcrafted_LabStudy,1,1,"-2.0,16.5,0.5","-0.0,0.0,-0.0,-1.0","-9.75,1.75,0.0","-0.0,0.0,-0.0,-1.0",16.6644229888916,16.66208267211914,20.260103225708008,0,0,0,0,0,0,0,0.0021820068359375,0.0,6.0,0.0,664119234512.9321,0.1892089545726776,
6,navstack-1719303660243,navstack,Hospital,HandCrafted,,,1719306054,933860063,"builtin_interfaces.msg.Time(sec=1719306046, nanosec=853860139)",120.0,Handcrafted_LabStudy,1,1,"-2.0,16.5,0.5","-0.0,0.0,-0.0,-1.0","-9.75,1.75,0.0","-0.0,0.0,-0.0,-1.0",16.664430618286133,16.66208267211914,20.260103225708008,0,0,0,0,0,0,0,0.0021820068359375,0.0,6.0,0.0,663907477204.1917,0.1892089545726776,
6,navstack-1719303660243,navstack,Hospital,HandCrafted,,,1719306054,933860063,"builtin_interfaces.msg.Time(sec=1719306046, nanosec=853860139)",120.0,Handcrafted_LabStudy,1,1,"-2.0,16.5,0.5","-0.0,0.0,-0.0,-1.0","-9.75,1.75,0.0","-0.0,0.0,-0.0,-1.0",16.664430618286133,16.66208267211914,20.121736526489258,0,0,0,0,0,0,0,0.002651214599609375,0.0,7.0,0.0,663907477204.1917,0.0946044772863388,
6,navstack-1719303660243,navstack,Hospital,HandCrafted,,,1719306054,953859567,"builtin_interfaces.msg.Time(sec=1719306046, nanosec=853860139)",120.0,Handcrafted_LabStudy,1,1,"-2.0,16.5,0.5","-0.0,0.0,-0.0,-1.0","-9.75,1.75,0.0","-0.0,0.0,-0.0,-1.0",16.66443634033203,16.66208267211914,20.121736526489258,0,0,0,0,0,0,0,0.002651214599609375,0.0,7.0,0.0,663733382627.3788,0.0,
6,navstack-1719303660243,navstack,Hospital,HandCrafted,,,1719306054,973860025,"builtin_interfaces.msg.Time(sec=1719306046, nanosec=853860139)",120.0,Handcrafted_LabStudy,1,1,"-2.0,16.5,0.5","-0.0,0.0,-0.0,-1.0","-9.75,1.75,0.0","-0.0,0.0,-0.0,-1.0",16.664445877075195,16.66208267211914,20.121736526489258,0,0,0,0,0,0,0,0.002651214599609375,0.0,7.0,0.0,664430372508.085,0.0946044772863388,
6,navstack-1719303660243,navstack,Hospital,HandCrafted,,,1719306054,973860025,"builtin_interfaces.msg.Time(sec=1719306046, nanosec=853860139)",120.0,Handcrafted_LabStudy,1,1,"-2.0,16.5,0.5","-0.0,0.0,-0.0,-1.0","-9.75,1.75,0.0","-0.0,0.0,-0.0,-1.0",16.664445877075195,16.66208267211914,20.121736526489258,0,0,0,0,0,0,0,0.002651214599609375,0.0,7.0,0.0,664430372508.085,0.0946044772863388,
6,navstack-1719303660243,navstack,Hospital,HandCrafted,,,1719306054,993859291,"builtin_interfaces.msg.Time(sec=1719306046, nanosec=853860139)",120.0,Handcrafted_LabStudy,1,1,"-2.0,16.5,0.5","-0.0,0.0,-0.0,-1.0","-9.75,1.75,0.0","-0.0,0.0,-0.0,-1.0",16.664453506469727,16.66208267211914,20.121736526489258,0,0,0,0,0,0,0,0.002651214599609375,0.0,7.0,0.0,664336495982.7661,0.0946044772863388,
6,navstack-1719303660243,navstack,Hospital,HandCrafted,,,1719306055,13859748,"builtin_interfaces.msg.Time(sec=1719306046, nanosec=853860139)",120.0,Handcrafted_LabStudy,1,1,"-2.0,16.5,0.5","-0.0,0.0,-0.0,-1.0","-9.75,1.75,0.0","-0.0,0.0,-0.0,-1.0",16.66446304321289,16.66208267211914,20.121736526489258,0,0,0,0,0,0,0,0.002651214599609375,0.0,7.0,0.0,664240122199.1733,0.1892089545726776,
6,navstack-1719303660243,navstack,Hospital,HandCrafted,,,1719306055,33859491,"builtin_interfaces.msg.Time(sec=1719306046, nanosec=853860139)",120.0,Handcrafted_LabStudy,1,1,"-2.0,16.5,0.5","-0.0,0.0,-0.0,-1.0","-9.75,1.75,0.0","-0.0,0.0,-0.0,-1.0",16.664470672607422,16.66208267211914,20.121736526489258,0,0,0,0,0,0,0,0.002651214599609375,0.0,7.0,0.0,664062511074.9951,0.1892089545726776,
6,navstack-1719303660243,navstack,Hospital,HandCrafted,,,1719306055,33859491,"builtin_interfaces.msg.Time(sec=1719306046, nanosec=853860139)",120.0,Handcrafted_LabStudy,1,1,"-2.0,16.5,0.5","-0.0,0.0,-0.0,-1.0","-9.75,1.75,0.0","-0.0,0.0,-0.0,-1.0",16.664470672607422,16.66208267211914,20.121736526489258,0,0,0,0,0,0,0,0.002651214599609375,0.0,7.0,0.0,664062511074.9951,0.0946044772863388,
6,navstack-1719303660243,navstack,Hospital,HandCrafted,,,1719306055,53859949,"builtin_interfaces.msg.Time(sec=1719306046, nanosec=853860139)",120.0,Handcrafted_LabStudy,1,1,"-2.0,16.5,0.5","-0.0,0.0,-0.0,-1.0","-9.75,1.75,0.0","-0.0,0.0,-0.0,-1.0",16.66447639465332,16.66208267211914,20.121736526489258,0,0,0,0,0,0,0,0.002651214599609375,0.0,7.0,0.0,664202765253.9731,0.0,
6,navstack-1719303660243,navstack,Hospital,HandCrafted,,,1719306055,53859949,"builtin_interfaces.msg.Time(sec=1719306046, nanosec=853860139)",120.0,Handcrafted_LabStudy,1,1,"-2.0,16.5,0.5","-0.0,0.0,-0.0,-1.0","-9.75,1.75,0.0","-0.0,0.0,-0.0,-1.0",16.66447639465332,16.66208267211914,20.121736526489258,0,0,0,0,0,0,0,0.002651214599609375,0.0,7.0,0.0,664202765253.9731,0.0,
6,navstack-1719303660243,navstack,Hospital,HandCrafted,,,1719306055,73860406,"builtin_interfaces.msg.Time(sec=1719306046, nanosec=853860139)",120.0,Handcrafted_LabStudy,1,1,"-2.0,16.5,0.5","-0.0,0.0,-0.0,-1.0","-9.75,1.75,0.0","-0.0,0.0,-0.0,-1.0",16.664487838745117,16.66208267211914,20.121736526489258,0,0,0,0,0,0,0,0.002651214599609375,0.0,7.0,0.0,664286856604.0144,0.0946044772863388,
6,navstack-1719303660243,navstack,Hospital,HandCrafted,,,1719306055,73860406,"builtin_interfaces.msg.Time(sec=1719306046, nanosec=853860139)",120.0,Handcrafted_LabStudy,1,1,"-2.0,16.5,0.5","-0.0,0.0,-0.0,-1.0","-9.75,1.75,0.0","-0.0,0.0,-0.0,-1.0",16.664487838745117,16.66208267211914,20.121736526489258,0,0,0,0,0,0,0,0.002651214599609375,0.0,7.0,0.0,664286856604.0144,0.0946044772863388,
6,navstack-1719303660243,navstack,Hospital,HandCrafted,,,1719306055,93859910,"builtin_interfaces.msg.Time(sec=1719306046, nanosec=853860139)",120.0,Handcrafted_LabStudy,1,1,"-2.0,16.5,0.5","-0.0,0.0,-0.0,-1.0","-9.75,1.75,0.0","-0.0,0.0,-0.0,-1.0",16.664493560791016,16.66208267211914,20.121736526489258,0,0,0,0,0,0,0,0.002651214599609375,0.0,7.0,0.0,664368042980.1453,0.0946044772863388,
6,navstack-1719303660243,navstack,Hospital,HandCrafted,,,1719306055,113860368,"builtin_interfaces.msg.Time(sec=1719306046, nanosec=853860139)",120.0,Handcrafted_LabStudy,1,1,"-2.0,16.5,0.5","-0.0,0.0,-0.0,-1.0","-9.75,1.75,0.0","-0.0,0.0,-0.0,-1.0",16.66450309753418,16.66208267211914,20.121736526489258,0,0,0,0,0,0,0,0.002651214599609375,0.0,7.0,0.0,663679411269.9886,0.1892089545726776,
6,navstack-1719303660243,navstack,Hospital,HandCrafted,,,1719306055,113860368,"builtin_interfaces.msg.Time(sec=1719306046, nanosec=853860139)",120.0,Handcrafted_LabStudy,1,1,"-2.0,16.5,0.5","-0.0,0.0,-0.0,-1.0","-9.75,1.75,0.0","-0.0,0.0,-0.0,-1.0",16.66450309753418,16.66208267211914,20.121736526489258,0,0,0,0,0,0,0,0.002651214599609375,0.0,7.0,0.0,663679411269.9886,0.0946044772863388,
6,navstack-1719303660243,navstack,Hospital,HandCrafted,,,1719306055,133859872,"builtin_interfaces.msg.Time(sec=1719306046, nanosec=853860139)",120.0,Handcrafted_LabStudy,1,1,"-2.0,16.5,0.5","-0.0,0.0,-0.0,-1.0","-9.75,1.75,0.0","-0.0,0.0,-0.0,-1.0",16.66451072692871,16.66208267211914,20.121736526489258,0,0,0,0,0,0,0,0.002651214599609375,0.0,7.0,0.0,663805140579.4141,0.0946044772863388,
6,navstack-1719303660243,navstack,Hospital,HandCrafted,,,1719306055,153860330,"builtin_interfaces.msg.Time(sec=1719306046, nanosec=853860139)",120.0,Handcrafted_LabStudy,1,1,"-2.0,16.5,0.5","-0.0,0.0,-0.0,-1.0","-9.75,1.75,0.0","-0.0,0.0,-0.0,-1.0",16.664518356323242,16.66208267211914,20.121736526489258,0,0,0,0,0,0,0,0.002651214599609375,0.0,7.0,0.0,663892493654.548,0.0946044772863388,
6,navstack-1719303660243,navstack,Hospital,HandCrafted,,,1719306055,173859834,"builtin_interfaces.msg.Time(sec=1719306046, nanosec=853860139)",120.0,Handcrafted_LabStudy,1,1,"-2.0,16.5,0.5","-0.0,0.0,-0.0,-1.0","-9.75,1.75,0.0","-0.0,0.0,-0.0,-1.0",16.664527893066406,16.66208267211914,20.121736526489258,0,0,0,0,0,0,0,0.002651214599609375,0.0,7.0,0.0,664076016655.4563,0.0946044772863388,
6,navstack-1719303660243,navstack,Hospital,HandCrafted,,,1719306055,193860292,"builtin_interfaces.msg.Time(sec=1719306046, nanosec=853860139)",120.0,Handcrafted_LabStudy,1,1,"-2.0,16.5,0.5","-0.0,0.0,-0.0,-1.0","-9.75,1.75,0.0","-0.0,0.0,-0.0,-1.0",16.664533615112305,16.66208267211914,20.121736526489258,0,0,0,0,0,0,0,0.002651214599609375,0.0,7.0,0.0,664231814993.0784,0.1892089545726776,
6,navstack-1719303660243,navstack,Hospital,HandCrafted,,,1719306055,213859796,"builtin_interfaces.msg.Time(sec=1719306046, nanosec=853860139)",120.0,Handcrafted_LabStudy,1,1,"-2.0,16.5,0.5","-0.0,0.0,-0.0,-1.0","-9.75,1.75,0.0","-0.0,0.0,-0.0,-1.0",16.6645450592041,16.66208267211914,20.121736526489258,0,0,0,0,0,0,0,0.002651214599609375,0.0,7.0,0.0,664350969887.8641,0.1892089545726776,
6,navstack-1719303660243,navstack,Hospital,HandCrafted,,,1719306055,213859796,"builtin_interfaces.msg.Time(sec=1719306046, nanosec=853860139)",120.0,Handcrafted_LabStudy,1,1,"-2.0,16.5,0.5","-0.0,0.0,-0.0,-1.0","-9.75,1.75,0.0","-0.0,0.0,-0.0,-1.0",16.6645450592041,16.66208267211914,20.121736526489258,0,0,0,0,0,0,0,0.002651214599609375,0.0,7.0,0.0,664350969887.8641,0.0946044772863388,
6,navstack-1719303660243,navstack,Hospital,HandCrafted,,,1719306055,233860015,"builtin_interfaces.msg.Time(sec=1719306046, nanosec=853860139)",120.0,Handcrafted_LabStudy,1,1,"-2.0,16.5,0.5","-0.0,0.0,-0.0,-1.0","-9.75,1.75,0.0","-0.0,0.0,-0.0,-1.0",16.66455078125,16.66208267211914,20.121736526489258,0,0,0,0,0,0,0,0.002651214599609375,0.0,7.0,0.0,663661420817.5253,0.0946044772863388,
6,navstack-1719303660243,navstack,Hospital,HandCrafted,,,1719306055,253859519,"builtin_interfaces.msg.Time(sec=1719306046, nanosec=853860139)",120.0,Handcrafted_LabStudy,1,1,"-2.0,16.5,0.5","-0.0,0.0,-0.0,-1.0","-9.75,1.75,0.0","-0.0,0.0,-0.0,-1.0",16.664562225341797,16.66208267211914,20.121736526489258,0,0,0,0,0,0,0,0.002651214599609375,0.0,7.0,0.0,663666364369.6187,0.1892089545726776,
6,navstack-1719303660243,navstack,Hospital,HandCrafted,,,1719306055,273860216,"builtin_interfaces.msg.Time(sec=1719306046, nanosec=853860139)",120.0,Handcrafted_LabStudy,1,1,"-2.0,16.5,0.5","-0.0,0.0,-0.0,-1.0","-9.75,1.75,0.0","-0.0,0.0,-0.0,-1.0",16.664567947387695,16.66208267211914,20.121736526489258,0,0,0,0,0,0,0,0.002651214599609375,0.0,7.0,0.0,663981273734.4097,0.1892089545726776,
6,navstack-1719303660243,navstack,Hospital,HandCrafted,,,1719306055,273860216,"builtin_interfaces.msg.Time(sec=1719306046, nanosec=853860139)",120.0,Handcrafted_LabStudy,1,1,"-2.0,16.5,0.5","-0.0,0.0,-0.0,-1.0","-9.75,1.75,0.0","-0.0,0.0,-0.0,-1.0",16.664567947387695,16.66208267211914,20.121736526489258,0,0,0,0,0,0,0,0.002651214599609375,0.0,7.0,0.0,663981273734.4097,0.0946044772863388,
6,navstack-1719303660243,navstack,Hospital,HandCrafted,,,1719306055,293859720,"builtin_interfaces.msg.Time(sec=1719306046, nanosec=853860139)",120.0,Handcrafted_LabStudy,1,1,"-2.0,16.5,0.5","-0.0,0.0,-0.0,-1.0","-9.75,1.75,0.0","-0.0,0.0,-0.0,-1.0",16.664575576782227,16.66208267211914,20.121736526489258,0,0,0,0,0,0,0,0.002651214599609375,0.0,7.0,0.0,664219328701.7085,0.0,
6,navstack-1719303660243,navstack,Hospital,HandCrafted,,,1719306055,313860177,"builtin_interfaces.msg.Time(sec=1719306046, nanosec=853860139)",120.0,Handcrafted_LabStudy,1,1,"-2.0,16.5,0.5","-0.0,0.0,-0.0,-1.0","-9.75,1.75,0.0","-0.0,0.0,-0.0,-1.0",16.66458511352539,16.66208267211914,20.121736526489258,0,0,0,0,0,0,0,0.002651214599609375,0.0,7.0,0.0,663529473844.6422,0.0946044772863388,
6,navstack-1719303660243,navstack,Hospital,HandCrafted,,,1719306055,313860177,"builtin_interfaces.msg.Time(sec=1719306046, nanosec=853860139)",120.0,Handcrafted_LabStudy,1,1,"-2.0,16.5,0.5","-0.0,0.0,-0.0,-1.0","-9.75,1.75,0.0","-0.0,0.0,-0.0,-1.0",16.66458511352539,16.66208267211914,20.121736526489258,0,0,0,0,0,0,0,0.002651214599609375,0.0,7.0,0.0,663529473844.6422,0.0946044772863388,
6,navstack-1719303660243,navstack,Hospital,HandCrafted,,,1719306055,313860177,"builtin_interfaces.msg.Time(sec=1719306046, nanosec=853860139)",120.0,Handcrafted_LabStudy,1,1,"-2.0,16.5,0.5","-0.0,0.0,-0.0,-1.0","-9.75,1.75,0.0","-0.0,0.0,-0.0,-1.0",16.66458511352539,16.66208267211914,20.121736526489258,0,0,0,0,0,0,0,0.002651214599609375,0.0,7.0,0.0,663529473844.6422,0.0,
6,navstack-1719303660243,navstack,Hospital,HandCrafted,,,1719306055,333859682,"builtin_interfaces.msg.Time(sec=1719306046, nanosec=853860139)",120.0,Handcrafted_LabStudy,1,1,"-2.0,16.5,0.5","-0.0,0.0,-0.0,-1.0","-9.75,1.75,0.0","-0.0,0.0,-0.0,-1.0",16.664592742919922,16.66208267211914,20.121736526489258,0,0,0,0,0,0,0,0.002651214599609375,0.0,7.0,0.0,663653725184.8851,0.0946044772863388,
6,navstack-1719303660243,navstack,Hospital,HandCrafted,,,1719306055,353860139,"builtin_interfaces.msg.Time(sec=1719306046, nanosec=853860139)",120.0,Handcrafted_LabStudy,1,1,"-2.0,16.5,0.5","-0.0,0.0,-0.0,-1.0","-9.75,1.75,0.0","-0.0,0.0,-0.0,-1.0",16.664602279663086,16.66208267211914,20.121736526489258,0,0,0,0,0,0,0,0.002651214599609375,0.0,7.0,0.0,663988255864.6859,0.1892089545726776,
6,navstack-1719303660243,navstack,Hospital,HandCrafted,,,1719306055,373859643,"builtin_interfaces.msg.Time(sec=1719306046, nanosec=853860139)",120.0,Handcrafted_LabStudy,1,1,"-2.0,16.5,0.5","-0.0,0.0,-0.0,-1.0","-9.75,1.75,0.0","-0.0,0.0,-0.0,-1.0",16.664608001708984,16.66208267211914,20.121736526489258,0,0,0,0,0,0,0,0.002651214599609375,0.0,7.0,0.0,664252200774.9065,0.1892089545726776,
6,navstack-1719303660243,navstack,Hospital,HandCrafted,,,1719306055,393860101,"builtin_interfaces.msg.Time(sec=1719306046, nanosec=853860139)",120.0,Handcrafted_LabStudy,1,1,"-2.0,16.5,0.5","-0.0,0.0,-0.0,-1.0","-9.75,1.75,0.0","-0.0,0.0,-0.0,-1.0",16.664615631103516,16.66208267211914,20.121736526489258,0,0,0,0,0,0,0,0.002651214599609375,0.0,7.0,0.0,663559440943.9297,0.0946044772863388,
6,navstack-1719303660243,navstack,Hospital,HandCrafted,,,1719306055,413859605,"builtin_interfaces.msg.Time(sec=1719306046, nanosec=853860139)",120.0,Handcrafted_LabStudy,1,1,"-2.0,16.5,0.5","-0.0,0.0,-0.0,-1.0","-9.75,1.75,0.0","-0.0,0.0,-0.0,-1.0",16.66462516784668,16.66208267211914,20.121736526489258,0,0,0,0,0,0,0,0.002651214599609375,0.0,7.0,0.0,663561224699.8396,0.0946044772863388,
6,navstack-1719303660243,navstack,Hospital,HandCrafted,,,1719306055,433860063,"builtin_interfaces.msg.Time(sec=1719306046, nanosec=853860139)",120.0,Handcrafted_LabStudy,1,1,"-2.0,16.5,0.5","-0.0,0.0,-0.0,-1.0","-9.75,1.75,0.0","-0.0,0.0,-0.0,-1.0",16.66463279724121,16.66208267211914,20.121736526489258,0,0,0,0,0,0,0,0.002651214599609375,0.0,7.0,0.0,662867445579.7714,0.1892089545726776,
6,navstack-1719303660243,navstack,Hospital,HandCrafted,,,1719306055,453859567,"builtin_interfaces.msg.Time(sec=1719306046, nanosec=853860139)",120.0,Handcrafted_LabStudy,1,1,"-2.0,16.5,0.5","-0.0,0.0,-0.0,-1.0","-9.75,1.75,0.0","-0.0,0.0,-0.0,-1.0",16.664642333984375,16.66208267211914,20.121736526489258,0,0,0,0,0,0,0,0.002651214599609375,0.0,7.0,0.0,663349365462.1901,0.1892089545726776,
6,navstack-1719303660243,navstack,Hospital,HandCrafted,,,1719306055,473860025,"builtin_interfaces.msg.Time(sec=1719306046, nanosec=853860139)",120.0,Handcrafted_LabStudy,1,1,"-2.0,16.5,0.5","-0.0,0.0,-0.0,-1.0","-9.75,1.75,0.0","-0.0,0.0,-0.0,-1.0",16.664649963378906,16.66208267211914,20.121736526489258,0,0,0,0,0,0,0,0.002651214599609375,0.0,7.0,0.0,663652451073.5209,0.1892089545726776,
6,navstack-1719303660243,navstack,Hospital,HandCrafted,,,1719306055,493859291,"builtin_interfaces.msg.Time(sec=1719306046, nanosec=853860139)",120.0,Handcrafted_LabStudy,1,1,"-2.0,16.5,0.5","-0.0,0.0,-0.0,-1.0","-9.75,1.75,0.0","-0.0,0.0,-0.0,-1.0",16.66465950012207,16.66208267211914,20.121736526489258,0,0,0,0,0,0,0,0.002651214599609375,0.0,7.0,0.0,663972711706.0419,0.1892089545726776,
6,navstack-1719303660243,navstack,Hospital,HandCrafted,,,1719306055,513859748,"builtin_interfaces.msg.Time(sec=1719306046, nanosec=853860139)",120.0,Handcrafted_LabStudy,1,1,"-2.0,16.5,0.5","-0.0,0.0,-0.0,-1.0","-9.75,1.75,0.0","-0.0,0.0,-0.0,-1.0",16.66466522216797,16.66208267211914,20.121736526489258,0,0,0,0,0,0,0,0.002651214599609375,0.0,7.0,0.0,663278219083.6096,0.1892089545726776,
6,navstack-1719303660243,navstack,Hospital,HandCrafted,,,1719306055,533859491,"builtin_interfaces.msg.Time(sec=1719306046, nanosec=853860139)",120.0,Handcrafted_LabStudy,1,1,"-2.0,16.5,0.5","-0.0,0.0,-0.0,-1.0","-9.75,1.75,0.0","-0.0,0.0,-0.0,-1.0",16.6646728515625,16.66208267211914,20.121736526489258,0,0,0,0,0,0,0,0.002651214599609375,0.0,7.0,0.0,663670441525.9843,0.0946044772863388,
6,navstack-1719303660243,navstack,Hospital,HandCrafted,,,1719306055,553859949,"builtin_interfaces.msg.Time(sec=1719306046, nanosec=853860139)",120.0,Handcrafted_LabStudy,1,1,"-2.0,16.5,0.5","-0.0,0.0,-0.0,-1.0","-9.75,1.75,0.0","-0.0,0.0,-0.0,-1.0",16.664682388305664,16.66208267211914,20.121736526489258,0,0,0,0,0,0,0,0.002651214599609375,0.0,7.0,0.0,662976458548.0978,0.0946044772863388,
6,navstack-1719303660243,navstack,Hospital,HandCrafted,,,1719306055,573860406,"builtin_interfaces.msg.Time(sec=1719306046, nanosec=853860139)",120.0,Handcrafted_LabStudy,1,1,"-2.0,16.5,0.5","-0.0,0.0,-0.0,-1.0","-9.75,1.75,0.0","-0.0,0.0,-0.0,-1.0",16.664690017700195,16.66208267211914,20.121736526489258,0,0,0,0,0,0,0,0.002651214599609375,0.0,7.0,0.0,663435291532.596,0.1892089545726776,
6,navstack-1719303660243,navstack,Hospital,HandCrafted,,,1719306055,593859910,"builtin_interfaces.msg.Time(sec=1719306046, nanosec=853860139)",120.0,Handcrafted_LabStudy,1,1,"-2.0,16.5,0.5","-0.0,0.0,-0.0,-1.0","-9.75,1.75,0.0","-0.0,0.0,-0.0,-1.0",16.66469955444336,16.66208267211914,20.121736526489258,0,0,0,0,0,0,0,0.002651214599609375,0.0,7.0,0.0,662743092310.6194,0.1892089545726776,
6,navstack-1719303660243,navstack,Hospital,HandCrafted,,,1719306055,613860368,"builtin_interfaces.msg.Time(sec=1719306046, nanosec=853860139)",120.0,Handcrafted_LabStudy,1,1,"-2.0,16.5,0.5","-0.0,0.0,-0.0,-1.0","-9.75,1.75,0.0","-0.0,0.0,-0.0,-1.0",16.66470718383789,16.66208267211914,20.121736526489258,0,0,0,0,0,0,0,0.002651214599609375,0.0,7.0,0.0,662749055151.8042,0.1892089545726776,
6,navstack-1719303660243,navstack,Hospital,HandCrafted,,,1719306055,633859872,"builtin_interfaces.msg.Time(sec=1719306046, nanosec=853860139)",120.0,Handcrafted_LabStudy,1,1,"-2.0,16.5,0.5","-0.0,0.0,-0.0,-1.0","-9.75,1.75,0.0","-0.0,0.0,-0.0,-1.0",16.66471290588379,16.66208267211914,20.121736526489258,0,0,0,0,0,0,0,0.002651214599609375,0.0,7.0,0.0,663273734211.6074,0.0946044772863388,
6,navstack-1719303660243,navstack,Hospital,HandCrafted,,,1719306055,653860330,"builtin_interfaces.msg.Time(sec=1719306046, nanosec=853860139)",120.0,Handcrafted_LabStudy,1,1,"-2.0,16.5,0.5","-0.0,0.0,-0.0,-1.0","-9.75,1.75,0.0","-0.0,0.0,-0.0,-1.0",16.664724349975586,16.66208267211914,20.121736526489258,0,0,0,0,0,0,0,0.002651214599609375,0.0,7.0,0.0,662586529506.1788,0.0946044772863388,
6,navstack-1719303660243,navstack,Hospital,HandCrafted,,,1719306055,673859834,"builtin_interfaces.msg.Time(sec=1719306046, nanosec=853860139)",120.0,Handcrafted_LabStudy,1,1,"-2.0,16.5,0.5","-0.0,0.0,-0.0,-1.0","-9.75,1.75,0.0","-0.0,0.0,-0.0,-1.0",16.664730072021484,16.66208267211914,20.121736526489258,0,0,0,0,0,0,0,0.002651214599609375,0.0,7.0,0.0,662947663631.2654,0.1892089545726776,
6,navstack-1719303660243,navstack,Hospital,HandCrafted,,,1719306055,693860292,"builtin_interfaces.msg.Time(sec=1719306046, nanosec=853860139)",120.0,Handcrafted_LabStudy,1,1,"-2.0,16.5,0.5","-0.0,0.0,-0.0,-1.0","-9.75,1.75,0.0","-0.0,0.0,-0.0,-1.0",16.66473960876465,16.66208267211914,20.121736526489258,0,0,0,0,0,0,0,0.002651214599609375,0.0,7.0,0.0,663291724664.0708,0.1892089545726776,
6,navstack-1719303660243,navstack,Hospital,HandCrafted,,,1719306055,713859796,"builtin_interfaces.msg.Time(sec=1719306046, nanosec=853860139)",120.0,Handcrafted_LabStudy,1,1,"-2.0,16.5,0.5","-0.0,0.0,-0.0,-1.0","-9.75,1.75,0.0","-0.0,0.0,-0.0,-1.0",16.66474723815918,16.66208267211914,20.121736526489258,0,0,0,0,0,0,0,0.002651214599609375,0.0,7.0,0.0,662606762394.6433,0.1892089545726776,
6,navstack-1719303660243,navstack,Hospital,HandCrafted,,,1719306055,713859796,"builtin_interfaces.msg.Time(sec=1719306046, nanosec=853860139)",120.0,Handcrafted_LabStudy,1,1,"-2.0,16.5,0.5","-0.0,0.0,-0.0,-1.0","-9.75,1.75,0.0","-0.0,0.0,-0.0,-1.0",16.66474723815918,16.66208267211914,20.121736526489258,0,0,0,0,0,0,0,0.002651214599609375,0.0,7.0,0.0,662606558536.8251,0.0946044772863388,
6,navstack-1719303660243,navstack,Hospital,HandCrafted,,,1719306055,733860015,"builtin_interfaces.msg.Time(sec=1719306046, nanosec=853860139)",120.0,Handcrafted_LabStudy,1,1,"-2.0,16.5,0.5","-0.0,0.0,-0.0,-1.0","-9.75,1.75,0.0","-0.0,0.0,-0.0,-1.0",16.664756774902344,16.66208267211914,20.121736526489258,0,0,0,0,0,0,0,0.002651214599609375,0.0,7.0,0.0,662617413965.6486,0.0946044772863388,
6,navstack-1719303660243,navstack,Hospital,HandCrafted,,,1719306055,733860015,"builtin_interfaces.msg.Time(sec=1719306046, nanosec=853860139)",120.0,Handcrafted_LabStudy,1,1,"-2.0,16.5,0.5","-0.0,0.0,-0.0,-1.0","-9.75,1.75,0.0","-0.0,0.0,-0.0,-1.0",16.664756774902344,16.66208267211914,20.121736526489258,0,0,0,0,0,0,0,0.002651214599609375,0.0,7.0,0.0,662617413965.6486,0.0946044772863388,
6,navstack-1719303660243,navstack,Hospital,HandCrafted,,,1719306055,753859519,"builtin_interfaces.msg.Time(sec=1719306046, nanosec=853860139)",120.0,Handcrafted_LabStudy,1,1,"-2.0,16.5,0.5","-0.0,0.0,-0.0,-1.0","-9.75,1.75,0.0","-0.0,0.0,-0.0,-1.0",16.664764404296875,16.66208267211914,20.121736526489258,0,0,0,0,0,0,0,0.002651214599609375,0.0,7.0,0.0,662919888003.5244,0.0946044772863388,
6,navstack-1719303660243,navstack,Hospital,HandCrafted,,,1719306055,773860216,"builtin_interfaces.msg.Time(sec=1719306046, nanosec=853860139)",120.0,Handcrafted_LabStudy,1,1,"-2.0,16.5,0.5","-0.0,0.0,-0.0,-1.0","-9.75,1.75,0.0","-0.0,0.0,-0.0,-1.0",16.664770126342773,16.66208267211914,20.121736526489258,0,0,0,0,0,0,0,0.002651214599609375,0.0,7.0,0.0,663141685309.8153,0.0946044772863388,
6,navstack-1719303660243,navstack,Hospital,HandCrafted,,,1719306055,793859720,"builtin_interfaces.msg.Time(sec=1719306046, nanosec=853860139)",120.0,Handcrafted_LabStudy,1,1,"-2.0,16.5,0.5","-0.0,0.0,-0.0,-1.0","-9.75,1.75,0.0","-0.0,0.0,-0.0,-1.0",16.66478157043457,16.66208267211914,20.121736526489258,0,0,0,0,0,0,0,0.002651214599609375,0.0,7.0,0.0,662457691365.0245,0.0946044772863388,
6,navstack-1719303660243,navstack,Hospital,HandCrafted,,,1719306055,813860177,"builtin_interfaces.msg.Time(sec=1719306046, nanosec=853860139)",120.0,Handcrafted_LabStudy,1,1,"-2.0,16.5,0.5","-0.0,0.0,-0.0,-1.0","-9.75,1.75,0.0","-0.0,0.0,-0.0,-1.0",16.66478729248047,16.66208267211914,20.121736526489258,0,0,0,0,0,0,0,0.002651214599609375,0.0,7.0,0.0,662515485056.5076,0.1892089545726776,
6,navstack-1719303660243,navstack,Hospital,HandCrafted,,,1719306055,833859682,"builtin_interfaces.msg.Time(sec=1719306046, nanosec=853860139)",120.0,Handcrafted_LabStudy,1,1,"-2.0,16.5,0.5","-0.0,0.0,-0.0,-1.0","-9.75,1.75,0.0","-0.0,0.0,-0.0,-1.0",16.664798736572266,16.66208267211914,20.121736526489258,0,0,0,0,0,0,0,0.002651214599609375,0.0,7.0,0.0,662578171335.6293,0.1892089545726776,
6,navstack-1719303660243,navstack,Hospital,HandCrafted,,,1719306055,853860139,"builtin_interfaces.msg.Time(sec=1719306046, nanosec=853860139)",120.0,Handcrafted_LabStudy,1,1,"-2.0,16.5,0.5","-0.0,0.0,-0.0,-1.0","-9.75,1.75,0.0","-0.0,0.0,-0.0,-1.0",16.664804458618164,16.66208267211914,20.121736526489258,0,0,0,0,0,0,0,0.002651214599609375,0.0,7.0,0.0,662643354873.0249,0.1892089545726776,
6,navstack-1719303660243,navstack,Hospital,HandCrafted,,,1719306055,873859643,"builtin_interfaces.msg.Time(sec=1719306046, nanosec=853860139)",120.0,Handcrafted_LabStudy,1,1,"-2.0,16.5,0.5","-0.0,0.0,-0.0,-1.0","-9.75,1.75,0.0","-0.0,0.0,-0.0,-1.0",16.664812088012695,16.66208267211914,20.121736526489258,0,0,0,0,0,0,0,0.002651214599609375,0.0,7.0,0.0,661963540013.509,0.0946044772863388,
6,navstack-1719303660243,navstack,Hospital,HandCrafted,,,1719306055,893860101,"builtin_interfaces.msg.Time(sec=1719306046, nanosec=853860139)",120.0,Handcrafted_LabStudy,1,1,"-2.0,16.5,0.5","-0.0,0.0,-0.0,-1.0","-9.75,1.75,0.0","-0.0,0.0,-0.0,-1.0",16.66482162475586,16.66208267211914,20.121736526489258,0,0,0,0,0,0,0,0.002651214599609375,0.0,7.0,0.0,662025614719.1759,0.0946044772863388,
6,navstack-1719303660243,navstack,Hospital,HandCrafted,,,1719306055,893860101,"builtin_interfaces.msg.Time(sec=1719306046, nanosec=853860139)",120.0,Handcrafted_LabStudy,1,1,"-2.0,16.5,0.5","-0.0,0.0,-0.0,-1.0","-9.75,1.75,0.0","-0.0,0.0,-0.0,-1.0",16.66482162475586,16.66208267211914,20.121736526489258,0,0,0,0,0,0,0,0.002651214599609375,0.0,7.0,0.0,662025614719.1759,0.0946044772863388,
6,navstack-1719303660243,navstack,Hospital,HandCrafted,,,1719306055,913859605,"builtin_interfaces.msg.Time(sec=1719306046, nanosec=853860139)",120.0,Handcrafted_LabStudy,1,1,"-2.0,16.5,0.5","-0.0,0.0,-0.0,-1.0","-9.75,1.75,0.0","-0.0,0.0,-0.0,-1.0",16.664827346801758,16.66208267211914,20.121736526489258,0,0,0,0,0,0,0,0.002651214599609375,0.0,7.0,0.0,662081267903.5669,0.0946044772863388,
6,navstack-1719303660243,navstack,Hospital,HandCrafted,,,1719306055,933860063,"builtin_interfaces.msg.Time(sec=1719306046, nanosec=853860139)",120.0,Handcrafted_LabStudy,1,1,"-2.0,16.5,0.5","-0.0,0.0,-0.0,-1.0","-9.75,1.75,0.0","-0.0,0.0,-0.0,-1.0",16.664838790893555,16.66208267211914,20.121736526489258,0,0,0,0,0,0,0,0.002651214599609375,0.0,7.0,0.0,662123568400.8604,0.1892089545726776,
6,navstack-1719303660243,navstack,Hospital,HandCrafted,,,1719306055,953859567,"builtin_interfaces.msg.Time(sec=1719306046, nanosec=853860139)",120.0,Handcrafted_LabStudy,1,1,"-2.0,16.5,0.5","-0.0,0.0,-0.0,-1.0","-9.75,1.75,0.0","-0.0,0.0,-0.0,-1.0",16.664844512939453,16.66208267211914,19.96152687072754,0,0,0,0,0,0,0,0.00311279296875,0.0,8.0,0.0,662203582594.536,0.1892089545726776,
6,navstack-1719303660243,navstack,Hospital,HandCrafted,,,1719306055,973860025,"builtin_interfaces.msg.Time(sec=1719306046, nanosec=853860139)",120.0,Handcrafted_LabStudy,1,1,"-2.0,16.5,0.5","-0.0,0.0,-0.0,-1.0","-9.75,1.75,0.0","-0.0,0.0,-0.0,-1.0",16.664852142333984,16.66208267211914,19.96152687072754,0,0,0,0,0,0,0,0.00311279296875,0.0,8.0,0.0,661524532201.8387,0.0946044772863388,
6,navstack-1719303660243,navstack,Hospital,HandCrafted,,,1719306055,993859291,"builtin_interfaces.msg.Time(sec=1719306046, nanosec=853860139)",120.0,Handcrafted_LabStudy,1,1,"-2.0,16.5,0.5","-0.0,0.0,-0.0,-1.0","-9.75,1.75,0.0","-0.0,0.0,-0.0,-1.0",16.66486167907715,16.66208267211914,19.96152687072754,0,0,0,0,0,0,0,0.00311279296875,0.0,8.0,0.0,661328370016.1969,0.0946044772863388,
6,navstack-1719303660243,navstack,Hospital,HandCrafted,,,1719306055,993859291,"builtin_interfaces.msg.Time(sec=1719306046, nanosec=853860139)",120.0,Handcrafted_LabStudy,1,1,"-2.0,16.5,0.5","-0.0,0.0,-0.0,-1.0","-9.75,1.75,0.0","-0.0,0.0,-0.0,-1.0",16.66486167907715,16.66208267211914,19.96152687072754,0,0,0,0,0,0,0,0.00311279296875,0.0,8.0,0.0,661328370016.1969,0.0946044772863388,
6,navstack-1719303660243,navstack,Hospital,HandCrafted,,,1719306056,13859748,"builtin_interfaces.msg.Time(sec=1719306046, nanosec=853860139)",120.0,Handcrafted_LabStudy,1,1,"-2.0,16.5,0.5","-0.0,0.0,-0.0,-1.0","-9.75,1.75,0.0","-0.0,0.0,-0.0,-1.0",16.66486930847168,16.66208267211914,19.96152687072754,0,0,0,0,0,0,0,0.00311279296875,0.0,8.0,0.0,661154937977.2935,0.0946044772863388,
6,navstack-1719303660243,navstack,Hospital,HandCrafted,,,1719306056,33859491,"builtin_interfaces.msg.Time(sec=1719306046, nanosec=853860139)",120.0,Handcrafted_LabStudy,1,1,"-2.0,16.5,0.5","-0.0,0.0,-0.0,-1.0","-9.75,1.75,0.0","-0.0,0.0,-0.0,-1.0",16.664878845214844,16.66208267211914,19.96152687072754,0,0,0,0,0,0,0,0.00311279296875,0.0,8.0,0.0,661042561354.9655,0.1892089545726776,
6,navstack-1719303660243,navstack,Hospital,HandCrafted,,,1719306056,53859949,"builtin_interfaces.msg.Time(sec=1719306046, nanosec=853860139)",120.0,Handcrafted_LabStudy,1,1,"-2.0,16.5,0.5","-0.0,0.0,-0.0,-1.0","-9.75,1.75,0.0","-0.0,0.0,-0.0,-1.0",16.664886474609375,16.66208267211914,19.96152687072754,0,0,0,0,0,0,0,0.00311279296875,0.0,8.0,0.0,660845176022.414,0.1892089545726776,
6,navstack-1719303660243,navstack,Hospital,HandCrafted,,,1719306056,73860406,"builtin_interfaces.msg.Time(sec=1719306046, nanosec=853860139)",120.0,Handcrafted_LabStudy,1,1,"-2.0,16.5,0.5","-0.0,0.0,-0.0,-1.0","-9.75,1.75,0.0","-0.0,0.0,-0.0,-1.0",16.66489601135254,16.66208267211914,19.96152687072754,0,0,0,0,0,0,0,0.00311279296875,0.0,8.0,0.0,660615581154.5739,0.1892089545726776,
6,navstack-1719303660243,navstack,Hospital,HandCrafted,,,1719306056,73860406,"builtin_interfaces.msg.Time(sec=1719306046, nanosec=853860139)",120.0,Handcrafted_LabStudy,1,1,"-2.0,16.5,0.5","-0.0,0.0,-0.0,-1.0","-9.75,1.75,0.0","-0.0,0.0,-0.0,-1.0",16.66489601135254,16.66208267211914,19.96152687072754,0,0,0,0,0,0,0,0.00311279296875,0.0,8.0,0.0,660615581154.5739,0.0946044772863388,
6,navstack-1719303660243,navstack,Hospital,HandCrafted,,,1719306056,93859910,"builtin_interfaces.msg.Time(sec=1719306046, nanosec=853860139)",120.0,Handcrafted_LabStudy,1,1,"-2.0,16.5,0.5","-0.0,0.0,-0.0,-1.0","-9.75,1.75,0.0","-0.0,0.0,-0.0,-1.0",16.664901733398438,16.66208267211914,19.96152687072754,0,0,0,0,0,0,0,0.00311279296875,0.0,8.0,0.0,660414016736.7474,0.0946044772863388,
6,navstack-1719303660243,navstack,Hospital,HandCrafted,,,1719306056,113860368,"builtin_interfaces.msg.Time(sec=1719306046, nanosec=853860139)",120.0,Handcrafted_LabStudy,1,1,"-2.0,16.5,0.5","-0.0,0.0,-0.0,-1.0","-9.75,1.75,0.0","-0.0,0.0,-0.0,-1.0",16.66490936279297,16.66208267211914,19.96152687072754,0,0,0,0,0,0,0,0.00311279296875,0.0,8.0,0.0,661122422655.2775,0.0946044772863388,
6,navstack-1719303660243,navstack,Hospital,HandCrafted,,,1719306056,133859872,"builtin_interfaces.msg.Time(sec=1719306046, nanosec=853860139)",120.0,Handcrafted_LabStudy,1,1,"-2.0,16.5,0.5","-0.0,0.0,-0.0,-1.0","-9.75,1.75,0.0","-0.0,0.0,-0.0,-1.0",16.664918899536133,16.66208267211914,19.96152687072754,0,0,0,0,0,0,0,0.00311279296875,0.0,8.0,0.0,660890534386.9817,0.0946044772863388,
6,navstack-1719303660243,navstack,Hospital,HandCrafted,,,1719306056,153860330,"builtin_interfaces.msg.Time(sec=1719306046, nanosec=853860139)",120.0,Handcrafted_LabStudy,1,1,"-2.0,16.5,0.5","-0.0,0.0,-0.0,-1.0","-9.75,1.75,0.0","-0.0,0.0,-0.0,-1.0",16.664926528930664,16.66208267211914,19.96152687072754,0,0,0,0,0,0,0,0.00311279296875,0.0,8.0,0.0,660735296658.3599,0.1892089545726776,
6,navstack-1719303660243,navstack,Hospital,HandCrafted,,,1719306056,173859834,"builtin_interfaces.msg.Time(sec=1719306046, nanosec=853860139)",120.0,Handcrafted_LabStudy,1,1,"-2.0,16.5,0.5","-0.0,0.0,-0.0,-1.0","-9.75,1.75,0.0","-0.0,0.0,-0.0,-1.0",16.664936065673828,16.66208267211914,19.96152687072754,0,0,0,0,0,0,0,0.00311279296875,0.0,8.0,0.0,660565992740.2767,0.1892089545726776,
6,navstack-1719303660243,navstack,Hospital,HandCrafted,,,1719306056,193860292,"builtin_interfaces.msg.Time(sec=1719306046, nanosec=853860139)",120.0,Handcrafted_LabStudy,1,1,"-2.0,16.5,0.5","-0.0,0.0,-0.0,-1.0","-9.75,1.75,0.0","-0.0,0.0,-0.0,-1.0",16.66494369506836,16.66208267211914,19.96152687072754,0,0,0,0,0,0,0,0.00311279296875,0.0,8.0,0.0,660345112794.1682,0.1892089545726776,
6,navstack-1719303660243,navstack,Hospital,HandCrafted,,,1719306056,213859796,"builtin_interfaces.msg.Time(sec=1719306046, nanosec=853860139)",120.0,Handcrafted_LabStudy,1,1,"-2.0,16.5,0.5","-0.0,0.0,-0.0,-1.0","-9.75,1.75,0.0","-0.0,0.0,-0.0,-1.0",16.664949417114258,16.66208267211914,19.96152687072754,0,0,0,0,0,0,0,0.00311279296875,0.0,8.0,0.0,661045262471.0577,0.0946044772863388,
6,navstack-1719303660243,navstack,Hospital,HandCrafted,,,1719306056,233860015,"builtin_interfaces.msg.Time(sec=1719306046, nanosec=853860139)",120.0,Handcrafted_LabStudy,1,1,"-2.0,16.5,0.5","-0.0,0.0,-0.0,-1.0","-9.75,1.75,0.0","-0.0,0.0,-0.0,-1.0",16.664960861206055,16.66208267211914,19.96152687072754,0,0,0,0,0,0,0,0.00311279296875,0.0,8.0,0.0,660858171958.3293,0.0946044772863388,
6,navstack-1719303660243,navstack,Hospital,HandCrafted,,,1719306056,253859519,"builtin_interfaces.msg.Time(sec=1719306046, nanosec=853860139)",120.0,Handcrafted_LabStudy,1,1,"-2.0,16.5,0.5","-0.0,0.0,-0.0,-1.0","-9.75,1.75,0.0","-0.0,0.0,-0.0,-1.0",16.664966583251953,16.66208267211914,19.96152687072754,0,0,0,0,0,0,0,0.00311279296875,0.0,8.0,0.0,660624499934.1237,0.1892089545726776,
6,navstack-1719303660243,navstack,Hospital,HandCrafted,,,1719306056,273860216,"builtin_interfaces.msg.Time(sec=1719306046, nanosec=853860139)",120.0,Handcrafted_LabStudy,1,1,"-2.0,16.5,0.5","-0.0,0.0,-0.0,-1.0","-9.75,1.75,0.0","-0.0,0.0,-0.0,-1.0",16.664976119995117,16.66208267211914,19.96152687072754,0,0,0,0,0,0,0,0.00311279296875,0.0,8.0,0.0,660363459997.8136,0.1892089545726776,
6,navstack-1719303660243,navstack,Hospital,HandCrafted,,,1719306056,293859720,"builtin_interfaces.msg.Time(sec=1719306046, nanosec=853860139)",120.0,Handcrafted_LabStudy,1,1,"-2.0,16.5,0.5","-0.0,0.0,-0.0,-1.0","-9.75,1.75,0.0","-0.0,0.0,-0.0,-1.0",16.66498374938965,16.66208267211914,19.96152687072754,0,0,0,0,0,0,0,0.00311279296875,0.0,8.0,0.0,660196347551.2769,0.1892089545726776,
6,navstack-1719303660243,navstack,Hospital,HandCrafted,,,1719306056,313860177,"builtin_interfaces.msg.Time(sec=1719306046, nanosec=853860139)",120.0,Handcrafted_LabStudy,1,1,"-2.0,16.5,0.5","-0.0,0.0,-0.0,-1.0","-9.75,1.75,0.0","-0.0,0.0,-0.0,-1.0",16.664993286132812,16.66208267211914,19.96152687072754,0,0,0,0,0,0,0,0.00311279296875,0.0,8.0,0.0,660074236718.126,0.1892089545726776,
6,navstack-1719303660243,navstack,Hospital,HandCrafted,,,1719306056,313860177,"builtin_interfaces.msg.Time(sec=1719306046, nanosec=853860139)",120.0,Handcrafted_LabStudy,1,1,"-2.0,16.5,0.5","-0.0,0.0,-0.0,-1.0","-9.75,1.75,0.0","-0.0,0.0,-0.0,-1.0",16.664993286132812,16.66208267211914,19.96152687072754,0,0,0,0,0,0,0,0.00311279296875,0.0,8.0,0.0,660074236718.126,0.0946044772863388,
6,navstack-1719303660243,navstack,Hospital,HandCrafted,,,1719306056,333859682,"builtin_interfaces.msg.Time(sec=1719306046, nanosec=853860139)",120.0,Handcrafted_LabStudy,1,1,"-2.0,16.5,0.5","-0.0,0.0,-0.0,-1.0","-9.75,1.75,0.0","-0.0,0.0,-0.0,-1.0",16.665000915527344,16.66208267211914,19.96152687072754,0,0,0,0,0,0,0,0.00311279296875,0.0,8.0,0.0,660134425738.9738,0.0946044772863388,
6,navstack-1719303660243,navstack,Hospital,HandCrafted,,,1719306056,353860139,"builtin_interfaces.msg.Time(sec=1719306046, nanosec=853860139)",120.0,Handcrafted_LabStudy,1,1,"-2.0,16.5,0.5","-0.0,0.0,-0.0,-1.0","-9.75,1.75,0.0","-0.0,0.0,-0.0,-1.0",16.665006637573242,16.66208267211914,19.96152687072754,0,0,0,0,0,0,0,0.00311279296875,0.0,8.0,0.0,660180956285.9966,0.0946044772863388,
6,navstack-1719303660243,navstack,Hospital,HandCrafted,,,1719306056,373859643,"builtin_interfaces.msg.Time(sec=1719306046, nanosec=853860139)",120.0,Handcrafted_LabStudy,1,1,"-2.0,16.5,0.5","-0.0,0.0,-0.0,-1.0","-9.75,1.75,0.0","-0.0,0.0,-0.0,-1.0",16.66501808166504,16.66208267211914,19.96152687072754,0,0,0,0,0,0,0,0.00311279296875,0.0,8.0,0.0,660268207432.2213,0.0946044772863388,
6,navstack-1719303660243,navstack,Hospital,HandCrafted,,,1719306056,373859643,"builtin_interfaces.msg.Time(sec=1719306046, nanosec=853860139)",120.0,Handcrafted_LabStudy,1,1,"-2.0,16.5,0.5","-0.0,0.0,-0.0,-1.0","-9.75,1.75,0.0","-0.0,0.0,-0.0,-1.0",16.66501808166504,16.66208267211914,19.96152687072754,0,0,0,0,0,0,0,0.00311279296875,0.0,8.0,0.0,660268207432.2213,0.0946044772863388,
6,navstack-1719303660243,navstack,Hospital,HandCrafted,,,1719306056,393860101,"builtin_interfaces.msg.Time(sec=1719306046, nanosec=853860139)",120.0,Handcrafted_LabStudy,1,1,"-2.0,16.5,0.5","-0.0,0.0,-0.0,-1.0","-9.75,1.75,0.0","-0.0,0.0,-0.0,-1.0",16.665023803710938,16.66208267211914,19.96152687072754,0,0,0,0,0,0,0,0.00311279296875,0.0,8.0,0.0,660324064474.4305,0.0946044772863388,
6,navstack-1719303660243,navstack,Hospital,HandCrafted,,,1719306056,413859605,"builtin_interfaces.msg.Time(sec=1719306046, nanosec=853860139)",120.0,Handcrafted_LabStudy,1,1,"-2.0,16.5,0.5","-0.0,0.0,-0.0,-1.0","-9.75,1.75,0.0","-0.0,0.0,-0.0,-1.0",16.6650333404541,16.66208267211914,19.96152687072754,0,0,0,0,0,0,0,0.00311279296875,0.0,8.0,0.0,660387617149.2799,0.1892089545726776,
6,navstack-1719303660243,navstack,Hospital,HandCrafted,,,1719306056,433860063,"builtin_interfaces.msg.Time(sec=1719306046, nanosec=853860139)",120.0,Handcrafted_LabStudy,1,1,"-2.0,16.5,0.5","-0.0,0.0,-0.0,-1.0","-9.75,1.75,0.0","-0.0,0.0,-0.0,-1.0",16.665040969848633,16.66208267211914,19.96152687072754,0,0,0,0,0,0,0,0.00311279296875,0.0,8.0,0.0,660465796622.5911,0.1892089545726776,
6,navstack-1719303660243,navstack,Hospital,HandCrafted,,,1719306056,453859567,"builtin_interfaces.msg.Time(sec=1719306046, nanosec=853860139)",120.0,Handcrafted_LabStudy,1,1,"-2.0,16.5,0.5","-0.0,0.0,-0.0,-1.0","-9.75,1.75,0.0","-0.0,0.0,-0.0,-1.0",16.665048599243164,16.66208267211914,19.96152687072754,0,0,0,0,0,0,0,0.00311279296875,0.0,8.0,0.0,660546881069.8127,0.0946044772863388,
6,navstack-1719303660243,navstack,Hospital,HandCrafted,,,1719306056,473860025,"builtin_interfaces.msg.Time(sec=1719306046, nanosec=853860139)",120.0,Handcrafted_LabStudy,1,1,"-2.0,16.5,0.5","-0.0,0.0,-0.0,-1.0","-9.75,1.75,0.0","-0.0,0.0,-0.0,-1.0",16.665058135986328,16.66208267211914,19.96152687072754,0,0,0,0,0,0,0,0.00311279296875,0.0,8.0,0.0,659857281035.0193,0.0946044772863388,
6,navstack-1719303660243,navstack,Hospital,HandCrafted,,,1719306056,493859291,"builtin_interfaces.msg.Time(sec=1719306046, nanosec=853860139)",120.0,Handcrafted_LabStudy,1,1,"-2.0,16.5,0.5","-0.0,0.0,-0.0,-1.0","-9.75,1.75,0.0","-0.0,0.0,-0.0,-1.0",16.665063858032227,16.66208267211914,19.96152687072754,0,0,0,0,0,0,0,0.00311279296875,0.0,8.0,0.0,659923381932.5973,0.1892089545726776,
6,navstack-1719303660243,navstack,Hospital,HandCrafted,,,1719306056,513859748,"builtin_interfaces.msg.Time(sec=1719306046, nanosec=853860139)",120.0,Handcrafted_LabStudy,1,1,"-2.0,16.5,0.5","-0.0,0.0,-0.0,-1.0","-9.75,1.75,0.0","-0.0,0.0,-0.0,-1.0",16.665075302124023,16.66208267211914,19.96152687072754,0,0,0,0,0,0,0,0.00311279296875,0.0,8.0,0.0,659996770747.1788,0.1892089545726776,
6,navstack-1719303660243,navstack,Hospital,HandCrafted,,,1719306056,513859748,"builtin_interfaces.msg.Time(sec=1719306046, nanosec=853860139)",120.0,Handcrafted_LabStudy,1,1,"-2.0,16.5,0.5","-0.0,0.0,-0.0,-1.0","-9.75,1.75,0.0","-0.0,0.0,-0.0,-1.0",16.665075302124023,16.66208267211914,19.96152687072754,0,0,0,0,0,0,0,0.00311279296875,0.0,8.0,0.0,659996770747.1788,0.0946044772863388,
6,navstack-1719303660243,navstack,Hospital,HandCrafted,,,1719306056,533859491,"builtin_interfaces.msg.Time(sec=1719306046, nanosec=853860139)",120.0,Handcrafted_LabStudy,1,1,"-2.0,16.5,0.5","-0.0,0.0,-0.0,-1.0","-9.75,1.75,0.0","-0.0,0.0,-0.0,-1.0",16.665081024169922,16.66208267211914,19.96152687072754,0,0,0,0,0,0,0,0.00311279296875,0.0,8.0,0.0,660222288458.6532,0.0946044772863388,
6,navstack-1719303660243,navstack,Hospital,HandCrafted,,,1719306056,553859949,"builtin_interfaces.msg.Time(sec=1719306046, nanosec=853860139)",120.0,Handcrafted_LabStudy,1,1,"-2.0,16.5,0.5","-0.0,0.0,-0.0,-1.0","-9.75,1.75,0.0","-0.0,0.0,-0.0,-1.0",16.665088653564453,16.66208267211914,19.96152687072754,0,0,0,0,0,0,0,0.00311279296875,0.0,8.0,0.0,660594838621.5636,0.0946044772863388,
6,navstack-1719303660243,navstack,Hospital,HandCrafted,,,1719306056,573859453,"builtin_interfaces.msg.Time(sec=1719306046, nanosec=853860139)",120.0,Handcrafted_LabStudy,1,1,"-2.0,16.5,0.5","-0.0,0.0,-0.0,-1.0","-9.75,1.75,0.0","-0.0,0.0,-0.0,-1.0",16.665098190307617,16.66208267211914,19.96152687072754,0,0,0,0,0,0,0,0.00311279296875,0.0,8.0,0.0,659907328129.4076,0.0946044772863388,
6,navstack-1719303660243,navstack,Hospital,HandCrafted,,,1719306056,593859910,"builtin_interfaces.msg.Time(sec=1719306046, nanosec=853860139)",120.0,Handcrafted_LabStudy,1,1,"-2.0,16.5,0.5","-0.0,0.0,-0.0,-1.0","-9.75,1.75,0.0","-0.0,0.0,-0.0,-1.0",16.66510581970215,16.66208267211914,19.96152687072754,0,0,0,0,0,0,0,0.00311279296875,0.0,8.0,0.0,659908041631.7715,0.1892089545726776,
6,navstack-1719303660243,navstack,Hospital,HandCrafted,,,1719306056,633859872,"builtin_interfaces.msg.Time(sec=1719306046, nanosec=853860139)",120.0,Handcrafted_LabStudy,1,1,"-2.0,16.5,0.5","-0.0,0.0,-0.0,-1.0","-9.75,1.75,0.0","-0.0,0.0,-0.0,-1.0",16.66512107849121,16.66208267211914,19.96152687072754,0,0,0,0,0,0,0,0.00311279296875,0.0,8.0,0.0,660413609021.111,0.0946044772863388,
6,navstack-1719303660243,navstack,Hospital,HandCrafted,,,1719306056,653860330,"builtin_interfaces.msg.Time(sec=1719306046, nanosec=853860139)",120.0,Handcrafted_LabStudy,1,1,"-2.0,16.5,0.5","-0.0,0.0,-0.0,-1.0","-9.75,1.75,0.0","-0.0,0.0,-0.0,-1.0",16.665132522583008,16.66208267211914,19.96152687072754,0,0,0,0,0,0,0,0.00311279296875,0.0,8.0,0.0,659724926346.4998,0.0946044772863388,
6,navstack-1719303660243,navstack,Hospital,HandCrafted,,,1719306056,653860330,"builtin_interfaces.msg.Time(sec=1719306046, nanosec=853860139)",120.0,Handcrafted_LabStudy,1,1,"-2.0,16.5,0.5","-0.0,0.0,-0.0,-1.0","-9.75,1.75,0.0","-0.0,0.0,-0.0,-1.0",16.665132522583008,16.66208267211914,19.96152687072754,0,0,0,0,0,0,0,0.00311279296875,0.0,8.0,0.0,659724926346.4998,0.0946044772863388,
6,navstack-1719303660243,navstack,Hospital,HandCrafted,,,1719306056,673859834,"builtin_interfaces.msg.Time(sec=1719306046, nanosec=853860139)",120.0,Handcrafted_LabStudy,1,1,"-2.0,16.5,0.5","-0.0,0.0,-0.0,-1.0","-9.75,1.75,0.0","-0.0,0.0,-0.0,-1.0",16.665138244628906,16.66208267211914,19.96152687072754,0,0,0,0,0,0,0,0.00311279296875,0.0,8.0,0.0,659999675721.0894,0.0946044772863388,
6,navstack-1719303660243,navstack,Hospital,HandCrafted,,,1719306056,693860292,"builtin_interfaces.msg.Time(sec=1719306046, nanosec=853860139)",120.0,Handcrafted_LabStudy,1,1,"-2.0,16.5,0.5","-0.0,0.0,-0.0,-1.0","-9.75,1.75,0.0","-0.0,0.0,-0.0,-1.0",16.665145874023438,16.66208267211914,19.96152687072754,0,0,0,0,0,0,0,0.00311279296875,0.0,8.0,0.0,660185441157.9988,0.0946044772863388,
6,navstack-1719303660243,navstack,Hospital,HandCrafted,,,1719306056,713859796,"builtin_interfaces.msg.Time(sec=1719306046, nanosec=853860139)",120.0,Handcrafted_LabStudy,1,1,"-2.0,16.5,0.5","-0.0,0.0,-0.0,-1.0","-9.75,1.75,0.0","-0.0,0.0,-0.0,-1.0",16.6651554107666,16.66208267211914,19.96152687072754,0,0,0,0,0,0,0,0.00311279296875,0.0,8.0,0.0,660697684890.8868,0.0946044772863388,
6,navstack-1719303660243,navstack,Hospital,HandCrafted,,,1719306056,713859796,"builtin_interfaces.msg.Time(sec=1719306046, nanosec=853860139)",120.0,Handcrafted_LabStudy,1,1,"-2.0,16.5,0.5","-0.0,0.0,-0.0,-1.0","-9.75,1.75,0.0","-0.0,0.0,-0.0,-1.0",16.6651554107666,16.66208267211914,19.96152687072754,0,0,0,0,0,0,0,0.00311279296875,0.0,8.0,0.0,659506798480.938,0.0946044772863388,
6,navstack-1719303660243,navstack,Hospital,HandCrafted,,,1719306056,733860015,"builtin_interfaces.msg.Time(sec=1719306046, nanosec=853860139)",120.0,Handcrafted_LabStudy,1,1,"-2.0,16.5,0.5","-0.0,0.0,-0.0,-1.0","-9.75,1.75,0.0","-0.0,0.0,-0.0,-1.0",16.665163040161133,16.66208267211914,19.96152687072754,0,0,0,0,0,0,0,0.00311279296875,0.0,8.0,0.0,659502517466.754,0.0946044772863388,
6,navstack-1719303660243,navstack,Hospital,HandCrafted,,,1719306056,753859519,"builtin_interfaces.msg.Time(sec=1719306046, nanosec=853860139)",120.0,Handcrafted_LabStudy,1,1,"-2.0,16.5,0.5","-0.0,0.0,-0.0,-1.0","-9.75,1.75,0.0","-0.0,0.0,-0.0,-1.0",16.665172576904297,16.66208267211914,19.96152687072754,0,0,0,0,0,0,0,0.00311279296875,0.0,8.0,0.0,659952023956.0659,0.1892089545726776,
6,navstack-1719303660243,navstack,Hospital,HandCrafted,,,1719306056,773860216,"builtin_interfaces.msg.Time(sec=1719306046, nanosec=853860139)",120.0,Handcrafted_LabStudy,1,1,"-2.0,16.5,0.5","-0.0,0.0,-0.0,-1.0","-9.75,1.75,0.0","-0.0,0.0,-0.0,-1.0",16.665180206298828,16.66208267211914,19.96152687072754,0,0,0,0,0,0,0,0.00311279296875,0.0,8.0,0.0,660346998478.9873,0.1892089545726776,
6,navstack-1719303660243,navstack,Hospital,HandCrafted,,,1719306056,793859720,"builtin_interfaces.msg.Time(sec=1719306046, nanosec=853860139)",120.0,Handcrafted_LabStudy,1,1,"-2.0,16.5,0.5","-0.0,0.0,-0.0,-1.0","-9.75,1.75,0.0","-0.0,0.0,-0.0,-1.0",16.665185928344727,16.66208267211914,19.96152687072754,0,0,0,0,0,0,0,0.00311279296875,0.0,8.0,0.0,659375310188.1461,0.0946044772863388,
6,navstack-1719303660243,navstack,Hospital,HandCrafted,,,1719306056,813860177,"builtin_interfaces.msg.Time(sec=1719306046, nanosec=853860139)",120.0,Handcrafted_LabStudy,1,1,"-2.0,16.5,0.5","-0.0,0.0,-0.0,-1.0","-9.75,1.75,0.0","-0.0,0.0,-0.0,-1.0",16.66519546508789,16.66208267211914,19.96152687072754,0,0,0,0,0,0,0,0.00311279296875,0.0,8.0,0.0,659790568563.9866,0.0946044772863388,
6,navstack-1719303660243,navstack,Hospital,HandCrafted,,,1719306056,813860177,"builtin_interfaces.msg.Time(sec=1719306046, nanosec=853860139)",120.0,Handcrafted_LabStudy,1,1,"-2.0,16.5,0.5","-0.0,0.0,-0.0,-1.0","-9.75,1.75,0.0","-0.0,0.0,-0.0,-1.0",16.66519546508789,16.66208267211914,19.96152687072754,0,0,0,0,0,0,0,0.00311279296875,0.0,8.0,0.0,659790568563.9866,0.0946044772863388,
6,navstack-1719303660243,navstack,Hospital,HandCrafted,,,1719306056,833859682,"builtin_interfaces.msg.Time(sec=1719306046, nanosec=853860139)",120.0,Handcrafted_LabStudy,1,1,"-2.0,16.5,0.5","-0.0,0.0,-0.0,-1.0","-9.75,1.75,0.0","-0.0,0.0,-0.0,-1.0",16.665203094482422,16.66208267211914,19.96152687072754,0,0,0,0,0,0,0,0.00311279296875,0.0,8.0,0.0,659109785379.8337,0.0946044772863388,
6,navstack-1719303660243,navstack,Hospital,HandCrafted,,,1719306056,853860139,"builtin_interfaces.msg.Time(sec=1719306046, nanosec=853860139)",120.0,Handcrafted_LabStudy,1,1,"-2.0,16.5,0.5","-0.0,0.0,-0.0,-1.0","-9.75,1.75,0.0","-0.0,0.0,-0.0,-1.0",16.665212631225586,16.66208267211914,19.96152687072754,0,0,0,0,0,0,0,0.00311279296875,0.0,8.0,0.0,659788479021.3491,0.1892089545726776,
6,navstack-1719303660243,navstack,Hospital,HandCrafted,,,1719306056,853860139,"builtin_interfaces.msg.Time(sec=1719306046, nanosec=853860139)",120.0,Handcrafted_LabStudy,1,1,"-2.0,16.5,0.5","-0.0,0.0,-0.0,-1.0","-9.75,1.75,0.0","-0.0,0.0,-0.0,-1.0",16.665212631225586,16.66208267211914,19.96152687072754,0,0,0,0,0,0,0,0.00311279296875,0.0,8.0,0.0,659788479021.3491,0.0946044772863388,
6,navstack-1719303660243,navstack,Hospital,HandCrafted,,,1719306056,873859643,"builtin_interfaces.msg.Time(sec=1719306046, nanosec=853860139)",120.0,Handcrafted_LabStudy,1,1,"-2.0,16.5,0.5","-0.0,0.0,-0.0,-1.0","-9.75,1.75,0.0","-0.0,0.0,-0.0,-1.0",16.665220260620117,16.66208267211914,19.96152687072754,0,0,0,0,0,0,0,0.00311279296875,0.0,8.0,0.0,660114396708.3275,0.0946044772863388,
6,navstack-1719303660243,navstack,Hospital,HandCrafted,,,1719306056,953859567,"builtin_interfaces.msg.Time(sec=1719306046, nanosec=853860139)",120.0,Handcrafted_LabStudy,1,1,"-2.0,16.5,0.5","-0.0,0.0,-0.0,-1.0","-9.75,1.75,0.0","-0.0,0.0,-0.0,-1.0",16.665254592895508,16.66208267211914,19.96152687072754,0,0,0,0,0,0,0,0.00311279296875,0.0,8.0,0.0,659157335215.948,0.1892089545726776,
6,navstack-1719303660243,navstack,Hospital,HandCrafted,,,1719306056,973860025,"builtin_interfaces.msg.Time(sec=1719306046, nanosec=853860139)",120.0,Handcrafted_LabStudy,1,1,"-2.0,16.5,0.5","-0.0,0.0,-0.0,-1.0","-9.75,1.75,0.0","-0.0,0.0,-0.0,-1.0",16.665260314941406,16.66208267211914,19.822568893432617,0,0,0,0,0,0,0,0.003582000732421875,0.0,9.0,0.0,659944226394.5166,0.1892089545726776,
6,navstack-1719303660243,navstack,Hospital,HandCrafted,,,1719306056,993859291,"builtin_interfaces.msg.Time(sec=1719306046, nanosec=853860139)",120.0,Handcrafted_LabStudy,1,1,"-2.0,16.5,0.5","-0.0,0.0,-0.0,-1.0","-9.75,1.75,0.0","-0.0,0.0,-0.0,-1.0",16.66526985168457,16.66208267211914,19.822568893432617,0,0,0,0,0,0,0,0.003582000732421875,0.0,9.0,0.0,659257021689.088,0.1892089545726776,
6,navstack-1719303660243,navstack,Hospital,HandCrafted,,,1719306057,13859748,"builtin_interfaces.msg.Time(sec=1719306046, nanosec=853860139)",120.0,Handcrafted_LabStudy,1,1,"-2.0,16.5,0.5","-0.0,0.0,-0.0,-1.0","-9.75,1.75,0.0","-0.0,0.0,-0.0,-1.0",16.6652774810791,16.66208267211914,19.822568893432617,0,0,0,0,0,0,0,0.003582000732421875,0.0,9.0,0.0,659424694744.6249,0.1892089545726776,
6,navstack-1719303660243,navstack,Hospital,HandCrafted,,,1719306057,13859748,"builtin_interfaces.msg.Time(sec=1719306046, nanosec=853860139)",120.0,Handcrafted_LabStudy,1,1,"-2.0,16.5,0.5","-0.0,0.0,-0.0,-1.0","-9.75,1.75,0.0","-0.0,0.0,-0.0,-1.0",16.6652774810791,16.66208267211914,19.822568893432617,0,0,0,0,0,0,0,0.003582000732421875,0.0,9.0,0.0,659424694744.6249,0.0946044772863388,
6,navstack-1719303660243,navstack,Hospital,HandCrafted,,,1719306057,33859491,"builtin_interfaces.msg.Time(sec=1719306046, nanosec=853860139)",120.0,Handcrafted_LabStudy,1,1,"-2.0,16.5,0.5","-0.0,0.0,-0.0,-1.0","-9.75,1.75,0.0","-0.0,0.0,-0.0,-1.0",16.665283203125,16.66208267211914,19.822568893432617,0,0,0,0,0,0,0,0.003582000732421875,0.0,9.0,0.0,658746052067.5641,0.0,
6,navstack-1719303660243,navstack,Hospital,HandCrafted,,,1719306057,53859949,"builtin_interfaces.msg.Time(sec=1719306046, nanosec=853860139)",120.0,Handcrafted_LabStudy,1,1,"-2.0,16.5,0.5","-0.0,0.0,-0.0,-1.0","-9.75,1.75,0.0","-0.0,0.0,-0.0,-1.0",16.665294647216797,16.66208267211914,19.822568893432617,0,0,0,0,0,0,0,0.003582000732421875,0.0,9.0,0.0,658817708090.6902,0.0946044772863388,
6,navstack-1719303660243,navstack,Hospital,HandCrafted,,,1719306057,53859949,"builtin_interfaces.msg.Time(sec=1719306046, nanosec=853860139)",120.0,Handcrafted_LabStudy,1,1,"-2.0,16.5,0.5","-0.0,0.0,-0.0,-1.0","-9.75,1.75,0.0","-0.0,0.0,-0.0,-1.0",16.665294647216797,16.66208267211914,19.822568893432617,0,0,0,0,0,0,0,0.003582000732421875,0.0,9.0,0.0,658817708090.6902,0.0946044772863388,
6,navstack-1719303660243,navstack,Hospital,HandCrafted,,,1719306057,73859453,"builtin_interfaces.msg.Time(sec=1719306046, nanosec=853860139)",120.0,Handcrafted_LabStudy,1,1,"-2.0,16.5,0.5","-0.0,0.0,-0.0,-1.0","-9.75,1.75,0.0","-0.0,0.0,-0.0,-1.0",16.665300369262695,16.66208267211914,19.822568893432617,0,0,0,0,0,0,0,0.003582000732421875,0.0,9.0,0.0,658707522939.9088,0.0946044772863388,
6,navstack-1719303660243,navstack,Hospital,HandCrafted,,,1719306057,73859453,"builtin_interfaces.msg.Time(sec=1719306046, nanosec=853860139)",120.0,Handcrafted_LabStudy,1,1,"-2.0,16.5,0.5","-0.0,0.0,-0.0,-1.0","-9.75,1.75,0.0","-0.0,0.0,-0.0,-1.0",16.665300369262695,16.66208267211914,19.822568893432617,0,0,0,0,0,0,0,0.003582000732421875,0.0,9.0,0.0,658707522939.9088,0.0946044772863388,
6,navstack-1719303660243,navstack,Hospital,HandCrafted,,,1719306057,93859910,"builtin_interfaces.msg.Time(sec=1719306046, nanosec=853860139)",120.0,Handcrafted_LabStudy,1,1,"-2.0,16.5,0.5","-0.0,0.0,-0.0,-1.0","-9.75,1.75,0.0","-0.0,0.0,-0.0,-1.0",16.665311813354492,16.66208267211914,19.822568893432617,0,0,0,0,0,0,0,0.003582000732421875,0.0,9.0,0.0,658621291082.7755,0.0946044772863388,
6,navstack-1719303660243,navstack,Hospital,HandCrafted,,,1719306057,113860368,"builtin_interfaces.msg.Time(sec=1719306046, nanosec=853860139)",120.0,Handcrafted_LabStudy,1,1,"-2.0,16.5,0.5","-0.0,0.0,-0.0,-1.0","-9.75,1.75,0.0","-0.0,0.0,-0.0,-1.0",16.66531753540039,16.66208267211914,19.822568893432617,0,0,0,0,0,0,0,0.003582000732421875,0.0,9.0,0.0,658480170508.0698,0.1892089545726776,
6,navstack-1719303660243,navstack,Hospital,HandCrafted,,,1719306057,133859872,"builtin_interfaces.msg.Time(sec=1719306046, nanosec=853860139)",120.0,Handcrafted_LabStudy,1,1,"-2.0,16.5,0.5","-0.0,0.0,-0.0,-1.0","-9.75,1.75,0.0","-0.0,0.0,-0.0,-1.0",16.665325164794922,16.66208267211914,19.822568893432617,0,0,0,0,0,0,0,0.003582000732421875,0.0,9.0,0.0,658322690343.4469,0.0946044772863388,
6,navstack-1719303660243,navstack,Hospital,HandCrafted,,,1719306057,133859872,"builtin_interfaces.msg.Time(sec=1719306046, nanosec=853860139)",120.0,Handcrafted_LabStudy,1,1,"-2.0,16.5,0.5","-0.0,0.0,-0.0,-1.0","-9.75,1.75,0.0","-0.0,0.0,-0.0,-1.0",16.665325164794922,16.66208267211914,19.822568893432617,0,0,0,0,0,0,0,0.003582000732421875,0.0,9.0,0.0,659007448755.0562,0.0,
6,navstack-1719303660243,navstack,Hospital,HandCrafted,,,1719306057,153860330,"builtin_interfaces.msg.Time(sec=1719306046, nanosec=853860139)",120.0,Handcrafted_LabStudy,1,1,"-2.0,16.5,0.5","-0.0,0.0,-0.0,-1.0","-9.75,1.75,0.0","-0.0,0.0,-0.0,-1.0",16.665334701538086,16.66208267211914,19.822568893432617,0,0,0,0,0,0,0,0.003582000732421875,0.0,9.0,0.0,659001893629.508,0.0946044772863388,
6,navstack-1719303660243,navstack,Hospital,HandCrafted,,,1719306057,173859834,"builtin_interfaces.msg.Time(sec=1719306046, nanosec=853860139)",120.0,Handcrafted_LabStudy,1,1,"-2.0,16.5,0.5","-0.0,0.0,-0.0,-1.0","-9.75,1.75,0.0","-0.0,0.0,-0.0,-1.0",16.665342330932617,16.66208267211914,19.822568893432617,0,0,0,0,0,0,0,0.003582000732421875,0.0,9.0,0.0,658904908272.4603,0.1892089545726776,
6,navstack-1719303660243,navstack,Hospital,HandCrafted,,,1719306057,193860292,"builtin_interfaces.msg.Time(sec=1719306046, nanosec=853860139)",120.0,Handcrafted_LabStudy,1,1,"-2.0,16.5,0.5","-0.0,0.0,-0.0,-1.0","-9.75,1.75,0.0","-0.0,0.0,-0.0,-1.0",16.66535186767578,16.66208267211914,19.822568893432617,0,0,0,0,0,0,0,0.003582000732421875,0.0,9.0,0.0,658755582420.5688,0.1892089545726776,
6,navstack-1719303660243,navstack,Hospital,HandCrafted,,,1719306057,193860292,"builtin_interfaces.msg.Time(sec=1719306046, nanosec=853860139)",120.0,Handcrafted_LabStudy,1,1,"-2.0,16.5,0.5","-0.0,0.0,-0.0,-1.0","-9.75,1.75,0.0","-0.0,0.0,-0.0,-1.0",16.66535186767578,16.66208267211914,19.822568893432617,0,0,0,0,0,0,0,0.003582000732421875,0.0,9.0,0.0,658755582420.5688,0.0946044772863388,
6,navstack-1719303660243,navstack,Hospital,HandCrafted,,,1719306057,213859796,"builtin_interfaces.msg.Time(sec=1719306046, nanosec=853860139)",120.0,Handcrafted_LabStudy,1,1,"-2.0,16.5,0.5","-0.0,0.0,-0.0,-1.0","-9.75,1.75,0.0","-0.0,0.0,-0.0,-1.0",16.66535758972168,16.66208267211914,19.822568893432617,0,0,0,0,0,0,0,0.003582000732421875,0.0,9.0,0.0,658653908333.7007,0.0946044772863388,
6,navstack-1719303660243,navstack,Hospital,HandCrafted,,,1719306057,213859796,"builtin_interfaces.msg.Time(sec=1719306046, nanosec=853860139)",120.0,Handcrafted_LabStudy,1,1,"-2.0,16.5,0.5","-0.0,0.0,-0.0,-1.0","-9.75,1.75,0.0","-0.0,0.0,-0.0,-1.0",16.66535758972168,16.66208267211914,19.822568893432617,0,0,0,0,0,0,0,0.003582000732421875,0.0,9.0,0.0,658653908333.7007,0.0946044772863388,
6,navstack-1719303660243,navstack,Hospital,HandCrafted,,,1719306057,213859796,"builtin_interfaces.msg.Time(sec=1719306046, nanosec=853860139)",120.0,Handcrafted_LabStudy,1,1,"-2.0,16.5,0.5","-0.0,0.0,-0.0,-1.0","-9.75,1.75,0.0","-0.0,0.0,-0.0,-1.0",16.66535758972168,16.66208267211914,19.822568893432617,0,0,0,0,0,0,0,0.003582000732421875,0.0,9.0,0.0,658653908333.7007,0.0,
6,navstack-1719303660243,navstack,Hospital,HandCrafted,,,1719306057,233860015,"builtin_interfaces.msg.Time(sec=1719306046, nanosec=853860139)",120.0,Handcrafted_LabStudy,1,1,"-2.0,16.5,0.5","-0.0,0.0,-0.0,-1.0","-9.75,1.75,0.0","-0.0,0.0,-0.0,-1.0",16.665369033813477,16.66208267211914,19.822568893432617,0,0,0,0,0,0,0,0.003582000732421875,0.0,9.0,0.0,658571447846.2056,0.0946044772863388,
6,navstack-1719303660243,navstack,Hospital,HandCrafted,,,1719306057,233860015,"builtin_interfaces.msg.Time(sec=1719306046, nanosec=853860139)",120.0,Handcrafted_LabStudy,1,1,"-2.0,16.5,0.5","-0.0,0.0,-0.0,-1.0","-9.75,1.75,0.0","-0.0,0.0,-0.0,-1.0",16.665369033813477,16.66208267211914,19.822568893432617,0,0,0,0,0,0,0,0.003582000732421875,0.0,9.0,0.0,658571447846.2056,0.0946044772863388,
6,navstack-1719303660243,navstack,Hospital,HandCrafted,,,1719306057,253859519,"builtin_interfaces.msg.Time(sec=1719306046, nanosec=853860139)",120.0,Handcrafted_LabStudy,1,1,"-2.0,16.5,0.5","-0.0,0.0,-0.0,-1.0","-9.75,1.75,0.0","-0.0,0.0,-0.0,-1.0",16.665374755859375,16.66208267211914,19.822568893432617,0,0,0,0,0,0,0,0.003582000732421875,0.0,9.0,0.0,658397047482.6653,0.0946044772863388,
6,navstack-1719303660243,navstack,Hospital,HandCrafted,,,1719306057,273860216,"builtin_interfaces.msg.Time(sec=1719306046, nanosec=853860139)",120.0,Handcrafted_LabStudy,1,1,"-2.0,16.5,0.5","-0.0,0.0,-0.0,-1.0","-9.75,1.75,0.0","-0.0,0.0,-0.0,-1.0",16.665382385253906,16.66208267211914,19.822568893432617,0,0,0,0,0,0,0,0.003582000732421875,0.0,9.0,0.0,658244561834.5903,0.0946044772863388,
6,navstack-1719303660243,navstack,Hospital,HandCrafted,,,1719306057,273860216,"builtin_interfaces.msg.Time(sec=1719306046, nanosec=853860139)",120.0,Handcrafted_LabStudy,1,1,"-2.0,16.5,0.5","-0.0,0.0,-0.0,-1.0","-9.75,1.75,0.0","-0.0,0.0,-0.0,-1.0",16.665382385253906,16.66208267211914,19.822568893432617,0,0,0,0,0,0,0,0.003582000732421875,0.0,9.0,0.0,658244561834.5903,0.0,
6,navstack-1719303660243,navstack,Hospital,HandCrafted,,,1719306057,293859720,"builtin_interfaces.msg.Time(sec=1719306046, nanosec=853860139)",120.0,Handcrafted_LabStudy,1,1,"-2.0,16.5,0.5","-0.0,0.0,-0.0,-1.0","-9.75,1.75,0.0","-0.0,0.0,-0.0,-1.0",16.66539192199707,16.66208267211914,19.822568893432617,0,0,0,0,0,0,0,0.003582000732421875,0.0,9.0,0.0,658008596409.929,0.0946044772863388,
6,navstack-1719303660243,navstack,Hospital,HandCrafted,,,1719306057,313860177,"builtin_interfaces.msg.Time(sec=1719306046, nanosec=853860139)",120.0,Handcrafted_LabStudy,1,1,"-2.0,16.5,0.5","-0.0,0.0,-0.0,-1.0","-9.75,1.75,0.0","-0.0,0.0,-0.0,-1.0",16.6653995513916,16.66208267211914,19.822568893432617,0,0,0,0,0,0,0,0.003582000732421875,0.0,9.0,0.0,658682091677.0781,0.1892089545726776,
6,navstack-1719303660243,navstack,Hospital,HandCrafted,,,1719306057,313860177,"builtin_interfaces.msg.Time(sec=1719306046, nanosec=853860139)",120.0,Handcrafted_LabStudy,1,1,"-2.0,16.5,0.5","-0.0,0.0,-0.0,-1.0","-9.75,1.75,0.0","-0.0,0.0,-0.0,-1.0",16.6653995513916,16.66208267211914,19.822568893432617,0,0,0,0,0,0,0,0.003582000732421875,0.0,9.0,0.0,658682091677.0781,0.0946044772863388,
6,navstack-1719303660243,navstack,Hospital,HandCrafted,,,1719306057,333859682,"builtin_interfaces.msg.Time(sec=1719306046, nanosec=853860139)",120.0,Handcrafted_LabStudy,1,1,"-2.0,16.5,0.5","-0.0,0.0,-0.0,-1.0","-9.75,1.75,0.0","-0.0,0.0,-0.0,-1.0",16.665409088134766,16.66208267211914,19.822568893432617,0,0,0,0,0,0,0,0.003582000732421875,0.0,9.0,0.0,658481189797.1613,0.0946044772863388,
6,navstack-1719303660243,navstack,Hospital,HandCrafted,,,1719306057,353860139,"builtin_interfaces.msg.Time(sec=1719306046, nanosec=853860139)",120.0,Handcrafted_LabStudy,1,1,"-2.0,16.5,0.5","-0.0,0.0,-0.0,-1.0","-9.75,1.75,0.0","-0.0,0.0,-0.0,-1.0",16.665416717529297,16.66208267211914,19.822568893432617,0,0,0,0,0,0,0,0.003582000732421875,0.0,9.0,0.0,658206644280.3899,0.1892089545726776,
6,navstack-1719303660243,navstack,Hospital,HandCrafted,,,1719306057,373859643,"builtin_interfaces.msg.Time(sec=1719306046, nanosec=853860139)",120.0,Handcrafted_LabStudy,1,1,"-2.0,16.5,0.5","-0.0,0.0,-0.0,-1.0","-9.75,1.75,0.0","-0.0,0.0,-0.0,-1.0",16.665422439575195,16.66208267211914,19.822568893432617,0,0,0,0,0,0,0,0.003582000732421875,0.0,9.0,0.0,658882993556.995,0.0946044772863388,
6,navstack-1719303660243,navstack,Hospital,HandCrafted,,,1719306057,393860101,"builtin_interfaces.msg.Time(sec=1719306046, nanosec=853860139)",120.0,Handcrafted_LabStudy,1,1,"-2.0,16.5,0.5","-0.0,0.0,-0.0,-1.0","-9.75,1.75,0.0","-0.0,0.0,-0.0,-1.0",16.66543197631836,16.66208267211914,19.822568893432617,0,0,0,0,0,0,0,0.003582000732421875,0.0,9.0,0.0,658542652929.3733,0.0946044772863388,
6,navstack-1719303660243,navstack,Hospital,HandCrafted,,,1719306057,413859605,"builtin_interfaces.msg.Time(sec=1719306046, nanosec=853860139)",120.0,Handcrafted_LabStudy,1,1,"-2.0,16.5,0.5","-0.0,0.0,-0.0,-1.0","-9.75,1.75,0.0","-0.0,0.0,-0.0,-1.0",16.66543960571289,16.66208267211914,19.822568893432617,0,0,0,0,0,0,0,0.003582000732421875,0.0,9.0,0.0,658210772401.2101,0.1892089545726776,
6,navstack-1719303660243,navstack,Hospital,HandCrafted,,,1719306057,433860063,"builtin_interfaces.msg.Time(sec=1719306046, nanosec=853860139)",120.0,Handcrafted_LabStudy,1,1,"-2.0,16.5,0.5","-0.0,0.0,-0.0,-1.0","-9.75,1.75,0.0","-0.0,0.0,-0.0,-1.0",16.665449142456055,16.66208267211914,19.822568893432617,0,0,0,0,0,0,0,0.003582000732421875,0.0,9.0,0.0,657878993801.9562,0.1892089545726776,
6,navstack-1719303660243,navstack,Hospital,HandCrafted,,,1719306057,453859567,"builtin_interfaces.msg.Time(sec=1719306046, nanosec=853860139)",120.0,Handcrafted_LabStudy,1,1,"-2.0,16.5,0.5","-0.0,0.0,-0.0,-1.0","-9.75,1.75,0.0","-0.0,0.0,-0.0,-1.0",16.665456771850586,16.66208267211914,19.822568893432617,0,0,0,0,0,0,0,0.003582000732421875,0.0,9.0,0.0,658557687443.4716,0.1892089545726776,
6,navstack-1719303660243,navstack,Hospital,HandCrafted,,,1719306057,473860025,"builtin_interfaces.msg.Time(sec=1719306046, nanosec=853860139)",120.0,Handcrafted_LabStudy,1,1,"-2.0,16.5,0.5","-0.0,0.0,-0.0,-1.0","-9.75,1.75,0.0","-0.0,0.0,-0.0,-1.0",16.66546630859375,16.66208267211914,19.822568893432617,0,0,0,0,0,0,0,0.003582000732421875,0.0,9.0,0.0,658309898265.3497,0.1892089545726776,
6,navstack-1719303660243,navstack,Hospital,HandCrafted,,,1719306057,493859291,"builtin_interfaces.msg.Time(sec=1719306046, nanosec=853860139)",120.0,Handcrafted_LabStudy,1,1,"-2.0,16.5,0.5","-0.0,0.0,-0.0,-1.0","-9.75,1.75,0.0","-0.0,0.0,-0.0,-1.0",16.66547393798828,16.66208267211914,19.822568893432617,0,0,0,0,0,0,0,0.003582000732421875,0.0,9.0,0.0,657914668920.1555,0.1892089545726776,
6,navstack-1719303660243,navstack,Hospital,HandCrafted,,,1719306057,513859748,"builtin_interfaces.msg.Time(sec=1719306046, nanosec=853860139)",120.0,Handcrafted_LabStudy,1,1,"-2.0,16.5,0.5","-0.0,0.0,-0.0,-1.0","-9.75,1.75,0.0","-0.0,0.0,-0.0,-1.0",16.66547966003418,16.66208267211914,19.822568893432617,0,0,0,0,0,0,0,0.003582000732421875,0.0,9.0,0.0,658593668348.3983,0.0946044772863388,
6,navstack-1719303660243,navstack,Hospital,HandCrafted,,,1719306057,513859748,"builtin_interfaces.msg.Time(sec=1719306046, nanosec=853860139)",120.0,Handcrafted_LabStudy,1,1,"-2.0,16.5,0.5","-0.0,0.0,-0.0,-1.0","-9.75,1.75,0.0","-0.0,0.0,-0.0,-1.0",16.66547966003418,16.66208267211914,19.822568893432617,0,0,0,0,0,0,0,0.003582000732421875,0.0,9.0,0.0,658593413526.1255,0.0,
6,navstack-1719303660243,navstack,Hospital,HandCrafted,,,1719306057,533859491,"builtin_interfaces.msg.Time(sec=1719306046, nanosec=853860139)",120.0,Handcrafted_LabStudy,1,1,"-2.0,16.5,0.5","-0.0,0.0,-0.0,-1.0","-9.75,1.75,0.0","-0.0,0.0,-0.0,-1.0",16.665489196777344,16.66208267211914,19.822568893432617,0,0,0,0,0,0,0,0.003582000732421875,0.0,9.0,0.0,658590712410.0332,0.0946044772863388,
6,navstack-1719303660243,navstack,Hospital,HandCrafted,,,1719306057,573859453,"builtin_interfaces.msg.Time(sec=1719306046, nanosec=853860139)",120.0,Handcrafted_LabStudy,1,1,"-2.0,16.5,0.5","-0.0,0.0,-0.0,-1.0","-9.75,1.75,0.0","-0.0,0.0,-0.0,-1.0",16.66550636291504,16.66208267211914,19.822568893432617,0,0,0,0,0,0,0,0.003582000732421875,0.0,9.0,0.0,658198846718.8406,0.0946044772863388,
6,navstack-1719303660243,navstack,Hospital,HandCrafted,,,1719306057,593859910,"builtin_interfaces.msg.Time(sec=1719306046, nanosec=853860139)",120.0,Handcrafted_LabStudy,1,1,"-2.0,16.5,0.5","-0.0,0.0,-0.0,-1.0","-9.75,1.75,0.0","-0.0,0.0,-0.0,-1.0",16.66551399230957,16.66208267211914,19.822568893432617,0,0,0,0,0,0,0,0.003582000732421875,0.0,9.0,0.0,657748728656.074,0.0946044772863388,
6,navstack-1719303660243,navstack,Hospital,HandCrafted,,,1719306057,613860368,"builtin_interfaces.msg.Time(sec=1719306046, nanosec=853860139)",120.0,Handcrafted_LabStudy,1,1,"-2.0,16.5,0.5","-0.0,0.0,-0.0,-1.0","-9.75,1.75,0.0","-0.0,0.0,-0.0,-1.0",16.66551971435547,16.66208267211914,19.822568893432617,0,0,0,0,0,0,0,0.003582000732421875,0.0,9.0,0.0,658427830013.226,0.0946044772863388,
6,navstack-1719303660243,navstack,Hospital,HandCrafted,,,1719306057,633859872,"builtin_interfaces.msg.Time(sec=1719306046, nanosec=853860139)",120.0,Handcrafted_LabStudy,1,1,"-2.0,16.5,0.5","-0.0,0.0,-0.0,-1.0","-9.75,1.75,0.0","-0.0,0.0,-0.0,-1.0",16.665531158447266,16.66208267211914,19.822568893432617,0,0,0,0,0,0,0,0.003582000732421875,0.0,9.0,0.0,658017158438.2968,0.0946044772863388,
6,navstack-1719303660243,navstack,Hospital,HandCrafted,,,1719306057,673859834,"builtin_interfaces.msg.Time(sec=1719306046, nanosec=853860139)",120.0,Handcrafted_LabStudy,1,1,"-2.0,16.5,0.5","-0.0,0.0,-0.0,-1.0","-9.75,1.75,0.0","-0.0,0.0,-0.0,-1.0",16.66554832458496,16.66208267211914,19.822568893432617,0,0,0,0,0,0,0,0.003582000732421875,0.0,9.0,0.0,657559038956.1626,0.0946044772863388,
6,navstack-1719303660243,navstack,Hospital,HandCrafted,,,1719306057,693860292,"builtin_interfaces.msg.Time(sec=1719306046, nanosec=853860139)",120.0,Handcrafted_LabStudy,1,1,"-2.0,16.5,0.5","-0.0,0.0,-0.0,-1.0","-9.75,1.75,0.0","-0.0,0.0,-0.0,-1.0",16.66555404663086,16.66208267211914,19.822568893432617,0,0,0,0,0,0,0,0.003582000732421875,0.0,9.0,0.0,658519566031.4528,0.0946044772863388,
6,navstack-1719303660243,navstack,Hospital,HandCrafted,,,1719306057,713859796,"builtin_interfaces.msg.Time(sec=1719306046, nanosec=853860139)",120.0,Handcrafted_LabStudy,1,1,"-2.0,16.5,0.5","-0.0,0.0,-0.0,-1.0","-9.75,1.75,0.0","-0.0,0.0,-0.0,-1.0",16.665563583374023,16.66208267211914,19.822568893432617,0,0,0,0,0,0,0,0.003582000732421875,0.0,9.0,0.0,658136568155.3555,0.1892089545726776,
6,navstack-1719303660243,navstack,Hospital,HandCrafted,,,1719306057,713859796,"builtin_interfaces.msg.Time(sec=1719306046, nanosec=853860139)",120.0,Handcrafted_LabStudy,1,1,"-2.0,16.5,0.5","-0.0,0.0,-0.0,-1.0","-9.75,1.75,0.0","-0.0,0.0,-0.0,-1.0",16.665563583374023,16.66208267211914,19.822568893432617,0,0,0,0,0,0,0,0.003582000732421875,0.0,9.0,0.0,658136568155.3555,0.0946044772863388,
6,navstack-1719303660243,navstack,Hospital,HandCrafted,,,1719306057,733860015,"builtin_interfaces.msg.Time(sec=1719306046, nanosec=853860139)",120.0,Handcrafted_LabStudy,1,1,"-2.0,16.5,0.5","-0.0,0.0,-0.0,-1.0","-9.75,1.75,0.0","-0.0,0.0,-0.0,-1.0",16.665571212768555,16.66208267211914,19.822568893432617,0,0,0,0,0,0,0,0.003582000732421875,0.0,9.0,0.0,657796431385.552,0.0946044772863388,
6,navstack-1719303660243,navstack,Hospital,HandCrafted,,,1719306057,753859519,"builtin_interfaces.msg.Time(sec=1719306046, nanosec=853860139)",120.0,Handcrafted_LabStudy,1,1,"-2.0,16.5,0.5","-0.0,0.0,-0.0,-1.0","-9.75,1.75,0.0","-0.0,0.0,-0.0,-1.0",16.665578842163086,16.66208267211914,19.822568893432617,0,0,0,0,0,0,0,0.003582000732421875,0.0,9.0,0.0,657568773166.9855,0.0946044772863388,
6,navstack-1719303660243,navstack,Hospital,HandCrafted,,,1719306057,773860216,"builtin_interfaces.msg.Time(sec=1719306046, nanosec=853860139)",120.0,Handcrafted_LabStudy,1,1,"-2.0,16.5,0.5","-0.0,0.0,-0.0,-1.0","-9.75,1.75,0.0","-0.0,0.0,-0.0,-1.0",16.66558837890625,16.66208267211914,19.822568893432617,0,0,0,0,0,0,0,0.003582000732421875,0.0,9.0,0.0,658526955877.3655,0.0946044772863388,
6,navstack-1719303660243,navstack,Hospital,HandCrafted,,,1719306057,793859720,"builtin_interfaces.msg.Time(sec=1719306046, nanosec=853860139)",120.0,Handcrafted_LabStudy,1,1,"-2.0,16.5,0.5","-0.0,0.0,-0.0,-1.0","-9.75,1.75,0.0","-0.0,0.0,-0.0,-1.0",16.66559410095215,16.66208267211914,19.822568893432617,0,0,0,0,0,0,0,0.003582000732421875,0.0,9.0,0.0,658223513514.8528,0.1892089545726776,
6,navstack-1719303660243,navstack,Hospital,HandCrafted,,,1719306057,813860177,"builtin_interfaces.msg.Time(sec=1719306046, nanosec=853860139)",120.0,Handcrafted_LabStudy,1,1,"-2.0,16.5,0.5","-0.0,0.0,-0.0,-1.0","-9.75,1.75,0.0","-0.0,0.0,-0.0,-1.0",16.665605545043945,16.66208267211914,19.822568893432617,0,0,0,0,0,0,0,0.003582000732421875,0.0,9.0,0.0,658156393328.1833,0.1892089545726776,
6,navstack-1719303660243,navstack,Hospital,HandCrafted,,,1719306057,833859682,"builtin_interfaces.msg.Time(sec=1719306046, nanosec=853860139)",120.0,Handcrafted_LabStudy,1,1,"-2.0,16.5,0.5","-0.0,0.0,-0.0,-1.0","-9.75,1.75,0.0","-0.0,0.0,-0.0,-1.0",16.665611267089844,16.66208267211914,19.822568893432617,0,0,0,0,0,0,0,0.003582000732421875,0.0,9.0,0.0,658121431712.348,0.1892089545726776,
6,navstack-1719303660243,navstack,Hospital,HandCrafted,,,1719306057,853860139,"builtin_interfaces.msg.Time(sec=1719306046, nanosec=853860139)",120.0,Handcrafted_LabStudy,1,1,"-2.0,16.5,0.5","-0.0,0.0,-0.0,-1.0","-9.75,1.75,0.0","-0.0,0.0,-0.0,-1.0",16.665618896484375,16.66208267211914,19.822568893432617,0,0,0,0,0,0,0,0.003582000732421875,0.0,9.0,0.0,658070263399.9592,0.0946044772863388,
6,navstack-1719303660243,navstack,Hospital,HandCrafted,,,1719306057,873859643,"builtin_interfaces.msg.Time(sec=1719306046, nanosec=853860139)",120.0,Handcrafted_LabStudy,1,1,"-2.0,16.5,0.5","-0.0,0.0,-0.0,-1.0","-9.75,1.75,0.0","-0.0,0.0,-0.0,-1.0",16.66562843322754,16.66208267211914,19.822568893432617,0,0,0,0,0,0,0,0.003582000732421875,0.0,9.0,0.0,658022713563.845,0.0946044772863388,
6,navstack-1719303660243,navstack,Hospital,HandCrafted,,,1719306057,913859605,"builtin_interfaces.msg.Time(sec=1719306046, nanosec=853860139)",120.0,Handcrafted_LabStudy,1,1,"-2.0,16.5,0.5","-0.0,0.0,-0.0,-1.0","-9.75,1.75,0.0","-0.0,0.0,-0.0,-1.0",16.665645599365234,16.66208267211914,19.822568893432617,0,0,0,0,0,0,0,0.003582000732421875,0.0,9.0,0.0,657970220175.6373,0.0946044772863388,
6,navstack-1719303660243,navstack,Hospital,HandCrafted,,,1719306057,933860063,"builtin_interfaces.msg.Time(sec=1719306046, nanosec=853860139)",120.0,Handcrafted_LabStudy,1,1,"-2.0,16.5,0.5","-0.0,0.0,-0.0,-1.0","-9.75,1.75,0.0","-0.0,0.0,-0.0,-1.0",16.665651321411133,16.66208267211914,19.822568893432617,0,0,0,0,0,0,0,0.003582000732421875,0.0,9.0,0.0,657917217142.884,0.0946044772863388,
6,navstack-1719303660243,navstack,Hospital,HandCrafted,,,1719306057,953859567,"builtin_interfaces.msg.Time(sec=1719306046, nanosec=853860139)",120.0,Handcrafted_LabStudy,1,1,"-2.0,16.5,0.5","-0.0,0.0,-0.0,-1.0","-9.75,1.75,0.0","-0.0,0.0,-0.0,-1.0",16.665658950805664,16.66208267211914,19.822568893432617,0,0,0,0,0,0,0,0.003582000732421875,0.0,9.0,0.0,657859525380.3102,0.0946044772863388,
6,navstack-1719303660243,navstack,Hospital,HandCrafted,,,1719306057,973860025,"builtin_interfaces.msg.Time(sec=1719306046, nanosec=853860139)",120.0,Handcrafted_LabStudy,1,1,"-2.0,16.5,0.5","-0.0,0.0,-0.0,-1.0","-9.75,1.75,0.0","-0.0,0.0,-0.0,-1.0",16.665668487548828,16.66208267211914,19.822568893432617,0,0,0,0,0,0,0,0.003582000732421875,0.0,9.0,0.0,657801273008.7362,0.0946044772863388,
6,navstack-1719303660243,navstack,Hospital,HandCrafted,,,1719306058,13859748,"builtin_interfaces.msg.Time(sec=1719306046, nanosec=853860139)",120.0,Handcrafted_LabStudy,1,1,"-2.0,16.5,0.5","-0.0,0.0,-0.0,-1.0","-9.75,1.75,0.0","-0.0,0.0,-0.0,-1.0",16.665685653686523,16.66208267211914,19.658809661865234,0,0,0,0,0,0,0,0.00405120849609375,0.0,10.0,0.0,658470385332.7922,0.0946044772863388,
6,navstack-1719303660243,navstack,Hospital,HandCrafted,,,1719306058,33859491,"builtin_interfaces.msg.Time(sec=1719306046, nanosec=853860139)",120.0,Handcrafted_LabStudy,1,1,"-2.0,16.5,0.5","-0.0,0.0,-0.0,-1.0","-9.75,1.75,0.0","-0.0,0.0,-0.0,-1.0",16.665693283081055,16.66208267211914,19.658809661865234,0,0,0,0,0,0,0,0.00405120849609375,0.0,10.0,0.0,658794621192.7698,0.0946044772863388,
6,navstack-1719303660243,navstack,Hospital,HandCrafted,,,1719306058,53859949,"builtin_interfaces.msg.Time(sec=1719306046, nanosec=853860139)",120.0,Handcrafted_LabStudy,1,1,"-2.0,16.5,0.5","-0.0,0.0,-0.0,-1.0","-9.75,1.75,0.0","-0.0,0.0,-0.0,-1.0",16.66570281982422,16.66208267211914,19.658809661865234,0,0,0,0,0,0,0,0.00405120849609375,0.0,10.0,0.0,659081703965.3655,0.1892089545726776,
6,navstack-1719303660243,navstack,Hospital,HandCrafted,,,1719306058,73859453,"builtin_interfaces.msg.Time(sec=1719306046, nanosec=853860139)",120.0,Handcrafted_LabStudy,1,1,"-2.0,16.5,0.5","-0.0,0.0,-0.0,-1.0","-9.75,1.75,0.0","-0.0,0.0,-0.0,-1.0",16.66571044921875,16.66208267211914,19.658809661865234,0,0,0,0,0,0,0,0.00405120849609375,0.0,10.0,0.0,658390778854.7532,0.1892089545726776,
6,navstack-1719303660243,navstack,Hospital,HandCrafted,,,1719306058,93859910,"builtin_interfaces.msg.Time(sec=1719306046, nanosec=853860139)",120.0,Handcrafted_LabStudy,1,1,"-2.0,16.5,0.5","-0.0,0.0,-0.0,-1.0","-9.75,1.75,0.0","-0.0,0.0,-0.0,-1.0",16.66571617126465,16.66208267211914,19.658809661865234,0,0,0,0,0,0,0,0.00405120849609375,0.0,10.0,0.0,658696973297.8127,0.0946044772863388,
6,navstack-1719303660243,navstack,Hospital,HandCrafted,,,1719306058,113859415,"builtin_interfaces.msg.Time(sec=1719306046, nanosec=853860139)",120.0,Handcrafted_LabStudy,1,1,"-2.0,16.5,0.5","-0.0,0.0,-0.0,-1.0","-9.75,1.75,0.0","-0.0,0.0,-0.0,-1.0",16.665725708007812,16.66208267211914,19.658809661865234,0,0,0,0,0,0,0,0.00405120849609375,0.0,10.0,0.0,658888854469.2706,0.0946044772863388,
6,navstack-1719303660243,navstack,Hospital,HandCrafted,,,1719306058,113859415,"builtin_interfaces.msg.Time(sec=1719306046, nanosec=853860139)",120.0,Handcrafted_LabStudy,1,1,"-2.0,16.5,0.5","-0.0,0.0,-0.0,-1.0","-9.75,1.75,0.0","-0.0,0.0,-0.0,-1.0",16.665725708007812,16.66208267211914,19.658809661865234,0,0,0,0,0,0,0,0.00405120849609375,0.0,10.0,0.0,658888854469.2706,0.0946044772863388,
6,navstack-1719303660243,navstack,Hospital,HandCrafted,,,1719306058,133859872,"builtin_interfaces.msg.Time(sec=1719306046, nanosec=853860139)",120.0,Handcrafted_LabStudy,1,1,"-2.0,16.5,0.5","-0.0,0.0,-0.0,-1.0","-9.75,1.75,0.0","-0.0,0.0,-0.0,-1.0",16.665733337402344,16.66208267211914,19.658809661865234,0,0,0,0,0,0,0,0.00405120849609375,0.0,10.0,0.0,659082672290.0023,0.0946044772863388,
6,navstack-1719303660243,navstack,Hospital,HandCrafted,,,1719306058,213859796,"builtin_interfaces.msg.Time(sec=1719306046, nanosec=853860139)",120.0,Handcrafted_LabStudy,1,1,"-2.0,16.5,0.5","-0.0,0.0,-0.0,-1.0","-9.75,1.75,0.0","-0.0,0.0,-0.0,-1.0",16.665767669677734,16.66208267211914,19.658809661865234,0,0,0,0,0,0,0,0.00405120849609375,0.0,10.0,0.0,658383389008.8405,0.1892089545726776,
6,navstack-1719303660243,navstack,Hospital,HandCrafted,,,1719306058,233860015,"builtin_interfaces.msg.Time(sec=1719306046, nanosec=853860139)",120.0,Handcrafted_LabStudy,1,1,"-2.0,16.5,0.5","-0.0,0.0,-0.0,-1.0","-9.75,1.75,0.0","-0.0,0.0,-0.0,-1.0",16.665773391723633,16.66208267211914,19.658809661865234,0,0,0,0,0,0,0,0.00405120849609375,0.0,10.0,0.0,659373016787.6904,0.1892089545726776,
6,navstack-1719303660243,navstack,Hospital,HandCrafted,,,1719306058,253859519,"builtin_interfaces.msg.Time(sec=1719306046, nanosec=853860139)",120.0,Handcrafted_LabStudy,1,1,"-2.0,16.5,0.5","-0.0,0.0,-0.0,-1.0","-9.75,1.75,0.0","-0.0,0.0,-0.0,-1.0",16.66578483581543,16.66208267211914,19.658809661865234,0,0,0,0,0,0,0,0.00405120849609375,0.0,10.0,0.0,658408769307.2166,0.1892089545726776,
6,navstack-1719303660243,navstack,Hospital,HandCrafted,,,1719306058,273860216,"builtin_interfaces.msg.Time(sec=1719306046, nanosec=853860139)",120.0,Handcrafted_LabStudy,1,1,"-2.0,16.5,0.5","-0.0,0.0,-0.0,-1.0","-9.75,1.75,0.0","-0.0,0.0,-0.0,-1.0",16.665790557861328,16.66208267211914,19.658809661865234,0,0,0,0,0,0,0,0.00405120849609375,0.0,10.0,0.0,658530778211.4583,0.1892089545726776,
6,navstack-1719303660243,navstack,Hospital,HandCrafted,,,1719306058,293859720,"builtin_interfaces.msg.Time(sec=1719306046, nanosec=853860139)",120.0,Handcrafted_LabStudy,1,1,"-2.0,16.5,0.5","-0.0,0.0,-0.0,-1.0","-9.75,1.75,0.0","-0.0,0.0,-0.0,-1.0",16.665800094604492,16.66208267211914,19.658809661865234,0,0,0,0,0,0,0,0.00405120849609375,0.0,10.0,0.0,658754716024.8411,0.1892089545726776,
6,navstack-1719303660243,navstack,Hospital,HandCrafted,,,1719306058,293859720,"builtin_interfaces.msg.Time(sec=1719306046, nanosec=853860139)",120.0,Handcrafted_LabStudy,1,1,"-2.0,16.5,0.5","-0.0,0.0,-0.0,-1.0","-9.75,1.75,0.0","-0.0,0.0,-0.0,-1.0",16.665800094604492,16.66208267211914,19.658809661865234,0,0,0,0,0,0,0,0.00405120849609375,0.0,10.0,0.0,658754716024.8411,0.0946044772863388,
6,navstack-1719303660243,navstack,Hospital,HandCrafted,,,1719306058,313860177,"builtin_interfaces.msg.Time(sec=1719306046, nanosec=853860139)",120.0,Handcrafted_LabStudy,1,1,"-2.0,16.5,0.5","-0.0,0.0,-0.0,-1.0","-9.75,1.75,0.0","-0.0,0.0,-0.0,-1.0",16.665807723999023,16.66208267211914,19.658809661865234,0,0,0,0,0,0,0,0.00405120849609375,0.0,10.0,0.0,658920044715.4678,0.0946044772863388,
6,navstack-1719303660243,navstack,Hospital,HandCrafted,,,1719306058,333859682,"builtin_interfaces.msg.Time(sec=1719306046, nanosec=853860139)",120.0,Handcrafted_LabStudy,1,1,"-2.0,16.5,0.5","-0.0,0.0,-0.0,-1.0","-9.75,1.75,0.0","-0.0,0.0,-0.0,-1.0",16.665813446044922,16.66208267211914,19.658809661865234,0,0,0,0,0,0,0,0.00405120849609375,0.0,10.0,0.0,659028599003.703,0.0946044772863388,
6,navstack-1719303660243,navstack,Hospital,HandCrafted,,,1719306058,333859682,"builtin_interfaces.msg.Time(sec=1719306046, nanosec=853860139)",120.0,Handcrafted_LabStudy,1,1,"-2.0,16.5,0.5","-0.0,0.0,-0.0,-1.0","-9.75,1.75,0.0","-0.0,0.0,-0.0,-1.0",16.665813446044922,16.66208267211914,19.658809661865234,0,0,0,0,0,0,0,0.00405120849609375,0.0,10.0,0.0,658348376428.5505,0.0,
6,navstack-1719303660243,navstack,Hospital,HandCrafted,,,1719306058,353860139,"builtin_interfaces.msg.Time(sec=1719306046, nanosec=853860139)",120.0,Handcrafted_LabStudy,1,1,"-2.0,16.5,0.5","-0.0,0.0,-0.0,-1.0","-9.75,1.75,0.0","-0.0,0.0,-0.0,-1.0",16.66582489013672,16.66208267211914,19.658809661865234,0,0,0,0,0,0,0,0.00405120849609375,0.0,10.0,0.0,658349344753.1874,0.0946044772863388,
6,navstack-1719303660243,navstack,Hospital,HandCrafted,,,1719306058,373859643,"builtin_interfaces.msg.Time(sec=1719306046, nanosec=853860139)",120.0,Handcrafted_LabStudy,1,1,"-2.0,16.5,0.5","-0.0,0.0,-0.0,-1.0","-9.75,1.75,0.0","-0.0,0.0,-0.0,-1.0",16.665830612182617,16.66208267211914,19.658809661865234,0,0,0,0,0,0,0,0.00405120849609375,0.0,10.0,0.0,658305005677.7109,0.1892089545726776,
6,navstack-1719303660243,navstack,Hospital,HandCrafted,,,1719306058,393860101,"builtin_interfaces.msg.Time(sec=1719306046, nanosec=853860139)",120.0,Handcrafted_LabStudy,1,1,"-2.0,16.5,0.5","-0.0,0.0,-0.0,-1.0","-9.75,1.75,0.0","-0.0,0.0,-0.0,-1.0",16.665842056274414,16.66208267211914,19.658809661865234,0,0,0,0,0,0,0,0.00405120849609375,0.0,10.0,0.0,658209141538.6638,0.1892089545726776,
6,navstack-1719303660243,navstack,Hospital,HandCrafted,,,1719306058,413859605,"builtin_interfaces.msg.Time(sec=1719306046, nanosec=853860139)",120.0,Handcrafted_LabStudy,1,1,"-2.0,16.5,0.5","-0.0,0.0,-0.0,-1.0","-9.75,1.75,0.0","-0.0,0.0,-0.0,-1.0",16.665847778320312,16.66208267211914,19.658809661865234,0,0,0,0,0,0,0,0.00405120849609375,0.0,10.0,0.0,658143703178.9954,0.1892089545726776,
6,navstack-1719303660243,navstack,Hospital,HandCrafted,,,1719306058,413859605,"builtin_interfaces.msg.Time(sec=1719306046, nanosec=853860139)",120.0,Handcrafted_LabStudy,1,1,"-2.0,16.5,0.5","-0.0,0.0,-0.0,-1.0","-9.75,1.75,0.0","-0.0,0.0,-0.0,-1.0",16.665847778320312,16.66208267211914,19.658809661865234,0,0,0,0,0,0,0,0.00405120849609375,0.0,10.0,0.0,658143703178.9954,0.0946044772863388,
6,navstack-1719303660243,navstack,Hospital,HandCrafted,,,1719306058,433860063,"builtin_interfaces.msg.Time(sec=1719306046, nanosec=853860139)",120.0,Handcrafted_LabStudy,1,1,"-2.0,16.5,0.5","-0.0,0.0,-0.0,-1.0","-9.75,1.75,0.0","-0.0,0.0,-0.0,-1.0",16.665855407714844,16.66208267211914,19.658809661865234,0,0,0,0,0,0,0,0.00405120849609375,0.0,10.0,0.0,658108180954.1597,0.0,
6,navstack-1719303660243,navstack,Hospital,HandCrafted,,,1719306058,453859567,"builtin_interfaces.msg.Time(sec=1719306046, nanosec=853860139)",120.0,Handcrafted_LabStudy,1,1,"-2.0,16.5,0.5","-0.0,0.0,-0.0,-1.0","-9.75,1.75,0.0","-0.0,0.0,-0.0,-1.0",16.665864944458008,16.66208267211914,19.658809661865234,0,0,0,0,0,0,0,0.00405120849609375,0.0,10.0,0.0,658077398423.5991,0.0946044772863388,
6,navstack-1719303660243,navstack,Hospital,HandCrafted,,,1719306058,453859567,"builtin_interfaces.msg.Time(sec=1719306046, nanosec=853860139)",120.0,Handcrafted_LabStudy,1,1,"-2.0,16.5,0.5","-0.0,0.0,-0.0,-1.0","-9.75,1.75,0.0","-0.0,0.0,-0.0,-1.0",16.665864944458008,16.66208267211914,19.658809661865234,0,0,0,0,0,0,0,0.00405120849609375,0.0,10.0,0.0,658077398423.5991,0.0946044772863388,
6,navstack-1719303660243,navstack,Hospital,HandCrafted,,,1719306058,473860025,"builtin_interfaces.msg.Time(sec=1719306046, nanosec=853860139)",120.0,Handcrafted_LabStudy,1,1,"-2.0,16.5,0.5","-0.0,0.0,-0.0,-1.0","-9.75,1.75,0.0","-0.0,0.0,-0.0,-1.0",16.66587257385254,16.66208267211914,19.658809661865234,0,0,0,0,0,0,0,0.00405120849609375,0.0,10.0,0.0,658763940591.1184,0.0946044772863388,
6,navstack-1719303660243,navstack,Hospital,HandCrafted,,,1719306058,493859291,"builtin_interfaces.msg.Time(sec=1719306046, nanosec=853860139)",120.0,Handcrafted_LabStudy,1,1,"-2.0,16.5,0.5","-0.0,0.0,-0.0,-1.0","-9.75,1.75,0.0","-0.0,0.0,-0.0,-1.0",16.665882110595703,16.66208267211914,19.658809661865234,0,0,0,0,0,0,0,0.00405120849609375,0.0,10.0,0.0,658735706283.2863,0.1892089545726776,
6,navstack-1719303660243,navstack,Hospital,HandCrafted,,,1719306058,493859291,"builtin_interfaces.msg.Time(sec=1719306046, nanosec=853860139)",120.0,Handcrafted_LabStudy,1,1,"-2.0,16.5,0.5","-0.0,0.0,-0.0,-1.0","-9.75,1.75,0.0","-0.0,0.0,-0.0,-1.0",16.665882110595703,16.66208267211914,19.658809661865234,0,0,0,0,0,0,0,0.00405120849609375,0.0,10.0,0.0,658735706283.2863,0.0946044772863388,
6,navstack-1719303660243,navstack,Hospital,HandCrafted,,,1719306058,513859748,"builtin_interfaces.msg.Time(sec=1719306046, nanosec=853860139)",120.0,Handcrafted_LabStudy,1,1,"-2.0,16.5,0.5","-0.0,0.0,-0.0,-1.0","-9.75,1.75,0.0","-0.0,0.0,-0.0,-1.0",16.6658878326416,16.66208267211914,19.658809661865234,0,0,0,0,0,0,0,0.00405120849609375,0.0,10.0,0.0,658053394165.4965,0.0946044772863388,
6,navstack-1719303660243,navstack,Hospital,HandCrafted,,,1719306058,533859491,"builtin_interfaces.msg.Time(sec=1719306046, nanosec=853860139)",120.0,Handcrafted_LabStudy,1,1,"-2.0,16.5,0.5","-0.0,0.0,-0.0,-1.0","-9.75,1.75,0.0","-0.0,0.0,-0.0,-1.0",16.665895462036133,16.66208267211914,19.658809661865234,0,0,0,0,0,0,0,0.00405120849609375,0.0,10.0,0.0,658005130827.0182,0.0946044772863388,
6,navstack-1719303660243,navstack,Hospital,HandCrafted,,,1719306058,533859491,"builtin_interfaces.msg.Time(sec=1719306046, nanosec=853860139)",120.0,Handcrafted_LabStudy,1,1,"-2.0,16.5,0.5","-0.0,0.0,-0.0,-1.0","-9.75,1.75,0.0","-0.0,0.0,-0.0,-1.0",16.665895462036133,16.66208267211914,19.658809661865234,0,0,0,0,0,0,0,0.00405120849609375,0.0,10.0,0.0,658005130827.0182,0.0,
6,navstack-1719303660243,navstack,Hospital,HandCrafted,,,1719306058,553859949,"builtin_interfaces.msg.Time(sec=1719306046, nanosec=853860139)",120.0,Handcrafted_LabStudy,1,1,"-2.0,16.5,0.5","-0.0,0.0,-0.0,-1.0","-9.75,1.75,0.0","-0.0,0.0,-0.0,-1.0",16.665904998779297,16.66208267211914,19.658809661865234,0,0,0,0,0,0,0,0.00405120849609375,0.0,10.0,0.0,657771917482.9036,0.0946044772863388,
6,navstack-1719303660243,navstack,Hospital,HandCrafted,,,1719306058,553859949,"builtin_interfaces.msg.Time(sec=1719306046, nanosec=853860139)",120.0,Handcrafted_LabStudy,1,1,"-2.0,16.5,0.5","-0.0,0.0,-0.0,-1.0","-9.75,1.75,0.0","-0.0,0.0,-0.0,-1.0",16.665904998779297,16.66208267211914,19.658809661865234,0,0,0,0,0,0,0,0.00405120849609375,0.0,10.0,0.0,657771917482.9036,0.0946044772863388,
6,navstack-1719303660243,navstack,Hospital,HandCrafted,,,1719306058,573859453,"builtin_interfaces.msg.Time(sec=1719306046, nanosec=853860139)",120.0,Handcrafted_LabStudy,1,1,"-2.0,16.5,0.5","-0.0,0.0,-0.0,-1.0","-9.75,1.75,0.0","-0.0,0.0,-0.0,-1.0",16.665912628173828,16.66208267211914,19.658809661865234,0,0,0,0,0,0,0,0.00405120849609375,0.0,10.0,0.0,657486312679.4905,0.0946044772863388,
6,navstack-1719303660243,navstack,Hospital,HandCrafted,,,1719306058,593859910,"builtin_interfaces.msg.Time(sec=1719306046, nanosec=853860139)",120.0,Handcrafted_LabStudy,1,1,"-2.0,16.5,0.5","-0.0,0.0,-0.0,-1.0","-9.75,1.75,0.0","-0.0,0.0,-0.0,-1.0",16.665922164916992,16.66208267211914,19.658809661865234,0,0,0,0,0,0,0,0.00405120849609375,0.0,10.0,0.0,658168675761.7349,0.1892089545726776,
6,navstack-1719303660243,navstack,Hospital,HandCrafted,,,1719306058,593859910,"builtin_interfaces.msg.Time(sec=1719306046, nanosec=853860139)",120.0,Handcrafted_LabStudy,1,1,"-2.0,16.5,0.5","-0.0,0.0,-0.0,-1.0","-9.75,1.75,0.0","-0.0,0.0,-0.0,-1.0",16.665922164916992,16.66208267211914,19.658809661865234,0,0,0,0,0,0,0,0.00405120849609375,0.0,10.0,0.0,658168675761.7349,0.0946044772863388,
6,navstack-1719303660243,navstack,Hospital,HandCrafted,,,1719306058,613859415,"builtin_interfaces.msg.Time(sec=1719306046, nanosec=853860139)",120.0,Handcrafted_LabStudy,1,1,"-2.0,16.5,0.5","-0.0,0.0,-0.0,-1.0","-9.75,1.75,0.0","-0.0,0.0,-0.0,-1.0",16.665929794311523,16.66208267211914,19.658809661865234,0,0,0,0,0,0,0,0.00405120849609375,0.0,10.0,0.0,657902947095.6042,0.0946044772863388,
6,navstack-1719303660243,navstack,Hospital,HandCrafted,,,1719306058,633859872,"builtin_interfaces.msg.Time(sec=1719306046, nanosec=853860139)",120.0,Handcrafted_LabStudy,1,1,"-2.0,16.5,0.5","-0.0,0.0,-0.0,-1.0","-9.75,1.75,0.0","-0.0,0.0,-0.0,-1.0",16.665939331054688,16.66208267211914,19.658809661865234,0,0,0,0,0,0,0,0.00405120849609375,0.0,10.0,0.0,657430812388.4631,0.1892089545726776,
6,navstack-1719303660243,navstack,Hospital,HandCrafted,,,1719306058,653860330,"builtin_interfaces.msg.Time(sec=1719306046, nanosec=853860139)",120.0,Handcrafted_LabStudy,1,1,"-2.0,16.5,0.5","-0.0,0.0,-0.0,-1.0","-9.75,1.75,0.0","-0.0,0.0,-0.0,-1.0",16.66594696044922,16.66208267211914,19.658809661865234,0,0,0,0,0,0,0,0.00405120849609375,0.0,10.0,0.0,657022383249.5352,0.1892089545726776,
6,navstack-1719303660243,navstack,Hospital,HandCrafted,,,1719306058,693860292,"builtin_interfaces.msg.Time(sec=1719306046, nanosec=853860139)",120.0,Handcrafted_LabStudy,1,1,"-2.0,16.5,0.5","-0.0,0.0,-0.0,-1.0","-9.75,1.75,0.0","-0.0,0.0,-0.0,-1.0",16.66596221923828,16.66208267211914,19.658809661865234,0,0,0,0,0,0,0,0.00405120849609375,0.0,10.0,0.0,657989077023.8285,0.1892089545726776,
6,navstack-1719303660243,navstack,Hospital,HandCrafted,,,1719306058,713859796,"builtin_interfaces.msg.Time(sec=1719306046, nanosec=853860139)",120.0,Handcrafted_LabStudy,1,1,"-2.0,16.5,0.5","-0.0,0.0,-0.0,-1.0","-9.75,1.75,0.0","-0.0,0.0,-0.0,-1.0",16.665969848632812,16.66208267211914,19.658809661865234,0,0,0,0,0,0,0,0.00405120849609375,0.0,10.0,0.0,657541558148.2449,0.1892089545726776,
6,navstack-1719303660243,navstack,Hospital,HandCrafted,,,1719306058,713859796,"builtin_interfaces.msg.Time(sec=1719306046, nanosec=853860139)",120.0,Handcrafted_LabStudy,1,1,"-2.0,16.5,0.5","-0.0,0.0,-0.0,-1.0","-9.75,1.75,0.0","-0.0,0.0,-0.0,-1.0",16.665969848632812,16.66208267211914,19.658809661865234,0,0,0,0,0,0,0,0.00405120849609375,0.0,10.0,0.0,658219436358.487,0.0946044772863388,
6,navstack-1719303660243,navstack,Hospital,HandCrafted,,,1719306058,733860015,"builtin_interfaces.msg.Time(sec=1719306046, nanosec=853860139)",120.0,Handcrafted_LabStudy,1,1,"-2.0,16.5,0.5","-0.0,0.0,-0.0,-1.0","-9.75,1.75,0.0","-0.0,0.0,-0.0,-1.0",16.665979385375977,16.66208267211914,19.658809661865234,0,0,0,0,0,0,0,0.00405120849609375,0.0,10.0,0.0,658228711889.219,0.0946044772863388,
6,navstack-1719303660243,navstack,Hospital,HandCrafted,,,1719306058,753859519,"builtin_interfaces.msg.Time(sec=1719306046, nanosec=853860139)",120.0,Handcrafted_LabStudy,1,1,"-2.0,16.5,0.5","-0.0,0.0,-0.0,-1.0","-9.75,1.75,0.0","-0.0,0.0,-0.0,-1.0",16.665987014770508,16.66208267211914,19.658809661865234,0,0,0,0,0,0,0,0.00405120849609375,0.0,10.0,0.0,657563982508.2559,0.1892089545726776,
6,navstack-1719303660243,navstack,Hospital,HandCrafted,,,1719306058,773860216,"builtin_interfaces.msg.Time(sec=1719306046, nanosec=853860139)",120.0,Handcrafted_LabStudy,1,1,"-2.0,16.5,0.5","-0.0,0.0,-0.0,-1.0","-9.75,1.75,0.0","-0.0,0.0,-0.0,-1.0",16.665992736816406,16.66208267211914,19.658809661865234,0,0,0,0,0,0,0,0.00405120849609375,0.0,10.0,0.0,658250422746.866,0.0946044772863388,
6,navstack-1719303660243,navstack,Hospital,HandCrafted,,,1719306058,793859720,"builtin_interfaces.msg.Time(sec=1719306046, nanosec=853860139)",120.0,Handcrafted_LabStudy,1,1,"-2.0,16.5,0.5","-0.0,0.0,-0.0,-1.0","-9.75,1.75,0.0","-0.0,0.0,-0.0,-1.0",16.666004180908203,16.66208267211914,19.658809661865234,0,0,0,0,0,0,0,0.00405120849609375,0.0,10.0,0.0,657800814328.645,0.0946044772863388,
6,navstack-1719303660243,navstack,Hospital,HandCrafted,,,1719306058,813860177,"builtin_interfaces.msg.Time(sec=1719306046, nanosec=853860139)",120.0,Handcrafted_LabStudy,1,1,"-2.0,16.5,0.5","-0.0,0.0,-0.0,-1.0","-9.75,1.75,0.0","-0.0,0.0,-0.0,-1.0",16.6660099029541,16.66208267211914,19.658809661865234,0,0,0,0,0,0,0,0.00405120849609375,0.0,10.0,0.0,657238472536.9141,0.1892089545726776,
6,navstack-1719303660243,navstack,Hospital,HandCrafted,,,1719306058,833859682,"builtin_interfaces.msg.Time(sec=1719306046, nanosec=853860139)",120.0,Handcrafted_LabStudy,1,1,"-2.0,16.5,0.5","-0.0,0.0,-0.0,-1.0","-9.75,1.75,0.0","-0.0,0.0,-0.0,-1.0",16.666019439697266,16.66208267211914,19.658809661865234,0,0,0,0,0,0,0,0.00405120849609375,0.0,10.0,0.0,656742282607.2157,0.1892089545726776,
6,navstack-1719303660243,navstack,Hospital,HandCrafted,,,1719306058,853860139,"builtin_interfaces.msg.Time(sec=1719306046, nanosec=853860139)",120.0,Handcrafted_LabStudy,1,1,"-2.0,16.5,0.5","-0.0,0.0,-0.0,-1.0","-9.75,1.75,0.0","-0.0,0.0,-0.0,-1.0",16.666027069091797,16.66208267211914,19.658809661865234,0,0,0,0,0,0,0,0.00405120849609375,0.0,10.0,0.0,657918236431.9755,0.1892089545726776,
6,navstack-1719303660243,navstack,Hospital,HandCrafted,,,1719306058,873859643,"builtin_interfaces.msg.Time(sec=1719306046, nanosec=853860139)",120.0,Handcrafted_LabStudy,1,1,"-2.0,16.5,0.5","-0.0,0.0,-0.0,-1.0","-9.75,1.75,0.0","-0.0,0.0,-0.0,-1.0",16.66603660583496,16.66208267211914,19.658809661865234,0,0,0,0,0,0,0,0.00405120849609375,0.0,10.0,0.0,657293259325.5774,0.1892089545726776,
6,navstack-1719303660243,navstack,Hospital,HandCrafted,,,1719306058,893860101,"builtin_interfaces.msg.Time(sec=1719306046, nanosec=853860139)",120.0,Handcrafted_LabStudy,1,1,"-2.0,16.5,0.5","-0.0,0.0,-0.0,-1.0","-9.75,1.75,0.0","-0.0,0.0,-0.0,-1.0",16.666044235229492,16.66208267211914,19.658809661865234,0,0,0,0,0,0,0,0.00405120849609375,0.0,10.0,0.0,657973430936.2753,0.1892089545726776,
6,navstack-1719303660243,navstack,Hospital,HandCrafted,,,1719306058,933860063,"builtin_interfaces.msg.Time(sec=1719306046, nanosec=853860139)",120.0,Handcrafted_LabStudy,1,1,"-2.0,16.5,0.5","-0.0,0.0,-0.0,-1.0","-9.75,1.75,0.0","-0.0,0.0,-0.0,-1.0",16.666061401367188,16.66208267211914,19.658809661865234,0,0,0,0,0,0,0,0.00405120849609375,0.0,10.0,0.0,657304063789.9463,0.1892089545726776,
6,navstack-1719303660243,navstack,Hospital,HandCrafted,,,1719306058,933860063,"builtin_interfaces.msg.Time(sec=1719306046, nanosec=853860139)",120.0,Handcrafted_LabStudy,1,1,"-2.0,16.5,0.5","-0.0,0.0,-0.0,-1.0","-9.75,1.75,0.0","-0.0,0.0,-0.0,-1.0",16.666061401367188,16.66208267211914,19.658809661865234,0,0,0,0,0,0,0,0.00405120849609375,0.0,10.0,0.0,657304063789.9463,0.0946044772863388,
6,navstack-1719303660243,navstack,Hospital,HandCrafted,,,1719306058,953859567,"builtin_interfaces.msg.Time(sec=1719306046, nanosec=853860139)",120.0,Handcrafted_LabStudy,1,1,"-2.0,16.5,0.5","-0.0,0.0,-0.0,-1.0","-9.75,1.75,0.0","-0.0,0.0,-0.0,-1.0",16.666067123413086,16.66208267211914,19.658809661865234,0,0,0,0,0,0,0,0.00405120849609375,0.0,10.0,0.0,657978323523.9141,0.0946044772863388,
6,navstack-1719303660243,navstack,Hospital,HandCrafted,,,1719306058,973860025,"builtin_interfaces.msg.Time(sec=1719306046, nanosec=853860139)",120.0,Handcrafted_LabStudy,1,1,"-2.0,16.5,0.5","-0.0,0.0,-0.0,-1.0","-9.75,1.75,0.0","-0.0,0.0,-0.0,-1.0",16.666078567504883,16.66208267211914,19.658809661865234,0,0,0,0,0,0,0,0.00405120849609375,0.0,10.0,0.0,657866354617.2227,0.1892089545726776,
6,navstack-1719303660243,navstack,Hospital,HandCrafted,,,1719306058,993859291,"builtin_interfaces.msg.Time(sec=1719306046, nanosec=853860139)",120.0,Handcrafted_LabStudy,1,1,"-2.0,16.5,0.5","-0.0,0.0,-0.0,-1.0","-9.75,1.75,0.0","-0.0,0.0,-0.0,-1.0",16.66608428955078,16.66208267211914,19.658809661865234,0,0,0,0,0,0,0,0.00405120849609375,0.0,10.0,0.0,657692005218.137,0.1892089545726776,
6,navstack-1719303660243,navstack,Hospital,HandCrafted,,,1719306059,13859748,"builtin_interfaces.msg.Time(sec=1719306046, nanosec=853860139)",120.0,Handcrafted_LabStudy,1,1,"-2.0,16.5,0.5","-0.0,0.0,-0.0,-1.0","-9.75,1.75,0.0","-0.0,0.0,-0.0,-1.0",16.666091918945312,16.66208267211914,19.526277542114258,0,0,0,0,0,0,0,0.004520416259765625,0.0,11.0,0.0,657560313067.5269,0.0946044772863388,
6,navstack-1719303660243,navstack,Hospital,HandCrafted,,,1719306059,33859491,"builtin_interfaces.msg.Time(sec=1719306046, nanosec=853860139)",120.0,Handcrafted_LabStudy,1,1,"-2.0,16.5,0.5","-0.0,0.0,-0.0,-1.0","-9.75,1.75,0.0","-0.0,0.0,-0.0,-1.0",16.666101455688477,16.66208267211914,19.526277542114258,0,0,0,0,0,0,0,0.004520416259765625,0.0,11.0,0.0,657354824386.6986,0.0946044772863388,
6,navstack-1719303660243,navstack,Hospital,HandCrafted,,,1719306059,33859491,"builtin_interfaces.msg.Time(sec=1719306046, nanosec=853860139)",120.0,Handcrafted_LabStudy,1,1,"-2.0,16.5,0.5","-0.0,0.0,-0.0,-1.0","-9.75,1.75,0.0","-0.0,0.0,-0.0,-1.0",16.666101455688477,16.66208267211914,19.526277542114258,0,0,0,0,0,0,0,0.004520416259765625,0.0,11.0,0.0,657354824386.6986,0.0946044772863388,
6,navstack-1719303660243,navstack,Hospital,HandCrafted,,,1719306059,53859949,"builtin_interfaces.msg.Time(sec=1719306046, nanosec=853860139)",120.0,Handcrafted_LabStudy,1,1,"-2.0,16.5,0.5","-0.0,0.0,-0.0,-1.0","-9.75,1.75,0.0","-0.0,0.0,-0.0,-1.0",16.666109085083008,16.66208267211914,19.526277542114258,0,0,0,0,0,0,0,0.004520416259765625,0.0,11.0,0.0,657251825224.0116,0.0946044772863388,
6,navstack-1719303660243,navstack,Hospital,HandCrafted,,,1719306059,53859949,"builtin_interfaces.msg.Time(sec=1719306046, nanosec=853860139)",120.0,Handcrafted_LabStudy,1,1,"-2.0,16.5,0.5","-0.0,0.0,-0.0,-1.0","-9.75,1.75,0.0","-0.0,0.0,-0.0,-1.0",16.666109085083008,16.66208267211914,19.526277542114258,0,0,0,0,0,0,0,0.004520416259765625,0.0,11.0,0.0,657251825224.0116,0.0946044772863388,
6,navstack-1719303660243,navstack,Hospital,HandCrafted,,,1719306059,73859453,"builtin_interfaces.msg.Time(sec=1719306046, nanosec=853860139)",120.0,Handcrafted_LabStudy,1,1,"-2.0,16.5,0.5","-0.0,0.0,-0.0,-1.0","-9.75,1.75,0.0","-0.0,0.0,-0.0,-1.0",16.666118621826172,16.66208267211914,19.526277542114258,0,0,0,0,0,0,0,0.004520416259765625,0.0,11.0,0.0,657157490018.6016,0.0946044772863388,
6,navstack-1719303660243,navstack,Hospital,HandCrafted,,,1719306059,93859910,"builtin_interfaces.msg.Time(sec=1719306046, nanosec=853860139)",120.0,Handcrafted_LabStudy,1,1,"-2.0,16.5,0.5","-0.0,0.0,-0.0,-1.0","-9.75,1.75,0.0","-0.0,0.0,-0.0,-1.0",16.66612434387207,16.66208267211914,19.526277542114258,0,0,0,0,0,0,0,0.004520416259765625,0.0,11.0,0.0,657182666459.1594,0.1892089545726776,
6,navstack-1719303660243,navstack,Hospital,HandCrafted,,,1719306059,133859872,"builtin_interfaces.msg.Time(sec=1719306046, nanosec=853860139)",120.0,Handcrafted_LabStudy,1,1,"-2.0,16.5,0.5","-0.0,0.0,-0.0,-1.0","-9.75,1.75,0.0","-0.0,0.0,-0.0,-1.0",16.666141510009766,16.66208267211914,19.526277542114258,0,0,0,0,0,0,0,0.004520416259765625,0.0,11.0,0.0,657375974635.3453,0.0946044772863388,
6,navstack-1719303660243,navstack,Hospital,HandCrafted,,,1719306059,153860330,"builtin_interfaces.msg.Time(sec=1719306046, nanosec=853860139)",120.0,Handcrafted_LabStudy,1,1,"-2.0,16.5,0.5","-0.0,0.0,-0.0,-1.0","-9.75,1.75,0.0","-0.0,0.0,-0.0,-1.0",16.666149139404297,16.66208267211914,19.526277542114258,0,0,0,0,0,0,0,0.004520416259765625,0.0,11.0,0.0,657583501894.3564,0.0,
6,navstack-1719303660243,navstack,Hospital,HandCrafted,,,1719306059,173859834,"builtin_interfaces.msg.Time(sec=1719306046, nanosec=853860139)",120.0,Handcrafted_LabStudy,1,1,"-2.0,16.5,0.5","-0.0,0.0,-0.0,-1.0","-9.75,1.75,0.0","-0.0,0.0,-0.0,-1.0",16.66615867614746,16.66208267211914,19.526277542114258,0,0,0,0,0,0,0,0.004520416259765625,0.0,11.0,0.0,657802292297.8275,0.0946044772863388,
6,navstack-1719303660243,navstack,Hospital,HandCrafted,,,1719306059,193860292,"builtin_interfaces.msg.Time(sec=1719306046, nanosec=853860139)",120.0,Handcrafted_LabStudy,1,1,"-2.0,16.5,0.5","-0.0,0.0,-0.0,-1.0","-9.75,1.75,0.0","-0.0,0.0,-0.0,-1.0",16.666166305541992,16.66208267211914,19.526277542114258,0,0,0,0,0,0,0,0.004520416259765625,0.0,11.0,0.0,658014661180.0228,0.1892089545726776,
6,navstack-1719303660243,navstack,Hospital,HandCrafted,,,1719306059,213859796,"builtin_interfaces.msg.Time(sec=1719306046, nanosec=853860139)",120.0,Handcrafted_LabStudy,1,1,"-2.0,16.5,0.5","-0.0,0.0,-0.0,-1.0","-9.75,1.75,0.0","-0.0,0.0,-0.0,-1.0",16.666175842285156,16.66208267211914,19.526277542114258,0,0,0,0,0,0,0,0.004520416259765625,0.0,11.0,0.0,658204248951.0251,0.1892089545726776,
6,navstack-1719303660243,navstack,Hospital,HandCrafted,,,1719306059,233860015,"builtin_interfaces.msg.Time(sec=1719306046, nanosec=853860139)",120.0,Handcrafted_LabStudy,1,1,"-2.0,16.5,0.5","-0.0,0.0,-0.0,-1.0","-9.75,1.75,0.0","-0.0,0.0,-0.0,-1.0",16.666181564331055,16.66208267211914,19.526277542114258,0,0,0,0,0,0,0,0.004520416259765625,0.0,11.0,0.0,657534830840.2416,0.1892089545726776,
6,navstack-1719303660243,navstack,Hospital,HandCrafted,,,1719306059,233860015,"builtin_interfaces.msg.Time(sec=1719306046, nanosec=853860139)",120.0,Handcrafted_LabStudy,1,1,"-2.0,16.5,0.5","-0.0,0.0,-0.0,-1.0","-9.75,1.75,0.0","-0.0,0.0,-0.0,-1.0",16.666181564331055,16.66208267211914,19.526277542114258,0,0,0,0,0,0,0,0.004520416259765625,0.0,11.0,0.0,657534830840.2416,0.0946044772863388,
6,navstack-1719303660243,navstack,Hospital,HandCrafted,,,1719306059,253859519,"builtin_interfaces.msg.Time(sec=1719306046, nanosec=853860139)",120.0,Handcrafted_LabStudy,1,1,"-2.0,16.5,0.5","-0.0,0.0,-0.0,-1.0","-9.75,1.75,0.0","-0.0,0.0,-0.0,-1.0",16.666189193725586,16.66208267211914,19.526277542114258,0,0,0,0,0,0,0,0.004520416259765625,0.0,11.0,0.0,657631714268.3801,0.0,
6,navstack-1719303660243,navstack,Hospital,HandCrafted,,,1719306059,253859519,"builtin_interfaces.msg.Time(sec=1719306046, nanosec=853860139)",120.0,Handcrafted_LabStudy,1,1,"-2.0,16.5,0.5","-0.0,0.0,-0.0,-1.0","-9.75,1.75,0.0","-0.0,0.0,-0.0,-1.0",16.666189193725586,16.66208267211914,19.526277542114258,0,0,0,0,0,0,0,0.004520416259765625,0.0,11.0,0.0,657631714268.3801,0.0,
6,navstack-1719303660243,navstack,Hospital,HandCrafted,,,1719306059,273860216,"builtin_interfaces.msg.Time(sec=1719306046, nanosec=853860139)",120.0,Handcrafted_LabStudy,1,1,"-2.0,16.5,0.5","-0.0,0.0,-0.0,-1.0","-9.75,1.75,0.0","-0.0,0.0,-0.0,-1.0",16.66619873046875,16.66208267211914,19.526277542114258,0,0,0,0,0,0,0,0.004520416259765625,0.0,11.0,0.0,657800202755.1902,0.0946044772863388,
6,navstack-1719303660243,navstack,Hospital,HandCrafted,,,1719306059,273860216,"builtin_interfaces.msg.Time(sec=1719306046, nanosec=853860139)",120.0,Handcrafted_LabStudy,1,1,"-2.0,16.5,0.5","-0.0,0.0,-0.0,-1.0","-9.75,1.75,0.0","-0.0,0.0,-0.0,-1.0",16.66619873046875,16.66208267211914,19.526277542114258,0,0,0,0,0,0,0,0.004520416259765625,0.0,11.0,0.0,657800202755.1902,0.0946044772863388,
6,navstack-1719303660243,navstack,Hospital,HandCrafted,,,1719306059,293859720,"builtin_interfaces.msg.Time(sec=1719306046, nanosec=853860139)",120.0,Handcrafted_LabStudy,1,1,"-2.0,16.5,0.5","-0.0,0.0,-0.0,-1.0","-9.75,1.75,0.0","-0.0,0.0,-0.0,-1.0",16.66620635986328,16.66208267211914,19.526277542114258,0,0,0,0,0,0,0,0.004520416259765625,0.0,11.0,0.0,657966448805.9991,0.0946044772863388,
6,navstack-1719303660243,navstack,Hospital,HandCrafted,,,1719306059,313860177,"builtin_interfaces.msg.Time(sec=1719306046, nanosec=853860139)",120.0,Handcrafted_LabStudy,1,1,"-2.0,16.5,0.5","-0.0,0.0,-0.0,-1.0","-9.75,1.75,0.0","-0.0,0.0,-0.0,-1.0",16.666215896606445,16.66208267211914,19.526277542114258,0,0,0,0,0,0,0,0.004520416259765625,0.0,11.0,0.0,658135650795.1732,0.1892089545726776,
6,navstack-1719303660243,navstack,Hospital,HandCrafted,,,1719306059,313860177,"builtin_interfaces.msg.Time(sec=1719306046, nanosec=853860139)",120.0,Handcrafted_LabStudy,1,1,"-2.0,16.5,0.5","-0.0,0.0,-0.0,-1.0","-9.75,1.75,0.0","-0.0,0.0,-0.0,-1.0",16.666215896606445,16.66208267211914,19.526277542114258,0,0,0,0,0,0,0,0.004520416259765625,0.0,11.0,0.0,657459658269.7501,0.0946044772863388,
6,navstack-1719303660243,navstack,Hospital,HandCrafted,,,1719306059,333859682,"builtin_interfaces.msg.Time(sec=1719306046, nanosec=853860139)",120.0,Handcrafted_LabStudy,1,1,"-2.0,16.5,0.5","-0.0,0.0,-0.0,-1.0","-9.75,1.75,0.0","-0.0,0.0,-0.0,-1.0",16.666223526000977,16.66208267211914,19.526277542114258,0,0,0,0,0,0,0,0.004520416259765625,0.0,11.0,0.0,657464245070.6614,0.0946044772863388,
6,navstack-1719303660243,navstack,Hospital,HandCrafted,,,1719306059,333859682,"builtin_interfaces.msg.Time(sec=1719306046, nanosec=853860139)",120.0,Handcrafted_LabStudy,1,1,"-2.0,16.5,0.5","-0.0,0.0,-0.0,-1.0","-9.75,1.75,0.0","-0.0,0.0,-0.0,-1.0",16.666223526000977,16.66208267211914,19.526277542114258,0,0,0,0,0,0,0,0.004520416259765625,0.0,11.0,0.0,657464245070.6614,0.0946044772863388,
6,navstack-1719303660243,navstack,Hospital,HandCrafted,,,1719306059,353860139,"builtin_interfaces.msg.Time(sec=1719306046, nanosec=853860139)",120.0,Handcrafted_LabStudy,1,1,"-2.0,16.5,0.5","-0.0,0.0,-0.0,-1.0","-9.75,1.75,0.0","-0.0,0.0,-0.0,-1.0",16.666229248046875,16.66208267211914,19.526277542114258,0,0,0,0,0,0,0,0.004520416259765625,0.0,11.0,0.0,657622132950.9209,0.0,
6,navstack-1719303660243,navstack,Hospital,HandCrafted,,,1719306059,373859643,"builtin_interfaces.msg.Time(sec=1719306046, nanosec=853860139)",120.0,Handcrafted_LabStudy,1,1,"-2.0,16.5,0.5","-0.0,0.0,-0.0,-1.0","-9.75,1.75,0.0","-0.0,0.0,-0.0,-1.0",16.666240692138672,16.66208267211914,19.526277542114258,0,0,0,0,0,0,0,0.004520416259765625,0.0,11.0,0.0,657815644984.925,0.0946044772863388,
6,navstack-1719303660243,navstack,Hospital,HandCrafted,,,1719306059,393860101,"builtin_interfaces.msg.Time(sec=1719306046, nanosec=853860139)",120.0,Handcrafted_LabStudy,1,1,"-2.0,16.5,0.5","-0.0,0.0,-0.0,-1.0","-9.75,1.75,0.0","-0.0,0.0,-0.0,-1.0",16.66624641418457,16.66208267211914,19.526277542114258,0,0,0,0,0,0,0,0.004520416259765625,0.0,11.0,0.0,658176932003.3754,0.1892089545726776,
6,navstack-1719303660243,navstack,Hospital,HandCrafted,,,1719306059,413859605,"builtin_interfaces.msg.Time(sec=1719306046, nanosec=853860139)",120.0,Handcrafted_LabStudy,1,1,"-2.0,16.5,0.5","-0.0,0.0,-0.0,-1.0","-9.75,1.75,0.0","-0.0,0.0,-0.0,-1.0",16.666255950927734,16.66208267211914,19.526277542114258,0,0,0,0,0,0,0,0.004520416259765625,0.0,11.0,0.0,657505984958.9547,0.1892089545726776,
6,navstack-1719303660243,navstack,Hospital,HandCrafted,,,1719306059,433860063,"builtin_interfaces.msg.Time(sec=1719306046, nanosec=853860139)",120.0,Handcrafted_LabStudy,1,1,"-2.0,16.5,0.5","-0.0,0.0,-0.0,-1.0","-9.75,1.75,0.0","-0.0,0.0,-0.0,-1.0",16.666263580322266,16.66208267211914,19.526277542114258,0,0,0,0,0,0,0,0.004520416259765625,0.0,11.0,0.0,657829252494.2954,0.1892089545726776,
6,navstack-1719303660243,navstack,Hospital,HandCrafted,,,1719306059,473860025,"builtin_interfaces.msg.Time(sec=1719306046, nanosec=853860139)",120.0,Handcrafted_LabStudy,1,1,"-2.0,16.5,0.5","-0.0,0.0,-0.0,-1.0","-9.75,1.75,0.0","-0.0,0.0,-0.0,-1.0",16.66628074645996,16.66208267211914,19.526277542114258,0,0,0,0,0,0,0,0.004520416259765625,0.0,11.0,0.0,658214034126.3026,0.0946044772863388,
6,navstack-1719303660243,navstack,Hospital,HandCrafted,,,1719306059,473860025,"builtin_interfaces.msg.Time(sec=1719306046, nanosec=853860139)",120.0,Handcrafted_LabStudy,1,1,"-2.0,16.5,0.5","-0.0,0.0,-0.0,-1.0","-9.75,1.75,0.0","-0.0,0.0,-0.0,-1.0",16.66628074645996,16.66208267211914,19.526277542114258,0,0,0,0,0,0,0,0.004520416259765625,0.0,11.0,0.0,657538500280.9707,0.0,
6,navstack-1719303660243,navstack,Hospital,HandCrafted,,,1719306059,493859291,"builtin_interfaces.msg.Time(sec=1719306046, nanosec=853860139)",120.0,Handcrafted_LabStudy,1,1,"-2.0,16.5,0.5","-0.0,0.0,-0.0,-1.0","-9.75,1.75,0.0","-0.0,0.0,-0.0,-1.0",16.66628646850586,16.66208267211914,19.526277542114258,0,0,0,0,0,0,0,0.004520416259765625,0.0,11.0,0.0,656867298414.2771,0.0,
6,navstack-1719303660243,navstack,Hospital,HandCrafted,,,1719306059,533859491,"builtin_interfaces.msg.Time(sec=1719306046, nanosec=853860139)",120.0,Handcrafted_LabStudy,1,1,"-2.0,16.5,0.5","-0.0,0.0,-0.0,-1.0","-9.75,1.75,0.0","-0.0,0.0,-0.0,-1.0",16.666303634643555,16.66208267211914,19.526277542114258,0,0,0,0,0,0,0,0.004520416259765625,0.0,11.0,0.0,657246219134.0088,0.0,
6,navstack-1719303660243,navstack,Hospital,HandCrafted,,,1719306059,553859949,"builtin_interfaces.msg.Time(sec=1719306046, nanosec=853860139)",120.0,Handcrafted_LabStudy,1,1,"-2.0,16.5,0.5","-0.0,0.0,-0.0,-1.0","-9.75,1.75,0.0","-0.0,0.0,-0.0,-1.0",16.66631507873535,16.66208267211914,19.526277542114258,0,0,0,0,0,0,0,0.004520416259765625,0.0,11.0,0.0,657246932636.3728,0.0946044772863388,
6,navstack-1719303660243,navstack,Hospital,HandCrafted,,,1719306059,573859453,"builtin_interfaces.msg.Time(sec=1719306046, nanosec=853860139)",120.0,Handcrafted_LabStudy,1,1,"-2.0,16.5,0.5","-0.0,0.0,-0.0,-1.0","-9.75,1.75,0.0","-0.0,0.0,-0.0,-1.0",16.66632080078125,16.66208267211914,19.526277542114258,0,0,0,0,0,0,0,0.004520416259765625,0.0,11.0,0.0,657729616985.61,0.1892089545726776,
6,navstack-1719303660243,navstack,Hospital,HandCrafted,,,1719306059,613859415,"builtin_interfaces.msg.Time(sec=1719306046, nanosec=853860139)",120.0,Handcrafted_LabStudy,1,1,"-2.0,16.5,0.5","-0.0,0.0,-0.0,-1.0","-9.75,1.75,0.0","-0.0,0.0,-0.0,-1.0",16.666337966918945,16.66208267211914,19.526277542114258,0,0,0,0,0,0,0,0.004520416259765625,0.0,11.0,0.0,658199967936.8412,0.1892089545726776,
6,navstack-1719303660243,navstack,Hospital,HandCrafted,,,1719306059,633859872,"builtin_interfaces.msg.Time(sec=1719306046, nanosec=853860139)",120.0,Handcrafted_LabStudy,1,1,"-2.0,16.5,0.5","-0.0,0.0,-0.0,-1.0","-9.75,1.75,0.0","-0.0,0.0,-0.0,-1.0",16.666343688964844,16.66208267211914,19.526277542114258,0,0,0,0,0,0,0,0.004520416259765625,0.0,11.0,0.0,657248410605.5553,0.1892089545726776,
6,navstack-1719303660243,navstack,Hospital,HandCrafted,,,1719306059,653859376,"builtin_interfaces.msg.Time(sec=1719306046, nanosec=853860139)",120.0,Handcrafted_LabStudy,1,1,"-2.0,16.5,0.5","-0.0,0.0,-0.0,-1.0","-9.75,1.75,0.0","-0.0,0.0,-0.0,-1.0",16.66635513305664,16.66208267211914,19.526277542114258,0,0,0,0,0,0,0,0.004520416259765625,0.0,11.0,0.0,657657145531.2108,0.1892089545726776,
6,navstack-1719303660243,navstack,Hospital,HandCrafted,,,1719306059,673859834,"builtin_interfaces.msg.Time(sec=1719306046, nanosec=853860139)",120.0,Handcrafted_LabStudy,1,1,"-2.0,16.5,0.5","-0.0,0.0,-0.0,-1.0","-9.75,1.75,0.0","-0.0,0.0,-0.0,-1.0",16.66636085510254,16.66208267211914,19.526277542114258,0,0,0,0,0,0,0,0.004520416259765625,0.0,11.0,0.0,658064453452.1382,0.1892089545726776,
6,navstack-1719303660243,navstack,Hospital,HandCrafted,,,1719306059,693860292,"builtin_interfaces.msg.Time(sec=1719306046, nanosec=853860139)",120.0,Handcrafted_LabStudy,1,1,"-2.0,16.5,0.5","-0.0,0.0,-0.0,-1.0","-9.75,1.75,0.0","-0.0,0.0,-0.0,-1.0",16.666372299194336,16.66208267211914,19.526277542114258,0,0,0,0,0,0,0,0.004520416259765625,0.0,11.0,0.0,657397277777.3558,0.1892089545726776,
6,navstack-1719303660243,navstack,Hospital,HandCrafted,,,1719306059,713859796,"builtin_interfaces.msg.Time(sec=1719306046, nanosec=853860139)",120.0,Handcrafted_LabStudy,1,1,"-2.0,16.5,0.5","-0.0,0.0,-0.0,-1.0","-9.75,1.75,0.0","-0.0,0.0,-0.0,-1.0",16.666378021240234,16.66208267211914,19.526277542114258,0,0,0,0,0,0,0,0.004520416259765625,0.0,11.0,0.0,657737312618.2501,0.1892089545726776,
6,navstack-1719303660243,navstack,Hospital,HandCrafted,,,1719306059,733860015,"builtin_interfaces.msg.Time(sec=1719306046, nanosec=853860139)",120.0,Handcrafted_LabStudy,1,1,"-2.0,16.5,0.5","-0.0,0.0,-0.0,-1.0","-9.75,1.75,0.0","-0.0,0.0,-0.0,-1.0",16.666385650634766,16.66208267211914,19.526277542114258,0,0,0,0,0,0,0,0.004520416259765625,0.0,11.0,0.0,657072073592.7415,0.0946044772863388,
6,navstack-1719303660243,navstack,Hospital,HandCrafted,,,1719306059,753859519,"builtin_interfaces.msg.Time(sec=1719306046, nanosec=853860139)",120.0,Handcrafted_LabStudy,1,1,"-2.0,16.5,0.5","-0.0,0.0,-0.0,-1.0","-9.75,1.75,0.0","-0.0,0.0,-0.0,-1.0",16.66639518737793,16.66208267211914,19.526277542114258,0,0,0,0,0,0,0,0.004520416259765625,0.0,11.0,0.0,657347179718.513,0.0946044772863388,
6,navstack-1719303660243,navstack,Hospital,HandCrafted,,,1719306059,753859519,"builtin_interfaces.msg.Time(sec=1719306046, nanosec=853860139)",120.0,Handcrafted_LabStudy,1,1,"-2.0,16.5,0.5","-0.0,0.0,-0.0,-1.0","-9.75,1.75,0.0","-0.0,0.0,-0.0,-1.0",16.66639518737793,16.66208267211914,19.526277542114258,0,0,0,0,0,0,0,0.004520416259765625,0.0,11.0,0.0,657347179718.513,0.0946044772863388,
6,navstack-1719303660243,navstack,Hospital,HandCrafted,,,1719306059,773860216,"builtin_interfaces.msg.Time(sec=1719306046, nanosec=853860139)",120.0,Handcrafted_LabStudy,1,1,"-2.0,16.5,0.5","-0.0,0.0,-0.0,-1.0","-9.75,1.75,0.0","-0.0,0.0,-0.0,-1.0",16.66640281677246,16.66208267211914,19.526277542114258,0,0,0,0,0,0,0,0.004520416259765625,0.0,11.0,0.0,657687265523.8619,0.0946044772863388,
6,navstack-1719303660243,navstack,Hospital,HandCrafted,,,1719306059,813860177,"builtin_interfaces.msg.Time(sec=1719306046, nanosec=853860139)",120.0,Handcrafted_LabStudy,1,1,"-2.0,16.5,0.5","-0.0,0.0,-0.0,-1.0","-9.75,1.75,0.0","-0.0,0.0,-0.0,-1.0",16.666418075561523,16.66208267211914,19.526277542114258,0,0,0,0,0,0,0,0.004520416259765625,0.0,11.0,0.0,658066593959.2302,0.0946044772863388,
6,navstack-1719303660243,navstack,Hospital,HandCrafted,,,1719306059,813860177,"builtin_interfaces.msg.Time(sec=1719306046, nanosec=853860139)",120.0,Handcrafted_LabStudy,1,1,"-2.0,16.5,0.5","-0.0,0.0,-0.0,-1.0","-9.75,1.75,0.0","-0.0,0.0,-0.0,-1.0",16.666418075561523,16.66208267211914,19.526277542114258,0,0,0,0,0,0,0,0.004520416259765625,0.0,11.0,0.0,657114017338.8529,0.0,
6,navstack-1719303660243,navstack,Hospital,HandCrafted,,,1719306059,833859682,"builtin_interfaces.msg.Time(sec=1719306046, nanosec=853860139)",120.0,Handcrafted_LabStudy,1,1,"-2.0,16.5,0.5","-0.0,0.0,-0.0,-1.0","-9.75,1.75,0.0","-0.0,0.0,-0.0,-1.0",16.666425704956055,16.66208267211914,19.526277542114258,0,0,0,0,0,0,0,0.004520416259765625,0.0,11.0,0.0,657124821803.2219,0.0,
6,navstack-1719303660243,navstack,Hospital,HandCrafted,,,1719306059,853860139,"builtin_interfaces.msg.Time(sec=1719306046, nanosec=853860139)",120.0,Handcrafted_LabStudy,1,1,"-2.0,16.5,0.5","-0.0,0.0,-0.0,-1.0","-9.75,1.75,0.0","-0.0,0.0,-0.0,-1.0",16.66643524169922,16.66208267211914,19.526277542114258,0,0,0,0,0,0,0,0.004520416259765625,0.0,11.0,0.0,657160191134.6938,0.0946044772863388,
6,navstack-1719303660243,navstack,Hospital,HandCrafted,,,1719306059,873859643,"builtin_interfaces.msg.Time(sec=1719306046, nanosec=853860139)",120.0,Handcrafted_LabStudy,1,1,"-2.0,16.5,0.5","-0.0,0.0,-0.0,-1.0","-9.75,1.75,0.0","-0.0,0.0,-0.0,-1.0",16.66644287109375,16.66208267211914,19.526277542114258,0,0,0,0,0,0,0,0.004520416259765625,0.0,11.0,0.0,657224100560.7252,0.1892089545726776,
6,navstack-1719303660243,navstack,Hospital,HandCrafted,,,1719306059,893860101,"builtin_interfaces.msg.Time(sec=1719306046, nanosec=853860139)",120.0,Handcrafted_LabStudy,1,1,"-2.0,16.5,0.5","-0.0,0.0,-0.0,-1.0","-9.75,1.75,0.0","-0.0,0.0,-0.0,-1.0",16.666452407836914,16.66208267211914,19.526277542114258,0,0,0,0,0,0,0,0.004520416259765625,0.0,11.0,0.0,657277511309.1151,0.1892089545726776,
6,navstack-1719303660243,navstack,Hospital,HandCrafted,,,1719306059,913859605,"builtin_interfaces.msg.Time(sec=1719306046, nanosec=853860139)",120.0,Handcrafted_LabStudy,1,1,"-2.0,16.5,0.5","-0.0,0.0,-0.0,-1.0","-9.75,1.75,0.0","-0.0,0.0,-0.0,-1.0",16.666460037231445,16.66208267211914,19.526277542114258,0,0,0,0,0,0,0,0.004520416259765625,0.0,11.0,0.0,656617980302.5183,0.1892089545726776,
6,navstack-1719303660243,navstack,Hospital,HandCrafted,,,1719306059,933860063,"builtin_interfaces.msg.Time(sec=1719306046, nanosec=853860139)",120.0,Handcrafted_LabStudy,1,1,"-2.0,16.5,0.5","-0.0,0.0,-0.0,-1.0","-9.75,1.75,0.0","-0.0,0.0,-0.0,-1.0",16.666465759277344,16.66208267211914,19.526277542114258,0,0,0,0,0,0,0,0.004520416259765625,0.0,11.0,0.0,656684641809.0964,0.0946044772863388,
6,navstack-1719303660243,navstack,Hospital,HandCrafted,,,1719306059,953859567,"builtin_interfaces.msg.Time(sec=1719306046, nanosec=853860139)",120.0,Handcrafted_LabStudy,1,1,"-2.0,16.5,0.5","-0.0,0.0,-0.0,-1.0","-9.75,1.75,0.0","-0.0,0.0,-0.0,-1.0",16.66647720336914,16.66208267211914,19.526277542114258,0,0,0,0,0,0,0,0.004520416259765625,0.0,11.0,0.0,656734026365.5753,0.0946044772863388,
6,navstack-1719303660243,navstack,Hospital,HandCrafted,,,1719306059,973860025,"builtin_interfaces.msg.Time(sec=1719306046, nanosec=853860139)",120.0,Handcrafted_LabStudy,1,1,"-2.0,16.5,0.5","-0.0,0.0,-0.0,-1.0","-9.75,1.75,0.0","-0.0,0.0,-0.0,-1.0",16.66648292541504,16.66208267211914,19.526277542114258,0,0,0,0,0,0,0,0.004520416259765625,0.0,11.0,0.0,656784939855.6912,0.1892089545726776,
6,navstack-1719303660243,navstack,Hospital,HandCrafted,,,1719306059,993859291,"builtin_interfaces.msg.Time(sec=1719306046, nanosec=853860139)",120.0,Handcrafted_LabStudy,1,1,"-2.0,16.5,0.5","-0.0,0.0,-0.0,-1.0","-9.75,1.75,0.0","-0.0,0.0,-0.0,-1.0",16.666492462158203,16.66208267211914,19.526277542114258,0,0,0,0,0,0,0,0.004520416259765625,0.0,11.0,0.0,656848288672.7223,0.1892089545726776,
6,navstack-1719303660243,navstack,Hospital,HandCrafted,,,1719306060,13859748,"builtin_interfaces.msg.Time(sec=1719306046, nanosec=853860139)",120.0,Handcrafted_LabStudy,1,1,"-2.0,16.5,0.5","-0.0,0.0,-0.0,-1.0","-9.75,1.75,0.0","-0.0,0.0,-0.0,-1.0",16.666500091552734,16.66208267211914,19.37782859802246,0,0,0,0,0,0,0,0.00498199462890625,0.0,12.0,0.0,656846097201.1758,0.1892089545726776,
6,navstack-1719303660243,navstack,Hospital,HandCrafted,,,1719306060,33859491,"builtin_interfaces.msg.Time(sec=1719306046, nanosec=853860139)",120.0,Handcrafted_LabStudy,1,1,"-2.0,16.5,0.5","-0.0,0.0,-0.0,-1.0","-9.75,1.75,0.0","-0.0,0.0,-0.0,-1.0",16.6665096282959,16.66208267211914,19.37782859802246,0,0,0,0,0,0,0,0.00498199462890625,0.0,12.0,0.0,656599072489.8726,0.1892089545726776,
6,navstack-1719303660243,navstack,Hospital,HandCrafted,,,1719306060,53859949,"builtin_interfaces.msg.Time(sec=1719306046, nanosec=853860139)",120.0,Handcrafted_LabStudy,1,1,"-2.0,16.5,0.5","-0.0,0.0,-0.0,-1.0","-9.75,1.75,0.0","-0.0,0.0,-0.0,-1.0",16.66651725769043,16.66208267211914,19.37782859802246,0,0,0,0,0,0,0,0.00498199462890625,0.0,12.0,0.0,656371108484.5787,0.1892089545726776,
6,navstack-1719303660243,navstack,Hospital,HandCrafted,,,1719306060,73859453,"builtin_interfaces.msg.Time(sec=1719306046, nanosec=853860139)",120.0,Handcrafted_LabStudy,1,1,"-2.0,16.5,0.5","-0.0,0.0,-0.0,-1.0","-9.75,1.75,0.0","-0.0,0.0,-0.0,-1.0",16.666522979736328,16.66208267211914,19.37782859802246,0,0,0,0,0,0,0,0.00498199462890625,0.0,12.0,0.0,655710252402.1631,0.0946044772863388,
6,navstack-1719303660243,navstack,Hospital,HandCrafted,,,1719306060,73859453,"builtin_interfaces.msg.Time(sec=1719306046, nanosec=853860139)",120.0,Handcrafted_LabStudy,1,1,"-2.0,16.5,0.5","-0.0,0.0,-0.0,-1.0","-9.75,1.75,0.0","-0.0,0.0,-0.0,-1.0",16.666522979736328,16.66208267211914,19.37782859802246,0,0,0,0,0,0,0,0.00498199462890625,0.0,12.0,0.0,655709997579.8903,0.0,
6,navstack-1719303660243,navstack,Hospital,HandCrafted,,,1719306060,93859910,"builtin_interfaces.msg.Time(sec=1719306046, nanosec=853860139)",120.0,Handcrafted_LabStudy,1,1,"-2.0,16.5,0.5","-0.0,0.0,-0.0,-1.0","-9.75,1.75,0.0","-0.0,0.0,-0.0,-1.0",16.666534423828125,16.66208267211914,19.37782859802246,0,0,0,0,0,0,0,0.00498199462890625,0.0,12.0,0.0,656397813858.7737,0.0946044772863388,
6,navstack-1719303660243,navstack,Hospital,HandCrafted,,,1719306060,113859415,"builtin_interfaces.msg.Time(sec=1719306046, nanosec=853860139)",120.0,Handcrafted_LabStudy,1,1,"-2.0,16.5,0.5","-0.0,0.0,-0.0,-1.0","-9.75,1.75,0.0","-0.0,0.0,-0.0,-1.0",16.666540145874023,16.66208267211914,19.37782859802246,0,0,0,0,0,0,0,0.00498199462890625,0.0,12.0,0.0,656216074613.7753,0.1892089545726776,
6,navstack-1719303660243,navstack,Hospital,HandCrafted,,,1719306060,133859872,"builtin_interfaces.msg.Time(sec=1719306046, nanosec=853860139)",120.0,Handcrafted_LabStudy,1,1,"-2.0,16.5,0.5","-0.0,0.0,-0.0,-1.0","-9.75,1.75,0.0","-0.0,0.0,-0.0,-1.0",16.666549682617188,16.66208267211914,19.37782859802246,0,0,0,0,0,0,0,0.00498199462890625,0.0,12.0,0.0,656055740439.6965,0.1892089545726776,
6,navstack-1719303660243,navstack,Hospital,HandCrafted,,,1719306060,153859376,"builtin_interfaces.msg.Time(sec=1719306046, nanosec=853860139)",120.0,Handcrafted_LabStudy,1,1,"-2.0,16.5,0.5","-0.0,0.0,-0.0,-1.0","-9.75,1.75,0.0","-0.0,0.0,-0.0,-1.0",16.66655731201172,16.66208267211914,19.37782859802246,0,0,0,0,0,0,0,0.00498199462890625,0.0,12.0,0.0,655859170538.4181,0.1892089545726776,
6,navstack-1719303660243,navstack,Hospital,HandCrafted,,,1719306060,153859376,"builtin_interfaces.msg.Time(sec=1719306046, nanosec=853860139)",120.0,Handcrafted_LabStudy,1,1,"-2.0,16.5,0.5","-0.0,0.0,-0.0,-1.0","-9.75,1.75,0.0","-0.0,0.0,-0.0,-1.0",16.66655731201172,16.66208267211914,19.37782859802246,0,0,0,0,0,0,0,0.00498199462890625,0.0,12.0,0.0,656529658902.7476,0.0946044772863388,
6,navstack-1719303660243,navstack,Hospital,HandCrafted,,,1719306060,173859834,"builtin_interfaces.msg.Time(sec=1719306046, nanosec=853860139)",120.0,Handcrafted_LabStudy,1,1,"-2.0,16.5,0.5","-0.0,0.0,-0.0,-1.0","-9.75,1.75,0.0","-0.0,0.0,-0.0,-1.0",16.66656494140625,16.66208267211914,19.37782859802246,0,0,0,0,0,0,0,0.00498199462890625,0.0,12.0,0.0,656544081843.391,0.0,
6,navstack-1719303660243,navstack,Hospital,HandCrafted,,,1719306060,193860292,"builtin_interfaces.msg.Time(sec=1719306046, nanosec=853860139)",120.0,Handcrafted_LabStudy,1,1,"-2.0,16.5,0.5","-0.0,0.0,-0.0,-1.0","-9.75,1.75,0.0","-0.0,0.0,-0.0,-1.0",16.666574478149414,16.66208267211914,19.37782859802246,0,0,0,0,0,0,0,0.00498199462890625,0.0,12.0,0.0,656453161256.4373,0.0946044772863388,
6,navstack-1719303660243,navstack,Hospital,HandCrafted,,,1719306060,193860292,"builtin_interfaces.msg.Time(sec=1719306046, nanosec=853860139)",120.0,Handcrafted_LabStudy,1,1,"-2.0,16.5,0.5","-0.0,0.0,-0.0,-1.0","-9.75,1.75,0.0","-0.0,0.0,-0.0,-1.0",16.666574478149414,16.66208267211914,19.37782859802246,0,0,0,0,0,0,0,0.00498199462890625,0.0,12.0,0.0,656453161256.4373,0.0946044772863388,
6,navstack-1719303660243,navstack,Hospital,HandCrafted,,,1719306060,213859796,"builtin_interfaces.msg.Time(sec=1719306046, nanosec=853860139)",120.0,Handcrafted_LabStudy,1,1,"-2.0,16.5,0.5","-0.0,0.0,-0.0,-1.0","-9.75,1.75,0.0","-0.0,0.0,-0.0,-1.0",16.666580200195312,16.66208267211914,19.37782859802246,0,0,0,0,0,0,0,0.00498199462890625,0.0,12.0,0.0,656295018553.905,0.0946044772863388,
6,navstack-1719303660243,navstack,Hospital,HandCrafted,,,1719306060,233860015,"builtin_interfaces.msg.Time(sec=1719306046, nanosec=853860139)",120.0,Handcrafted_LabStudy,1,1,"-2.0,16.5,0.5","-0.0,0.0,-0.0,-1.0","-9.75,1.75,0.0","-0.0,0.0,-0.0,-1.0",16.66659164428711,16.66208267211914,19.37782859802246,0,0,0,0,0,0,0,0.00498199462890625,0.0,12.0,0.0,656126020422.5492,0.1892089545726776,
6,navstack-1719303660243,navstack,Hospital,HandCrafted,,,1719306060,253859519,"builtin_interfaces.msg.Time(sec=1719306046, nanosec=853860139)",120.0,Handcrafted_LabStudy,1,1,"-2.0,16.5,0.5","-0.0,0.0,-0.0,-1.0","-9.75,1.75,0.0","-0.0,0.0,-0.0,-1.0",16.666597366333008,16.66208267211914,19.37782859802246,0,0,0,0,0,0,0,0.00498199462890625,0.0,12.0,0.0,655896578448.0728,0.1892089545726776,
6,navstack-1719303660243,navstack,Hospital,HandCrafted,,,1719306060,273860216,"builtin_interfaces.msg.Time(sec=1719306046, nanosec=853860139)",120.0,Handcrafted_LabStudy,1,1,"-2.0,16.5,0.5","-0.0,0.0,-0.0,-1.0","-9.75,1.75,0.0","-0.0,0.0,-0.0,-1.0",16.666608810424805,16.66208267211914,19.37782859802246,0,0,0,0,0,0,0,0.00498199462890625,0.0,12.0,0.0,655742665795.2699,0.1892089545726776,
6,navstack-1719303660243,navstack,Hospital,HandCrafted,,,1719306060,293859720,"builtin_interfaces.msg.Time(sec=1719306046, nanosec=853860139)",120.0,Handcrafted_LabStudy,1,1,"-2.0,16.5,0.5","-0.0,0.0,-0.0,-1.0","-9.75,1.75,0.0","-0.0,0.0,-0.0,-1.0",16.666614532470703,16.66208267211914,19.37782859802246,0,0,0,0,0,0,0,0.00498199462890625,0.0,12.0,0.0,655568978934.0936,0.1892089545726776,
6,navstack-1719303660243,navstack,Hospital,HandCrafted,,,1719306060,313860177,"builtin_interfaces.msg.Time(sec=1719306046, nanosec=853860139)",120.0,Handcrafted_LabStudy,1,1,"-2.0,16.5,0.5","-0.0,0.0,-0.0,-1.0","-9.75,1.75,0.0","-0.0,0.0,-0.0,-1.0",16.666622161865234,16.66208267211914,19.37782859802246,0,0,0,0,0,0,0,0.00498199462890625,0.0,12.0,0.0,655363184466.538,0.0946044772863388,
6,navstack-1719303660243,navstack,Hospital,HandCrafted,,,1719306060,313860177,"builtin_interfaces.msg.Time(sec=1719306046, nanosec=853860139)",120.0,Handcrafted_LabStudy,1,1,"-2.0,16.5,0.5","-0.0,0.0,-0.0,-1.0","-9.75,1.75,0.0","-0.0,0.0,-0.0,-1.0",16.666622161865234,16.66208267211914,19.37782859802246,0,0,0,0,0,0,0,0.00498199462890625,0.0,12.0,0.0,655363184466.538,0.0,
6,navstack-1719303660243,navstack,Hospital,HandCrafted,,,1719306060,333859682,"builtin_interfaces.msg.Time(sec=1719306046, nanosec=853860139)",120.0,Handcrafted_LabStudy,1,1,"-2.0,16.5,0.5","-0.0,0.0,-0.0,-1.0","-9.75,1.75,0.0","-0.0,0.0,-0.0,-1.0",16.6666316986084,16.66208267211914,19.37782859802246,0,0,0,0,0,0,0,0.00498199462890625,0.0,12.0,0.0,655244488251.8433,0.0946044772863388,
6,navstack-1719303660243,navstack,Hospital,HandCrafted,,,1719306060,353860139,"builtin_interfaces.msg.Time(sec=1719306046, nanosec=853860139)",120.0,Handcrafted_LabStudy,1,1,"-2.0,16.5,0.5","-0.0,0.0,-0.0,-1.0","-9.75,1.75,0.0","-0.0,0.0,-0.0,-1.0",16.666637420654297,16.66208267211914,19.37782859802246,0,0,0,0,0,0,0,0.00498199462890625,0.0,12.0,0.0,655155453349.7086,0.1892089545726776,
6,navstack-1719303660243,navstack,Hospital,HandCrafted,,,1719306060,353860139,"builtin_interfaces.msg.Time(sec=1719306046, nanosec=853860139)",120.0,Handcrafted_LabStudy,1,1,"-2.0,16.5,0.5","-0.0,0.0,-0.0,-1.0","-9.75,1.75,0.0","-0.0,0.0,-0.0,-1.0",16.666637420654297,16.66208267211914,19.37782859802246,0,0,0,0,0,0,0,0.00498199462890625,0.0,12.0,0.0,655824259887.0372,0.0946044772863388,
6,navstack-1719303660243,navstack,Hospital,HandCrafted,,,1719306060,373859643,"builtin_interfaces.msg.Time(sec=1719306046, nanosec=853860139)",120.0,Handcrafted_LabStudy,1,1,"-2.0,16.5,0.5","-0.0,0.0,-0.0,-1.0","-9.75,1.75,0.0","-0.0,0.0,-0.0,-1.0",16.666648864746094,16.66208267211914,19.37782859802246,0,0,0,0,0,0,0,0.00498199462890625,0.0,12.0,0.0,655831751661.8591,0.0946044772863388,
6,navstack-1719303660243,navstack,Hospital,HandCrafted,,,1719306060,393860101,"builtin_interfaces.msg.Time(sec=1719306046, nanosec=853860139)",120.0,Handcrafted_LabStudy,1,1,"-2.0,16.5,0.5","-0.0,0.0,-0.0,-1.0","-9.75,1.75,0.0","-0.0,0.0,-0.0,-1.0",16.666654586791992,16.66208267211914,19.37782859802246,0,0,0,0,0,0,0,0.00498199462890625,0.0,12.0,0.0,655886079770.4313,0.1892089545726776,
6,navstack-1719303660243,navstack,Hospital,HandCrafted,,,1719306060,393860101,"builtin_interfaces.msg.Time(sec=1719306046, nanosec=853860139)",120.0,Handcrafted_LabStudy,1,1,"-2.0,16.5,0.5","-0.0,0.0,-0.0,-1.0","-9.75,1.75,0.0","-0.0,0.0,-0.0,-1.0",16.666654586791992,16.66208267211914,19.37782859802246,0,0,0,0,0,0,0,0.00498199462890625,0.0,12.0,0.0,655886079770.4313,0.0946044772863388,
6,navstack-1719303660243,navstack,Hospital,HandCrafted,,,1719306060,413859605,"builtin_interfaces.msg.Time(sec=1719306046, nanosec=853860139)",120.0,Handcrafted_LabStudy,1,1,"-2.0,16.5,0.5","-0.0,0.0,-0.0,-1.0","-9.75,1.75,0.0","-0.0,0.0,-0.0,-1.0",16.666662216186523,16.66208267211914,19.37782859802246,0,0,0,0,0,0,0,0.00498199462890625,0.0,12.0,0.0,655941121381.3674,0.0,
6,navstack-1719303660243,navstack,Hospital,HandCrafted,,,1719306060,413859605,"builtin_interfaces.msg.Time(sec=1719306046, nanosec=853860139)",120.0,Handcrafted_LabStudy,1,1,"-2.0,16.5,0.5","-0.0,0.0,-0.0,-1.0","-9.75,1.75,0.0","-0.0,0.0,-0.0,-1.0",16.666662216186523,16.66208267211914,19.37782859802246,0,0,0,0,0,0,0,0.00498199462890625,0.0,12.0,0.0,655941121381.3674,0.0,
6,navstack-1719303660243,navstack,Hospital,HandCrafted,,,1719306060,433860063,"builtin_interfaces.msg.Time(sec=1719306046, nanosec=853860139)",120.0,Handcrafted_LabStudy,1,1,"-2.0,16.5,0.5","-0.0,0.0,-0.0,-1.0","-9.75,1.75,0.0","-0.0,0.0,-0.0,-1.0",16.666671752929688,16.66208267211914,19.37782859802246,0,0,0,0,0,0,0,0.00498199462890625,0.0,12.0,0.0,655271193626.0382,0.0946044772863388,
6,navstack-1719303660243,navstack,Hospital,HandCrafted,,,1719306060,453859567,"builtin_interfaces.msg.Time(sec=1719306046, nanosec=853860139)",120.0,Handcrafted_LabStudy,1,1,"-2.0,16.5,0.5","-0.0,0.0,-0.0,-1.0","-9.75,1.75,0.0","-0.0,0.0,-0.0,-1.0",16.66667938232422,16.66208267211914,19.37782859802246,0,0,0,0,0,0,0,0.00498199462890625,0.0,12.0,0.0,655336428127.8884,0.1892089545726776,
6,navstack-1719303660243,navstack,Hospital,HandCrafted,,,1719306060,473860025,"builtin_interfaces.msg.Time(sec=1719306046, nanosec=853860139)",120.0,Handcrafted_LabStudy,1,1,"-2.0,16.5,0.5","-0.0,0.0,-0.0,-1.0","-9.75,1.75,0.0","-0.0,0.0,-0.0,-1.0",16.666688919067383,16.66208267211914,19.37782859802246,0,0,0,0,0,0,0,0.00498199462890625,0.0,12.0,0.0,655405332070.4678,0.1892089545726776,
6,navstack-1719303660243,navstack,Hospital,HandCrafted,,,1719306060,493859291,"builtin_interfaces.msg.Time(sec=1719306046, nanosec=853860139)",120.0,Handcrafted_LabStudy,1,1,"-2.0,16.5,0.5","-0.0,0.0,-0.0,-1.0","-9.75,1.75,0.0","-0.0,0.0,-0.0,-1.0",16.666696548461914,16.66208267211914,19.37782859802246,0,0,0,0,0,0,0,0.00498199462890625,0.0,12.0,0.0,655489576313.8728,0.1892089545726776,
6,navstack-1719303660243,navstack,Hospital,HandCrafted,,,1719306060,513859748,"builtin_interfaces.msg.Time(sec=1719306046, nanosec=853860139)",120.0,Handcrafted_LabStudy,1,1,"-2.0,16.5,0.5","-0.0,0.0,-0.0,-1.0","-9.75,1.75,0.0","-0.0,0.0,-0.0,-1.0",16.666706085205078,16.66208267211914,19.37782859802246,0,0,0,0,0,0,0,0.00498199462890625,0.0,12.0,0.0,655556288784.9055,0.1892089545726776,
6,navstack-1719303660243,navstack,Hospital,HandCrafted,,,1719306060,513859748,"builtin_interfaces.msg.Time(sec=1719306046, nanosec=853860139)",120.0,Handcrafted_LabStudy,1,1,"-2.0,16.5,0.5","-0.0,0.0,-0.0,-1.0","-9.75,1.75,0.0","-0.0,0.0,-0.0,-1.0",16.666706085205078,16.66208267211914,19.37782859802246,0,0,0,0,0,0,0,0.00498199462890625,0.0,12.0,0.0,655556288784.9055,0.0946044772863388,
6,navstack-1719303660243,navstack,Hospital,HandCrafted,,,1719306060,533859491,"builtin_interfaces.msg.Time(sec=1719306046, nanosec=853860139)",120.0,Handcrafted_LabStudy,1,1,"-2.0,16.5,0.5","-0.0,0.0,-0.0,-1.0","-9.75,1.75,0.0","-0.0,0.0,-0.0,-1.0",16.666711807250977,16.66208267211914,19.37782859802246,0,0,0,0,0,0,0,0.00498199462890625,0.0,12.0,0.0,655600984611.5638,0.0946044772863388,
6,navstack-1719303660243,navstack,Hospital,HandCrafted,,,1719306060,553859949,"builtin_interfaces.msg.Time(sec=1719306046, nanosec=853860139)",120.0,Handcrafted_LabStudy,1,1,"-2.0,16.5,0.5","-0.0,0.0,-0.0,-1.0","-9.75,1.75,0.0","-0.0,0.0,-0.0,-1.0",16.666719436645508,16.66208267211914,19.37782859802246,0,0,0,0,0,0,0,0.00498199462890625,0.0,12.0,0.0,655647820945.3142,0.0946044772863388,
6,navstack-1719303660243,navstack,Hospital,HandCrafted,,,1719306060,573859453,"builtin_interfaces.msg.Time(sec=1719306046, nanosec=853860139)",120.0,Handcrafted_LabStudy,1,1,"-2.0,16.5,0.5","-0.0,0.0,-0.0,-1.0","-9.75,1.75,0.0","-0.0,0.0,-0.0,-1.0",16.666728973388672,16.66208267211914,19.37782859802246,0,0,0,0,0,0,0,0.00498199462890625,0.0,12.0,0.0,655870790434.0602,0.0946044772863388,
6,navstack-1719303660243,navstack,Hospital,HandCrafted,,,1719306060,593859910,"builtin_interfaces.msg.Time(sec=1719306046, nanosec=853860139)",120.0,Handcrafted_LabStudy,1,1,"-2.0,16.5,0.5","-0.0,0.0,-0.0,-1.0","-9.75,1.75,0.0","-0.0,0.0,-0.0,-1.0",16.666736602783203,16.66208267211914,19.37782859802246,0,0,0,0,0,0,0,0.00498199462890625,0.0,12.0,0.0,656213169639.8647,0.1892089545726776,
6,navstack-1719303660243,navstack,Hospital,HandCrafted,,,1719306060,613859415,"builtin_interfaces.msg.Time(sec=1719306046, nanosec=853860139)",120.0,Handcrafted_LabStudy,1,1,"-2.0,16.5,0.5","-0.0,0.0,-0.0,-1.0","-9.75,1.75,0.0","-0.0,0.0,-0.0,-1.0",16.666746139526367,16.66208267211914,19.37782859802246,0,0,0,0,0,0,0,0.00498199462890625,0.0,12.0,0.0,655267880936.4911,0.1892089545726776,
6,navstack-1719303660243,navstack,Hospital,HandCrafted,,,1719306060,633859872,"builtin_interfaces.msg.Time(sec=1719306046, nanosec=853860139)",120.0,Handcrafted_LabStudy,1,1,"-2.0,16.5,0.5","-0.0,0.0,-0.0,-1.0","-9.75,1.75,0.0","-0.0,0.0,-0.0,-1.0",16.6667537689209,16.66208267211914,19.37782859802246,0,0,0,0,0,0,0,0.00498199462890625,0.0,12.0,0.0,655784252790.1995,0.1892089545726776,
6,navstack-1719303660243,navstack,Hospital,HandCrafted,,,1719306060,653859376,"builtin_interfaces.msg.Time(sec=1719306046, nanosec=853860139)",120.0,Handcrafted_LabStudy,1,1,"-2.0,16.5,0.5","-0.0,0.0,-0.0,-1.0","-9.75,1.75,0.0","-0.0,0.0,-0.0,-1.0",16.666759490966797,16.66208267211914,19.37782859802246,0,0,0,0,0,0,0,0.00498199462890625,0.0,12.0,0.0,656133257375.0983,0.0946044772863388,
6,navstack-1719303660243,navstack,Hospital,HandCrafted,,,1719306060,673859834,"builtin_interfaces.msg.Time(sec=1719306046, nanosec=853860139)",120.0,Handcrafted_LabStudy,1,1,"-2.0,16.5,0.5","-0.0,0.0,-0.0,-1.0","-9.75,1.75,0.0","-0.0,0.0,-0.0,-1.0",16.666770935058594,16.66208267211914,19.37782859802246,0,0,0,0,0,0,0,0.00498199462890625,0.0,12.0,0.0,655186643595.9058,0.0946044772863388,
6,navstack-1719303660243,navstack,Hospital,HandCrafted,,,1719306060,693860292,"builtin_interfaces.msg.Time(sec=1719306046, nanosec=853860139)",120.0,Handcrafted_LabStudy,1,1,"-2.0,16.5,0.5","-0.0,0.0,-0.0,-1.0","-9.75,1.75,0.0","-0.0,0.0,-0.0,-1.0",16.666776657104492,16.66208267211914,19.37782859802246,0,0,0,0,0,0,0,0.00498199462890625,0.0,12.0,0.0,655631410390.9425,0.1892089545726776,
6,navstack-1719303660243,navstack,Hospital,HandCrafted,,,1719306060,713859796,"builtin_interfaces.msg.Time(sec=1719306046, nanosec=853860139)",120.0,Handcrafted_LabStudy,1,1,"-2.0,16.5,0.5","-0.0,0.0,-0.0,-1.0","-9.75,1.75,0.0","-0.0,0.0,-0.0,-1.0",16.666786193847656,16.66208267211914,19.37782859802246,0,0,0,0,0,0,0,0.00498199462890625,0.0,12.0,0.0,656069195055.7031,0.1892089545726776,
6,navstack-1719303660243,navstack,Hospital,HandCrafted,,,1719306060,733860015,"builtin_interfaces.msg.Time(sec=1719306046, nanosec=853860139)",120.0,Handcrafted_LabStudy,1,1,"-2.0,16.5,0.5","-0.0,0.0,-0.0,-1.0","-9.75,1.75,0.0","-0.0,0.0,-0.0,-1.0",16.666793823242188,16.66208267211914,19.37782859802246,0,0,0,0,0,0,0,0.00498199462890625,0.0,12.0,0.0,655398961513.6465,0.1892089545726776,
6,navstack-1719303660243,navstack,Hospital,HandCrafted,,,1719306060,753859519,"builtin_interfaces.msg.Time(sec=1719306046, nanosec=853860139)",120.0,Handcrafted_LabStudy,1,1,"-2.0,16.5,0.5","-0.0,0.0,-0.0,-1.0","-9.75,1.75,0.0","-0.0,0.0,-0.0,-1.0",16.666799545288086,16.66208267211914,19.37782859802246,0,0,0,0,0,0,0,0.00498199462890625,0.0,12.0,0.0,655868751855.8773,0.0946044772863388,
6,navstack-1719303660243,navstack,Hospital,HandCrafted,,,1719306060,773860216,"builtin_interfaces.msg.Time(sec=1719306046, nanosec=853860139)",120.0,Handcrafted_LabStudy,1,1,"-2.0,16.5,0.5","-0.0,0.0,-0.0,-1.0","-9.75,1.75,0.0","-0.0,0.0,-0.0,-1.0",16.666810989379883,16.66208267211914,19.37782859802246,0,0,0,0,0,0,0,0.00498199462890625,0.0,12.0,0.0,655197244202.4564,0.0946044772863388,
6,navstack-1719303660243,navstack,Hospital,HandCrafted,,,1719306060,793859720,"builtin_interfaces.msg.Time(sec=1719306046, nanosec=853860139)",120.0,Handcrafted_LabStudy,1,1,"-2.0,16.5,0.5","-0.0,0.0,-0.0,-1.0","-9.75,1.75,0.0","-0.0,0.0,-0.0,-1.0",16.66681671142578,16.66208267211914,19.37782859802246,0,0,0,0,0,0,0,0.00498199462890625,0.0,12.0,0.0,655650878812.5884,0.1892089545726776,
6,navstack-1719303660243,navstack,Hospital,HandCrafted,,,1719306060,813860177,"builtin_interfaces.msg.Time(sec=1719306046, nanosec=853860139)",120.0,Handcrafted_LabStudy,1,1,"-2.0,16.5,0.5","-0.0,0.0,-0.0,-1.0","-9.75,1.75,0.0","-0.0,0.0,-0.0,-1.0",16.666828155517578,16.66208267211914,19.37782859802246,0,0,0,0,0,0,0,0.00498199462890625,0.0,12.0,0.0,656113279308.9066,0.1892089545726776,
6,navstack-1719303660243,navstack,Hospital,HandCrafted,,,1719306060,833859682,"builtin_interfaces.msg.Time(sec=1719306046, nanosec=853860139)",120.0,Handcrafted_LabStudy,1,1,"-2.0,16.5,0.5","-0.0,0.0,-0.0,-1.0","-9.75,1.75,0.0","-0.0,0.0,-0.0,-1.0",16.666833877563477,16.66208267211914,19.37782859802246,0,0,0,0,0,0,0,0.00498199462890625,0.0,12.0,0.0,655442790944.577,0.1892089545726776,
6,navstack-1719303660243,navstack,Hospital,HandCrafted,,,1719306060,873859643,"builtin_interfaces.msg.Time(sec=1719306046, nanosec=853860139)",120.0,Handcrafted_LabStudy,1,1,"-2.0,16.5,0.5","-0.0,0.0,-0.0,-1.0","-9.75,1.75,0.0","-0.0,0.0,-0.0,-1.0",16.666851043701172,16.66208267211914,19.37782859802246,0,0,0,0,0,0,0,0.00498199462890625,0.0,12.0,0.0,656035354657.8683,0.0946044772863388,
6,navstack-1719303660243,navstack,Hospital,HandCrafted,,,1719306060,893860101,"builtin_interfaces.msg.Time(sec=1719306046, nanosec=853860139)",120.0,Handcrafted_LabStudy,1,1,"-2.0,16.5,0.5","-0.0,0.0,-0.0,-1.0","-9.75,1.75,0.0","-0.0,0.0,-0.0,-1.0",16.666858673095703,16.66208267211914,19.37782859802246,0,0,0,0,0,0,0,0.00498199462890625,0.0,12.0,0.0,655366751978.3579,0.0,
6,navstack-1719303660243,navstack,Hospital,HandCrafted,,,1719306060,913859605,"builtin_interfaces.msg.Time(sec=1719306046, nanosec=853860139)",120.0,Handcrafted_LabStudy,1,1,"-2.0,16.5,0.5","-0.0,0.0,-0.0,-1.0","-9.75,1.75,0.0","-0.0,0.0,-0.0,-1.0",16.666868209838867,16.66208267211914,19.37782859802246,0,0,0,0,0,0,0,0.00498199462890625,0.0,12.0,0.0,655986938426.0262,0.0946044772863388,
6,navstack-1719303660243,navstack,Hospital,HandCrafted,,,1719306060,933860063,"builtin_interfaces.msg.Time(sec=1719306046, nanosec=853860139)",120.0,Handcrafted_LabStudy,1,1,"-2.0,16.5,0.5","-0.0,0.0,-0.0,-1.0","-9.75,1.75,0.0","-0.0,0.0,-0.0,-1.0",16.666873931884766,16.66208267211914,19.37782859802246,0,0,0,0,0,0,0,0.00498199462890625,0.0,12.0,0.0,655321597471.6084,0.1892089545726776,
6,navstack-1719303660243,navstack,Hospital,HandCrafted,,,1719306060,973860025,"builtin_interfaces.msg.Time(sec=1719306046, nanosec=853860139)",120.0,Handcrafted_LabStudy,1,1,"-2.0,16.5,0.5","-0.0,0.0,-0.0,-1.0","-9.75,1.75,0.0","-0.0,0.0,-0.0,-1.0",16.66689109802246,16.66208267211914,19.37782859802246,0,0,0,0,0,0,0,0.00498199462890625,0.0,12.0,0.0,655533303815.8943,0.0946044772863388,
6,navstack-1719303660243,navstack,Hospital,HandCrafted,,,1719306060,993859291,"builtin_interfaces.msg.Time(sec=1719306046, nanosec=853860139)",120.0,Handcrafted_LabStudy,1,1,"-2.0,16.5,0.5","-0.0,0.0,-0.0,-1.0","-9.75,1.75,0.0","-0.0,0.0,-0.0,-1.0",16.666898727416992,16.66208267211914,19.37782859802246,0,0,0,0,0,0,0,0.00498199462890625,0.0,12.0,0.0,655534119247.1674,0.0,
6,navstack-1719303660243,navstack,Hospital,HandCrafted,,,1719306061,13859748,"builtin_interfaces.msg.Time(sec=1719306046, nanosec=853860139)",120.0,Handcrafted_LabStudy,1,1,"-2.0,16.5,0.5","-0.0,0.0,-0.0,-1.0","-9.75,1.75,0.0","-0.0,0.0,-0.0,-1.0",16.666908264160156,16.66208267211914,19.37782859802246,0,0,0,0,0,0,0,0.00498199462890625,0.0,12.0,0.0,655791082027.1118,0.0946044772863388,
6,navstack-1719303660243,navstack,Hospital,HandCrafted,,,1719306061,33859491,"builtin_interfaces.msg.Time(sec=1719306046, nanosec=853860139)",120.0,Handcrafted_LabStudy,1,1,"-2.0,16.5,0.5","-0.0,0.0,-0.0,-1.0","-9.75,1.75,0.0","-0.0,0.0,-0.0,-1.0",16.666915893554688,16.66208267211914,19.236995697021484,0,0,0,0,0,0,0,0.005451202392578125,0.0,14.0,0.0,656007018421.1271,0.1892089545726776,
6,navstack-1719303660243,navstack,Hospital,HandCrafted,,,1719306061,53859949,"builtin_interfaces.msg.Time(sec=1719306046, nanosec=853860139)",120.0,Handcrafted_LabStudy,1,1,"-2.0,16.5,0.5","-0.0,0.0,-0.0,-1.0","-9.75,1.75,0.0","-0.0,0.0,-0.0,-1.0",16.66692543029785,16.66208267211914,19.236995697021484,0,0,0,0,0,0,0,0.005451202392578125,0.0,14.0,0.0,655342238075.7095,0.1892089545726776,
6,navstack-1719303660243,navstack,Hospital,HandCrafted,,,1719306061,93859910,"builtin_interfaces.msg.Time(sec=1719306046, nanosec=853860139)",120.0,Handcrafted_LabStudy,1,1,"-2.0,16.5,0.5","-0.0,0.0,-0.0,-1.0","-9.75,1.75,0.0","-0.0,0.0,-0.0,-1.0",16.666942596435547,16.66208267211914,19.236995697021484,0,0,0,0,0,0,0,0.005451202392578125,0.0,14.0,0.0,655532845135.8031,0.0946044772863388,
6,navstack-1719303660243,navstack,Hospital,HandCrafted,,,1719306061,113859415,"builtin_interfaces.msg.Time(sec=1719306046, nanosec=853860139)",120.0,Handcrafted_LabStudy,1,1,"-2.0,16.5,0.5","-0.0,0.0,-0.0,-1.0","-9.75,1.75,0.0","-0.0,0.0,-0.0,-1.0",16.666948318481445,16.66208267211914,19.236995697021484,0,0,0,0,0,0,0,0.005451202392578125,0.0,14.0,0.0,655728548641.3539,0.0946044772863388,
6,navstack-1719303660243,navstack,Hospital,HandCrafted,,,1719306061,133859872,"builtin_interfaces.msg.Time(sec=1719306046, nanosec=853860139)",120.0,Handcrafted_LabStudy,1,1,"-2.0,16.5,0.5","-0.0,0.0,-0.0,-1.0","-9.75,1.75,0.0","-0.0,0.0,-0.0,-1.0",16.666955947875977,16.66208267211914,19.236995697021484,0,0,0,0,0,0,0,0.005451202392578125,0.0,14.0,0.0,655063003829.1177,0.0946044772863388,
6,navstack-1719303660243,navstack,Hospital,HandCrafted,,,1719306061,193860292,"builtin_interfaces.msg.Time(sec=1719306046, nanosec=853860139)",120.0,Handcrafted_LabStudy,1,1,"-2.0,16.5,0.5","-0.0,0.0,-0.0,-1.0","-9.75,1.75,0.0","-0.0,0.0,-0.0,-1.0",16.666982650756836,16.66208267211914,19.236995697021484,0,0,0,0,0,0,0,0.005451202392578125,0.0,14.0,0.0,654811086530.1757,0.0946044772863388,
6,navstack-1719303660243,navstack,Hospital,HandCrafted,,,1719306061,213859796,"builtin_interfaces.msg.Time(sec=1719306046, nanosec=853860139)",120.0,Handcrafted_LabStudy,1,1,"-2.0,16.5,0.5","-0.0,0.0,-0.0,-1.0","-9.75,1.75,0.0","-0.0,0.0,-0.0,-1.0",16.666990280151367,16.66208267211914,19.236995697021484,0,0,0,0,0,0,0,0.005451202392578125,0.0,14.0,0.0,654335027560.0326,0.1892089545726776,
6,navstack-1719303660243,navstack,Hospital,HandCrafted,,,1719306061,233860015,"builtin_interfaces.msg.Time(sec=1719306046, nanosec=853860139)",120.0,Handcrafted_LabStudy,1,1,"-2.0,16.5,0.5","-0.0,0.0,-0.0,-1.0","-9.75,1.75,0.0","-0.0,0.0,-0.0,-1.0",16.666996002197266,16.66208267211914,19.236995697021484,0,0,0,0,0,0,0,0.005451202392578125,0.0,14.0,0.0,654992927704.0833,0.0946044772863388,
6,navstack-1719303660243,navstack,Hospital,HandCrafted,,,1719306061,233860015,"builtin_interfaces.msg.Time(sec=1719306046, nanosec=853860139)",120.0,Handcrafted_LabStudy,1,1,"-2.0,16.5,0.5","-0.0,0.0,-0.0,-1.0","-9.75,1.75,0.0","-0.0,0.0,-0.0,-1.0",16.666996002197266,16.66208267211914,19.236995697021484,0,0,0,0,0,0,0,0.005451202392578125,0.0,14.0,0.0,654992825775.1741,0.0,
6,navstack-1719303660243,navstack,Hospital,HandCrafted,,,1719306061,253859519,"builtin_interfaces.msg.Time(sec=1719306046, nanosec=853860139)",120.0,Handcrafted_LabStudy,1,1,"-2.0,16.5,0.5","-0.0,0.0,-0.0,-1.0","-9.75,1.75,0.0","-0.0,0.0,-0.0,-1.0",16.66700553894043,16.66208267211914,19.236995697021484,0,0,0,0,0,0,0,0.005451202392578125,0.0,14.0,0.0,654986761005.0802,0.0946044772863388,
6,navstack-1719303660243,navstack,Hospital,HandCrafted,,,1719306061,273860216,"builtin_interfaces.msg.Time(sec=1719306046, nanosec=853860139)",120.0,Handcrafted_LabStudy,1,1,"-2.0,16.5,0.5","-0.0,0.0,-0.0,-1.0","-9.75,1.75,0.0","-0.0,0.0,-0.0,-1.0",16.66701316833496,16.66208267211914,19.236995697021484,0,0,0,0,0,0,0,0.005451202392578125,0.0,14.0,0.0,654798753132.1697,0.1892089545726776,
6,navstack-1719303660243,navstack,Hospital,HandCrafted,,,1719306061,293859720,"builtin_interfaces.msg.Time(sec=1719306046, nanosec=853860139)",120.0,Handcrafted_LabStudy,1,1,"-2.0,16.5,0.5","-0.0,0.0,-0.0,-1.0","-9.75,1.75,0.0","-0.0,0.0,-0.0,-1.0",16.667022705078125,16.66208267211914,19.236995697021484,0,0,0,0,0,0,0,0.005451202392578125,0.0,14.0,0.0,654572725776.1494,0.1892089545726776,
6,navstack-1719303660243,navstack,Hospital,HandCrafted,,,1719306061,313860177,"builtin_interfaces.msg.Time(sec=1719306046, nanosec=853860139)",120.0,Handcrafted_LabStudy,1,1,"-2.0,16.5,0.5","-0.0,0.0,-0.0,-1.0","-9.75,1.75,0.0","-0.0,0.0,-0.0,-1.0",16.667030334472656,16.66208267211914,19.236995697021484,0,0,0,0,0,0,0,0.005451202392578125,0.0,14.0,0.0,654339104716.3983,0.1892089545726776,
6,navstack-1719303660243,navstack,Hospital,HandCrafted,,,1719306061,333859682,"builtin_interfaces.msg.Time(sec=1719306046, nanosec=853860139)",120.0,Handcrafted_LabStudy,1,1,"-2.0,16.5,0.5","-0.0,0.0,-0.0,-1.0","-9.75,1.75,0.0","-0.0,0.0,-0.0,-1.0",16.667036056518555,16.66208267211914,19.236995697021484,0,0,0,0,0,0,0,0.005451202392578125,0.0,14.0,0.0,654993335419.7198,0.0946044772863388,
6,navstack-1719303660243,navstack,Hospital,HandCrafted,,,1719306061,353860139,"builtin_interfaces.msg.Time(sec=1719306046, nanosec=853860139)",120.0,Handcrafted_LabStudy,1,1,"-2.0,16.5,0.5","-0.0,0.0,-0.0,-1.0","-9.75,1.75,0.0","-0.0,0.0,-0.0,-1.0",16.66704750061035,16.66208267211914,19.236995697021484,0,0,0,0,0,0,0,0.005451202392578125,0.0,14.0,0.0,654709157621.0347,0.0946044772863388,
6,navstack-1719303660243,navstack,Hospital,HandCrafted,,,1719306061,353860139,"builtin_interfaces.msg.Time(sec=1719306046, nanosec=853860139)",120.0,Handcrafted_LabStudy,1,1,"-2.0,16.5,0.5","-0.0,0.0,-0.0,-1.0","-9.75,1.75,0.0","-0.0,0.0,-0.0,-1.0",16.66704750061035,16.66208267211914,19.236995697021484,0,0,0,0,0,0,0,0.005451202392578125,0.0,14.0,0.0,655374243753.1797,0.0946044772863388,
6,navstack-1719303660243,navstack,Hospital,HandCrafted,,,1719306061,373859643,"builtin_interfaces.msg.Time(sec=1719306046, nanosec=853860139)",120.0,Handcrafted_LabStudy,1,1,"-2.0,16.5,0.5","-0.0,0.0,-0.0,-1.0","-9.75,1.75,0.0","-0.0,0.0,-0.0,-1.0",16.66705322265625,16.66208267211914,19.236995697021484,0,0,0,0,0,0,0,0.005451202392578125,0.0,14.0,0.0,655366955836.1761,0.0946044772863388,
6,navstack-1719303660243,navstack,Hospital,HandCrafted,,,1719306061,393860101,"builtin_interfaces.msg.Time(sec=1719306046, nanosec=853860139)",120.0,Handcrafted_LabStudy,1,1,"-2.0,16.5,0.5","-0.0,0.0,-0.0,-1.0","-9.75,1.75,0.0","-0.0,0.0,-0.0,-1.0",16.667064666748047,16.66208267211914,19.236995697021484,0,0,0,0,0,0,0,0.005451202392578125,0.0,14.0,0.0,655121765845.2374,0.1892089545726776,
6,navstack-1719303660243,navstack,Hospital,HandCrafted,,,1719306061,413859605,"builtin_interfaces.msg.Time(sec=1719306046, nanosec=853860139)",120.0,Handcrafted_LabStudy,1,1,"-2.0,16.5,0.5","-0.0,0.0,-0.0,-1.0","-9.75,1.75,0.0","-0.0,0.0,-0.0,-1.0",16.667070388793945,16.66208267211914,19.236995697021484,0,0,0,0,0,0,0,0.005451202392578125,0.0,14.0,0.0,655777831268.9236,0.1892089545726776,
6,navstack-1719303660243,navstack,Hospital,HandCrafted,,,1719306061,433860063,"builtin_interfaces.msg.Time(sec=1719306046, nanosec=853860139)",120.0,Handcrafted_LabStudy,1,1,"-2.0,16.5,0.5","-0.0,0.0,-0.0,-1.0","-9.75,1.75,0.0","-0.0,0.0,-0.0,-1.0",16.66707992553711,16.66208267211914,19.236995697021484,0,0,0,0,0,0,0,0.005451202392578125,0.0,14.0,0.0,655109177624.9586,0.1892089545726776,
6,navstack-1719303660243,navstack,Hospital,HandCrafted,,,1719306061,453859567,"builtin_interfaces.msg.Time(sec=1719306046, nanosec=853860139)",120.0,Handcrafted_LabStudy,1,1,"-2.0,16.5,0.5","-0.0,0.0,-0.0,-1.0","-9.75,1.75,0.0","-0.0,0.0,-0.0,-1.0",16.66708755493164,16.66208267211914,19.236995697021484,0,0,0,0,0,0,0,0.005451202392578125,0.0,14.0,0.0,654730358834.136,0.1892089545726776,
6,navstack-1719303660243,navstack,Hospital,HandCrafted,,,1719306061,473860025,"builtin_interfaces.msg.Time(sec=1719306046, nanosec=853860139)",120.0,Handcrafted_LabStudy,1,1,"-2.0,16.5,0.5","-0.0,0.0,-0.0,-1.0","-9.75,1.75,0.0","-0.0,0.0,-0.0,-1.0",16.667095184326172,16.66208267211914,19.236995697021484,0,0,0,0,0,0,0,0.005451202392578125,0.0,14.0,0.0,654323560557.7543,0.0946044772863388,
6,navstack-1719303660243,navstack,Hospital,HandCrafted,,,1719306061,493859291,"builtin_interfaces.msg.Time(sec=1719306046, nanosec=853860139)",120.0,Handcrafted_LabStudy,1,1,"-2.0,16.5,0.5","-0.0,0.0,-0.0,-1.0","-9.75,1.75,0.0","-0.0,0.0,-0.0,-1.0",16.667104721069336,16.66208267211914,19.236995697021484,0,0,0,0,0,0,0,0.005451202392578125,0.0,14.0,0.0,655257993832.3044,0.0946044772863388,
6,navstack-1719303660243,navstack,Hospital,HandCrafted,,,1719306061,513859748,"builtin_interfaces.msg.Time(sec=1719306046, nanosec=853860139)",120.0,Handcrafted_LabStudy,1,1,"-2.0,16.5,0.5","-0.0,0.0,-0.0,-1.0","-9.75,1.75,0.0","-0.0,0.0,-0.0,-1.0",16.667110443115234,16.66208267211914,19.236995697021484,0,0,0,0,0,0,0,0.005451202392578125,0.0,14.0,0.0,654593417344.7051,0.1892089545726776,
6,navstack-1719303660243,navstack,Hospital,HandCrafted,,,1719306061,533859491,"builtin_interfaces.msg.Time(sec=1719306046, nanosec=853860139)",120.0,Handcrafted_LabStudy,1,1,"-2.0,16.5,0.5","-0.0,0.0,-0.0,-1.0","-9.75,1.75,0.0","-0.0,0.0,-0.0,-1.0",16.66712188720703,16.66208267211914,19.236995697021484,0,0,0,0,0,0,0,0.005451202392578125,0.0,14.0,0.0,654291962595.9205,0.1892089545726776,
6,navstack-1719303660243,navstack,Hospital,HandCrafted,,,1719306061,533859491,"builtin_interfaces.msg.Time(sec=1719306046, nanosec=853860139)",120.0,Handcrafted_LabStudy,1,1,"-2.0,16.5,0.5","-0.0,0.0,-0.0,-1.0","-9.75,1.75,0.0","-0.0,0.0,-0.0,-1.0",16.66712188720703,16.66208267211914,19.236995697021484,0,0,0,0,0,0,0,0.005451202392578125,0.0,14.0,0.0,654955672687.7922,0.0946044772863388,
6,navstack-1719303660243,navstack,Hospital,HandCrafted,,,1719306061,553859949,"builtin_interfaces.msg.Time(sec=1719306046, nanosec=853860139)",120.0,Handcrafted_LabStudy,1,1,"-2.0,16.5,0.5","-0.0,0.0,-0.0,-1.0","-9.75,1.75,0.0","-0.0,0.0,-0.0,-1.0",16.66712760925293,16.66208267211914,19.236995697021484,0,0,0,0,0,0,0,0.005451202392578125,0.0,14.0,0.0,654952614820.518,0.0946044772863388,
6,navstack-1719303660243,navstack,Hospital,HandCrafted,,,1719306061,573859453,"builtin_interfaces.msg.Time(sec=1719306046, nanosec=853860139)",120.0,Handcrafted_LabStudy,1,1,"-2.0,16.5,0.5","-0.0,0.0,-0.0,-1.0","-9.75,1.75,0.0","-0.0,0.0,-0.0,-1.0",16.66713523864746,16.66208267211914,19.236995697021484,0,0,0,0,0,0,0,0.005451202392578125,0.0,14.0,0.0,654608655716.6217,0.0946044772863388,
6,navstack-1719303660243,navstack,Hospital,HandCrafted,,,1719306061,593859910,"builtin_interfaces.msg.Time(sec=1719306046, nanosec=853860139)",120.0,Handcrafted_LabStudy,1,1,"-2.0,16.5,0.5","-0.0,0.0,-0.0,-1.0","-9.75,1.75,0.0","-0.0,0.0,-0.0,-1.0",16.667144775390625,16.66208267211914,19.236995697021484,0,0,0,0,0,0,0,0.005451202392578125,0.0,14.0,0.0,654218217030.1571,0.0946044772863388,
6,navstack-1719303660243,navstack,Hospital,HandCrafted,,,1719306061,613859415,"builtin_interfaces.msg.Time(sec=1719306046, nanosec=853860139)",120.0,Handcrafted_LabStudy,1,1,"-2.0,16.5,0.5","-0.0,0.0,-0.0,-1.0","-9.75,1.75,0.0","-0.0,0.0,-0.0,-1.0",16.667152404785156,16.66208267211914,19.236995697021484,0,0,0,0,0,0,0,0.005451202392578125,0.0,14.0,0.0,655152752233.6163,0.1892089545726776,
6,navstack-1719303660243,navstack,Hospital,HandCrafted,,,1719306061,613859415,"builtin_interfaces.msg.Time(sec=1719306046, nanosec=853860139)",120.0,Handcrafted_LabStudy,1,1,"-2.0,16.5,0.5","-0.0,0.0,-0.0,-1.0","-9.75,1.75,0.0","-0.0,0.0,-0.0,-1.0",16.667152404785156,16.66208267211914,19.236995697021484,0,0,0,0,0,0,0,0.005451202392578125,0.0,14.0,0.0,655152752233.6163,0.0946044772863388,
6,navstack-1719303660243,navstack,Hospital,HandCrafted,,,1719306061,633859872,"builtin_interfaces.msg.Time(sec=1719306046, nanosec=853860139)",120.0,Handcrafted_LabStudy,1,1,"-2.0,16.5,0.5","-0.0,0.0,-0.0,-1.0","-9.75,1.75,0.0","-0.0,0.0,-0.0,-1.0",16.66716194152832,16.66208267211914,19.236995697021484,0,0,0,0,0,0,0,0.005451202392578125,0.0,14.0,0.0,654970044663.9811,0.0946044772863388,
6,navstack-1719303660243,navstack,Hospital,HandCrafted,,,1719306061,653859376,"builtin_interfaces.msg.Time(sec=1719306046, nanosec=853860139)",120.0,Handcrafted_LabStudy,1,1,"-2.0,16.5,0.5","-0.0,0.0,-0.0,-1.0","-9.75,1.75,0.0","-0.0,0.0,-0.0,-1.0",16.66716766357422,16.66208267211914,19.236995697021484,0,0,0,0,0,0,0,0.005451202392578125,0.0,14.0,0.0,654804359222.1724,0.1892089545726776,
6,navstack-1719303660243,navstack,Hospital,HandCrafted,,,1719306061,673859834,"builtin_interfaces.msg.Time(sec=1719306046, nanosec=853860139)",120.0,Handcrafted_LabStudy,1,1,"-2.0,16.5,0.5","-0.0,0.0,-0.0,-1.0","-9.75,1.75,0.0","-0.0,0.0,-0.0,-1.0",16.667179107666016,16.66208267211914,19.236995697021484,0,0,0,0,0,0,0,0.005451202392578125,0.0,14.0,0.0,654400160132.9738,0.1892089545726776,
6,navstack-1719303660243,navstack,Hospital,HandCrafted,,,1719306061,673859834,"builtin_interfaces.msg.Time(sec=1719306046, nanosec=853860139)",120.0,Handcrafted_LabStudy,1,1,"-2.0,16.5,0.5","-0.0,0.0,-0.0,-1.0","-9.75,1.75,0.0","-0.0,0.0,-0.0,-1.0",16.667179107666016,16.66208267211914,19.236995697021484,0,0,0,0,0,0,0,0.005451202392578125,0.0,14.0,0.0,655063768295.9363,0.0946044772863388,
6,navstack-1719303660243,navstack,Hospital,HandCrafted,,,1719306061,693859338,"builtin_interfaces.msg.Time(sec=1719306046, nanosec=853860139)",120.0,Handcrafted_LabStudy,1,1,"-2.0,16.5,0.5","-0.0,0.0,-0.0,-1.0","-9.75,1.75,0.0","-0.0,0.0,-0.0,-1.0",16.667184829711914,16.66208267211914,19.236995697021484,0,0,0,0,0,0,0,0.005451202392578125,0.0,14.0,0.0,655060659464.2074,0.0946044772863388,
6,navstack-1719303660243,navstack,Hospital,HandCrafted,,,1719306061,713859796,"builtin_interfaces.msg.Time(sec=1719306046, nanosec=853860139)",120.0,Handcrafted_LabStudy,1,1,"-2.0,16.5,0.5","-0.0,0.0,-0.0,-1.0","-9.75,1.75,0.0","-0.0,0.0,-0.0,-1.0",16.667192459106445,16.66208267211914,19.236995697021484,0,0,0,0,0,0,0,0.005451202392578125,0.0,14.0,0.0,654849207942.1945,0.0946044772863388,
6,navstack-1719303660243,navstack,Hospital,HandCrafted,,,1719306061,733860015,"builtin_interfaces.msg.Time(sec=1719306046, nanosec=853860139)",120.0,Handcrafted_LabStudy,1,1,"-2.0,16.5,0.5","-0.0,0.0,-0.0,-1.0","-9.75,1.75,0.0","-0.0,0.0,-0.0,-1.0",16.66720199584961,16.66208267211914,19.236995697021484,0,0,0,0,0,0,0,0.005451202392578125,0.0,14.0,0.0,655509197628.8824,0.0946044772863388,
6,navstack-1719303660243,navstack,Hospital,HandCrafted,,,1719306061,733860015,"builtin_interfaces.msg.Time(sec=1719306046, nanosec=853860139)",120.0,Handcrafted_LabStudy,1,1,"-2.0,16.5,0.5","-0.0,0.0,-0.0,-1.0","-9.75,1.75,0.0","-0.0,0.0,-0.0,-1.0",16.66720199584961,16.66208267211914,19.236995697021484,0,0,0,0,0,0,0,0.005451202392578125,0.0,14.0,0.0,655509197628.8824,0.0946044772863388,
6,navstack-1719303660243,navstack,Hospital,HandCrafted,,,1719306061,753859519,"builtin_interfaces.msg.Time(sec=1719306046, nanosec=853860139)",120.0,Handcrafted_LabStudy,1,1,"-2.0,16.5,0.5","-0.0,0.0,-0.0,-1.0","-9.75,1.75,0.0","-0.0,0.0,-0.0,-1.0",16.66720962524414,16.66208267211914,19.236995697021484,0,0,0,0,0,0,0,0.005451202392578125,0.0,14.0,0.0,655344837262.8926,0.0946044772863388,
6,navstack-1719303660243,navstack,Hospital,HandCrafted,,,1719306061,773860216,"builtin_interfaces.msg.Time(sec=1719306046, nanosec=853860139)",120.0,Handcrafted_LabStudy,1,1,"-2.0,16.5,0.5","-0.0,0.0,-0.0,-1.0","-9.75,1.75,0.0","-0.0,0.0,-0.0,-1.0",16.667219161987305,16.66208267211914,19.236995697021484,0,0,0,0,0,0,0,0.005451202392578125,0.0,14.0,0.0,655157899643.528,0.1892089545726776,
6,navstack-1719303660243,navstack,Hospital,HandCrafted,,,1719306061,793859720,"builtin_interfaces.msg.Time(sec=1719306046, nanosec=853860139)",120.0,Handcrafted_LabStudy,1,1,"-2.0,16.5,0.5","-0.0,0.0,-0.0,-1.0","-9.75,1.75,0.0","-0.0,0.0,-0.0,-1.0",16.667226791381836,16.66208267211914,19.236995697021484,0,0,0,0,0,0,0,0.005451202392578125,0.0,14.0,0.0,654704825642.3962,0.1892089545726776,
6,navstack-1719303660243,navstack,Hospital,HandCrafted,,,1719306061,813860177,"builtin_interfaces.msg.Time(sec=1719306046, nanosec=853860139)",120.0,Handcrafted_LabStudy,1,1,"-2.0,16.5,0.5","-0.0,0.0,-0.0,-1.0","-9.75,1.75,0.0","-0.0,0.0,-0.0,-1.0",16.667232513427734,16.66208267211914,19.236995697021484,0,0,0,0,0,0,0,0.005451202392578125,0.0,14.0,0.0,655362318070.8102,0.0946044772863388,
6,navstack-1719303660243,navstack,Hospital,HandCrafted,,,1719306061,833859682,"builtin_interfaces.msg.Time(sec=1719306046, nanosec=853860139)",120.0,Handcrafted_LabStudy,1,1,"-2.0,16.5,0.5","-0.0,0.0,-0.0,-1.0","-9.75,1.75,0.0","-0.0,0.0,-0.0,-1.0",16.6672420501709,16.66208267211914,19.236995697021484,0,0,0,0,0,0,0,0.005451202392578125,0.0,14.0,0.0,655043229620.7444,0.0946044772863388,
6,navstack-1719303660243,navstack,Hospital,HandCrafted,,,1719306061,853860139,"builtin_interfaces.msg.Time(sec=1719306046, nanosec=853860139)",120.0,Handcrafted_LabStudy,1,1,"-2.0,16.5,0.5","-0.0,0.0,-0.0,-1.0","-9.75,1.75,0.0","-0.0,0.0,-0.0,-1.0",16.66724967956543,16.66208267211914,19.236995697021484,0,0,0,0,0,0,0,0.005451202392578125,0.0,14.0,0.0,654736780355.4119,0.1892089545726776,
6,navstack-1719303660243,navstack,Hospital,HandCrafted,,,1719306061,853860139,"builtin_interfaces.msg.Time(sec=1719306046, nanosec=853860139)",120.0,Handcrafted_LabStudy,1,1,"-2.0,16.5,0.5","-0.0,0.0,-0.0,-1.0","-9.75,1.75,0.0","-0.0,0.0,-0.0,-1.0",16.66724967956543,16.66208267211914,19.236995697021484,0,0,0,0,0,0,0,0.005451202392578125,0.0,14.0,0.0,654736780355.4119,0.0946044772863388,
6,navstack-1719303660243,navstack,Hospital,HandCrafted,,,1719306061,873859643,"builtin_interfaces.msg.Time(sec=1719306046, nanosec=853860139)",120.0,Handcrafted_LabStudy,1,1,"-2.0,16.5,0.5","-0.0,0.0,-0.0,-1.0","-9.75,1.75,0.0","-0.0,0.0,-0.0,-1.0",16.667259216308594,16.66208267211914,19.236995697021484,0,0,0,0,0,0,0,0.005451202392578125,0.0,14.0,0.0,654702888993.1226,0.0946044772863388,
6,navstack-1719303660243,navstack,Hospital,HandCrafted,,,1719306061,893860101,"builtin_interfaces.msg.Time(sec=1719306046, nanosec=853860139)",120.0,Handcrafted_LabStudy,1,1,"-2.0,16.5,0.5","-0.0,0.0,-0.0,-1.0","-9.75,1.75,0.0","-0.0,0.0,-0.0,-1.0",16.667266845703125,16.66208267211914,19.236995697021484,0,0,0,0,0,0,0,0.005451202392578125,0.0,14.0,0.0,655359769848.0817,0.1892089545726776,
6,navstack-1719303660243,navstack,Hospital,HandCrafted,,,1719306061,913859605,"builtin_interfaces.msg.Time(sec=1719306046, nanosec=853860139)",120.0,Handcrafted_LabStudy,1,1,"-2.0,16.5,0.5","-0.0,0.0,-0.0,-1.0","-9.75,1.75,0.0","-0.0,0.0,-0.0,-1.0",16.667272567749023,16.66208267211914,19.236995697021484,0,0,0,0,0,0,0,0.005451202392578125,0.0,14.0,0.0,655325012090.0646,0.0946044772863388,
6,navstack-1719303660243,navstack,Hospital,HandCrafted,,,1719306061,913859605,"builtin_interfaces.msg.Time(sec=1719306046, nanosec=853860139)",120.0,Handcrafted_LabStudy,1,1,"-2.0,16.5,0.5","-0.0,0.0,-0.0,-1.0","-9.75,1.75,0.0","-0.0,0.0,-0.0,-1.0",16.667272567749023,16.66208267211914,19.236995697021484,0,0,0,0,0,0,0,0.005451202392578125,0.0,14.0,0.0,655325012090.0646,0.0,
6,navstack-1719303660243,navstack,Hospital,HandCrafted,,,1719306061,933860063,"builtin_interfaces.msg.Time(sec=1719306046, nanosec=853860139)",120.0,Handcrafted_LabStudy,1,1,"-2.0,16.5,0.5","-0.0,0.0,-0.0,-1.0","-9.75,1.75,0.0","-0.0,0.0,-0.0,-1.0",16.66728401184082,16.66208267211914,19.236995697021484,0,0,0,0,0,0,0,0.005451202392578125,0.0,14.0,0.0,655291120727.7753,0.0946044772863388,
6,navstack-1719303660243,navstack,Hospital,HandCrafted,,,1719306061,953859567,"builtin_interfaces.msg.Time(sec=1719306046, nanosec=853860139)",120.0,Handcrafted_LabStudy,1,1,"-2.0,16.5,0.5","-0.0,0.0,-0.0,-1.0","-9.75,1.75,0.0","-0.0,0.0,-0.0,-1.0",16.66728973388672,16.66208267211914,19.236995697021484,0,0,0,0,0,0,0,0.005451202392578125,0.0,14.0,0.0,655243519927.2064,0.1892089545726776,
6,navstack-1719303660243,navstack,Hospital,HandCrafted,,,1719306061,973860025,"builtin_interfaces.msg.Time(sec=1719306046, nanosec=853860139)",120.0,Handcrafted_LabStudy,1,1,"-2.0,16.5,0.5","-0.0,0.0,-0.0,-1.0","-9.75,1.75,0.0","-0.0,0.0,-0.0,-1.0",16.667301177978516,16.66208267211914,19.236995697021484,0,0,0,0,0,0,0,0.005451202392578125,0.0,14.0,0.0,655202901256.9137,0.1892089545726776,
6,navstack-1719303660243,navstack,Hospital,HandCrafted,,,1719306061,993859291,"builtin_interfaces.msg.Time(sec=1719306046, nanosec=853860139)",120.0,Handcrafted_LabStudy,1,1,"-2.0,16.5,0.5","-0.0,0.0,-0.0,-1.0","-9.75,1.75,0.0","-0.0,0.0,-0.0,-1.0",16.667306900024414,16.66208267211914,19.236995697021484,0,0,0,0,0,0,0,0.005451202392578125,0.0,14.0,0.0,655856061706.6892,0.1892089545726776,
6,navstack-1719303660243,navstack,Hospital,HandCrafted,,,1719306062,13859748,"builtin_interfaces.msg.Time(sec=1719306046, nanosec=853860139)",120.0,Handcrafted_LabStudy,1,1,"-2.0,16.5,0.5","-0.0,0.0,-0.0,-1.0","-9.75,1.75,0.0","-0.0,0.0,-0.0,-1.0",16.667316436767578,16.66208267211914,19.236995697021484,0,0,0,0,0,0,0,0.005451202392578125,0.0,14.0,0.0,655801784562.5717,0.1892089545726776,
6,navstack-1719303660243,navstack,Hospital,HandCrafted,,,1719306062,33859491,"builtin_interfaces.msg.Time(sec=1719306046, nanosec=853860139)",120.0,Handcrafted_LabStudy,1,1,"-2.0,16.5,0.5","-0.0,0.0,-0.0,-1.0","-9.75,1.75,0.0","-0.0,0.0,-0.0,-1.0",16.66732406616211,16.66208267211914,19.236995697021484,0,0,0,0,0,0,0,0.005451202392578125,0.0,14.0,0.0,655759280207.4598,0.1892089545726776,
6,navstack-1719303660243,navstack,Hospital,HandCrafted,,,1719306062,53859949,"builtin_interfaces.msg.Time(sec=1719306046, nanosec=853860139)",120.0,Handcrafted_LabStudy,1,1,"-2.0,16.5,0.5","-0.0,0.0,-0.0,-1.0","-9.75,1.75,0.0","-0.0,0.0,-0.0,-1.0",16.667329788208008,16.66208267211914,19.07801055908203,0,0,0,0,0,0,0,0.00592041015625,0.0,15.0,0.0,655888577028.7052,0.0946044772863388,
6,navstack-1719303660243,navstack,Hospital,HandCrafted,,,1719306062,73859453,"builtin_interfaces.msg.Time(sec=1719306046, nanosec=853860139)",120.0,Handcrafted_LabStudy,1,1,"-2.0,16.5,0.5","-0.0,0.0,-0.0,-1.0","-9.75,1.75,0.0","-0.0,0.0,-0.0,-1.0",16.667341232299805,16.66208267211914,19.07801055908203,0,0,0,0,0,0,0,0.00592041015625,0.0,15.0,0.0,656098703474.8994,0.0946044772863388,
6,navstack-1719303660243,navstack,Hospital,HandCrafted,,,1719306062,93859910,"builtin_interfaces.msg.Time(sec=1719306046, nanosec=853860139)",120.0,Handcrafted_LabStudy,1,1,"-2.0,16.5,0.5","-0.0,0.0,-0.0,-1.0","-9.75,1.75,0.0","-0.0,0.0,-0.0,-1.0",16.667346954345703,16.66208267211914,19.07801055908203,0,0,0,0,0,0,0,0.00592041015625,0.0,15.0,0.0,655425666887.8414,0.1892089545726776,
6,navstack-1719303660243,navstack,Hospital,HandCrafted,,,1719306062,93859910,"builtin_interfaces.msg.Time(sec=1719306046, nanosec=853860139)",120.0,Handcrafted_LabStudy,1,1,"-2.0,16.5,0.5","-0.0,0.0,-0.0,-1.0","-9.75,1.75,0.0","-0.0,0.0,-0.0,-1.0",16.667346954345703,16.66208267211914,19.07801055908203,0,0,0,0,0,0,0,0.00592041015625,0.0,15.0,0.0,655425666887.8414,0.0946044772863388,
6,navstack-1719303660243,navstack,Hospital,HandCrafted,,,1719306062,113859415,"builtin_interfaces.msg.Time(sec=1719306046, nanosec=853860139)",120.0,Handcrafted_LabStudy,1,1,"-2.0,16.5,0.5","-0.0,0.0,-0.0,-1.0","-9.75,1.75,0.0","-0.0,0.0,-0.0,-1.0",16.6673583984375,16.66208267211914,19.07801055908203,0,0,0,0,0,0,0,0.00592041015625,0.0,15.0,0.0,655580445936.372,0.0946044772863388,
6,navstack-1719303660243,navstack,Hospital,HandCrafted,,,1719306062,133859872,"builtin_interfaces.msg.Time(sec=1719306046, nanosec=853860139)",120.0,Handcrafted_LabStudy,1,1,"-2.0,16.5,0.5","-0.0,0.0,-0.0,-1.0","-9.75,1.75,0.0","-0.0,0.0,-0.0,-1.0",16.6673641204834,16.66208267211914,19.07801055908203,0,0,0,0,0,0,0,0.00592041015625,0.0,15.0,0.0,655756884878.0951,0.1892089545726776,
6,navstack-1719303660243,navstack,Hospital,HandCrafted,,,1719306062,153859376,"builtin_interfaces.msg.Time(sec=1719306046, nanosec=853860139)",120.0,Handcrafted_LabStudy,1,1,"-2.0,16.5,0.5","-0.0,0.0,-0.0,-1.0","-9.75,1.75,0.0","-0.0,0.0,-0.0,-1.0",16.66737174987793,16.66208267211914,19.07801055908203,0,0,0,0,0,0,0,0.00592041015625,0.0,15.0,0.0,656017873849.9506,0.0946044772863388,
6,navstack-1719303660243,navstack,Hospital,HandCrafted,,,1719306062,153859376,"builtin_interfaces.msg.Time(sec=1719306046, nanosec=853860139)",120.0,Handcrafted_LabStudy,1,1,"-2.0,16.5,0.5","-0.0,0.0,-0.0,-1.0","-9.75,1.75,0.0","-0.0,0.0,-0.0,-1.0",16.66737174987793,16.66208267211914,19.07801055908203,0,0,0,0,0,0,0,0.00592041015625,0.0,15.0,0.0,656017873849.9506,0.0,
6,navstack-1719303660243,navstack,Hospital,HandCrafted,,,1719306062,173859834,"builtin_interfaces.msg.Time(sec=1719306046, nanosec=853860139)",120.0,Handcrafted_LabStudy,1,1,"-2.0,16.5,0.5","-0.0,0.0,-0.0,-1.0","-9.75,1.75,0.0","-0.0,0.0,-0.0,-1.0",16.667381286621094,16.66208267211914,19.07801055908203,0,0,0,0,0,0,0,0.00592041015625,0.0,15.0,0.0,656140341434.2836,0.0946044772863388,
6,navstack-1719303660243,navstack,Hospital,HandCrafted,,,1719306062,173859834,"builtin_interfaces.msg.Time(sec=1719306046, nanosec=853860139)",120.0,Handcrafted_LabStudy,1,1,"-2.0,16.5,0.5","-0.0,0.0,-0.0,-1.0","-9.75,1.75,0.0","-0.0,0.0,-0.0,-1.0",16.667381286621094,16.66208267211914,19.07801055908203,0,0,0,0,0,0,0,0.00592041015625,0.0,15.0,0.0,656140341434.2836,0.0946044772863388,
6,navstack-1719303660243,navstack,Hospital,HandCrafted,,,1719306062,193859338,"builtin_interfaces.msg.Time(sec=1719306046, nanosec=853860139)",120.0,Handcrafted_LabStudy,1,1,"-2.0,16.5,0.5","-0.0,0.0,-0.0,-1.0","-9.75,1.75,0.0","-0.0,0.0,-0.0,-1.0",16.667388916015625,16.66208267211914,19.07801055908203,0,0,0,0,0,0,0,0.00592041015625,0.0,15.0,0.0,656241149125.424,0.0946044772863388,
6,navstack-1719303660243,navstack,Hospital,HandCrafted,,,1719306062,193859338,"builtin_interfaces.msg.Time(sec=1719306046, nanosec=853860139)",120.0,Handcrafted_LabStudy,1,1,"-2.0,16.5,0.5","-0.0,0.0,-0.0,-1.0","-9.75,1.75,0.0","-0.0,0.0,-0.0,-1.0",16.667388916015625,16.66208267211914,19.07801055908203,0,0,0,0,0,0,0,0.00592041015625,0.0,15.0,0.0,655578560251.5529,0.0946044772863388,
6,navstack-1719303660243,navstack,Hospital,HandCrafted,,,1719306062,213859796,"builtin_interfaces.msg.Time(sec=1719306046, nanosec=853860139)",120.0,Handcrafted_LabStudy,1,1,"-2.0,16.5,0.5","-0.0,0.0,-0.0,-1.0","-9.75,1.75,0.0","-0.0,0.0,-0.0,-1.0",16.66739845275879,16.66208267211914,19.07801055908203,0,0,0,0,0,0,0,0.00592041015625,0.0,15.0,0.0,655569284720.821,0.0946044772863388,
6,navstack-1719303660243,navstack,Hospital,HandCrafted,,,1719306062,233860015,"builtin_interfaces.msg.Time(sec=1719306046, nanosec=853860139)",120.0,Handcrafted_LabStudy,1,1,"-2.0,16.5,0.5","-0.0,0.0,-0.0,-1.0","-9.75,1.75,0.0","-0.0,0.0,-0.0,-1.0",16.667404174804688,16.66208267211914,19.07801055908203,0,0,0,0,0,0,0,0.00592041015625,0.0,15.0,0.0,655658727338.5923,0.1892089545726776,
6,navstack-1719303660243,navstack,Hospital,HandCrafted,,,1719306062,233860015,"builtin_interfaces.msg.Time(sec=1719306046, nanosec=853860139)",120.0,Handcrafted_LabStudy,1,1,"-2.0,16.5,0.5","-0.0,0.0,-0.0,-1.0","-9.75,1.75,0.0","-0.0,0.0,-0.0,-1.0",16.667404174804688,16.66208267211914,19.07801055908203,0,0,0,0,0,0,0,0.00592041015625,0.0,15.0,0.0,655658727338.5923,0.0946044772863388,
6,navstack-1719303660243,navstack,Hospital,HandCrafted,,,1719306062,253859519,"builtin_interfaces.msg.Time(sec=1719306046, nanosec=853860139)",120.0,Handcrafted_LabStudy,1,1,"-2.0,16.5,0.5","-0.0,0.0,-0.0,-1.0","-9.75,1.75,0.0","-0.0,0.0,-0.0,-1.0",16.667415618896484,16.66208267211914,19.07801055908203,0,0,0,0,0,0,0,0.00592041015625,0.0,15.0,0.0,655810193697.5758,0.0946044772863388,
6,navstack-1719303660243,navstack,Hospital,HandCrafted,,,1719306062,273860216,"builtin_interfaces.msg.Time(sec=1719306046, nanosec=853860139)",120.0,Handcrafted_LabStudy,1,1,"-2.0,16.5,0.5","-0.0,0.0,-0.0,-1.0","-9.75,1.75,0.0","-0.0,0.0,-0.0,-1.0",16.667421340942383,16.66208267211914,19.07801055908203,0,0,0,0,0,0,0,0.00592041015625,0.0,15.0,0.0,655936330722.6378,0.1892089545726776,
6,navstack-1719303660243,navstack,Hospital,HandCrafted,,,1719306062,293859720,"builtin_interfaces.msg.Time(sec=1719306046, nanosec=853860139)",120.0,Handcrafted_LabStudy,1,1,"-2.0,16.5,0.5","-0.0,0.0,-0.0,-1.0","-9.75,1.75,0.0","-0.0,0.0,-0.0,-1.0",16.667428970336914,16.66208267211914,19.07801055908203,0,0,0,0,0,0,0,0.00592041015625,0.0,15.0,0.0,656085758503.4385,0.0946044772863388,
6,navstack-1719303660243,navstack,Hospital,HandCrafted,,,1719306062,313860177,"builtin_interfaces.msg.Time(sec=1719306046, nanosec=853860139)",120.0,Handcrafted_LabStudy,1,1,"-2.0,16.5,0.5","-0.0,0.0,-0.0,-1.0","-9.75,1.75,0.0","-0.0,0.0,-0.0,-1.0",16.667438507080078,16.66208267211914,19.07801055908203,0,0,0,0,0,0,0,0.00592041015625,0.0,15.0,0.0,656278200283.8967,0.0946044772863388,
6,navstack-1719303660243,navstack,Hospital,HandCrafted,,,1719306062,313860177,"builtin_interfaces.msg.Time(sec=1719306046, nanosec=853860139)",120.0,Handcrafted_LabStudy,1,1,"-2.0,16.5,0.5","-0.0,0.0,-0.0,-1.0","-9.75,1.75,0.0","-0.0,0.0,-0.0,-1.0",16.667438507080078,16.66208267211914,19.07801055908203,0,0,0,0,0,0,0,0.00592041015625,0.0,15.0,0.0,656278200283.8967,0.0946044772863388,
6,navstack-1719303660243,navstack,Hospital,HandCrafted,,,1719306062,333859682,"builtin_interfaces.msg.Time(sec=1719306046, nanosec=853860139)",120.0,Handcrafted_LabStudy,1,1,"-2.0,16.5,0.5","-0.0,0.0,-0.0,-1.0","-9.75,1.75,0.0","-0.0,0.0,-0.0,-1.0",16.66744613647461,16.66208267211914,19.07801055908203,0,0,0,0,0,0,0,0.00592041015625,0.0,15.0,0.0,656425895273.2421,0.0946044772863388,
6,navstack-1719303660243,navstack,Hospital,HandCrafted,,,1719306062,353860139,"builtin_interfaces.msg.Time(sec=1719306046, nanosec=853860139)",120.0,Handcrafted_LabStudy,1,1,"-2.0,16.5,0.5","-0.0,0.0,-0.0,-1.0","-9.75,1.75,0.0","-0.0,0.0,-0.0,-1.0",16.667455673217773,16.66208267211914,19.07801055908203,0,0,0,0,0,0,0,0.00592041015625,0.0,15.0,0.0,656619356342.7916,0.1892089545726776,
6,navstack-1719303660243,navstack,Hospital,HandCrafted,,,1719306062,373859643,"builtin_interfaces.msg.Time(sec=1719306046, nanosec=853860139)",120.0,Handcrafted_LabStudy,1,1,"-2.0,16.5,0.5","-0.0,0.0,-0.0,-1.0","-9.75,1.75,0.0","-0.0,0.0,-0.0,-1.0",16.667463302612305,16.66208267211914,19.07801055908203,0,0,0,0,0,0,0,0.00592041015625,0.0,15.0,0.0,655954270210.6466,0.1892089545726776,
6,navstack-1719303660243,navstack,Hospital,HandCrafted,,,1719306062,393860101,"builtin_interfaces.msg.Time(sec=1719306046, nanosec=853860139)",120.0,Handcrafted_LabStudy,1,1,"-2.0,16.5,0.5","-0.0,0.0,-0.0,-1.0","-9.75,1.75,0.0","-0.0,0.0,-0.0,-1.0",16.667469024658203,16.66208267211914,19.07801055908203,0,0,0,0,0,0,0,0.00592041015625,0.0,15.0,0.0,656156089450.7458,0.0946044772863388,
6,navstack-1719303660243,navstack,Hospital,HandCrafted,,,1719306062,413859605,"builtin_interfaces.msg.Time(sec=1719306046, nanosec=853860139)",120.0,Handcrafted_LabStudy,1,1,"-2.0,16.5,0.5","-0.0,0.0,-0.0,-1.0","-9.75,1.75,0.0","-0.0,0.0,-0.0,-1.0",16.667478561401367,16.66208267211914,19.07801055908203,0,0,0,0,0,0,0,0.00592041015625,0.0,15.0,0.0,656151910365.4711,0.0946044772863388,
6,navstack-1719303660243,navstack,Hospital,HandCrafted,,,1719306062,433860063,"builtin_interfaces.msg.Time(sec=1719306046, nanosec=853860139)",120.0,Handcrafted_LabStudy,1,1,"-2.0,16.5,0.5","-0.0,0.0,-0.0,-1.0","-9.75,1.75,0.0","-0.0,0.0,-0.0,-1.0",16.6674861907959,16.66208267211914,19.07801055908203,0,0,0,0,0,0,0,0.00592041015625,0.0,15.0,0.0,656089988553.1678,0.1892089545726776,
6,navstack-1719303660243,navstack,Hospital,HandCrafted,,,1719306062,453859567,"builtin_interfaces.msg.Time(sec=1719306046, nanosec=853860139)",120.0,Handcrafted_LabStudy,1,1,"-2.0,16.5,0.5","-0.0,0.0,-0.0,-1.0","-9.75,1.75,0.0","-0.0,0.0,-0.0,-1.0",16.667495727539062,16.66208267211914,19.07801055908203,0,0,0,0,0,0,0,0.00592041015625,0.0,15.0,0.0,656035201764.5045,0.1892089545726776,
6,navstack-1719303660243,navstack,Hospital,HandCrafted,,,1719306062,473860025,"builtin_interfaces.msg.Time(sec=1719306046, nanosec=853860139)",120.0,Handcrafted_LabStudy,1,1,"-2.0,16.5,0.5","-0.0,0.0,-0.0,-1.0","-9.75,1.75,0.0","-0.0,0.0,-0.0,-1.0",16.667503356933594,16.66208267211914,19.07801055908203,0,0,0,0,0,0,0,0.00592041015625,0.0,15.0,0.0,655957328077.9209,0.1892089545726776,
6,navstack-1719303660243,navstack,Hospital,HandCrafted,,,1719306062,473860025,"builtin_interfaces.msg.Time(sec=1719306046, nanosec=853860139)",120.0,Handcrafted_LabStudy,1,1,"-2.0,16.5,0.5","-0.0,0.0,-0.0,-1.0","-9.75,1.75,0.0","-0.0,0.0,-0.0,-1.0",16.667503356933594,16.66208267211914,19.07801055908203,0,0,0,0,0,0,0,0.00592041015625,0.0,15.0,0.0,655957328077.9209,0.0946044772863388,
6,navstack-1719303660243,navstack,Hospital,HandCrafted,,,1719306062,493859291,"builtin_interfaces.msg.Time(sec=1719306046, nanosec=853860139)",120.0,Handcrafted_LabStudy,1,1,"-2.0,16.5,0.5","-0.0,0.0,-0.0,-1.0","-9.75,1.75,0.0","-0.0,0.0,-0.0,-1.0",16.667512893676758,16.66208267211914,19.07801055908203,0,0,0,0,0,0,0,0.00592041015625,0.0,15.0,0.0,655895915910.1633,0.0946044772863388,
6,navstack-1719303660243,navstack,Hospital,HandCrafted,,,1719306062,513859748,"builtin_interfaces.msg.Time(sec=1719306046, nanosec=853860139)",120.0,Handcrafted_LabStudy,1,1,"-2.0,16.5,0.5","-0.0,0.0,-0.0,-1.0","-9.75,1.75,0.0","-0.0,0.0,-0.0,-1.0",16.66752052307129,16.66208267211914,19.07801055908203,0,0,0,0,0,0,0,0.00592041015625,0.0,15.0,0.0,655832465164.2231,0.1892089545726776,
6,navstack-1719303660243,navstack,Hospital,HandCrafted,,,1719306062,533859491,"builtin_interfaces.msg.Time(sec=1719306046, nanosec=853860139)",120.0,Handcrafted_LabStudy,1,1,"-2.0,16.5,0.5","-0.0,0.0,-0.0,-1.0","-9.75,1.75,0.0","-0.0,0.0,-0.0,-1.0",16.667526245117188,16.66208267211914,19.07801055908203,0,0,0,0,0,0,0,0.00592041015625,0.0,15.0,0.0,655771256854.2839,0.0946044772863388,
6,navstack-1719303660243,navstack,Hospital,HandCrafted,,,1719306062,553859949,"builtin_interfaces.msg.Time(sec=1719306046, nanosec=853860139)",120.0,Handcrafted_LabStudy,1,1,"-2.0,16.5,0.5","-0.0,0.0,-0.0,-1.0","-9.75,1.75,0.0","-0.0,0.0,-0.0,-1.0",16.66753578186035,16.66208267211914,19.07801055908203,0,0,0,0,0,0,0,0.00592041015625,0.0,15.0,0.0,655707551286.0708,0.0946044772863388,
6,navstack-1719303660243,navstack,Hospital,HandCrafted,,,1719306062,573859453,"builtin_interfaces.msg.Time(sec=1719306046, nanosec=853860139)",120.0,Handcrafted_LabStudy,1,1,"-2.0,16.5,0.5","-0.0,0.0,-0.0,-1.0","-9.75,1.75,0.0","-0.0,0.0,-0.0,-1.0",16.667543411254883,16.66208267211914,19.07801055908203,0,0,0,0,0,0,0,0.00592041015625,0.0,15.0,0.0,655625039834.1212,0.1892089545726776,
6,navstack-1719303660243,navstack,Hospital,HandCrafted,,,1719306062,593859910,"builtin_interfaces.msg.Time(sec=1719306046, nanosec=853860139)",120.0,Handcrafted_LabStudy,1,1,"-2.0,16.5,0.5","-0.0,0.0,-0.0,-1.0","-9.75,1.75,0.0","-0.0,0.0,-0.0,-1.0",16.667552947998047,16.66208267211914,19.07801055908203,0,0,0,0,0,0,0,0.00592041015625,0.0,15.0,0.0,655368994414.359,0.1892089545726776,
6,navstack-1719303660243,navstack,Hospital,HandCrafted,,,1719306062,613859415,"builtin_interfaces.msg.Time(sec=1719306046, nanosec=853860139)",120.0,Handcrafted_LabStudy,1,1,"-2.0,16.5,0.5","-0.0,0.0,-0.0,-1.0","-9.75,1.75,0.0","-0.0,0.0,-0.0,-1.0",16.667560577392578,16.66208267211914,19.07801055908203,0,0,0,0,0,0,0,0.00592041015625,0.0,15.0,0.0,655037674495.1962,0.1892089545726776,
6,navstack-1719303660243,navstack,Hospital,HandCrafted,,,1719306062,633859872,"builtin_interfaces.msg.Time(sec=1719306046, nanosec=853860139)",120.0,Handcrafted_LabStudy,1,1,"-2.0,16.5,0.5","-0.0,0.0,-0.0,-1.0","-9.75,1.75,0.0","-0.0,0.0,-0.0,-1.0",16.667566299438477,16.66208267211914,19.07801055908203,0,0,0,0,0,0,0,0.00592041015625,0.0,15.0,0.0,655700314333.5219,0.0946044772863388,
6,navstack-1719303660243,navstack,Hospital,HandCrafted,,,1719306062,653859376,"builtin_interfaces.msg.Time(sec=1719306046, nanosec=853860139)",120.0,Handcrafted_LabStudy,1,1,"-2.0,16.5,0.5","-0.0,0.0,-0.0,-1.0","-9.75,1.75,0.0","-0.0,0.0,-0.0,-1.0",16.667577743530273,16.66208267211914,19.07801055908203,0,0,0,0,0,0,0,0.00592041015625,0.0,15.0,0.0,655221197496.1045,0.0946044772863388,
6,navstack-1719303660243,navstack,Hospital,HandCrafted,,,1719306062,653859376,"builtin_interfaces.msg.Time(sec=1719306046, nanosec=853860139)",120.0,Handcrafted_LabStudy,1,1,"-2.0,16.5,0.5","-0.0,0.0,-0.0,-1.0","-9.75,1.75,0.0","-0.0,0.0,-0.0,-1.0",16.667577743530273,16.66208267211914,19.07801055908203,0,0,0,0,0,0,0,0.00592041015625,0.0,15.0,0.0,655221197496.1045,0.0946044772863388,
6,navstack-1719303660243,navstack,Hospital,HandCrafted,,,1719306062,673859834,"builtin_interfaces.msg.Time(sec=1719306046, nanosec=853860139)",120.0,Handcrafted_LabStudy,1,1,"-2.0,16.5,0.5","-0.0,0.0,-0.0,-1.0","-9.75,1.75,0.0","-0.0,0.0,-0.0,-1.0",16.667583465576172,16.66208267211914,19.07801055908203,0,0,0,0,0,0,0,0.00592041015625,0.0,15.0,0.0,654999705976.5411,0.0946044772863388,
6,navstack-1719303660243,navstack,Hospital,HandCrafted,,,1719306062,693859338,"builtin_interfaces.msg.Time(sec=1719306046, nanosec=853860139)",120.0,Handcrafted_LabStudy,1,1,"-2.0,16.5,0.5","-0.0,0.0,-0.0,-1.0","-9.75,1.75,0.0","-0.0,0.0,-0.0,-1.0",16.66759490966797,16.66208267211914,19.07801055908203,0,0,0,0,0,0,0,0.00592041015625,0.0,15.0,0.0,655665913326.6868,0.1892089545726776,
6,navstack-1719303660243,navstack,Hospital,HandCrafted,,,1719306062,693859338,"builtin_interfaces.msg.Time(sec=1719306046, nanosec=853860139)",120.0,Handcrafted_LabStudy,1,1,"-2.0,16.5,0.5","-0.0,0.0,-0.0,-1.0","-9.75,1.75,0.0","-0.0,0.0,-0.0,-1.0",16.66759490966797,16.66208267211914,19.07801055908203,0,0,0,0,0,0,0,0.00592041015625,0.0,15.0,0.0,655665913326.6868,0.0946044772863388,
6,navstack-1719303660243,navstack,Hospital,HandCrafted,,,1719306062,713859796,"builtin_interfaces.msg.Time(sec=1719306046, nanosec=853860139)",120.0,Handcrafted_LabStudy,1,1,"-2.0,16.5,0.5","-0.0,0.0,-0.0,-1.0","-9.75,1.75,0.0","-0.0,0.0,-0.0,-1.0",16.667600631713867,16.66208267211914,19.07801055908203,0,0,0,0,0,0,0,0.00592041015625,0.0,15.0,0.0,655449620181.4895,0.0946044772863388,
6,navstack-1719303660243,navstack,Hospital,HandCrafted,,,1719306062,733860015,"builtin_interfaces.msg.Time(sec=1719306046, nanosec=853860139)",120.0,Handcrafted_LabStudy,1,1,"-2.0,16.5,0.5","-0.0,0.0,-0.0,-1.0","-9.75,1.75,0.0","-0.0,0.0,-0.0,-1.0",16.6676082611084,16.66208267211914,19.07801055908203,0,0,0,0,0,0,0,0.00592041015625,0.0,15.0,0.0,655275984284.7678,0.0946044772863388,
6,navstack-1719303660243,navstack,Hospital,HandCrafted,,,1719306062,733860015,"builtin_interfaces.msg.Time(sec=1719306046, nanosec=853860139)",120.0,Handcrafted_LabStudy,1,1,"-2.0,16.5,0.5","-0.0,0.0,-0.0,-1.0","-9.75,1.75,0.0","-0.0,0.0,-0.0,-1.0",16.6676082611084,16.66208267211914,19.07801055908203,0,0,0,0,0,0,0,0.00592041015625,0.0,15.0,0.0,655275984284.7678,0.0,
6,navstack-1719303660243,navstack,Hospital,HandCrafted,,,1719306062,753859519,"builtin_interfaces.msg.Time(sec=1719306046, nanosec=853860139)",120.0,Handcrafted_LabStudy,1,1,"-2.0,16.5,0.5","-0.0,0.0,-0.0,-1.0","-9.75,1.75,0.0","-0.0,0.0,-0.0,-1.0",16.667617797851562,16.66208267211914,19.07801055908203,0,0,0,0,0,0,0,0.00592041015625,0.0,15.0,0.0,655019072469.278,0.0946044772863388,
6,navstack-1719303660243,navstack,Hospital,HandCrafted,,,1719306062,753859519,"builtin_interfaces.msg.Time(sec=1719306046, nanosec=853860139)",120.0,Handcrafted_LabStudy,1,1,"-2.0,16.5,0.5","-0.0,0.0,-0.0,-1.0","-9.75,1.75,0.0","-0.0,0.0,-0.0,-1.0",16.667617797851562,16.66208267211914,19.07801055908203,0,0,0,0,0,0,0,0.00592041015625,0.0,15.0,0.0,655679011191.5114,0.0946044772863388,
6,navstack-1719303660243,navstack,Hospital,HandCrafted,,,1719306062,773860216,"builtin_interfaces.msg.Time(sec=1719306046, nanosec=853860139)",120.0,Handcrafted_LabStudy,1,1,"-2.0,16.5,0.5","-0.0,0.0,-0.0,-1.0","-9.75,1.75,0.0","-0.0,0.0,-0.0,-1.0",16.667625427246094,16.66208267211914,19.07801055908203,0,0,0,0,0,0,0,0.00592041015625,0.0,15.0,0.0,655687267433.1517,0.0946044772863388,
6,navstack-1719303660243,navstack,Hospital,HandCrafted,,,1719306062,773860216,"builtin_interfaces.msg.Time(sec=1719306046, nanosec=853860139)",120.0,Handcrafted_LabStudy,1,1,"-2.0,16.5,0.5","-0.0,0.0,-0.0,-1.0","-9.75,1.75,0.0","-0.0,0.0,-0.0,-1.0",16.667625427246094,16.66208267211914,19.07801055908203,0,0,0,0,0,0,0,0.00592041015625,0.0,15.0,0.0,655687267433.1517,0.0946044772863388,
6,navstack-1719303660243,navstack,Hospital,HandCrafted,,,1719306062,813860177,"builtin_interfaces.msg.Time(sec=1719306046, nanosec=853860139)",120.0,Handcrafted_LabStudy,1,1,"-2.0,16.5,0.5","-0.0,0.0,-0.0,-1.0","-9.75,1.75,0.0","-0.0,0.0,-0.0,-1.0",16.667640686035156,16.66208267211914,19.07801055908203,0,0,0,0,0,0,0,0.00592041015625,0.0,15.0,0.0,655384232786.2755,0.0,
6,navstack-1719303660243,navstack,Hospital,HandCrafted,,,1719306062,813860177,"builtin_interfaces.msg.Time(sec=1719306046, nanosec=853860139)",120.0,Handcrafted_LabStudy,1,1,"-2.0,16.5,0.5","-0.0,0.0,-0.0,-1.0","-9.75,1.75,0.0","-0.0,0.0,-0.0,-1.0",16.667640686035156,16.66208267211914,19.07801055908203,0,0,0,0,0,0,0,0.00592041015625,0.0,15.0,0.0,655384232786.2755,0.0,
6,navstack-1719303660243,navstack,Hospital,HandCrafted,,,1719306062,833859682,"builtin_interfaces.msg.Time(sec=1719306046, nanosec=853860139)",120.0,Handcrafted_LabStudy,1,1,"-2.0,16.5,0.5","-0.0,0.0,-0.0,-1.0","-9.75,1.75,0.0","-0.0,0.0,-0.0,-1.0",16.667652130126953,16.66208267211914,19.07801055908203,0,0,0,0,0,0,0,0.00592041015625,0.0,15.0,0.0,654999756940.9957,0.0946044772863388,
6,navstack-1719303660243,navstack,Hospital,HandCrafted,,,1719306062,853860139,"builtin_interfaces.msg.Time(sec=1719306046, nanosec=853860139)",120.0,Handcrafted_LabStudy,1,1,"-2.0,16.5,0.5","-0.0,0.0,-0.0,-1.0","-9.75,1.75,0.0","-0.0,0.0,-0.0,-1.0",16.66765785217285,16.66208267211914,19.07801055908203,0,0,0,0,0,0,0,0.00592041015625,0.0,15.0,0.0,654620785256.8094,0.1892089545726776,
6,navstack-1719303660243,navstack,Hospital,HandCrafted,,,1719306062,873860597,"builtin_interfaces.msg.Time(sec=1719306046, nanosec=853860139)",120.0,Handcrafted_LabStudy,1,1,"-2.0,16.5,0.5","-0.0,0.0,-0.0,-1.0","-9.75,1.75,0.0","-0.0,0.0,-0.0,-1.0",16.667665481567383,16.66208267211914,19.07801055908203,0,0,0,0,0,0,0,0.00592041015625,0.0,15.0,0.0,655286686820.2277,0.0946044772863388,
6,navstack-1719303660243,navstack,Hospital,HandCrafted,,,1719306062,893859148,"builtin_interfaces.msg.Time(sec=1719306046, nanosec=853860139)",120.0,Handcrafted_LabStudy,1,1,"-2.0,16.5,0.5","-0.0,0.0,-0.0,-1.0","-9.75,1.75,0.0","-0.0,0.0,-0.0,-1.0",16.667675018310547,16.66208267211914,19.07801055908203,0,0,0,0,0,0,0,0.00592041015625,0.0,15.0,0.0,654853387027.4692,0.0946044772863388,
6,navstack-1719303660243,navstack,Hospital,HandCrafted,,,1719306062,913859605,"builtin_interfaces.msg.Time(sec=1719306046, nanosec=853860139)",120.0,Handcrafted_LabStudy,1,1,"-2.0,16.5,0.5","-0.0,0.0,-0.0,-1.0","-9.75,1.75,0.0","-0.0,0.0,-0.0,-1.0",16.667682647705078,16.66208267211914,19.07801055908203,0,0,0,0,0,0,0,0.00592041015625,0.0,15.0,0.0,655516332652.5223,0.1892089545726776,
6,navstack-1719303660243,navstack,Hospital,HandCrafted,,,1719306062,913859605,"builtin_interfaces.msg.Time(sec=1719306046, nanosec=853860139)",120.0,Handcrafted_LabStudy,1,1,"-2.0,16.5,0.5","-0.0,0.0,-0.0,-1.0","-9.75,1.75,0.0","-0.0,0.0,-0.0,-1.0",16.667682647705078,16.66208267211914,19.07801055908203,0,0,0,0,0,0,0,0.00592041015625,0.0,15.0,0.0,655516332652.5223,0.0946044772863388,
6,navstack-1719303660243,navstack,Hospital,HandCrafted,,,1719306062,933860063,"builtin_interfaces.msg.Time(sec=1719306046, nanosec=853860139)",120.0,Handcrafted_LabStudy,1,1,"-2.0,16.5,0.5","-0.0,0.0,-0.0,-1.0","-9.75,1.75,0.0","-0.0,0.0,-0.0,-1.0",16.667692184448242,16.66208267211914,19.07801055908203,0,0,0,0,0,0,0,0.00592041015625,0.0,15.0,0.0,655224968865.7427,0.0946044772863388,
6,navstack-1719303660243,navstack,Hospital,HandCrafted,,,1719306062,933860063,"builtin_interfaces.msg.Time(sec=1719306046, nanosec=853860139)",120.0,Handcrafted_LabStudy,1,1,"-2.0,16.5,0.5","-0.0,0.0,-0.0,-1.0","-9.75,1.75,0.0","-0.0,0.0,-0.0,-1.0",16.667692184448242,16.66208267211914,19.07801055908203,0,0,0,0,0,0,0,0.00592041015625,0.0,15.0,0.0,655224968865.7427,0.0946044772863388,
6,navstack-1719303660243,navstack,Hospital,HandCrafted,,,1719306062,953860521,"builtin_interfaces.msg.Time(sec=1719306046, nanosec=853860139)",120.0,Handcrafted_LabStudy,1,1,"-2.0,16.5,0.5","-0.0,0.0,-0.0,-1.0","-9.75,1.75,0.0","-0.0,0.0,-0.0,-1.0",16.66769790649414,16.66208267211914,19.07801055908203,0,0,0,0,0,0,0,0.00592041015625,0.0,15.0,0.0,655072024537.5767,0.0946044772863388,
6,navstack-1719303660243,navstack,Hospital,HandCrafted,,,1719306062,973859071,"builtin_interfaces.msg.Time(sec=1719306046, nanosec=853860139)",120.0,Handcrafted_LabStudy,1,1,"-2.0,16.5,0.5","-0.0,0.0,-0.0,-1.0","-9.75,1.75,0.0","-0.0,0.0,-0.0,-1.0",16.667705535888672,16.66208267211914,19.07801055908203,0,0,0,0,0,0,0,0.00592041015625,0.0,15.0,0.0,654938191879.8745,0.0946044772863388,
6,navstack-1719303660243,navstack,Hospital,HandCrafted,,,1719306062,993859291,"builtin_interfaces.msg.Time(sec=1719306046, nanosec=853860139)",120.0,Handcrafted_LabStudy,1,1,"-2.0,16.5,0.5","-0.0,0.0,-0.0,-1.0","-9.75,1.75,0.0","-0.0,0.0,-0.0,-1.0",16.667715072631836,16.66208267211914,19.07801055908203,0,0,0,0,0,0,0,0.00592041015625,0.0,15.0,0.0,655596092023.9252,0.0946044772863388,
6,navstack-1719303660243,navstack,Hospital,HandCrafted,,,1719306063,33860445,"builtin_interfaces.msg.Time(sec=1719306046, nanosec=853860139)",120.0,Handcrafted_LabStudy,1,1,"-2.0,16.5,0.5","-0.0,0.0,-0.0,-1.0","-9.75,1.75,0.0","-0.0,0.0,-0.0,-1.0",16.66773223876953,16.66208267211914,19.07801055908203,0,0,0,0,0,0,0,0.00592041015625,0.0,15.0,0.0,655411192982.7434,0.0946044772863388,
6,navstack-1719303660243,navstack,Hospital,HandCrafted,,,1719306063,53858995,"builtin_interfaces.msg.Time(sec=1719306046, nanosec=853860139)",120.0,Handcrafted_LabStudy,1,1,"-2.0,16.5,0.5","-0.0,0.0,-0.0,-1.0","-9.75,1.75,0.0","-0.0,0.0,-0.0,-1.0",16.667739868164062,16.66208267211914,19.07801055908203,0,0,0,0,0,0,0,0.00592041015625,0.0,15.0,0.0,655187306133.8152,0.0946044772863388,
6,navstack-1719303660243,navstack,Hospital,HandCrafted,,,1719306063,73859453,"builtin_interfaces.msg.Time(sec=1719306046, nanosec=853860139)",120.0,Handcrafted_LabStudy,1,1,"-2.0,16.5,0.5","-0.0,0.0,-0.0,-1.0","-9.75,1.75,0.0","-0.0,0.0,-0.0,-1.0",16.667749404907227,16.66208267211914,18.940105438232422,0,0,0,0,0,0,0,0.006389617919921875,0.0,16.0,0.0,654965916543.1609,0.1892089545726776,
6,navstack-1719303660243,navstack,Hospital,HandCrafted,,,1719306063,113860368,"builtin_interfaces.msg.Time(sec=1719306046, nanosec=853860139)",120.0,Handcrafted_LabStudy,1,1,"-2.0,16.5,0.5","-0.0,0.0,-0.0,-1.0","-9.75,1.75,0.0","-0.0,0.0,-0.0,-1.0",16.667762756347656,16.66208267211914,18.940105438232422,0,0,0,0,0,0,0,0.006389617919921875,0.0,16.0,0.0,654721287161.2224,0.1892089545726776,
6,navstack-1719303660243,navstack,Hospital,HandCrafted,,,1719306063,133858919,"builtin_interfaces.msg.Time(sec=1719306046, nanosec=853860139)",120.0,Handcrafted_LabStudy,1,1,"-2.0,16.5,0.5","-0.0,0.0,-0.0,-1.0","-9.75,1.75,0.0","-0.0,0.0,-0.0,-1.0",16.66777229309082,16.66208267211914,18.940105438232422,0,0,0,0,0,0,0,0.006389617919921875,0.0,16.0,0.0,655650725919.2247,0.1892089545726776,
6,navstack-1719303660243,navstack,Hospital,HandCrafted,,,1719306063,153859376,"builtin_interfaces.msg.Time(sec=1719306046, nanosec=853860139)",120.0,Handcrafted_LabStudy,1,1,"-2.0,16.5,0.5","-0.0,0.0,-0.0,-1.0","-9.75,1.75,0.0","-0.0,0.0,-0.0,-1.0",16.66777992248535,16.66208267211914,18.940105438232422,0,0,0,0,0,0,0,0.006389617919921875,0.0,16.0,0.0,655582892230.1914,0.1892089545726776,
6,navstack-1719303660243,navstack,Hospital,HandCrafted,,,1719306063,173859834,"builtin_interfaces.msg.Time(sec=1719306046, nanosec=853860139)",120.0,Handcrafted_LabStudy,1,1,"-2.0,16.5,0.5","-0.0,0.0,-0.0,-1.0","-9.75,1.75,0.0","-0.0,0.0,-0.0,-1.0",16.667789459228516,16.66208267211914,18.940105438232422,0,0,0,0,0,0,0,0.006389617919921875,0.0,16.0,0.0,655777423553.287,0.1892089545726776,
6,navstack-1719303660243,navstack,Hospital,HandCrafted,,,1719306063,193860292,"builtin_interfaces.msg.Time(sec=1719306046, nanosec=853860139)",120.0,Handcrafted_LabStudy,1,1,"-2.0,16.5,0.5","-0.0,0.0,-0.0,-1.0","-9.75,1.75,0.0","-0.0,0.0,-0.0,-1.0",16.667797088623047,16.66208267211914,18.940105438232422,0,0,0,0,0,0,0,0.006389617919921875,0.0,16.0,0.0,655978019646.4764,0.1892089545726776,
6,navstack-1719303660243,navstack,Hospital,HandCrafted,,,1719306063,213858842,"builtin_interfaces.msg.Time(sec=1719306046, nanosec=853860139)",120.0,Handcrafted_LabStudy,1,1,"-2.0,16.5,0.5","-0.0,0.0,-0.0,-1.0","-9.75,1.75,0.0","-0.0,0.0,-0.0,-1.0",16.667802810668945,16.66208267211914,18.940105438232422,0,0,0,0,0,0,0,0.006389617919921875,0.0,16.0,0.0,656133206410.6437,0.0946044772863388,
6,navstack-1719303660243,navstack,Hospital,HandCrafted,,,1719306063,233859300,"builtin_interfaces.msg.Time(sec=1719306046, nanosec=853860139)",120.0,Handcrafted_LabStudy,1,1,"-2.0,16.5,0.5","-0.0,0.0,-0.0,-1.0","-9.75,1.75,0.0","-0.0,0.0,-0.0,-1.0",16.667814254760742,16.66208267211914,18.940105438232422,0,0,0,0,0,0,0,0.006389617919921875,0.0,16.0,0.0,656305466267.0919,0.0946044772863388,
6,navstack-1719303660243,navstack,Hospital,HandCrafted,,,1719306063,253859519,"builtin_interfaces.msg.Time(sec=1719306046, nanosec=853860139)",120.0,Handcrafted_LabStudy,1,1,"-2.0,16.5,0.5","-0.0,0.0,-0.0,-1.0","-9.75,1.75,0.0","-0.0,0.0,-0.0,-1.0",16.66781997680664,16.66208267211914,18.940105438232422,0,0,0,0,0,0,0,0.006389617919921875,0.0,16.0,0.0,655651694243.8616,0.1892089545726776,
6,navstack-1719303660243,navstack,Hospital,HandCrafted,,,1719306063,273860216,"builtin_interfaces.msg.Time(sec=1719306046, nanosec=853860139)",120.0,Handcrafted_LabStudy,1,1,"-2.0,16.5,0.5","-0.0,0.0,-0.0,-1.0","-9.75,1.75,0.0","-0.0,0.0,-0.0,-1.0",16.667831420898438,16.66208267211914,18.940105438232422,0,0,0,0,0,0,0,0.006389617919921875,0.0,16.0,0.0,655811875524.5767,0.1892089545726776,
6,navstack-1719303660243,navstack,Hospital,HandCrafted,,,1719306063,293860673,"builtin_interfaces.msg.Time(sec=1719306046, nanosec=853860139)",120.0,Handcrafted_LabStudy,1,1,"-2.0,16.5,0.5","-0.0,0.0,-0.0,-1.0","-9.75,1.75,0.0","-0.0,0.0,-0.0,-1.0",16.667837142944336,16.66208267211914,18.940105438232422,0,0,0,0,0,0,0,0.006389617919921875,0.0,16.0,0.0,655908962810.5334,0.1892089545726776,
6,navstack-1719303660243,navstack,Hospital,HandCrafted,,,1719306063,313859224,"builtin_interfaces.msg.Time(sec=1719306046, nanosec=853860139)",120.0,Handcrafted_LabStudy,1,1,"-2.0,16.5,0.5","-0.0,0.0,-0.0,-1.0","-9.75,1.75,0.0","-0.0,0.0,-0.0,-1.0",16.667844772338867,16.66208267211914,18.940105438232422,0,0,0,0,0,0,0,0.006389617919921875,0.0,16.0,0.0,656048299629.3292,0.0946044772863388,
6,navstack-1719303660243,navstack,Hospital,HandCrafted,,,1719306063,313859224,"builtin_interfaces.msg.Time(sec=1719306046, nanosec=853860139)",120.0,Handcrafted_LabStudy,1,1,"-2.0,16.5,0.5","-0.0,0.0,-0.0,-1.0","-9.75,1.75,0.0","-0.0,0.0,-0.0,-1.0",16.667844772338867,16.66208267211914,18.940105438232422,0,0,0,0,0,0,0,0.006389617919921875,0.0,16.0,0.0,656048299629.3292,0.0,
6,navstack-1719303660243,navstack,Hospital,HandCrafted,,,1719306063,333859682,"builtin_interfaces.msg.Time(sec=1719306046, nanosec=853860139)",120.0,Handcrafted_LabStudy,1,1,"-2.0,16.5,0.5","-0.0,0.0,-0.0,-1.0","-9.75,1.75,0.0","-0.0,0.0,-0.0,-1.0",16.66785430908203,16.66208267211914,18.940105438232422,0,0,0,0,0,0,0,0.006389617919921875,0.0,16.0,0.0,656320449816.7357,0.0946044772863388,
6,navstack-1719303660243,navstack,Hospital,HandCrafted,,,1719306063,353860139,"builtin_interfaces.msg.Time(sec=1719306046, nanosec=853860139)",120.0,Handcrafted_LabStudy,1,1,"-2.0,16.5,0.5","-0.0,0.0,-0.0,-1.0","-9.75,1.75,0.0","-0.0,0.0,-0.0,-1.0",16.66786003112793,16.66208267211914,18.940105438232422,0,0,0,0,0,0,0,0.006389617919921875,0.0,16.0,0.0,655668512513.8698,0.1892089545726776,
6,navstack-1719303660243,navstack,Hospital,HandCrafted,,,1719306063,373860597,"builtin_interfaces.msg.Time(sec=1719306046, nanosec=853860139)",120.0,Handcrafted_LabStudy,1,1,"-2.0,16.5,0.5","-0.0,0.0,-0.0,-1.0","-9.75,1.75,0.0","-0.0,0.0,-0.0,-1.0",16.667871475219727,16.66208267211914,18.940105438232422,0,0,0,0,0,0,0,0.006389617919921875,0.0,16.0,0.0,655880116929.2466,0.1892089545726776,
6,navstack-1719303660243,navstack,Hospital,HandCrafted,,,1719306063,373860597,"builtin_interfaces.msg.Time(sec=1719306046, nanosec=853860139)",120.0,Handcrafted_LabStudy,1,1,"-2.0,16.5,0.5","-0.0,0.0,-0.0,-1.0","-9.75,1.75,0.0","-0.0,0.0,-0.0,-1.0",16.667871475219727,16.66208267211914,18.940105438232422,0,0,0,0,0,0,0,0.006389617919921875,0.0,16.0,0.0,655880116929.2466,0.0946044772863388,
6,navstack-1719303660243,navstack,Hospital,HandCrafted,,,1719306063,393859148,"builtin_interfaces.msg.Time(sec=1719306046, nanosec=853860139)",120.0,Handcrafted_LabStudy,1,1,"-2.0,16.5,0.5","-0.0,0.0,-0.0,-1.0","-9.75,1.75,0.0","-0.0,0.0,-0.0,-1.0",16.667877197265625,16.66208267211914,18.940105438232422,0,0,0,0,0,0,0,0.006389617919921875,0.0,16.0,0.0,655229963382.2906,0.0946044772863388,
6,navstack-1719303660243,navstack,Hospital,HandCrafted,,,1719306063,413859605,"builtin_interfaces.msg.Time(sec=1719306046, nanosec=853860139)",120.0,Handcrafted_LabStudy,1,1,"-2.0,16.5,0.5","-0.0,0.0,-0.0,-1.0","-9.75,1.75,0.0","-0.0,0.0,-0.0,-1.0",16.667888641357422,16.66208267211914,18.940105438232422,0,0,0,0,0,0,0,0.006389617919921875,0.0,16.0,0.0,655501247173.9695,0.1892089545726776,
6,navstack-1719303660243,navstack,Hospital,HandCrafted,,,1719306063,453860521,"builtin_interfaces.msg.Time(sec=1719306046, nanosec=853860139)",120.0,Handcrafted_LabStudy,1,1,"-2.0,16.5,0.5","-0.0,0.0,-0.0,-1.0","-9.75,1.75,0.0","-0.0,0.0,-0.0,-1.0",16.66790199279785,16.66208267211914,18.940105438232422,0,0,0,0,0,0,0,0.006389617919921875,0.0,16.0,0.0,655865592059.694,0.1892089545726776,
6,navstack-1719303660243,navstack,Hospital,HandCrafted,,,1719306063,473859071,"builtin_interfaces.msg.Time(sec=1719306046, nanosec=853860139)",120.0,Handcrafted_LabStudy,1,1,"-2.0,16.5,0.5","-0.0,0.0,-0.0,-1.0","-9.75,1.75,0.0","-0.0,0.0,-0.0,-1.0",16.667911529541016,16.66208267211914,18.940105438232422,0,0,0,0,0,0,0,0.006389617919921875,0.0,16.0,0.0,656265255312.4358,0.1892089545726776,
6,navstack-1719303660243,navstack,Hospital,HandCrafted,,,1719306063,493859291,"builtin_interfaces.msg.Time(sec=1719306046, nanosec=853860139)",120.0,Handcrafted_LabStudy,1,1,"-2.0,16.5,0.5","-0.0,0.0,-0.0,-1.0","-9.75,1.75,0.0","-0.0,0.0,-0.0,-1.0",16.667919158935547,16.66208267211914,18.940105438232422,0,0,0,0,0,0,0,0.006389617919921875,0.0,16.0,0.0,655131296198.2422,0.1892089545726776,
6,navstack-1719303660243,navstack,Hospital,HandCrafted,,,1719306063,513859748,"builtin_interfaces.msg.Time(sec=1719306046, nanosec=853860139)",120.0,Handcrafted_LabStudy,1,1,"-2.0,16.5,0.5","-0.0,0.0,-0.0,-1.0","-9.75,1.75,0.0","-0.0,0.0,-0.0,-1.0",16.66792869567871,16.66208267211914,18.940105438232422,0,0,0,0,0,0,0,0.006389617919921875,0.0,16.0,0.0,655492634181.147,0.1892089545726776,
6,navstack-1719303660243,navstack,Hospital,HandCrafted,,,1719306063,533860445,"builtin_interfaces.msg.Time(sec=1719306046, nanosec=853860139)",120.0,Handcrafted_LabStudy,1,1,"-2.0,16.5,0.5","-0.0,0.0,-0.0,-1.0","-9.75,1.75,0.0","-0.0,0.0,-0.0,-1.0",16.66793441772461,16.66208267211914,18.940105438232422,0,0,0,0,0,0,0,0.006389617919921875,0.0,16.0,0.0,655795617863.5686,0.1892089545726776,
6,navstack-1719303660243,navstack,Hospital,HandCrafted,,,1719306063,553858995,"builtin_interfaces.msg.Time(sec=1719306046, nanosec=853860139)",120.0,Handcrafted_LabStudy,1,1,"-2.0,16.5,0.5","-0.0,0.0,-0.0,-1.0","-9.75,1.75,0.0","-0.0,0.0,-0.0,-1.0",16.66794204711914,16.66208267211914,18.940105438232422,0,0,0,0,0,0,0,0.006389617919921875,0.0,16.0,0.0,656168677671.0247,0.0946044772863388,
6,navstack-1719303660243,navstack,Hospital,HandCrafted,,,1719306063,573859453,"builtin_interfaces.msg.Time(sec=1719306046, nanosec=853860139)",120.0,Handcrafted_LabStudy,1,1,"-2.0,16.5,0.5","-0.0,0.0,-0.0,-1.0","-9.75,1.75,0.0","-0.0,0.0,-0.0,-1.0",16.667951583862305,16.66208267211914,18.940105438232422,0,0,0,0,0,0,0,0.006389617919921875,0.0,16.0,0.0,655513427678.6118,0.0946044772863388,
6,navstack-1719303660243,navstack,Hospital,HandCrafted,,,1719306063,593859910,"builtin_interfaces.msg.Time(sec=1719306046, nanosec=853860139)",120.0,Handcrafted_LabStudy,1,1,"-2.0,16.5,0.5","-0.0,0.0,-0.0,-1.0","-9.75,1.75,0.0","-0.0,0.0,-0.0,-1.0",16.667959213256836,16.66208267211914,18.940105438232422,0,0,0,0,0,0,0,0.006389617919921875,0.0,16.0,0.0,655899840173.1653,0.1892089545726776,
6,navstack-1719303660243,navstack,Hospital,HandCrafted,,,1719306063,613860368,"builtin_interfaces.msg.Time(sec=1719306046, nanosec=853860139)",120.0,Handcrafted_LabStudy,1,1,"-2.0,16.5,0.5","-0.0,0.0,-0.0,-1.0","-9.75,1.75,0.0","-0.0,0.0,-0.0,-1.0",16.66796875,16.66208267211914,18.940105438232422,0,0,0,0,0,0,0,0.006389617919921875,0.0,16.0,0.0,655244794038.5707,0.1892089545726776,
6,navstack-1719303660243,navstack,Hospital,HandCrafted,,,1719306063,633858919,"builtin_interfaces.msg.Time(sec=1719306046, nanosec=853860139)",120.0,Handcrafted_LabStudy,1,1,"-2.0,16.5,0.5","-0.0,0.0,-0.0,-1.0","-9.75,1.75,0.0","-0.0,0.0,-0.0,-1.0",16.66797637939453,16.66208267211914,18.940105438232422,0,0,0,0,0,0,0,0.006389617919921875,0.0,16.0,0.0,655536106860.8956,0.1892089545726776,
6,navstack-1719303660243,navstack,Hospital,HandCrafted,,,1719306063,633858919,"builtin_interfaces.msg.Time(sec=1719306046, nanosec=853860139)",120.0,Handcrafted_LabStudy,1,1,"-2.0,16.5,0.5","-0.0,0.0,-0.0,-1.0","-9.75,1.75,0.0","-0.0,0.0,-0.0,-1.0",16.66797637939453,16.66208267211914,18.940105438232422,0,0,0,0,0,0,0,0.006389617919921875,0.0,16.0,0.0,655536106860.8956,0.0946044772863388,
6,navstack-1719303660243,navstack,Hospital,HandCrafted,,,1719306063,653859376,"builtin_interfaces.msg.Time(sec=1719306046, nanosec=853860139)",120.0,Handcrafted_LabStudy,1,1,"-2.0,16.5,0.5","-0.0,0.0,-0.0,-1.0","-9.75,1.75,0.0","-0.0,0.0,-0.0,-1.0",16.667985916137695,16.66208267211914,18.940105438232422,0,0,0,0,0,0,0,0.006389617919921875,0.0,16.0,0.0,655878995711.246,0.0946044772863388,
6,navstack-1719303660243,navstack,Hospital,HandCrafted,,,1719306063,673859834,"builtin_interfaces.msg.Time(sec=1719306046, nanosec=853860139)",120.0,Handcrafted_LabStudy,1,1,"-2.0,16.5,0.5","-0.0,0.0,-0.0,-1.0","-9.75,1.75,0.0","-0.0,0.0,-0.0,-1.0",16.667993545532227,16.66208267211914,18.940105438232422,0,0,0,0,0,0,0,0.006389617919921875,0.0,16.0,0.0,656211640706.2277,0.1892089545726776,
6,navstack-1719303660243,navstack,Hospital,HandCrafted,,,1719306063,673859834,"builtin_interfaces.msg.Time(sec=1719306046, nanosec=853860139)",120.0,Handcrafted_LabStudy,1,1,"-2.0,16.5,0.5","-0.0,0.0,-0.0,-1.0","-9.75,1.75,0.0","-0.0,0.0,-0.0,-1.0",16.667993545532227,16.66208267211914,18.940105438232422,0,0,0,0,0,0,0,0.006389617919921875,0.0,16.0,0.0,655554199242.2682,0.0946044772863388,
6,navstack-1719303660243,navstack,Hospital,HandCrafted,,,1719306063,693860292,"builtin_interfaces.msg.Time(sec=1719306046, nanosec=853860139)",120.0,Handcrafted_LabStudy,1,1,"-2.0,16.5,0.5","-0.0,0.0,-0.0,-1.0","-9.75,1.75,0.0","-0.0,0.0,-0.0,-1.0",16.667999267578125,16.66208267211914,18.940105438232422,0,0,0,0,0,0,0,0.006389617919921875,0.0,16.0,0.0,655560264012.362,0.0,
6,navstack-1719303660243,navstack,Hospital,HandCrafted,,,1719306063,713858842,"builtin_interfaces.msg.Time(sec=1719306046, nanosec=853860139)",120.0,Handcrafted_LabStudy,1,1,"-2.0,16.5,0.5","-0.0,0.0,-0.0,-1.0","-9.75,1.75,0.0","-0.0,0.0,-0.0,-1.0",16.66800880432129,16.66208267211914,18.940105438232422,0,0,0,0,0,0,0,0.006389617919921875,0.0,16.0,0.0,655840211761.3179,0.0946044772863388,
6,navstack-1719303660243,navstack,Hospital,HandCrafted,,,1719306063,733859300,"builtin_interfaces.msg.Time(sec=1719306046, nanosec=853860139)",120.0,Handcrafted_LabStudy,1,1,"-2.0,16.5,0.5","-0.0,0.0,-0.0,-1.0","-9.75,1.75,0.0","-0.0,0.0,-0.0,-1.0",16.66801643371582,16.66208267211914,18.940105438232422,0,0,0,0,0,0,0,0.006389617919921875,0.0,16.0,0.0,655191179432.3625,0.1892089545726776,
6,navstack-1719303660243,navstack,Hospital,HandCrafted,,,1719306063,753859519,"builtin_interfaces.msg.Time(sec=1719306046, nanosec=853860139)",120.0,Handcrafted_LabStudy,1,1,"-2.0,16.5,0.5","-0.0,0.0,-0.0,-1.0","-9.75,1.75,0.0","-0.0,0.0,-0.0,-1.0",16.668025970458984,16.66208267211914,18.940105438232422,0,0,0,0,0,0,0,0.006389617919921875,0.0,16.0,0.0,655468782816.408,0.1892089545726776,
6,navstack-1719303660243,navstack,Hospital,HandCrafted,,,1719306063,773860216,"builtin_interfaces.msg.Time(sec=1719306046, nanosec=853860139)",120.0,Handcrafted_LabStudy,1,1,"-2.0,16.5,0.5","-0.0,0.0,-0.0,-1.0","-9.75,1.75,0.0","-0.0,0.0,-0.0,-1.0",16.668033599853516,16.66208267211914,18.940105438232422,0,0,0,0,0,0,0,0.006389617919921875,0.0,16.0,0.0,655766466195.5543,0.1892089545726776,
6,navstack-1719303660243,navstack,Hospital,HandCrafted,,,1719306063,793860673,"builtin_interfaces.msg.Time(sec=1719306046, nanosec=853860139)",120.0,Handcrafted_LabStudy,1,1,"-2.0,16.5,0.5","-0.0,0.0,-0.0,-1.0","-9.75,1.75,0.0","-0.0,0.0,-0.0,-1.0",16.668039321899414,16.66208267211914,18.940105438232422,0,0,0,0,0,0,0,0.006389617919921875,0.0,16.0,0.0,655118809906.8724,0.0946044772863388,
6,navstack-1719303660243,navstack,Hospital,HandCrafted,,,1719306063,813859224,"builtin_interfaces.msg.Time(sec=1719306046, nanosec=853860139)",120.0,Handcrafted_LabStudy,1,1,"-2.0,16.5,0.5","-0.0,0.0,-0.0,-1.0","-9.75,1.75,0.0","-0.0,0.0,-0.0,-1.0",16.66805076599121,16.66208267211914,18.940105438232422,0,0,0,0,0,0,0,0.006389617919921875,0.0,16.0,0.0,655481218143.3232,0.0946044772863388,
6,navstack-1719303660243,navstack,Hospital,HandCrafted,,,1719306063,833859682,"builtin_interfaces.msg.Time(sec=1719306046, nanosec=853860139)",120.0,Handcrafted_LabStudy,1,1,"-2.0,16.5,0.5","-0.0,0.0,-0.0,-1.0","-9.75,1.75,0.0","-0.0,0.0,-0.0,-1.0",16.66805648803711,16.66208267211914,18.940105438232422,0,0,0,0,0,0,0,0.006389617919921875,0.0,16.0,0.0,655824820496.0376,0.1892089545726776,
6,navstack-1719303660243,navstack,Hospital,HandCrafted,,,1719306063,853860139,"builtin_interfaces.msg.Time(sec=1719306046, nanosec=853860139)",120.0,Handcrafted_LabStudy,1,1,"-2.0,16.5,0.5","-0.0,0.0,-0.0,-1.0","-9.75,1.75,0.0","-0.0,0.0,-0.0,-1.0",16.668066024780273,16.66208267211914,18.940105438232422,0,0,0,0,0,0,0,0.006389617919921875,0.0,16.0,0.0,655179457607.8113,0.1892089545726776,
6,navstack-1719303660243,navstack,Hospital,HandCrafted,,,1719306063,873860597,"builtin_interfaces.msg.Time(sec=1719306046, nanosec=853860139)",120.0,Handcrafted_LabStudy,1,1,"-2.0,16.5,0.5","-0.0,0.0,-0.0,-1.0","-9.75,1.75,0.0","-0.0,0.0,-0.0,-1.0",16.668073654174805,16.66208267211914,18.940105438232422,0,0,0,0,0,0,0,0.006389617919921875,0.0,16.0,0.0,655539317621.5336,0.1892089545726776,
6,navstack-1719303660243,navstack,Hospital,HandCrafted,,,1719306063,893859148,"builtin_interfaces.msg.Time(sec=1719306046, nanosec=853860139)",120.0,Handcrafted_LabStudy,1,1,"-2.0,16.5,0.5","-0.0,0.0,-0.0,-1.0","-9.75,1.75,0.0","-0.0,0.0,-0.0,-1.0",16.66808319091797,16.66208267211914,18.940105438232422,0,0,0,0,0,0,0,0.006389617919921875,0.0,16.0,0.0,655634825009.3987,0.1892089545726776,
6,navstack-1719303660243,navstack,Hospital,HandCrafted,,,1719306063,913859605,"builtin_interfaces.msg.Time(sec=1719306046, nanosec=853860139)",120.0,Handcrafted_LabStudy,1,1,"-2.0,16.5,0.5","-0.0,0.0,-0.0,-1.0","-9.75,1.75,0.0","-0.0,0.0,-0.0,-1.0",16.6680908203125,16.66208267211914,18.940105438232422,0,0,0,0,0,0,0,0.006389617919921875,0.0,16.0,0.0,654989920801.2635,0.1892089545726776,
6,navstack-1719303660243,navstack,Hospital,HandCrafted,,,1719306063,933860063,"builtin_interfaces.msg.Time(sec=1719306046, nanosec=853860139)",120.0,Handcrafted_LabStudy,1,1,"-2.0,16.5,0.5","-0.0,0.0,-0.0,-1.0","-9.75,1.75,0.0","-0.0,0.0,-0.0,-1.0",16.6680965423584,16.66208267211914,18.940105438232422,0,0,0,0,0,0,0,0.006389617919921875,0.0,16.0,0.0,655042159367.1984,0.0946044772863388,
6,navstack-1719303660243,navstack,Hospital,HandCrafted,,,1719306063,933860063,"builtin_interfaces.msg.Time(sec=1719306046, nanosec=853860139)",120.0,Handcrafted_LabStudy,1,1,"-2.0,16.5,0.5","-0.0,0.0,-0.0,-1.0","-9.75,1.75,0.0","-0.0,0.0,-0.0,-1.0",16.6680965423584,16.66208267211914,18.940105438232422,0,0,0,0,0,0,0,0.006389617919921875,0.0,16.0,0.0,655042159367.1984,0.0,
6,navstack-1719303660243,navstack,Hospital,HandCrafted,,,1719306063,933860063,"builtin_interfaces.msg.Time(sec=1719306046, nanosec=853860139)",120.0,Handcrafted_LabStudy,1,1,"-2.0,16.5,0.5","-0.0,0.0,-0.0,-1.0","-9.75,1.75,0.0","-0.0,0.0,-0.0,-1.0",16.6680965423584,16.66208267211914,18.940105438232422,0,0,0,0,0,0,0,0.006389617919921875,0.0,16.0,0.0,655042159367.1984,0.0,
6,navstack-1719303660243,navstack,Hospital,HandCrafted,,,1719306063,953860521,"builtin_interfaces.msg.Time(sec=1719306046, nanosec=853860139)",120.0,Handcrafted_LabStudy,1,1,"-2.0,16.5,0.5","-0.0,0.0,-0.0,-1.0","-9.75,1.75,0.0","-0.0,0.0,-0.0,-1.0",16.668107986450195,16.66208267211914,18.940105438232422,0,0,0,0,0,0,0,0.006389617919921875,0.0,16.0,0.0,655074419866.9415,0.0946044772863388,
6,navstack-1719303660243,navstack,Hospital,HandCrafted,,,1719306063,973859071,"builtin_interfaces.msg.Time(sec=1719306046, nanosec=853860139)",120.0,Handcrafted_LabStudy,1,1,"-2.0,16.5,0.5","-0.0,0.0,-0.0,-1.0","-9.75,1.75,0.0","-0.0,0.0,-0.0,-1.0",16.668113708496094,16.66208267211914,18.940105438232422,0,0,0,0,0,0,0,0.006389617919921875,0.0,16.0,0.0,655115650110.689,0.1892089545726776,
6,navstack-1719303660243,navstack,Hospital,HandCrafted,,,1719306063,993859291,"builtin_interfaces.msg.Time(sec=1719306046, nanosec=853860139)",120.0,Handcrafted_LabStudy,1,1,"-2.0,16.5,0.5","-0.0,0.0,-0.0,-1.0","-9.75,1.75,0.0","-0.0,0.0,-0.0,-1.0",16.66812515258789,16.66208267211914,18.940105438232422,0,0,0,0,0,0,0,0.006389617919921875,0.0,16.0,0.0,655173188979.899,0.1892089545726776,
6,navstack-1719303660243,navstack,Hospital,HandCrafted,,,1719306064,13859748,"builtin_interfaces.msg.Time(sec=1719306046, nanosec=853860139)",120.0,Handcrafted_LabStudy,1,1,"-2.0,16.5,0.5","-0.0,0.0,-0.0,-1.0","-9.75,1.75,0.0","-0.0,0.0,-0.0,-1.0",16.66813087463379,16.66208267211914,18.940105438232422,0,0,0,0,0,0,0,0.006389617919921875,0.0,16.0,0.0,654533483146.1301,0.1892089545726776,
6,navstack-1719303660243,navstack,Hospital,HandCrafted,,,1719306064,33860445,"builtin_interfaces.msg.Time(sec=1719306046, nanosec=853860139)",120.0,Handcrafted_LabStudy,1,1,"-2.0,16.5,0.5","-0.0,0.0,-0.0,-1.0","-9.75,1.75,0.0","-0.0,0.0,-0.0,-1.0",16.66813850402832,16.66208267211914,18.940105438232422,0,0,0,0,0,0,0,0.006389617919921875,0.0,16.0,0.0,654588117041.4298,0.0946044772863388,
6,navstack-1719303660243,navstack,Hospital,HandCrafted,,,1719306064,53858995,"builtin_interfaces.msg.Time(sec=1719306046, nanosec=853860139)",120.0,Handcrafted_LabStudy,1,1,"-2.0,16.5,0.5","-0.0,0.0,-0.0,-1.0","-9.75,1.75,0.0","-0.0,0.0,-0.0,-1.0",16.668148040771484,16.66208267211914,18.940105438232422,0,0,0,0,0,0,0,0.006389617919921875,0.0,16.0,0.0,654647337737.6406,0.0946044772863388,
6,navstack-1719303660243,navstack,Hospital,HandCrafted,,,1719306064,73859453,"builtin_interfaces.msg.Time(sec=1719306046, nanosec=853860139)",120.0,Handcrafted_LabStudy,1,1,"-2.0,16.5,0.5","-0.0,0.0,-0.0,-1.0","-9.75,1.75,0.0","-0.0,0.0,-0.0,-1.0",16.668155670166016,16.66208267211914,18.79098892211914,0,0,0,0,0,0,0,0.0068511962890625,0.0,17.0,0.0,654444397279.5409,0.1892089545726776,
6,navstack-1719303660243,navstack,Hospital,HandCrafted,,,1719306064,93859910,"builtin_interfaces.msg.Time(sec=1719306046, nanosec=853860139)",120.0,Handcrafted_LabStudy,1,1,"-2.0,16.5,0.5","-0.0,0.0,-0.0,-1.0","-9.75,1.75,0.0","-0.0,0.0,-0.0,-1.0",16.66816520690918,16.66208267211914,18.79098892211914,0,0,0,0,0,0,0,0.0068511962890625,0.0,17.0,0.0,654187995108.5968,0.1892089545726776,
6,navstack-1719303660243,navstack,Hospital,HandCrafted,,,1719306064,113860368,"builtin_interfaces.msg.Time(sec=1719306046, nanosec=853860139)",120.0,Handcrafted_LabStudy,1,1,"-2.0,16.5,0.5","-0.0,0.0,-0.0,-1.0","-9.75,1.75,0.0","-0.0,0.0,-0.0,-1.0",16.668170928955078,16.66208267211914,18.79098892211914,0,0,0,0,0,0,0,0.0068511962890625,0.0,17.0,0.0,654059564683.0791,0.1892089545726776,
6,navstack-1719303660243,navstack,Hospital,HandCrafted,,,1719306064,113860368,"builtin_interfaces.msg.Time(sec=1719306046, nanosec=853860139)",120.0,Handcrafted_LabStudy,1,1,"-2.0,16.5,0.5","-0.0,0.0,-0.0,-1.0","-9.75,1.75,0.0","-0.0,0.0,-0.0,-1.0",16.668170928955078,16.66208267211914,18.79098892211914,0,0,0,0,0,0,0,0.0068511962890625,0.0,17.0,0.0,654059564683.0791,0.0946044772863388,
6,navstack-1719303660243,navstack,Hospital,HandCrafted,,,1719306064,133858919,"builtin_interfaces.msg.Time(sec=1719306046, nanosec=853860139)",120.0,Handcrafted_LabStudy,1,1,"-2.0,16.5,0.5","-0.0,0.0,-0.0,-1.0","-9.75,1.75,0.0","-0.0,0.0,-0.0,-1.0",16.66817855834961,16.66208267211914,18.79098892211914,0,0,0,0,0,0,0,0.0068511962890625,0.0,17.0,0.0,653902798020.8202,0.0,
6,navstack-1719303660243,navstack,Hospital,HandCrafted,,,1719306064,153859376,"builtin_interfaces.msg.Time(sec=1719306046, nanosec=853860139)",120.0,Handcrafted_LabStudy,1,1,"-2.0,16.5,0.5","-0.0,0.0,-0.0,-1.0","-9.75,1.75,0.0","-0.0,0.0,-0.0,-1.0",16.668188095092773,16.66208267211914,18.79098892211914,0,0,0,0,0,0,0,0.0068511962890625,0.0,17.0,0.0,653680236247.7108,0.0946044772863388,
6,navstack-1719303660243,navstack,Hospital,HandCrafted,,,1719306064,173859834,"builtin_interfaces.msg.Time(sec=1719306046, nanosec=853860139)",120.0,Handcrafted_LabStudy,1,1,"-2.0,16.5,0.5","-0.0,0.0,-0.0,-1.0","-9.75,1.75,0.0","-0.0,0.0,-0.0,-1.0",16.668195724487305,16.66208267211914,18.79098892211914,0,0,0,0,0,0,0,0.0068511962890625,0.0,17.0,0.0,653503950199.3514,0.1892089545726776,
6,navstack-1719303660243,navstack,Hospital,HandCrafted,,,1719306064,193860292,"builtin_interfaces.msg.Time(sec=1719306046, nanosec=853860139)",120.0,Handcrafted_LabStudy,1,1,"-2.0,16.5,0.5","-0.0,0.0,-0.0,-1.0","-9.75,1.75,0.0","-0.0,0.0,-0.0,-1.0",16.66820526123047,16.66208267211914,18.79098892211914,0,0,0,0,0,0,0,0.0068511962890625,0.0,17.0,0.0,654173113487.8622,0.1892089545726776,
6,navstack-1719303660243,navstack,Hospital,HandCrafted,,,1719306064,213858842,"builtin_interfaces.msg.Time(sec=1719306046, nanosec=853860139)",120.0,Handcrafted_LabStudy,1,1,"-2.0,16.5,0.5","-0.0,0.0,-0.0,-1.0","-9.75,1.75,0.0","-0.0,0.0,-0.0,-1.0",16.668212890625,16.66208267211914,18.79098892211914,0,0,0,0,0,0,0,0.0068511962890625,0.0,17.0,0.0,653987093228.6798,0.1892089545726776,
6,navstack-1719303660243,navstack,Hospital,HandCrafted,,,1719306064,233859300,"builtin_interfaces.msg.Time(sec=1719306046, nanosec=853860139)",120.0,Handcrafted_LabStudy,1,1,"-2.0,16.5,0.5","-0.0,0.0,-0.0,-1.0","-9.75,1.75,0.0","-0.0,0.0,-0.0,-1.0",16.668222427368164,16.66208267211914,18.79098892211914,0,0,0,0,0,0,0,0.0068511962890625,0.0,17.0,0.0,653755103031.4749,0.1892089545726776,
6,navstack-1719303660243,navstack,Hospital,HandCrafted,,,1719306064,233859300,"builtin_interfaces.msg.Time(sec=1719306046, nanosec=853860139)",120.0,Handcrafted_LabStudy,1,1,"-2.0,16.5,0.5","-0.0,0.0,-0.0,-1.0","-9.75,1.75,0.0","-0.0,0.0,-0.0,-1.0",16.668222427368164,16.66208267211914,18.79098892211914,0,0,0,0,0,0,0,0.0068511962890625,0.0,17.0,0.0,653755103031.4749,0.0946044772863388,
6,navstack-1719303660243,navstack,Hospital,HandCrafted,,,1719306064,253859519,"builtin_interfaces.msg.Time(sec=1719306046, nanosec=853860139)",120.0,Handcrafted_LabStudy,1,1,"-2.0,16.5,0.5","-0.0,0.0,-0.0,-1.0","-9.75,1.75,0.0","-0.0,0.0,-0.0,-1.0",16.668228149414062,16.66208267211914,18.79098892211914,0,0,0,0,0,0,0,0.0068511962890625,0.0,17.0,0.0,653663621835.5209,0.0946044772863388,
6,navstack-1719303660243,navstack,Hospital,HandCrafted,,,1719306064,273860216,"builtin_interfaces.msg.Time(sec=1719306046, nanosec=853860139)",120.0,Handcrafted_LabStudy,1,1,"-2.0,16.5,0.5","-0.0,0.0,-0.0,-1.0","-9.75,1.75,0.0","-0.0,0.0,-0.0,-1.0",16.668235778808594,16.66208267211914,18.79098892211914,0,0,0,0,0,0,0,0.0068511962890625,0.0,17.0,0.0,653506039741.9889,0.0946044772863388,
6,navstack-1719303660243,navstack,Hospital,HandCrafted,,,1719306064,273860216,"builtin_interfaces.msg.Time(sec=1719306046, nanosec=853860139)",120.0,Handcrafted_LabStudy,1,1,"-2.0,16.5,0.5","-0.0,0.0,-0.0,-1.0","-9.75,1.75,0.0","-0.0,0.0,-0.0,-1.0",16.668235778808594,16.66208267211914,18.79098892211914,0,0,0,0,0,0,0,0.0068511962890625,0.0,17.0,0.0,654158078973.7639,0.0,
6,navstack-1719303660243,navstack,Hospital,HandCrafted,,,1719306064,273860216,"builtin_interfaces.msg.Time(sec=1719306046, nanosec=853860139)",120.0,Handcrafted_LabStudy,1,1,"-2.0,16.5,0.5","-0.0,0.0,-0.0,-1.0","-9.75,1.75,0.0","-0.0,0.0,-0.0,-1.0",16.668235778808594,16.66208267211914,18.79098892211914,0,0,0,0,0,0,0,0.0068511962890625,0.0,17.0,0.0,654158078973.7639,0.0,
6,navstack-1719303660243,navstack,Hospital,HandCrafted,,,1719306064,293860673,"builtin_interfaces.msg.Time(sec=1719306046, nanosec=853860139)",120.0,Handcrafted_LabStudy,1,1,"-2.0,16.5,0.5","-0.0,0.0,-0.0,-1.0","-9.75,1.75,0.0","-0.0,0.0,-0.0,-1.0",16.668245315551758,16.66208267211914,18.79098892211914,0,0,0,0,0,0,0,0.0068511962890625,0.0,17.0,0.0,654165621713.0403,0.0946044772863388,
6,navstack-1719303660243,navstack,Hospital,HandCrafted,,,1719306064,313859224,"builtin_interfaces.msg.Time(sec=1719306046, nanosec=853860139)",120.0,Handcrafted_LabStudy,1,1,"-2.0,16.5,0.5","-0.0,0.0,-0.0,-1.0","-9.75,1.75,0.0","-0.0,0.0,-0.0,-1.0",16.66825294494629,16.66208267211914,18.79098892211914,0,0,0,0,0,0,0,0.0068511962890625,0.0,17.0,0.0,654008651192.9631,0.1892089545726776,
6,navstack-1719303660243,navstack,Hospital,HandCrafted,,,1719306064,333859682,"builtin_interfaces.msg.Time(sec=1719306046, nanosec=853860139)",120.0,Handcrafted_LabStudy,1,1,"-2.0,16.5,0.5","-0.0,0.0,-0.0,-1.0","-9.75,1.75,0.0","-0.0,0.0,-0.0,-1.0",16.668262481689453,16.66208267211914,18.79098892211914,0,0,0,0,0,0,0,0.0068511962890625,0.0,17.0,0.0,653801174898.4066,0.1892089545726776,
6,navstack-1719303660243,navstack,Hospital,HandCrafted,,,1719306064,353860139,"builtin_interfaces.msg.Time(sec=1719306046, nanosec=853860139)",120.0,Handcrafted_LabStudy,1,1,"-2.0,16.5,0.5","-0.0,0.0,-0.0,-1.0","-9.75,1.75,0.0","-0.0,0.0,-0.0,-1.0",16.668270111083984,16.66208267211914,18.79098892211914,0,0,0,0,0,0,0,0.0068511962890625,0.0,17.0,0.0,653686301017.8047,0.1892089545726776,
6,navstack-1719303660243,navstack,Hospital,HandCrafted,,,1719306064,373860597,"builtin_interfaces.msg.Time(sec=1719306046, nanosec=853860139)",120.0,Handcrafted_LabStudy,1,1,"-2.0,16.5,0.5","-0.0,0.0,-0.0,-1.0","-9.75,1.75,0.0","-0.0,0.0,-0.0,-1.0",16.668275833129883,16.66208267211914,18.79098892211914,0,0,0,0,0,0,0,0.0068511962890625,0.0,17.0,0.0,653497783500.3484,0.0946044772863388,
6,navstack-1719303660243,navstack,Hospital,HandCrafted,,,1719306064,393859148,"builtin_interfaces.msg.Time(sec=1719306046, nanosec=853860139)",120.0,Handcrafted_LabStudy,1,1,"-2.0,16.5,0.5","-0.0,0.0,-0.0,-1.0","-9.75,1.75,0.0","-0.0,0.0,-0.0,-1.0",16.66828727722168,16.66208267211914,18.79098892211914,0,0,0,0,0,0,0,0.0068511962890625,0.0,17.0,0.0,653288421520.9728,0.0946044772863388,
6,navstack-1719303660243,navstack,Hospital,HandCrafted,,,1719306064,413859605,"builtin_interfaces.msg.Time(sec=1719306046, nanosec=853860139)",120.0,Handcrafted_LabStudy,1,1,"-2.0,16.5,0.5","-0.0,0.0,-0.0,-1.0","-9.75,1.75,0.0","-0.0,0.0,-0.0,-1.0",16.668292999267578,16.66208267211914,18.79098892211914,0,0,0,0,0,0,0,0.0068511962890625,0.0,17.0,0.0,653949226638.934,0.1892089545726776,
6,navstack-1719303660243,navstack,Hospital,HandCrafted,,,1719306064,413859605,"builtin_interfaces.msg.Time(sec=1719306046, nanosec=853860139)",120.0,Handcrafted_LabStudy,1,1,"-2.0,16.5,0.5","-0.0,0.0,-0.0,-1.0","-9.75,1.75,0.0","-0.0,0.0,-0.0,-1.0",16.668292999267578,16.66208267211914,18.79098892211914,0,0,0,0,0,0,0,0.0068511962890625,0.0,17.0,0.0,653949226638.934,0.0946044772863388,
6,navstack-1719303660243,navstack,Hospital,HandCrafted,,,1719306064,433860063,"builtin_interfaces.msg.Time(sec=1719306046, nanosec=853860139)",120.0,Handcrafted_LabStudy,1,1,"-2.0,16.5,0.5","-0.0,0.0,-0.0,-1.0","-9.75,1.75,0.0","-0.0,0.0,-0.0,-1.0",16.668302536010742,16.66208267211914,18.79098892211914,0,0,0,0,0,0,0,0.0068511962890625,0.0,17.0,0.0,653980569778.4948,0.0946044772863388,
6,navstack-1719303660243,navstack,Hospital,HandCrafted,,,1719306064,433860063,"builtin_interfaces.msg.Time(sec=1719306046, nanosec=853860139)",120.0,Handcrafted_LabStudy,1,1,"-2.0,16.5,0.5","-0.0,0.0,-0.0,-1.0","-9.75,1.75,0.0","-0.0,0.0,-0.0,-1.0",16.668302536010742,16.66208267211914,18.79098892211914,0,0,0,0,0,0,0,0.0068511962890625,0.0,17.0,0.0,653980569778.4948,0.0946044772863388,
6,navstack-1719303660243,navstack,Hospital,HandCrafted,,,1719306064,453860521,"builtin_interfaces.msg.Time(sec=1719306046, nanosec=853860139)",120.0,Handcrafted_LabStudy,1,1,"-2.0,16.5,0.5","-0.0,0.0,-0.0,-1.0","-9.75,1.75,0.0","-0.0,0.0,-0.0,-1.0",16.668310165405273,16.66208267211914,18.79098892211914,0,0,0,0,0,0,0,0.0068511962890625,0.0,17.0,0.0,654028680223.6094,0.0946044772863388,
6,navstack-1719303660243,navstack,Hospital,HandCrafted,,,1719306064,473859071,"builtin_interfaces.msg.Time(sec=1719306046, nanosec=853860139)",120.0,Handcrafted_LabStudy,1,1,"-2.0,16.5,0.5","-0.0,0.0,-0.0,-1.0","-9.75,1.75,0.0","-0.0,0.0,-0.0,-1.0",16.668319702148438,16.66208267211914,18.79098892211914,0,0,0,0,0,0,0,0.0068511962890625,0.0,17.0,0.0,654082192900.9083,0.1892089545726776,
6,navstack-1719303660243,navstack,Hospital,HandCrafted,,,1719306064,493859291,"builtin_interfaces.msg.Time(sec=1719306046, nanosec=853860139)",120.0,Handcrafted_LabStudy,1,1,"-2.0,16.5,0.5","-0.0,0.0,-0.0,-1.0","-9.75,1.75,0.0","-0.0,0.0,-0.0,-1.0",16.66832733154297,16.66208267211914,18.79098892211914,0,0,0,0,0,0,0,0.0068511962890625,0.0,17.0,0.0,654153746995.1254,0.1892089545726776,
6,navstack-1719303660243,navstack,Hospital,HandCrafted,,,1719306064,513859748,"builtin_interfaces.msg.Time(sec=1719306046, nanosec=853860139)",120.0,Handcrafted_LabStudy,1,1,"-2.0,16.5,0.5","-0.0,0.0,-0.0,-1.0","-9.75,1.75,0.0","-0.0,0.0,-0.0,-1.0",16.668333053588867,16.66208267211914,18.79098892211914,0,0,0,0,0,0,0,0.0068511962890625,0.0,17.0,0.0,654224536622.5238,0.0946044772863388,
6,navstack-1719303660243,navstack,Hospital,HandCrafted,,,1719306064,533860445,"builtin_interfaces.msg.Time(sec=1719306046, nanosec=853860139)",120.0,Handcrafted_LabStudy,1,1,"-2.0,16.5,0.5","-0.0,0.0,-0.0,-1.0","-9.75,1.75,0.0","-0.0,0.0,-0.0,-1.0",16.668344497680664,16.66208267211914,18.79098892211914,0,0,0,0,0,0,0,0.0068511962890625,0.0,17.0,0.0,653573669573.204,0.0946044772863388,
6,navstack-1719303660243,navstack,Hospital,HandCrafted,,,1719306064,553858995,"builtin_interfaces.msg.Time(sec=1719306046, nanosec=853860139)",120.0,Handcrafted_LabStudy,1,1,"-2.0,16.5,0.5","-0.0,0.0,-0.0,-1.0","-9.75,1.75,0.0","-0.0,0.0,-0.0,-1.0",16.668350219726562,16.66208267211914,18.79098892211914,0,0,0,0,0,0,0,0.0068511962890625,0.0,17.0,0.0,653667036453.977,0.1892089545726776,
6,navstack-1719303660243,navstack,Hospital,HandCrafted,,,1719306064,573859453,"builtin_interfaces.msg.Time(sec=1719306046, nanosec=853860139)",120.0,Handcrafted_LabStudy,1,1,"-2.0,16.5,0.5","-0.0,0.0,-0.0,-1.0","-9.75,1.75,0.0","-0.0,0.0,-0.0,-1.0",16.66836166381836,16.66208267211914,18.79098892211914,0,0,0,0,0,0,0,0.0068511962890625,0.0,17.0,0.0,653761320694.9325,0.1892089545726776,
6,navstack-1719303660243,navstack,Hospital,HandCrafted,,,1719306064,593859910,"builtin_interfaces.msg.Time(sec=1719306046, nanosec=853860139)",120.0,Handcrafted_LabStudy,1,1,"-2.0,16.5,0.5","-0.0,0.0,-0.0,-1.0","-9.75,1.75,0.0","-0.0,0.0,-0.0,-1.0",16.668367385864258,16.66208267211914,18.79098892211914,0,0,0,0,0,0,0,0.0068511962890625,0.0,17.0,0.0,653830224637.5118,0.1892089545726776,
6,navstack-1719303660243,navstack,Hospital,HandCrafted,,,1719306064,613860368,"builtin_interfaces.msg.Time(sec=1719306046, nanosec=853860139)",120.0,Handcrafted_LabStudy,1,1,"-2.0,16.5,0.5","-0.0,0.0,-0.0,-1.0","-9.75,1.75,0.0","-0.0,0.0,-0.0,-1.0",16.66837501525879,16.66208267211914,18.79098892211914,0,0,0,0,0,0,0,0.0068511962890625,0.0,17.0,0.0,653922674158.1027,0.0946044772863388,
6,navstack-1719303660243,navstack,Hospital,HandCrafted,,,1719306064,633858919,"builtin_interfaces.msg.Time(sec=1719306046, nanosec=853860139)",120.0,Handcrafted_LabStudy,1,1,"-2.0,16.5,0.5","-0.0,0.0,-0.0,-1.0","-9.75,1.75,0.0","-0.0,0.0,-0.0,-1.0",16.668384552001953,16.66208267211914,18.79098892211914,0,0,0,0,0,0,0,0.0068511962890625,0.0,17.0,0.0,654337117102.67,0.0946044772863388,
6,navstack-1719303660243,navstack,Hospital,HandCrafted,,,1719306064,653859376,"builtin_interfaces.msg.Time(sec=1719306046, nanosec=853860139)",120.0,Handcrafted_LabStudy,1,1,"-2.0,16.5,0.5","-0.0,0.0,-0.0,-1.0","-9.75,1.75,0.0","-0.0,0.0,-0.0,-1.0",16.66839027404785,16.66208267211914,18.79098892211914,0,0,0,0,0,0,0,0.0068511962890625,0.0,17.0,0.0,653416291337.4902,0.1892089545726776,
6,navstack-1719303660243,navstack,Hospital,HandCrafted,,,1719306064,673859834,"builtin_interfaces.msg.Time(sec=1719306046, nanosec=853860139)",120.0,Handcrafted_LabStudy,1,1,"-2.0,16.5,0.5","-0.0,0.0,-0.0,-1.0","-9.75,1.75,0.0","-0.0,0.0,-0.0,-1.0",16.66840171813965,16.66208267211914,18.79098892211914,0,0,0,0,0,0,0,0.0068511962890625,0.0,17.0,0.0,653924559842.9219,0.1892089545726776,
6,navstack-1719303660243,navstack,Hospital,HandCrafted,,,1719306064,693860292,"builtin_interfaces.msg.Time(sec=1719306046, nanosec=853860139)",120.0,Handcrafted_LabStudy,1,1,"-2.0,16.5,0.5","-0.0,0.0,-0.0,-1.0","-9.75,1.75,0.0","-0.0,0.0,-0.0,-1.0",16.668407440185547,16.66208267211914,18.79098892211914,0,0,0,0,0,0,0,0.0068511962890625,0.0,17.0,0.0,654250681387.7185,0.1892089545726776,
6,navstack-1719303660243,navstack,Hospital,HandCrafted,,,1719306064,693860292,"builtin_interfaces.msg.Time(sec=1719306046, nanosec=853860139)",120.0,Handcrafted_LabStudy,1,1,"-2.0,16.5,0.5","-0.0,0.0,-0.0,-1.0","-9.75,1.75,0.0","-0.0,0.0,-0.0,-1.0",16.668407440185547,16.66208267211914,18.79098892211914,0,0,0,0,0,0,0,0.0068511962890625,0.0,17.0,0.0,653600018196.2169,0.0946044772863388,
6,navstack-1719303660243,navstack,Hospital,HandCrafted,,,1719306064,713858842,"builtin_interfaces.msg.Time(sec=1719306046, nanosec=853860139)",120.0,Handcrafted_LabStudy,1,1,"-2.0,16.5,0.5","-0.0,0.0,-0.0,-1.0","-9.75,1.75,0.0","-0.0,0.0,-0.0,-1.0",16.668415069580078,16.66208267211914,18.79098892211914,0,0,0,0,0,0,0,0.0068511962890625,0.0,17.0,0.0,653599304693.8529,0.0,
6,navstack-1719303660243,navstack,Hospital,HandCrafted,,,1719306064,733859300,"builtin_interfaces.msg.Time(sec=1719306046, nanosec=853860139)",120.0,Handcrafted_LabStudy,1,1,"-2.0,16.5,0.5","-0.0,0.0,-0.0,-1.0","-9.75,1.75,0.0","-0.0,0.0,-0.0,-1.0",16.668424606323242,16.66208267211914,18.79098892211914,0,0,0,0,0,0,0,0.0068511962890625,0.0,17.0,0.0,653795415915.0402,0.0946044772863388,
6,navstack-1719303660243,navstack,Hospital,HandCrafted,,,1719306064,753859519,"builtin_interfaces.msg.Time(sec=1719306046, nanosec=853860139)",120.0,Handcrafted_LabStudy,1,1,"-2.0,16.5,0.5","-0.0,0.0,-0.0,-1.0","-9.75,1.75,0.0","-0.0,0.0,-0.0,-1.0",16.668432235717773,16.66208267211914,18.79098892211914,0,0,0,0,0,0,0,0.0068511962890625,0.0,17.0,0.0,654259905953.9957,0.1892089545726776,
6,navstack-1719303660243,navstack,Hospital,HandCrafted,,,1719306064,773860216,"builtin_interfaces.msg.Time(sec=1719306046, nanosec=853860139)",120.0,Handcrafted_LabStudy,1,1,"-2.0,16.5,0.5","-0.0,0.0,-0.0,-1.0","-9.75,1.75,0.0","-0.0,0.0,-0.0,-1.0",16.668441772460938,16.66208267211914,18.79098892211914,0,0,0,0,0,0,0,0.0068511962890625,0.0,17.0,0.0,653607611899.9479,0.1892089545726776,
6,navstack-1719303660243,navstack,Hospital,HandCrafted,,,1719306064,793860673,"builtin_interfaces.msg.Time(sec=1719306046, nanosec=853860139)",120.0,Handcrafted_LabStudy,1,1,"-2.0,16.5,0.5","-0.0,0.0,-0.0,-1.0","-9.75,1.75,0.0","-0.0,0.0,-0.0,-1.0",16.66844940185547,16.66208267211914,18.79098892211914,0,0,0,0,0,0,0,0.0068511962890625,0.0,17.0,0.0,652954502414.627,0.1892089545726776,
6,navstack-1719303660243,navstack,Hospital,HandCrafted,,,1719306064,793860673,"builtin_interfaces.msg.Time(sec=1719306046, nanosec=853860139)",120.0,Handcrafted_LabStudy,1,1,"-2.0,16.5,0.5","-0.0,0.0,-0.0,-1.0","-9.75,1.75,0.0","-0.0,0.0,-0.0,-1.0",16.66844940185547,16.66208267211914,18.79098892211914,0,0,0,0,0,0,0,0.0068511962890625,0.0,17.0,0.0,652954502414.627,0.0946044772863388,
6,navstack-1719303660243,navstack,Hospital,HandCrafted,,,1719306064,793860673,"builtin_interfaces.msg.Time(sec=1719306046, nanosec=853860139)",120.0,Handcrafted_LabStudy,1,1,"-2.0,16.5,0.5","-0.0,0.0,-0.0,-1.0","-9.75,1.75,0.0","-0.0,0.0,-0.0,-1.0",16.66844940185547,16.66208267211914,18.79098892211914,0,0,0,0,0,0,0,0.0068511962890625,0.0,17.0,0.0,653604146317.0371,0.0,
6,navstack-1719303660243,navstack,Hospital,HandCrafted,,,1719306064,813859224,"builtin_interfaces.msg.Time(sec=1719306046, nanosec=853860139)",120.0,Handcrafted_LabStudy,1,1,"-2.0,16.5,0.5","-0.0,0.0,-0.0,-1.0","-9.75,1.75,0.0","-0.0,0.0,-0.0,-1.0",16.668458938598633,16.66208267211914,18.79098892211914,0,0,0,0,0,0,0,0.0068511962890625,0.0,17.0,0.0,653599355658.3075,0.0946044772863388,
6,navstack-1719303660243,navstack,Hospital,HandCrafted,,,1719306064,833859682,"builtin_interfaces.msg.Time(sec=1719306046, nanosec=853860139)",120.0,Handcrafted_LabStudy,1,1,"-2.0,16.5,0.5","-0.0,0.0,-0.0,-1.0","-9.75,1.75,0.0","-0.0,0.0,-0.0,-1.0",16.66846466064453,16.66208267211914,18.79098892211914,0,0,0,0,0,0,0,0.0068511962890625,0.0,17.0,0.0,653792459976.675,0.1892089545726776,
6,navstack-1719303660243,navstack,Hospital,HandCrafted,,,1719306064,833859682,"builtin_interfaces.msg.Time(sec=1719306046, nanosec=853860139)",120.0,Handcrafted_LabStudy,1,1,"-2.0,16.5,0.5","-0.0,0.0,-0.0,-1.0","-9.75,1.75,0.0","-0.0,0.0,-0.0,-1.0",16.66846466064453,16.66208267211914,18.79098892211914,0,0,0,0,0,0,0,0.0068511962890625,0.0,17.0,0.0,653792459976.675,0.0946044772863388,
6,navstack-1719303660243,navstack,Hospital,HandCrafted,,,1719306064,853860139,"builtin_interfaces.msg.Time(sec=1719306046, nanosec=853860139)",120.0,Handcrafted_LabStudy,1,1,"-2.0,16.5,0.5","-0.0,0.0,-0.0,-1.0","-9.75,1.75,0.0","-0.0,0.0,-0.0,-1.0",16.668472290039062,16.66208267211914,18.79098892211914,0,0,0,0,0,0,0,0.0068511962890625,0.0,17.0,0.0,654152829634.9431,0.0,
6,navstack-1719303660243,navstack,Hospital,HandCrafted,,,1719306064,873860597,"builtin_interfaces.msg.Time(sec=1719306046, nanosec=853860139)",120.0,Handcrafted_LabStudy,1,1,"-2.0,16.5,0.5","-0.0,0.0,-0.0,-1.0","-9.75,1.75,0.0","-0.0,0.0,-0.0,-1.0",16.668481826782227,16.66208267211914,18.79098892211914,0,0,0,0,0,0,0,0.0068511962890625,0.0,17.0,0.0,654391750997.9696,0.0946044772863388,
6,navstack-1719303660243,navstack,Hospital,HandCrafted,,,1719306064,893859148,"builtin_interfaces.msg.Time(sec=1719306046, nanosec=853860139)",120.0,Handcrafted_LabStudy,1,1,"-2.0,16.5,0.5","-0.0,0.0,-0.0,-1.0","-9.75,1.75,0.0","-0.0,0.0,-0.0,-1.0",16.668489456176758,16.66208267211914,18.79098892211914,0,0,0,0,0,0,0,0.0068511962890625,0.0,17.0,0.0,653740017552.922,0.1892089545726776,
6,navstack-1719303660243,navstack,Hospital,HandCrafted,,,1719306064,913859605,"builtin_interfaces.msg.Time(sec=1719306046, nanosec=853860139)",120.0,Handcrafted_LabStudy,1,1,"-2.0,16.5,0.5","-0.0,0.0,-0.0,-1.0","-9.75,1.75,0.0","-0.0,0.0,-0.0,-1.0",16.668498992919922,16.66208267211914,18.79098892211914,0,0,0,0,0,0,0,0.0068511962890625,0.0,17.0,0.0,654176018461.7727,0.1892089545726776,
6,navstack-1719303660243,navstack,Hospital,HandCrafted,,,1719306064,933860063,"builtin_interfaces.msg.Time(sec=1719306046, nanosec=853860139)",120.0,Handcrafted_LabStudy,1,1,"-2.0,16.5,0.5","-0.0,0.0,-0.0,-1.0","-9.75,1.75,0.0","-0.0,0.0,-0.0,-1.0",16.668506622314453,16.66208267211914,18.79098892211914,0,0,0,0,0,0,0,0.0068511962890625,0.0,17.0,0.0,653525915879.2714,0.1892089545726776,
6,navstack-1719303660243,navstack,Hospital,HandCrafted,,,1719306064,953860521,"builtin_interfaces.msg.Time(sec=1719306046, nanosec=853860139)",120.0,Handcrafted_LabStudy,1,1,"-2.0,16.5,0.5","-0.0,0.0,-0.0,-1.0","-9.75,1.75,0.0","-0.0,0.0,-0.0,-1.0",16.66851234436035,16.66208267211914,18.79098892211914,0,0,0,0,0,0,0,0.0068511962890625,0.0,17.0,0.0,654052072908.2572,0.0946044772863388,
6,navstack-1719303660243,navstack,Hospital,HandCrafted,,,1719306064,953860521,"builtin_interfaces.msg.Time(sec=1719306046, nanosec=853860139)",120.0,Handcrafted_LabStudy,1,1,"-2.0,16.5,0.5","-0.0,0.0,-0.0,-1.0","-9.75,1.75,0.0","-0.0,0.0,-0.0,-1.0",16.66851234436035,16.66208267211914,18.79098892211914,0,0,0,0,0,0,0,0.0068511962890625,0.0,17.0,0.0,653402479970.3016,0.0,
6,navstack-1719303660243,navstack,Hospital,HandCrafted,,,1719306064,973859071,"builtin_interfaces.msg.Time(sec=1719306046, nanosec=853860139)",120.0,Handcrafted_LabStudy,1,1,"-2.0,16.5,0.5","-0.0,0.0,-0.0,-1.0","-9.75,1.75,0.0","-0.0,0.0,-0.0,-1.0",16.66852378845215,16.66208267211914,18.79098892211914,0,0,0,0,0,0,0,0.0068511962890625,0.0,17.0,0.0,653404467584.0299,0.0946044772863388,
6,navstack-1719303660243,navstack,Hospital,HandCrafted,,,1719306064,973859071,"builtin_interfaces.msg.Time(sec=1719306046, nanosec=853860139)",120.0,Handcrafted_LabStudy,1,1,"-2.0,16.5,0.5","-0.0,0.0,-0.0,-1.0","-9.75,1.75,0.0","-0.0,0.0,-0.0,-1.0",16.66852378845215,16.66208267211914,18.79098892211914,0,0,0,0,0,0,0,0.0068511962890625,0.0,17.0,0.0,653404467584.0299,0.0946044772863388,
6,navstack-1719303660243,navstack,Hospital,HandCrafted,,,1719306064,993859291,"builtin_interfaces.msg.Time(sec=1719306046, nanosec=853860139)",120.0,Handcrafted_LabStudy,1,1,"-2.0,16.5,0.5","-0.0,0.0,-0.0,-1.0","-9.75,1.75,0.0","-0.0,0.0,-0.0,-1.0",16.668529510498047,16.66208267211914,18.79098892211914,0,0,0,0,0,0,0,0.0068511962890625,0.0,17.0,0.0,653489782080.9808,0.0946044772863388,
6,navstack-1719303660243,navstack,Hospital,HandCrafted,,,1719306065,13859748,"builtin_interfaces.msg.Time(sec=1719306046, nanosec=853860139)",120.0,Handcrafted_LabStudy,1,1,"-2.0,16.5,0.5","-0.0,0.0,-0.0,-1.0","-9.75,1.75,0.0","-0.0,0.0,-0.0,-1.0",16.66853904724121,16.66208267211914,18.79098892211914,0,0,0,0,0,0,0,0.0068511962890625,0.0,17.0,0.0,653560214957.1973,0.1892089545726776,
6,navstack-1719303660243,navstack,Hospital,HandCrafted,,,1719306065,33860445,"builtin_interfaces.msg.Time(sec=1719306046, nanosec=853860139)",120.0,Handcrafted_LabStudy,1,1,"-2.0,16.5,0.5","-0.0,0.0,-0.0,-1.0","-9.75,1.75,0.0","-0.0,0.0,-0.0,-1.0",16.668546676635742,16.66208267211914,18.79098892211914,0,0,0,0,0,0,0,0.0068511962890625,0.0,17.0,0.0,653759282116.7496,0.1892089545726776,
6,navstack-1719303660243,navstack,Hospital,HandCrafted,,,1719306065,33860445,"builtin_interfaces.msg.Time(sec=1719306046, nanosec=853860139)",120.0,Handcrafted_LabStudy,1,1,"-2.0,16.5,0.5","-0.0,0.0,-0.0,-1.0","-9.75,1.75,0.0","-0.0,0.0,-0.0,-1.0",16.668546676635742,16.66208267211914,18.79098892211914,0,0,0,0,0,0,0,0.0068511962890625,0.0,17.0,0.0,653110198823.3397,0.0946044772863388,
6,navstack-1719303660243,navstack,Hospital,HandCrafted,,,1719306065,53858995,"builtin_interfaces.msg.Time(sec=1719306046, nanosec=853860139)",120.0,Handcrafted_LabStudy,1,1,"-2.0,16.5,0.5","-0.0,0.0,-0.0,-1.0","-9.75,1.75,0.0","-0.0,0.0,-0.0,-1.0",16.668556213378906,16.66208267211914,18.79098892211914,0,0,0,0,0,0,0,0.0068511962890625,0.0,17.0,0.0,653111218112.4312,0.0946044772863388,
6,navstack-1719303660243,navstack,Hospital,HandCrafted,,,1719306065,73859453,"builtin_interfaces.msg.Time(sec=1719306046, nanosec=853860139)",120.0,Handcrafted_LabStudy,1,1,"-2.0,16.5,0.5","-0.0,0.0,-0.0,-1.0","-9.75,1.75,0.0","-0.0,0.0,-0.0,-1.0",16.668563842773438,16.66208267211914,18.79098892211914,0,0,0,0,0,0,0,0.0068511962890625,0.0,17.0,0.0,653263397973.7787,0.1892089545726776,
6,navstack-1719303660243,navstack,Hospital,HandCrafted,,,1719306065,93859910,"builtin_interfaces.msg.Time(sec=1719306046, nanosec=853860139)",120.0,Handcrafted_LabStudy,1,1,"-2.0,16.5,0.5","-0.0,0.0,-0.0,-1.0","-9.75,1.75,0.0","-0.0,0.0,-0.0,-1.0",16.668569564819336,16.66208267211914,18.651958465576172,0,0,0,0,0,0,0,0.007320404052734375,0.0,18.0,0.0,653425872654.9495,0.0946044772863388,
6,navstack-1719303660243,navstack,Hospital,HandCrafted,,,1719306065,113860368,"builtin_interfaces.msg.Time(sec=1719306046, nanosec=853860139)",120.0,Handcrafted_LabStudy,1,1,"-2.0,16.5,0.5","-0.0,0.0,-0.0,-1.0","-9.75,1.75,0.0","-0.0,0.0,-0.0,-1.0",16.668581008911133,16.66208267211914,18.651958465576172,0,0,0,0,0,0,0,0.007320404052734375,0.0,18.0,0.0,653607102255.4022,0.0946044772863388,
6,navstack-1719303660243,navstack,Hospital,HandCrafted,,,1719306065,133858919,"builtin_interfaces.msg.Time(sec=1719306046, nanosec=853860139)",120.0,Handcrafted_LabStudy,1,1,"-2.0,16.5,0.5","-0.0,0.0,-0.0,-1.0","-9.75,1.75,0.0","-0.0,0.0,-0.0,-1.0",16.66858673095703,16.66208267211914,18.651958465576172,0,0,0,0,0,0,0,0.007320404052734375,0.0,18.0,0.0,653774265666.3934,0.1892089545726776,
6,navstack-1719303660243,navstack,Hospital,HandCrafted,,,1719306065,153859376,"builtin_interfaces.msg.Time(sec=1719306046, nanosec=853860139)",120.0,Handcrafted_LabStudy,1,1,"-2.0,16.5,0.5","-0.0,0.0,-0.0,-1.0","-9.75,1.75,0.0","-0.0,0.0,-0.0,-1.0",16.668596267700195,16.66208267211914,18.651958465576172,0,0,0,0,0,0,0,0.007320404052734375,0.0,18.0,0.0,653930420755.1974,0.1892089545726776,
6,navstack-1719303660243,navstack,Hospital,HandCrafted,,,1719306065,173859834,"builtin_interfaces.msg.Time(sec=1719306046, nanosec=853860139)",120.0,Handcrafted_LabStudy,1,1,"-2.0,16.5,0.5","-0.0,0.0,-0.0,-1.0","-9.75,1.75,0.0","-0.0,0.0,-0.0,-1.0",16.668603897094727,16.66208267211914,18.651958465576172,0,0,0,0,0,0,0,0.007320404052734375,0.0,18.0,0.0,653282611573.1517,0.1892089545726776,
6,navstack-1719303660243,navstack,Hospital,HandCrafted,,,1719306065,193860292,"builtin_interfaces.msg.Time(sec=1719306046, nanosec=853860139)",120.0,Handcrafted_LabStudy,1,1,"-2.0,16.5,0.5","-0.0,0.0,-0.0,-1.0","-9.75,1.75,0.0","-0.0,0.0,-0.0,-1.0",16.668611526489258,16.66208267211914,18.651958465576172,0,0,0,0,0,0,0,0.007320404052734375,0.0,18.0,0.0,653091647761.8761,0.0946044772863388,
6,navstack-1719303660243,navstack,Hospital,HandCrafted,,,1719306065,213858842,"builtin_interfaces.msg.Time(sec=1719306046, nanosec=853860139)",120.0,Handcrafted_LabStudy,1,1,"-2.0,16.5,0.5","-0.0,0.0,-0.0,-1.0","-9.75,1.75,0.0","-0.0,0.0,-0.0,-1.0",16.668621063232422,16.66208267211914,18.651958465576172,0,0,0,0,0,0,0,0.007320404052734375,0.0,18.0,0.0,652934116632.7987,0.0946044772863388,
6,navstack-1719303660243,navstack,Hospital,HandCrafted,,,1719306065,233859300,"builtin_interfaces.msg.Time(sec=1719306046, nanosec=853860139)",120.0,Handcrafted_LabStudy,1,1,"-2.0,16.5,0.5","-0.0,0.0,-0.0,-1.0","-9.75,1.75,0.0","-0.0,0.0,-0.0,-1.0",16.66862678527832,16.66208267211914,18.651958465576172,0,0,0,0,0,0,0,0.007320404052734375,0.0,18.0,0.0,653573465715.3856,0.1892089545726776,
6,navstack-1719303660243,navstack,Hospital,HandCrafted,,,1719306065,253859519,"builtin_interfaces.msg.Time(sec=1719306046, nanosec=853860139)",120.0,Handcrafted_LabStudy,1,1,"-2.0,16.5,0.5","-0.0,0.0,-0.0,-1.0","-9.75,1.75,0.0","-0.0,0.0,-0.0,-1.0",16.668638229370117,16.66208267211914,18.651958465576172,0,0,0,0,0,0,0,0.007320404052734375,0.0,18.0,0.0,653365326882.9197,0.1892089545726776,
6,navstack-1719303660243,navstack,Hospital,HandCrafted,,,1719306065,273860216,"builtin_interfaces.msg.Time(sec=1719306046, nanosec=853860139)",120.0,Handcrafted_LabStudy,1,1,"-2.0,16.5,0.5","-0.0,0.0,-0.0,-1.0","-9.75,1.75,0.0","-0.0,0.0,-0.0,-1.0",16.668643951416016,16.66208267211914,18.651958465576172,0,0,0,0,0,0,0,0.007320404052734375,0.0,18.0,0.0,653214166310.6636,0.1892089545726776,
6,navstack-1719303660243,navstack,Hospital,HandCrafted,,,1719306065,273860216,"builtin_interfaces.msg.Time(sec=1719306046, nanosec=853860139)",120.0,Handcrafted_LabStudy,1,1,"-2.0,16.5,0.5","-0.0,0.0,-0.0,-1.0","-9.75,1.75,0.0","-0.0,0.0,-0.0,-1.0",16.668643951416016,16.66208267211914,18.651958465576172,0,0,0,0,0,0,0,0.007320404052734375,0.0,18.0,0.0,653214166310.6636,0.0946044772863388,
6,navstack-1719303660243,navstack,Hospital,HandCrafted,,,1719306065,293860673,"builtin_interfaces.msg.Time(sec=1719306046, nanosec=853860139)",120.0,Handcrafted_LabStudy,1,1,"-2.0,16.5,0.5","-0.0,0.0,-0.0,-1.0","-9.75,1.75,0.0","-0.0,0.0,-0.0,-1.0",16.668651580810547,16.66208267211914,18.651958465576172,0,0,0,0,0,0,0,0.007320404052734375,0.0,18.0,0.0,653131654858.714,0.0,
6,navstack-1719303660243,navstack,Hospital,HandCrafted,,,1719306065,313859224,"builtin_interfaces.msg.Time(sec=1719306046, nanosec=853860139)",120.0,Handcrafted_LabStudy,1,1,"-2.0,16.5,0.5","-0.0,0.0,-0.0,-1.0","-9.75,1.75,0.0","-0.0,0.0,-0.0,-1.0",16.66866111755371,16.66208267211914,18.651958465576172,0,0,0,0,0,0,0,0.007320404052734375,0.0,18.0,0.0,653004294686.7423,0.0946044772863388,
6,navstack-1719303660243,navstack,Hospital,HandCrafted,,,1719306065,333859682,"builtin_interfaces.msg.Time(sec=1719306046, nanosec=853860139)",120.0,Handcrafted_LabStudy,1,1,"-2.0,16.5,0.5","-0.0,0.0,-0.0,-1.0","-9.75,1.75,0.0","-0.0,0.0,-0.0,-1.0",16.668668746948242,16.66208267211914,18.651958465576172,0,0,0,0,0,0,0,0.007320404052734375,0.0,18.0,0.0,652855223657.1235,0.1892089545726776,
6,navstack-1719303660243,navstack,Hospital,HandCrafted,,,1719306065,353860139,"builtin_interfaces.msg.Time(sec=1719306046, nanosec=853860139)",120.0,Handcrafted_LabStudy,1,1,"-2.0,16.5,0.5","-0.0,0.0,-0.0,-1.0","-9.75,1.75,0.0","-0.0,0.0,-0.0,-1.0",16.668678283691406,16.66208267211914,18.651958465576172,0,0,0,0,0,0,0,0.007320404052734375,0.0,18.0,0.0,653493094770.528,0.1892089545726776,
6,navstack-1719303660243,navstack,Hospital,HandCrafted,,,1719306065,353860139,"builtin_interfaces.msg.Time(sec=1719306046, nanosec=853860139)",120.0,Handcrafted_LabStudy,1,1,"-2.0,16.5,0.5","-0.0,0.0,-0.0,-1.0","-9.75,1.75,0.0","-0.0,0.0,-0.0,-1.0",16.668678283691406,16.66208267211914,18.651958465576172,0,0,0,0,0,0,0,0.007320404052734375,0.0,18.0,0.0,653493094770.528,0.0946044772863388,
6,navstack-1719303660243,navstack,Hospital,HandCrafted,,,1719306065,373860597,"builtin_interfaces.msg.Time(sec=1719306046, nanosec=853860139)",120.0,Handcrafted_LabStudy,1,1,"-2.0,16.5,0.5","-0.0,0.0,-0.0,-1.0","-9.75,1.75,0.0","-0.0,0.0,-0.0,-1.0",16.668685913085938,16.66208267211914,18.651958465576172,0,0,0,0,0,0,0,0.007320404052734375,0.0,18.0,0.0,653317878975.7146,0.0946044772863388,
6,navstack-1719303660243,navstack,Hospital,HandCrafted,,,1719306065,393859148,"builtin_interfaces.msg.Time(sec=1719306046, nanosec=853860139)",120.0,Handcrafted_LabStudy,1,1,"-2.0,16.5,0.5","-0.0,0.0,-0.0,-1.0","-9.75,1.75,0.0","-0.0,0.0,-0.0,-1.0",16.6686954498291,16.66208267211914,18.651958465576172,0,0,0,0,0,0,0,0.007320404052734375,0.0,18.0,0.0,653036351328.6671,0.1892089545726776,
6,navstack-1719303660243,navstack,Hospital,HandCrafted,,,1719306065,433860063,"builtin_interfaces.msg.Time(sec=1719306046, nanosec=853860139)",120.0,Handcrafted_LabStudy,1,1,"-2.0,16.5,0.5","-0.0,0.0,-0.0,-1.0","-9.75,1.75,0.0","-0.0,0.0,-0.0,-1.0",16.66870880126953,16.66208267211914,18.651958465576172,0,0,0,0,0,0,0,0.007320404052734375,0.0,18.0,0.0,653671113610.3428,0.1892089545726776,
6,navstack-1719303660243,navstack,Hospital,HandCrafted,,,1719306065,453860521,"builtin_interfaces.msg.Time(sec=1719306046, nanosec=853860139)",120.0,Handcrafted_LabStudy,1,1,"-2.0,16.5,0.5","-0.0,0.0,-0.0,-1.0","-9.75,1.75,0.0","-0.0,0.0,-0.0,-1.0",16.668718338012695,16.66208267211914,18.651958465576172,0,0,0,0,0,0,0,0.007320404052734375,0.0,18.0,0.0,653304730146.4354,0.1892089545726776,
6,navstack-1719303660243,navstack,Hospital,HandCrafted,,,1719306065,473859071,"builtin_interfaces.msg.Time(sec=1719306046, nanosec=853860139)",120.0,Handcrafted_LabStudy,1,1,"-2.0,16.5,0.5","-0.0,0.0,-0.0,-1.0","-9.75,1.75,0.0","-0.0,0.0,-0.0,-1.0",16.668725967407227,16.66208267211914,18.651958465576172,0,0,0,0,0,0,0,0.007320404052734375,0.0,18.0,0.0,652922598666.0658,0.1892089545726776,
6,navstack-1719303660243,navstack,Hospital,HandCrafted,,,1719306065,493859291,"builtin_interfaces.msg.Time(sec=1719306046, nanosec=853860139)",120.0,Handcrafted_LabStudy,1,1,"-2.0,16.5,0.5","-0.0,0.0,-0.0,-1.0","-9.75,1.75,0.0","-0.0,0.0,-0.0,-1.0",16.66873550415039,16.66208267211914,18.651958465576172,0,0,0,0,0,0,0,0.007320404052734375,0.0,18.0,0.0,653563476682.2898,0.1892089545726776,
6,navstack-1719303660243,navstack,Hospital,HandCrafted,,,1719306065,513859748,"builtin_interfaces.msg.Time(sec=1719306046, nanosec=853860139)",120.0,Handcrafted_LabStudy,1,1,"-2.0,16.5,0.5","-0.0,0.0,-0.0,-1.0","-9.75,1.75,0.0","-0.0,0.0,-0.0,-1.0",16.668743133544922,16.66208267211914,18.651958465576172,0,0,0,0,0,0,0,0.007320404052734375,0.0,18.0,0.0,653227213211.0337,0.1892089545726776,
6,navstack-1719303660243,navstack,Hospital,HandCrafted,,,1719306065,533860445,"builtin_interfaces.msg.Time(sec=1719306046, nanosec=853860139)",120.0,Handcrafted_LabStudy,1,1,"-2.0,16.5,0.5","-0.0,0.0,-0.0,-1.0","-9.75,1.75,0.0","-0.0,0.0,-0.0,-1.0",16.66874885559082,16.66208267211914,18.651958465576172,0,0,0,0,0,0,0,0.007320404052734375,0.0,18.0,0.0,652957815104.174,0.0946044772863388,
6,navstack-1719303660243,navstack,Hospital,HandCrafted,,,1719306065,553858995,"builtin_interfaces.msg.Time(sec=1719306046, nanosec=853860139)",120.0,Handcrafted_LabStudy,1,1,"-2.0,16.5,0.5","-0.0,0.0,-0.0,-1.0","-9.75,1.75,0.0","-0.0,0.0,-0.0,-1.0",16.668758392333984,16.66208267211914,18.651958465576172,0,0,0,0,0,0,0,0.007320404052734375,0.0,18.0,0.0,652613601178.0048,0.0946044772863388,
6,navstack-1719303660243,navstack,Hospital,HandCrafted,,,1719306065,573859453,"builtin_interfaces.msg.Time(sec=1719306046, nanosec=853860139)",120.0,Handcrafted_LabStudy,1,1,"-2.0,16.5,0.5","-0.0,0.0,-0.0,-1.0","-9.75,1.75,0.0","-0.0,0.0,-0.0,-1.0",16.668766021728516,16.66208267211914,18.651958465576172,0,0,0,0,0,0,0,0.007320404052734375,0.0,18.0,0.0,653522908976.4517,0.1892089545726776,
6,navstack-1719303660243,navstack,Hospital,HandCrafted,,,1719306065,593859910,"builtin_interfaces.msg.Time(sec=1719306046, nanosec=853860139)",120.0,Handcrafted_LabStudy,1,1,"-2.0,16.5,0.5","-0.0,0.0,-0.0,-1.0","-9.75,1.75,0.0","-0.0,0.0,-0.0,-1.0",16.66877555847168,16.66208267211914,18.651958465576172,0,0,0,0,0,0,0,0.007320404052734375,0.0,18.0,0.0,653226550673.1243,0.1892089545726776,
6,navstack-1719303660243,navstack,Hospital,HandCrafted,,,1719306065,613860368,"builtin_interfaces.msg.Time(sec=1719306046, nanosec=853860139)",120.0,Handcrafted_LabStudy,1,1,"-2.0,16.5,0.5","-0.0,0.0,-0.0,-1.0","-9.75,1.75,0.0","-0.0,0.0,-0.0,-1.0",16.66878318786621,16.66208267211914,18.651958465576172,0,0,0,0,0,0,0,0.007320404052734375,0.0,18.0,0.0,652798551183.6411,0.1892089545726776,
6,navstack-1719303660243,navstack,Hospital,HandCrafted,,,1719306065,633858919,"builtin_interfaces.msg.Time(sec=1719306046, nanosec=853860139)",120.0,Handcrafted_LabStudy,1,1,"-2.0,16.5,0.5","-0.0,0.0,-0.0,-1.0","-9.75,1.75,0.0","-0.0,0.0,-0.0,-1.0",16.668792724609375,16.66208267211914,18.651958465576172,0,0,0,0,0,0,0,0.007320404052734375,0.0,18.0,0.0,653441875493.6846,0.1892089545726776,
6,navstack-1719303660243,navstack,Hospital,HandCrafted,,,1719306065,653859376,"builtin_interfaces.msg.Time(sec=1719306046, nanosec=853860139)",120.0,Handcrafted_LabStudy,1,1,"-2.0,16.5,0.5","-0.0,0.0,-0.0,-1.0","-9.75,1.75,0.0","-0.0,0.0,-0.0,-1.0",16.668800354003906,16.66208267211914,18.651958465576172,0,0,0,0,0,0,0,0.007320404052734375,0.0,18.0,0.0,653100872328.1533,0.1892089545726776,
6,navstack-1719303660243,navstack,Hospital,HandCrafted,,,1719306065,673859834,"builtin_interfaces.msg.Time(sec=1719306046, nanosec=853860139)",120.0,Handcrafted_LabStudy,1,1,"-2.0,16.5,0.5","-0.0,0.0,-0.0,-1.0","-9.75,1.75,0.0","-0.0,0.0,-0.0,-1.0",16.668806076049805,16.66208267211914,18.651958465576172,0,0,0,0,0,0,0,0.007320404052734375,0.0,18.0,0.0,653744451460.4697,0.0946044772863388,
6,navstack-1719303660243,navstack,Hospital,HandCrafted,,,1719306065,693860292,"builtin_interfaces.msg.Time(sec=1719306046, nanosec=853860139)",120.0,Handcrafted_LabStudy,1,1,"-2.0,16.5,0.5","-0.0,0.0,-0.0,-1.0","-9.75,1.75,0.0","-0.0,0.0,-0.0,-1.0",16.6688175201416,16.66208267211914,18.651958465576172,0,0,0,0,0,0,0,0.007320404052734375,0.0,18.0,0.0,653741597451.0137,0.0946044772863388,
6,navstack-1719303660243,navstack,Hospital,HandCrafted,,,1719306065,713858842,"builtin_interfaces.msg.Time(sec=1719306046, nanosec=853860139)",120.0,Handcrafted_LabStudy,1,1,"-2.0,16.5,0.5","-0.0,0.0,-0.0,-1.0","-9.75,1.75,0.0","-0.0,0.0,-0.0,-1.0",16.6688232421875,16.66208267211914,18.651958465576172,0,0,0,0,0,0,0,0.007320404052734375,0.0,18.0,0.0,653483666346.4324,0.1892089545726776,
6,navstack-1719303660243,navstack,Hospital,HandCrafted,,,1719306065,713858842,"builtin_interfaces.msg.Time(sec=1719306046, nanosec=853860139)",120.0,Handcrafted_LabStudy,1,1,"-2.0,16.5,0.5","-0.0,0.0,-0.0,-1.0","-9.75,1.75,0.0","-0.0,0.0,-0.0,-1.0",16.6688232421875,16.66208267211914,18.651958465576172,0,0,0,0,0,0,0,0.007320404052734375,0.0,18.0,0.0,653483666346.4324,0.0946044772863388,
6,navstack-1719303660243,navstack,Hospital,HandCrafted,,,1719306065,733859300,"builtin_interfaces.msg.Time(sec=1719306046, nanosec=853860139)",120.0,Handcrafted_LabStudy,1,1,"-2.0,16.5,0.5","-0.0,0.0,-0.0,-1.0","-9.75,1.75,0.0","-0.0,0.0,-0.0,-1.0",16.668832778930664,16.66208267211914,18.651958465576172,0,0,0,0,0,0,0,0.007320404052734375,0.0,18.0,0.0,653240922649.3131,0.0946044772863388,
6,navstack-1719303660243,navstack,Hospital,HandCrafted,,,1719306065,753859519,"builtin_interfaces.msg.Time(sec=1719306046, nanosec=853860139)",120.0,Handcrafted_LabStudy,1,1,"-2.0,16.5,0.5","-0.0,0.0,-0.0,-1.0","-9.75,1.75,0.0","-0.0,0.0,-0.0,-1.0",16.668840408325195,16.66208267211914,18.651958465576172,0,0,0,0,0,0,0,0.007320404052734375,0.0,18.0,0.0,653883992137.0837,0.1892089545726776,
6,navstack-1719303660243,navstack,Hospital,HandCrafted,,,1719306065,773860216,"builtin_interfaces.msg.Time(sec=1719306046, nanosec=853860139)",120.0,Handcrafted_LabStudy,1,1,"-2.0,16.5,0.5","-0.0,0.0,-0.0,-1.0","-9.75,1.75,0.0","-0.0,0.0,-0.0,-1.0",16.668848037719727,16.66208267211914,18.651958465576172,0,0,0,0,0,0,0,0.007320404052734375,0.0,18.0,0.0,653880679447.5366,0.0946044772863388,
6,navstack-1719303660243,navstack,Hospital,HandCrafted,,,1719306065,793858528,"builtin_interfaces.msg.Time(sec=1719306046, nanosec=853860139)",120.0,Handcrafted_LabStudy,1,1,"-2.0,16.5,0.5","-0.0,0.0,-0.0,-1.0","-9.75,1.75,0.0","-0.0,0.0,-0.0,-1.0",16.66885757446289,16.66208267211914,18.651958465576172,0,0,0,0,0,0,0,0.007320404052734375,0.0,18.0,0.0,653626570677.0481,0.0946044772863388,
6,navstack-1719303660243,navstack,Hospital,HandCrafted,,,1719306065,793858528,"builtin_interfaces.msg.Time(sec=1719306046, nanosec=853860139)",120.0,Handcrafted_LabStudy,1,1,"-2.0,16.5,0.5","-0.0,0.0,-0.0,-1.0","-9.75,1.75,0.0","-0.0,0.0,-0.0,-1.0",16.66885757446289,16.66208267211914,18.651958465576172,0,0,0,0,0,0,0,0.007320404052734375,0.0,18.0,0.0,653626570677.0481,0.0946044772863388,
6,navstack-1719303660243,navstack,Hospital,HandCrafted,,,1719306065,813859224,"builtin_interfaces.msg.Time(sec=1719306046, nanosec=853860139)",120.0,Handcrafted_LabStudy,1,1,"-2.0,16.5,0.5","-0.0,0.0,-0.0,-1.0","-9.75,1.75,0.0","-0.0,0.0,-0.0,-1.0",16.66886329650879,16.66208267211914,18.651958465576172,0,0,0,0,0,0,0,0.007320404052734375,0.0,18.0,0.0,653380922006.0183,0.0946044772863388,
6,navstack-1719303660243,navstack,Hospital,HandCrafted,,,1719306065,833859682,"builtin_interfaces.msg.Time(sec=1719306046, nanosec=853860139)",120.0,Handcrafted_LabStudy,1,1,"-2.0,16.5,0.5","-0.0,0.0,-0.0,-1.0","-9.75,1.75,0.0","-0.0,0.0,-0.0,-1.0",16.668874740600586,16.66208267211914,18.651958465576172,0,0,0,0,0,0,0,0.007320404052734375,0.0,18.0,0.0,653205451388.932,0.1892089545726776,
6,navstack-1719303660243,navstack,Hospital,HandCrafted,,,1719306065,853860139,"builtin_interfaces.msg.Time(sec=1719306046, nanosec=853860139)",120.0,Handcrafted_LabStudy,1,1,"-2.0,16.5,0.5","-0.0,0.0,-0.0,-1.0","-9.75,1.75,0.0","-0.0,0.0,-0.0,-1.0",16.668880462646484,16.66208267211914,18.651958465576172,0,0,0,0,0,0,0,0.007320404052734375,0.0,18.0,0.0,653846125547.3378,0.1892089545726776,
6,navstack-1719303660243,navstack,Hospital,HandCrafted,,,1719306065,853860139,"builtin_interfaces.msg.Time(sec=1719306046, nanosec=853860139)",120.0,Handcrafted_LabStudy,1,1,"-2.0,16.5,0.5","-0.0,0.0,-0.0,-1.0","-9.75,1.75,0.0","-0.0,0.0,-0.0,-1.0",16.668880462646484,16.66208267211914,18.651958465576172,0,0,0,0,0,0,0,0.007320404052734375,0.0,18.0,0.0,653846125547.3378,0.0946044772863388,
6,navstack-1719303660243,navstack,Hospital,HandCrafted,,,1719306065,873860597,"builtin_interfaces.msg.Time(sec=1719306046, nanosec=853860139)",120.0,Handcrafted_LabStudy,1,1,"-2.0,16.5,0.5","-0.0,0.0,-0.0,-1.0","-9.75,1.75,0.0","-0.0,0.0,-0.0,-1.0",16.66889190673828,16.66208267211914,18.651958465576172,0,0,0,0,0,0,0,0.007320404052734375,0.0,18.0,0.0,653610262051.5856,0.0946044772863388,
6,navstack-1719303660243,navstack,Hospital,HandCrafted,,,1719306065,873860597,"builtin_interfaces.msg.Time(sec=1719306046, nanosec=853860139)",120.0,Handcrafted_LabStudy,1,1,"-2.0,16.5,0.5","-0.0,0.0,-0.0,-1.0","-9.75,1.75,0.0","-0.0,0.0,-0.0,-1.0",16.66889190673828,16.66208267211914,18.651958465576172,0,0,0,0,0,0,0,0.007320404052734375,0.0,18.0,0.0,653610262051.5856,0.0946044772863388,
6,navstack-1719303660243,navstack,Hospital,HandCrafted,,,1719306065,893859148,"builtin_interfaces.msg.Time(sec=1719306046, nanosec=853860139)",120.0,Handcrafted_LabStudy,1,1,"-2.0,16.5,0.5","-0.0,0.0,-0.0,-1.0","-9.75,1.75,0.0","-0.0,0.0,-0.0,-1.0",16.66889762878418,16.66208267211914,18.651958465576172,0,0,0,0,0,0,0,0.007320404052734375,0.0,18.0,0.0,653444627574.2314,0.0946044772863388,
6,navstack-1719303660243,navstack,Hospital,HandCrafted,,,1719306065,893859148,"builtin_interfaces.msg.Time(sec=1719306046, nanosec=853860139)",120.0,Handcrafted_LabStudy,1,1,"-2.0,16.5,0.5","-0.0,0.0,-0.0,-1.0","-9.75,1.75,0.0","-0.0,0.0,-0.0,-1.0",16.66889762878418,16.66208267211914,18.651958465576172,0,0,0,0,0,0,0,0.007320404052734375,0.0,18.0,0.0,653444627574.2314,0.0946044772863388,
6,navstack-1719303660243,navstack,Hospital,HandCrafted,,,1719306065,893859148,"builtin_interfaces.msg.Time(sec=1719306046, nanosec=853860139)",120.0,Handcrafted_LabStudy,1,1,"-2.0,16.5,0.5","-0.0,0.0,-0.0,-1.0","-9.75,1.75,0.0","-0.0,0.0,-0.0,-1.0",16.66889762878418,16.66208267211914,18.651958465576172,0,0,0,0,0,0,0,0.007320404052734375,0.0,18.0,0.0,653444627574.2314,0.0,
6,navstack-1719303660243,navstack,Hospital,HandCrafted,,,1719306065,913859605,"builtin_interfaces.msg.Time(sec=1719306046, nanosec=853860139)",120.0,Handcrafted_LabStudy,1,1,"-2.0,16.5,0.5","-0.0,0.0,-0.0,-1.0","-9.75,1.75,0.0","-0.0,0.0,-0.0,-1.0",16.66890525817871,16.66208267211914,18.651958465576172,0,0,0,0,0,0,0,0.007320404052734375,0.0,18.0,0.0,653424241792.4032,0.0,
6,navstack-1719303660243,navstack,Hospital,HandCrafted,,,1719306065,913859605,"builtin_interfaces.msg.Time(sec=1719306046, nanosec=853860139)",120.0,Handcrafted_LabStudy,1,1,"-2.0,16.5,0.5","-0.0,0.0,-0.0,-1.0","-9.75,1.75,0.0","-0.0,0.0,-0.0,-1.0",16.66890525817871,16.66208267211914,18.651958465576172,0,0,0,0,0,0,0,0.007320404052734375,0.0,18.0,0.0,653424241792.4032,0.0,
6,navstack-1719303660243,navstack,Hospital,HandCrafted,,,1719306065,933860063,"builtin_interfaces.msg.Time(sec=1719306046, nanosec=853860139)",120.0,Handcrafted_LabStudy,1,1,"-2.0,16.5,0.5","-0.0,0.0,-0.0,-1.0","-9.75,1.75,0.0","-0.0,0.0,-0.0,-1.0",16.668914794921875,16.66208267211914,18.651958465576172,0,0,0,0,0,0,0,0.007320404052734375,0.0,18.0,0.0,654064814021.8999,0.0946044772863388,
6,navstack-1719303660243,navstack,Hospital,HandCrafted,,,1719306065,933860063,"builtin_interfaces.msg.Time(sec=1719306046, nanosec=853860139)",120.0,Handcrafted_LabStudy,1,1,"-2.0,16.5,0.5","-0.0,0.0,-0.0,-1.0","-9.75,1.75,0.0","-0.0,0.0,-0.0,-1.0",16.668914794921875,16.66208267211914,18.651958465576172,0,0,0,0,0,0,0,0.007320404052734375,0.0,18.0,0.0,654064814021.8999,0.0946044772863388,
6,navstack-1719303660243,navstack,Hospital,HandCrafted,,,1719306065,953860521,"builtin_interfaces.msg.Time(sec=1719306046, nanosec=853860139)",120.0,Handcrafted_LabStudy,1,1,"-2.0,16.5,0.5","-0.0,0.0,-0.0,-1.0","-9.75,1.75,0.0","-0.0,0.0,-0.0,-1.0",16.668920516967773,16.66208267211914,18.651958465576172,0,0,0,0,0,0,0,0.007320404052734375,0.0,18.0,0.0,654037395145.341,0.0946044772863388,
6,navstack-1719303660243,navstack,Hospital,HandCrafted,,,1719306065,953860521,"builtin_interfaces.msg.Time(sec=1719306046, nanosec=853860139)",120.0,Handcrafted_LabStudy,1,1,"-2.0,16.5,0.5","-0.0,0.0,-0.0,-1.0","-9.75,1.75,0.0","-0.0,0.0,-0.0,-1.0",16.668920516967773,16.66208267211914,18.651958465576172,0,0,0,0,0,0,0,0.007320404052734375,0.0,18.0,0.0,654037395145.341,0.0946044772863388,
6,navstack-1719303660243,navstack,Hospital,HandCrafted,,,1719306065,973859071,"builtin_interfaces.msg.Time(sec=1719306046, nanosec=853860139)",120.0,Handcrafted_LabStudy,1,1,"-2.0,16.5,0.5","-0.0,0.0,-0.0,-1.0","-9.75,1.75,0.0","-0.0,0.0,-0.0,-1.0",16.66893196105957,16.66208267211914,18.651958465576172,0,0,0,0,0,0,0,0.007320404052734375,0.0,18.0,0.0,654008396370.6903,0.0946044772863388,
6,navstack-1719303660243,navstack,Hospital,HandCrafted,,,1719306065,973859071,"builtin_interfaces.msg.Time(sec=1719306046, nanosec=853860139)",120.0,Handcrafted_LabStudy,1,1,"-2.0,16.5,0.5","-0.0,0.0,-0.0,-1.0","-9.75,1.75,0.0","-0.0,0.0,-0.0,-1.0",16.66893196105957,16.66208267211914,18.651958465576172,0,0,0,0,0,0,0,0.007320404052734375,0.0,18.0,0.0,654008396370.6903,0.0946044772863388,
6,navstack-1719303660243,navstack,Hospital,HandCrafted,,,1719306065,993859291,"builtin_interfaces.msg.Time(sec=1719306046, nanosec=853860139)",120.0,Handcrafted_LabStudy,1,1,"-2.0,16.5,0.5","-0.0,0.0,-0.0,-1.0","-9.75,1.75,0.0","-0.0,0.0,-0.0,-1.0",16.66893768310547,16.66208267211914,18.651958465576172,0,0,0,0,0,0,0,0.007320404052734375,0.0,18.0,0.0,653977664804.5842,0.0946044772863388,
6,navstack-1719303660243,navstack,Hospital,HandCrafted,,,1719306066,13859748,"builtin_interfaces.msg.Time(sec=1719306046, nanosec=853860139)",120.0,Handcrafted_LabStudy,1,1,"-2.0,16.5,0.5","-0.0,0.0,-0.0,-1.0","-9.75,1.75,0.0","-0.0,0.0,-0.0,-1.0",16.6689453125,16.66208267211914,18.651958465576172,0,0,0,0,0,0,0,0.007320404052734375,0.0,18.0,0.0,653938422174.565,0.0946044772863388,
6,navstack-1719303660243,navstack,Hospital,HandCrafted,,,1719306066,13859748,"builtin_interfaces.msg.Time(sec=1719306046, nanosec=853860139)",120.0,Handcrafted_LabStudy,1,1,"-2.0,16.5,0.5","-0.0,0.0,-0.0,-1.0","-9.75,1.75,0.0","-0.0,0.0,-0.0,-1.0",16.6689453125,16.66208267211914,18.651958465576172,0,0,0,0,0,0,0,0.007320404052734375,0.0,18.0,0.0,653938422174.565,0.0,
6,navstack-1719303660243,navstack,Hospital,HandCrafted,,,1719306066,33860445,"builtin_interfaces.msg.Time(sec=1719306046, nanosec=853860139)",120.0,Handcrafted_LabStudy,1,1,"-2.0,16.5,0.5","-0.0,0.0,-0.0,-1.0","-9.75,1.75,0.0","-0.0,0.0,-0.0,-1.0",16.668954849243164,16.66208267211914,18.651958465576172,0,0,0,0,0,0,0,0.007320404052734375,0.0,18.0,0.0,653893726347.9066,0.0946044772863388,
6,navstack-1719303660243,navstack,Hospital,HandCrafted,,,1719306066,53858995,"builtin_interfaces.msg.Time(sec=1719306046, nanosec=853860139)",120.0,Handcrafted_LabStudy,1,1,"-2.0,16.5,0.5","-0.0,0.0,-0.0,-1.0","-9.75,1.75,0.0","-0.0,0.0,-0.0,-1.0",16.668962478637695,16.66208267211914,18.651958465576172,0,0,0,0,0,0,0,0.007320404052734375,0.0,18.0,0.0,653857133869.525,0.1892089545726776,
6,navstack-1719303660243,navstack,Hospital,HandCrafted,,,1719306066,73859453,"builtin_interfaces.msg.Time(sec=1719306046, nanosec=853860139)",120.0,Handcrafted_LabStudy,1,1,"-2.0,16.5,0.5","-0.0,0.0,-0.0,-1.0","-9.75,1.75,0.0","-0.0,0.0,-0.0,-1.0",16.66897201538086,16.66208267211914,18.651958465576172,0,0,0,0,0,0,0,0.007320404052734375,0.0,18.0,0.0,653819063421.9609,0.1892089545726776,
6,navstack-1719303660243,navstack,Hospital,HandCrafted,,,1719306066,73859453,"builtin_interfaces.msg.Time(sec=1719306046, nanosec=853860139)",120.0,Handcrafted_LabStudy,1,1,"-2.0,16.5,0.5","-0.0,0.0,-0.0,-1.0","-9.75,1.75,0.0","-0.0,0.0,-0.0,-1.0",16.66897201538086,16.66208267211914,18.651958465576172,0,0,0,0,0,0,0,0.007320404052734375,0.0,18.0,0.0,653819063421.9609,0.0946044772863388,
6,navstack-1719303660243,navstack,Hospital,HandCrafted,,,1719306066,93859910,"builtin_interfaces.msg.Time(sec=1719306046, nanosec=853860139)",120.0,Handcrafted_LabStudy,1,1,"-2.0,16.5,0.5","-0.0,0.0,-0.0,-1.0","-9.75,1.75,0.0","-0.0,0.0,-0.0,-1.0",16.66897964477539,16.66208267211914,18.49612045288086,0,0,0,0,0,0,0,0.007781982421875,0.0,19.0,0.0,653954374048.8456,0.0946044772863388,
6,navstack-1719303660243,navstack,Hospital,HandCrafted,,,1719306066,113860368,"builtin_interfaces.msg.Time(sec=1719306046, nanosec=853860139)",120.0,Handcrafted_LabStudy,1,1,"-2.0,16.5,0.5","-0.0,0.0,-0.0,-1.0","-9.75,1.75,0.0","-0.0,0.0,-0.0,-1.0",16.66898536682129,16.66208267211914,18.49612045288086,0,0,0,0,0,0,0,0.007781982421875,0.0,19.0,0.0,654139833699.0276,0.0946044772863388,
6,navstack-1719303660243,navstack,Hospital,HandCrafted,,,1719306066,133858919,"builtin_interfaces.msg.Time(sec=1719306046, nanosec=853860139)",120.0,Handcrafted_LabStudy,1,1,"-2.0,16.5,0.5","-0.0,0.0,-0.0,-1.0","-9.75,1.75,0.0","-0.0,0.0,-0.0,-1.0",16.668994903564453,16.66208267211914,18.49612045288086,0,0,0,0,0,0,0,0.007781982421875,0.0,19.0,0.0,654318413147.8427,0.0946044772863388,
6,navstack-1719303660243,navstack,Hospital,HandCrafted,,,1719306066,153859376,"builtin_interfaces.msg.Time(sec=1719306046, nanosec=853860139)",120.0,Handcrafted_LabStudy,1,1,"-2.0,16.5,0.5","-0.0,0.0,-0.0,-1.0","-9.75,1.75,0.0","-0.0,0.0,-0.0,-1.0",16.669002532958984,16.66208267211914,18.49612045288086,0,0,0,0,0,0,0,0.007781982421875,0.0,19.0,0.0,654572267096.0583,0.1892089545726776,
6,navstack-1719303660243,navstack,Hospital,HandCrafted,,,1719306066,173859834,"builtin_interfaces.msg.Time(sec=1719306046, nanosec=853860139)",120.0,Handcrafted_LabStudy,1,1,"-2.0,16.5,0.5","-0.0,0.0,-0.0,-1.0","-9.75,1.75,0.0","-0.0,0.0,-0.0,-1.0",16.66901206970215,16.66208267211914,18.49612045288086,0,0,0,0,0,0,0,0.007781982421875,0.0,19.0,0.0,654796816482.896,0.1892089545726776,
6,navstack-1719303660243,navstack,Hospital,HandCrafted,,,1719306066,193860292,"builtin_interfaces.msg.Time(sec=1719306046, nanosec=853860139)",120.0,Handcrafted_LabStudy,1,1,"-2.0,16.5,0.5","-0.0,0.0,-0.0,-1.0","-9.75,1.75,0.0","-0.0,0.0,-0.0,-1.0",16.66901969909668,16.66208267211914,18.49612045288086,0,0,0,0,0,0,0,0.007781982421875,0.0,19.0,0.0,655019887900.551,0.1892089545726776,
6,navstack-1719303660243,navstack,Hospital,HandCrafted,,,1719306066,213858842,"builtin_interfaces.msg.Time(sec=1719306046, nanosec=853860139)",120.0,Handcrafted_LabStudy,1,1,"-2.0,16.5,0.5","-0.0,0.0,-0.0,-1.0","-9.75,1.75,0.0","-0.0,0.0,-0.0,-1.0",16.669029235839844,16.66208267211914,18.49612045288086,0,0,0,0,0,0,0,0.007781982421875,0.0,19.0,0.0,654363261867.8647,0.1892089545726776,
6,navstack-1719303660243,navstack,Hospital,HandCrafted,,,1719306066,233859300,"builtin_interfaces.msg.Time(sec=1719306046, nanosec=853860139)",120.0,Handcrafted_LabStudy,1,1,"-2.0,16.5,0.5","-0.0,0.0,-0.0,-1.0","-9.75,1.75,0.0","-0.0,0.0,-0.0,-1.0",16.669036865234375,16.66208267211914,18.49612045288086,0,0,0,0,0,0,0,0.007781982421875,0.0,19.0,0.0,654620479470.082,0.1892089545726776,
6,navstack-1719303660243,navstack,Hospital,HandCrafted,,,1719306066,253859519,"builtin_interfaces.msg.Time(sec=1719306046, nanosec=853860139)",120.0,Handcrafted_LabStudy,1,1,"-2.0,16.5,0.5","-0.0,0.0,-0.0,-1.0","-9.75,1.75,0.0","-0.0,0.0,-0.0,-1.0",16.669042587280273,16.66208267211914,18.49612045288086,0,0,0,0,0,0,0,0.007781982421875,0.0,19.0,0.0,654799925314.6248,0.0946044772863388,
6,navstack-1719303660243,navstack,Hospital,HandCrafted,,,1719306066,253859519,"builtin_interfaces.msg.Time(sec=1719306046, nanosec=853860139)",120.0,Handcrafted_LabStudy,1,1,"-2.0,16.5,0.5","-0.0,0.0,-0.0,-1.0","-9.75,1.75,0.0","-0.0,0.0,-0.0,-1.0",16.669042587280273,16.66208267211914,18.49612045288086,0,0,0,0,0,0,0,0.007781982421875,0.0,19.0,0.0,654799925314.6248,0.0,
6,navstack-1719303660243,navstack,Hospital,HandCrafted,,,1719306066,273860216,"builtin_interfaces.msg.Time(sec=1719306046, nanosec=853860139)",120.0,Handcrafted_LabStudy,1,1,"-2.0,16.5,0.5","-0.0,0.0,-0.0,-1.0","-9.75,1.75,0.0","-0.0,0.0,-0.0,-1.0",16.66905403137207,16.66208267211914,18.49612045288086,0,0,0,0,0,0,0,0.007781982421875,0.0,19.0,0.0,654933452185.5995,0.0946044772863388,
6,navstack-1719303660243,navstack,Hospital,HandCrafted,,,1719306066,293858528,"builtin_interfaces.msg.Time(sec=1719306046, nanosec=853860139)",120.0,Handcrafted_LabStudy,1,1,"-2.0,16.5,0.5","-0.0,0.0,-0.0,-1.0","-9.75,1.75,0.0","-0.0,0.0,-0.0,-1.0",16.66905975341797,16.66208267211914,18.49612045288086,0,0,0,0,0,0,0,0.007781982421875,0.0,19.0,0.0,654281209096.0062,0.1892089545726776,
6,navstack-1719303660243,navstack,Hospital,HandCrafted,,,1719306066,313859224,"builtin_interfaces.msg.Time(sec=1719306046, nanosec=853860139)",120.0,Handcrafted_LabStudy,1,1,"-2.0,16.5,0.5","-0.0,0.0,-0.0,-1.0","-9.75,1.75,0.0","-0.0,0.0,-0.0,-1.0",16.669069290161133,16.66208267211914,18.49612045288086,0,0,0,0,0,0,0,0.007781982421875,0.0,19.0,0.0,654278355086.5503,0.1892089545726776,
6,navstack-1719303660243,navstack,Hospital,HandCrafted,,,1719306066,333859682,"builtin_interfaces.msg.Time(sec=1719306046, nanosec=853860139)",120.0,Handcrafted_LabStudy,1,1,"-2.0,16.5,0.5","-0.0,0.0,-0.0,-1.0","-9.75,1.75,0.0","-0.0,0.0,-0.0,-1.0",16.669076919555664,16.66208267211914,18.49612045288086,0,0,0,0,0,0,0,0.007781982421875,0.0,19.0,0.0,654497094525.5669,0.1892089545726776,
6,navstack-1719303660243,navstack,Hospital,HandCrafted,,,1719306066,373860597,"builtin_interfaces.msg.Time(sec=1719306046, nanosec=853860139)",120.0,Handcrafted_LabStudy,1,1,"-2.0,16.5,0.5","-0.0,0.0,-0.0,-1.0","-9.75,1.75,0.0","-0.0,0.0,-0.0,-1.0",16.66909408569336,16.66208267211914,18.49612045288086,0,0,0,0,0,0,0,0.007781982421875,0.0,19.0,0.0,654755535274.6938,0.1892089545726776,
6,navstack-1719303660243,navstack,Hospital,HandCrafted,,,1719306066,373860597,"builtin_interfaces.msg.Time(sec=1719306046, nanosec=853860139)",120.0,Handcrafted_LabStudy,1,1,"-2.0,16.5,0.5","-0.0,0.0,-0.0,-1.0","-9.75,1.75,0.0","-0.0,0.0,-0.0,-1.0",16.66909408569336,16.66208267211914,18.49612045288086,0,0,0,0,0,0,0,0.007781982421875,0.0,19.0,0.0,654755535274.6938,0.0946044772863388,
6,navstack-1719303660243,navstack,Hospital,HandCrafted,,,1719306066,393859148,"builtin_interfaces.msg.Time(sec=1719306046, nanosec=853860139)",120.0,Handcrafted_LabStudy,1,1,"-2.0,16.5,0.5","-0.0,0.0,-0.0,-1.0","-9.75,1.75,0.0","-0.0,0.0,-0.0,-1.0",16.669099807739258,16.66208267211914,18.49612045288086,0,0,0,0,0,0,0,0.007781982421875,0.0,19.0,0.0,654917092595.6824,0.0946044772863388,
6,navstack-1719303660243,navstack,Hospital,HandCrafted,,,1719306066,413859605,"builtin_interfaces.msg.Time(sec=1719306046, nanosec=853860139)",120.0,Handcrafted_LabStudy,1,1,"-2.0,16.5,0.5","-0.0,0.0,-0.0,-1.0","-9.75,1.75,0.0","-0.0,0.0,-0.0,-1.0",16.669111251831055,16.66208267211914,18.49612045288086,0,0,0,0,0,0,0,0.007781982421875,0.0,19.0,0.0,655056276521.1144,0.1892089545726776,
6,navstack-1719303660243,navstack,Hospital,HandCrafted,,,1719306066,433860063,"builtin_interfaces.msg.Time(sec=1719306046, nanosec=853860139)",120.0,Handcrafted_LabStudy,1,1,"-2.0,16.5,0.5","-0.0,0.0,-0.0,-1.0","-9.75,1.75,0.0","-0.0,0.0,-0.0,-1.0",16.669116973876953,16.66208267211914,18.49612045288086,0,0,0,0,0,0,0,0.007781982421875,0.0,19.0,0.0,654406938405.4316,0.1892089545726776,
6,navstack-1719303660243,navstack,Hospital,HandCrafted,,,1719306066,433860063,"builtin_interfaces.msg.Time(sec=1719306046, nanosec=853860139)",120.0,Handcrafted_LabStudy,1,1,"-2.0,16.5,0.5","-0.0,0.0,-0.0,-1.0","-9.75,1.75,0.0","-0.0,0.0,-0.0,-1.0",16.669116973876953,16.66208267211914,18.49612045288086,0,0,0,0,0,0,0,0.007781982421875,0.0,19.0,0.0,654406938405.4316,0.0946044772863388,
6,navstack-1719303660243,navstack,Hospital,HandCrafted,,,1719306066,453860521,"builtin_interfaces.msg.Time(sec=1719306046, nanosec=853860139)",120.0,Handcrafted_LabStudy,1,1,"-2.0,16.5,0.5","-0.0,0.0,-0.0,-1.0","-9.75,1.75,0.0","-0.0,0.0,-0.0,-1.0",16.669126510620117,16.66208267211914,18.49612045288086,0,0,0,0,0,0,0,0.007781982421875,0.0,19.0,0.0,654478186712.9211,0.0946044772863388,
6,navstack-1719303660243,navstack,Hospital,HandCrafted,,,1719306066,473859071,"builtin_interfaces.msg.Time(sec=1719306046, nanosec=853860139)",120.0,Handcrafted_LabStudy,1,1,"-2.0,16.5,0.5","-0.0,0.0,-0.0,-1.0","-9.75,1.75,0.0","-0.0,0.0,-0.0,-1.0",16.66913414001465,16.66208267211914,18.49612045288086,0,0,0,0,0,0,0,0.007781982421875,0.0,19.0,0.0,654423654746.5308,0.1892089545726776,
6,navstack-1719303660243,navstack,Hospital,HandCrafted,,,1719306066,493859291,"builtin_interfaces.msg.Time(sec=1719306046, nanosec=853860139)",120.0,Handcrafted_LabStudy,1,1,"-2.0,16.5,0.5","-0.0,0.0,-0.0,-1.0","-9.75,1.75,0.0","-0.0,0.0,-0.0,-1.0",16.66914176940918,16.66208267211914,18.49612045288086,0,0,0,0,0,0,0,0.007781982421875,0.0,19.0,0.0,654373607652.1425,0.0946044772863388,
6,navstack-1719303660243,navstack,Hospital,HandCrafted,,,1719306066,513859748,"builtin_interfaces.msg.Time(sec=1719306046, nanosec=853860139)",120.0,Handcrafted_LabStudy,1,1,"-2.0,16.5,0.5","-0.0,0.0,-0.0,-1.0","-9.75,1.75,0.0","-0.0,0.0,-0.0,-1.0",16.669151306152344,16.66208267211914,18.49612045288086,0,0,0,0,0,0,0,0.007781982421875,0.0,19.0,0.0,654299811121.9244,0.0946044772863388,
6,navstack-1719303660243,navstack,Hospital,HandCrafted,,,1719306066,533860445,"builtin_interfaces.msg.Time(sec=1719306046, nanosec=853860139)",120.0,Handcrafted_LabStudy,1,1,"-2.0,16.5,0.5","-0.0,0.0,-0.0,-1.0","-9.75,1.75,0.0","-0.0,0.0,-0.0,-1.0",16.669157028198242,16.66208267211914,18.49612045288086,0,0,0,0,0,0,0,0.007781982421875,0.0,19.0,0.0,654228868601.1622,0.1892089545726776,
6,navstack-1719303660243,navstack,Hospital,HandCrafted,,,1719306066,553858995,"builtin_interfaces.msg.Time(sec=1719306046, nanosec=853860139)",120.0,Handcrafted_LabStudy,1,1,"-2.0,16.5,0.5","-0.0,0.0,-0.0,-1.0","-9.75,1.75,0.0","-0.0,0.0,-0.0,-1.0",16.66916847229004,16.66208267211914,18.49612045288086,0,0,0,0,0,0,0,0.007781982421875,0.0,19.0,0.0,654154868213.126,0.1892089545726776,
6,navstack-1719303660243,navstack,Hospital,HandCrafted,,,1719306066,573859453,"builtin_interfaces.msg.Time(sec=1719306046, nanosec=853860139)",120.0,Handcrafted_LabStudy,1,1,"-2.0,16.5,0.5","-0.0,0.0,-0.0,-1.0","-9.75,1.75,0.0","-0.0,0.0,-0.0,-1.0",16.669174194335938,16.66208267211914,18.49612045288086,0,0,0,0,0,0,0,0.007781982421875,0.0,19.0,0.0,654076739704.2693,0.1892089545726776,
6,navstack-1719303660243,navstack,Hospital,HandCrafted,,,1719306066,573859453,"builtin_interfaces.msg.Time(sec=1719306046, nanosec=853860139)",120.0,Handcrafted_LabStudy,1,1,"-2.0,16.5,0.5","-0.0,0.0,-0.0,-1.0","-9.75,1.75,0.0","-0.0,0.0,-0.0,-1.0",16.669174194335938,16.66208267211914,18.49612045288086,0,0,0,0,0,0,0,0.007781982421875,0.0,19.0,0.0,654076739704.2693,0.0946044772863388,
6,navstack-1719303660243,navstack,Hospital,HandCrafted,,,1719306066,593859910,"builtin_interfaces.msg.Time(sec=1719306046, nanosec=853860139)",120.0,Handcrafted_LabStudy,1,1,"-2.0,16.5,0.5","-0.0,0.0,-0.0,-1.0","-9.75,1.75,0.0","-0.0,0.0,-0.0,-1.0",16.66918182373047,16.66208267211914,18.49612045288086,0,0,0,0,0,0,0,0.007781982421875,0.0,19.0,0.0,654019404692.8776,0.0,
6,navstack-1719303660243,navstack,Hospital,HandCrafted,,,1719306066,613860368,"builtin_interfaces.msg.Time(sec=1719306046, nanosec=853860139)",120.0,Handcrafted_LabStudy,1,1,"-2.0,16.5,0.5","-0.0,0.0,-0.0,-1.0","-9.75,1.75,0.0","-0.0,0.0,-0.0,-1.0",16.669191360473633,16.66208267211914,18.49612045288086,0,0,0,0,0,0,0,0.007781982421875,0.0,19.0,0.0,653963751508.4866,0.0946044772863388,
6,navstack-1719303660243,navstack,Hospital,HandCrafted,,,1719306066,633858919,"builtin_interfaces.msg.Time(sec=1719306046, nanosec=853860139)",120.0,Handcrafted_LabStudy,1,1,"-2.0,16.5,0.5","-0.0,0.0,-0.0,-1.0","-9.75,1.75,0.0","-0.0,0.0,-0.0,-1.0",16.669198989868164,16.66208267211914,18.49612045288086,0,0,0,0,0,0,0,0.007781982421875,0.0,19.0,0.0,653912481267.1886,0.1892089545726776,
6,navstack-1719303660243,navstack,Hospital,HandCrafted,,,1719306066,653859376,"builtin_interfaces.msg.Time(sec=1719306046, nanosec=853860139)",120.0,Handcrafted_LabStudy,1,1,"-2.0,16.5,0.5","-0.0,0.0,-0.0,-1.0","-9.75,1.75,0.0","-0.0,0.0,-0.0,-1.0",16.669208526611328,16.66208267211914,18.49612045288086,0,0,0,0,0,0,0,0.007781982421875,0.0,19.0,0.0,653527699635.1813,0.1892089545726776,
6,navstack-1719303660243,navstack,Hospital,HandCrafted,,,1719306066,673859834,"builtin_interfaces.msg.Time(sec=1719306046, nanosec=853860139)",120.0,Handcrafted_LabStudy,1,1,"-2.0,16.5,0.5","-0.0,0.0,-0.0,-1.0","-9.75,1.75,0.0","-0.0,0.0,-0.0,-1.0",16.66921615600586,16.66208267211914,18.49612045288086,0,0,0,0,0,0,0,0.007781982421875,0.0,19.0,0.0,654645706875.0944,0.1892089545726776,
6,navstack-1719303660243,navstack,Hospital,HandCrafted,,,1719306066,693860292,"builtin_interfaces.msg.Time(sec=1719306046, nanosec=853860139)",120.0,Handcrafted_LabStudy,1,1,"-2.0,16.5,0.5","-0.0,0.0,-0.0,-1.0","-9.75,1.75,0.0","-0.0,0.0,-0.0,-1.0",16.669221878051758,16.66208267211914,18.49612045288086,0,0,0,0,0,0,0,0.007781982421875,0.0,19.0,0.0,654273615392.2751,0.0946044772863388,
6,navstack-1719303660243,navstack,Hospital,HandCrafted,,,1719306066,713858842,"builtin_interfaces.msg.Time(sec=1719306046, nanosec=853860139)",120.0,Handcrafted_LabStudy,1,1,"-2.0,16.5,0.5","-0.0,0.0,-0.0,-1.0","-9.75,1.75,0.0","-0.0,0.0,-0.0,-1.0",16.669231414794922,16.66208267211914,18.49612045288086,0,0,0,0,0,0,0,0.007781982421875,0.0,19.0,0.0,653969459527.3984,0.0946044772863388,
6,navstack-1719303660243,navstack,Hospital,HandCrafted,,,1719306066,733859300,"builtin_interfaces.msg.Time(sec=1719306046, nanosec=853860139)",120.0,Handcrafted_LabStudy,1,1,"-2.0,16.5,0.5","-0.0,0.0,-0.0,-1.0","-9.75,1.75,0.0","-0.0,0.0,-0.0,-1.0",16.669239044189453,16.66208267211914,18.49612045288086,0,0,0,0,0,0,0,0.007781982421875,0.0,19.0,0.0,654616708100.4438,0.1892089545726776,
6,navstack-1719303660243,navstack,Hospital,HandCrafted,,,1719306066,753859519,"builtin_interfaces.msg.Time(sec=1719306046, nanosec=853860139)",120.0,Handcrafted_LabStudy,1,1,"-2.0,16.5,0.5","-0.0,0.0,-0.0,-1.0","-9.75,1.75,0.0","-0.0,0.0,-0.0,-1.0",16.669248580932617,16.66208267211914,18.49612045288086,0,0,0,0,0,0,0,0.007781982421875,0.0,19.0,0.0,654232232255.164,0.1892089545726776,
6,navstack-1719303660243,navstack,Hospital,HandCrafted,,,1719306066,773860216,"builtin_interfaces.msg.Time(sec=1719306046, nanosec=853860139)",120.0,Handcrafted_LabStudy,1,1,"-2.0,16.5,0.5","-0.0,0.0,-0.0,-1.0","-9.75,1.75,0.0","-0.0,0.0,-0.0,-1.0",16.66925621032715,16.66208267211914,18.49612045288086,0,0,0,0,0,0,0,0.007781982421875,0.0,19.0,0.0,654881009761.8464,0.1892089545726776,
6,navstack-1719303660243,navstack,Hospital,HandCrafted,,,1719306066,773860216,"builtin_interfaces.msg.Time(sec=1719306046, nanosec=853860139)",120.0,Handcrafted_LabStudy,1,1,"-2.0,16.5,0.5","-0.0,0.0,-0.0,-1.0","-9.75,1.75,0.0","-0.0,0.0,-0.0,-1.0",16.66925621032715,16.66208267211914,18.49612045288086,0,0,0,0,0,0,0,0.007781982421875,0.0,19.0,0.0,654237277736.1664,0.0946044772863388,
6,navstack-1719303660243,navstack,Hospital,HandCrafted,,,1719306066,793858528,"builtin_interfaces.msg.Time(sec=1719306046, nanosec=853860139)",120.0,Handcrafted_LabStudy,1,1,"-2.0,16.5,0.5","-0.0,0.0,-0.0,-1.0","-9.75,1.75,0.0","-0.0,0.0,-0.0,-1.0",16.669265747070312,16.66208267211914,18.49612045288086,0,0,0,0,0,0,0,0.007781982421875,0.0,19.0,0.0,654243342506.2603,0.0946044772863388,
6,navstack-1719303660243,navstack,Hospital,HandCrafted,,,1719306066,813859224,"builtin_interfaces.msg.Time(sec=1719306046, nanosec=853860139)",120.0,Handcrafted_LabStudy,1,1,"-2.0,16.5,0.5","-0.0,0.0,-0.0,-1.0","-9.75,1.75,0.0","-0.0,0.0,-0.0,-1.0",16.669273376464844,16.66208267211914,18.49612045288086,0,0,0,0,0,0,0,0.007781982421875,0.0,19.0,0.0,654053754735.258,0.1892089545726776,
6,navstack-1719303660243,navstack,Hospital,HandCrafted,,,1719306066,833859682,"builtin_interfaces.msg.Time(sec=1719306046, nanosec=853860139)",120.0,Handcrafted_LabStudy,1,1,"-2.0,16.5,0.5","-0.0,0.0,-0.0,-1.0","-9.75,1.75,0.0","-0.0,0.0,-0.0,-1.0",16.669279098510742,16.66208267211914,18.49612045288086,0,0,0,0,0,0,0,0.007781982421875,0.0,19.0,0.0,653647262245.6038,0.0946044772863388,
6,navstack-1719303660243,navstack,Hospital,HandCrafted,,,1719306066,833859682,"builtin_interfaces.msg.Time(sec=1719306046, nanosec=853860139)",120.0,Handcrafted_LabStudy,1,1,"-2.0,16.5,0.5","-0.0,0.0,-0.0,-1.0","-9.75,1.75,0.0","-0.0,0.0,-0.0,-1.0",16.669279098510742,16.66208267211914,18.49612045288086,0,0,0,0,0,0,0,0.007781982421875,0.0,19.0,0.0,654290280768.9198,0.0,
6,navstack-1719303660243,navstack,Hospital,HandCrafted,,,1719306066,853860139,"builtin_interfaces.msg.Time(sec=1719306046, nanosec=853860139)",120.0,Handcrafted_LabStudy,1,1,"-2.0,16.5,0.5","-0.0,0.0,-0.0,-1.0","-9.75,1.75,0.0","-0.0,0.0,-0.0,-1.0",16.669288635253906,16.66208267211914,18.49612045288086,0,0,0,0,0,0,0,0.007781982421875,0.0,19.0,0.0,654300422695.3793,0.0946044772863388,
6,navstack-1719303660243,navstack,Hospital,HandCrafted,,,1719306066,873860597,"builtin_interfaces.msg.Time(sec=1719306046, nanosec=853860139)",120.0,Handcrafted_LabStudy,1,1,"-2.0,16.5,0.5","-0.0,0.0,-0.0,-1.0","-9.75,1.75,0.0","-0.0,0.0,-0.0,-1.0",16.669296264648438,16.66208267211914,18.49612045288086,0,0,0,0,0,0,0,0.007781982421875,0.0,19.0,0.0,653926649385.5592,0.1892089545726776,
6,navstack-1719303660243,navstack,Hospital,HandCrafted,,,1719306066,973859071,"builtin_interfaces.msg.Time(sec=1719306046, nanosec=853860139)",120.0,Handcrafted_LabStudy,1,1,"-2.0,16.5,0.5","-0.0,0.0,-0.0,-1.0","-9.75,1.75,0.0","-0.0,0.0,-0.0,-1.0",16.669336318969727,16.66208267211914,18.49612045288086,0,0,0,0,0,0,0,0.007781982421875,0.0,19.0,0.0,653576115867.0233,0.0946044772863388,
6,navstack-1719303660243,navstack,Hospital,HandCrafted,,,1719306067,13859748,"builtin_interfaces.msg.Time(sec=1719306046, nanosec=853860139)",120.0,Handcrafted_LabStudy,1,1,"-2.0,16.5,0.5","-0.0,0.0,-0.0,-1.0","-9.75,1.75,0.0","-0.0,0.0,-0.0,-1.0",16.669353485107422,16.66208267211914,18.49612045288086,0,0,0,0,0,0,0,0.007781982421875,0.0,19.0,0.0,654229633067.9808,0.0,
6,navstack-1719303660243,navstack,Hospital,HandCrafted,,,1719306067,33860445,"builtin_interfaces.msg.Time(sec=1719306046, nanosec=853860139)",120.0,Handcrafted_LabStudy,1,1,"-2.0,16.5,0.5","-0.0,0.0,-0.0,-1.0","-9.75,1.75,0.0","-0.0,0.0,-0.0,-1.0",16.669363021850586,16.66208267211914,18.49612045288086,0,0,0,0,0,0,0,0.007781982421875,0.0,19.0,0.0,654871683266.66,0.0946044772863388,
6,navstack-1719303660243,navstack,Hospital,HandCrafted,,,1719306067,53858995,"builtin_interfaces.msg.Time(sec=1719306046, nanosec=853860139)",120.0,Handcrafted_LabStudy,1,1,"-2.0,16.5,0.5","-0.0,0.0,-0.0,-1.0","-9.75,1.75,0.0","-0.0,0.0,-0.0,-1.0",16.669370651245117,16.66208267211914,18.49612045288086,0,0,0,0,0,0,0,0.007781982421875,0.0,19.0,0.0,654656052659.3722,0.1892089545726776,
6,navstack-1719303660243,navstack,Hospital,HandCrafted,,,1719306067,73859453,"builtin_interfaces.msg.Time(sec=1719306046, nanosec=853860139)",120.0,Handcrafted_LabStudy,1,1,"-2.0,16.5,0.5","-0.0,0.0,-0.0,-1.0","-9.75,1.75,0.0","-0.0,0.0,-0.0,-1.0",16.669376373291016,16.66208267211914,18.49612045288086,0,0,0,0,0,0,0,0.007781982421875,0.0,19.0,0.0,654503108331.2062,0.0946044772863388,
6,navstack-1719303660243,navstack,Hospital,HandCrafted,,,1719306067,93859910,"builtin_interfaces.msg.Time(sec=1719306046, nanosec=853860139)",120.0,Handcrafted_LabStudy,1,1,"-2.0,16.5,0.5","-0.0,0.0,-0.0,-1.0","-9.75,1.75,0.0","-0.0,0.0,-0.0,-1.0",16.669387817382812,16.66208267211914,18.49612045288086,0,0,0,0,0,0,0,0.007781982421875,0.0,19.0,0.0,654365759126.1387,0.0946044772863388,
6,navstack-1719303660243,navstack,Hospital,HandCrafted,,,1719306067,113860368,"builtin_interfaces.msg.Time(sec=1719306046, nanosec=853860139)",120.0,Handcrafted_LabStudy,1,1,"-2.0,16.5,0.5","-0.0,0.0,-0.0,-1.0","-9.75,1.75,0.0","-0.0,0.0,-0.0,-1.0",16.66939353942871,16.66208267211914,18.369388580322266,0,0,0,0,0,0,0,0.008251190185546875,0.0,20.0,0.0,654163481205.9484,0.1892089545726776,
6,navstack-1719303660243,navstack,Hospital,HandCrafted,,,1719306067,133858919,"builtin_interfaces.msg.Time(sec=1719306046, nanosec=853860139)",120.0,Handcrafted_LabStudy,1,1,"-2.0,16.5,0.5","-0.0,0.0,-0.0,-1.0","-9.75,1.75,0.0","-0.0,0.0,-0.0,-1.0",16.669404983520508,16.66208267211914,18.369388580322266,0,0,0,0,0,0,0,0.008251190185546875,0.0,20.0,0.0,653974861759.5829,0.1892089545726776,
6,navstack-1719303660243,navstack,Hospital,HandCrafted,,,1719306067,153859376,"builtin_interfaces.msg.Time(sec=1719306046, nanosec=853860139)",120.0,Handcrafted_LabStudy,1,1,"-2.0,16.5,0.5","-0.0,0.0,-0.0,-1.0","-9.75,1.75,0.0","-0.0,0.0,-0.0,-1.0",16.669410705566406,16.66208267211914,18.369388580322266,0,0,0,0,0,0,0,0.008251190185546875,0.0,20.0,0.0,653798473782.3145,0.1892089545726776,
6,navstack-1719303660243,navstack,Hospital,HandCrafted,,,1719306067,173859834,"builtin_interfaces.msg.Time(sec=1719306046, nanosec=853860139)",120.0,Handcrafted_LabStudy,1,1,"-2.0,16.5,0.5","-0.0,0.0,-0.0,-1.0","-9.75,1.75,0.0","-0.0,0.0,-0.0,-1.0",16.669418334960938,16.66208267211914,18.369388580322266,0,0,0,0,0,0,0,0.008251190185546875,0.0,20.0,0.0,654438944082.9019,0.0946044772863388,
6,navstack-1719303660243,navstack,Hospital,HandCrafted,,,1719306067,193860292,"builtin_interfaces.msg.Time(sec=1719306046, nanosec=853860139)",120.0,Handcrafted_LabStudy,1,1,"-2.0,16.5,0.5","-0.0,0.0,-0.0,-1.0","-9.75,1.75,0.0","-0.0,0.0,-0.0,-1.0",16.6694278717041,16.66208267211914,18.369388580322266,0,0,0,0,0,0,0,0.008251190185546875,0.0,20.0,0.0,654349042785.0396,0.0946044772863388,
6,navstack-1719303660243,navstack,Hospital,HandCrafted,,,1719306067,213858842,"builtin_interfaces.msg.Time(sec=1719306046, nanosec=853860139)",120.0,Handcrafted_LabStudy,1,1,"-2.0,16.5,0.5","-0.0,0.0,-0.0,-1.0","-9.75,1.75,0.0","-0.0,0.0,-0.0,-1.0",16.669435501098633,16.66208267211914,18.369388580322266,0,0,0,0,0,0,0,0.008251190185546875,0.0,20.0,0.0,654505758482.8439,0.1892089545726776,
6,navstack-1719303660243,navstack,Hospital,HandCrafted,,,1719306067,253859519,"builtin_interfaces.msg.Time(sec=1719306046, nanosec=853860139)",120.0,Handcrafted_LabStudy,1,1,"-2.0,16.5,0.5","-0.0,0.0,-0.0,-1.0","-9.75,1.75,0.0","-0.0,0.0,-0.0,-1.0",16.669450759887695,16.66208267211914,18.369388580322266,0,0,0,0,0,0,0,0.008251190185546875,0.0,20.0,0.0,654716547466.9474,0.0946044772863388,
6,navstack-1719303660243,navstack,Hospital,HandCrafted,,,1719306067,273860216,"builtin_interfaces.msg.Time(sec=1719306046, nanosec=853860139)",120.0,Handcrafted_LabStudy,1,1,"-2.0,16.5,0.5","-0.0,0.0,-0.0,-1.0","-9.75,1.75,0.0","-0.0,0.0,-0.0,-1.0",16.669462203979492,16.66208267211914,18.369388580322266,0,0,0,0,0,0,0,0.008251190185546875,0.0,20.0,0.0,654908326709.4962,0.0946044772863388,
6,navstack-1719303660243,navstack,Hospital,HandCrafted,,,1719306067,273860216,"builtin_interfaces.msg.Time(sec=1719306046, nanosec=853860139)",120.0,Handcrafted_LabStudy,1,1,"-2.0,16.5,0.5","-0.0,0.0,-0.0,-1.0","-9.75,1.75,0.0","-0.0,0.0,-0.0,-1.0",16.669462203979492,16.66208267211914,18.369388580322266,0,0,0,0,0,0,0,0.008251190185546875,0.0,20.0,0.0,654265664937.3622,0.0946044772863388,
6,navstack-1719303660243,navstack,Hospital,HandCrafted,,,1719306067,293858528,"builtin_interfaces.msg.Time(sec=1719306046, nanosec=853860139)",120.0,Handcrafted_LabStudy,1,1,"-2.0,16.5,0.5","-0.0,0.0,-0.0,-1.0","-9.75,1.75,0.0","-0.0,0.0,-0.0,-1.0",16.66946792602539,16.66208267211914,18.369388580322266,0,0,0,0,0,0,0,0.008251190185546875,0.0,20.0,0.0,654269130520.273,0.0946044772863388,
6,navstack-1719303660243,navstack,Hospital,HandCrafted,,,1719306067,313859224,"builtin_interfaces.msg.Time(sec=1719306046, nanosec=853860139)",120.0,Handcrafted_LabStudy,1,1,"-2.0,16.5,0.5","-0.0,0.0,-0.0,-1.0","-9.75,1.75,0.0","-0.0,0.0,-0.0,-1.0",16.669475555419922,16.66208267211914,18.369388580322266,0,0,0,0,0,0,0,0.008251190185546875,0.0,20.0,0.0,654389508561.9685,0.0946044772863388,
6,navstack-1719303660243,navstack,Hospital,HandCrafted,,,1719306067,333859682,"builtin_interfaces.msg.Time(sec=1719306046, nanosec=853860139)",120.0,Handcrafted_LabStudy,1,1,"-2.0,16.5,0.5","-0.0,0.0,-0.0,-1.0","-9.75,1.75,0.0","-0.0,0.0,-0.0,-1.0",16.669485092163086,16.66208267211914,18.369388580322266,0,0,0,0,0,0,0,0.008251190185546875,0.0,20.0,0.0,654524258579.8529,0.0946044772863388,
6,navstack-1719303660243,navstack,Hospital,HandCrafted,,,1719306067,333859682,"builtin_interfaces.msg.Time(sec=1719306046, nanosec=853860139)",120.0,Handcrafted_LabStudy,1,1,"-2.0,16.5,0.5","-0.0,0.0,-0.0,-1.0","-9.75,1.75,0.0","-0.0,0.0,-0.0,-1.0",16.669485092163086,16.66208267211914,18.369388580322266,0,0,0,0,0,0,0,0.008251190185546875,0.0,20.0,0.0,653882514167.9011,0.0946044772863388,
6,navstack-1719303660243,navstack,Hospital,HandCrafted,,,1719306067,353860139,"builtin_interfaces.msg.Time(sec=1719306046, nanosec=853860139)",120.0,Handcrafted_LabStudy,1,1,"-2.0,16.5,0.5","-0.0,0.0,-0.0,-1.0","-9.75,1.75,0.0","-0.0,0.0,-0.0,-1.0",16.669492721557617,16.66208267211914,18.369388580322266,0,0,0,0,0,0,0,0.008251190185546875,0.0,20.0,0.0,653886846146.5397,0.0946044772863388,
6,navstack-1719303660243,navstack,Hospital,HandCrafted,,,1719306067,353860139,"builtin_interfaces.msg.Time(sec=1719306046, nanosec=853860139)",120.0,Handcrafted_LabStudy,1,1,"-2.0,16.5,0.5","-0.0,0.0,-0.0,-1.0","-9.75,1.75,0.0","-0.0,0.0,-0.0,-1.0",16.669492721557617,16.66208267211914,18.369388580322266,0,0,0,0,0,0,0,0.008251190185546875,0.0,20.0,0.0,653886846146.5397,0.0946044772863388,
6,navstack-1719303660243,navstack,Hospital,HandCrafted,,,1719306067,373860597,"builtin_interfaces.msg.Time(sec=1719306046, nanosec=853860139)",120.0,Handcrafted_LabStudy,1,1,"-2.0,16.5,0.5","-0.0,0.0,-0.0,-1.0","-9.75,1.75,0.0","-0.0,0.0,-0.0,-1.0",16.66950225830078,16.66208267211914,18.369388580322266,0,0,0,0,0,0,0,0.008251190185546875,0.0,20.0,0.0,654070980720.9028,0.0946044772863388,
6,navstack-1719303660243,navstack,Hospital,HandCrafted,,,1719306067,413859605,"builtin_interfaces.msg.Time(sec=1719306046, nanosec=853860139)",120.0,Handcrafted_LabStudy,1,1,"-2.0,16.5,0.5","-0.0,0.0,-0.0,-1.0","-9.75,1.75,0.0","-0.0,0.0,-0.0,-1.0",16.66951560974121,16.66208267211914,18.369388580322266,0,0,0,0,0,0,0,0.008251190185546875,0.0,20.0,0.0,654351081363.2223,0.1892089545726776,
6,navstack-1719303660243,navstack,Hospital,HandCrafted,,,1719306067,433860063,"builtin_interfaces.msg.Time(sec=1719306046, nanosec=853860139)",120.0,Handcrafted_LabStudy,1,1,"-2.0,16.5,0.5","-0.0,0.0,-0.0,-1.0","-9.75,1.75,0.0","-0.0,0.0,-0.0,-1.0",16.669525146484375,16.66208267211914,18.369388580322266,0,0,0,0,0,0,0,0.008251190185546875,0.0,20.0,0.0,654730154976.3177,0.1892089545726776,
6,navstack-1719303660243,navstack,Hospital,HandCrafted,,,1719306067,453860521,"builtin_interfaces.msg.Time(sec=1719306046, nanosec=853860139)",120.0,Handcrafted_LabStudy,1,1,"-2.0,16.5,0.5","-0.0,0.0,-0.0,-1.0","-9.75,1.75,0.0","-0.0,0.0,-0.0,-1.0",16.669532775878906,16.66208267211914,18.369388580322266,0,0,0,0,0,0,0,0.008251190185546875,0.0,20.0,0.0,654094373405.5508,0.1892089545726776,
6,navstack-1719303660243,navstack,Hospital,HandCrafted,,,1719306067,473859071,"builtin_interfaces.msg.Time(sec=1719306046, nanosec=853860139)",120.0,Handcrafted_LabStudy,1,1,"-2.0,16.5,0.5","-0.0,0.0,-0.0,-1.0","-9.75,1.75,0.0","-0.0,0.0,-0.0,-1.0",16.66954231262207,16.66208267211914,18.369388580322266,0,0,0,0,0,0,0,0.008251190185546875,0.0,20.0,0.0,654098450561.9164,0.1892089545726776,
6,navstack-1719303660243,navstack,Hospital,HandCrafted,,,1719306067,493859291,"builtin_interfaces.msg.Time(sec=1719306046, nanosec=853860139)",120.0,Handcrafted_LabStudy,1,1,"-2.0,16.5,0.5","-0.0,0.0,-0.0,-1.0","-9.75,1.75,0.0","-0.0,0.0,-0.0,-1.0",16.6695499420166,16.66208267211914,18.369388580322266,0,0,0,0,0,0,0,0.008251190185546875,0.0,20.0,0.0,654457546108.8201,0.1892089545726776,
6,navstack-1719303660243,navstack,Hospital,HandCrafted,,,1719306067,513859748,"builtin_interfaces.msg.Time(sec=1719306046, nanosec=853860139)",120.0,Handcrafted_LabStudy,1,1,"-2.0,16.5,0.5","-0.0,0.0,-0.0,-1.0","-9.75,1.75,0.0","-0.0,0.0,-0.0,-1.0",16.6695556640625,16.66208267211914,18.369388580322266,0,0,0,0,0,0,0,0.008251190185546875,0.0,20.0,0.0,654790089174.8927,0.0946044772863388,
6,navstack-1719303660243,navstack,Hospital,HandCrafted,,,1719306067,553858995,"builtin_interfaces.msg.Time(sec=1719306046, nanosec=853860139)",120.0,Handcrafted_LabStudy,1,1,"-2.0,16.5,0.5","-0.0,0.0,-0.0,-1.0","-9.75,1.75,0.0","-0.0,0.0,-0.0,-1.0",16.669572830200195,16.66208267211914,18.369388580322266,0,0,0,0,0,0,0,0.008251190185546875,0.0,20.0,0.0,654155683644.399,0.0,
6,navstack-1719303660243,navstack,Hospital,HandCrafted,,,1719306067,573859453,"builtin_interfaces.msg.Time(sec=1719306046, nanosec=853860139)",120.0,Handcrafted_LabStudy,1,1,"-2.0,16.5,0.5","-0.0,0.0,-0.0,-1.0","-9.75,1.75,0.0","-0.0,0.0,-0.0,-1.0",16.669584274291992,16.66208267211914,18.369388580322266,0,0,0,0,0,0,0,0.008251190185546875,0.0,20.0,0.0,654569769837.7844,0.0946044772863388,
6,navstack-1719303660243,navstack,Hospital,HandCrafted,,,1719306067,593859910,"builtin_interfaces.msg.Time(sec=1719306046, nanosec=853860139)",120.0,Handcrafted_LabStudy,1,1,"-2.0,16.5,0.5","-0.0,0.0,-0.0,-1.0","-9.75,1.75,0.0","-0.0,0.0,-0.0,-1.0",16.66958999633789,16.66208267211914,18.369388580322266,0,0,0,0,0,0,0,0.008251190185546875,0.0,20.0,0.0,653930726541.9248,0.1892089545726776,
6,navstack-1719303660243,navstack,Hospital,HandCrafted,,,1719306067,593859910,"builtin_interfaces.msg.Time(sec=1719306046, nanosec=853860139)",120.0,Handcrafted_LabStudy,1,1,"-2.0,16.5,0.5","-0.0,0.0,-0.0,-1.0","-9.75,1.75,0.0","-0.0,0.0,-0.0,-1.0",16.66958999633789,16.66208267211914,18.369388580322266,0,0,0,0,0,0,0,0.008251190185546875,0.0,20.0,0.0,653930726541.9248,0.0946044772863388,
6,navstack-1719303660243,navstack,Hospital,HandCrafted,,,1719306067,613860368,"builtin_interfaces.msg.Time(sec=1719306046, nanosec=853860139)",120.0,Handcrafted_LabStudy,1,1,"-2.0,16.5,0.5","-0.0,0.0,-0.0,-1.0","-9.75,1.75,0.0","-0.0,0.0,-0.0,-1.0",16.669599533081055,16.66208267211914,18.369388580322266,0,0,0,0,0,0,0,0.008251190185546875,0.0,20.0,0.0,654211132970.9718,0.0946044772863388,
6,navstack-1719303660243,navstack,Hospital,HandCrafted,,,1719306067,633858919,"builtin_interfaces.msg.Time(sec=1719306046, nanosec=853860139)",120.0,Handcrafted_LabStudy,1,1,"-2.0,16.5,0.5","-0.0,0.0,-0.0,-1.0","-9.75,1.75,0.0","-0.0,0.0,-0.0,-1.0",16.669607162475586,16.66208267211914,18.369388580322266,0,0,0,0,0,0,0,0.008251190185546875,0.0,20.0,0.0,654396082976.6082,0.1892089545726776,
6,navstack-1719303660243,navstack,Hospital,HandCrafted,,,1719306067,653859376,"builtin_interfaces.msg.Time(sec=1719306046, nanosec=853860139)",120.0,Handcrafted_LabStudy,1,1,"-2.0,16.5,0.5","-0.0,0.0,-0.0,-1.0","-9.75,1.75,0.0","-0.0,0.0,-0.0,-1.0",16.669612884521484,16.66208267211914,18.369388580322266,0,0,0,0,0,0,0,0.008251190185546875,0.0,20.0,0.0,654589442117.2485,0.0946044772863388,
6,navstack-1719303660243,navstack,Hospital,HandCrafted,,,1719306067,653859376,"builtin_interfaces.msg.Time(sec=1719306046, nanosec=853860139)",120.0,Handcrafted_LabStudy,1,1,"-2.0,16.5,0.5","-0.0,0.0,-0.0,-1.0","-9.75,1.75,0.0","-0.0,0.0,-0.0,-1.0",16.669612884521484,16.66208267211914,18.369388580322266,0,0,0,0,0,0,0,0.008251190185546875,0.0,20.0,0.0,654589442117.2485,0.0,
6,navstack-1719303660243,navstack,Hospital,HandCrafted,,,1719306067,673859834,"builtin_interfaces.msg.Time(sec=1719306046, nanosec=853860139)",120.0,Handcrafted_LabStudy,1,1,"-2.0,16.5,0.5","-0.0,0.0,-0.0,-1.0","-9.75,1.75,0.0","-0.0,0.0,-0.0,-1.0",16.66962432861328,16.66208267211914,18.369388580322266,0,0,0,0,0,0,0,0.008251190185546875,0.0,20.0,0.0,654868523470.4767,0.0946044772863388,
6,navstack-1719303660243,navstack,Hospital,HandCrafted,,,1719306067,673859834,"builtin_interfaces.msg.Time(sec=1719306046, nanosec=853860139)",120.0,Handcrafted_LabStudy,1,1,"-2.0,16.5,0.5","-0.0,0.0,-0.0,-1.0","-9.75,1.75,0.0","-0.0,0.0,-0.0,-1.0",16.66962432861328,16.66208267211914,18.369388580322266,0,0,0,0,0,0,0,0.008251190185546875,0.0,20.0,0.0,654868523470.4767,0.0946044772863388,
6,navstack-1719303660243,navstack,Hospital,HandCrafted,,,1719306067,693860292,"builtin_interfaces.msg.Time(sec=1719306046, nanosec=853860139)",120.0,Handcrafted_LabStudy,1,1,"-2.0,16.5,0.5","-0.0,0.0,-0.0,-1.0","-9.75,1.75,0.0","-0.0,0.0,-0.0,-1.0",16.66963005065918,16.66208267211914,18.369388580322266,0,0,0,0,0,0,0,0.008251190185546875,0.0,20.0,0.0,654232334184.0731,0.0946044772863388,
6,navstack-1719303660243,navstack,Hospital,HandCrafted,,,1719306067,713858842,"builtin_interfaces.msg.Time(sec=1719306046, nanosec=853860139)",120.0,Handcrafted_LabStudy,1,1,"-2.0,16.5,0.5","-0.0,0.0,-0.0,-1.0","-9.75,1.75,0.0","-0.0,0.0,-0.0,-1.0",16.669641494750977,16.66208267211914,18.369388580322266,0,0,0,0,0,0,0,0.008251190185546875,0.0,20.0,0.0,654498827317.0222,0.1892089545726776,
6,navstack-1719303660243,navstack,Hospital,HandCrafted,,,1719306067,733859300,"builtin_interfaces.msg.Time(sec=1719306046, nanosec=853860139)",120.0,Handcrafted_LabStudy,1,1,"-2.0,16.5,0.5","-0.0,0.0,-0.0,-1.0","-9.75,1.75,0.0","-0.0,0.0,-0.0,-1.0",16.669647216796875,16.66208267211914,18.369388580322266,0,0,0,0,0,0,0,0.008251190185546875,0.0,20.0,0.0,654795491407.0771,0.1892089545726776,
6,navstack-1719303660243,navstack,Hospital,HandCrafted,,,1719306067,753859519,"builtin_interfaces.msg.Time(sec=1719306046, nanosec=853860139)",120.0,Handcrafted_LabStudy,1,1,"-2.0,16.5,0.5","-0.0,0.0,-0.0,-1.0","-9.75,1.75,0.0","-0.0,0.0,-0.0,-1.0",16.669654846191406,16.66208267211914,18.369388580322266,0,0,0,0,0,0,0,0.008251190185546875,0.0,20.0,0.0,654160117551.9467,0.0946044772863388,
6,navstack-1719303660243,navstack,Hospital,HandCrafted,,,1719306067,793858528,"builtin_interfaces.msg.Time(sec=1719306046, nanosec=853860139)",120.0,Handcrafted_LabStudy,1,1,"-2.0,16.5,0.5","-0.0,0.0,-0.0,-1.0","-9.75,1.75,0.0","-0.0,0.0,-0.0,-1.0",16.6696720123291,16.66208267211914,18.369388580322266,0,0,0,0,0,0,0,0.008251190185546875,0.0,20.0,0.0,654170310442.8608,0.0,
6,navstack-1719303660243,navstack,Hospital,HandCrafted,,,1719306067,793858528,"builtin_interfaces.msg.Time(sec=1719306046, nanosec=853860139)",120.0,Handcrafted_LabStudy,1,1,"-2.0,16.5,0.5","-0.0,0.0,-0.0,-1.0","-9.75,1.75,0.0","-0.0,0.0,-0.0,-1.0",16.6696720123291,16.66208267211914,18.369388580322266,0,0,0,0,0,0,0,0.008251190185546875,0.0,20.0,0.0,654170310442.8608,0.0,
6,navstack-1719303660243,navstack,Hospital,HandCrafted,,,1719306067,813859224,"builtin_interfaces.msg.Time(sec=1719306046, nanosec=853860139)",120.0,Handcrafted_LabStudy,1,1,"-2.0,16.5,0.5","-0.0,0.0,-0.0,-1.0","-9.75,1.75,0.0","-0.0,0.0,-0.0,-1.0",16.669681549072266,16.66208267211914,18.369388580322266,0,0,0,0,0,0,0,0.008251190185546875,0.0,20.0,0.0,654463356056.6411,0.0946044772863388,
6,navstack-1719303660243,navstack,Hospital,HandCrafted,,,1719306067,833859682,"builtin_interfaces.msg.Time(sec=1719306046, nanosec=853860139)",120.0,Handcrafted_LabStudy,1,1,"-2.0,16.5,0.5","-0.0,0.0,-0.0,-1.0","-9.75,1.75,0.0","-0.0,0.0,-0.0,-1.0",16.669687271118164,16.66208267211914,18.369388580322266,0,0,0,0,0,0,0,0.008251190185546875,0.0,20.0,0.0,653832721895.7858,0.1892089545726776,
6,navstack-1719303660243,navstack,Hospital,HandCrafted,,,1719306067,833859682,"builtin_interfaces.msg.Time(sec=1719306046, nanosec=853860139)",120.0,Handcrafted_LabStudy,1,1,"-2.0,16.5,0.5","-0.0,0.0,-0.0,-1.0","-9.75,1.75,0.0","-0.0,0.0,-0.0,-1.0",16.669687271118164,16.66208267211914,18.369388580322266,0,0,0,0,0,0,0,0.008251190185546875,0.0,20.0,0.0,653832721895.7858,0.0946044772863388,
6,navstack-1719303660243,navstack,Hospital,HandCrafted,,,1719306067,853860139,"builtin_interfaces.msg.Time(sec=1719306046, nanosec=853860139)",120.0,Handcrafted_LabStudy,1,1,"-2.0,16.5,0.5","-0.0,0.0,-0.0,-1.0","-9.75,1.75,0.0","-0.0,0.0,-0.0,-1.0",16.66969871520996,16.66208267211914,18.369388580322266,0,0,0,0,0,0,0,0.008251190185546875,0.0,20.0,0.0,654019506621.7866,0.0946044772863388,
6,navstack-1719303660243,navstack,Hospital,HandCrafted,,,1719306067,853860139,"builtin_interfaces.msg.Time(sec=1719306046, nanosec=853860139)",120.0,Handcrafted_LabStudy,1,1,"-2.0,16.5,0.5","-0.0,0.0,-0.0,-1.0","-9.75,1.75,0.0","-0.0,0.0,-0.0,-1.0",16.66969871520996,16.66208267211914,18.369388580322266,0,0,0,0,0,0,0,0.008251190185546875,0.0,20.0,0.0,654019506621.7866,0.0946044772863388,
6,navstack-1719303660243,navstack,Hospital,HandCrafted,,,1719306067,873860597,"builtin_interfaces.msg.Time(sec=1719306046, nanosec=853860139)",120.0,Handcrafted_LabStudy,1,1,"-2.0,16.5,0.5","-0.0,0.0,-0.0,-1.0","-9.75,1.75,0.0","-0.0,0.0,-0.0,-1.0",16.66970443725586,16.66208267211914,18.369388580322266,0,0,0,0,0,0,0,0.008251190185546875,0.0,20.0,0.0,654311074266.3845,0.0946044772863388,
6,navstack-1719303660243,navstack,Hospital,HandCrafted,,,1719306067,893859148,"builtin_interfaces.msg.Time(sec=1719306046, nanosec=853860139)",120.0,Handcrafted_LabStudy,1,1,"-2.0,16.5,0.5","-0.0,0.0,-0.0,-1.0","-9.75,1.75,0.0","-0.0,0.0,-0.0,-1.0",16.66971206665039,16.66208267211914,18.369388580322266,0,0,0,0,0,0,0,0.008251190185546875,0.0,20.0,0.0,654556926795.2325,0.0946044772863388,
6,navstack-1719303660243,navstack,Hospital,HandCrafted,,,1719306067,913859605,"builtin_interfaces.msg.Time(sec=1719306046, nanosec=853860139)",120.0,Handcrafted_LabStudy,1,1,"-2.0,16.5,0.5","-0.0,0.0,-0.0,-1.0","-9.75,1.75,0.0","-0.0,0.0,-0.0,-1.0",16.669721603393555,16.66208267211914,18.369388580322266,0,0,0,0,0,0,0,0.008251190185546875,0.0,20.0,0.0,653663367013.248,0.0946044772863388,
6,navstack-1719303660243,navstack,Hospital,HandCrafted,,,1719306067,913859605,"builtin_interfaces.msg.Time(sec=1719306046, nanosec=853860139)",120.0,Handcrafted_LabStudy,1,1,"-2.0,16.5,0.5","-0.0,0.0,-0.0,-1.0","-9.75,1.75,0.0","-0.0,0.0,-0.0,-1.0",16.669721603393555,16.66208267211914,18.369388580322266,0,0,0,0,0,0,0,0.008251190185546875,0.0,20.0,0.0,653663367013.248,0.0946044772863388,
6,navstack-1719303660243,navstack,Hospital,HandCrafted,,,1719306067,933860063,"builtin_interfaces.msg.Time(sec=1719306046, nanosec=853860139)",120.0,Handcrafted_LabStudy,1,1,"-2.0,16.5,0.5","-0.0,0.0,-0.0,-1.0","-9.75,1.75,0.0","-0.0,0.0,-0.0,-1.0",16.669729232788086,16.66208267211914,18.369388580322266,0,0,0,0,0,0,0,0.008251190185546875,0.0,20.0,0.0,653713821823.2728,0.0946044772863388,
6,navstack-1719303660243,navstack,Hospital,HandCrafted,,,1719306067,933860063,"builtin_interfaces.msg.Time(sec=1719306046, nanosec=853860139)",120.0,Handcrafted_LabStudy,1,1,"-2.0,16.5,0.5","-0.0,0.0,-0.0,-1.0","-9.75,1.75,0.0","-0.0,0.0,-0.0,-1.0",16.669729232788086,16.66208267211914,18.369388580322266,0,0,0,0,0,0,0,0.008251190185546875,0.0,20.0,0.0,653713821823.2728,0.0946044772863388,
6,navstack-1719303660243,navstack,Hospital,HandCrafted,,,1719306067,953860521,"builtin_interfaces.msg.Time(sec=1719306046, nanosec=853860139)",120.0,Handcrafted_LabStudy,1,1,"-2.0,16.5,0.5","-0.0,0.0,-0.0,-1.0","-9.75,1.75,0.0","-0.0,0.0,-0.0,-1.0",16.66973876953125,16.66208267211914,18.369388580322266,0,0,0,0,0,0,0,0.008251190185546875,0.0,20.0,0.0,653749344048.1084,0.0946044772863388,
6,navstack-1719303660243,navstack,Hospital,HandCrafted,,,1719306067,953860521,"builtin_interfaces.msg.Time(sec=1719306046, nanosec=853860139)",120.0,Handcrafted_LabStudy,1,1,"-2.0,16.5,0.5","-0.0,0.0,-0.0,-1.0","-9.75,1.75,0.0","-0.0,0.0,-0.0,-1.0",16.66973876953125,16.66208267211914,18.369388580322266,0,0,0,0,0,0,0,0.008251190185546875,0.0,20.0,0.0,653749344048.1084,0.0946044772863388,
6,navstack-1719303660243,navstack,Hospital,HandCrafted,,,1719306067,973859071,"builtin_interfaces.msg.Time(sec=1719306046, nanosec=853860139)",120.0,Handcrafted_LabStudy,1,1,"-2.0,16.5,0.5","-0.0,0.0,-0.0,-1.0","-9.75,1.75,0.0","-0.0,0.0,-0.0,-1.0",16.66974639892578,16.66208267211914,18.369388580322266,0,0,0,0,0,0,0,0.008251190185546875,0.0,20.0,0.0,653782725765.8522,0.0946044772863388,
6,navstack-1719303660243,navstack,Hospital,HandCrafted,,,1719306067,973859071,"builtin_interfaces.msg.Time(sec=1719306046, nanosec=853860139)",120.0,Handcrafted_LabStudy,1,1,"-2.0,16.5,0.5","-0.0,0.0,-0.0,-1.0","-9.75,1.75,0.0","-0.0,0.0,-0.0,-1.0",16.66974639892578,16.66208267211914,18.369388580322266,0,0,0,0,0,0,0,0.008251190185546875,0.0,20.0,0.0,653782725765.8522,0.0946044772863388,
6,navstack-1719303660243,navstack,Hospital,HandCrafted,,,1719306067,993859291,"builtin_interfaces.msg.Time(sec=1719306046, nanosec=853860139)",120.0,Handcrafted_LabStudy,1,1,"-2.0,16.5,0.5","-0.0,0.0,-0.0,-1.0","-9.75,1.75,0.0","-0.0,0.0,-0.0,-1.0",16.66975212097168,16.66208267211914,18.369388580322266,0,0,0,0,0,0,0,0.008251190185546875,0.0,20.0,0.0,653815444945.6864,0.0,
6,navstack-1719303660243,navstack,Hospital,HandCrafted,,,1719306068,13859748,"builtin_interfaces.msg.Time(sec=1719306046, nanosec=853860139)",120.0,Handcrafted_LabStudy,1,1,"-2.0,16.5,0.5","-0.0,0.0,-0.0,-1.0","-9.75,1.75,0.0","-0.0,0.0,-0.0,-1.0",16.669761657714844,16.66208267211914,18.369388580322266,0,0,0,0,0,0,0,0.008251190185546875,0.0,20.0,0.0,653851782601.7952,0.0946044772863388,
6,navstack-1719303660243,navstack,Hospital,HandCrafted,,,1719306068,13859748,"builtin_interfaces.msg.Time(sec=1719306046, nanosec=853860139)",120.0,Handcrafted_LabStudy,1,1,"-2.0,16.5,0.5","-0.0,0.0,-0.0,-1.0","-9.75,1.75,0.0","-0.0,0.0,-0.0,-1.0",16.669761657714844,16.66208267211914,18.369388580322266,0,0,0,0,0,0,0,0.008251190185546875,0.0,20.0,0.0,653213758595.0271,0.0946044772863388,
6,navstack-1719303660243,navstack,Hospital,HandCrafted,,,1719306068,33860445,"builtin_interfaces.msg.Time(sec=1719306046, nanosec=853860139)",120.0,Handcrafted_LabStudy,1,1,"-2.0,16.5,0.5","-0.0,0.0,-0.0,-1.0","-9.75,1.75,0.0","-0.0,0.0,-0.0,-1.0",16.669769287109375,16.66208267211914,18.369388580322266,0,0,0,0,0,0,0,0.008251190185546875,0.0,20.0,0.0,653228996966.9436,0.0946044772863388,
6,navstack-1719303660243,navstack,Hospital,HandCrafted,,,1719306068,53858995,"builtin_interfaces.msg.Time(sec=1719306046, nanosec=853860139)",120.0,Handcrafted_LabStudy,1,1,"-2.0,16.5,0.5","-0.0,0.0,-0.0,-1.0","-9.75,1.75,0.0","-0.0,0.0,-0.0,-1.0",16.66977882385254,16.66208267211914,18.369388580322266,0,0,0,0,0,0,0,0.008251190185546875,0.0,20.0,0.0,653283834720.0615,0.1892089545726776,
6,navstack-1719303660243,navstack,Hospital,HandCrafted,,,1719306068,73859453,"builtin_interfaces.msg.Time(sec=1719306046, nanosec=853860139)",120.0,Handcrafted_LabStudy,1,1,"-2.0,16.5,0.5","-0.0,0.0,-0.0,-1.0","-9.75,1.75,0.0","-0.0,0.0,-0.0,-1.0",16.66978645324707,16.66208267211914,18.369388580322266,0,0,0,0,0,0,0,0.008251190185546875,0.0,20.0,0.0,653335716534.8142,0.1892089545726776,
6,navstack-1719303660243,navstack,Hospital,HandCrafted,,,1719306068,93859910,"builtin_interfaces.msg.Time(sec=1719306046, nanosec=853860139)",120.0,Handcrafted_LabStudy,1,1,"-2.0,16.5,0.5","-0.0,0.0,-0.0,-1.0","-9.75,1.75,0.0","-0.0,0.0,-0.0,-1.0",16.66979217529297,16.66208267211914,18.369388580322266,0,0,0,0,0,0,0,0.008251190185546875,0.0,20.0,0.0,653378730534.4718,0.0946044772863388,
6,navstack-1719303660243,navstack,Hospital,HandCrafted,,,1719306068,113860368,"builtin_interfaces.msg.Time(sec=1719306046, nanosec=853860139)",120.0,Handcrafted_LabStudy,1,1,"-2.0,16.5,0.5","-0.0,0.0,-0.0,-1.0","-9.75,1.75,0.0","-0.0,0.0,-0.0,-1.0",16.669803619384766,16.66208267211914,18.228870391845703,0,0,0,0,0,0,0,0.008708953857421875,0.0,21.0,0.0,653429440166.7694,0.0946044772863388,
6,navstack-1719303660243,navstack,Hospital,HandCrafted,,,1719306068,133858919,"builtin_interfaces.msg.Time(sec=1719306046, nanosec=853860139)",120.0,Handcrafted_LabStudy,1,1,"-2.0,16.5,0.5","-0.0,0.0,-0.0,-1.0","-9.75,1.75,0.0","-0.0,0.0,-0.0,-1.0",16.669809341430664,16.66208267211914,18.228870391845703,0,0,0,0,0,0,0,0.008708953857421875,0.0,21.0,0.0,653252899296.1372,0.1892089545726776,
6,navstack-1719303660243,navstack,Hospital,HandCrafted,,,1719306068,133858919,"builtin_interfaces.msg.Time(sec=1719306046, nanosec=853860139)",120.0,Handcrafted_LabStudy,1,1,"-2.0,16.5,0.5","-0.0,0.0,-0.0,-1.0","-9.75,1.75,0.0","-0.0,0.0,-0.0,-1.0",16.669809341430664,16.66208267211914,18.228870391845703,0,0,0,0,0,0,0,0.008708953857421875,0.0,21.0,0.0,653252899296.1372,0.0946044772863388,
6,navstack-1719303660243,navstack,Hospital,HandCrafted,,,1719306068,153859376,"builtin_interfaces.msg.Time(sec=1719306046, nanosec=853860139)",120.0,Handcrafted_LabStudy,1,1,"-2.0,16.5,0.5","-0.0,0.0,-0.0,-1.0","-9.75,1.75,0.0","-0.0,0.0,-0.0,-1.0",16.669818878173828,16.66208267211914,18.228870391845703,0,0,0,0,0,0,0,0.008708953857421875,0.0,21.0,0.0,653074065025.0493,0.0946044772863388,
6,navstack-1719303660243,navstack,Hospital,HandCrafted,,,1719306068,193860292,"builtin_interfaces.msg.Time(sec=1719306046, nanosec=853860139)",120.0,Handcrafted_LabStudy,1,1,"-2.0,16.5,0.5","-0.0,0.0,-0.0,-1.0","-9.75,1.75,0.0","-0.0,0.0,-0.0,-1.0",16.669836044311523,16.66208267211914,18.228870391845703,0,0,0,0,0,0,0,0.008708953857421875,0.0,21.0,0.0,652857669950.943,0.0946044772863388,
6,navstack-1719303660243,navstack,Hospital,HandCrafted,,,1719306068,213858842,"builtin_interfaces.msg.Time(sec=1719306046, nanosec=853860139)",120.0,Handcrafted_LabStudy,1,1,"-2.0,16.5,0.5","-0.0,0.0,-0.0,-1.0","-9.75,1.75,0.0","-0.0,0.0,-0.0,-1.0",16.669843673706055,16.66208267211914,18.228870391845703,0,0,0,0,0,0,0,0.008708953857421875,0.0,21.0,0.0,652626800971.7385,0.0946044772863388,
6,navstack-1719303660243,navstack,Hospital,HandCrafted,,,1719306068,233859300,"builtin_interfaces.msg.Time(sec=1719306046, nanosec=853860139)",120.0,Handcrafted_LabStudy,1,1,"-2.0,16.5,0.5","-0.0,0.0,-0.0,-1.0","-9.75,1.75,0.0","-0.0,0.0,-0.0,-1.0",16.669849395751953,16.66208267211914,18.228870391845703,0,0,0,0,0,0,0,0.008708953857421875,0.0,21.0,0.0,652338240229.9604,0.0946044772863388,
6,navstack-1719303660243,navstack,Hospital,HandCrafted,,,1719306068,253859519,"builtin_interfaces.msg.Time(sec=1719306046, nanosec=853860139)",120.0,Handcrafted_LabStudy,1,1,"-2.0,16.5,0.5","-0.0,0.0,-0.0,-1.0","-9.75,1.75,0.0","-0.0,0.0,-0.0,-1.0",16.66986083984375,16.66208267211914,18.228870391845703,0,0,0,0,0,0,0,0.008708953857421875,0.0,21.0,0.0,652989718852.7351,0.0946044772863388,
6,navstack-1719303660243,navstack,Hospital,HandCrafted,,,1719306068,273860216,"builtin_interfaces.msg.Time(sec=1719306046, nanosec=853860139)",120.0,Handcrafted_LabStudy,1,1,"-2.0,16.5,0.5","-0.0,0.0,-0.0,-1.0","-9.75,1.75,0.0","-0.0,0.0,-0.0,-1.0",16.66986656188965,16.66208267211914,18.228870391845703,0,0,0,0,0,0,0,0.008708953857421875,0.0,21.0,0.0,653003632148.8329,0.1892089545726776,
6,navstack-1719303660243,navstack,Hospital,HandCrafted,,,1719306068,273860216,"builtin_interfaces.msg.Time(sec=1719306046, nanosec=853860139)",120.0,Handcrafted_LabStudy,1,1,"-2.0,16.5,0.5","-0.0,0.0,-0.0,-1.0","-9.75,1.75,0.0","-0.0,0.0,-0.0,-1.0",16.66986656188965,16.66208267211914,18.228870391845703,0,0,0,0,0,0,0,0.008708953857421875,0.0,21.0,0.0,653003632148.8329,0.0946044772863388,
6,navstack-1719303660243,navstack,Hospital,HandCrafted,,,1719306068,293858528,"builtin_interfaces.msg.Time(sec=1719306046, nanosec=853860139)",120.0,Handcrafted_LabStudy,1,1,"-2.0,16.5,0.5","-0.0,0.0,-0.0,-1.0","-9.75,1.75,0.0","-0.0,0.0,-0.0,-1.0",16.669878005981445,16.66208267211914,18.228870391845703,0,0,0,0,0,0,0,0.008708953857421875,0.0,21.0,0.0,652896657758.6893,0.0946044772863388,
6,navstack-1719303660243,navstack,Hospital,HandCrafted,,,1719306068,293858528,"builtin_interfaces.msg.Time(sec=1719306046, nanosec=853860139)",120.0,Handcrafted_LabStudy,1,1,"-2.0,16.5,0.5","-0.0,0.0,-0.0,-1.0","-9.75,1.75,0.0","-0.0,0.0,-0.0,-1.0",16.669878005981445,16.66208267211914,18.228870391845703,0,0,0,0,0,0,0,0.008708953857421875,0.0,21.0,0.0,652896657758.6893,0.0946044772863388,
6,navstack-1719303660243,navstack,Hospital,HandCrafted,,,1719306068,313859224,"builtin_interfaces.msg.Time(sec=1719306046, nanosec=853860139)",120.0,Handcrafted_LabStudy,1,1,"-2.0,16.5,0.5","-0.0,0.0,-0.0,-1.0","-9.75,1.75,0.0","-0.0,0.0,-0.0,-1.0",16.669883728027344,16.66208267211914,18.228870391845703,0,0,0,0,0,0,0,0.008708953857421875,0.0,21.0,0.0,652801710979.8246,0.0946044772863388,
6,navstack-1719303660243,navstack,Hospital,HandCrafted,,,1719306068,313859224,"builtin_interfaces.msg.Time(sec=1719306046, nanosec=853860139)",120.0,Handcrafted_LabStudy,1,1,"-2.0,16.5,0.5","-0.0,0.0,-0.0,-1.0","-9.75,1.75,0.0","-0.0,0.0,-0.0,-1.0",16.669883728027344,16.66208267211914,18.228870391845703,0,0,0,0,0,0,0,0.008708953857421875,0.0,21.0,0.0,652801710979.8246,0.0946044772863388,
6,navstack-1719303660243,navstack,Hospital,HandCrafted,,,1719306068,333859682,"builtin_interfaces.msg.Time(sec=1719306046, nanosec=853860139)",120.0,Handcrafted_LabStudy,1,1,"-2.0,16.5,0.5","-0.0,0.0,-0.0,-1.0","-9.75,1.75,0.0","-0.0,0.0,-0.0,-1.0",16.669891357421875,16.66208267211914,18.228870391845703,0,0,0,0,0,0,0,0.008708953857421875,0.0,21.0,0.0,652716498411.7827,0.0,
6,navstack-1719303660243,navstack,Hospital,HandCrafted,,,1719306068,333859682,"builtin_interfaces.msg.Time(sec=1719306046, nanosec=853860139)",120.0,Handcrafted_LabStudy,1,1,"-2.0,16.5,0.5","-0.0,0.0,-0.0,-1.0","-9.75,1.75,0.0","-0.0,0.0,-0.0,-1.0",16.669891357421875,16.66208267211914,18.228870391845703,0,0,0,0,0,0,0,0.008708953857421875,0.0,21.0,0.0,652716498411.7827,0.0,
6,navstack-1719303660243,navstack,Hospital,HandCrafted,,,1719306068,353860139,"builtin_interfaces.msg.Time(sec=1719306046, nanosec=853860139)",120.0,Handcrafted_LabStudy,1,1,"-2.0,16.5,0.5","-0.0,0.0,-0.0,-1.0","-9.75,1.75,0.0","-0.0,0.0,-0.0,-1.0",16.66990089416504,16.66208267211914,18.228870391845703,0,0,0,0,0,0,0,0.008708953857421875,0.0,21.0,0.0,652616659045.279,0.0946044772863388,
6,navstack-1719303660243,navstack,Hospital,HandCrafted,,,1719306068,353860139,"builtin_interfaces.msg.Time(sec=1719306046, nanosec=853860139)",120.0,Handcrafted_LabStudy,1,1,"-2.0,16.5,0.5","-0.0,0.0,-0.0,-1.0","-9.75,1.75,0.0","-0.0,0.0,-0.0,-1.0",16.66990089416504,16.66208267211914,18.228870391845703,0,0,0,0,0,0,0,0.008708953857421875,0.0,21.0,0.0,652616659045.279,0.0946044772863388,
6,navstack-1719303660243,navstack,Hospital,HandCrafted,,,1719306068,373860597,"builtin_interfaces.msg.Time(sec=1719306046, nanosec=853860139)",120.0,Handcrafted_LabStudy,1,1,"-2.0,16.5,0.5","-0.0,0.0,-0.0,-1.0","-9.75,1.75,0.0","-0.0,0.0,-0.0,-1.0",16.66990852355957,16.66208267211914,18.228870391845703,0,0,0,0,0,0,0,0.008708953857421875,0.0,21.0,0.0,652509990441.863,0.0946044772863388,
6,navstack-1719303660243,navstack,Hospital,HandCrafted,,,1719306068,373860597,"builtin_interfaces.msg.Time(sec=1719306046, nanosec=853860139)",120.0,Handcrafted_LabStudy,1,1,"-2.0,16.5,0.5","-0.0,0.0,-0.0,-1.0","-9.75,1.75,0.0","-0.0,0.0,-0.0,-1.0",16.66990852355957,16.66208267211914,18.228870391845703,0,0,0,0,0,0,0,0.008708953857421875,0.0,21.0,0.0,652509990441.863,0.0946044772863388,
6,navstack-1719303660243,navstack,Hospital,HandCrafted,,,1719306068,393859148,"builtin_interfaces.msg.Time(sec=1719306046, nanosec=853860139)",120.0,Handcrafted_LabStudy,1,1,"-2.0,16.5,0.5","-0.0,0.0,-0.0,-1.0","-9.75,1.75,0.0","-0.0,0.0,-0.0,-1.0",16.669918060302734,16.66208267211914,18.228870391845703,0,0,0,0,0,0,0,0.008708953857421875,0.0,21.0,0.0,652404799807.6295,0.0946044772863388,
6,navstack-1719303660243,navstack,Hospital,HandCrafted,,,1719306068,413859605,"builtin_interfaces.msg.Time(sec=1719306046, nanosec=853860139)",120.0,Handcrafted_LabStudy,1,1,"-2.0,16.5,0.5","-0.0,0.0,-0.0,-1.0","-9.75,1.75,0.0","-0.0,0.0,-0.0,-1.0",16.669923782348633,16.66208267211914,18.228870391845703,0,0,0,0,0,0,0,0.008708953857421875,0.0,21.0,0.0,652250173652.4625,0.1892089545726776,
6,navstack-1719303660243,navstack,Hospital,HandCrafted,,,1719306068,433860063,"builtin_interfaces.msg.Time(sec=1719306046, nanosec=853860139)",120.0,Handcrafted_LabStudy,1,1,"-2.0,16.5,0.5","-0.0,0.0,-0.0,-1.0","-9.75,1.75,0.0","-0.0,0.0,-0.0,-1.0",16.66993522644043,16.66208267211914,18.228870391845703,0,0,0,0,0,0,0,0.008708953857421875,0.0,21.0,0.0,652016603557.166,0.1892089545726776,
6,navstack-1719303660243,navstack,Hospital,HandCrafted,,,1719306068,453860521,"builtin_interfaces.msg.Time(sec=1719306046, nanosec=853860139)",120.0,Handcrafted_LabStudy,1,1,"-2.0,16.5,0.5","-0.0,0.0,-0.0,-1.0","-9.75,1.75,0.0","-0.0,0.0,-0.0,-1.0",16.669940948486328,16.66208267211914,18.228870391845703,0,0,0,0,0,0,0,0.008708953857421875,0.0,21.0,0.0,651853619231.4495,0.1892089545726776,
6,navstack-1719303660243,navstack,Hospital,HandCrafted,,,1719306068,473859071,"builtin_interfaces.msg.Time(sec=1719306046, nanosec=853860139)",120.0,Handcrafted_LabStudy,1,1,"-2.0,16.5,0.5","-0.0,0.0,-0.0,-1.0","-9.75,1.75,0.0","-0.0,0.0,-0.0,-1.0",16.66994857788086,16.66208267211914,18.228870391845703,0,0,0,0,0,0,0,0.008708953857421875,0.0,21.0,0.0,652497860901.6752,0.0946044772863388,
6,navstack-1719303660243,navstack,Hospital,HandCrafted,,,1719306068,493859291,"builtin_interfaces.msg.Time(sec=1719306046, nanosec=853860139)",120.0,Handcrafted_LabStudy,1,1,"-2.0,16.5,0.5","-0.0,0.0,-0.0,-1.0","-9.75,1.75,0.0","-0.0,0.0,-0.0,-1.0",16.669958114624023,16.66208267211914,18.228870391845703,0,0,0,0,0,0,0,0.008708953857421875,0.0,21.0,0.0,652570383320.529,0.0946044772863388,
6,navstack-1719303660243,navstack,Hospital,HandCrafted,,,1719306068,533860445,"builtin_interfaces.msg.Time(sec=1719306046, nanosec=853860139)",120.0,Handcrafted_LabStudy,1,1,"-2.0,16.5,0.5","-0.0,0.0,-0.0,-1.0","-9.75,1.75,0.0","-0.0,0.0,-0.0,-1.0",16.66997528076172,16.66208267211914,18.228870391845703,0,0,0,0,0,0,0,0.008708953857421875,0.0,21.0,0.0,652668489895.5773,0.0946044772863388,
6,navstack-1719303660243,navstack,Hospital,HandCrafted,,,1719306068,553858995,"builtin_interfaces.msg.Time(sec=1719306046, nanosec=853860139)",120.0,Handcrafted_LabStudy,1,1,"-2.0,16.5,0.5","-0.0,0.0,-0.0,-1.0","-9.75,1.75,0.0","-0.0,0.0,-0.0,-1.0",16.669981002807617,16.66208267211914,18.228870391845703,0,0,0,0,0,0,0,0.008708953857421875,0.0,21.0,0.0,652758493122.3488,0.0946044772863388,
6,navstack-1719303660243,navstack,Hospital,HandCrafted,,,1719306068,573859453,"builtin_interfaces.msg.Time(sec=1719306046, nanosec=853860139)",120.0,Handcrafted_LabStudy,1,1,"-2.0,16.5,0.5","-0.0,0.0,-0.0,-1.0","-9.75,1.75,0.0","-0.0,0.0,-0.0,-1.0",16.66998863220215,16.66208267211914,18.228870391845703,0,0,0,0,0,0,0,0.008708953857421875,0.0,21.0,0.0,652124953987.5829,0.0946044772863388,
6,navstack-1719303660243,navstack,Hospital,HandCrafted,,,1719306068,573859453,"builtin_interfaces.msg.Time(sec=1719306046, nanosec=853860139)",120.0,Handcrafted_LabStudy,1,1,"-2.0,16.5,0.5","-0.0,0.0,-0.0,-1.0","-9.75,1.75,0.0","-0.0,0.0,-0.0,-1.0",16.66998863220215,16.66208267211914,18.228870391845703,0,0,0,0,0,0,0,0.008708953857421875,0.0,21.0,0.0,652124953987.5829,0.0,
6,navstack-1719303660243,navstack,Hospital,HandCrafted,,,1719306068,593859910,"builtin_interfaces.msg.Time(sec=1719306046, nanosec=853860139)",120.0,Handcrafted_LabStudy,1,1,"-2.0,16.5,0.5","-0.0,0.0,-0.0,-1.0","-9.75,1.75,0.0","-0.0,0.0,-0.0,-1.0",16.669998168945312,16.66208267211914,18.228870391845703,0,0,0,0,0,0,0,0.008708953857421875,0.0,21.0,0.0,652168783418.5134,0.0946044772863388,
6,navstack-1719303660243,navstack,Hospital,HandCrafted,,,1719306068,613860368,"builtin_interfaces.msg.Time(sec=1719306046, nanosec=853860139)",120.0,Handcrafted_LabStudy,1,1,"-2.0,16.5,0.5","-0.0,0.0,-0.0,-1.0","-9.75,1.75,0.0","-0.0,0.0,-0.0,-1.0",16.670005798339844,16.66208267211914,18.228870391845703,0,0,0,0,0,0,0,0.008708953857421875,0.0,21.0,0.0,652222499953.6307,0.1892089545726776,
6,navstack-1719303660243,navstack,Hospital,HandCrafted,,,1719306068,633858919,"builtin_interfaces.msg.Time(sec=1719306046, nanosec=853860139)",120.0,Handcrafted_LabStudy,1,1,"-2.0,16.5,0.5","-0.0,0.0,-0.0,-1.0","-9.75,1.75,0.0","-0.0,0.0,-0.0,-1.0",16.670015335083008,16.66208267211914,18.228870391845703,0,0,0,0,0,0,0,0.008708953857421875,0.0,21.0,0.0,652299303386.6686,0.1892089545726776,
6,navstack-1719303660243,navstack,Hospital,HandCrafted,,,1719306068,653859376,"builtin_interfaces.msg.Time(sec=1719306046, nanosec=853860139)",120.0,Handcrafted_LabStudy,1,1,"-2.0,16.5,0.5","-0.0,0.0,-0.0,-1.0","-9.75,1.75,0.0","-0.0,0.0,-0.0,-1.0",16.67002296447754,16.66208267211914,18.228870391845703,0,0,0,0,0,0,0,0.008708953857421875,0.0,21.0,0.0,652368054435.8842,0.1892089545726776,
6,navstack-1719303660243,navstack,Hospital,HandCrafted,,,1719306068,673859834,"builtin_interfaces.msg.Time(sec=1719306046, nanosec=853860139)",120.0,Handcrafted_LabStudy,1,1,"-2.0,16.5,0.5","-0.0,0.0,-0.0,-1.0","-9.75,1.75,0.0","-0.0,0.0,-0.0,-1.0",16.670032501220703,16.66208267211914,18.228870391845703,0,0,0,0,0,0,0,0.008708953857421875,0.0,21.0,0.0,652663699236.8477,0.1892089545726776,
6,navstack-1719303660243,navstack,Hospital,HandCrafted,,,1719306068,673859834,"builtin_interfaces.msg.Time(sec=1719306046, nanosec=853860139)",120.0,Handcrafted_LabStudy,1,1,"-2.0,16.5,0.5","-0.0,0.0,-0.0,-1.0","-9.75,1.75,0.0","-0.0,0.0,-0.0,-1.0",16.670032501220703,16.66208267211914,18.228870391845703,0,0,0,0,0,0,0,0.008708953857421875,0.0,21.0,0.0,652663699236.8477,0.0946044772863388,
6,navstack-1719303660243,navstack,Hospital,HandCrafted,,,1719306068,693860292,"builtin_interfaces.msg.Time(sec=1719306046, nanosec=853860139)",120.0,Handcrafted_LabStudy,1,1,"-2.0,16.5,0.5","-0.0,0.0,-0.0,-1.0","-9.75,1.75,0.0","-0.0,0.0,-0.0,-1.0",16.670040130615234,16.66208267211914,18.228870391845703,0,0,0,0,0,0,0,0.008708953857421875,0.0,21.0,0.0,652026235839.0798,0.0946044772863388,
6,navstack-1719303660243,navstack,Hospital,HandCrafted,,,1719306068,693860292,"builtin_interfaces.msg.Time(sec=1719306046, nanosec=853860139)",120.0,Handcrafted_LabStudy,1,1,"-2.0,16.5,0.5","-0.0,0.0,-0.0,-1.0","-9.75,1.75,0.0","-0.0,0.0,-0.0,-1.0",16.670040130615234,16.66208267211914,18.228870391845703,0,0,0,0,0,0,0,0.008708953857421875,0.0,21.0,0.0,652026235839.0798,0.0946044772863388,
6,navstack-1719303660243,navstack,Hospital,HandCrafted,,,1719306068,713858842,"builtin_interfaces.msg.Time(sec=1719306046, nanosec=853860139)",120.0,Handcrafted_LabStudy,1,1,"-2.0,16.5,0.5","-0.0,0.0,-0.0,-1.0","-9.75,1.75,0.0","-0.0,0.0,-0.0,-1.0",16.670045852661133,16.66208267211914,18.228870391845703,0,0,0,0,0,0,0,0.008708953857421875,0.0,21.0,0.0,652211899347.0801,0.0,
6,navstack-1719303660243,navstack,Hospital,HandCrafted,,,1719306068,713858842,"builtin_interfaces.msg.Time(sec=1719306046, nanosec=853860139)",120.0,Handcrafted_LabStudy,1,1,"-2.0,16.5,0.5","-0.0,0.0,-0.0,-1.0","-9.75,1.75,0.0","-0.0,0.0,-0.0,-1.0",16.670045852661133,16.66208267211914,18.228870391845703,0,0,0,0,0,0,0,0.008708953857421875,0.0,21.0,0.0,652211899347.0801,0.0,
6,navstack-1719303660243,navstack,Hospital,HandCrafted,,,1719306068,733859300,"builtin_interfaces.msg.Time(sec=1719306046, nanosec=853860139)",120.0,Handcrafted_LabStudy,1,1,"-2.0,16.5,0.5","-0.0,0.0,-0.0,-1.0","-9.75,1.75,0.0","-0.0,0.0,-0.0,-1.0",16.670055389404297,16.66208267211914,18.228870391845703,0,0,0,0,0,0,0,0.008708953857421875,0.0,21.0,0.0,652466568726.569,0.0946044772863388,
6,navstack-1719303660243,navstack,Hospital,HandCrafted,,,1719306068,733859300,"builtin_interfaces.msg.Time(sec=1719306046, nanosec=853860139)",120.0,Handcrafted_LabStudy,1,1,"-2.0,16.5,0.5","-0.0,0.0,-0.0,-1.0","-9.75,1.75,0.0","-0.0,0.0,-0.0,-1.0",16.670055389404297,16.66208267211914,18.228870391845703,0,0,0,0,0,0,0,0.008708953857421875,0.0,21.0,0.0,652466568726.569,0.0946044772863388,
6,navstack-1719303660243,navstack,Hospital,HandCrafted,,,1719306068,753859519,"builtin_interfaces.msg.Time(sec=1719306046, nanosec=853860139)",120.0,Handcrafted_LabStudy,1,1,"-2.0,16.5,0.5","-0.0,0.0,-0.0,-1.0","-9.75,1.75,0.0","-0.0,0.0,-0.0,-1.0",16.670063018798828,16.66208267211914,18.228870391845703,0,0,0,0,0,0,0,0.008708953857421875,0.0,21.0,0.0,652659622080.4819,0.0946044772863388,
6,navstack-1719303660243,navstack,Hospital,HandCrafted,,,1719306068,773860216,"builtin_interfaces.msg.Time(sec=1719306046, nanosec=853860139)",120.0,Handcrafted_LabStudy,1,1,"-2.0,16.5,0.5","-0.0,0.0,-0.0,-1.0","-9.75,1.75,0.0","-0.0,0.0,-0.0,-1.0",16.670072555541992,16.66208267211914,18.228870391845703,0,0,0,0,0,0,0,0.008708953857421875,0.0,21.0,0.0,652851248429.6671,0.1892089545726776,
6,navstack-1719303660243,navstack,Hospital,HandCrafted,,,1719306068,793858528,"builtin_interfaces.msg.Time(sec=1719306046, nanosec=853860139)",120.0,Handcrafted_LabStudy,1,1,"-2.0,16.5,0.5","-0.0,0.0,-0.0,-1.0","-9.75,1.75,0.0","-0.0,0.0,-0.0,-1.0",16.670080184936523,16.66208267211914,18.228870391845703,0,0,0,0,0,0,0,0.008708953857421875,0.0,21.0,0.0,652215263001.0818,0.1892089545726776,
6,navstack-1719303660243,navstack,Hospital,HandCrafted,,,1719306068,813859224,"builtin_interfaces.msg.Time(sec=1719306046, nanosec=853860139)",120.0,Handcrafted_LabStudy,1,1,"-2.0,16.5,0.5","-0.0,0.0,-0.0,-1.0","-9.75,1.75,0.0","-0.0,0.0,-0.0,-1.0",16.670085906982422,16.66208267211914,18.228870391845703,0,0,0,0,0,0,0,0.008708953857421875,0.0,21.0,0.0,652599382095.1797,0.0946044772863388,
6,navstack-1719303660243,navstack,Hospital,HandCrafted,,,1719306068,833859682,"builtin_interfaces.msg.Time(sec=1719306046, nanosec=853860139)",120.0,Handcrafted_LabStudy,1,1,"-2.0,16.5,0.5","-0.0,0.0,-0.0,-1.0","-9.75,1.75,0.0","-0.0,0.0,-0.0,-1.0",16.67009735107422,16.66208267211914,18.228870391845703,0,0,0,0,0,0,0,0.008708953857421875,0.0,21.0,0.0,652985488803.0057,0.0946044772863388,
6,navstack-1719303660243,navstack,Hospital,HandCrafted,,,1719306068,853860139,"builtin_interfaces.msg.Time(sec=1719306046, nanosec=853860139)",120.0,Handcrafted_LabStudy,1,1,"-2.0,16.5,0.5","-0.0,0.0,-0.0,-1.0","-9.75,1.75,0.0","-0.0,0.0,-0.0,-1.0",16.670103073120117,16.66208267211914,18.228870391845703,0,0,0,0,0,0,0,0.008708953857421875,0.0,21.0,0.0,652085609428.6544,0.1892089545726776,
6,navstack-1719303660243,navstack,Hospital,HandCrafted,,,1719306068,853860139,"builtin_interfaces.msg.Time(sec=1719306046, nanosec=853860139)",120.0,Handcrafted_LabStudy,1,1,"-2.0,16.5,0.5","-0.0,0.0,-0.0,-1.0","-9.75,1.75,0.0","-0.0,0.0,-0.0,-1.0",16.670103073120117,16.66208267211914,18.228870391845703,0,0,0,0,0,0,0,0.008708953857421875,0.0,21.0,0.0,652085609428.6544,0.0946044772863388,
6,navstack-1719303660243,navstack,Hospital,HandCrafted,,,1719306068,873860597,"builtin_interfaces.msg.Time(sec=1719306046, nanosec=853860139)",120.0,Handcrafted_LabStudy,1,1,"-2.0,16.5,0.5","-0.0,0.0,-0.0,-1.0","-9.75,1.75,0.0","-0.0,0.0,-0.0,-1.0",16.670114517211914,16.66208267211914,18.228870391845703,0,0,0,0,0,0,0,0.008708953857421875,0.0,21.0,0.0,652370908445.3401,0.0946044772863388,
6,navstack-1719303660243,navstack,Hospital,HandCrafted,,,1719306068,893859148,"builtin_interfaces.msg.Time(sec=1719306046, nanosec=853860139)",120.0,Handcrafted_LabStudy,1,1,"-2.0,16.5,0.5","-0.0,0.0,-0.0,-1.0","-9.75,1.75,0.0","-0.0,0.0,-0.0,-1.0",16.670120239257812,16.66208267211914,18.228870391845703,0,0,0,0,0,0,0,0.008708953857421875,0.0,21.0,0.0,652570536213.8927,0.1892089545726776,
6,navstack-1719303660243,navstack,Hospital,HandCrafted,,,1719306068,893859148,"builtin_interfaces.msg.Time(sec=1719306046, nanosec=853860139)",120.0,Handcrafted_LabStudy,1,1,"-2.0,16.5,0.5","-0.0,0.0,-0.0,-1.0","-9.75,1.75,0.0","-0.0,0.0,-0.0,-1.0",16.670120239257812,16.66208267211914,18.228870391845703,0,0,0,0,0,0,0,0.008708953857421875,0.0,21.0,0.0,652570536213.8927,0.0946044772863388,
6,navstack-1719303660243,navstack,Hospital,HandCrafted,,,1719306068,913859605,"builtin_interfaces.msg.Time(sec=1719306046, nanosec=853860139)",120.0,Handcrafted_LabStudy,1,1,"-2.0,16.5,0.5","-0.0,0.0,-0.0,-1.0","-9.75,1.75,0.0","-0.0,0.0,-0.0,-1.0",16.670127868652344,16.66208267211914,18.228870391845703,0,0,0,0,0,0,0,0.008708953857421875,0.0,21.0,0.0,652842329650.1172,0.0,
6,navstack-1719303660243,navstack,Hospital,HandCrafted,,,1719306068,913859605,"builtin_interfaces.msg.Time(sec=1719306046, nanosec=853860139)",120.0,Handcrafted_LabStudy,1,1,"-2.0,16.5,0.5","-0.0,0.0,-0.0,-1.0","-9.75,1.75,0.0","-0.0,0.0,-0.0,-1.0",16.670127868652344,16.66208267211914,18.228870391845703,0,0,0,0,0,0,0,0.008708953857421875,0.0,21.0,0.0,651946629361.0406,0.0,
6,navstack-1719303660243,navstack,Hospital,HandCrafted,,,1719306068,933860063,"builtin_interfaces.msg.Time(sec=1719306046, nanosec=853860139)",120.0,Handcrafted_LabStudy,1,1,"-2.0,16.5,0.5","-0.0,0.0,-0.0,-1.0","-9.75,1.75,0.0","-0.0,0.0,-0.0,-1.0",16.670137405395508,16.66208267211914,18.228870391845703,0,0,0,0,0,0,0,0.008708953857421875,0.0,21.0,0.0,651944234031.6759,0.0946044772863388,
6,navstack-1719303660243,navstack,Hospital,HandCrafted,,,1719306068,953860521,"builtin_interfaces.msg.Time(sec=1719306046, nanosec=853860139)",120.0,Handcrafted_LabStudy,1,1,"-2.0,16.5,0.5","-0.0,0.0,-0.0,-1.0","-9.75,1.75,0.0","-0.0,0.0,-0.0,-1.0",16.670143127441406,16.66208267211914,18.228870391845703,0,0,0,0,0,0,0,0.008708953857421875,0.0,21.0,0.0,652378960829.1622,0.1892089545726776,
6,navstack-1719303660243,navstack,Hospital,HandCrafted,,,1719306068,973859071,"builtin_interfaces.msg.Time(sec=1719306046, nanosec=853860139)",120.0,Handcrafted_LabStudy,1,1,"-2.0,16.5,0.5","-0.0,0.0,-0.0,-1.0","-9.75,1.75,0.0","-0.0,0.0,-0.0,-1.0",16.670154571533203,16.66208267211914,18.228870391845703,0,0,0,0,0,0,0,0.008708953857421875,0.0,21.0,0.0,652760939416.1681,0.1892089545726776,
6,navstack-1719303660243,navstack,Hospital,HandCrafted,,,1719306069,13859748,"builtin_interfaces.msg.Time(sec=1719306046, nanosec=853860139)",120.0,Handcrafted_LabStudy,1,1,"-2.0,16.5,0.5","-0.0,0.0,-0.0,-1.0","-9.75,1.75,0.0","-0.0,0.0,-0.0,-1.0",16.6701717376709,16.66208267211914,18.228870391845703,0,0,0,0,0,0,0,0.008708953857421875,0.0,21.0,0.0,652129540788.4941,0.0946044772863388,
6,navstack-1719303660243,navstack,Hospital,HandCrafted,,,1719306069,13859748,"builtin_interfaces.msg.Time(sec=1719306046, nanosec=853860139)",120.0,Handcrafted_LabStudy,1,1,"-2.0,16.5,0.5","-0.0,0.0,-0.0,-1.0","-9.75,1.75,0.0","-0.0,0.0,-0.0,-1.0",16.6701717376709,16.66208267211914,18.228870391845703,0,0,0,0,0,0,0,0.008708953857421875,0.0,21.0,0.0,652129540788.4941,0.0,
6,navstack-1719303660243,navstack,Hospital,HandCrafted,,,1719306069,33860445,"builtin_interfaces.msg.Time(sec=1719306046, nanosec=853860139)",120.0,Handcrafted_LabStudy,1,1,"-2.0,16.5,0.5","-0.0,0.0,-0.0,-1.0","-9.75,1.75,0.0","-0.0,0.0,-0.0,-1.0",16.670177459716797,16.66208267211914,18.228870391845703,0,0,0,0,0,0,0,0.008708953857421875,0.0,21.0,0.0,652338953732.3243,0.0946044772863388,
6,navstack-1719303660243,navstack,Hospital,HandCrafted,,,1719306069,53858995,"builtin_interfaces.msg.Time(sec=1719306046, nanosec=853860139)",120.0,Handcrafted_LabStudy,1,1,"-2.0,16.5,0.5","-0.0,0.0,-0.0,-1.0","-9.75,1.75,0.0","-0.0,0.0,-0.0,-1.0",16.670185089111328,16.66208267211914,18.228870391845703,0,0,0,0,0,0,0,0.008708953857421875,0.0,21.0,0.0,651713670839.1989,0.0946044772863388,
6,navstack-1719303660243,navstack,Hospital,HandCrafted,,,1719306069,73859453,"builtin_interfaces.msg.Time(sec=1719306046, nanosec=853860139)",120.0,Handcrafted_LabStudy,1,1,"-2.0,16.5,0.5","-0.0,0.0,-0.0,-1.0","-9.75,1.75,0.0","-0.0,0.0,-0.0,-1.0",16.670194625854492,16.66208267211914,18.228870391845703,0,0,0,0,0,0,0,0.008708953857421875,0.0,21.0,0.0,652343693426.5995,0.0946044772863388,
6,navstack-1719303660243,navstack,Hospital,HandCrafted,,,1719306069,93859910,"builtin_interfaces.msg.Time(sec=1719306046, nanosec=853860139)",120.0,Handcrafted_LabStudy,1,1,"-2.0,16.5,0.5","-0.0,0.0,-0.0,-1.0","-9.75,1.75,0.0","-0.0,0.0,-0.0,-1.0",16.670202255249023,16.66208267211914,18.228870391845703,0,0,0,0,0,0,0,0.008708953857421875,0.0,21.0,0.0,651717391244.3826,0.1892089545726776,
6,navstack-1719303660243,navstack,Hospital,HandCrafted,,,1719306069,113860368,"builtin_interfaces.msg.Time(sec=1719306046, nanosec=853860139)",120.0,Handcrafted_LabStudy,1,1,"-2.0,16.5,0.5","-0.0,0.0,-0.0,-1.0","-9.75,1.75,0.0","-0.0,0.0,-0.0,-1.0",16.670211791992188,16.66208267211914,18.228870391845703,0,0,0,0,0,0,0,0.008708953857421875,0.0,21.0,0.0,651877623489.5522,0.1892089545726776,
6,navstack-1719303660243,navstack,Hospital,HandCrafted,,,1719306069,113860368,"builtin_interfaces.msg.Time(sec=1719306046, nanosec=853860139)",120.0,Handcrafted_LabStudy,1,1,"-2.0,16.5,0.5","-0.0,0.0,-0.0,-1.0","-9.75,1.75,0.0","-0.0,0.0,-0.0,-1.0",16.670211791992188,16.66208267211914,18.098907470703125,0,0,0,0,0,0,0,0.009181976318359375,0.0,22.0,0.0,651877623489.5522,0.0946044772863388,
6,navstack-1719303660243,navstack,Hospital,HandCrafted,,,1719306069,133858919,"builtin_interfaces.msg.Time(sec=1719306046, nanosec=853860139)",120.0,Handcrafted_LabStudy,1,1,"-2.0,16.5,0.5","-0.0,0.0,-0.0,-1.0","-9.75,1.75,0.0","-0.0,0.0,-0.0,-1.0",16.670217514038086,16.66208267211914,18.098907470703125,0,0,0,0,0,0,0,0.009181976318359375,0.0,22.0,0.0,651985464275.4233,0.0946044772863388,
6,navstack-1719303660243,navstack,Hospital,HandCrafted,,,1719306069,133858919,"builtin_interfaces.msg.Time(sec=1719306046, nanosec=853860139)",120.0,Handcrafted_LabStudy,1,1,"-2.0,16.5,0.5","-0.0,0.0,-0.0,-1.0","-9.75,1.75,0.0","-0.0,0.0,-0.0,-1.0",16.670217514038086,16.66208267211914,18.098907470703125,0,0,0,0,0,0,0,0.009181976318359375,0.0,22.0,0.0,651985464275.4233,0.0946044772863388,
6,navstack-1719303660243,navstack,Hospital,HandCrafted,,,1719306069,153859376,"builtin_interfaces.msg.Time(sec=1719306046, nanosec=853860139)",120.0,Handcrafted_LabStudy,1,1,"-2.0,16.5,0.5","-0.0,0.0,-0.0,-1.0","-9.75,1.75,0.0","-0.0,0.0,-0.0,-1.0",16.670225143432617,16.66208267211914,18.098907470703125,0,0,0,0,0,0,0,0.009181976318359375,0.0,22.0,0.0,652072409634.9207,0.0,
6,navstack-1719303660243,navstack,Hospital,HandCrafted,,,1719306069,173859834,"builtin_interfaces.msg.Time(sec=1719306046, nanosec=853860139)",120.0,Handcrafted_LabStudy,1,1,"-2.0,16.5,0.5","-0.0,0.0,-0.0,-1.0","-9.75,1.75,0.0","-0.0,0.0,-0.0,-1.0",16.67023468017578,16.66208267211914,18.098907470703125,0,0,0,0,0,0,0,0.009181976318359375,0.0,22.0,0.0,652172962503.7882,0.0946044772863388,
6,navstack-1719303660243,navstack,Hospital,HandCrafted,,,1719306069,193860292,"builtin_interfaces.msg.Time(sec=1719306046, nanosec=853860139)",120.0,Handcrafted_LabStudy,1,1,"-2.0,16.5,0.5","-0.0,0.0,-0.0,-1.0","-9.75,1.75,0.0","-0.0,0.0,-0.0,-1.0",16.670242309570312,16.66208267211914,18.098907470703125,0,0,0,0,0,0,0,0.009181976318359375,0.0,22.0,0.0,652353274744.0587,0.1892089545726776,
6,navstack-1719303660243,navstack,Hospital,HandCrafted,,,1719306069,193860292,"builtin_interfaces.msg.Time(sec=1719306046, nanosec=853860139)",120.0,Handcrafted_LabStudy,1,1,"-2.0,16.5,0.5","-0.0,0.0,-0.0,-1.0","-9.75,1.75,0.0","-0.0,0.0,-0.0,-1.0",16.670242309570312,16.66208267211914,18.098907470703125,0,0,0,0,0,0,0,0.009181976318359375,0.0,22.0,0.0,652353274744.0587,0.0946044772863388,
6,navstack-1719303660243,navstack,Hospital,HandCrafted,,,1719306069,213858842,"builtin_interfaces.msg.Time(sec=1719306046, nanosec=853860139)",120.0,Handcrafted_LabStudy,1,1,"-2.0,16.5,0.5","-0.0,0.0,-0.0,-1.0","-9.75,1.75,0.0","-0.0,0.0,-0.0,-1.0",16.670251846313477,16.66208267211914,18.098907470703125,0,0,0,0,0,0,0,0.009181976318359375,0.0,22.0,0.0,652353019921.7859,0.0946044772863388,
6,navstack-1719303660243,navstack,Hospital,HandCrafted,,,1719306069,233859300,"builtin_interfaces.msg.Time(sec=1719306046, nanosec=853860139)",120.0,Handcrafted_LabStudy,1,1,"-2.0,16.5,0.5","-0.0,0.0,-0.0,-1.0","-9.75,1.75,0.0","-0.0,0.0,-0.0,-1.0",16.670259475708008,16.66208267211914,18.098907470703125,0,0,0,0,0,0,0,0.009181976318359375,0.0,22.0,0.0,652252314159.5546,0.1892089545726776,
6,navstack-1719303660243,navstack,Hospital,HandCrafted,,,1719306069,233859300,"builtin_interfaces.msg.Time(sec=1719306046, nanosec=853860139)",120.0,Handcrafted_LabStudy,1,1,"-2.0,16.5,0.5","-0.0,0.0,-0.0,-1.0","-9.75,1.75,0.0","-0.0,0.0,-0.0,-1.0",16.670259475708008,16.66208267211914,18.098907470703125,0,0,0,0,0,0,0,0.009181976318359375,0.0,22.0,0.0,651620456851.7894,0.0946044772863388,
6,navstack-1719303660243,navstack,Hospital,HandCrafted,,,1719306069,253859519,"builtin_interfaces.msg.Time(sec=1719306046, nanosec=853860139)",120.0,Handcrafted_LabStudy,1,1,"-2.0,16.5,0.5","-0.0,0.0,-0.0,-1.0","-9.75,1.75,0.0","-0.0,0.0,-0.0,-1.0",16.670269012451172,16.66208267211914,18.098907470703125,0,0,0,0,0,0,0,0.009181976318359375,0.0,22.0,0.0,651616838375.5149,0.0946044772863388,
6,navstack-1719303660243,navstack,Hospital,HandCrafted,,,1719306069,253859519,"builtin_interfaces.msg.Time(sec=1719306046, nanosec=853860139)",120.0,Handcrafted_LabStudy,1,1,"-2.0,16.5,0.5","-0.0,0.0,-0.0,-1.0","-9.75,1.75,0.0","-0.0,0.0,-0.0,-1.0",16.670269012451172,16.66208267211914,18.098907470703125,0,0,0,0,0,0,0,0.009181976318359375,0.0,22.0,0.0,651616838375.5149,0.0946044772863388,
6,navstack-1719303660243,navstack,Hospital,HandCrafted,,,1719306069,273860216,"builtin_interfaces.msg.Time(sec=1719306046, nanosec=853860139)",120.0,Handcrafted_LabStudy,1,1,"-2.0,16.5,0.5","-0.0,0.0,-0.0,-1.0","-9.75,1.75,0.0","-0.0,0.0,-0.0,-1.0",16.670276641845703,16.66208267211914,18.098907470703125,0,0,0,0,0,0,0,0.009181976318359375,0.0,22.0,0.0,651491210994.9987,0.0946044772863388,
6,navstack-1719303660243,navstack,Hospital,HandCrafted,,,1719306069,293858528,"builtin_interfaces.msg.Time(sec=1719306046, nanosec=853860139)",120.0,Handcrafted_LabStudy,1,1,"-2.0,16.5,0.5","-0.0,0.0,-0.0,-1.0","-9.75,1.75,0.0","-0.0,0.0,-0.0,-1.0",16.6702823638916,16.66208267211914,18.098907470703125,0,0,0,0,0,0,0,0.009181976318359375,0.0,22.0,0.0,651345248797.1088,0.0946044772863388,
6,navstack-1719303660243,navstack,Hospital,HandCrafted,,,1719306069,313859224,"builtin_interfaces.msg.Time(sec=1719306046, nanosec=853860139)",120.0,Handcrafted_LabStudy,1,1,"-2.0,16.5,0.5","-0.0,0.0,-0.0,-1.0","-9.75,1.75,0.0","-0.0,0.0,-0.0,-1.0",16.670291900634766,16.66208267211914,18.098907470703125,0,0,0,0,0,0,0,0.009181976318359375,0.0,22.0,0.0,651203363755.5845,0.0946044772863388,
6,navstack-1719303660243,navstack,Hospital,HandCrafted,,,1719306069,333859682,"builtin_interfaces.msg.Time(sec=1719306046, nanosec=853860139)",120.0,Handcrafted_LabStudy,1,1,"-2.0,16.5,0.5","-0.0,0.0,-0.0,-1.0","-9.75,1.75,0.0","-0.0,0.0,-0.0,-1.0",16.670299530029297,16.66208267211914,18.098907470703125,0,0,0,0,0,0,0,0.009181976318359375,0.0,22.0,0.0,651824212741.1624,0.1892089545726776,
6,navstack-1719303660243,navstack,Hospital,HandCrafted,,,1719306069,353860139,"builtin_interfaces.msg.Time(sec=1719306046, nanosec=853860139)",120.0,Handcrafted_LabStudy,1,1,"-2.0,16.5,0.5","-0.0,0.0,-0.0,-1.0","-9.75,1.75,0.0","-0.0,0.0,-0.0,-1.0",16.67030906677246,16.66208267211914,18.098907470703125,0,0,0,0,0,0,0,0.009181976318359375,0.0,22.0,0.0,651686150033.7308,0.1892089545726776,
6,navstack-1719303660243,navstack,Hospital,HandCrafted,,,1719306069,353860139,"builtin_interfaces.msg.Time(sec=1719306046, nanosec=853860139)",120.0,Handcrafted_LabStudy,1,1,"-2.0,16.5,0.5","-0.0,0.0,-0.0,-1.0","-9.75,1.75,0.0","-0.0,0.0,-0.0,-1.0",16.67030906677246,16.66208267211914,18.098907470703125,0,0,0,0,0,0,0,0.009181976318359375,0.0,22.0,0.0,651686150033.7308,0.0946044772863388,
6,navstack-1719303660243,navstack,Hospital,HandCrafted,,,1719306069,373858690,"builtin_interfaces.msg.Time(sec=1719306046, nanosec=853860139)",120.0,Handcrafted_LabStudy,1,1,"-2.0,16.5,0.5","-0.0,0.0,-0.0,-1.0","-9.75,1.75,0.0","-0.0,0.0,-0.0,-1.0",16.670316696166992,16.66208267211914,18.098907470703125,0,0,0,0,0,0,0,0.009181976318359375,0.0,22.0,0.0,651571327117.5835,0.0946044772863388,
6,navstack-1719303660243,navstack,Hospital,HandCrafted,,,1719306069,393859148,"builtin_interfaces.msg.Time(sec=1719306046, nanosec=853860139)",120.0,Handcrafted_LabStudy,1,1,"-2.0,16.5,0.5","-0.0,0.0,-0.0,-1.0","-9.75,1.75,0.0","-0.0,0.0,-0.0,-1.0",16.67032241821289,16.66208267211914,18.098907470703125,0,0,0,0,0,0,0,0.009181976318359375,0.0,22.0,0.0,652190035596.0693,0.0946044772863388,
6,navstack-1719303660243,navstack,Hospital,HandCrafted,,,1719306069,413859605,"builtin_interfaces.msg.Time(sec=1719306046, nanosec=853860139)",120.0,Handcrafted_LabStudy,1,1,"-2.0,16.5,0.5","-0.0,0.0,-0.0,-1.0","-9.75,1.75,0.0","-0.0,0.0,-0.0,-1.0",16.670333862304688,16.66208267211914,18.098907470703125,0,0,0,0,0,0,0,0.009181976318359375,0.0,22.0,0.0,651976392602.5099,0.0946044772863388,
6,navstack-1719303660243,navstack,Hospital,HandCrafted,,,1719306069,433860063,"builtin_interfaces.msg.Time(sec=1719306046, nanosec=853860139)",120.0,Handcrafted_LabStudy,1,1,"-2.0,16.5,0.5","-0.0,0.0,-0.0,-1.0","-9.75,1.75,0.0","-0.0,0.0,-0.0,-1.0",16.670339584350586,16.66208267211914,18.098907470703125,0,0,0,0,0,0,0,0.009181976318359375,0.0,22.0,0.0,651624686901.5188,0.1892089545726776,
6,navstack-1719303660243,navstack,Hospital,HandCrafted,,,1719306069,453860521,"builtin_interfaces.msg.Time(sec=1719306046, nanosec=853860139)",120.0,Handcrafted_LabStudy,1,1,"-2.0,16.5,0.5","-0.0,0.0,-0.0,-1.0","-9.75,1.75,0.0","-0.0,0.0,-0.0,-1.0",16.67034912109375,16.66208267211914,18.098907470703125,0,0,0,0,0,0,0,0.009181976318359375,0.0,22.0,0.0,651382503813.3998,0.1892089545726776,
6,navstack-1719303660243,navstack,Hospital,HandCrafted,,,1719306069,473859071,"builtin_interfaces.msg.Time(sec=1719306046, nanosec=853860139)",120.0,Handcrafted_LabStudy,1,1,"-2.0,16.5,0.5","-0.0,0.0,-0.0,-1.0","-9.75,1.75,0.0","-0.0,0.0,-0.0,-1.0",16.67035675048828,16.66208267211914,18.098907470703125,0,0,0,0,0,0,0,0.009181976318359375,0.0,22.0,0.0,652004066301.3417,0.1892089545726776,
6,navstack-1719303660243,navstack,Hospital,HandCrafted,,,1719306069,493859291,"builtin_interfaces.msg.Time(sec=1719306046, nanosec=853860139)",120.0,Handcrafted_LabStudy,1,1,"-2.0,16.5,0.5","-0.0,0.0,-0.0,-1.0","-9.75,1.75,0.0","-0.0,0.0,-0.0,-1.0",16.670364379882812,16.66208267211914,18.098907470703125,0,0,0,0,0,0,0,0.009181976318359375,0.0,22.0,0.0,652625781682.6472,0.0946044772863388,
6,navstack-1719303660243,navstack,Hospital,HandCrafted,,,1719306069,513859748,"builtin_interfaces.msg.Time(sec=1719306046, nanosec=853860139)",120.0,Handcrafted_LabStudy,1,1,"-2.0,16.5,0.5","-0.0,0.0,-0.0,-1.0","-9.75,1.75,0.0","-0.0,0.0,-0.0,-1.0",16.670373916625977,16.66208267211914,18.098907470703125,0,0,0,0,0,0,0,0.009181976318359375,0.0,22.0,0.0,652320504599.7699,0.0946044772863388,
6,navstack-1719303660243,navstack,Hospital,HandCrafted,,,1719306069,533860445,"builtin_interfaces.msg.Time(sec=1719306046, nanosec=853860139)",120.0,Handcrafted_LabStudy,1,1,"-2.0,16.5,0.5","-0.0,0.0,-0.0,-1.0","-9.75,1.75,0.0","-0.0,0.0,-0.0,-1.0",16.670379638671875,16.66208267211914,18.098907470703125,0,0,0,0,0,0,0,0.009181976318359375,0.0,22.0,0.0,652005187519.3422,0.1892089545726776,
6,navstack-1719303660243,navstack,Hospital,HandCrafted,,,1719306069,573859453,"builtin_interfaces.msg.Time(sec=1719306046, nanosec=853860139)",120.0,Handcrafted_LabStudy,1,1,"-2.0,16.5,0.5","-0.0,0.0,-0.0,-1.0","-9.75,1.75,0.0","-0.0,0.0,-0.0,-1.0",16.67039680480957,16.66208267211914,18.098907470703125,0,0,0,0,0,0,0,0.009181976318359375,0.0,22.0,0.0,651658272477.0808,0.0946044772863388,
6,navstack-1719303660243,navstack,Hospital,HandCrafted,,,1719306069,593859910,"builtin_interfaces.msg.Time(sec=1719306046, nanosec=853860139)",120.0,Handcrafted_LabStudy,1,1,"-2.0,16.5,0.5","-0.0,0.0,-0.0,-1.0","-9.75,1.75,0.0","-0.0,0.0,-0.0,-1.0",16.670408248901367,16.66208267211914,18.098907470703125,0,0,0,0,0,0,0,0.009181976318359375,0.0,22.0,0.0,652283249583.4789,0.0946044772863388,
6,navstack-1719303660243,navstack,Hospital,HandCrafted,,,1719306069,613860368,"builtin_interfaces.msg.Time(sec=1719306046, nanosec=853860139)",120.0,Handcrafted_LabStudy,1,1,"-2.0,16.5,0.5","-0.0,0.0,-0.0,-1.0","-9.75,1.75,0.0","-0.0,0.0,-0.0,-1.0",16.670413970947266,16.66208267211914,18.098907470703125,0,0,0,0,0,0,0,0.009181976318359375,0.0,22.0,0.0,651807598328.9723,0.1892089545726776,
6,navstack-1719303660243,navstack,Hospital,HandCrafted,,,1719306069,653859376,"builtin_interfaces.msg.Time(sec=1719306046, nanosec=853860139)",120.0,Handcrafted_LabStudy,1,1,"-2.0,16.5,0.5","-0.0,0.0,-0.0,-1.0","-9.75,1.75,0.0","-0.0,0.0,-0.0,-1.0",16.67043113708496,16.66208267211914,18.098907470703125,0,0,0,0,0,0,0,0.009181976318359375,0.0,22.0,0.0,652433543760.0072,0.1892089545726776,
6,navstack-1719303660243,navstack,Hospital,HandCrafted,,,1719306069,673859834,"builtin_interfaces.msg.Time(sec=1719306046, nanosec=853860139)",120.0,Handcrafted_LabStudy,1,1,"-2.0,16.5,0.5","-0.0,0.0,-0.0,-1.0","-9.75,1.75,0.0","-0.0,0.0,-0.0,-1.0",16.670438766479492,16.66208267211914,18.098907470703125,0,0,0,0,0,0,0,0.009181976318359375,0.0,22.0,0.0,651945610071.9492,0.1892089545726776,
6,navstack-1719303660243,navstack,Hospital,HandCrafted,,,1719306069,693860292,"builtin_interfaces.msg.Time(sec=1719306046, nanosec=853860139)",120.0,Handcrafted_LabStudy,1,1,"-2.0,16.5,0.5","-0.0,0.0,-0.0,-1.0","-9.75,1.75,0.0","-0.0,0.0,-0.0,-1.0",16.670448303222656,16.66208267211914,18.098907470703125,0,0,0,0,0,0,0,0.009181976318359375,0.0,22.0,0.0,651551196158.0282,0.1892089545726776,
6,navstack-1719303660243,navstack,Hospital,HandCrafted,,,1719306069,713858842,"builtin_interfaces.msg.Time(sec=1719306046, nanosec=853860139)",120.0,Handcrafted_LabStudy,1,1,"-2.0,16.5,0.5","-0.0,0.0,-0.0,-1.0","-9.75,1.75,0.0","-0.0,0.0,-0.0,-1.0",16.670454025268555,16.66208267211914,18.098907470703125,0,0,0,0,0,0,0,0.009181976318359375,0.0,22.0,0.0,652177549304.6996,0.1892089545726776,
6,navstack-1719303660243,navstack,Hospital,HandCrafted,,,1719306069,733859300,"builtin_interfaces.msg.Time(sec=1719306046, nanosec=853860139)",120.0,Handcrafted_LabStudy,1,1,"-2.0,16.5,0.5","-0.0,0.0,-0.0,-1.0","-9.75,1.75,0.0","-0.0,0.0,-0.0,-1.0",16.670461654663086,16.66208267211914,18.098907470703125,0,0,0,0,0,0,0,0.009181976318359375,0.0,22.0,0.0,651752964433.6727,0.0946044772863388,
6,navstack-1719303660243,navstack,Hospital,HandCrafted,,,1719306069,753859519,"builtin_interfaces.msg.Time(sec=1719306046, nanosec=853860139)",120.0,Handcrafted_LabStudy,1,1,"-2.0,16.5,0.5","-0.0,0.0,-0.0,-1.0","-9.75,1.75,0.0","-0.0,0.0,-0.0,-1.0",16.67047119140625,16.66208267211914,18.098907470703125,0,0,0,0,0,0,0,0.009181976318359375,0.0,22.0,0.0,652380133011.6173,0.0946044772863388,
6,navstack-1719303660243,navstack,Hospital,HandCrafted,,,1719306069,753859519,"builtin_interfaces.msg.Time(sec=1719306046, nanosec=853860139)",120.0,Handcrafted_LabStudy,1,1,"-2.0,16.5,0.5","-0.0,0.0,-0.0,-1.0","-9.75,1.75,0.0","-0.0,0.0,-0.0,-1.0",16.67047119140625,16.66208267211914,18.098907470703125,0,0,0,0,0,0,0,0.009181976318359375,0.0,22.0,0.0,652380133011.6173,0.0946044772863388,
6,navstack-1719303660243,navstack,Hospital,HandCrafted,,,1719306069,773860216,"builtin_interfaces.msg.Time(sec=1719306046, nanosec=853860139)",120.0,Handcrafted_LabStudy,1,1,"-2.0,16.5,0.5","-0.0,0.0,-0.0,-1.0","-9.75,1.75,0.0","-0.0,0.0,-0.0,-1.0",16.67047882080078,16.66208267211914,18.098907470703125,0,0,0,0,0,0,0,0.009181976318359375,0.0,22.0,0.0,652197782193.1641,0.0946044772863388,
6,navstack-1719303660243,navstack,Hospital,HandCrafted,,,1719306069,773860216,"builtin_interfaces.msg.Time(sec=1719306046, nanosec=853860139)",120.0,Handcrafted_LabStudy,1,1,"-2.0,16.5,0.5","-0.0,0.0,-0.0,-1.0","-9.75,1.75,0.0","-0.0,0.0,-0.0,-1.0",16.67047882080078,16.66208267211914,18.098907470703125,0,0,0,0,0,0,0,0.009181976318359375,0.0,22.0,0.0,652197782193.1641,0.0946044772863388,
6,navstack-1719303660243,navstack,Hospital,HandCrafted,,,1719306069,793858528,"builtin_interfaces.msg.Time(sec=1719306046, nanosec=853860139)",120.0,Handcrafted_LabStudy,1,1,"-2.0,16.5,0.5","-0.0,0.0,-0.0,-1.0","-9.75,1.75,0.0","-0.0,0.0,-0.0,-1.0",16.670488357543945,16.66208267211914,18.098907470703125,0,0,0,0,0,0,0,0.009181976318359375,0.0,22.0,0.0,651911158100.6595,0.0946044772863388,
6,navstack-1719303660243,navstack,Hospital,HandCrafted,,,1719306069,833859682,"builtin_interfaces.msg.Time(sec=1719306046, nanosec=853860139)",120.0,Handcrafted_LabStudy,1,1,"-2.0,16.5,0.5","-0.0,0.0,-0.0,-1.0","-9.75,1.75,0.0","-0.0,0.0,-0.0,-1.0",16.67050552368164,16.66208267211914,18.098907470703125,0,0,0,0,0,0,0,0.009181976318359375,0.0,22.0,0.0,651577188029.8591,0.0946044772863388,
6,navstack-1719303660243,navstack,Hospital,HandCrafted,,,1719306069,853860139,"builtin_interfaces.msg.Time(sec=1719306046, nanosec=853860139)",120.0,Handcrafted_LabStudy,1,1,"-2.0,16.5,0.5","-0.0,0.0,-0.0,-1.0","-9.75,1.75,0.0","-0.0,0.0,-0.0,-1.0",16.67051124572754,16.66208267211914,18.098907470703125,0,0,0,0,0,0,0,0.009181976318359375,0.0,22.0,0.0,652202980567.5303,0.0946044772863388,
6,navstack-1719303660243,navstack,Hospital,HandCrafted,,,1719306069,873858690,"builtin_interfaces.msg.Time(sec=1719306046, nanosec=853860139)",120.0,Handcrafted_LabStudy,1,1,"-2.0,16.5,0.5","-0.0,0.0,-0.0,-1.0","-9.75,1.75,0.0","-0.0,0.0,-0.0,-1.0",16.67051887512207,16.66208267211914,18.098907470703125,0,0,0,0,0,0,0,0.009181976318359375,0.0,22.0,0.0,652198291837.7098,0.0946044772863388,
6,navstack-1719303660243,navstack,Hospital,HandCrafted,,,1719306069,893859148,"builtin_interfaces.msg.Time(sec=1719306046, nanosec=853860139)",120.0,Handcrafted_LabStudy,1,1,"-2.0,16.5,0.5","-0.0,0.0,-0.0,-1.0","-9.75,1.75,0.0","-0.0,0.0,-0.0,-1.0",16.670528411865234,16.66208267211914,18.098907470703125,0,0,0,0,0,0,0,0.009181976318359375,0.0,22.0,0.0,651799036300.6045,0.0946044772863388,
6,navstack-1719303660243,navstack,Hospital,HandCrafted,,,1719306069,933860063,"builtin_interfaces.msg.Time(sec=1719306046, nanosec=853860139)",120.0,Handcrafted_LabStudy,1,1,"-2.0,16.5,0.5","-0.0,0.0,-0.0,-1.0","-9.75,1.75,0.0","-0.0,0.0,-0.0,-1.0",16.67054557800293,16.66208267211914,18.098907470703125,0,0,0,0,0,0,0,0.009181976318359375,0.0,22.0,0.0,652420089144.0006,0.0946044772863388,
6,navstack-1719303660243,navstack,Hospital,HandCrafted,,,1719306069,953860521,"builtin_interfaces.msg.Time(sec=1719306046, nanosec=853860139)",120.0,Handcrafted_LabStudy,1,1,"-2.0,16.5,0.5","-0.0,0.0,-0.0,-1.0","-9.75,1.75,0.0","-0.0,0.0,-0.0,-1.0",16.67055320739746,16.66208267211914,18.098907470703125,0,0,0,0,0,0,0,0.009181976318359375,0.0,22.0,0.0,652055336542.6395,0.0946044772863388,
6,navstack-1719303660243,navstack,Hospital,HandCrafted,,,1719306069,973859071,"builtin_interfaces.msg.Time(sec=1719306046, nanosec=853860139)",120.0,Handcrafted_LabStudy,1,1,"-2.0,16.5,0.5","-0.0,0.0,-0.0,-1.0","-9.75,1.75,0.0","-0.0,0.0,-0.0,-1.0",16.67055892944336,16.66208267211914,18.098907470703125,0,0,0,0,0,0,0,0.009181976318359375,0.0,22.0,0.0,651931187131.3058,0.0946044772863388,
6,navstack-1719303660243,navstack,Hospital,HandCrafted,,,1719306069,973859071,"builtin_interfaces.msg.Time(sec=1719306046, nanosec=853860139)",120.0,Handcrafted_LabStudy,1,1,"-2.0,16.5,0.5","-0.0,0.0,-0.0,-1.0","-9.75,1.75,0.0","-0.0,0.0,-0.0,-1.0",16.67055892944336,16.66208267211914,18.098907470703125,0,0,0,0,0,0,0,0.009181976318359375,0.0,22.0,0.0,652560649109.706,0.0,
6,navstack-1719303660243,navstack,Hospital,HandCrafted,,,1719306069,993859291,"builtin_interfaces.msg.Time(sec=1719306046, nanosec=853860139)",120.0,Handcrafted_LabStudy,1,1,"-2.0,16.5,0.5","-0.0,0.0,-0.0,-1.0","-9.75,1.75,0.0","-0.0,0.0,-0.0,-1.0",16.670570373535156,16.66208267211914,18.098907470703125,0,0,0,0,0,0,0,0.009181976318359375,0.0,22.0,0.0,652553310228.2479,0.0946044772863388,
6,navstack-1719303660243,navstack,Hospital,HandCrafted,,,1719306070,13859748,"builtin_interfaces.msg.Time(sec=1719306046, nanosec=853860139)",120.0,Handcrafted_LabStudy,1,1,"-2.0,16.5,0.5","-0.0,0.0,-0.0,-1.0","-9.75,1.75,0.0","-0.0,0.0,-0.0,-1.0",16.670576095581055,16.66208267211914,18.098907470703125,0,0,0,0,0,0,0,0.009181976318359375,0.0,22.0,0.0,652526400996.2347,0.1892089545726776,
6,navstack-1719303660243,navstack,Hospital,HandCrafted,,,1719306070,13859748,"builtin_interfaces.msg.Time(sec=1719306046, nanosec=853860139)",120.0,Handcrafted_LabStudy,1,1,"-2.0,16.5,0.5","-0.0,0.0,-0.0,-1.0","-9.75,1.75,0.0","-0.0,0.0,-0.0,-1.0",16.670576095581055,16.66208267211914,18.098907470703125,0,0,0,0,0,0,0,0.009181976318359375,0.0,22.0,0.0,652526400996.2347,0.0946044772863388,
6,navstack-1719303660243,navstack,Hospital,HandCrafted,,,1719306070,33860445,"builtin_interfaces.msg.Time(sec=1719306046, nanosec=853860139)",120.0,Handcrafted_LabStudy,1,1,"-2.0,16.5,0.5","-0.0,0.0,-0.0,-1.0","-9.75,1.75,0.0","-0.0,0.0,-0.0,-1.0",16.67058563232422,16.66208267211914,18.098907470703125,0,0,0,0,0,0,0,0.009181976318359375,0.0,22.0,0.0,652500409124.4037,0.0946044772863388,
6,navstack-1719303660243,navstack,Hospital,HandCrafted,,,1719306070,53858995,"builtin_interfaces.msg.Time(sec=1719306046, nanosec=853860139)",120.0,Handcrafted_LabStudy,1,1,"-2.0,16.5,0.5","-0.0,0.0,-0.0,-1.0","-9.75,1.75,0.0","-0.0,0.0,-0.0,-1.0",16.67059326171875,16.66208267211914,18.098907470703125,0,0,0,0,0,0,0,0.009181976318359375,0.0,22.0,0.0,652455407511.018,0.1892089545726776,
6,navstack-1719303660243,navstack,Hospital,HandCrafted,,,1719306070,73859453,"builtin_interfaces.msg.Time(sec=1719306046, nanosec=853860139)",120.0,Handcrafted_LabStudy,1,1,"-2.0,16.5,0.5","-0.0,0.0,-0.0,-1.0","-9.75,1.75,0.0","-0.0,0.0,-0.0,-1.0",16.67059898376465,16.66208267211914,18.098907470703125,0,0,0,0,0,0,0,0.009181976318359375,0.0,22.0,0.0,652400314935.6273,0.0946044772863388,
6,navstack-1719303660243,navstack,Hospital,HandCrafted,,,1719306070,93859910,"builtin_interfaces.msg.Time(sec=1719306046, nanosec=853860139)",120.0,Handcrafted_LabStudy,1,1,"-2.0,16.5,0.5","-0.0,0.0,-0.0,-1.0","-9.75,1.75,0.0","-0.0,0.0,-0.0,-1.0",16.670610427856445,16.66208267211914,18.098907470703125,0,0,0,0,0,0,0,0.009181976318359375,0.0,22.0,0.0,652349248552.1476,0.0946044772863388,
6,navstack-1719303660243,navstack,Hospital,HandCrafted,,,1719306070,113860368,"builtin_interfaces.msg.Time(sec=1719306046, nanosec=853860139)",120.0,Handcrafted_LabStudy,1,1,"-2.0,16.5,0.5","-0.0,0.0,-0.0,-1.0","-9.75,1.75,0.0","-0.0,0.0,-0.0,-1.0",16.670616149902344,16.66208267211914,18.098907470703125,0,0,0,0,0,0,0,0.009181976318359375,0.0,22.0,0.0,652293187652.1201,0.1892089545726776,
6,navstack-1719303660243,navstack,Hospital,HandCrafted,,,1719306070,133858919,"builtin_interfaces.msg.Time(sec=1719306046, nanosec=853860139)",120.0,Handcrafted_LabStudy,1,1,"-2.0,16.5,0.5","-0.0,0.0,-0.0,-1.0","-9.75,1.75,0.0","-0.0,0.0,-0.0,-1.0",16.67062759399414,16.66208267211914,17.95328712463379,0,0,0,0,0,0,0,0.009639739990234375,0.0,23.0,0.0,652302004502.7607,0.1892089545726776,
6,navstack-1719303660243,navstack,Hospital,HandCrafted,,,1719306070,153859376,"builtin_interfaces.msg.Time(sec=1719306046, nanosec=853860139)",120.0,Handcrafted_LabStudy,1,1,"-2.0,16.5,0.5","-0.0,0.0,-0.0,-1.0","-9.75,1.75,0.0","-0.0,0.0,-0.0,-1.0",16.67063331604004,16.66208267211914,17.95328712463379,0,0,0,0,0,0,0,0.009639739990234375,0.0,23.0,0.0,652924484350.8849,0.1892089545726776,
6,navstack-1719303660243,navstack,Hospital,HandCrafted,,,1719306070,173859834,"builtin_interfaces.msg.Time(sec=1719306046, nanosec=853860139)",120.0,Handcrafted_LabStudy,1,1,"-2.0,16.5,0.5","-0.0,0.0,-0.0,-1.0","-9.75,1.75,0.0","-0.0,0.0,-0.0,-1.0",16.670644760131836,16.66208267211914,17.95328712463379,0,0,0,0,0,0,0,0.009639739990234375,0.0,23.0,0.0,653175637183.0083,0.1892089545726776,
6,navstack-1719303660243,navstack,Hospital,HandCrafted,,,1719306070,193860292,"builtin_interfaces.msg.Time(sec=1719306046, nanosec=853860139)",120.0,Handcrafted_LabStudy,1,1,"-2.0,16.5,0.5","-0.0,0.0,-0.0,-1.0","-9.75,1.75,0.0","-0.0,0.0,-0.0,-1.0",16.670650482177734,16.66208267211914,17.95328712463379,0,0,0,0,0,0,0,0.009639739990234375,0.0,23.0,0.0,653377303529.7438,0.1892089545726776,
6,navstack-1719303660243,navstack,Hospital,HandCrafted,,,1719306070,193860292,"builtin_interfaces.msg.Time(sec=1719306046, nanosec=853860139)",120.0,Handcrafted_LabStudy,1,1,"-2.0,16.5,0.5","-0.0,0.0,-0.0,-1.0","-9.75,1.75,0.0","-0.0,0.0,-0.0,-1.0",16.670650482177734,16.66208267211914,17.95328712463379,0,0,0,0,0,0,0,0.009639739990234375,0.0,23.0,0.0,653377303529.7438,0.0946044772863388,
6,navstack-1719303660243,navstack,Hospital,HandCrafted,,,1719306070,213858842,"builtin_interfaces.msg.Time(sec=1719306046, nanosec=853860139)",120.0,Handcrafted_LabStudy,1,1,"-2.0,16.5,0.5","-0.0,0.0,-0.0,-1.0","-9.75,1.75,0.0","-0.0,0.0,-0.0,-1.0",16.670658111572266,16.66208267211914,17.95328712463379,0,0,0,0,0,0,0,0.009639739990234375,0.0,23.0,0.0,653490342689.9812,0.0,
6,navstack-1719303660243,navstack,Hospital,HandCrafted,,,1719306070,233859300,"builtin_interfaces.msg.Time(sec=1719306046, nanosec=853860139)",120.0,Handcrafted_LabStudy,1,1,"-2.0,16.5,0.5","-0.0,0.0,-0.0,-1.0","-9.75,1.75,0.0","-0.0,0.0,-0.0,-1.0",16.67066764831543,16.66208267211914,17.95328712463379,0,0,0,0,0,0,0,0.009639739990234375,0.0,23.0,0.0,653602362561.1271,0.0946044772863388,
6,navstack-1719303660243,navstack,Hospital,HandCrafted,,,1719306070,233859300,"builtin_interfaces.msg.Time(sec=1719306046, nanosec=853860139)",120.0,Handcrafted_LabStudy,1,1,"-2.0,16.5,0.5","-0.0,0.0,-0.0,-1.0","-9.75,1.75,0.0","-0.0,0.0,-0.0,-1.0",16.67066764831543,16.66208267211914,17.95328712463379,0,0,0,0,0,0,0,0.009639739990234375,0.0,23.0,0.0,652972645760.454,0.0946044772863388,
6,navstack-1719303660243,navstack,Hospital,HandCrafted,,,1719306070,253859519,"builtin_interfaces.msg.Time(sec=1719306046, nanosec=853860139)",120.0,Handcrafted_LabStudy,1,1,"-2.0,16.5,0.5","-0.0,0.0,-0.0,-1.0","-9.75,1.75,0.0","-0.0,0.0,-0.0,-1.0",16.670673370361328,16.66208267211914,17.95328712463379,0,0,0,0,0,0,0,0.009639739990234375,0.0,23.0,0.0,652963625051.995,0.0946044772863388,
6,navstack-1719303660243,navstack,Hospital,HandCrafted,,,1719306070,273860216,"builtin_interfaces.msg.Time(sec=1719306046, nanosec=853860139)",120.0,Handcrafted_LabStudy,1,1,"-2.0,16.5,0.5","-0.0,0.0,-0.0,-1.0","-9.75,1.75,0.0","-0.0,0.0,-0.0,-1.0",16.670684814453125,16.66208267211914,17.95328712463379,0,0,0,0,0,0,0,0.009639739990234375,0.0,23.0,0.0,653158920841.9092,0.1892089545726776,
6,navstack-1719303660243,navstack,Hospital,HandCrafted,,,1719306070,293858528,"builtin_interfaces.msg.Time(sec=1719306046, nanosec=853860139)",120.0,Handcrafted_LabStudy,1,1,"-2.0,16.5,0.5","-0.0,0.0,-0.0,-1.0","-9.75,1.75,0.0","-0.0,0.0,-0.0,-1.0",16.670690536499023,16.66208267211914,17.95328712463379,0,0,0,0,0,0,0,0.009639739990234375,0.0,23.0,0.0,653330059480.3569,0.1892089545726776,
6,navstack-1719303660243,navstack,Hospital,HandCrafted,,,1719306070,293858528,"builtin_interfaces.msg.Time(sec=1719306046, nanosec=853860139)",120.0,Handcrafted_LabStudy,1,1,"-2.0,16.5,0.5","-0.0,0.0,-0.0,-1.0","-9.75,1.75,0.0","-0.0,0.0,-0.0,-1.0",16.670690536499023,16.66208267211914,17.95328712463379,0,0,0,0,0,0,0,0.009639739990234375,0.0,23.0,0.0,653330059480.3569,0.0946044772863388,
6,navstack-1719303660243,navstack,Hospital,HandCrafted,,,1719306070,313859224,"builtin_interfaces.msg.Time(sec=1719306046, nanosec=853860139)",120.0,Handcrafted_LabStudy,1,1,"-2.0,16.5,0.5","-0.0,0.0,-0.0,-1.0","-9.75,1.75,0.0","-0.0,0.0,-0.0,-1.0",16.670698165893555,16.66208267211914,17.95328712463379,0,0,0,0,0,0,0,0.009639739990234375,0.0,23.0,0.0,653451049095.5073,0.0,
6,navstack-1719303660243,navstack,Hospital,HandCrafted,,,1719306070,313859224,"builtin_interfaces.msg.Time(sec=1719306046, nanosec=853860139)",120.0,Handcrafted_LabStudy,1,1,"-2.0,16.5,0.5","-0.0,0.0,-0.0,-1.0","-9.75,1.75,0.0","-0.0,0.0,-0.0,-1.0",16.670698165893555,16.66208267211914,17.95328712463379,0,0,0,0,0,0,0,0.009639739990234375,0.0,23.0,0.0,653451049095.5073,0.0,
6,navstack-1719303660243,navstack,Hospital,HandCrafted,,,1719306070,333859682,"builtin_interfaces.msg.Time(sec=1719306046, nanosec=853860139)",120.0,Handcrafted_LabStudy,1,1,"-2.0,16.5,0.5","-0.0,0.0,-0.0,-1.0","-9.75,1.75,0.0","-0.0,0.0,-0.0,-1.0",16.67070770263672,16.66208267211914,17.95328712463379,0,0,0,0,0,0,0,0.009639739990234375,0.0,23.0,0.0,653560724601.743,0.0946044772863388,
6,navstack-1719303660243,navstack,Hospital,HandCrafted,,,1719306070,333859682,"builtin_interfaces.msg.Time(sec=1719306046, nanosec=853860139)",120.0,Handcrafted_LabStudy,1,1,"-2.0,16.5,0.5","-0.0,0.0,-0.0,-1.0","-9.75,1.75,0.0","-0.0,0.0,-0.0,-1.0",16.67070770263672,16.66208267211914,17.95328712463379,0,0,0,0,0,0,0,0.009639739990234375,0.0,23.0,0.0,653560724601.743,0.0946044772863388,
6,navstack-1719303660243,navstack,Hospital,HandCrafted,,,1719306070,353860139,"builtin_interfaces.msg.Time(sec=1719306046, nanosec=853860139)",120.0,Handcrafted_LabStudy,1,1,"-2.0,16.5,0.5","-0.0,0.0,-0.0,-1.0","-9.75,1.75,0.0","-0.0,0.0,-0.0,-1.0",16.67071533203125,16.66208267211914,17.95328712463379,0,0,0,0,0,0,0,0.009639739990234375,0.0,23.0,0.0,653676566806.9818,0.0946044772863388,
6,navstack-1719303660243,navstack,Hospital,HandCrafted,,,1719306070,373858690,"builtin_interfaces.msg.Time(sec=1719306046, nanosec=853860139)",120.0,Handcrafted_LabStudy,1,1,"-2.0,16.5,0.5","-0.0,0.0,-0.0,-1.0","-9.75,1.75,0.0","-0.0,0.0,-0.0,-1.0",16.670724868774414,16.66208267211914,17.95328712463379,0,0,0,0,0,0,0,0.009639739990234375,0.0,23.0,0.0,653813610225.3219,0.1892089545726776,
6,navstack-1719303660243,navstack,Hospital,HandCrafted,,,1719306070,373858690,"builtin_interfaces.msg.Time(sec=1719306046, nanosec=853860139)",120.0,Handcrafted_LabStudy,1,1,"-2.0,16.5,0.5","-0.0,0.0,-0.0,-1.0","-9.75,1.75,0.0","-0.0,0.0,-0.0,-1.0",16.670724868774414,16.66208267211914,17.95328712463379,0,0,0,0,0,0,0,0.009639739990234375,0.0,23.0,0.0,653184148246.9216,0.0946044772863388,
6,navstack-1719303660243,navstack,Hospital,HandCrafted,,,1719306070,393859148,"builtin_interfaces.msg.Time(sec=1719306046, nanosec=853860139)",120.0,Handcrafted_LabStudy,1,1,"-2.0,16.5,0.5","-0.0,0.0,-0.0,-1.0","-9.75,1.75,0.0","-0.0,0.0,-0.0,-1.0",16.670732498168945,16.66208267211914,17.95328712463379,0,0,0,0,0,0,0,0.009639739990234375,0.0,23.0,0.0,653181854846.466,0.0946044772863388,
6,navstack-1719303660243,navstack,Hospital,HandCrafted,,,1719306070,393859148,"builtin_interfaces.msg.Time(sec=1719306046, nanosec=853860139)",120.0,Handcrafted_LabStudy,1,1,"-2.0,16.5,0.5","-0.0,0.0,-0.0,-1.0","-9.75,1.75,0.0","-0.0,0.0,-0.0,-1.0",16.670732498168945,16.66208267211914,17.95328712463379,0,0,0,0,0,0,0,0.009639739990234375,0.0,23.0,0.0,653181854846.466,0.0946044772863388,
6,navstack-1719303660243,navstack,Hospital,HandCrafted,,,1719306070,393859148,"builtin_interfaces.msg.Time(sec=1719306046, nanosec=853860139)",120.0,Handcrafted_LabStudy,1,1,"-2.0,16.5,0.5","-0.0,0.0,-0.0,-1.0","-9.75,1.75,0.0","-0.0,0.0,-0.0,-1.0",16.670732498168945,16.66208267211914,17.95328712463379,0,0,0,0,0,0,0,0.009639739990234375,0.0,23.0,0.0,653181854846.466,0.0,
6,navstack-1719303660243,navstack,Hospital,HandCrafted,,,1719306070,413859605,"builtin_interfaces.msg.Time(sec=1719306046, nanosec=853860139)",120.0,Handcrafted_LabStudy,1,1,"-2.0,16.5,0.5","-0.0,0.0,-0.0,-1.0","-9.75,1.75,0.0","-0.0,0.0,-0.0,-1.0",16.67074203491211,16.66208267211914,17.95328712463379,0,0,0,0,0,0,0,0.009639739990234375,0.0,23.0,0.0,653260187213.1407,0.0946044772863388,
6,navstack-1719303660243,navstack,Hospital,HandCrafted,,,1719306070,433860063,"builtin_interfaces.msg.Time(sec=1719306046, nanosec=853860139)",120.0,Handcrafted_LabStudy,1,1,"-2.0,16.5,0.5","-0.0,0.0,-0.0,-1.0","-9.75,1.75,0.0","-0.0,0.0,-0.0,-1.0",16.670747756958008,16.66208267211914,17.95328712463379,0,0,0,0,0,0,0,0.009639739990234375,0.0,23.0,0.0,653342087091.6356,0.1892089545726776,
6,navstack-1719303660243,navstack,Hospital,HandCrafted,,,1719306070,433860063,"builtin_interfaces.msg.Time(sec=1719306046, nanosec=853860139)",120.0,Handcrafted_LabStudy,1,1,"-2.0,16.5,0.5","-0.0,0.0,-0.0,-1.0","-9.75,1.75,0.0","-0.0,0.0,-0.0,-1.0",16.670747756958008,16.66208267211914,17.95328712463379,0,0,0,0,0,0,0,0.009639739990234375,0.0,23.0,0.0,653342087091.6356,0.0946044772863388,
6,navstack-1719303660243,navstack,Hospital,HandCrafted,,,1719306070,453860521,"builtin_interfaces.msg.Time(sec=1719306046, nanosec=853860139)",120.0,Handcrafted_LabStudy,1,1,"-2.0,16.5,0.5","-0.0,0.0,-0.0,-1.0","-9.75,1.75,0.0","-0.0,0.0,-0.0,-1.0",16.67075538635254,16.66208267211914,17.95328712463379,0,0,0,0,0,0,0,0.009639739990234375,0.0,23.0,0.0,653434587576.681,0.0,
6,navstack-1719303660243,navstack,Hospital,HandCrafted,,,1719306070,453860521,"builtin_interfaces.msg.Time(sec=1719306046, nanosec=853860139)",120.0,Handcrafted_LabStudy,1,1,"-2.0,16.5,0.5","-0.0,0.0,-0.0,-1.0","-9.75,1.75,0.0","-0.0,0.0,-0.0,-1.0",16.67075538635254,16.66208267211914,17.95328712463379,0,0,0,0,0,0,0,0.009639739990234375,0.0,23.0,0.0,653434587576.681,0.0,
6,navstack-1719303660243,navstack,Hospital,HandCrafted,,,1719306070,453860521,"builtin_interfaces.msg.Time(sec=1719306046, nanosec=853860139)",120.0,Handcrafted_LabStudy,1,1,"-2.0,16.5,0.5","-0.0,0.0,-0.0,-1.0","-9.75,1.75,0.0","-0.0,0.0,-0.0,-1.0",16.67075538635254,16.66208267211914,17.95328712463379,0,0,0,0,0,0,0,0.009639739990234375,0.0,23.0,0.0,653434587576.681,0.0,
6,navstack-1719303660243,navstack,Hospital,HandCrafted,,,1719306070,473859071,"builtin_interfaces.msg.Time(sec=1719306046, nanosec=853860139)",120.0,Handcrafted_LabStudy,1,1,"-2.0,16.5,0.5","-0.0,0.0,-0.0,-1.0","-9.75,1.75,0.0","-0.0,0.0,-0.0,-1.0",16.670764923095703,16.66208267211914,17.95328712463379,0,0,0,0,0,0,0,0.009639739990234375,0.0,23.0,0.0,653510728471.8093,0.0946044772863388,
6,navstack-1719303660243,navstack,Hospital,HandCrafted,,,1719306070,493859291,"builtin_interfaces.msg.Time(sec=1719306046, nanosec=853860139)",120.0,Handcrafted_LabStudy,1,1,"-2.0,16.5,0.5","-0.0,0.0,-0.0,-1.0","-9.75,1.75,0.0","-0.0,0.0,-0.0,-1.0",16.670772552490234,16.66208267211914,17.95328712463379,0,0,0,0,0,0,0,0.009639739990234375,0.0,23.0,0.0,652873316038.4961,0.1892089545726776,
6,navstack-1719303660243,navstack,Hospital,HandCrafted,,,1719306070,493859291,"builtin_interfaces.msg.Time(sec=1719306046, nanosec=853860139)",120.0,Handcrafted_LabStudy,1,1,"-2.0,16.5,0.5","-0.0,0.0,-0.0,-1.0","-9.75,1.75,0.0","-0.0,0.0,-0.0,-1.0",16.670772552490234,16.66208267211914,17.95328712463379,0,0,0,0,0,0,0,0.009639739990234375,0.0,23.0,0.0,653502064514.5323,0.0946044772863388,
6,navstack-1719303660243,navstack,Hospital,HandCrafted,,,1719306070,513859748,"builtin_interfaces.msg.Time(sec=1719306046, nanosec=853860139)",120.0,Handcrafted_LabStudy,1,1,"-2.0,16.5,0.5","-0.0,0.0,-0.0,-1.0","-9.75,1.75,0.0","-0.0,0.0,-0.0,-1.0",16.6707820892334,16.66208267211914,17.95328712463379,0,0,0,0,0,0,0,0.009639739990234375,0.0,23.0,0.0,653502064514.5323,0.0946044772863388,
6,navstack-1719303660243,navstack,Hospital,HandCrafted,,,1719306070,513859748,"builtin_interfaces.msg.Time(sec=1719306046, nanosec=853860139)",120.0,Handcrafted_LabStudy,1,1,"-2.0,16.5,0.5","-0.0,0.0,-0.0,-1.0","-9.75,1.75,0.0","-0.0,0.0,-0.0,-1.0",16.6707820892334,16.66208267211914,17.95328712463379,0,0,0,0,0,0,0,0.009639739990234375,0.0,23.0,0.0,653502064514.5323,0.0946044772863388,
6,navstack-1719303660243,navstack,Hospital,HandCrafted,,,1719306070,533860445,"builtin_interfaces.msg.Time(sec=1719306046, nanosec=853860139)",120.0,Handcrafted_LabStudy,1,1,"-2.0,16.5,0.5","-0.0,0.0,-0.0,-1.0","-9.75,1.75,0.0","-0.0,0.0,-0.0,-1.0",16.67078971862793,16.66208267211914,17.95328712463379,0,0,0,0,0,0,0,0.009639739990234375,0.0,23.0,0.0,653463739244.6953,0.0946044772863388,
6,navstack-1719303660243,navstack,Hospital,HandCrafted,,,1719306070,533860445,"builtin_interfaces.msg.Time(sec=1719306046, nanosec=853860139)",120.0,Handcrafted_LabStudy,1,1,"-2.0,16.5,0.5","-0.0,0.0,-0.0,-1.0","-9.75,1.75,0.0","-0.0,0.0,-0.0,-1.0",16.67078971862793,16.66208267211914,17.95328712463379,0,0,0,0,0,0,0,0.009639739990234375,0.0,23.0,0.0,653463739244.6953,0.0946044772863388,
6,navstack-1719303660243,navstack,Hospital,HandCrafted,,,1719306070,553858995,"builtin_interfaces.msg.Time(sec=1719306046, nanosec=853860139)",120.0,Handcrafted_LabStudy,1,1,"-2.0,16.5,0.5","-0.0,0.0,-0.0,-1.0","-9.75,1.75,0.0","-0.0,0.0,-0.0,-1.0",16.670795440673828,16.66208267211914,17.95328712463379,0,0,0,0,0,0,0,0.009639739990234375,0.0,23.0,0.0,653412570932.3065,0.0,
6,navstack-1719303660243,navstack,Hospital,HandCrafted,,,1719306070,553858995,"builtin_interfaces.msg.Time(sec=1719306046, nanosec=853860139)",120.0,Handcrafted_LabStudy,1,1,"-2.0,16.5,0.5","-0.0,0.0,-0.0,-1.0","-9.75,1.75,0.0","-0.0,0.0,-0.0,-1.0",16.670795440673828,16.66208267211914,17.95328712463379,0,0,0,0,0,0,0,0.009639739990234375,0.0,23.0,0.0,653412570932.3065,0.0,
6,navstack-1719303660243,navstack,Hospital,HandCrafted,,,1719306070,573859453,"builtin_interfaces.msg.Time(sec=1719306046, nanosec=853860139)",120.0,Handcrafted_LabStudy,1,1,"-2.0,16.5,0.5","-0.0,0.0,-0.0,-1.0","-9.75,1.75,0.0","-0.0,0.0,-0.0,-1.0",16.670806884765625,16.66208267211914,17.95328712463379,0,0,0,0,0,0,0,0.009639739990234375,0.0,23.0,0.0,653359415006.1896,0.0946044772863388,
