trial_id,name,condition,environment,scenario,mean_attention_l,mean_attention_cmd_vel,secs,nsecs,trial_start,timeout_time,trial_name,trial_number,num_actors,robot_start_position,robot_start_orientation,robot_goal_position,robot_goal_orientation,dist_to_target,min_dist_to_target,min_dist_to_ped,robot_on_person_intimate_dist_violations,person_on_robot_intimate_dist_violations,robot_on_person_personal_dist_violations,person_on_robot_personal_dist_violations,robot_on_person_collisions,person_on_robot_collisions,obj_collisions,path_length,path_irregularity,time_not_moving,time_in_personal_space,minimum_time_to_collision,movement_jerk,global_plan
0,navstack-1709204094664,navstack,frontal,HandCrafted,,,1709204099,362232208,"builtin_interfaces.msg.Time(sec=1709204099, nanosec=342232227)",120.0,Handcrafted_LabStudy,1,1,"-11.0,-0.0,0.5","-0.0,0.0,-0.0,-1.0","12.0,-0.0,0.0","-0.0,0.0,-0.0,-1.0",23.0,23.0,22.0,0,0,0,0,0,0,0,0.0,0.0,0.0,0.0,1.7976931348623157e+308,0.0,
0,navstack-1709204094664,navstack,frontal,HandCrafted,,,1709204099,402232170,"builtin_interfaces.msg.Time(sec=1709204099, nanosec=342232227)",120.0,Handcrafted_LabStudy,1,1,"-11.0,-0.0,0.5","-0.0,0.0,-0.0,-1.0","12.0,-0.0,0.0","-0.0,0.0,-0.0,-1.0",23.0,23.0,22.0,0,0,0,0,0,0,0,0.0,0.0,0.0,0.0,1.7976931348623157e+308,490.5000305175781,
0,navstack-1709204094664,navstack,frontal,HandCrafted,,,1709204099,422232151,"builtin_interfaces.msg.Time(sec=1709204099, nanosec=342232227)",120.0,Handcrafted_LabStudy,1,1,"-11.0,-0.0,0.5","-0.0,0.0,-0.0,-1.0","12.0,-0.0,0.0","-0.0,0.0,-0.0,-1.0",23.0,23.0,22.0,0,0,0,0,0,0,0,0.0,0.0,0.0,0.0,1.7976931348623157e+308,490.5000305175781,
0,navstack-1709204094664,navstack,frontal,HandCrafted,,,1709204099,422232151,"builtin_interfaces.msg.Time(sec=1709204099, nanosec=342232227)",120.0,Handcrafted_LabStudy,1,1,"-11.0,-0.0,0.5","-0.0,0.0,-0.0,-1.0","12.0,-0.0,0.0","-0.0,0.0,-0.0,-1.0",23.0,23.0,22.0,0,0,0,0,0,0,0,0.0,0.0,0.0,0.0,1.7976931348623157e+308,490.5000305175781,
0,navstack-1709204094664,navstack,frontal,HandCrafted,,,1709204099,442232131,"builtin_interfaces.msg.Time(sec=1709204099, nanosec=342232227)",120.0,Handcrafted_LabStudy,1,1,"-11.0,-0.0,0.5","-0.0,0.0,-0.0,-1.0","12.0,-0.0,0.0","-0.0,0.0,-0.0,-1.0",23.0,23.0,22.0,0,0,0,0,0,0,0,0.0,0.0,0.0,0.0,1.7976931348623157e+308,490.4998779296875,
0,navstack-1709204094664,navstack,frontal,HandCrafted,,,1709204099,462232112,"builtin_interfaces.msg.Time(sec=1709204099, nanosec=342232227)",120.0,Handcrafted_LabStudy,1,1,"-11.0,-0.0,0.5","-0.0,0.0,-0.0,-1.0","12.0,-0.0,0.0","-0.0,0.0,-0.0,-1.0",23.0,23.0,22.0,0,0,0,0,0,0,0,0.0,0.0,0.0,0.0,1.7976931348623157e+308,0.0001430511474609375,
0,navstack-1709204094664,navstack,frontal,HandCrafted,,,1709204099,462232112,"builtin_interfaces.msg.Time(sec=1709204099, nanosec=342232227)",120.0,Handcrafted_LabStudy,1,1,"-11.0,-0.0,0.5","-0.0,0.0,-0.0,-1.0","12.0,-0.0,0.0","-0.0,0.0,-0.0,-1.0",23.0,23.0,22.0,0,0,0,0,0,0,0,0.0,0.0,0.0,0.0,1.7976931348623157e+308,490.5000305175781,
0,navstack-1709204094664,navstack,frontal,HandCrafted,,,1709204099,482232093,"builtin_interfaces.msg.Time(sec=1709204099, nanosec=342232227)",120.0,Handcrafted_LabStudy,1,1,"-11.0,-0.0,0.5","-0.0,0.0,-0.0,-1.0","12.0,-0.0,0.0","-0.0,0.0,-0.0,-1.0",23.0,23.0,22.0,0,0,0,0,0,0,0,0.0,0.0,0.0,0.0,1.7976931348623157e+308,490.5000305175781,
0,navstack-1709204094664,navstack,frontal,HandCrafted,,,1709204099,502232074,"builtin_interfaces.msg.Time(sec=1709204099, nanosec=342232227)",120.0,Handcrafted_LabStudy,1,1,"-11.0,-0.0,0.5","-0.0,0.0,-0.0,-1.0","12.0,-0.0,0.0","-0.0,0.0,-0.0,-1.0",23.0,23.0,22.0,0,0,0,0,0,0,0,0.0,0.0,0.0,0.0,1.7976931348623157e+308,0.0,
0,navstack-1709204094664,navstack,frontal,HandCrafted,,,1709204099,502232074,"builtin_interfaces.msg.Time(sec=1709204099, nanosec=342232227)",120.0,Handcrafted_LabStudy,1,1,"-11.0,-0.0,0.5","-0.0,0.0,-0.0,-1.0","12.0,-0.0,0.0","-0.0,0.0,-0.0,-1.0",23.0,23.0,22.0,0,0,0,0,0,0,0,0.0,0.0,0.0,0.0,1.7976931348623157e+308,490.5000305175781,
0,navstack-1709204094664,navstack,frontal,HandCrafted,,,1709204099,522232294,"builtin_interfaces.msg.Time(sec=1709204099, nanosec=342232227)",120.0,Handcrafted_LabStudy,1,1,"-11.0,-0.0,0.5","-0.0,0.0,-0.0,-1.0","12.0,-0.0,0.0","-0.0,0.0,-0.0,-1.0",23.0,23.0,22.0,0,0,0,0,0,0,0,0.0,0.0,0.0,0.0,1.7976931348623157e+308,490.5000305175781,
0,navstack-1709204094664,navstack,frontal,HandCrafted,,,1709204099,542232275,"builtin_interfaces.msg.Time(sec=1709204099, nanosec=342232227)",120.0,Handcrafted_LabStudy,1,1,"-11.0,-0.0,0.5","-0.0,0.0,-0.0,-1.0","12.0,-0.0,0.0","-0.0,0.0,-0.0,-1.0",23.0,23.0,22.0,0,0,0,0,0,0,0,0.0,0.0,0.0,0.0,1.7976931348623157e+308,0.0,
0,navstack-1709204094664,navstack,frontal,HandCrafted,,,1709204099,562232255,"builtin_interfaces.msg.Time(sec=1709204099, nanosec=342232227)",120.0,Handcrafted_LabStudy,1,1,"-11.0,-0.0,0.5","-0.0,0.0,-0.0,-1.0","12.0,-0.0,0.0","-0.0,0.0,-0.0,-1.0",23.0,23.0,22.0,0,0,0,0,0,0,0,0.0,0.0,0.0,0.0,1.7976931348623157e+308,0.000286102294921875,
0,navstack-1709204094664,navstack,frontal,HandCrafted,,,1709204099,562232255,"builtin_interfaces.msg.Time(sec=1709204099, nanosec=342232227)",120.0,Handcrafted_LabStudy,1,1,"-11.0,-0.0,0.5","-0.0,0.0,-0.0,-1.0","12.0,-0.0,0.0","-0.0,0.0,-0.0,-1.0",23.0,23.0,22.0,0,0,0,0,0,0,0,0.0,0.0,0.0,0.0,1.7976931348623157e+308,490.499755859375,
0,navstack-1709204094664,navstack,frontal,HandCrafted,,,1709204099,582232236,"builtin_interfaces.msg.Time(sec=1709204099, nanosec=342232227)",120.0,Handcrafted_LabStudy,1,1,"-11.0,-0.0,0.5","-0.0,0.0,-0.0,-1.0","12.0,-0.0,0.0","-0.0,0.0,-0.0,-1.0",23.0,23.0,22.0,0,0,0,0,0,0,0,0.0,0.0,0.0,0.0,1.7976931348623157e+308,490.499755859375,
0,navstack-1709204094664,navstack,frontal,HandCrafted,,,1709204099,602232217,"builtin_interfaces.msg.Time(sec=1709204099, nanosec=342232227)",120.0,Handcrafted_LabStudy,1,1,"-11.0,-0.0,0.5","-0.0,0.0,-0.0,-1.0","12.0,-0.0,0.0","-0.0,0.0,-0.0,-1.0",23.0,23.0,22.0,0,0,0,0,0,0,0,0.0,0.0,0.0,0.0,1.7976931348623157e+308,0.0,
0,navstack-1709204094664,navstack,frontal,HandCrafted,,,1709204099,602232217,"builtin_interfaces.msg.Time(sec=1709204099, nanosec=342232227)",120.0,Handcrafted_LabStudy,1,1,"-11.0,-0.0,0.5","-0.0,0.0,-0.0,-1.0","12.0,-0.0,0.0","-0.0,0.0,-0.0,-1.0",23.0,23.0,22.0,0,0,0,0,0,0,0,0.0,0.0,0.0,0.0,1.7976931348623157e+308,490.499755859375,
0,navstack-1709204094664,navstack,frontal,HandCrafted,,,1709204099,602232217,"builtin_interfaces.msg.Time(sec=1709204099, nanosec=342232227)",120.0,Handcrafted_LabStudy,1,1,"-11.0,-0.0,0.5","-0.0,0.0,-0.0,-1.0","12.0,-0.0,0.0","-0.0,0.0,-0.0,-1.0",23.0,23.0,22.0,0,0,0,0,0,0,0,0.0,0.0,0.0,0.0,1.7976931348623157e+308,0.0,
0,navstack-1709204094664,navstack,frontal,HandCrafted,,,1709204099,622232198,"builtin_interfaces.msg.Time(sec=1709204099, nanosec=342232227)",120.0,Handcrafted_LabStudy,1,1,"-11.0,-0.0,0.5","-0.0,0.0,-0.0,-1.0","12.0,-0.0,0.0","-0.0,0.0,-0.0,-1.0",23.0,23.0,22.0,0,0,0,0,0,0,0,0.0,0.0,0.0,0.0,1.7976931348623157e+308,490.499755859375,
0,navstack-1709204094664,navstack,frontal,HandCrafted,,,1709204099,622232198,"builtin_interfaces.msg.Time(sec=1709204099, nanosec=342232227)",120.0,Handcrafted_LabStudy,1,1,"-11.0,-0.0,0.5","-0.0,0.0,-0.0,-1.0","12.0,-0.0,0.0","-0.0,0.0,-0.0,-1.0",23.0,23.0,22.0,0,0,0,0,0,0,0,0.0,0.0,0.0,0.0,1.7976931348623157e+308,490.499755859375,
0,navstack-1709204094664,navstack,frontal,HandCrafted,,,1709204099,642232179,"builtin_interfaces.msg.Time(sec=1709204099, nanosec=342232227)",120.0,Handcrafted_LabStudy,1,1,"-11.0,-0.0,0.5","-0.0,0.0,-0.0,-1.0","12.0,-0.0,0.0","-0.0,0.0,-0.0,-1.0",23.0,23.0,22.0,0,0,0,0,0,0,0,0.0,0.0,0.0,0.0,1.7976931348623157e+308,7357.4990234375,
0,navstack-1709204094664,navstack,frontal,HandCrafted,,,1709204099,642232179,"builtin_interfaces.msg.Time(sec=1709204099, nanosec=342232227)",120.0,Handcrafted_LabStudy,1,1,"-11.0,-0.0,0.5","-0.0,0.0,-0.0,-1.0","12.0,-0.0,0.0","-0.0,0.0,-0.0,-1.0",23.0,23.0,22.0,0,0,0,0,0,0,0,0.0,0.0,0.0,0.0,1.7976931348623157e+308,7357.4990234375,
0,navstack-1709204094664,navstack,frontal,HandCrafted,,,1709204099,662232160,"builtin_interfaces.msg.Time(sec=1709204099, nanosec=342232227)",120.0,Handcrafted_LabStudy,1,1,"-11.0,-0.0,0.5","-0.0,0.0,-0.0,-1.0","12.0,-0.0,0.0","-0.0,0.0,-0.0,-1.0",23.0,23.0,22.0,0,0,0,0,0,0,0,0.0,0.0,0.0,0.0,1.7976931348623157e+308,0.0005960464477539062,
0,navstack-1709204094664,navstack,frontal,HandCrafted,,,1709204099,662232160,"builtin_interfaces.msg.Time(sec=1709204099, nanosec=342232227)",120.0,Handcrafted_LabStudy,1,1,"-11.0,-0.0,0.5","-0.0,0.0,-0.0,-1.0","12.0,-0.0,0.0","-0.0,0.0,-0.0,-1.0",23.0,23.0,22.0,0,0,0,0,0,0,0,0.0,0.0,0.0,0.0,1.7976931348623157e+308,0.0005960464477539062,
0,navstack-1709204094664,navstack,frontal,HandCrafted,,,1709204099,662232160,"builtin_interfaces.msg.Time(sec=1709204099, nanosec=342232227)",120.0,Handcrafted_LabStudy,1,1,"-11.0,-0.0,0.5","-0.0,0.0,-0.0,-1.0","12.0,-0.0,0.0","-0.0,0.0,-0.0,-1.0",23.0,23.0,22.0,0,0,0,0,0,0,0,0.0,0.0,0.0,0.0,1.7976931348623157e+308,0.0,
0,navstack-1709204094664,navstack,frontal,HandCrafted,,,1709204099,682232141,"builtin_interfaces.msg.Time(sec=1709204099, nanosec=342232227)",120.0,Handcrafted_LabStudy,1,1,"-11.0,-0.0,0.5","-0.0,0.0,-0.0,-1.0","12.0,-0.0,0.0","-0.0,0.0,-0.0,-1.0",23.0,23.0,22.0,0,0,0,0,0,0,0,0.0,0.0,0.0,0.0,1.7976931348623157e+308,3.725290298461914e-05,
0,navstack-1709204094664,navstack,frontal,HandCrafted,,,1709204099,682232141,"builtin_interfaces.msg.Time(sec=1709204099, nanosec=342232227)",120.0,Handcrafted_LabStudy,1,1,"-11.0,-0.0,0.5","-0.0,0.0,-0.0,-1.0","12.0,-0.0,0.0","-0.0,0.0,-0.0,-1.0",23.0,23.0,22.0,0,0,0,0,0,0,0,0.0,0.0,0.0,0.0,1.7976931348623157e+308,3.725290298461914e-05,
0,navstack-1709204094664,navstack,frontal,HandCrafted,,,1709204099,702232122,"builtin_interfaces.msg.Time(sec=1709204099, nanosec=342232227)",120.0,Handcrafted_LabStudy,1,1,"-11.0,-0.0,0.5","-0.0,0.0,-0.0,-1.0","12.0,-0.0,0.0","-0.0,0.0,-0.0,-1.0",23.0,23.0,22.0,0,0,0,0,0,0,0,0.0,0.0,0.0,0.0,1.7976931348623157e+308,4.0317567625336465e-22,
0,navstack-1709204094664,navstack,frontal,HandCrafted,,,1709204099,722232103,"builtin_interfaces.msg.Time(sec=1709204099, nanosec=342232227)",120.0,Handcrafted_LabStudy,1,1,"-11.0,-0.0,0.5","-0.0,0.0,-0.0,-1.0","12.0,-0.0,0.0","-0.0,0.0,-0.0,-1.0",23.0,23.0,22.0,0,0,0,0,0,0,0,0.0,0.0,0.0,0.0,1.7976931348623157e+308,5.132680944440504e-22,
0,navstack-1709204094664,navstack,frontal,HandCrafted,,,1709204099,722232103,"builtin_interfaces.msg.Time(sec=1709204099, nanosec=342232227)",120.0,Handcrafted_LabStudy,1,1,"-11.0,-0.0,0.5","-0.0,0.0,-0.0,-1.0","12.0,-0.0,0.0","-0.0,0.0,-0.0,-1.0",23.0,23.0,22.0,0,0,0,0,0,0,0,0.0,0.0,0.0,0.0,1.7976931348623157e+308,1.0587911840678754e-22,
0,navstack-1709204094664,navstack,frontal,HandCrafted,,,1709204099,742232084,"builtin_interfaces.msg.Time(sec=1709204099, nanosec=342232227)",120.0,Handcrafted_LabStudy,1,1,"-11.0,-0.0,0.5","-0.0,0.0,-0.0,-1.0","12.0,-0.0,0.0","-0.0,0.0,-0.0,-1.0",23.0,23.0,22.0,0,0,0,0,0,0,0,0.0,0.0,0.0,0.0,1.7976931348623157e+308,1.2415427403392098e-22,
0,navstack-1709204094664,navstack,frontal,HandCrafted,,,1709204099,742232084,"builtin_interfaces.msg.Time(sec=1709204099, nanosec=342232227)",120.0,Handcrafted_LabStudy,1,1,"-11.0,-0.0,0.5","-0.0,0.0,-0.0,-1.0","12.0,-0.0,0.0","-0.0,0.0,-0.0,-1.0",23.0,23.0,22.0,0,0,0,0,0,0,0,0.0,0.0,0.0,0.0,1.7976931348623157e+308,1.2415427403392098e-22,
0,navstack-1709204094664,navstack,frontal,HandCrafted,,,1709204099,762232065,"builtin_interfaces.msg.Time(sec=1709204099, nanosec=342232227)",120.0,Handcrafted_LabStudy,1,1,"-11.0,-0.0,0.5","-0.0,0.0,-0.0,-1.0","12.0,-0.0,0.0","-0.0,0.0,-0.0,-1.0",23.0,23.0,22.0,0,0,0,0,0,0,0,0.0,0.0,0.0,0.0,1.7976931348623157e+308,3.725290298461914e-05,
0,navstack-1709204094664,navstack,frontal,HandCrafted,,,1709204099,762232065,"builtin_interfaces.msg.Time(sec=1709204099, nanosec=342232227)",120.0,Handcrafted_LabStudy,1,1,"-11.0,-0.0,0.5","-0.0,0.0,-0.0,-1.0","12.0,-0.0,0.0","-0.0,0.0,-0.0,-1.0",23.0,23.0,22.0,0,0,0,0,0,0,0,0.0,0.0,0.0,0.0,1.7976931348623157e+308,3.725290298461914e-05,
0,navstack-1709204094664,navstack,frontal,HandCrafted,,,1709204099,782232284,"builtin_interfaces.msg.Time(sec=1709204099, nanosec=342232227)",120.0,Handcrafted_LabStudy,1,1,"-11.0,-0.0,0.5","-0.0,0.0,-0.0,-1.0","12.0,-0.0,0.0","-0.0,0.0,-0.0,-1.0",23.0,23.0,22.0,0,0,0,0,0,0,0,0.0,0.0,0.0,0.0,1.7976931348623157e+308,3.725290298461914e-05,
0,navstack-1709204094664,navstack,frontal,HandCrafted,,,1709204099,782232284,"builtin_interfaces.msg.Time(sec=1709204099, nanosec=342232227)",120.0,Handcrafted_LabStudy,1,1,"-11.0,-0.0,0.5","-0.0,0.0,-0.0,-1.0","12.0,-0.0,0.0","-0.0,0.0,-0.0,-1.0",23.0,23.0,22.0,0,0,0,0,0,0,0,0.0,0.0,0.0,0.0,1.7976931348623157e+308,3.725290298461914e-05,
0,navstack-1709204094664,navstack,frontal,HandCrafted,,,1709204099,802232265,"builtin_interfaces.msg.Time(sec=1709204099, nanosec=342232227)",120.0,Handcrafted_LabStudy,1,1,"-11.0,-0.0,0.5","-0.0,0.0,-0.0,-1.0","12.0,-0.0,0.0","-0.0,0.0,-0.0,-1.0",23.0,23.0,22.0,0,0,0,0,0,0,0,0.0,0.0,0.0,0.0,1.7976931348623157e+308,3.743392066509216e-23,
0,navstack-1709204094664,navstack,frontal,HandCrafted,,,1709204099,802232265,"builtin_interfaces.msg.Time(sec=1709204099, nanosec=342232227)",120.0,Handcrafted_LabStudy,1,1,"-11.0,-0.0,0.5","-0.0,0.0,-0.0,-1.0","12.0,-0.0,0.0","-0.0,0.0,-0.0,-1.0",23.0,23.0,22.0,0,0,0,0,0,0,0,0.0,0.0,0.0,0.0,1.7976931348623157e+308,3.743392066509216e-23,
0,navstack-1709204094664,navstack,frontal,HandCrafted,,,1709204099,822232246,"builtin_interfaces.msg.Time(sec=1709204099, nanosec=342232227)",120.0,Handcrafted_LabStudy,1,1,"-11.0,-0.0,0.5","-0.0,0.0,-0.0,-1.0","12.0,-0.0,0.0","-0.0,0.0,-0.0,-1.0",23.0,23.0,22.0,0,0,0,0,0,0,0,0.0,0.0,0.0,0.0,1.7976931348623157e+308,2.2146205898490944e-22,
0,navstack-1709204094664,navstack,frontal,HandCrafted,,,1709204099,822232246,"builtin_interfaces.msg.Time(sec=1709204099, nanosec=342232227)",120.0,Handcrafted_LabStudy,1,1,"-11.0,-0.0,0.5","-0.0,0.0,-0.0,-1.0","12.0,-0.0,0.0","-0.0,0.0,-0.0,-1.0",23.0,23.0,22.0,0,0,0,0,0,0,0,0.0,0.0,0.0,0.0,1.7976931348623157e+308,2.2146205898490944e-22,
0,navstack-1709204094664,navstack,frontal,HandCrafted,,,1709204099,842232227,"builtin_interfaces.msg.Time(sec=1709204099, nanosec=342232227)",120.0,Handcrafted_LabStudy,1,1,"-11.0,-0.0,0.5","-0.0,0.0,-0.0,-1.0","12.0,-0.0,0.0","-0.0,0.0,-0.0,-1.0",23.0,23.0,22.0,0,0,0,0,0,0,0,0.0,0.0,0.0,0.0,1.7976931348623157e+308,3.725290298461914e-05,
0,navstack-1709204094664,navstack,frontal,HandCrafted,,,1709204099,842232227,"builtin_interfaces.msg.Time(sec=1709204099, nanosec=342232227)",120.0,Handcrafted_LabStudy,1,1,"-11.0,-0.0,0.5","-0.0,0.0,-0.0,-1.0","12.0,-0.0,0.0","-0.0,0.0,-0.0,-1.0",23.0,23.0,22.0,0,0,0,0,0,0,0,0.0,0.0,0.0,0.0,1.7976931348623157e+308,3.725290298461914e-05,
0,navstack-1709204094664,navstack,frontal,HandCrafted,,,1709204099,862232208,"builtin_interfaces.msg.Time(sec=1709204099, nanosec=342232227)",120.0,Handcrafted_LabStudy,1,1,"-11.0,-0.0,0.5","-0.0,0.0,-0.0,-1.0","12.0,-0.0,0.0","-0.0,0.0,-0.0,-1.0",23.0,23.0,22.0,0,0,0,0,0,0,0,0.0,0.0,0.0,0.0,1.7976931348623157e+308,3.725290298461914e-05,
0,navstack-1709204094664,navstack,frontal,HandCrafted,,,1709204099,882232189,"builtin_interfaces.msg.Time(sec=1709204099, nanosec=342232227)",120.0,Handcrafted_LabStudy,1,1,"-11.0,-0.0,0.5","-0.0,0.0,-0.0,-1.0","12.0,-0.0,0.0","-0.0,0.0,-0.0,-1.0",23.0,23.0,22.0,0,0,0,0,0,0,0,0.0,0.0,0.0,0.0,1.7976931348623157e+308,7.450580596923828e-05,
0,navstack-1709204094664,navstack,frontal,HandCrafted,,,1709204099,902232170,"builtin_interfaces.msg.Time(sec=1709204099, nanosec=342232227)",120.0,Handcrafted_LabStudy,1,1,"-11.0,-0.0,0.5","-0.0,0.0,-0.0,-1.0","12.0,-0.0,0.0","-0.0,0.0,-0.0,-1.0",23.0,23.0,22.0,0,0,0,0,0,0,0,0.0,0.0,0.0,0.0,1.7976931348623157e+308,7.450580596923828e-05,
0,navstack-1709204094664,navstack,frontal,HandCrafted,,,1709204099,902232170,"builtin_interfaces.msg.Time(sec=1709204099, nanosec=342232227)",120.0,Handcrafted_LabStudy,1,1,"-11.0,-0.0,0.5","-0.0,0.0,-0.0,-1.0","12.0,-0.0,0.0","-0.0,0.0,-0.0,-1.0",23.0,23.0,22.0,0,0,0,0,0,0,0,0.0,0.0,0.0,0.0,1.7976931348623157e+308,3.725290298461914e-05,
0,navstack-1709204094664,navstack,frontal,HandCrafted,,,1709204099,922232151,"builtin_interfaces.msg.Time(sec=1709204099, nanosec=342232227)",120.0,Handcrafted_LabStudy,1,1,"-11.0,-0.0,0.5","-0.0,0.0,-0.0,-1.0","12.0,-0.0,0.0","-0.0,0.0,-0.0,-1.0",23.0,23.0,22.0,0,0,0,0,0,0,0,0.0,0.0,0.0,0.0,1.7976931348623157e+308,3.725290298461914e-05,
0,navstack-1709204094664,navstack,frontal,HandCrafted,,,1709204099,922232151,"builtin_interfaces.msg.Time(sec=1709204099, nanosec=342232227)",120.0,Handcrafted_LabStudy,1,1,"-11.0,-0.0,0.5","-0.0,0.0,-0.0,-1.0","12.0,-0.0,0.0","-0.0,0.0,-0.0,-1.0",23.0,23.0,22.0,0,0,0,0,0,0,0,0.0,0.0,0.0,0.0,1.7976931348623157e+308,3.725290298461914e-05,
0,navstack-1709204094664,navstack,frontal,HandCrafted,,,1709204099,942232131,"builtin_interfaces.msg.Time(sec=1709204099, nanosec=342232227)",120.0,Handcrafted_LabStudy,1,1,"-11.0,-0.0,0.5","-0.0,0.0,-0.0,-1.0","12.0,-0.0,0.0","-0.0,0.0,-0.0,-1.0",23.0,23.0,22.0,0,0,0,0,0,0,0,0.0,0.0,0.0,0.0,1.7976931348623157e+308,3.725290298461914e-05,
0,navstack-1709204094664,navstack,frontal,HandCrafted,,,1709204099,942232131,"builtin_interfaces.msg.Time(sec=1709204099, nanosec=342232227)",120.0,Handcrafted_LabStudy,1,1,"-11.0,-0.0,0.5","-0.0,0.0,-0.0,-1.0","12.0,-0.0,0.0","-0.0,0.0,-0.0,-1.0",23.0,23.0,22.0,0,0,0,0,0,0,0,0.0,0.0,0.0,0.0,1.7976931348623157e+308,3.725290298461914e-05,
0,navstack-1709204094664,navstack,frontal,HandCrafted,,,1709204099,962232112,"builtin_interfaces.msg.Time(sec=1709204099, nanosec=342232227)",120.0,Handcrafted_LabStudy,1,1,"-11.0,-0.0,0.5","-0.0,0.0,-0.0,-1.0","12.0,-0.0,0.0","-0.0,0.0,-0.0,-1.0",23.0,23.0,22.0,0,0,0,0,0,0,0,0.0,0.0,0.0,0.0,1.7976931348623157e+308,3.725290298461914e-05,
0,navstack-1709204094664,navstack,frontal,HandCrafted,,,1709204099,962232112,"builtin_interfaces.msg.Time(sec=1709204099, nanosec=342232227)",120.0,Handcrafted_LabStudy,1,1,"-11.0,-0.0,0.5","-0.0,0.0,-0.0,-1.0","12.0,-0.0,0.0","-0.0,0.0,-0.0,-1.0",23.0,23.0,22.0,0,0,0,0,0,0,0,0.0,0.0,0.0,0.0,1.7976931348623157e+308,3.725290298461914e-05,
0,navstack-1709204094664,navstack,frontal,HandCrafted,,,1709204099,962232112,"builtin_interfaces.msg.Time(sec=1709204099, nanosec=342232227)",120.0,Handcrafted_LabStudy,1,1,"-11.0,-0.0,0.5","-0.0,0.0,-0.0,-1.0","12.0,-0.0,0.0","-0.0,0.0,-0.0,-1.0",23.0,23.0,22.0,0,0,0,0,0,0,0,0.0,0.0,0.0,0.0,1.7976931348623157e+308,0.0,
0,navstack-1709204094664,navstack,frontal,HandCrafted,,,1709204099,982232093,"builtin_interfaces.msg.Time(sec=1709204099, nanosec=342232227)",120.0,Handcrafted_LabStudy,1,1,"-11.0,-0.0,0.5","-0.0,0.0,-0.0,-1.0","12.0,-0.0,0.0","-0.0,0.0,-0.0,-1.0",23.0,23.0,22.0,0,0,0,0,0,0,0,0.0,0.0,0.0,0.0,1.7976931348623157e+308,3.725290298461914e-05,
0,navstack-1709204094664,navstack,frontal,HandCrafted,,,1709204099,982232093,"builtin_interfaces.msg.Time(sec=1709204099, nanosec=342232227)",120.0,Handcrafted_LabStudy,1,1,"-11.0,-0.0,0.5","-0.0,0.0,-0.0,-1.0","12.0,-0.0,0.0","-0.0,0.0,-0.0,-1.0",23.0,23.0,22.0,0,0,0,0,0,0,0,0.0,0.0,0.0,0.0,1.7976931348623157e+308,3.725290298461914e-05,
0,navstack-1709204094664,navstack,frontal,HandCrafted,,,1709204100,2232074,"builtin_interfaces.msg.Time(sec=1709204099, nanosec=342232227)",120.0,Handcrafted_LabStudy,1,1,"-11.0,-0.0,0.5","-0.0,0.0,-0.0,-1.0","12.0,-0.0,0.0","-0.0,0.0,-0.0,-1.0",23.0,23.0,22.0,0,0,0,0,0,0,0,0.0,0.0,0.0,0.0,1.7976931348623157e+308,3.725290298461914e-05,
0,navstack-1709204094664,navstack,frontal,HandCrafted,,,1709204100,2232074,"builtin_interfaces.msg.Time(sec=1709204099, nanosec=342232227)",120.0,Handcrafted_LabStudy,1,1,"-11.0,-0.0,0.5","-0.0,0.0,-0.0,-1.0","12.0,-0.0,0.0","-0.0,0.0,-0.0,-1.0",23.0,23.0,22.0,0,0,0,0,0,0,0,0.0,0.0,0.0,0.0,1.7976931348623157e+308,3.725290298461914e-05,
0,navstack-1709204094664,navstack,frontal,HandCrafted,,,1709204100,2232074,"builtin_interfaces.msg.Time(sec=1709204099, nanosec=342232227)",120.0,Handcrafted_LabStudy,1,1,"-11.0,-0.0,0.5","-0.0,0.0,-0.0,-1.0","12.0,-0.0,0.0","-0.0,0.0,-0.0,-1.0",23.0,23.0,22.0,0,0,0,0,0,0,0,0.0,0.0,0.0,0.0,1.7976931348623157e+308,0.0,
0,navstack-1709204094664,navstack,frontal,HandCrafted,,,1709204100,22232294,"builtin_interfaces.msg.Time(sec=1709204099, nanosec=342232227)",120.0,Handcrafted_LabStudy,1,1,"-11.0,-0.0,0.5","-0.0,0.0,-0.0,-1.0","12.0,-0.0,0.0","-0.0,0.0,-0.0,-1.0",23.0,23.0,22.0,0,0,0,0,0,0,0,0.0,0.0,0.0,0.0,1.7976931348623157e+308,3.725290298461914e-05,
0,navstack-1709204094664,navstack,frontal,HandCrafted,,,1709204100,22232294,"builtin_interfaces.msg.Time(sec=1709204099, nanosec=342232227)",120.0,Handcrafted_LabStudy,1,1,"-11.0,-0.0,0.5","-0.0,0.0,-0.0,-1.0","12.0,-0.0,0.0","-0.0,0.0,-0.0,-1.0",23.0,23.0,22.0,0,0,0,0,0,0,0,0.0,0.0,0.0,0.0,1.7976931348623157e+308,3.725290298461914e-05,
0,navstack-1709204094664,navstack,frontal,HandCrafted,,,1709204100,42232275,"builtin_interfaces.msg.Time(sec=1709204099, nanosec=342232227)",120.0,Handcrafted_LabStudy,1,1,"-11.0,-0.0,0.5","-0.0,0.0,-0.0,-1.0","12.0,-0.0,0.0","-0.0,0.0,-0.0,-1.0",23.0,23.0,22.0,0,0,0,0,0,0,0,0.0,0.0,0.0,0.0,1.7976931348623157e+308,3.725290298461914e-05,
0,navstack-1709204094664,navstack,frontal,HandCrafted,,,1709204100,42232275,"builtin_interfaces.msg.Time(sec=1709204099, nanosec=342232227)",120.0,Handcrafted_LabStudy,1,1,"-11.0,-0.0,0.5","-0.0,0.0,-0.0,-1.0","12.0,-0.0,0.0","-0.0,0.0,-0.0,-1.0",23.0,23.0,22.0,0,0,0,0,0,0,0,0.0,0.0,0.0,0.0,1.7976931348623157e+308,3.725290298461914e-05,
0,navstack-1709204094664,navstack,frontal,HandCrafted,,,1709204100,62232255,"builtin_interfaces.msg.Time(sec=1709204099, nanosec=342232227)",120.0,Handcrafted_LabStudy,1,1,"-11.0,-0.0,0.5","-0.0,0.0,-0.0,-1.0","12.0,-0.0,0.0","-0.0,0.0,-0.0,-1.0",23.0,23.0,22.0,0,0,0,0,0,0,0,0.0,0.0,0.0,0.0,1.7976931348623157e+308,3.725290298461914e-05,
0,navstack-1709204094664,navstack,frontal,HandCrafted,,,1709204100,62232255,"builtin_interfaces.msg.Time(sec=1709204099, nanosec=342232227)",120.0,Handcrafted_LabStudy,1,1,"-11.0,-0.0,0.5","-0.0,0.0,-0.0,-1.0","12.0,-0.0,0.0","-0.0,0.0,-0.0,-1.0",23.0,23.0,22.0,0,0,0,0,0,0,0,0.0,0.0,0.0,0.0,1.7976931348623157e+308,3.725290298461914e-05,
0,navstack-1709204094664,navstack,frontal,HandCrafted,,,1709204100,62232255,"builtin_interfaces.msg.Time(sec=1709204099, nanosec=342232227)",120.0,Handcrafted_LabStudy,1,1,"-11.0,-0.0,0.5","-0.0,0.0,-0.0,-1.0","12.0,-0.0,0.0","-0.0,0.0,-0.0,-1.0",23.0,23.0,22.0,0,0,0,0,0,0,0,0.0,0.0,0.0,0.0,1.7976931348623157e+308,0.0,
0,navstack-1709204094664,navstack,frontal,HandCrafted,,,1709204100,82232236,"builtin_interfaces.msg.Time(sec=1709204099, nanosec=342232227)",120.0,Handcrafted_LabStudy,1,1,"-11.0,-0.0,0.5","-0.0,0.0,-0.0,-1.0","12.0,-0.0,0.0","-0.0,0.0,-0.0,-1.0",23.0,23.0,22.0,0,0,0,0,0,0,0,0.0,0.0,0.0,0.0,5.569710346651659e+21,3.725290298461914e-05,
0,navstack-1709204094664,navstack,frontal,HandCrafted,,,1709204100,82232236,"builtin_interfaces.msg.Time(sec=1709204099, nanosec=342232227)",120.0,Handcrafted_LabStudy,1,1,"-11.0,-0.0,0.5","-0.0,0.0,-0.0,-1.0","12.0,-0.0,0.0","-0.0,0.0,-0.0,-1.0",23.0,23.0,22.0,0,0,0,0,0,0,0,0.0,0.0,0.0,0.0,5.569710346651659e+21,3.725290298461914e-05,
0,navstack-1709204094664,navstack,frontal,HandCrafted,,,1709204100,82232236,"builtin_interfaces.msg.Time(sec=1709204099, nanosec=342232227)",120.0,Handcrafted_LabStudy,1,1,"-11.0,-0.0,0.5","-0.0,0.0,-0.0,-1.0","12.0,-0.0,0.0","-0.0,0.0,-0.0,-1.0",23.0,23.0,22.0,0,0,0,0,0,0,0,0.0,0.0,0.0,0.0,5.569711030791833e+21,0.0,
0,navstack-1709204094664,navstack,frontal,HandCrafted,,,1709204100,102232217,"builtin_interfaces.msg.Time(sec=1709204099, nanosec=342232227)",120.0,Handcrafted_LabStudy,1,1,"-11.0,-0.0,0.5","-0.0,0.0,-0.0,-1.0","12.0,-0.0,0.0","-0.0,0.0,-0.0,-1.0",23.0,23.0,22.0,0,0,0,0,0,0,0,0.0,0.0,0.0,0.0,5.56934139985485e+21,3.725290298461914e-05,
0,navstack-1709204094664,navstack,frontal,HandCrafted,,,1709204100,102232217,"builtin_interfaces.msg.Time(sec=1709204099, nanosec=342232227)",120.0,Handcrafted_LabStudy,1,1,"-11.0,-0.0,0.5","-0.0,0.0,-0.0,-1.0","12.0,-0.0,0.0","-0.0,0.0,-0.0,-1.0",23.0,23.0,22.0,0,0,0,0,0,0,0,0.0,0.0,0.0,0.0,5.569342425997322e+21,3.725290298461914e-05,
0,navstack-1709204094664,navstack,frontal,HandCrafted,,,1709204100,122232198,"builtin_interfaces.msg.Time(sec=1709204099, nanosec=342232227)",120.0,Handcrafted_LabStudy,1,1,"-11.0,-0.0,0.5","-0.0,0.0,-0.0,-1.0","12.0,-0.0,0.0","-0.0,0.0,-0.0,-1.0",23.0,23.0,22.0,0,0,0,0,0,0,0,0.0,0.0,0.0,0.0,5.569710346651659e+21,3.725290298461914e-05,
0,navstack-1709204094664,navstack,frontal,HandCrafted,,,1709204100,122232198,"builtin_interfaces.msg.Time(sec=1709204099, nanosec=342232227)",120.0,Handcrafted_LabStudy,1,1,"-11.0,-0.0,0.5","-0.0,0.0,-0.0,-1.0","12.0,-0.0,0.0","-0.0,0.0,-0.0,-1.0",23.0,23.0,22.0,0,0,0,0,0,0,0,0.0,0.0,0.0,0.0,5.569710346651659e+21,3.725290298461914e-05,
0,navstack-1709204094664,navstack,frontal,HandCrafted,,,1709204100,142232179,"builtin_interfaces.msg.Time(sec=1709204099, nanosec=342232227)",120.0,Handcrafted_LabStudy,1,1,"-11.0,-0.0,0.5","-0.0,0.0,-0.0,-1.0","12.0,-0.0,0.0","-0.0,0.0,-0.0,-1.0",23.0,23.0,22.0,0,0,0,0,0,0,0,0.0,0.0,0.0,0.0,5.569342425997322e+21,3.725290298461914e-05,
0,navstack-1709204094664,navstack,frontal,HandCrafted,,,1709204100,142232179,"builtin_interfaces.msg.Time(sec=1709204099, nanosec=342232227)",120.0,Handcrafted_LabStudy,1,1,"-11.0,-0.0,0.5","-0.0,0.0,-0.0,-1.0","12.0,-0.0,0.0","-0.0,0.0,-0.0,-1.0",23.0,23.0,22.0,0,0,0,0,0,0,0,0.0,0.0,0.0,0.0,5.56934139985485e+21,3.725290298461914e-05,
0,navstack-1709204094664,navstack,frontal,HandCrafted,,,1709204100,142232179,"builtin_interfaces.msg.Time(sec=1709204099, nanosec=342232227)",120.0,Handcrafted_LabStudy,1,1,"-11.0,-0.0,0.5","-0.0,0.0,-0.0,-1.0","12.0,-0.0,0.0","-0.0,0.0,-0.0,-1.0",23.0,23.0,22.0,0,0,0,0,0,0,0,0.0,0.0,0.0,0.0,5.569342425997322e+21,0.0,
0,navstack-1709204094664,navstack,frontal,HandCrafted,,,1709204100,162232160,"builtin_interfaces.msg.Time(sec=1709204099, nanosec=342232227)",120.0,Handcrafted_LabStudy,1,1,"-11.0,-0.0,0.5","-0.0,0.0,-0.0,-1.0","12.0,-0.0,0.0","-0.0,0.0,-0.0,-1.0",23.0,23.0,22.0,0,0,0,0,0,0,0,0.0,0.0,0.0,0.0,5.569710346651659e+21,3.725290298461914e-05,
0,navstack-1709204094664,navstack,frontal,HandCrafted,,,1709204100,162232160,"builtin_interfaces.msg.Time(sec=1709204099, nanosec=342232227)",120.0,Handcrafted_LabStudy,1,1,"-11.0,-0.0,0.5","-0.0,0.0,-0.0,-1.0","12.0,-0.0,0.0","-0.0,0.0,-0.0,-1.0",23.0,23.0,22.0,0,0,0,0,0,0,0,0.0,0.0,0.0,0.0,5.569710346651659e+21,3.725290298461914e-05,
0,navstack-1709204094664,navstack,frontal,HandCrafted,,,1709204100,182232141,"builtin_interfaces.msg.Time(sec=1709204099, nanosec=342232227)",120.0,Handcrafted_LabStudy,1,1,"-11.0,-0.0,0.5","-0.0,0.0,-0.0,-1.0","12.0,-0.0,0.0","-0.0,0.0,-0.0,-1.0",23.0,23.0,22.0,0,0,0,0,0,0,0,0.0,0.0,0.0,0.0,5.56934139985485e+21,3.725290298461914e-05,
0,navstack-1709204094664,navstack,frontal,HandCrafted,,,1709204100,182232141,"builtin_interfaces.msg.Time(sec=1709204099, nanosec=342232227)",120.0,Handcrafted_LabStudy,1,1,"-11.0,-0.0,0.5","-0.0,0.0,-0.0,-1.0","12.0,-0.0,0.0","-0.0,0.0,-0.0,-1.0",23.0,23.0,22.0,0,0,0,0,0,0,0,0.0,0.0,0.0,0.0,5.569342425997322e+21,3.725290298461914e-05,
0,navstack-1709204094664,navstack,frontal,HandCrafted,,,1709204100,182232141,"builtin_interfaces.msg.Time(sec=1709204099, nanosec=342232227)",120.0,Handcrafted_LabStudy,1,1,"-11.0,-0.0,0.5","-0.0,0.0,-0.0,-1.0","12.0,-0.0,0.0","-0.0,0.0,-0.0,-1.0",23.0,23.0,22.0,0,0,0,0,0,0,0,0.0,0.0,0.0,0.0,5.569342425997322e+21,0.0,
0,navstack-1709204094664,navstack,frontal,HandCrafted,,,1709204100,202232122,"builtin_interfaces.msg.Time(sec=1709204099, nanosec=342232227)",120.0,Handcrafted_LabStudy,1,1,"-11.0,-0.0,0.5","-0.0,0.0,-0.0,-1.0","12.0,-0.0,0.0","-0.0,0.0,-0.0,-1.0",23.0,23.0,22.0,0,0,0,0,0,0,0,0.0,0.0,0.0,0.0,5.569708978371314e+21,3.725290298461914e-05,
0,navstack-1709204094664,navstack,frontal,HandCrafted,,,1709204100,222232103,"builtin_interfaces.msg.Time(sec=1709204099, nanosec=342232227)",120.0,Handcrafted_LabStudy,1,1,"-11.0,-0.0,0.5","-0.0,0.0,-0.0,-1.0","12.0,-0.0,0.0","-0.0,0.0,-0.0,-1.0",23.0,23.0,22.0,0,0,0,0,0,0,0,0.0,0.0,0.0,0.0,5.56934139985485e+21,7.450580596923828e-05,
0,navstack-1709204094664,navstack,frontal,HandCrafted,,,1709204100,222232103,"builtin_interfaces.msg.Time(sec=1709204099, nanosec=342232227)",120.0,Handcrafted_LabStudy,1,1,"-11.0,-0.0,0.5","-0.0,0.0,-0.0,-1.0","12.0,-0.0,0.0","-0.0,0.0,-0.0,-1.0",23.0,23.0,22.0,0,0,0,0,0,0,0,0.0,0.0,0.0,0.0,5.56934139985485e+21,3.725290298461914e-05,
0,navstack-1709204094664,navstack,frontal,HandCrafted,,,1709204100,242232084,"builtin_interfaces.msg.Time(sec=1709204099, nanosec=342232227)",120.0,Handcrafted_LabStudy,1,1,"-11.0,-0.0,0.5","-0.0,0.0,-0.0,-1.0","12.0,-0.0,0.0","-0.0,0.0,-0.0,-1.0",23.0,23.0,22.0,0,0,0,0,0,0,0,0.0,0.0,0.0,0.0,5.569710346651659e+21,3.725290298461914e-05,
0,navstack-1709204094664,navstack,frontal,HandCrafted,,,1709204100,262232065,"builtin_interfaces.msg.Time(sec=1709204099, nanosec=342232227)",120.0,Handcrafted_LabStudy,1,1,"-11.0,-0.0,0.5","-0.0,0.0,-0.0,-1.0","12.0,-0.0,0.0","-0.0,0.0,-0.0,-1.0",23.0,23.0,22.0,0,0,0,0,0,0,0,0.0,0.0,0.0,0.0,5.569343110092303e+21,7.450580596923828e-05,
0,navstack-1709204094664,navstack,frontal,HandCrafted,,,1709204100,262232065,"builtin_interfaces.msg.Time(sec=1709204099, nanosec=342232227)",120.0,Handcrafted_LabStudy,1,1,"-11.0,-0.0,0.5","-0.0,0.0,-0.0,-1.0","12.0,-0.0,0.0","-0.0,0.0,-0.0,-1.0",23.0,23.0,22.0,0,0,0,0,0,0,0,0.0,0.0,0.0,0.0,5.569342425997322e+21,3.725290298461914e-05,
0,navstack-1709204094664,navstack,frontal,HandCrafted,,,1709204100,282232284,"builtin_interfaces.msg.Time(sec=1709204099, nanosec=342232227)",120.0,Handcrafted_LabStudy,1,1,"-11.0,-0.0,0.5","-0.0,0.0,-0.0,-1.0","12.0,-0.0,0.0","-0.0,0.0,-0.0,-1.0",23.0,23.0,22.0,0,0,0,0,0,0,0,0.0,0.0,0.0,0.0,5.569711030791833e+21,3.725290298461914e-05,
0,navstack-1709204094664,navstack,frontal,HandCrafted,,,1709204100,302232265,"builtin_interfaces.msg.Time(sec=1709204099, nanosec=342232227)",120.0,Handcrafted_LabStudy,1,1,"-11.0,-0.0,0.5","-0.0,0.0,-0.0,-1.0","12.0,-0.0,0.0","-0.0,0.0,-0.0,-1.0",23.0,23.0,22.0,0,0,0,0,0,0,0,0.0,0.0,0.0,0.0,5.569343110092303e+21,7.450580596923828e-05,
0,navstack-1709204094664,navstack,frontal,HandCrafted,,,1709204100,302232265,"builtin_interfaces.msg.Time(sec=1709204099, nanosec=342232227)",120.0,Handcrafted_LabStudy,1,1,"-11.0,-0.0,0.5","-0.0,0.0,-0.0,-1.0","12.0,-0.0,0.0","-0.0,0.0,-0.0,-1.0",23.0,23.0,22.0,0,0,0,0,0,0,0,0.0,0.0,0.0,0.0,5.569343452139792e+21,3.725290298461914e-05,
0,navstack-1709204094664,navstack,frontal,HandCrafted,,,1709204100,322232246,"builtin_interfaces.msg.Time(sec=1709204099, nanosec=342232227)",120.0,Handcrafted_LabStudy,1,1,"-11.0,-0.0,0.5","-0.0,0.0,-0.0,-1.0","12.0,-0.0,0.0","-0.0,0.0,-0.0,-1.0",23.0,23.0,22.0,0,0,0,0,0,0,0,0.0,0.0,0.0,0.0,5.569712399072179e+21,3.725290298461914e-05,
0,navstack-1709204094664,navstack,frontal,HandCrafted,,,1709204100,322232246,"builtin_interfaces.msg.Time(sec=1709204099, nanosec=342232227)",120.0,Handcrafted_LabStudy,1,1,"-11.0,-0.0,0.5","-0.0,0.0,-0.0,-1.0","12.0,-0.0,0.0","-0.0,0.0,-0.0,-1.0",23.0,23.0,22.0,0,0,0,0,0,0,0,0.0,0.0,0.0,0.0,5.569712741142266e+21,3.725290298461914e-05,
0,navstack-1709204094664,navstack,frontal,HandCrafted,,,1709204100,322232246,"builtin_interfaces.msg.Time(sec=1709204099, nanosec=342232227)",120.0,Handcrafted_LabStudy,1,1,"-11.0,-0.0,0.5","-0.0,0.0,-0.0,-1.0","12.0,-0.0,0.0","-0.0,0.0,-0.0,-1.0",23.0,23.0,22.0,0,0,0,0,0,0,0,0.0,0.0,0.0,0.0,5.569713767352525e+21,0.0,
0,navstack-1709204094664,navstack,frontal,HandCrafted,,,1709204100,342232227,"builtin_interfaces.msg.Time(sec=1709204099, nanosec=342232227)",120.0,Handcrafted_LabStudy,1,1,"-11.0,-0.0,0.5","-0.0,0.0,-0.0,-1.0","12.0,-0.0,0.0","-0.0,0.0,-0.0,-1.0",23.0,23.0,22.0,0,0,0,0,0,0,0,0.0,0.0,0.0,0.0,5.569345846472224e+21,3.725290298461914e-05,
0,navstack-1709204094664,navstack,frontal,HandCrafted,,,1709204100,342232227,"builtin_interfaces.msg.Time(sec=1709204099, nanosec=342232227)",120.0,Handcrafted_LabStudy,1,1,"-11.0,-0.0,0.5","-0.0,0.0,-0.0,-1.0","12.0,-0.0,0.0","-0.0,0.0,-0.0,-1.0",23.0,23.0,22.0,0,0,0,0,0,0,0,0.0,0.0,0.0,0.0,5.569346530567205e+21,3.725290298461914e-05,
0,navstack-1709204094664,navstack,frontal,HandCrafted,,,1709204100,362232208,"builtin_interfaces.msg.Time(sec=1709204099, nanosec=342232227)",120.0,Handcrafted_LabStudy,1,1,"-11.0,-0.0,0.5","-0.0,0.0,-0.0,-1.0","12.0,-0.0,0.0","-0.0,0.0,-0.0,-1.0",23.0,23.0,22.0,0,0,0,0,0,0,0,0.0,0.0,0.0,0.0,5.569715135632872e+21,3.725290298461914e-05,
0,navstack-1709204094664,navstack,frontal,HandCrafted,,,1709204100,382232189,"builtin_interfaces.msg.Time(sec=1709204099, nanosec=342232227)",120.0,Handcrafted_LabStudy,1,1,"-11.0,-0.0,0.5","-0.0,0.0,-0.0,-1.0","12.0,-0.0,0.0","-0.0,0.0,-0.0,-1.0",23.0,23.0,21.999942779541016,0,0,0,0,0,0,0,1.8300938214617804e-26,0.0,0.0,0.0,5.569347898757166e+21,7.450580596923828e-05,
0,navstack-1709204094664,navstack,frontal,HandCrafted,,,1709204100,402232170,"builtin_interfaces.msg.Time(sec=1709204099, nanosec=342232227)",120.0,Handcrafted_LabStudy,1,1,"-11.0,-0.0,0.5","-0.0,0.0,-0.0,-1.0","12.0,-0.0,0.0","-0.0,0.0,-0.0,-1.0",23.0,23.0,21.999942779541016,0,0,0,0,0,0,0,1.8300938214617804e-26,0.0,0.0,0.0,5.56971821426365e+21,7.450580596923828e-05,
0,navstack-1709204094664,navstack,frontal,HandCrafted,,,1709204100,402232170,"builtin_interfaces.msg.Time(sec=1709204099, nanosec=342232227)",120.0,Handcrafted_LabStudy,1,1,"-11.0,-0.0,0.5","-0.0,0.0,-0.0,-1.0","12.0,-0.0,0.0","-0.0,0.0,-0.0,-1.0",23.0,23.0,21.999942779541016,0,0,0,0,0,0,0,1.8300938214617804e-26,0.0,0.0,0.0,5.56971924047391e+21,3.725290298461914e-05,
0,navstack-1709204094664,navstack,frontal,HandCrafted,,,1709204100,422232151,"builtin_interfaces.msg.Time(sec=1709204099, nanosec=342232227)",120.0,Handcrafted_LabStudy,1,1,"-11.0,-0.0,0.5","-0.0,0.0,-0.0,-1.0","12.0,-0.0,0.0","-0.0,0.0,-0.0,-1.0",23.0,23.0,21.999942779541016,0,0,0,0,0,0,0,1.8300938214617804e-26,0.0,0.0,0.0,5.56935405561199e+21,3.725290298461914e-05,
0,navstack-1709204094664,navstack,frontal,HandCrafted,,,1709204100,422232151,"builtin_interfaces.msg.Time(sec=1709204099, nanosec=342232227)",120.0,Handcrafted_LabStudy,1,1,"-11.0,-0.0,0.5","-0.0,0.0,-0.0,-1.0","12.0,-0.0,0.0","-0.0,0.0,-0.0,-1.0",23.0,23.0,21.999942779541016,0,0,0,0,0,0,0,1.8300938214617804e-26,0.0,0.0,0.0,5.569355081754462e+21,3.725290298461914e-05,
0,navstack-1709204094664,navstack,frontal,HandCrafted,,,1709204100,442232131,"builtin_interfaces.msg.Time(sec=1709204099, nanosec=342232227)",120.0,Handcrafted_LabStudy,1,1,"-11.0,-0.0,0.5","-0.0,0.0,-0.0,-1.0","12.0,-0.0,0.0","-0.0,0.0,-0.0,-1.0",23.0,23.0,21.999942779541016,0,0,0,0,0,0,0,1.8300938214617804e-26,0.0,0.0,0.0,5.569724029455121e+21,3.725290298461914e-05,
0,navstack-1709204094664,navstack,frontal,HandCrafted,,,1709204100,442232131,"builtin_interfaces.msg.Time(sec=1709204099, nanosec=342232227)",120.0,Handcrafted_LabStudy,1,1,"-11.0,-0.0,0.5","-0.0,0.0,-0.0,-1.0","12.0,-0.0,0.0","-0.0,0.0,-0.0,-1.0",23.0,23.0,21.999942779541016,0,0,0,0,0,0,0,1.8300938214617804e-26,0.0,0.0,0.0,5.569725397735468e+21,3.725290298461914e-05,
0,navstack-1709204094664,navstack,frontal,HandCrafted,,,1709204100,462232112,"builtin_interfaces.msg.Time(sec=1709204099, nanosec=342232227)",120.0,Handcrafted_LabStudy,1,1,"-11.0,-0.0,0.5","-0.0,0.0,-0.0,-1.0","12.0,-0.0,0.0","-0.0,0.0,-0.0,-1.0",23.0,23.0,21.999942779541016,0,0,0,0,0,0,0,1.8300938214617804e-26,0.0,0.0,0.0,5.569360554514306e+21,3.725290298461914e-05,
0,navstack-1709204094664,navstack,frontal,HandCrafted,,,1709204100,462232112,"builtin_interfaces.msg.Time(sec=1709204099, nanosec=342232227)",120.0,Handcrafted_LabStudy,1,1,"-11.0,-0.0,0.5","-0.0,0.0,-0.0,-1.0","12.0,-0.0,0.0","-0.0,0.0,-0.0,-1.0",23.0,23.0,21.999942779541016,0,0,0,0,0,0,0,1.8300938214617804e-26,0.0,0.0,0.0,5.569361922704267e+21,3.725290298461914e-05,
0,navstack-1709204094664,navstack,frontal,HandCrafted,,,1709204100,482232093,"builtin_interfaces.msg.Time(sec=1709204099, nanosec=342232227)",120.0,Handcrafted_LabStudy,1,1,"-11.0,-0.0,0.5","-0.0,0.0,-0.0,-1.0","12.0,-0.0,0.0","-0.0,0.0,-0.0,-1.0",23.0,23.0,21.999942779541016,0,0,0,0,0,0,0,1.8300938214617804e-26,0.0,0.0,0.0,5.569732581207285e+21,3.725290298461914e-05,
0,navstack-1709204094664,navstack,frontal,HandCrafted,,,1709204100,482232093,"builtin_interfaces.msg.Time(sec=1709204099, nanosec=342232227)",120.0,Handcrafted_LabStudy,1,1,"-11.0,-0.0,0.5","-0.0,0.0,-0.0,-1.0","12.0,-0.0,0.0","-0.0,0.0,-0.0,-1.0",23.0,23.0,21.999942779541016,0,0,0,0,0,0,0,1.8300938214617804e-26,0.0,0.0,0.0,5.569733607417544e+21,3.725290298461914e-05,
0,navstack-1709204094664,navstack,frontal,HandCrafted,,,1709204100,502232074,"builtin_interfaces.msg.Time(sec=1709204099, nanosec=342232227)",120.0,Handcrafted_LabStudy,1,1,"-11.0,-0.0,0.5","-0.0,0.0,-0.0,-1.0","12.0,-0.0,0.0","-0.0,0.0,-0.0,-1.0",23.0,23.0,21.999942779541016,0,0,0,0,0,0,0,1.8300938214617804e-26,0.0,0.0,0.0,5.569370131844033e+21,3.725290298461914e-05,
0,navstack-1709204094664,navstack,frontal,HandCrafted,,,1709204100,522232294,"builtin_interfaces.msg.Time(sec=1709204099, nanosec=342232227)",120.0,Handcrafted_LabStudy,1,1,"-11.0,-0.0,0.5","-0.0,0.0,-0.0,-1.0","12.0,-0.0,0.0","-0.0,0.0,-0.0,-1.0",23.0,23.0,21.999942779541016,0,0,0,0,0,0,0,1.8300938214617804e-26,0.0,0.0,0.0,5.569742159169708e+21,7.450580596923828e-05,
0,navstack-1709204094664,navstack,frontal,HandCrafted,,,1709204100,522232294,"builtin_interfaces.msg.Time(sec=1709204099, nanosec=342232227)",120.0,Handcrafted_LabStudy,1,1,"-11.0,-0.0,0.5","-0.0,0.0,-0.0,-1.0","12.0,-0.0,0.0","-0.0,0.0,-0.0,-1.0",23.0,23.0,21.999942779541016,0,0,0,0,0,0,0,1.8300938214617804e-26,0.0,0.0,0.0,5.569746264010746e+21,3.725290298461914e-05,
0,navstack-1709204094664,navstack,frontal,HandCrafted,,,1709204100,542232275,"builtin_interfaces.msg.Time(sec=1709204099, nanosec=342232227)",120.0,Handcrafted_LabStudy,1,1,"-11.0,-0.0,0.5","-0.0,0.0,-0.0,-1.0","12.0,-0.0,0.0","-0.0,0.0,-0.0,-1.0",23.0,23.0,21.999942779541016,0,0,0,0,0,0,0,1.8300938214617804e-26,0.0,0.0,0.0,5.569384497838625e+21,3.725290298461914e-05,
0,navstack-1709204094664,navstack,frontal,HandCrafted,,,1709204100,562232255,"builtin_interfaces.msg.Time(sec=1709204099, nanosec=342232227)",120.0,Handcrafted_LabStudy,1,1,"-11.0,-0.0,0.5","-0.0,0.0,-0.0,-1.0","12.0,-0.0,0.0","-0.0,0.0,-0.0,-1.0",23.0,23.0,21.999942779541016,0,0,0,0,0,0,0,1.8300938214617804e-26,0.0,0.0,0.0,5.569758578533861e+21,7.450580596923828e-05,
0,navstack-1709204094664,navstack,frontal,HandCrafted,,,1709204100,562232255,"builtin_interfaces.msg.Time(sec=1709204099, nanosec=342232227)",120.0,Handcrafted_LabStudy,1,1,"-11.0,-0.0,0.5","-0.0,0.0,-0.0,-1.0","12.0,-0.0,0.0","-0.0,0.0,-0.0,-1.0",23.0,23.0,21.999942779541016,0,0,0,0,0,0,0,1.8300938214617804e-26,0.0,0.0,0.0,5.569763709585159e+21,3.725290298461914e-05,
0,navstack-1709204094664,navstack,frontal,HandCrafted,,,1709204100,562232255,"builtin_interfaces.msg.Time(sec=1709204099, nanosec=342232227)",120.0,Handcrafted_LabStudy,1,1,"-11.0,-0.0,0.5","-0.0,0.0,-0.0,-1.0","12.0,-0.0,0.0","-0.0,0.0,-0.0,-1.0",23.0,23.0,21.999942779541016,0,0,0,0,0,0,0,1.8300938214617804e-26,0.0,0.0,0.0,5.569766788215939e+21,0.0,
0,navstack-1709204094664,navstack,frontal,HandCrafted,,,1709204100,582232236,"builtin_interfaces.msg.Time(sec=1709204099, nanosec=342232227)",120.0,Handcrafted_LabStudy,1,1,"-11.0,-0.0,0.5","-0.0,0.0,-0.0,-1.0","12.0,-0.0,0.0","-0.0,0.0,-0.0,-1.0",23.0,23.0,21.999942779541016,0,0,0,0,0,0,0,1.8300938214617804e-26,0.0,0.0,0.0,5.569406388878002e+21,3.725290298461914e-05,
0,navstack-1709204094664,navstack,frontal,HandCrafted,,,1709204100,602232217,"builtin_interfaces.msg.Time(sec=1709204099, nanosec=342232227)",120.0,Handcrafted_LabStudy,1,1,"-11.0,-0.0,0.5","-0.0,0.0,-0.0,-1.0","12.0,-0.0,0.0","-0.0,0.0,-0.0,-1.0",23.0,23.0,21.999942779541016,0,0,0,0,0,0,0,1.8300938214617804e-26,0.0,0.0,0.0,5.569785944140784e+21,7.450580596923828e-05,
0,navstack-1709204094664,navstack,frontal,HandCrafted,,,1709204100,602232217,"builtin_interfaces.msg.Time(sec=1709204099, nanosec=342232227)",120.0,Handcrafted_LabStudy,1,1,"-11.0,-0.0,0.5","-0.0,0.0,-0.0,-1.0","12.0,-0.0,0.0","-0.0,0.0,-0.0,-1.0",23.0,23.0,21.999942779541016,0,0,0,0,0,0,0,1.8300938214617804e-26,0.0,0.0,0.0,5.569793469682688e+21,3.725290298461914e-05,
0,navstack-1709204094664,navstack,frontal,HandCrafted,,,1709204100,622232198,"builtin_interfaces.msg.Time(sec=1709204099, nanosec=342232227)",120.0,Handcrafted_LabStudy,1,1,"-11.0,-0.0,0.5","-0.0,0.0,-0.0,-1.0","12.0,-0.0,0.0","-0.0,0.0,-0.0,-1.0",23.0,23.0,21.999942779541016,0,0,0,0,0,0,0,1.8300938214617804e-26,0.0,0.0,0.0,5.569439225437069e+21,3.725290298461914e-05,
0,navstack-1709204094664,navstack,frontal,HandCrafted,,,1709204100,622232198,"builtin_interfaces.msg.Time(sec=1709204099, nanosec=342232227)",120.0,Handcrafted_LabStudy,1,1,"-11.0,-0.0,0.5","-0.0,0.0,-0.0,-1.0","12.0,-0.0,0.0","-0.0,0.0,-0.0,-1.0",23.0,23.0,21.999942779541016,0,0,0,0,0,0,0,1.8300938214617804e-26,0.0,0.0,0.0,5.569445724339384e+21,3.725290298461914e-05,
0,navstack-1709204094664,navstack,frontal,HandCrafted,,,1709204100,642232179,"builtin_interfaces.msg.Time(sec=1709204099, nanosec=342232227)",120.0,Handcrafted_LabStudy,1,1,"-11.0,-0.0,0.5","-0.0,0.0,-0.0,-1.0","12.0,-0.0,0.0","-0.0,0.0,-0.0,-1.0",23.0,23.0,21.999942779541016,0,0,0,0,0,0,0,1.8300938214617804e-26,0.0,0.0,0.0,5.569829387041775e+21,3.725290298461914e-05,
0,navstack-1709204094664,navstack,frontal,HandCrafted,,,1709204100,642232179,"builtin_interfaces.msg.Time(sec=1709204099, nanosec=342232227)",120.0,Handcrafted_LabStudy,1,1,"-11.0,-0.0,0.5","-0.0,0.0,-0.0,-1.0","12.0,-0.0,0.0","-0.0,0.0,-0.0,-1.0",23.0,23.0,21.999942779541016,0,0,0,0,0,0,0,1.8300938214617804e-26,0.0,0.0,0.0,5.569836912583679e+21,3.725290298461914e-05,
0,navstack-1709204094664,navstack,frontal,HandCrafted,,,1709204100,662232160,"builtin_interfaces.msg.Time(sec=1709204099, nanosec=342232227)",120.0,Handcrafted_LabStudy,1,1,"-11.0,-0.0,0.5","-0.0,0.0,-0.0,-1.0","12.0,-0.0,0.0","-0.0,0.0,-0.0,-1.0",23.0,23.0,21.999942779541016,0,0,0,0,0,0,0,1.8300938214617804e-26,0.0,0.0,0.0,5.569480613183392e+21,3.725290298461914e-05,
0,navstack-1709204094664,navstack,frontal,HandCrafted,,,1709204100,662232160,"builtin_interfaces.msg.Time(sec=1709204099, nanosec=342232227)",120.0,Handcrafted_LabStudy,1,1,"-11.0,-0.0,0.5","-0.0,0.0,-0.0,-1.0","12.0,-0.0,0.0","-0.0,0.0,-0.0,-1.0",23.0,23.0,21.999942779541016,0,0,0,0,0,0,0,1.8300938214617804e-26,0.0,0.0,0.0,5.569489848465629e+21,3.725290298461914e-05,
0,navstack-1709204094664,navstack,frontal,HandCrafted,,,1709204100,662232160,"builtin_interfaces.msg.Time(sec=1709204099, nanosec=342232227)",120.0,Handcrafted_LabStudy,1,1,"-11.0,-0.0,0.5","-0.0,0.0,-0.0,-1.0","12.0,-0.0,0.0","-0.0,0.0,-0.0,-1.0",23.0,23.0,21.999942779541016,0,0,0,0,0,0,0,1.8300938214617804e-26,0.0,0.0,0.0,5.569500451937827e+21,0.0,
0,navstack-1709204094664,navstack,frontal,HandCrafted,,,1709204100,682232141,"builtin_interfaces.msg.Time(sec=1709204099, nanosec=342232227)",120.0,Handcrafted_LabStudy,1,1,"-11.0,-0.0,0.5","-0.0,0.0,-0.0,-1.0","12.0,-0.0,0.0","-0.0,0.0,-0.0,-1.0",23.0,23.0,21.999942779541016,0,0,0,0,0,0,0,1.8300938214617804e-26,0.0,0.0,0.0,5.569883434115448e+21,3.725290298461914e-05,
0,navstack-1709204094664,navstack,frontal,HandCrafted,,,1709204100,682232141,"builtin_interfaces.msg.Time(sec=1709204099, nanosec=342232227)",120.0,Handcrafted_LabStudy,1,1,"-11.0,-0.0,0.5","-0.0,0.0,-0.0,-1.0","12.0,-0.0,0.0","-0.0,0.0,-0.0,-1.0",23.0,23.0,21.999942779541016,0,0,0,0,0,0,0,1.8300938214617804e-26,0.0,0.0,0.0,5.569897458988995e+21,3.725290298461914e-05,
0,navstack-1709204094664,navstack,frontal,HandCrafted,,,1709204100,702232122,"builtin_interfaces.msg.Time(sec=1709204099, nanosec=342232227)",120.0,Handcrafted_LabStudy,1,1,"-11.0,-0.0,0.5","-0.0,0.0,-0.0,-1.0","12.0,-0.0,0.0","-0.0,0.0,-0.0,-1.0",23.0,23.0,21.999942779541016,0,0,0,0,0,0,0,1.8300938214617804e-26,0.0,0.0,0.0,5.569584937667925e+21,3.725290298461914e-05,
0,navstack-1709204094664,navstack,frontal,HandCrafted,,,1709204100,702232122,"builtin_interfaces.msg.Time(sec=1709204099, nanosec=342232227)",120.0,Handcrafted_LabStudy,1,1,"-11.0,-0.0,0.5","-0.0,0.0,-0.0,-1.0","12.0,-0.0,0.0","-0.0,0.0,-0.0,-1.0",23.0,23.0,21.999942779541016,0,0,0,0,0,0,0,1.8300938214617804e-26,0.0,0.0,0.0,5.569608538944754e+21,3.725290298461914e-05,
0,navstack-1709204094664,navstack,frontal,HandCrafted,,,1709204100,702232122,"builtin_interfaces.msg.Time(sec=1709204099, nanosec=342232227)",120.0,Handcrafted_LabStudy,1,1,"-11.0,-0.0,0.5","-0.0,0.0,-0.0,-1.0","12.0,-0.0,0.0","-0.0,0.0,-0.0,-1.0",23.0,23.0,21.999942779541016,0,0,0,0,0,0,0,1.8300938214617804e-26,0.0,0.0,0.0,5.569635218648995e+21,0.0,
0,navstack-1709204094664,navstack,frontal,HandCrafted,,,1709204100,722232103,"builtin_interfaces.msg.Time(sec=1709204099, nanosec=342232227)",120.0,Handcrafted_LabStudy,1,1,"-11.0,-0.0,0.5","-0.0,0.0,-0.0,-1.0","12.0,-0.0,0.0","-0.0,0.0,-0.0,-1.0",23.0,23.0,21.999942779541016,0,0,0,0,0,0,0,1.8300938214617804e-26,0.0,0.0,0.0,5.570128698367495e+21,3.725290298461914e-05,
0,navstack-1709204094664,navstack,frontal,HandCrafted,,,1709204100,722232103,"builtin_interfaces.msg.Time(sec=1709204099, nanosec=342232227)",120.0,Handcrafted_LabStudy,1,1,"-11.0,-0.0,0.5","-0.0,0.0,-0.0,-1.0","12.0,-0.0,0.0","-0.0,0.0,-0.0,-1.0",23.0,23.0,21.999942779541016,0,0,0,0,0,0,0,1.8300938214617804e-26,0.0,0.0,0.0,5.570150248782947e+21,3.725290298461914e-05,
0,navstack-1709204094664,navstack,frontal,HandCrafted,,,1709204100,742232084,"builtin_interfaces.msg.Time(sec=1709204099, nanosec=342232227)",120.0,Handcrafted_LabStudy,1,1,"-11.0,-0.0,0.5","-0.0,0.0,-0.0,-1.0","12.0,-0.0,0.0","-0.0,0.0,-0.0,-1.0",23.0,23.0,21.999942779541016,0,0,0,0,0,0,0,1.8300938214617804e-26,0.0,0.0,0.0,5.569769301265182e+21,3.725290298461914e-05,
0,navstack-1709204094664,navstack,frontal,HandCrafted,,,1709204100,742232084,"builtin_interfaces.msg.Time(sec=1709204099, nanosec=342232227)",120.0,Handcrafted_LabStudy,1,1,"-11.0,-0.0,0.5","-0.0,0.0,-0.0,-1.0","12.0,-0.0,0.0","-0.0,0.0,-0.0,-1.0",23.0,23.0,21.999942779541016,0,0,0,0,0,0,0,1.8300938214617804e-26,0.0,0.0,0.0,5.569775800167497e+21,3.725290298461914e-05,
0,navstack-1709204094664,navstack,frontal,HandCrafted,,,1709204100,742232084,"builtin_interfaces.msg.Time(sec=1709204099, nanosec=342232227)",120.0,Handcrafted_LabStudy,1,1,"-11.0,-0.0,0.5","-0.0,0.0,-0.0,-1.0","12.0,-0.0,0.0","-0.0,0.0,-0.0,-1.0",23.0,23.0,21.999942779541016,0,0,0,0,0,0,0,1.8300938214617804e-26,0.0,0.0,0.0,5.569781957022322e+21,0.0,
0,navstack-1709204094664,navstack,frontal,HandCrafted,,,1709204100,762232065,"builtin_interfaces.msg.Time(sec=1709204099, nanosec=342232227)",120.0,Handcrafted_LabStudy,1,1,"-11.0,-0.0,0.5","-0.0,0.0,-0.0,-1.0","12.0,-0.0,0.0","-0.0,0.0,-0.0,-1.0",23.0,23.0,21.999942779541016,0,0,0,0,0,0,0,1.8300938214617804e-26,0.0,0.0,0.0,5.570247054617437e+21,3.725290298461914e-05,
0,navstack-1709204094664,navstack,frontal,HandCrafted,,,1709204100,762232065,"builtin_interfaces.msg.Time(sec=1709204099, nanosec=342232227)",120.0,Handcrafted_LabStudy,1,1,"-11.0,-0.0,0.5","-0.0,0.0,-0.0,-1.0","12.0,-0.0,0.0","-0.0,0.0,-0.0,-1.0",23.0,23.0,21.999942779541016,0,0,0,0,0,0,0,1.8300938214617804e-26,0.0,0.0,0.0,5.570254238089254e+21,3.725290298461914e-05,
0,navstack-1709204094664,navstack,frontal,HandCrafted,,,1709204100,782232284,"builtin_interfaces.msg.Time(sec=1709204099, nanosec=342232227)",120.0,Handcrafted_LabStudy,1,1,"-11.0,-0.0,0.5","-0.0,0.0,-0.0,-1.0","12.0,-0.0,0.0","-0.0,0.0,-0.0,-1.0",23.0,23.0,21.999942779541016,0,0,0,0,0,0,0,1.8300938214617804e-26,0.0,0.0,0.0,5.570014207268217e+21,3.725290298461914e-05,
0,navstack-1709204094664,navstack,frontal,HandCrafted,,,1709204100,782232284,"builtin_interfaces.msg.Time(sec=1709204099, nanosec=342232227)",120.0,Handcrafted_LabStudy,1,1,"-11.0,-0.0,0.5","-0.0,0.0,-0.0,-1.0","12.0,-0.0,0.0","-0.0,0.0,-0.0,-1.0",23.0,23.0,21.999942779541016,0,0,0,0,0,0,0,1.8300938214617804e-26,0.0,0.0,0.0,5.570025836882886e+21,3.725290298461914e-05,
0,navstack-1709204094664,navstack,frontal,HandCrafted,,,1709204100,802232265,"builtin_interfaces.msg.Time(sec=1709204099, nanosec=342232227)",120.0,Handcrafted_LabStudy,1,1,"-11.0,-0.0,0.5","-0.0,0.0,-0.0,-1.0","12.0,-0.0,0.0","-0.0,0.0,-0.0,-1.0",23.0,23.0,21.999942779541016,0,0,0,0,0,0,0,1.8300938214617804e-26,0.0,0.0,0.0,5.570582967442416e+21,3.725290298461914e-05,
0,navstack-1709204094664,navstack,frontal,HandCrafted,,,1709204100,802232265,"builtin_interfaces.msg.Time(sec=1709204099, nanosec=342232227)",120.0,Handcrafted_LabStudy,1,1,"-11.0,-0.0,0.5","-0.0,0.0,-0.0,-1.0","12.0,-0.0,0.0","-0.0,0.0,-0.0,-1.0",23.0,23.0,21.999942779541016,0,0,0,0,0,0,0,1.8300938214617804e-26,0.0,0.0,0.0,5.570595966105705e+21,3.725290298461914e-05,
0,navstack-1709204094664,navstack,frontal,HandCrafted,,,1709204100,822232246,"builtin_interfaces.msg.Time(sec=1709204099, nanosec=342232227)",120.0,Handcrafted_LabStudy,1,1,"-11.0,-0.0,0.5","-0.0,0.0,-0.0,-1.0","12.0,-0.0,0.0","-0.0,0.0,-0.0,-1.0",23.0,23.0,21.999942779541016,0,0,0,0,0,0,0,1.8300938214617804e-26,0.0,0.0,0.0,5.570460579243023e+21,3.725290298461914e-05,
0,navstack-1709204094664,navstack,frontal,HandCrafted,,,1709204100,862232208,"builtin_interfaces.msg.Time(sec=1709204099, nanosec=342232227)",120.0,Handcrafted_LabStudy,1,1,"-11.0,-0.0,0.5","-0.0,0.0,-0.0,-1.0","12.0,-0.0,0.0","-0.0,0.0,-0.0,-1.0",23.0,23.0,21.999942779541016,0,0,0,0,0,0,0,1.8300938214617804e-26,0.0,0.0,0.0,5.570748241182341e+21,3.725290298461914e-05,
0,navstack-1709204094664,navstack,frontal,HandCrafted,,,1709204100,882232189,"builtin_interfaces.msg.Time(sec=1709204099, nanosec=342232227)",120.0,Handcrafted_LabStudy,1,1,"-11.0,-0.0,0.5","-0.0,0.0,-0.0,-1.0","12.0,-0.0,0.0","-0.0,0.0,-0.0,-1.0",23.0,23.0,21.999942779541016,0,0,0,0,0,0,0,1.8300938214617804e-26,0.0,0.0,0.0,5.571480901419576e+21,3.725290298461914e-05,
0,navstack-1709204094664,navstack,frontal,HandCrafted,,,1709204100,882232189,"builtin_interfaces.msg.Time(sec=1709204099, nanosec=342232227)",120.0,Handcrafted_LabStudy,1,1,"-11.0,-0.0,0.5","-0.0,0.0,-0.0,-1.0","12.0,-0.0,0.0","-0.0,0.0,-0.0,-1.0",23.0,23.0,21.999942779541016,0,0,0,0,0,0,0,1.8300938214617804e-26,0.0,0.0,0.0,5.571528791231692e+21,3.725290298461914e-05,
0,navstack-1709204094664,navstack,frontal,HandCrafted,,,1709204100,902232170,"builtin_interfaces.msg.Time(sec=1709204099, nanosec=342232227)",120.0,Handcrafted_LabStudy,1,1,"-11.0,-0.0,0.5","-0.0,0.0,-0.0,-1.0","12.0,-0.0,0.0","-0.0,0.0,-0.0,-1.0",23.0,23.0,21.999942779541016,0,0,0,0,0,0,0,1.8300938214617804e-26,0.0,0.0,0.0,5.571541791359773e+21,3.725290298461914e-05,
0,navstack-1709204094664,navstack,frontal,HandCrafted,,,1709204100,902232170,"builtin_interfaces.msg.Time(sec=1709204099, nanosec=342232227)",120.0,Handcrafted_LabStudy,1,1,"-11.0,-0.0,0.5","-0.0,0.0,-0.0,-1.0","12.0,-0.0,0.0","-0.0,0.0,-0.0,-1.0",23.0,23.0,21.999942779541016,0,0,0,0,0,0,0,1.8300938214617804e-26,0.0,0.0,0.0,5.571570865396447e+21,3.725290298461914e-05,
0,navstack-1709204094664,navstack,frontal,HandCrafted,,,1709204100,922232151,"builtin_interfaces.msg.Time(sec=1709204099, nanosec=342232227)",120.0,Handcrafted_LabStudy,1,1,"-11.0,-0.0,0.5","-0.0,0.0,-0.0,-1.0","12.0,-0.0,0.0","-0.0,0.0,-0.0,-1.0",23.0,23.0,21.999942779541016,0,0,0,0,0,0,0,1.8300938214617804e-26,0.0,0.0,0.0,5.572336418706006e+21,3.725290298461914e-05,
0,navstack-1709204094664,navstack,frontal,HandCrafted,,,1709204100,942232131,"builtin_interfaces.msg.Time(sec=1709204099, nanosec=342232227)",120.0,Handcrafted_LabStudy,1,1,"-11.0,-0.0,0.5","-0.0,0.0,-0.0,-1.0","12.0,-0.0,0.0","-0.0,0.0,-0.0,-1.0",23.0,23.0,21.999942779541016,0,0,0,0,0,0,0,1.8300938214617804e-26,0.0,0.0,0.0,5.572408539700123e+21,7.450580596923828e-05,
0,navstack-1709204094664,navstack,frontal,HandCrafted,,,1709204100,942232131,"builtin_interfaces.msg.Time(sec=1709204099, nanosec=342232227)",120.0,Handcrafted_LabStudy,1,1,"-11.0,-0.0,0.5","-0.0,0.0,-0.0,-1.0","12.0,-0.0,0.0","-0.0,0.0,-0.0,-1.0",23.0,23.0,21.999942779541016,0,0,0,0,0,0,0,1.8300938214617804e-26,0.0,0.0,0.0,5.572475581008217e+21,3.725290298461914e-05,
0,navstack-1709204094664,navstack,frontal,HandCrafted,,,1709204100,962232112,"builtin_interfaces.msg.Time(sec=1709204099, nanosec=342232227)",120.0,Handcrafted_LabStudy,1,1,"-11.0,-0.0,0.5","-0.0,0.0,-0.0,-1.0","12.0,-0.0,0.0","-0.0,0.0,-0.0,-1.0",23.0,23.0,21.999942779541016,0,0,0,0,0,0,0,1.8300938214617804e-26,0.0,0.0,0.0,5.573328764027051e+21,3.725290298461914e-05,
0,navstack-1709204094664,navstack,frontal,HandCrafted,,,1709204100,962232112,"builtin_interfaces.msg.Time(sec=1709204099, nanosec=342232227)",120.0,Handcrafted_LabStudy,1,1,"-11.0,-0.0,0.5","-0.0,0.0,-0.0,-1.0","12.0,-0.0,0.0","-0.0,0.0,-0.0,-1.0",23.0,23.0,21.999942779541016,0,0,0,0,0,0,0,1.8300938214617804e-26,0.0,0.0,0.0,5.573369128297262e+21,3.725290298461914e-05,
0,navstack-1709204094664,navstack,frontal,HandCrafted,,,1709204100,962232112,"builtin_interfaces.msg.Time(sec=1709204099, nanosec=342232227)",120.0,Handcrafted_LabStudy,1,1,"-11.0,-0.0,0.5","-0.0,0.0,-0.0,-1.0","12.0,-0.0,0.0","-0.0,0.0,-0.0,-1.0",23.0,23.0,21.999942779541016,0,0,0,0,0,0,0,1.8300938214617804e-26,0.0,0.0,0.0,5.573407782217042e+21,0.0,
0,navstack-1709204094664,navstack,frontal,HandCrafted,,,1709204100,982232093,"builtin_interfaces.msg.Time(sec=1709204099, nanosec=342232227)",120.0,Handcrafted_LabStudy,1,1,"-11.0,-0.0,0.5","-0.0,0.0,-0.0,-1.0","12.0,-0.0,0.0","-0.0,0.0,-0.0,-1.0",23.0,23.0,21.999942779541016,0,0,0,0,0,0,0,1.8300938214617804e-26,0.0,0.0,0.0,5.573562265884813e+21,3.725290298461914e-05,
0,navstack-1709204094664,navstack,frontal,HandCrafted,,,1709204100,982232093,"builtin_interfaces.msg.Time(sec=1709204099, nanosec=342232227)",120.0,Handcrafted_LabStudy,1,1,"-11.0,-0.0,0.5","-0.0,0.0,-0.0,-1.0","12.0,-0.0,0.0","-0.0,0.0,-0.0,-1.0",23.0,23.0,21.999942779541016,0,0,0,0,0,0,0,1.8300938214617804e-26,0.0,0.0,0.0,5.57360810024851e+21,3.725290298461914e-05,
0,navstack-1709204094664,navstack,frontal,HandCrafted,,,1709204101,2232074,"builtin_interfaces.msg.Time(sec=1709204099, nanosec=342232227)",120.0,Handcrafted_LabStudy,1,1,"-11.0,-0.0,0.5","-0.0,0.0,-0.0,-1.0","12.0,-0.0,0.0","-0.0,0.0,-0.0,-1.0",23.0,23.0,21.999942779541016,0,0,0,0,0,0,0,1.8300938214617804e-26,0.0,0.0,0.0,5.574544139044518e+21,3.725290298461914e-05,
0,navstack-1709204094664,navstack,frontal,HandCrafted,,,1709204101,2232074,"builtin_interfaces.msg.Time(sec=1709204099, nanosec=342232227)",120.0,Handcrafted_LabStudy,1,1,"-11.0,-0.0,0.5","-0.0,0.0,-0.0,-1.0","12.0,-0.0,0.0","-0.0,0.0,-0.0,-1.0",23.0,23.0,21.999942779541016,0,0,0,0,0,0,0,1.8300938214617804e-26,0.0,0.0,0.0,5.57460126474897e+21,3.725290298461914e-05,
0,navstack-1709204094664,navstack,frontal,HandCrafted,,,1709204101,22232294,"builtin_interfaces.msg.Time(sec=1709204099, nanosec=342232227)",120.0,Handcrafted_LabStudy,1,1,"-11.0,-0.0,0.5","-0.0,0.0,-0.0,-1.0","12.0,-0.0,0.0","-0.0,0.0,-0.0,-1.0",23.0,23.0,21.999942779541016,0,0,0,0,0,0,0,1.8300938214617804e-26,0.0,0.0,0.0,5.574857599730475e+21,3.725290298461914e-05,
0,navstack-1709204094664,navstack,frontal,HandCrafted,,,1709204101,42232275,"builtin_interfaces.msg.Time(sec=1709204099, nanosec=342232227)",120.0,Handcrafted_LabStudy,1,1,"-11.0,-0.0,0.5","-0.0,0.0,-0.0,-1.0","12.0,-0.0,0.0","-0.0,0.0,-0.0,-1.0",23.0,23.0,21.999942779541016,0,0,0,0,0,0,0,1.8300938214617804e-26,0.0,0.0,0.0,5.575850162634918e+21,7.450580596923828e-05,
0,navstack-1709204094664,navstack,frontal,HandCrafted,,,1709204101,62232255,"builtin_interfaces.msg.Time(sec=1709204099, nanosec=342232227)",120.0,Handcrafted_LabStudy,1,1,"-11.0,-0.0,0.5","-0.0,0.0,-0.0,-1.0","12.0,-0.0,0.0","-0.0,0.0,-0.0,-1.0",23.0,23.0,21.999942779541016,0,0,0,0,0,0,0,1.8300938214617804e-26,0.0,0.0,0.0,5.576235024973802e+21,7.450580596923828e-05,
0,navstack-1709204094664,navstack,frontal,HandCrafted,,,1709204101,82232236,"builtin_interfaces.msg.Time(sec=1709204099, nanosec=342232227)",120.0,Handcrafted_LabStudy,1,1,"-11.0,-0.0,0.5","-0.0,0.0,-0.0,-1.0","12.0,-0.0,0.0","-0.0,0.0,-0.0,-1.0",23.0,23.0,21.999942779541016,0,0,0,0,0,0,0,1.8300938214617804e-26,0.0,0.0,0.0,5.577407949809008e+21,7.450580596923828e-05,
0,navstack-1709204094664,navstack,frontal,HandCrafted,,,1709204101,82232236,"builtin_interfaces.msg.Time(sec=1709204099, nanosec=342232227)",120.0,Handcrafted_LabStudy,1,1,"-11.0,-0.0,0.5","-0.0,0.0,-0.0,-1.0","12.0,-0.0,0.0","-0.0,0.0,-0.0,-1.0",23.0,23.0,21.999942779541016,0,0,0,0,0,0,0,1.8300938214617804e-26,0.0,0.0,0.0,5.577534173670941e+21,3.725290298461914e-05,
0,navstack-1709204094664,navstack,frontal,HandCrafted,,,1709204101,82232236,"builtin_interfaces.msg.Time(sec=1709204099, nanosec=342232227)",120.0,Handcrafted_LabStudy,1,1,"-11.0,-0.0,0.5","-0.0,0.0,-0.0,-1.0","12.0,-0.0,0.0","-0.0,0.0,-0.0,-1.0",23.0,23.0,21.999942779541016,0,0,0,0,0,0,0,1.8300938214617804e-26,0.0,0.0,0.0,5.577617980842142e+21,0.0,
0,navstack-1709204094664,navstack,frontal,HandCrafted,,,1709204101,102232217,"builtin_interfaces.msg.Time(sec=1709204099, nanosec=342232227)",120.0,Handcrafted_LabStudy,1,1,"-11.0,-0.0,0.5","-0.0,0.0,-0.0,-1.0","12.0,-0.0,0.0","-0.0,0.0,-0.0,-1.0",23.0,23.0,21.999942779541016,0,0,0,0,0,0,0,1.8300938214617804e-26,0.0,0.0,0.0,5.57800272640353e+21,3.725290298461914e-05,
0,navstack-1709204094664,navstack,frontal,HandCrafted,,,1709204101,102232217,"builtin_interfaces.msg.Time(sec=1709204099, nanosec=342232227)",120.0,Handcrafted_LabStudy,1,1,"-11.0,-0.0,0.5","-0.0,0.0,-0.0,-1.0","12.0,-0.0,0.0","-0.0,0.0,-0.0,-1.0",23.0,23.0,21.999942779541016,0,0,0,0,0,0,0,1.8300938214617804e-26,0.0,0.0,0.0,5.578086185991156e+21,3.725290298461914e-05,
0,navstack-1709204094664,navstack,frontal,HandCrafted,,,1709204101,122232198,"builtin_interfaces.msg.Time(sec=1709204099, nanosec=342232227)",120.0,Handcrafted_LabStudy,1,1,"-11.0,-0.0,0.5","-0.0,0.0,-0.0,-1.0","12.0,-0.0,0.0","-0.0,0.0,-0.0,-1.0",23.0,23.0,21.999942779541016,0,0,0,0,0,0,0,1.8300938214617804e-26,0.0,0.0,0.0,5.579249313084838e+21,3.725290298461914e-05,
0,navstack-1709204094664,navstack,frontal,HandCrafted,,,1709204101,122232198,"builtin_interfaces.msg.Time(sec=1709204099, nanosec=342232227)",120.0,Handcrafted_LabStudy,1,1,"-11.0,-0.0,0.5","-0.0,0.0,-0.0,-1.0","12.0,-0.0,0.0","-0.0,0.0,-0.0,-1.0",23.0,23.0,21.999942779541016,0,0,0,0,0,0,0,1.8300938214617804e-26,0.0,0.0,0.0,5.579333804396213e+21,3.725290298461914e-05,
0,navstack-1709204094664,navstack,frontal,HandCrafted,,,1709204101,122232198,"builtin_interfaces.msg.Time(sec=1709204099, nanosec=342232227)",120.0,Handcrafted_LabStudy,1,1,"-11.0,-0.0,0.5","-0.0,0.0,-0.0,-1.0","12.0,-0.0,0.0","-0.0,0.0,-0.0,-1.0",23.0,23.0,21.999942779541016,0,0,0,0,0,0,0,1.8300938214617804e-26,0.0,0.0,0.0,5.579420348128107e+21,0.0,
0,navstack-1709204094664,navstack,frontal,HandCrafted,,,1709204101,142232179,"builtin_interfaces.msg.Time(sec=1709204099, nanosec=342232227)",120.0,Handcrafted_LabStudy,1,1,"-11.0,-0.0,0.5","-0.0,0.0,-0.0,-1.0","12.0,-0.0,0.0","-0.0,0.0,-0.0,-1.0",23.0,23.0,21.999942779541016,0,0,0,0,0,0,0,1.8300938214617804e-26,0.0,0.0,0.0,5.579900747927052e+21,3.725290298461914e-05,
0,navstack-1709204094664,navstack,frontal,HandCrafted,,,1709204101,162232160,"builtin_interfaces.msg.Time(sec=1709204099, nanosec=342232227)",120.0,Handcrafted_LabStudy,1,1,"-11.0,-0.0,0.5","-0.0,0.0,-0.0,-1.0","12.0,-0.0,0.0","-0.0,0.0,-0.0,-1.0",23.0,23.0,21.999942779541016,0,0,0,0,0,0,0,1.8300938214617804e-26,0.0,0.0,0.0,5.581138566172784e+21,7.450580596923828e-05,
0,navstack-1709204094664,navstack,frontal,HandCrafted,,,1709204101,182232141,"builtin_interfaces.msg.Time(sec=1709204099, nanosec=342232227)",120.0,Handcrafted_LabStudy,1,1,"-11.0,-0.0,0.5","-0.0,0.0,-0.0,-1.0","12.0,-0.0,0.0","-0.0,0.0,-0.0,-1.0",23.0,23.0,21.999942779541016,0,0,0,0,0,0,0,1.8300938214617804e-26,0.0,0.0,0.0,5.581815871825087e+21,7.450580596923828e-05,
0,navstack-1709204094664,navstack,frontal,HandCrafted,,,1709204101,182232141,"builtin_interfaces.msg.Time(sec=1709204099, nanosec=342232227)",120.0,Handcrafted_LabStudy,1,1,"-11.0,-0.0,0.5","-0.0,0.0,-0.0,-1.0","12.0,-0.0,0.0","-0.0,0.0,-0.0,-1.0",23.0,23.0,21.999942779541016,0,0,0,0,0,0,0,1.8300938214617804e-26,0.0,0.0,0.0,5.582003655897247e+21,3.725290298461914e-05,
0,navstack-1709204094664,navstack,frontal,HandCrafted,,,1709204101,202232122,"builtin_interfaces.msg.Time(sec=1709204099, nanosec=342232227)",120.0,Handcrafted_LabStudy,1,1,"-11.0,-0.0,0.5","-0.0,0.0,-0.0,-1.0","12.0,-0.0,0.0","-0.0,0.0,-0.0,-1.0",23.0,23.0,21.999942779541016,0,0,0,0,0,0,0,1.8300938214617804e-26,0.0,0.0,0.0,5.583385624571247e+21,3.725290298461914e-05,
0,navstack-1709204094664,navstack,frontal,HandCrafted,,,1709204101,222232103,"builtin_interfaces.msg.Time(sec=1709204099, nanosec=342232227)",120.0,Handcrafted_LabStudy,1,1,"-11.0,-0.0,0.5","-0.0,0.0,-0.0,-1.0","12.0,-0.0,0.0","-0.0,0.0,-0.0,-1.0",23.0,23.0,21.999942779541016,0,0,0,0,0,0,0,1.8300938214617804e-26,0.0,0.0,0.0,5.584122640099484e+21,7.450580596923828e-05,
0,navstack-1709204094664,navstack,frontal,HandCrafted,,,1709204101,222232103,"builtin_interfaces.msg.Time(sec=1709204099, nanosec=342232227)",120.0,Handcrafted_LabStudy,1,1,"-11.0,-0.0,0.5","-0.0,0.0,-0.0,-1.0","12.0,-0.0,0.0","-0.0,0.0,-0.0,-1.0",23.0,23.0,21.999942779541016,0,0,0,0,0,0,0,1.8300938214617804e-26,0.0,0.0,0.0,5.584396278091702e+21,3.725290298461914e-05,
0,navstack-1709204094664,navstack,frontal,HandCrafted,,,1709204101,242232084,"builtin_interfaces.msg.Time(sec=1709204099, nanosec=342232227)",120.0,Handcrafted_LabStudy,1,1,"-11.0,-0.0,0.5","-0.0,0.0,-0.0,-1.0","12.0,-0.0,0.0","-0.0,0.0,-0.0,-1.0",23.0,23.0,21.999942779541016,0,0,0,0,0,0,0,1.8300938214617804e-26,0.0,0.0,0.0,5.585811243554883e+21,3.725290298461914e-05,
0,navstack-1709204094664,navstack,frontal,HandCrafted,,,1709204101,242232084,"builtin_interfaces.msg.Time(sec=1709204099, nanosec=342232227)",120.0,Handcrafted_LabStudy,1,1,"-11.0,-0.0,0.5","-0.0,0.0,-0.0,-1.0","12.0,-0.0,0.0","-0.0,0.0,-0.0,-1.0",23.0,23.0,21.999942779541016,0,0,0,0,0,0,0,1.8300938214617804e-26,0.0,0.0,0.0,5.585936441206556e+21,3.725290298461914e-05,
0,navstack-1709204094664,navstack,frontal,HandCrafted,,,1709204101,262232065,"builtin_interfaces.msg.Time(sec=1709204099, nanosec=342232227)",120.0,Handcrafted_LabStudy,1,1,"-11.0,-0.0,0.5","-0.0,0.0,-0.0,-1.0","12.0,-0.0,0.0","-0.0,0.0,-0.0,-1.0",23.0,23.0,21.999942779541016,0,0,0,0,0,0,0,1.8300938214617804e-26,0.0,0.0,0.0,5.58666610523715e+21,3.725290298461914e-05,
0,navstack-1709204094664,navstack,frontal,HandCrafted,,,1709204101,262232065,"builtin_interfaces.msg.Time(sec=1709204099, nanosec=342232227)",120.0,Handcrafted_LabStudy,1,1,"-11.0,-0.0,0.5","-0.0,0.0,-0.0,-1.0","12.0,-0.0,0.0","-0.0,0.0,-0.0,-1.0",23.0,23.0,21.999942779541016,0,0,0,0,0,0,0,1.8300938214617804e-26,0.0,0.0,0.0,5.586802582185768e+21,3.725290298461914e-05,
0,navstack-1709204094664,navstack,frontal,HandCrafted,,,1709204101,282232284,"builtin_interfaces.msg.Time(sec=1709204099, nanosec=342232227)",120.0,Handcrafted_LabStudy,1,1,"-11.0,-0.0,0.5","-0.0,0.0,-0.0,-1.0","12.0,-0.0,0.0","-0.0,0.0,-0.0,-1.0",23.0,23.0,21.999942779541016,0,0,0,0,0,0,0,1.8300938214617804e-26,0.0,0.0,0.0,5.588295698593403e+21,3.725290298461914e-05,
0,navstack-1709204094664,navstack,frontal,HandCrafted,,,1709204101,282232284,"builtin_interfaces.msg.Time(sec=1709204099, nanosec=342232227)",120.0,Handcrafted_LabStudy,1,1,"-11.0,-0.0,0.5","-0.0,0.0,-0.0,-1.0","12.0,-0.0,0.0","-0.0,0.0,-0.0,-1.0",23.0,23.0,21.999942779541016,0,0,0,0,0,0,0,1.8300938214617804e-26,0.0,0.0,0.0,5.588475969529008e+21,3.725290298461914e-05,
0,navstack-1709204094664,navstack,frontal,HandCrafted,,,1709204101,302232265,"builtin_interfaces.msg.Time(sec=1709204099, nanosec=342232227)",120.0,Handcrafted_LabStudy,1,1,"-11.0,-0.0,0.5","-0.0,0.0,-0.0,-1.0","12.0,-0.0,0.0","-0.0,0.0,-0.0,-1.0",23.0,23.0,21.999942779541016,0,0,0,0,0,0,0,1.8300938214617804e-26,0.0,0.0,0.0,5.589272507113026e+21,3.725290298461914e-05,
0,navstack-1709204094664,navstack,frontal,HandCrafted,,,1709204101,302232265,"builtin_interfaces.msg.Time(sec=1709204099, nanosec=342232227)",120.0,Handcrafted_LabStudy,1,1,"-11.0,-0.0,0.5","-0.0,0.0,-0.0,-1.0","12.0,-0.0,0.0","-0.0,0.0,-0.0,-1.0",23.0,23.0,21.999942779541016,0,0,0,0,0,0,0,1.8300938214617804e-26,0.0,0.0,0.0,5.589511940356217e+21,3.725290298461914e-05,
0,navstack-1709204094664,navstack,frontal,HandCrafted,,,1709204101,322232246,"builtin_interfaces.msg.Time(sec=1709204099, nanosec=342232227)",120.0,Handcrafted_LabStudy,1,1,"-11.0,-0.0,0.5","-0.0,0.0,-0.0,-1.0","12.0,-0.0,0.0","-0.0,0.0,-0.0,-1.0",23.0,23.0,21.999942779541016,0,0,0,0,0,0,0,1.8300938214617804e-26,0.0,0.0,0.0,5.591154720376682e+21,3.725290298461914e-05,
0,navstack-1709204094664,navstack,frontal,HandCrafted,,,1709204101,322232246,"builtin_interfaces.msg.Time(sec=1709204099, nanosec=342232227)",120.0,Handcrafted_LabStudy,1,1,"-11.0,-0.0,0.5","-0.0,0.0,-0.0,-1.0","12.0,-0.0,0.0","-0.0,0.0,-0.0,-1.0",23.0,23.0,21.999942779541016,0,0,0,0,0,0,0,1.8300938214617804e-26,0.0,0.0,0.0,5.591383907334662e+21,3.725290298461914e-05,
0,navstack-1709204094664,navstack,frontal,HandCrafted,,,1709204101,342232227,"builtin_interfaces.msg.Time(sec=1709204099, nanosec=342232227)",120.0,Handcrafted_LabStudy,1,1,"-11.0,-0.0,0.5","-0.0,0.0,-0.0,-1.0","12.0,-0.0,0.0","-0.0,0.0,-0.0,-1.0",23.0,23.0,21.999942779541016,0,0,0,0,0,0,0,1.8300938214617804e-26,0.0,0.0,0.0,5.59222813947647e+21,3.725290298461914e-05,
0,navstack-1709204094664,navstack,frontal,HandCrafted,,,1709204101,342232227,"builtin_interfaces.msg.Time(sec=1709204099, nanosec=342232227)",120.0,Handcrafted_LabStudy,1,1,"-11.0,-0.0,0.5","-0.0,0.0,-0.0,-1.0","12.0,-0.0,0.0","-0.0,0.0,-0.0,-1.0",23.0,23.0,21.999942779541016,0,0,0,0,0,0,0,1.8300938214617804e-26,0.0,0.0,0.0,5.592389927939369e+21,3.725290298461914e-05,
0,navstack-1709204094664,navstack,frontal,HandCrafted,,,1709204101,362232208,"builtin_interfaces.msg.Time(sec=1709204099, nanosec=342232227)",120.0,Handcrafted_LabStudy,1,1,"-11.0,-0.0,0.5","-0.0,0.0,-0.0,-1.0","12.0,-0.0,0.0","-0.0,0.0,-0.0,-1.0",23.0,23.0,21.999942779541016,0,0,0,0,0,0,0,1.8300938214617804e-26,0.0,0.0,0.0,5.593984324132518e+21,3.725290298461914e-05,
0,navstack-1709204094664,navstack,frontal,HandCrafted,,,1709204101,362232208,"builtin_interfaces.msg.Time(sec=1709204099, nanosec=342232227)",120.0,Handcrafted_LabStudy,1,1,"-11.0,-0.0,0.5","-0.0,0.0,-0.0,-1.0","12.0,-0.0,0.0","-0.0,0.0,-0.0,-1.0",23.0,23.0,21.999942779541016,0,0,0,0,0,0,0,1.8300938214617804e-26,0.0,0.0,0.0,5.594208037969114e+21,3.725290298461914e-05,
0,navstack-1709204094664,navstack,frontal,HandCrafted,,,1709204101,362232208,"builtin_interfaces.msg.Time(sec=1709204099, nanosec=342232227)",120.0,Handcrafted_LabStudy,1,1,"-11.0,-0.0,0.5","-0.0,0.0,-0.0,-1.0","12.0,-0.0,0.0","-0.0,0.0,-0.0,-1.0",23.0,23.0,21.960535049438477,0,0,0,0,0,0,0,1.8300938214617804e-26,0.0,1.0,0.0,5.594383177853421e+21,0.0,
0,navstack-1709204094664,navstack,frontal,HandCrafted,,,1709204101,382232189,"builtin_interfaces.msg.Time(sec=1709204099, nanosec=342232227)",120.0,Handcrafted_LabStudy,1,1,"-11.0,-0.0,0.5","-0.0,0.0,-0.0,-1.0","12.0,-0.0,0.0","-0.0,0.0,-0.0,-1.0",23.0,23.0,21.960535049438477,0,0,0,0,0,0,0,1.8300938214617804e-26,0.0,1.0,0.0,5.595264837095109e+21,3.725290298461914e-05,
0,navstack-1709204094664,navstack,frontal,HandCrafted,,,1709204101,382232189,"builtin_interfaces.msg.Time(sec=1709204099, nanosec=342232227)",120.0,Handcrafted_LabStudy,1,1,"-11.0,-0.0,0.5","-0.0,0.0,-0.0,-1.0","12.0,-0.0,0.0","-0.0,0.0,-0.0,-1.0",23.0,23.0,21.960535049438477,0,0,0,0,0,0,0,1.8300938214617804e-26,0.0,1.0,0.0,5.59548066906147e+21,3.725290298461914e-05,
0,navstack-1709204094664,navstack,frontal,HandCrafted,,,1709204101,402232170,"builtin_interfaces.msg.Time(sec=1709204099, nanosec=342232227)",120.0,Handcrafted_LabStudy,1,1,"-11.0,-0.0,0.5","-0.0,0.0,-0.0,-1.0","12.0,-0.0,0.0","-0.0,0.0,-0.0,-1.0",23.0,23.0,21.960535049438477,0,0,0,0,0,0,0,1.8300938214617804e-26,0.0,1.0,0.0,5.59724014721618e+21,3.725290298461914e-05,
0,navstack-1709204094664,navstack,frontal,HandCrafted,,,1709204101,402232170,"builtin_interfaces.msg.Time(sec=1709204099, nanosec=342232227)",120.0,Handcrafted_LabStudy,1,1,"-11.0,-0.0,0.5","-0.0,0.0,-0.0,-1.0","12.0,-0.0,0.0","-0.0,0.0,-0.0,-1.0",23.0,23.0,21.960535049438477,0,0,0,0,0,0,0,1.8300938214617804e-26,0.0,1.0,0.0,5.597471386594679e+21,3.725290298461914e-05,
0,navstack-1709204094664,navstack,frontal,HandCrafted,,,1709204101,422232151,"builtin_interfaces.msg.Time(sec=1709204099, nanosec=342232227)",120.0,Handcrafted_LabStudy,1,1,"-11.0,-0.0,0.5","-0.0,0.0,-0.0,-1.0","12.0,-0.0,0.0","-0.0,0.0,-0.0,-1.0",23.0,23.0,21.960535049438477,0,0,0,0,0,0,0,1.8300938214617804e-26,0.0,1.0,0.0,5.598423303620285e+21,3.725290298461914e-05,
0,navstack-1709204094664,navstack,frontal,HandCrafted,,,1709204101,422232151,"builtin_interfaces.msg.Time(sec=1709204099, nanosec=342232227)",120.0,Handcrafted_LabStudy,1,1,"-11.0,-0.0,0.5","-0.0,0.0,-0.0,-1.0","12.0,-0.0,0.0","-0.0,0.0,-0.0,-1.0",23.0,23.0,21.960535049438477,0,0,0,0,0,0,0,1.8300938214617804e-26,0.0,1.0,0.0,5.598636399206725e+21,3.725290298461914e-05,
0,navstack-1709204094664,navstack,frontal,HandCrafted,,,1709204101,422232151,"builtin_interfaces.msg.Time(sec=1709204099, nanosec=342232227)",120.0,Handcrafted_LabStudy,1,1,"-11.0,-0.0,0.5","-0.0,0.0,-0.0,-1.0","12.0,-0.0,0.0","-0.0,0.0,-0.0,-1.0",23.0,23.0,21.960535049438477,0,0,0,0,0,0,0,1.8300938214617804e-26,0.0,1.0,0.0,5.598811869569234e+21,0.0,
0,navstack-1709204094664,navstack,frontal,HandCrafted,,,1709204101,442232131,"builtin_interfaces.msg.Time(sec=1709204099, nanosec=342232227)",120.0,Handcrafted_LabStudy,1,1,"-11.0,-0.0,0.5","-0.0,0.0,-0.0,-1.0","12.0,-0.0,0.0","-0.0,0.0,-0.0,-1.0",23.0,23.0,21.960535049438477,0,0,0,0,0,0,0,1.8300938214617804e-26,0.0,1.0,0.0,5.600465183992054e+21,3.725290298461914e-05,
0,navstack-1709204094664,navstack,frontal,HandCrafted,,,1709204101,442232131,"builtin_interfaces.msg.Time(sec=1709204099, nanosec=342232227)",120.0,Handcrafted_LabStudy,1,1,"-11.0,-0.0,0.5","-0.0,0.0,-0.0,-1.0","12.0,-0.0,0.0","-0.0,0.0,-0.0,-1.0",23.0,23.0,21.960535049438477,0,0,0,0,0,0,0,1.8300938214617804e-26,0.0,1.0,0.0,5.600693344739774e+21,3.725290298461914e-05,
0,navstack-1709204094664,navstack,frontal,HandCrafted,,,1709204101,462232112,"builtin_interfaces.msg.Time(sec=1709204099, nanosec=342232227)",120.0,Handcrafted_LabStudy,1,1,"-11.0,-0.0,0.5","-0.0,0.0,-0.0,-1.0","12.0,-0.0,0.0","-0.0,0.0,-0.0,-1.0",23.0,23.0,21.960535049438477,0,0,0,0,0,0,0,1.8300938214617804e-26,0.0,1.0,0.0,5.601678569585207e+21,3.725290298461914e-05,
0,navstack-1709204094664,navstack,frontal,HandCrafted,,,1709204101,462232112,"builtin_interfaces.msg.Time(sec=1709204099, nanosec=342232227)",120.0,Handcrafted_LabStudy,1,1,"-11.0,-0.0,0.5","-0.0,0.0,-0.0,-1.0","12.0,-0.0,0.0","-0.0,0.0,-0.0,-1.0",23.0,23.0,21.960535049438477,0,0,0,0,0,0,0,1.8300938214617804e-26,0.0,1.0,0.0,5.6019214233033e+21,3.725290298461914e-05,
0,navstack-1709204094664,navstack,frontal,HandCrafted,,,1709204101,482231855,"builtin_interfaces.msg.Time(sec=1709204099, nanosec=342232227)",120.0,Handcrafted_LabStudy,1,1,"-11.0,-0.0,0.5","-0.0,0.0,-0.0,-1.0","12.0,-0.0,0.0","-0.0,0.0,-0.0,-1.0",23.0,23.0,21.960535049438477,0,0,0,0,0,0,0,1.8300938214617804e-26,0.0,1.0,0.0,5.60365635582936e+21,3.725290298461914e-05,
0,navstack-1709204094664,navstack,frontal,HandCrafted,,,1709204101,482231855,"builtin_interfaces.msg.Time(sec=1709204099, nanosec=342232227)",120.0,Handcrafted_LabStudy,1,1,"-11.0,-0.0,0.5","-0.0,0.0,-0.0,-1.0","12.0,-0.0,0.0","-0.0,0.0,-0.0,-1.0",23.0,23.0,21.960535049438477,0,0,0,0,0,0,0,1.8300938214617804e-26,0.0,1.0,0.0,5.603952588524301e+21,3.725290298461914e-05,
0,navstack-1709204094664,navstack,frontal,HandCrafted,,,1709204101,482231855,"builtin_interfaces.msg.Time(sec=1709204099, nanosec=342232227)",120.0,Handcrafted_LabStudy,1,1,"-11.0,-0.0,0.5","-0.0,0.0,-0.0,-1.0","12.0,-0.0,0.0","-0.0,0.0,-0.0,-1.0",23.0,23.0,21.960535049438477,0,0,0,0,0,0,0,1.8300938214617804e-26,0.0,1.0,0.0,5.604102757292291e+21,0.0,
0,navstack-1709204094664,navstack,frontal,HandCrafted,,,1709204101,502231836,"builtin_interfaces.msg.Time(sec=1709204099, nanosec=342232227)",120.0,Handcrafted_LabStudy,1,1,"-11.0,-0.0,0.5","-0.0,0.0,-0.0,-1.0","12.0,-0.0,0.0","-0.0,0.0,-0.0,-1.0",23.0,23.0,21.960535049438477,0,0,0,0,0,0,0,1.8300938214617804e-26,0.0,1.0,0.0,5.605092545585617e+21,3.725290298461914e-05,
0,navstack-1709204094664,navstack,frontal,HandCrafted,,,1709204101,522232294,"builtin_interfaces.msg.Time(sec=1709204099, nanosec=342232227)",120.0,Handcrafted_LabStudy,1,1,"-11.0,-0.0,0.5","-0.0,0.0,-0.0,-1.0","12.0,-0.0,0.0","-0.0,0.0,-0.0,-1.0",23.0,23.0,21.960535049438477,0,0,0,0,0,0,0,1.8300938214617804e-26,0.0,1.0,0.0,5.606817767569138e+21,7.450580596923828e-05,
0,navstack-1709204094664,navstack,frontal,HandCrafted,,,1709204101,542232275,"builtin_interfaces.msg.Time(sec=1709204099, nanosec=342232227)",120.0,Handcrafted_LabStudy,1,1,"-11.0,-0.0,0.5","-0.0,0.0,-0.0,-1.0","12.0,-0.0,0.0","-0.0,0.0,-0.0,-1.0",23.0,23.0,21.960535049438477,0,0,0,0,0,0,0,1.8300938214617804e-26,0.0,1.0,0.0,5.608291031667154e+21,7.450580596923828e-05,
0,navstack-1709204094664,navstack,frontal,HandCrafted,,,1709204101,542232275,"builtin_interfaces.msg.Time(sec=1709204099, nanosec=342232227)",120.0,Handcrafted_LabStudy,1,1,"-11.0,-0.0,0.5","-0.0,0.0,-0.0,-1.0","12.0,-0.0,0.0","-0.0,0.0,-0.0,-1.0",23.0,23.0,21.960535049438477,0,0,0,0,0,0,0,1.8300938214617804e-26,0.0,1.0,0.0,5.608681649901046e+21,3.725290298461914e-05,
0,navstack-1709204094664,navstack,frontal,HandCrafted,,,1709204101,562232255,"builtin_interfaces.msg.Time(sec=1709204099, nanosec=342232227)",120.0,Handcrafted_LabStudy,1,1,"-11.0,-0.0,0.5","-0.0,0.0,-0.0,-1.0","12.0,-0.0,0.0","-0.0,0.0,-0.0,-1.0",23.0,23.0,21.960535049438477,0,0,0,0,0,0,0,1.8300938214617804e-26,0.0,1.0,0.0,5.610476207144654e+21,3.725290298461914e-05,
0,navstack-1709204094664,navstack,frontal,HandCrafted,,,1709204101,562232255,"builtin_interfaces.msg.Time(sec=1709204099, nanosec=342232227)",120.0,Handcrafted_LabStudy,1,1,"-11.0,-0.0,0.5","-0.0,0.0,-0.0,-1.0","12.0,-0.0,0.0","-0.0,0.0,-0.0,-1.0",23.0,23.0,21.960535049438477,0,0,0,0,0,0,0,1.8300938214617804e-26,0.0,1.0,0.0,5.611062857343065e+21,3.725290298461914e-05,
0,navstack-1709204094664,navstack,frontal,HandCrafted,,,1709204101,582232236,"builtin_interfaces.msg.Time(sec=1709204099, nanosec=342232227)",120.0,Handcrafted_LabStudy,1,1,"-11.0,-0.0,0.5","-0.0,0.0,-0.0,-1.0","12.0,-0.0,0.0","-0.0,0.0,-0.0,-1.0",23.0,23.0,21.960535049438477,0,0,0,0,0,0,0,1.8300938214617804e-26,0.0,1.0,0.0,5.612168824064373e+21,3.725290298461914e-05,
0,navstack-1709204094664,navstack,frontal,HandCrafted,,,1709204101,582232236,"builtin_interfaces.msg.Time(sec=1709204099, nanosec=342232227)",120.0,Handcrafted_LabStudy,1,1,"-11.0,-0.0,0.5","-0.0,0.0,-0.0,-1.0","12.0,-0.0,0.0","-0.0,0.0,-0.0,-1.0",23.0,23.0,21.960535049438477,0,0,0,0,0,0,0,1.8300938214617804e-26,0.0,1.0,0.0,5.612445882531494e+21,3.725290298461914e-05,
0,navstack-1709204094664,navstack,frontal,HandCrafted,,,1709204101,602232217,"builtin_interfaces.msg.Time(sec=1709204099, nanosec=342232227)",120.0,Handcrafted_LabStudy,1,1,"-11.0,-0.0,0.5","-0.0,0.0,-0.0,-1.0","12.0,-0.0,0.0","-0.0,0.0,-0.0,-1.0",23.0,23.0,21.960535049438477,0,0,0,0,0,0,0,1.8300938214617804e-26,0.0,1.0,0.0,5.614266343703486e+21,3.725290298461914e-05,
0,navstack-1709204094664,navstack,frontal,HandCrafted,,,1709204101,602232217,"builtin_interfaces.msg.Time(sec=1709204099, nanosec=342232227)",120.0,Handcrafted_LabStudy,1,1,"-11.0,-0.0,0.5","-0.0,0.0,-0.0,-1.0","12.0,-0.0,0.0","-0.0,0.0,-0.0,-1.0",23.0,23.0,21.960535049438477,0,0,0,0,0,0,0,1.8300938214617804e-26,0.0,1.0,0.0,5.614678196087678e+21,3.725290298461914e-05,
0,navstack-1709204094664,navstack,frontal,HandCrafted,,,1709204101,602232217,"builtin_interfaces.msg.Time(sec=1709204099, nanosec=342232227)",120.0,Handcrafted_LabStudy,1,1,"-11.0,-0.0,0.5","-0.0,0.0,-0.0,-1.0","12.0,-0.0,0.0","-0.0,0.0,-0.0,-1.0",23.0,23.0,21.960535049438477,0,0,0,0,0,0,0,1.8300938214617804e-26,0.0,1.0,0.0,5.614885490560119e+21,0.0,
0,navstack-1709204094664,navstack,frontal,HandCrafted,,,1709204101,622232198,"builtin_interfaces.msg.Time(sec=1709204099, nanosec=342232227)",120.0,Handcrafted_LabStudy,1,1,"-11.0,-0.0,0.5","-0.0,0.0,-0.0,-1.0","12.0,-0.0,0.0","-0.0,0.0,-0.0,-1.0",23.0,23.0,21.960535049438477,0,0,0,0,0,0,0,1.8300938214617804e-26,0.0,1.0,0.0,5.61595700001914e+21,3.725290298461914e-05,
0,navstack-1709204094664,navstack,frontal,HandCrafted,,,1709204101,622232198,"builtin_interfaces.msg.Time(sec=1709204099, nanosec=342232227)",120.0,Handcrafted_LabStudy,1,1,"-11.0,-0.0,0.5","-0.0,0.0,-0.0,-1.0","12.0,-0.0,0.0","-0.0,0.0,-0.0,-1.0",23.0,23.0,21.960535049438477,0,0,0,0,0,0,0,1.8300938214617804e-26,0.0,1.0,0.0,5.616173174032992e+21,3.725290298461914e-05,
0,navstack-1709204094664,navstack,frontal,HandCrafted,,,1709204101,642232179,"builtin_interfaces.msg.Time(sec=1709204099, nanosec=342232227)",120.0,Handcrafted_LabStudy,1,1,"-11.0,-0.0,0.5","-0.0,0.0,-0.0,-1.0","12.0,-0.0,0.0","-0.0,0.0,-0.0,-1.0",23.0,23.0,21.960535049438477,0,0,0,0,0,0,0,1.8300938214617804e-26,0.0,1.0,0.0,5.618082477588896e+21,3.725290298461914e-05,
0,navstack-1709204094664,navstack,frontal,HandCrafted,,,1709204101,642232179,"builtin_interfaces.msg.Time(sec=1709204099, nanosec=342232227)",120.0,Handcrafted_LabStudy,1,1,"-11.0,-0.0,0.5","-0.0,0.0,-0.0,-1.0","12.0,-0.0,0.0","-0.0,0.0,-0.0,-1.0",23.0,23.0,21.960535049438477,0,0,0,0,0,0,0,1.8300938214617804e-26,0.0,1.0,0.0,5.618404365540328e+21,3.725290298461914e-05,
0,navstack-1709204094664,navstack,frontal,HandCrafted,,,1709204101,662232160,"builtin_interfaces.msg.Time(sec=1709204099, nanosec=342232227)",120.0,Handcrafted_LabStudy,1,1,"-11.0,-0.0,0.5","-0.0,0.0,-0.0,-1.0","12.0,-0.0,0.0","-0.0,0.0,-0.0,-1.0",23.0,23.0,21.960535049438477,0,0,0,0,0,0,0,1.8300938214617804e-26,0.0,1.0,0.0,5.619828977609024e+21,3.725290298461914e-05,
0,navstack-1709204094664,navstack,frontal,HandCrafted,,,1709204101,682232141,"builtin_interfaces.msg.Time(sec=1709204099, nanosec=342232227)",120.0,Handcrafted_LabStudy,1,1,"-11.0,-0.0,0.5","-0.0,0.0,-0.0,-1.0","12.0,-0.0,0.0","-0.0,0.0,-0.0,-1.0",23.0,23.0,21.960535049438477,0,0,0,0,0,0,0,1.8300938214617804e-26,0.0,1.0,0.0,5.621876718988768e+21,7.450580596923828e-05,
0,navstack-1709204094664,navstack,frontal,HandCrafted,,,1709204101,682232141,"builtin_interfaces.msg.Time(sec=1709204099, nanosec=342232227)",120.0,Handcrafted_LabStudy,1,1,"-11.0,-0.0,0.5","-0.0,0.0,-0.0,-1.0","12.0,-0.0,0.0","-0.0,0.0,-0.0,-1.0",23.0,23.0,21.960535049438477,0,0,0,0,0,0,0,1.8300938214617804e-26,0.0,1.0,0.0,5.622434977369996e+21,3.725290298461914e-05,
0,navstack-1709204094664,navstack,frontal,HandCrafted,,,1709204101,682232141,"builtin_interfaces.msg.Time(sec=1709204099, nanosec=342232227)",120.0,Handcrafted_LabStudy,1,1,"-11.0,-0.0,0.5","-0.0,0.0,-0.0,-1.0","12.0,-0.0,0.0","-0.0,0.0,-0.0,-1.0",23.0,23.0,21.960535049438477,0,0,0,0,0,0,0,1.8300938214617804e-26,0.0,1.0,0.0,5.622792440610428e+21,0.0,
0,navstack-1709204094664,navstack,frontal,HandCrafted,,,1709204101,702232122,"builtin_interfaces.msg.Time(sec=1709204099, nanosec=342232227)",120.0,Handcrafted_LabStudy,1,1,"-11.0,-0.0,0.5","-0.0,0.0,-0.0,-1.0","12.0,-0.0,0.0","-0.0,0.0,-0.0,-1.0",23.0,23.0,21.960535049438477,0,0,0,0,0,0,0,1.8300938214617804e-26,0.0,1.0,0.0,5.623986564853285e+21,3.725290298461914e-05,
0,navstack-1709204094664,navstack,frontal,HandCrafted,,,1709204101,702232122,"builtin_interfaces.msg.Time(sec=1709204099, nanosec=342232227)",120.0,Handcrafted_LabStudy,1,1,"-11.0,-0.0,0.5","-0.0,0.0,-0.0,-1.0","12.0,-0.0,0.0","-0.0,0.0,-0.0,-1.0",23.0,23.0,21.960535049438477,0,0,0,0,0,0,0,1.8300938214617804e-26,0.0,1.0,0.0,5.624359396617682e+21,3.725290298461914e-05,
0,navstack-1709204094664,navstack,frontal,HandCrafted,,,1709204101,722231864,"builtin_interfaces.msg.Time(sec=1709204099, nanosec=342232227)",120.0,Handcrafted_LabStudy,1,1,"-11.0,-0.0,0.5","-0.0,0.0,-0.0,-1.0","12.0,-0.0,0.0","-0.0,0.0,-0.0,-1.0",23.0,23.0,21.960535049438477,0,0,0,0,0,0,0,1.8300938214617804e-26,0.0,1.0,0.0,5.626397859322531e+21,3.725290298461914e-05,
0,navstack-1709204094664,navstack,frontal,HandCrafted,,,1709204101,722231864,"builtin_interfaces.msg.Time(sec=1709204099, nanosec=342232227)",120.0,Handcrafted_LabStudy,1,1,"-11.0,-0.0,0.5","-0.0,0.0,-0.0,-1.0","12.0,-0.0,0.0","-0.0,0.0,-0.0,-1.0",23.0,23.0,21.960535049438477,0,0,0,0,0,0,0,1.8300938214617804e-26,0.0,1.0,0.0,5.626876757443683e+21,3.725290298461914e-05,
0,navstack-1709204094664,navstack,frontal,HandCrafted,,,1709204101,742231845,"builtin_interfaces.msg.Time(sec=1709204099, nanosec=342232227)",120.0,Handcrafted_LabStudy,1,1,"-11.0,-0.0,0.5","-0.0,0.0,-0.0,-1.0","12.0,-0.0,0.0","-0.0,0.0,-0.0,-1.0",23.0,23.0,21.960535049438477,0,0,0,0,0,0,0,1.8300938214617804e-26,0.0,1.0,0.0,5.628279602903695e+21,3.725290298461914e-05,
0,navstack-1709204094664,navstack,frontal,HandCrafted,,,1709204101,742231845,"builtin_interfaces.msg.Time(sec=1709204099, nanosec=342232227)",120.0,Handcrafted_LabStudy,1,1,"-11.0,-0.0,0.5","-0.0,0.0,-0.0,-1.0","12.0,-0.0,0.0","-0.0,0.0,-0.0,-1.0",23.0,23.0,21.960535049438477,0,0,0,0,0,0,0,1.8300938214617804e-26,0.0,1.0,0.0,5.628689375797042e+21,3.725290298461914e-05,
0,navstack-1709204094664,navstack,frontal,HandCrafted,,,1709204101,762231826,"builtin_interfaces.msg.Time(sec=1709204099, nanosec=342232227)",120.0,Handcrafted_LabStudy,1,1,"-11.0,-0.0,0.5","-0.0,0.0,-0.0,-1.0","12.0,-0.0,0.0","-0.0,0.0,-0.0,-1.0",23.0,23.0,21.960535049438477,0,0,0,0,0,0,0,1.8300938214617804e-26,0.0,1.0,0.0,5.630677840245286e+21,3.725290298461914e-05,
0,navstack-1709204094664,navstack,frontal,HandCrafted,,,1709204101,762231826,"builtin_interfaces.msg.Time(sec=1709204099, nanosec=342232227)",120.0,Handcrafted_LabStudy,1,1,"-11.0,-0.0,0.5","-0.0,0.0,-0.0,-1.0","12.0,-0.0,0.0","-0.0,0.0,-0.0,-1.0",23.0,23.0,21.960535049438477,0,0,0,0,0,0,0,1.8300938214617804e-26,0.0,1.0,0.0,5.631200523337515e+21,3.725290298461914e-05,
0,navstack-1709204094664,navstack,frontal,HandCrafted,,,1709204101,782232284,"builtin_interfaces.msg.Time(sec=1709204099, nanosec=342232227)",120.0,Handcrafted_LabStudy,1,1,"-11.0,-0.0,0.5","-0.0,0.0,-0.0,-1.0","12.0,-0.0,0.0","-0.0,0.0,-0.0,-1.0",23.0,23.0,21.960535049438477,0,0,0,0,0,0,0,1.8300938214617804e-26,0.0,1.0,0.0,5.632647891401965e+21,3.725290298461914e-05,
0,navstack-1709204094664,navstack,frontal,HandCrafted,,,1709204101,782232284,"builtin_interfaces.msg.Time(sec=1709204099, nanosec=342232227)",120.0,Handcrafted_LabStudy,1,1,"-11.0,-0.0,0.5","-0.0,0.0,-0.0,-1.0","12.0,-0.0,0.0","-0.0,0.0,-0.0,-1.0",23.0,23.0,21.960535049438477,0,0,0,0,0,0,0,1.8300938214617804e-26,0.0,1.0,0.0,5.633197219671342e+21,3.725290298461914e-05,
0,navstack-1709204094664,navstack,frontal,HandCrafted,,,1709204101,802232265,"builtin_interfaces.msg.Time(sec=1709204099, nanosec=342232227)",120.0,Handcrafted_LabStudy,1,1,"-11.0,-0.0,0.5","-0.0,0.0,-0.0,-1.0","12.0,-0.0,0.0","-0.0,0.0,-0.0,-1.0",23.0,23.0,21.960535049438477,0,0,0,0,0,0,0,1.8300938214617804e-26,0.0,1.0,0.0,5.635292365712673e+21,3.725290298461914e-05,
0,navstack-1709204094664,navstack,frontal,HandCrafted,,,1709204101,802232265,"builtin_interfaces.msg.Time(sec=1709204099, nanosec=342232227)",120.0,Handcrafted_LabStudy,1,1,"-11.0,-0.0,0.5","-0.0,0.0,-0.0,-1.0","12.0,-0.0,0.0","-0.0,0.0,-0.0,-1.0",23.0,23.0,21.960535049438477,0,0,0,0,0,0,0,1.8300938214617804e-26,0.0,1.0,0.0,5.63576100173123e+21,3.725290298461914e-05,
0,navstack-1709204094664,navstack,frontal,HandCrafted,,,1709204101,822232246,"builtin_interfaces.msg.Time(sec=1709204099, nanosec=342232227)",120.0,Handcrafted_LabStudy,1,1,"-11.0,-0.0,0.5","-0.0,0.0,-0.0,-1.0","12.0,-0.0,0.0","-0.0,0.0,-0.0,-1.0",23.0,23.0,21.960535049438477,0,0,0,0,0,0,0,1.8300938214617804e-26,0.0,1.0,0.0,5.637103059962763e+21,3.725290298461914e-05,
0,navstack-1709204094664,navstack,frontal,HandCrafted,,,1709204101,822232246,"builtin_interfaces.msg.Time(sec=1709204099, nanosec=342232227)",120.0,Handcrafted_LabStudy,1,1,"-11.0,-0.0,0.5","-0.0,0.0,-0.0,-1.0","12.0,-0.0,0.0","-0.0,0.0,-0.0,-1.0",23.0,23.0,21.960535049438477,0,0,0,0,0,0,0,1.8300938214617804e-26,0.0,1.0,0.0,5.637794337940604e+21,3.725290298461914e-05,
0,navstack-1709204094664,navstack,frontal,HandCrafted,,,1709204101,842232227,"builtin_interfaces.msg.Time(sec=1709204099, nanosec=342232227)",120.0,Handcrafted_LabStudy,1,1,"-11.0,-0.0,0.5","-0.0,0.0,-0.0,-1.0","12.0,-0.0,0.0","-0.0,0.0,-0.0,-1.0",23.0,23.0,21.960535049438477,0,0,0,0,0,0,0,1.8300938214617804e-26,0.0,1.0,0.0,5.640043377144589e+21,3.725290298461914e-05,
0,navstack-1709204094664,navstack,frontal,HandCrafted,,,1709204101,862232208,"builtin_interfaces.msg.Time(sec=1709204099, nanosec=342232227)",120.0,Handcrafted_LabStudy,1,1,"-11.0,-0.0,0.5","-0.0,0.0,-0.0,-1.0","12.0,-0.0,0.0","-0.0,0.0,-0.0,-1.0",23.0,23.0,21.960535049438477,0,0,0,0,0,0,0,1.8300938214617804e-26,0.0,1.0,0.0,5.641519919204651e+21,7.450580596923828e-05,
0,navstack-1709204094664,navstack,frontal,HandCrafted,,,1709204101,862232208,"builtin_interfaces.msg.Time(sec=1709204099, nanosec=342232227)",120.0,Handcrafted_LabStudy,1,1,"-11.0,-0.0,0.5","-0.0,0.0,-0.0,-1.0","12.0,-0.0,0.0","-0.0,0.0,-0.0,-1.0",23.0,23.0,21.960535049438477,0,0,0,0,0,0,0,1.8300938214617804e-26,0.0,1.0,0.0,5.64235896169829e+21,3.725290298461914e-05,
0,navstack-1709204094664,navstack,frontal,HandCrafted,,,1709204101,862232208,"builtin_interfaces.msg.Time(sec=1709204099, nanosec=342232227)",120.0,Handcrafted_LabStudy,1,1,"-11.0,-0.0,0.5","-0.0,0.0,-0.0,-1.0","12.0,-0.0,0.0","-0.0,0.0,-0.0,-1.0",23.0,23.0,21.960535049438477,0,0,0,0,0,0,0,1.8300938214617804e-26,0.0,1.0,0.0,5.642739318507473e+21,0.0,
0,navstack-1709204094664,navstack,frontal,HandCrafted,,,1709204101,882232189,"builtin_interfaces.msg.Time(sec=1709204099, nanosec=342232227)",120.0,Handcrafted_LabStudy,1,1,"-11.0,-0.0,0.5","-0.0,0.0,-0.0,-1.0","12.0,-0.0,0.0","-0.0,0.0,-0.0,-1.0",23.0,23.0,21.960535049438477,0,0,0,0,0,0,0,1.8300938214617804e-26,0.0,1.0,0.0,5.644795414786765e+21,3.725290298461914e-05,
0,navstack-1709204094664,navstack,frontal,HandCrafted,,,1709204101,882232189,"builtin_interfaces.msg.Time(sec=1709204099, nanosec=342232227)",120.0,Handcrafted_LabStudy,1,1,"-11.0,-0.0,0.5","-0.0,0.0,-0.0,-1.0","12.0,-0.0,0.0","-0.0,0.0,-0.0,-1.0",23.0,23.0,21.960535049438477,0,0,0,0,0,0,0,1.8300938214617804e-26,0.0,1.0,0.0,5.645354699378255e+21,3.725290298461914e-05,
0,navstack-1709204094664,navstack,frontal,HandCrafted,,,1709204101,902232170,"builtin_interfaces.msg.Time(sec=1709204099, nanosec=342232227)",120.0,Handcrafted_LabStudy,1,1,"-11.0,-0.0,0.5","-0.0,0.0,-0.0,-1.0","12.0,-0.0,0.0","-0.0,0.0,-0.0,-1.0",23.0,23.0,21.960535049438477,0,0,0,0,0,0,0,1.8300938214617804e-26,0.0,1.0,0.0,5.646650973606227e+21,3.725290298461914e-05,
0,navstack-1709204094664,navstack,frontal,HandCrafted,,,1709204101,902232170,"builtin_interfaces.msg.Time(sec=1709204099, nanosec=342232227)",120.0,Handcrafted_LabStudy,1,1,"-11.0,-0.0,0.5","-0.0,0.0,-0.0,-1.0","12.0,-0.0,0.0","-0.0,0.0,-0.0,-1.0",23.0,23.0,21.960535049438477,0,0,0,0,0,0,0,1.8300938214617804e-26,0.0,1.0,0.0,5.647362774433485e+21,3.725290298461914e-05,
0,navstack-1709204094664,navstack,frontal,HandCrafted,,,1709204101,922232151,"builtin_interfaces.msg.Time(sec=1709204099, nanosec=342232227)",120.0,Handcrafted_LabStudy,1,1,"-11.0,-0.0,0.5","-0.0,0.0,-0.0,-1.0","12.0,-0.0,0.0","-0.0,0.0,-0.0,-1.0",23.0,23.0,21.960535049438477,0,0,0,0,0,0,0,1.8300938214617804e-26,0.0,1.0,0.0,5.649848474105095e+21,3.725290298461914e-05,
0,navstack-1709204094664,navstack,frontal,HandCrafted,,,1709204101,922232151,"builtin_interfaces.msg.Time(sec=1709204099, nanosec=342232227)",120.0,Handcrafted_LabStudy,1,1,"-11.0,-0.0,0.5","-0.0,0.0,-0.0,-1.0","12.0,-0.0,0.0","-0.0,0.0,-0.0,-1.0",23.0,23.0,21.960535049438477,0,0,0,0,0,0,0,1.8300938214617804e-26,0.0,1.0,0.0,5.650278456203872e+21,3.725290298461914e-05,
0,navstack-1709204094664,navstack,frontal,HandCrafted,,,1709204101,942232131,"builtin_interfaces.msg.Time(sec=1709204099, nanosec=342232227)",120.0,Handcrafted_LabStudy,1,1,"-11.0,-0.0,0.5","-0.0,0.0,-0.0,-1.0","12.0,-0.0,0.0","-0.0,0.0,-0.0,-1.0",23.0,23.0,21.960535049438477,0,0,0,0,0,0,0,1.8300938214617804e-26,0.0,1.0,0.0,5.651806655427104e+21,3.725290298461914e-05,
0,navstack-1709204094664,navstack,frontal,HandCrafted,,,1709204101,942232131,"builtin_interfaces.msg.Time(sec=1709204099, nanosec=342232227)",120.0,Handcrafted_LabStudy,1,1,"-11.0,-0.0,0.5","-0.0,0.0,-0.0,-1.0","12.0,-0.0,0.0","-0.0,0.0,-0.0,-1.0",23.0,23.0,21.960535049438477,0,0,0,0,0,0,0,1.8300938214617804e-26,0.0,1.0,0.0,5.652439101236618e+21,3.725290298461914e-05,
0,navstack-1709204094664,navstack,frontal,HandCrafted,,,1709204101,942232131,"builtin_interfaces.msg.Time(sec=1709204099, nanosec=342232227)",120.0,Handcrafted_LabStudy,1,1,"-11.0,-0.0,0.5","-0.0,0.0,-0.0,-1.0","12.0,-0.0,0.0","-0.0,0.0,-0.0,-1.0",23.0,23.0,21.960535049438477,0,0,0,0,0,0,0,1.8300938214617804e-26,0.0,1.0,0.0,5.652439101236618e+21,0.0,
0,navstack-1709204094664,navstack,frontal,HandCrafted,,,1709204101,962232112,"builtin_interfaces.msg.Time(sec=1709204099, nanosec=342232227)",120.0,Handcrafted_LabStudy,1,1,"-11.0,-0.0,0.5","-0.0,0.0,-0.0,-1.0","12.0,-0.0,0.0","-0.0,0.0,-0.0,-1.0",23.0,23.0,21.960535049438477,0,0,0,0,0,0,0,1.8300938214617804e-26,0.0,1.0,0.0,5.654743154973356e+21,3.725290298461914e-05,
0,navstack-1709204094664,navstack,frontal,HandCrafted,,,1709204101,962232112,"builtin_interfaces.msg.Time(sec=1709204099, nanosec=342232227)",120.0,Handcrafted_LabStudy,1,1,"-11.0,-0.0,0.5","-0.0,0.0,-0.0,-1.0","12.0,-0.0,0.0","-0.0,0.0,-0.0,-1.0",23.0,23.0,21.960535049438477,0,0,0,0,0,0,0,1.8300938214617804e-26,0.0,1.0,0.0,5.655402324030113e+21,3.725290298461914e-05,
0,navstack-1709204094664,navstack,frontal,HandCrafted,,,1709204101,982231855,"builtin_interfaces.msg.Time(sec=1709204099, nanosec=342232227)",120.0,Handcrafted_LabStudy,1,1,"-11.0,-0.0,0.5","-0.0,0.0,-0.0,-1.0","12.0,-0.0,0.0","-0.0,0.0,-0.0,-1.0",23.0,23.0,21.960535049438477,0,0,0,0,0,0,0,1.8300938214617804e-26,0.0,1.0,0.0,5.656971914577708e+21,3.725290298461914e-05,
0,navstack-1709204094664,navstack,frontal,HandCrafted,,,1709204101,982231855,"builtin_interfaces.msg.Time(sec=1709204099, nanosec=342232227)",120.0,Handcrafted_LabStudy,1,1,"-11.0,-0.0,0.5","-0.0,0.0,-0.0,-1.0","12.0,-0.0,0.0","-0.0,0.0,-0.0,-1.0",23.0,23.0,21.960535049438477,0,0,0,0,0,0,0,1.8300938214617804e-26,0.0,1.0,0.0,5.657456937918914e+21,3.725290298461914e-05,
0,navstack-1709204094664,navstack,frontal,HandCrafted,,,1709204102,2231836,"builtin_interfaces.msg.Time(sec=1709204099, nanosec=342232227)",120.0,Handcrafted_LabStudy,1,1,"-11.0,-0.0,0.5","-0.0,0.0,-0.0,-1.0","12.0,-0.0,0.0","-0.0,0.0,-0.0,-1.0",23.0,23.0,21.960535049438477,0,0,0,0,0,0,0,1.8300938214617804e-26,0.0,1.0,0.0,5.659740798937666e+21,3.725290298461914e-05,
0,navstack-1709204094664,navstack,frontal,HandCrafted,,,1709204102,22231817,"builtin_interfaces.msg.Time(sec=1709204099, nanosec=342232227)",120.0,Handcrafted_LabStudy,1,1,"-11.0,-0.0,0.5","-0.0,0.0,-0.0,-1.0","12.0,-0.0,0.0","-0.0,0.0,-0.0,-1.0",23.0,23.0,21.960535049438477,0,0,0,0,0,0,0,1.8300938214617804e-26,0.0,1.0,0.0,5.661132922296873e+21,7.450580596923828e-05,
0,navstack-1709204094664,navstack,frontal,HandCrafted,,,1709204102,42232275,"builtin_interfaces.msg.Time(sec=1709204099, nanosec=342232227)",120.0,Handcrafted_LabStudy,1,1,"-11.0,-0.0,0.5","-0.0,0.0,-0.0,-1.0","12.0,-0.0,0.0","-0.0,0.0,-0.0,-1.0",23.0,23.0,21.960535049438477,0,0,0,0,0,0,0,1.8300938214617804e-26,0.0,1.0,0.0,5.664108691872661e+21,7.450580596923828e-05,
0,navstack-1709204094664,navstack,frontal,HandCrafted,,,1709204102,62232255,"builtin_interfaces.msg.Time(sec=1709204099, nanosec=342232227)",120.0,Handcrafted_LabStudy,1,1,"-11.0,-0.0,0.5","-0.0,0.0,-0.0,-1.0","12.0,-0.0,0.0","-0.0,0.0,-0.0,-1.0",23.0,23.0,21.960535049438477,0,0,0,0,0,0,0,1.8300938214617804e-26,0.0,1.0,0.0,5.666570793297224e+21,7.450580596923828e-05,
0,navstack-1709204094664,navstack,frontal,HandCrafted,,,1709204102,62232255,"builtin_interfaces.msg.Time(sec=1709204099, nanosec=342232227)",120.0,Handcrafted_LabStudy,1,1,"-11.0,-0.0,0.5","-0.0,0.0,-0.0,-1.0","12.0,-0.0,0.0","-0.0,0.0,-0.0,-1.0",23.0,23.0,21.960535049438477,0,0,0,0,0,0,0,1.8300938214617804e-26,0.0,1.0,0.0,5.667943771923178e+21,3.725290298461914e-05,
0,navstack-1709204094664,navstack,frontal,HandCrafted,,,1709204102,82232236,"builtin_interfaces.msg.Time(sec=1709204099, nanosec=342232227)",120.0,Handcrafted_LabStudy,1,1,"-11.0,-0.0,0.5","-0.0,0.0,-0.0,-1.0","12.0,-0.0,0.0","-0.0,0.0,-0.0,-1.0",23.0,23.0,21.960535049438477,0,0,0,0,0,0,0,1.8300938214617804e-26,0.0,1.0,0.0,5.670086708704987e+21,3.725290298461914e-05,
0,navstack-1709204094664,navstack,frontal,HandCrafted,,,1709204102,82232236,"builtin_interfaces.msg.Time(sec=1709204099, nanosec=342232227)",120.0,Handcrafted_LabStudy,1,1,"-11.0,-0.0,0.5","-0.0,0.0,-0.0,-1.0","12.0,-0.0,0.0","-0.0,0.0,-0.0,-1.0",23.0,23.0,21.960535049438477,0,0,0,0,0,0,0,1.8300938214617804e-26,0.0,1.0,0.0,5.670912465893887e+21,3.725290298461914e-05,
0,navstack-1709204094664,navstack,frontal,HandCrafted,,,1709204102,82232236,"builtin_interfaces.msg.Time(sec=1709204099, nanosec=342232227)",120.0,Handcrafted_LabStudy,1,1,"-11.0,-0.0,0.5","-0.0,0.0,-0.0,-1.0","12.0,-0.0,0.0","-0.0,0.0,-0.0,-1.0",23.0,23.0,21.960535049438477,0,0,0,0,0,0,0,1.8300938214617804e-26,0.0,1.0,0.0,5.671502536793164e+21,0.0,
0,navstack-1709204094664,navstack,frontal,HandCrafted,,,1709204102,102232217,"builtin_interfaces.msg.Time(sec=1709204099, nanosec=342232227)",120.0,Handcrafted_LabStudy,1,1,"-11.0,-0.0,0.5","-0.0,0.0,-0.0,-1.0","12.0,-0.0,0.0","-0.0,0.0,-0.0,-1.0",23.0,23.0,21.960535049438477,0,0,0,0,0,0,0,1.8300938214617804e-26,0.0,1.0,0.0,5.672790584860338e+21,3.725290298461914e-05,
0,navstack-1709204094664,navstack,frontal,HandCrafted,,,1709204102,102232217,"builtin_interfaces.msg.Time(sec=1709204099, nanosec=342232227)",120.0,Handcrafted_LabStudy,1,1,"-11.0,-0.0,0.5","-0.0,0.0,-0.0,-1.0","12.0,-0.0,0.0","-0.0,0.0,-0.0,-1.0",23.0,23.0,21.960535049438477,0,0,0,0,0,0,0,1.8300938214617804e-26,0.0,1.0,0.0,5.673651860440845e+21,3.725290298461914e-05,
0,navstack-1709204094664,navstack,frontal,HandCrafted,,,1709204102,122232198,"builtin_interfaces.msg.Time(sec=1709204099, nanosec=342232227)",120.0,Handcrafted_LabStudy,1,1,"-11.0,-0.0,0.5","-0.0,0.0,-0.0,-1.0","12.0,-0.0,0.0","-0.0,0.0,-0.0,-1.0",23.0,23.0,21.960535049438477,0,0,0,0,0,0,0,1.8300938214617804e-26,0.0,1.0,0.0,5.675661766975371e+21,3.725290298461914e-05,
0,navstack-1709204094664,navstack,frontal,HandCrafted,,,1709204102,142232179,"builtin_interfaces.msg.Time(sec=1709204099, nanosec=342232227)",120.0,Handcrafted_LabStudy,1,1,"-11.0,-0.0,0.5","-0.0,0.0,-0.0,-1.0","12.0,-0.0,0.0","-0.0,0.0,-0.0,-1.0",23.0,23.0,21.960535049438477,0,0,0,0,0,0,0,1.8300938214617804e-26,0.0,1.0,0.0,5.677126036799541e+21,7.450580596923828e-05,
0,navstack-1709204094664,navstack,frontal,HandCrafted,,,1709204102,162232160,"builtin_interfaces.msg.Time(sec=1709204099, nanosec=342232227)",120.0,Handcrafted_LabStudy,1,1,"-11.0,-0.0,0.5","-0.0,0.0,-0.0,-1.0","12.0,-0.0,0.0","-0.0,0.0,-0.0,-1.0",23.0,23.0,21.960535049438477,0,0,0,0,0,0,0,1.8300938214617804e-26,0.0,1.0,0.0,5.680327260885652e+21,7.450580596923828e-05,
0,navstack-1709204094664,navstack,frontal,HandCrafted,,,1709204102,162232160,"builtin_interfaces.msg.Time(sec=1709204099, nanosec=342232227)",120.0,Handcrafted_LabStudy,1,1,"-11.0,-0.0,0.5","-0.0,0.0,-0.0,-1.0","12.0,-0.0,0.0","-0.0,0.0,-0.0,-1.0",23.0,23.0,21.960535049438477,0,0,0,0,0,0,0,1.8300938214617804e-26,0.0,1.0,0.0,5.681671254255657e+21,3.725290298461914e-05,
0,navstack-1709204094664,navstack,frontal,HandCrafted,,,1709204102,182232141,"builtin_interfaces.msg.Time(sec=1709204099, nanosec=342232227)",120.0,Handcrafted_LabStudy,1,1,"-11.0,-0.0,0.5","-0.0,0.0,-0.0,-1.0","12.0,-0.0,0.0","-0.0,0.0,-0.0,-1.0",23.0,23.0,21.960535049438477,0,0,0,0,0,0,0,1.8300938214617804e-26,0.0,1.0,0.0,5.681680057085028e+21,3.725290298461914e-05,
0,navstack-1709204094664,navstack,frontal,HandCrafted,,,1709204102,202232122,"builtin_interfaces.msg.Time(sec=1709204099, nanosec=342232227)",120.0,Handcrafted_LabStudy,1,1,"-11.0,-0.0,0.5","-0.0,0.0,-0.0,-1.0","12.0,-0.0,0.0","-0.0,0.0,-0.0,-1.0",23.0,23.0,21.960535049438477,0,0,0,0,0,0,0,1.8300938214617804e-26,0.0,1.0,0.0,5.68503961839779e+21,7.450580596923828e-05,
0,navstack-1709204094664,navstack,frontal,HandCrafted,,,1709204102,222231864,"builtin_interfaces.msg.Time(sec=1709204099, nanosec=342232227)",120.0,Handcrafted_LabStudy,1,1,"-11.0,-0.0,0.5","-0.0,0.0,-0.0,-1.0","12.0,-0.0,0.0","-0.0,0.0,-0.0,-1.0",23.0,23.0,21.960535049438477,0,0,0,0,0,0,0,1.8300938214617804e-26,0.0,1.0,0.0,5.686790588637189e+21,7.450580596923828e-05,
0,navstack-1709204094664,navstack,frontal,HandCrafted,,,1709204102,242231845,"builtin_interfaces.msg.Time(sec=1709204099, nanosec=342232227)",120.0,Handcrafted_LabStudy,1,1,"-11.0,-0.0,0.5","-0.0,0.0,-0.0,-1.0","12.0,-0.0,0.0","-0.0,0.0,-0.0,-1.0",23.0,23.0,21.960535049438477,0,0,0,0,0,0,0,1.8300938214617804e-26,0.0,1.0,0.0,5.68873329119222e+21,7.450580596923828e-05,
0,navstack-1709204094664,navstack,frontal,HandCrafted,,,1709204102,242231845,"builtin_interfaces.msg.Time(sec=1709204099, nanosec=342232227)",120.0,Handcrafted_LabStudy,1,1,"-11.0,-0.0,0.5","-0.0,0.0,-0.0,-1.0","12.0,-0.0,0.0","-0.0,0.0,-0.0,-1.0",23.0,23.0,21.960535049438477,0,0,0,0,0,0,0,1.8300938214617804e-26,0.0,1.0,0.0,5.690238057502897e+21,3.725290298461914e-05,
0,navstack-1709204094664,navstack,frontal,HandCrafted,,,1709204102,262231826,"builtin_interfaces.msg.Time(sec=1709204099, nanosec=342232227)",120.0,Handcrafted_LabStudy,1,1,"-11.0,-0.0,0.5","-0.0,0.0,-0.0,-1.0","12.0,-0.0,0.0","-0.0,0.0,-0.0,-1.0",23.0,23.0,21.960535049438477,0,0,0,0,0,0,0,1.8300938214617804e-26,0.0,1.0,0.0,5.691468772161645e+21,3.725290298461914e-05,
0,navstack-1709204094664,navstack,frontal,HandCrafted,,,1709204102,282232046,"builtin_interfaces.msg.Time(sec=1709204099, nanosec=342232227)",120.0,Handcrafted_LabStudy,1,1,"-11.0,-0.0,0.5","-0.0,0.0,-0.0,-1.0","12.0,-0.0,0.0","-0.0,0.0,-0.0,-1.0",23.0,23.0,21.960535049438477,0,0,0,0,0,0,0,1.8300938214617804e-26,0.0,1.0,0.0,5.693542796608934e+21,7.450580596923828e-05,
0,navstack-1709204094664,navstack,frontal,HandCrafted,,,1709204102,302232265,"builtin_interfaces.msg.Time(sec=1709204099, nanosec=342232227)",120.0,Handcrafted_LabStudy,1,1,"-11.0,-0.0,0.5","-0.0,0.0,-0.0,-1.0","12.0,-0.0,0.0","-0.0,0.0,-0.0,-1.0",23.0,23.0,21.960535049438477,0,0,0,0,0,0,0,1.8300938214617804e-26,0.0,1.0,0.0,5.695033249057775e+21,7.450580596923828e-05,
0,navstack-1709204094664,navstack,frontal,HandCrafted,,,1709204102,302232265,"builtin_interfaces.msg.Time(sec=1709204099, nanosec=342232227)",120.0,Handcrafted_LabStudy,1,1,"-11.0,-0.0,0.5","-0.0,0.0,-0.0,-1.0","12.0,-0.0,0.0","-0.0,0.0,-0.0,-1.0",23.0,23.0,21.960535049438477,0,0,0,0,0,0,0,1.8300938214617804e-26,0.0,1.0,0.0,5.697039015540732e+21,3.725290298461914e-05,
0,navstack-1709204094664,navstack,frontal,HandCrafted,,,1709204102,322232246,"builtin_interfaces.msg.Time(sec=1709204099, nanosec=342232227)",120.0,Handcrafted_LabStudy,1,1,"-11.0,-0.0,0.5","-0.0,0.0,-0.0,-1.0","12.0,-0.0,0.0","-0.0,0.0,-0.0,-1.0",23.0,23.0,21.960535049438477,0,0,0,0,0,0,0,1.8300938214617804e-26,0.0,1.0,0.0,5.698765864760271e+21,3.725290298461914e-05,
0,navstack-1709204094664,navstack,frontal,HandCrafted,,,1709204102,322232246,"builtin_interfaces.msg.Time(sec=1709204099, nanosec=342232227)",120.0,Handcrafted_LabStudy,1,1,"-11.0,-0.0,0.5","-0.0,0.0,-0.0,-1.0","12.0,-0.0,0.0","-0.0,0.0,-0.0,-1.0",23.0,23.0,21.960535049438477,0,0,0,0,0,0,0,1.8300938214617804e-26,0.0,1.0,0.0,5.699612488224451e+21,3.725290298461914e-05,
0,navstack-1709204094664,navstack,frontal,HandCrafted,,,1709204102,342232227,"builtin_interfaces.msg.Time(sec=1709204099, nanosec=342232227)",120.0,Handcrafted_LabStudy,1,1,"-11.0,-0.0,0.5","-0.0,0.0,-0.0,-1.0","12.0,-0.0,0.0","-0.0,0.0,-0.0,-1.0",23.0,23.0,21.960535049438477,0,0,0,0,0,0,0,1.8300938214617804e-26,0.0,1.0,0.0,5.701131955809332e+21,3.725290298461914e-05,
0,navstack-1709204094664,navstack,frontal,HandCrafted,,,1709204102,342232227,"builtin_interfaces.msg.Time(sec=1709204099, nanosec=342232227)",120.0,Handcrafted_LabStudy,1,1,"-11.0,-0.0,0.5","-0.0,0.0,-0.0,-1.0","12.0,-0.0,0.0","-0.0,0.0,-0.0,-1.0",23.0,23.0,21.960535049438477,0,0,0,0,0,0,0,1.8300938214617804e-26,0.0,1.0,0.0,5.701131955809332e+21,3.725290298461914e-05,
0,navstack-1709204094664,navstack,frontal,HandCrafted,,,1709204102,362232208,"builtin_interfaces.msg.Time(sec=1709204099, nanosec=342232227)",120.0,Handcrafted_LabStudy,1,1,"-11.0,-0.0,0.5","-0.0,0.0,-0.0,-1.0","12.0,-0.0,0.0","-0.0,0.0,-0.0,-1.0",23.0,23.0,21.960535049438477,0,0,0,0,0,0,0,1.8300938214617804e-26,0.0,1.0,0.0,5.703444357333842e+21,3.725290298461914e-05,
0,navstack-1709204094664,navstack,frontal,HandCrafted,,,1709204102,382232189,"builtin_interfaces.msg.Time(sec=1709204099, nanosec=342232227)",120.0,Handcrafted_LabStudy,1,1,"-11.0,-0.0,0.5","-0.0,0.0,-0.0,-1.0","12.0,-0.0,0.0","-0.0,0.0,-0.0,-1.0",23.0,23.0,21.960535049438477,0,0,0,0,0,0,0,1.8300938214617804e-26,0.0,1.0,0.0,5.704566796706648e+21,7.450580596923828e-05,
0,navstack-1709204094664,navstack,frontal,HandCrafted,,,1709204102,382232189,"builtin_interfaces.msg.Time(sec=1709204099, nanosec=342232227)",120.0,Handcrafted_LabStudy,1,1,"-11.0,-0.0,0.5","-0.0,0.0,-0.0,-1.0","12.0,-0.0,0.0","-0.0,0.0,-0.0,-1.0",23.0,23.0,21.85747528076172,0,0,0,0,0,0,0,1.8300938214617804e-26,0.0,2.0,0.0,5.706807207767932e+21,3.725290298461914e-05,
0,navstack-1709204094664,navstack,frontal,HandCrafted,,,1709204102,382232189,"builtin_interfaces.msg.Time(sec=1709204099, nanosec=342232227)",120.0,Handcrafted_LabStudy,1,1,"-11.0,-0.0,0.5","-0.0,0.0,-0.0,-1.0","12.0,-0.0,0.0","-0.0,0.0,-0.0,-1.0",23.0,23.0,21.85747528076172,0,0,0,0,0,0,0,1.8300938214617804e-26,0.0,2.0,0.0,5.707738603083944e+21,0.0,
0,navstack-1709204094664,navstack,frontal,HandCrafted,,,1709204102,402232170,"builtin_interfaces.msg.Time(sec=1709204099, nanosec=342232227)",120.0,Handcrafted_LabStudy,1,1,"-11.0,-0.0,0.5","-0.0,0.0,-0.0,-1.0","12.0,-0.0,0.0","-0.0,0.0,-0.0,-1.0",23.0,23.0,21.85747528076172,0,0,0,0,0,0,0,1.8300938214617804e-26,0.0,2.0,0.0,5.709608460293244e+21,3.725290298461914e-05,
0,navstack-1709204094664,navstack,frontal,HandCrafted,,,1709204102,402232170,"builtin_interfaces.msg.Time(sec=1709204099, nanosec=342232227)",120.0,Handcrafted_LabStudy,1,1,"-11.0,-0.0,0.5","-0.0,0.0,-0.0,-1.0","12.0,-0.0,0.0","-0.0,0.0,-0.0,-1.0",23.0,23.0,21.85747528076172,0,0,0,0,0,0,0,1.8300938214617804e-26,0.0,2.0,0.0,5.710565230325288e+21,3.725290298461914e-05,
0,navstack-1709204094664,navstack,frontal,HandCrafted,,,1709204102,422232151,"builtin_interfaces.msg.Time(sec=1709204099, nanosec=342232227)",120.0,Handcrafted_LabStudy,1,1,"-11.0,-0.0,0.5","-0.0,0.0,-0.0,-1.0","12.0,-0.0,0.0","-0.0,0.0,-0.0,-1.0",23.0,23.0,21.85747528076172,0,0,0,0,0,0,0,1.8300938214617804e-26,0.0,2.0,0.0,5.710476009148594e+21,3.725290298461914e-05,
0,navstack-1709204094664,navstack,frontal,HandCrafted,,,1709204102,422232151,"builtin_interfaces.msg.Time(sec=1709204099, nanosec=342232227)",120.0,Handcrafted_LabStudy,1,1,"-11.0,-0.0,0.5","-0.0,0.0,-0.0,-1.0","12.0,-0.0,0.0","-0.0,0.0,-0.0,-1.0",23.0,23.0,21.85747528076172,0,0,0,0,0,0,0,1.8300938214617804e-26,0.0,2.0,0.0,5.711447424020968e+21,3.725290298461914e-05,
0,navstack-1709204094664,navstack,frontal,HandCrafted,,,1709204102,422232151,"builtin_interfaces.msg.Time(sec=1709204099, nanosec=342232227)",120.0,Handcrafted_LabStudy,1,1,"-11.0,-0.0,0.5","-0.0,0.0,-0.0,-1.0","12.0,-0.0,0.0","-0.0,0.0,-0.0,-1.0",23.0,23.0,21.85747528076172,0,0,0,0,0,0,0,1.8300938214617804e-26,0.0,2.0,0.0,5.712430468508011e+21,0.0,
0,navstack-1709204094664,navstack,frontal,HandCrafted,,,1709204102,442232131,"builtin_interfaces.msg.Time(sec=1709204099, nanosec=342232227)",120.0,Handcrafted_LabStudy,1,1,"-11.0,-0.0,0.5","-0.0,0.0,-0.0,-1.0","12.0,-0.0,0.0","-0.0,0.0,-0.0,-1.0",23.0,23.0,21.85747528076172,0,0,0,0,0,0,0,1.8300938214617804e-26,0.0,2.0,0.0,5.713043186032164e+21,3.725290298461914e-05,
0,navstack-1709204094664,navstack,frontal,HandCrafted,,,1709204102,462232112,"builtin_interfaces.msg.Time(sec=1709204099, nanosec=342232227)",120.0,Handcrafted_LabStudy,1,1,"-11.0,-0.0,0.5","-0.0,0.0,-0.0,-1.0","12.0,-0.0,0.0","-0.0,0.0,-0.0,-1.0",23.0,23.0,21.85747528076172,0,0,0,0,0,0,0,1.8300938214617804e-26,0.0,2.0,0.0,5.715438434137467e+21,7.450580596923828e-05,
0,navstack-1709204094664,navstack,frontal,HandCrafted,,,1709204102,482231855,"builtin_interfaces.msg.Time(sec=1709204099, nanosec=342232227)",120.0,Handcrafted_LabStudy,1,1,"-11.0,-0.0,0.5","-0.0,0.0,-0.0,-1.0","12.0,-0.0,0.0","-0.0,0.0,-0.0,-1.0",23.0,23.0,21.85747528076172,0,0,0,0,0,0,0,1.8300938214617804e-26,0.0,2.0,0.0,5.718762939949154e+21,7.450580596923828e-05,
0,navstack-1709204094664,navstack,frontal,HandCrafted,,,1709204102,502231836,"builtin_interfaces.msg.Time(sec=1709204099, nanosec=342232227)",120.0,Handcrafted_LabStudy,1,1,"-11.0,-0.0,0.5","-0.0,0.0,-0.0,-1.0","12.0,-0.0,0.0","-0.0,0.0,-0.0,-1.0",23.0,23.0,21.85747528076172,0,0,0,0,0,0,0,1.8300938214617804e-26,0.0,2.0,0.0,5.72115404769992e+21,7.450580596923828e-05,
0,navstack-1709204094664,navstack,frontal,HandCrafted,,,1709204102,522231817,"builtin_interfaces.msg.Time(sec=1709204099, nanosec=342232227)",120.0,Handcrafted_LabStudy,1,1,"-11.0,-0.0,0.5","-0.0,0.0,-0.0,-1.0","12.0,-0.0,0.0","-0.0,0.0,-0.0,-1.0",23.0,23.0,21.85747528076172,0,0,0,0,0,0,0,1.8300938214617804e-26,0.0,2.0,0.0,5.7240899974068e+21,7.450580596923828e-05,
0,navstack-1709204094664,navstack,frontal,HandCrafted,,,1709204102,542232036,"builtin_interfaces.msg.Time(sec=1709204099, nanosec=342232227)",120.0,Handcrafted_LabStudy,1,1,"-11.0,-0.0,0.5","-0.0,0.0,-0.0,-1.0","12.0,-0.0,0.0","-0.0,0.0,-0.0,-1.0",23.0,23.0,21.85747528076172,0,0,0,0,0,0,0,1.8300938214617804e-26,0.0,2.0,0.0,5.725957420605816e+21,7.450580596923828e-05,
0,navstack-1709204094664,navstack,frontal,HandCrafted,,,1709204102,542232036,"builtin_interfaces.msg.Time(sec=1709204099, nanosec=342232227)",120.0,Handcrafted_LabStudy,1,1,"-11.0,-0.0,0.5","-0.0,0.0,-0.0,-1.0","12.0,-0.0,0.0","-0.0,0.0,-0.0,-1.0",23.0,23.0,21.85747528076172,0,0,0,0,0,0,0,1.8300938214617804e-26,0.0,2.0,0.0,5.727588303039434e+21,3.725290298461914e-05,
0,navstack-1709204094664,navstack,frontal,HandCrafted,,,1709204102,562232255,"builtin_interfaces.msg.Time(sec=1709204099, nanosec=342232227)",120.0,Handcrafted_LabStudy,1,1,"-11.0,-0.0,0.5","-0.0,0.0,-0.0,-1.0","12.0,-0.0,0.0","-0.0,0.0,-0.0,-1.0",23.0,23.0,21.85747528076172,0,0,0,0,0,0,0,1.8300938214617804e-26,0.0,2.0,0.0,5.728015935789988e+21,3.725290298461914e-05,
0,navstack-1709204094664,navstack,frontal,HandCrafted,,,1709204102,562232255,"builtin_interfaces.msg.Time(sec=1709204099, nanosec=342232227)",120.0,Handcrafted_LabStudy,1,1,"-11.0,-0.0,0.5","-0.0,0.0,-0.0,-1.0","12.0,-0.0,0.0","-0.0,0.0,-0.0,-1.0",23.0,23.0,21.85747528076172,0,0,0,0,0,0,0,1.8300938214617804e-26,0.0,2.0,0.0,5.729187525836378e+21,3.725290298461914e-05,
0,navstack-1709204094664,navstack,frontal,HandCrafted,,,1709204102,562232255,"builtin_interfaces.msg.Time(sec=1709204099, nanosec=342232227)",120.0,Handcrafted_LabStudy,1,1,"-11.0,-0.0,0.5","-0.0,0.0,-0.0,-1.0","12.0,-0.0,0.0","-0.0,0.0,-0.0,-1.0",23.0,23.0,21.85747528076172,0,0,0,0,0,0,0,1.8300938214617804e-26,0.0,2.0,0.0,5.730374509036663e+21,0.0,
0,navstack-1709204094664,navstack,frontal,HandCrafted,,,1709204102,582232236,"builtin_interfaces.msg.Time(sec=1709204099, nanosec=342232227)",120.0,Handcrafted_LabStudy,1,1,"-11.0,-0.0,0.5","-0.0,0.0,-0.0,-1.0","12.0,-0.0,0.0","-0.0,0.0,-0.0,-1.0",23.0,23.0,21.85747528076172,0,0,0,0,0,0,0,1.8300938214617804e-26,0.0,2.0,0.0,5.73153724131463e+21,3.725290298461914e-05,
0,navstack-1709204094664,navstack,frontal,HandCrafted,,,1709204102,582232236,"builtin_interfaces.msg.Time(sec=1709204099, nanosec=342232227)",120.0,Handcrafted_LabStudy,1,1,"-11.0,-0.0,0.5","-0.0,0.0,-0.0,-1.0","12.0,-0.0,0.0","-0.0,0.0,-0.0,-1.0",23.0,23.0,21.85747528076172,0,0,0,0,0,0,0,1.8300938214617804e-26,0.0,2.0,0.0,5.73153724131463e+21,3.725290298461914e-05,
0,navstack-1709204094664,navstack,frontal,HandCrafted,,,1709204102,602232217,"builtin_interfaces.msg.Time(sec=1709204099, nanosec=342232227)",120.0,Handcrafted_LabStudy,1,1,"-11.0,-0.0,0.5","-0.0,0.0,-0.0,-1.0","12.0,-0.0,0.0","-0.0,0.0,-0.0,-1.0",23.0,23.0,21.85747528076172,0,0,0,0,0,0,0,1.8300938214617804e-26,0.0,2.0,0.0,5.733426458348748e+21,3.725290298461914e-05,
0,navstack-1709204094664,navstack,frontal,HandCrafted,,,1709204102,602232217,"builtin_interfaces.msg.Time(sec=1709204099, nanosec=342232227)",120.0,Handcrafted_LabStudy,1,1,"-11.0,-0.0,0.5","-0.0,0.0,-0.0,-1.0","12.0,-0.0,0.0","-0.0,0.0,-0.0,-1.0",23.0,23.0,21.85747528076172,0,0,0,0,0,0,0,1.8300938214617804e-26,0.0,2.0,0.0,5.733426458348748e+21,3.725290298461914e-05,
0,navstack-1709204094664,navstack,frontal,HandCrafted,,,1709204102,602232217,"builtin_interfaces.msg.Time(sec=1709204099, nanosec=342232227)",120.0,Handcrafted_LabStudy,1,1,"-11.0,-0.0,0.5","-0.0,0.0,-0.0,-1.0","12.0,-0.0,0.0","-0.0,0.0,-0.0,-1.0",23.0,23.0,21.85747528076172,0,0,0,0,0,0,0,1.8300938214617804e-26,0.0,2.0,0.0,5.735581157823847e+21,0.0,
0,navstack-1709204094664,navstack,frontal,HandCrafted,,,1709204102,622232198,"builtin_interfaces.msg.Time(sec=1709204099, nanosec=342232227)",120.0,Handcrafted_LabStudy,1,1,"-11.0,-0.0,0.5","-0.0,0.0,-0.0,-1.0","12.0,-0.0,0.0","-0.0,0.0,-0.0,-1.0",23.0,23.0,21.85747528076172,0,0,0,0,0,0,0,1.8300938214617804e-26,0.0,2.0,0.0,5.736726443789554e+21,3.725290298461914e-05,
0,navstack-1709204094664,navstack,frontal,HandCrafted,,,1709204102,622232198,"builtin_interfaces.msg.Time(sec=1709204099, nanosec=342232227)",120.0,Handcrafted_LabStudy,1,1,"-11.0,-0.0,0.5","-0.0,0.0,-0.0,-1.0","12.0,-0.0,0.0","-0.0,0.0,-0.0,-1.0",23.0,23.0,21.85747528076172,0,0,0,0,0,0,0,1.8300938214617804e-26,0.0,2.0,0.0,5.736726443789554e+21,3.725290298461914e-05,
0,navstack-1709204094664,navstack,frontal,HandCrafted,,,1709204102,642232179,"builtin_interfaces.msg.Time(sec=1709204099, nanosec=342232227)",120.0,Handcrafted_LabStudy,1,1,"-11.0,-0.0,0.5","-0.0,0.0,-0.0,-1.0","12.0,-0.0,0.0","-0.0,0.0,-0.0,-1.0",23.0,23.0,21.85747528076172,0,0,0,0,0,0,0,1.8300938214617804e-26,0.0,2.0,0.0,5.738533222670663e+21,3.725290298461914e-05,
0,navstack-1709204094664,navstack,frontal,HandCrafted,,,1709204102,642232179,"builtin_interfaces.msg.Time(sec=1709204099, nanosec=342232227)",120.0,Handcrafted_LabStudy,1,1,"-11.0,-0.0,0.5","-0.0,0.0,-0.0,-1.0","12.0,-0.0,0.0","-0.0,0.0,-0.0,-1.0",23.0,23.0,21.85747528076172,0,0,0,0,0,0,0,1.8300938214617804e-26,0.0,2.0,0.0,5.739838220050803e+21,3.725290298461914e-05,
0,navstack-1709204094664,navstack,frontal,HandCrafted,,,1709204102,662232160,"builtin_interfaces.msg.Time(sec=1709204099, nanosec=342232227)",120.0,Handcrafted_LabStudy,1,1,"-11.0,-0.0,0.5","-0.0,0.0,-0.0,-1.0","12.0,-0.0,0.0","-0.0,0.0,-0.0,-1.0",23.0,23.0,21.85747528076172,0,0,0,0,0,0,0,1.8300938214617804e-26,0.0,2.0,0.0,5.740862824089417e+21,3.725290298461914e-05,
0,navstack-1709204094664,navstack,frontal,HandCrafted,,,1709204102,662232160,"builtin_interfaces.msg.Time(sec=1709204099, nanosec=342232227)",120.0,Handcrafted_LabStudy,1,1,"-11.0,-0.0,0.5","-0.0,0.0,-0.0,-1.0","12.0,-0.0,0.0","-0.0,0.0,-0.0,-1.0",23.0,23.0,21.85747528076172,0,0,0,0,0,0,0,1.8300938214617804e-26,0.0,2.0,0.0,5.740862824089417e+21,3.725290298461914e-05,
0,navstack-1709204094664,navstack,frontal,HandCrafted,,,1709204102,662232160,"builtin_interfaces.msg.Time(sec=1709204099, nanosec=342232227)",120.0,Handcrafted_LabStudy,1,1,"-11.0,-0.0,0.5","-0.0,0.0,-0.0,-1.0","12.0,-0.0,0.0","-0.0,0.0,-0.0,-1.0",23.0,23.0,21.85747528076172,0,0,0,0,0,0,0,1.8300938214617804e-26,0.0,2.0,0.0,5.742763924040351e+21,0.0,
0,navstack-1709204094664,navstack,frontal,HandCrafted,,,1709204102,682232141,"builtin_interfaces.msg.Time(sec=1709204099, nanosec=342232227)",120.0,Handcrafted_LabStudy,1,1,"-11.0,-0.0,0.5","-0.0,0.0,-0.0,-1.0","12.0,-0.0,0.0","-0.0,0.0,-0.0,-1.0",23.0,23.0,21.85747528076172,0,0,0,0,0,0,0,1.8300938214617804e-26,0.0,2.0,0.0,5.744629253682844e+21,3.725290298461914e-05,
0,navstack-1709204094664,navstack,frontal,HandCrafted,,,1709204102,682232141,"builtin_interfaces.msg.Time(sec=1709204099, nanosec=342232227)",120.0,Handcrafted_LabStudy,1,1,"-11.0,-0.0,0.5","-0.0,0.0,-0.0,-1.0","12.0,-0.0,0.0","-0.0,0.0,-0.0,-1.0",23.0,23.0,21.85747528076172,0,0,0,0,0,0,0,1.8300938214617804e-26,0.0,2.0,0.0,5.746015321673493e+21,3.725290298461914e-05,
0,navstack-1709204094664,navstack,frontal,HandCrafted,,,1709204102,702232122,"builtin_interfaces.msg.Time(sec=1709204099, nanosec=342232227)",120.0,Handcrafted_LabStudy,1,1,"-11.0,-0.0,0.5","-0.0,0.0,-0.0,-1.0","12.0,-0.0,0.0","-0.0,0.0,-0.0,-1.0",23.0,23.0,21.85747528076172,0,0,0,0,0,0,0,1.8300938214617804e-26,0.0,2.0,0.0,5.745353907636695e+21,3.725290298461914e-05,
0,navstack-1709204094664,navstack,frontal,HandCrafted,,,1709204102,702232122,"builtin_interfaces.msg.Time(sec=1709204099, nanosec=342232227)",120.0,Handcrafted_LabStudy,1,1,"-11.0,-0.0,0.5","-0.0,0.0,-0.0,-1.0","12.0,-0.0,0.0","-0.0,0.0,-0.0,-1.0",23.0,23.0,21.85747528076172,0,0,0,0,0,0,0,1.8300938214617804e-26,0.0,2.0,0.0,5.747348044504983e+21,3.725290298461914e-05,
0,navstack-1709204094664,navstack,frontal,HandCrafted,,,1709204102,702232122,"builtin_interfaces.msg.Time(sec=1709204099, nanosec=342232227)",120.0,Handcrafted_LabStudy,1,1,"-11.0,-0.0,0.5","-0.0,0.0,-0.0,-1.0","12.0,-0.0,0.0","-0.0,0.0,-0.0,-1.0",23.0,23.0,21.85747528076172,0,0,0,0,0,0,0,1.8300938214617804e-26,0.0,2.0,0.0,5.747348044504983e+21,0.0,
0,navstack-1709204094664,navstack,frontal,HandCrafted,,,1709204102,722231864,"builtin_interfaces.msg.Time(sec=1709204099, nanosec=342232227)",120.0,Handcrafted_LabStudy,1,1,"-11.0,-0.0,0.5","-0.0,0.0,-0.0,-1.0","12.0,-0.0,0.0","-0.0,0.0,-0.0,-1.0",23.0,23.0,21.85747528076172,0,0,0,0,0,0,0,1.8300938214617804e-26,0.0,2.0,0.0,5.749201362459501e+21,3.725290298461914e-05,
0,navstack-1709204094664,navstack,frontal,HandCrafted,,,1709204102,722231864,"builtin_interfaces.msg.Time(sec=1709204099, nanosec=342232227)",120.0,Handcrafted_LabStudy,1,1,"-11.0,-0.0,0.5","-0.0,0.0,-0.0,-1.0","12.0,-0.0,0.0","-0.0,0.0,-0.0,-1.0",23.0,23.0,21.85747528076172,0,0,0,0,0,0,0,1.8300938214617804e-26,0.0,2.0,0.0,5.749201362459501e+21,3.725290298461914e-05,
0,navstack-1709204094664,navstack,frontal,HandCrafted,,,1709204102,742231845,"builtin_interfaces.msg.Time(sec=1709204099, nanosec=342232227)",120.0,Handcrafted_LabStudy,1,1,"-11.0,-0.0,0.5","-0.0,0.0,-0.0,-1.0","12.0,-0.0,0.0","-0.0,0.0,-0.0,-1.0",23.0,23.0,21.85747528076172,0,0,0,0,0,0,0,1.8300938214617804e-26,0.0,2.0,0.0,5.751019582265567e+21,3.725290298461914e-05,
0,navstack-1709204094664,navstack,frontal,HandCrafted,,,1709204102,742231845,"builtin_interfaces.msg.Time(sec=1709204099, nanosec=342232227)",120.0,Handcrafted_LabStudy,1,1,"-11.0,-0.0,0.5","-0.0,0.0,-0.0,-1.0","12.0,-0.0,0.0","-0.0,0.0,-0.0,-1.0",23.0,23.0,21.85747528076172,0,0,0,0,0,0,0,1.8300938214617804e-26,0.0,2.0,0.0,5.752504068373349e+21,3.725290298461914e-05,
0,navstack-1709204094664,navstack,frontal,HandCrafted,,,1709204102,762231826,"builtin_interfaces.msg.Time(sec=1709204099, nanosec=342232227)",120.0,Handcrafted_LabStudy,1,1,"-11.0,-0.0,0.5","-0.0,0.0,-0.0,-1.0","12.0,-0.0,0.0","-0.0,0.0,-0.0,-1.0",23.0,23.0,21.85747528076172,0,0,0,0,0,0,0,1.8300938214617804e-26,0.0,2.0,0.0,5.752582383194835e+21,3.725290298461914e-05,
0,navstack-1709204094664,navstack,frontal,HandCrafted,,,1709204102,782232046,"builtin_interfaces.msg.Time(sec=1709204099, nanosec=342232227)",120.0,Handcrafted_LabStudy,1,1,"-11.0,-0.0,0.5","-0.0,0.0,-0.0,-1.0","12.0,-0.0,0.0","-0.0,0.0,-0.0,-1.0",23.0,23.0,21.85747528076172,0,0,0,0,0,0,0,1.8300938214617804e-26,0.0,2.0,0.0,5.754586453494129e+21,7.450580596923828e-05,
0,navstack-1709204094664,navstack,frontal,HandCrafted,,,1709204102,802232265,"builtin_interfaces.msg.Time(sec=1709204099, nanosec=342232227)",120.0,Handcrafted_LabStudy,1,1,"-11.0,-0.0,0.5","-0.0,0.0,-0.0,-1.0","12.0,-0.0,0.0","-0.0,0.0,-0.0,-1.0",23.0,23.0,21.85747528076172,0,0,0,0,0,0,0,1.8300938214617804e-26,0.0,2.0,0.0,5.757591657542087e+21,7.450580596923828e-05,
0,navstack-1709204094664,navstack,frontal,HandCrafted,,,1709204102,802232265,"builtin_interfaces.msg.Time(sec=1709204099, nanosec=342232227)",120.0,Handcrafted_LabStudy,1,1,"-11.0,-0.0,0.5","-0.0,0.0,-0.0,-1.0","12.0,-0.0,0.0","-0.0,0.0,-0.0,-1.0",23.0,23.0,21.85747528076172,0,0,0,0,0,0,0,1.8300938214617804e-26,0.0,2.0,0.0,5.760338480336982e+21,3.725290298461914e-05,
0,navstack-1709204094664,navstack,frontal,HandCrafted,,,1709204102,822232246,"builtin_interfaces.msg.Time(sec=1709204099, nanosec=342232227)",120.0,Handcrafted_LabStudy,1,1,"-11.0,-0.0,0.5","-0.0,0.0,-0.0,-1.0","12.0,-0.0,0.0","-0.0,0.0,-0.0,-1.0",23.0,23.0,21.85747528076172,0,0,0,0,0,0,0,1.8300938214617804e-26,0.0,2.0,0.0,5.761389778075647e+21,3.725290298461914e-05,
0,navstack-1709204094664,navstack,frontal,HandCrafted,,,1709204102,822232246,"builtin_interfaces.msg.Time(sec=1709204099, nanosec=342232227)",120.0,Handcrafted_LabStudy,1,1,"-11.0,-0.0,0.5","-0.0,0.0,-0.0,-1.0","12.0,-0.0,0.0","-0.0,0.0,-0.0,-1.0",23.0,23.0,21.85747528076172,0,0,0,0,0,0,0,1.8300938214617804e-26,0.0,2.0,0.0,5.761389778075647e+21,3.725290298461914e-05,
0,navstack-1709204094664,navstack,frontal,HandCrafted,,,1709204102,822232246,"builtin_interfaces.msg.Time(sec=1709204099, nanosec=342232227)",120.0,Handcrafted_LabStudy,1,1,"-11.0,-0.0,0.5","-0.0,0.0,-0.0,-1.0","12.0,-0.0,0.0","-0.0,0.0,-0.0,-1.0",23.0,23.0,21.85747528076172,0,0,0,0,0,0,0,1.8300938214617804e-26,0.0,2.0,0.0,5.7637157010095e+21,0.0,
0,navstack-1709204094664,navstack,frontal,HandCrafted,,,1709204102,842232227,"builtin_interfaces.msg.Time(sec=1709204099, nanosec=342232227)",120.0,Handcrafted_LabStudy,1,1,"-11.0,-0.0,0.5","-0.0,0.0,-0.0,-1.0","12.0,-0.0,0.0","-0.0,0.0,-0.0,-1.0",23.0,23.0,21.85747528076172,0,0,0,0,0,0,0,1.8300938214617804e-26,0.0,2.0,0.0,5.765643987379175e+21,3.725290298461914e-05,
0,navstack-1709204094664,navstack,frontal,HandCrafted,,,1709204102,862232208,"builtin_interfaces.msg.Time(sec=1709204099, nanosec=342232227)",120.0,Handcrafted_LabStudy,1,1,"-11.0,-0.0,0.5","-0.0,0.0,-0.0,-1.0","12.0,-0.0,0.0","-0.0,0.0,-0.0,-1.0",23.0,23.0,21.85747528076172,0,0,0,0,0,0,0,1.8300938214617804e-26,0.0,2.0,0.0,5.765077050020785e+21,7.450580596923828e-05,
0,navstack-1709204094664,navstack,frontal,HandCrafted,,,1709204102,862232208,"builtin_interfaces.msg.Time(sec=1709204099, nanosec=342232227)",120.0,Handcrafted_LabStudy,1,1,"-11.0,-0.0,0.5","-0.0,0.0,-0.0,-1.0","12.0,-0.0,0.0","-0.0,0.0,-0.0,-1.0",23.0,23.0,21.85747528076172,0,0,0,0,0,0,0,1.8300938214617804e-26,0.0,2.0,0.0,5.767492589397088e+21,3.725290298461914e-05,
0,navstack-1709204094664,navstack,frontal,HandCrafted,,,1709204102,882232189,"builtin_interfaces.msg.Time(sec=1709204099, nanosec=342232227)",120.0,Handcrafted_LabStudy,1,1,"-11.0,-0.0,0.5","-0.0,0.0,-0.0,-1.0","12.0,-0.0,0.0","-0.0,0.0,-0.0,-1.0",23.0,23.0,21.85747528076172,0,0,0,0,0,0,0,1.8300938214617804e-26,0.0,2.0,0.0,5.767411121446227e+21,3.725290298461914e-05,
0,navstack-1709204094664,navstack,frontal,HandCrafted,,,1709204102,882232189,"builtin_interfaces.msg.Time(sec=1709204099, nanosec=342232227)",120.0,Handcrafted_LabStudy,1,1,"-11.0,-0.0,0.5","-0.0,0.0,-0.0,-1.0","12.0,-0.0,0.0","-0.0,0.0,-0.0,-1.0",23.0,23.0,21.85747528076172,0,0,0,0,0,0,0,1.8300938214617804e-26,0.0,2.0,0.0,5.769876078489814e+21,3.725290298461914e-05,
0,navstack-1709204094664,navstack,frontal,HandCrafted,,,1709204102,902232170,"builtin_interfaces.msg.Time(sec=1709204099, nanosec=342232227)",120.0,Handcrafted_LabStudy,1,1,"-11.0,-0.0,0.5","-0.0,0.0,-0.0,-1.0","12.0,-0.0,0.0","-0.0,0.0,-0.0,-1.0",23.0,23.0,21.85747528076172,0,0,0,0,0,0,0,1.8300938214617804e-26,0.0,2.0,0.0,5.771829067478762e+21,3.725290298461914e-05,
0,navstack-1709204094664,navstack,frontal,HandCrafted,,,1709204102,902232170,"builtin_interfaces.msg.Time(sec=1709204099, nanosec=342232227)",120.0,Handcrafted_LabStudy,1,1,"-11.0,-0.0,0.5","-0.0,0.0,-0.0,-1.0","12.0,-0.0,0.0","-0.0,0.0,-0.0,-1.0",23.0,23.0,21.85747528076172,0,0,0,0,0,0,0,1.8300938214617804e-26,0.0,2.0,0.0,5.773641235082225e+21,3.725290298461914e-05,
0,navstack-1709204094664,navstack,frontal,HandCrafted,,,1709204102,922232151,"builtin_interfaces.msg.Time(sec=1709204099, nanosec=342232227)",120.0,Handcrafted_LabStudy,1,1,"-11.0,-0.0,0.5","-0.0,0.0,-0.0,-1.0","12.0,-0.0,0.0","-0.0,0.0,-0.0,-1.0",23.0,23.0,21.85747528076172,0,0,0,0,0,0,0,1.8300938214617804e-26,0.0,2.0,0.0,5.77577405092189e+21,3.725290298461914e-05,
0,navstack-1709204094664,navstack,frontal,HandCrafted,,,1709204102,942232131,"builtin_interfaces.msg.Time(sec=1709204099, nanosec=342232227)",120.0,Handcrafted_LabStudy,1,1,"-11.0,-0.0,0.5","-0.0,0.0,-0.0,-1.0","12.0,-0.0,0.0","-0.0,0.0,-0.0,-1.0",23.0,23.0,21.85747528076172,0,0,0,0,0,0,0,1.8300938214617804e-26,0.0,2.0,0.0,5.777292249993394e+21,7.450580596923828e-05,
0,navstack-1709204094664,navstack,frontal,HandCrafted,,,1709204102,942232131,"builtin_interfaces.msg.Time(sec=1709204099, nanosec=342232227)",120.0,Handcrafted_LabStudy,1,1,"-11.0,-0.0,0.5","-0.0,0.0,-0.0,-1.0","12.0,-0.0,0.0","-0.0,0.0,-0.0,-1.0",23.0,23.0,21.85747528076172,0,0,0,0,0,0,0,1.8300938214617804e-26,0.0,2.0,0.0,5.779193349944328e+21,3.725290298461914e-05,
0,navstack-1709204094664,navstack,frontal,HandCrafted,,,1709204102,942232131,"builtin_interfaces.msg.Time(sec=1709204099, nanosec=342232227)",120.0,Handcrafted_LabStudy,1,1,"-11.0,-0.0,0.5","-0.0,0.0,-0.0,-1.0","12.0,-0.0,0.0","-0.0,0.0,-0.0,-1.0",23.0,23.0,21.85747528076172,0,0,0,0,0,0,0,1.8300938214617804e-26,0.0,2.0,0.0,5.779193349944328e+21,0.0,
0,navstack-1709204094664,navstack,frontal,HandCrafted,,,1709204102,962232112,"builtin_interfaces.msg.Time(sec=1709204099, nanosec=342232227)",120.0,Handcrafted_LabStudy,1,1,"-11.0,-0.0,0.5","-0.0,0.0,-0.0,-1.0","12.0,-0.0,0.0","-0.0,0.0,-0.0,-1.0",23.0,23.0,21.85747528076172,0,0,0,0,0,0,0,1.8300938214617804e-26,0.0,2.0,0.0,5.78162618596237e+21,3.725290298461914e-05,
0,navstack-1709204094664,navstack,frontal,HandCrafted,,,1709204102,962232112,"builtin_interfaces.msg.Time(sec=1709204099, nanosec=342232227)",120.0,Handcrafted_LabStudy,1,1,"-11.0,-0.0,0.5","-0.0,0.0,-0.0,-1.0","12.0,-0.0,0.0","-0.0,0.0,-0.0,-1.0",23.0,23.0,21.85747528076172,0,0,0,0,0,0,0,1.8300938214617804e-26,0.0,2.0,0.0,5.78359103653944e+21,3.725290298461914e-05,
0,navstack-1709204094664,navstack,frontal,HandCrafted,,,1709204102,982231855,"builtin_interfaces.msg.Time(sec=1709204099, nanosec=342232227)",120.0,Handcrafted_LabStudy,1,1,"-11.0,-0.0,0.5","-0.0,0.0,-0.0,-1.0","12.0,-0.0,0.0","-0.0,0.0,-0.0,-1.0",23.0,23.0,21.85747528076172,0,0,0,0,0,0,0,1.8300938214617804e-26,0.0,2.0,0.0,5.782982552041567e+21,3.725290298461914e-05,
0,navstack-1709204094664,navstack,frontal,HandCrafted,,,1709204102,982231855,"builtin_interfaces.msg.Time(sec=1709204099, nanosec=342232227)",120.0,Handcrafted_LabStudy,1,1,"-11.0,-0.0,0.5","-0.0,0.0,-0.0,-1.0","12.0,-0.0,0.0","-0.0,0.0,-0.0,-1.0",23.0,23.0,21.85747528076172,0,0,0,0,0,0,0,1.8300938214617804e-26,0.0,2.0,0.0,5.782982552041567e+21,3.725290298461914e-05,
0,navstack-1709204094664,navstack,frontal,HandCrafted,,,1709204103,2231836,"builtin_interfaces.msg.Time(sec=1709204099, nanosec=342232227)",120.0,Handcrafted_LabStudy,1,1,"-11.0,-0.0,0.5","-0.0,0.0,-0.0,-1.0","12.0,-0.0,0.0","-0.0,0.0,-0.0,-1.0",23.0,23.0,21.85747528076172,0,0,0,0,0,0,0,1.8300938214617804e-26,0.0,2.0,0.0,5.787691088596676e+21,3.725290298461914e-05,
0,navstack-1709204094664,navstack,frontal,HandCrafted,,,1709204103,2231836,"builtin_interfaces.msg.Time(sec=1709204099, nanosec=342232227)",120.0,Handcrafted_LabStudy,1,1,"-11.0,-0.0,0.5","-0.0,0.0,-0.0,-1.0","12.0,-0.0,0.0","-0.0,0.0,-0.0,-1.0",23.0,23.0,21.85747528076172,0,0,0,0,0,0,0,1.8300938214617804e-26,0.0,2.0,0.0,5.789755139498842e+21,3.725290298461914e-05,
0,navstack-1709204094664,navstack,frontal,HandCrafted,,,1709204103,22231817,"builtin_interfaces.msg.Time(sec=1709204099, nanosec=342232227)",120.0,Handcrafted_LabStudy,1,1,"-11.0,-0.0,0.5","-0.0,0.0,-0.0,-1.0","12.0,-0.0,0.0","-0.0,0.0,-0.0,-1.0",23.0,23.0,21.85747528076172,0,0,0,0,0,0,0,1.8300938214617804e-26,0.0,2.0,0.0,5.791572048617288e+21,3.725290298461914e-05,
0,navstack-1709204094664,navstack,frontal,HandCrafted,,,1709204103,22231817,"builtin_interfaces.msg.Time(sec=1709204099, nanosec=342232227)",120.0,Handcrafted_LabStudy,1,1,"-11.0,-0.0,0.5","-0.0,0.0,-0.0,-1.0","12.0,-0.0,0.0","-0.0,0.0,-0.0,-1.0",23.0,23.0,21.85747528076172,0,0,0,0,0,0,0,1.8300938214617804e-26,0.0,2.0,0.0,5.791572048617288e+21,3.725290298461914e-05,
0,navstack-1709204094664,navstack,frontal,HandCrafted,,,1709204103,42232036,"builtin_interfaces.msg.Time(sec=1709204099, nanosec=342232227)",120.0,Handcrafted_LabStudy,1,1,"-11.0,-0.0,0.5","-0.0,0.0,-0.0,-1.0","12.0,-0.0,0.0","-0.0,0.0,-0.0,-1.0",23.0,23.0,21.85747528076172,0,0,0,0,0,0,0,1.8300938214617804e-26,0.0,2.0,0.0,5.794238310053e+21,3.725290298461914e-05,
0,navstack-1709204094664,navstack,frontal,HandCrafted,,,1709204103,42232036,"builtin_interfaces.msg.Time(sec=1709204099, nanosec=342232227)",120.0,Handcrafted_LabStudy,1,1,"-11.0,-0.0,0.5","-0.0,0.0,-0.0,-1.0","12.0,-0.0,0.0","-0.0,0.0,-0.0,-1.0",23.0,23.0,21.85747528076172,0,0,0,0,0,0,0,1.8300938214617804e-26,0.0,2.0,0.0,5.796413875803376e+21,3.725290298461914e-05,
0,navstack-1709204094664,navstack,frontal,HandCrafted,,,1709204103,42232036,"builtin_interfaces.msg.Time(sec=1709204099, nanosec=342232227)",120.0,Handcrafted_LabStudy,1,1,"-11.0,-0.0,0.5","-0.0,0.0,-0.0,-1.0","12.0,-0.0,0.0","-0.0,0.0,-0.0,-1.0",23.0,23.0,21.85747528076172,0,0,0,0,0,0,0,1.8300938214617804e-26,0.0,2.0,0.0,5.798625016842754e+21,0.0,
0,navstack-1709204094664,navstack,frontal,HandCrafted,,,1709204103,62232255,"builtin_interfaces.msg.Time(sec=1709204099, nanosec=342232227)",120.0,Handcrafted_LabStudy,1,1,"-11.0,-0.0,0.5","-0.0,0.0,-0.0,-1.0","12.0,-0.0,0.0","-0.0,0.0,-0.0,-1.0",23.0,23.0,21.85747528076172,0,0,0,0,0,0,0,1.8300938214617804e-26,0.0,2.0,0.0,5.798158515089973e+21,3.725290298461914e-05,
0,navstack-1709204094664,navstack,frontal,HandCrafted,,,1709204103,62232255,"builtin_interfaces.msg.Time(sec=1709204099, nanosec=342232227)",120.0,Handcrafted_LabStudy,1,1,"-11.0,-0.0,0.5","-0.0,0.0,-0.0,-1.0","12.0,-0.0,0.0","-0.0,0.0,-0.0,-1.0",23.0,23.0,21.85747528076172,0,0,0,0,0,0,0,1.8300938214617804e-26,0.0,2.0,0.0,5.798158515089973e+21,3.725290298461914e-05,
0,navstack-1709204094664,navstack,frontal,HandCrafted,,,1709204103,82232236,"builtin_interfaces.msg.Time(sec=1709204099, nanosec=342232227)",120.0,Handcrafted_LabStudy,1,1,"-11.0,-0.0,0.5","-0.0,0.0,-0.0,-1.0","12.0,-0.0,0.0","-0.0,0.0,-0.0,-1.0",23.0,23.0,21.85747528076172,0,0,0,0,0,0,0,1.8300938214617804e-26,0.0,2.0,0.0,5.801039347513534e+21,3.725290298461914e-05,
0,navstack-1709204094664,navstack,frontal,HandCrafted,,,1709204103,102232217,"builtin_interfaces.msg.Time(sec=1709204099, nanosec=342232227)",120.0,Handcrafted_LabStudy,1,1,"-11.0,-0.0,0.5","-0.0,0.0,-0.0,-1.0","12.0,-0.0,0.0","-0.0,0.0,-0.0,-1.0",23.0,23.0,21.85747528076172,0,0,0,0,0,0,0,1.8300938214617804e-26,0.0,2.0,0.0,5.804840070764956e+21,7.450580596923828e-05,
0,navstack-1709204094664,navstack,frontal,HandCrafted,,,1709204103,122232198,"builtin_interfaces.msg.Time(sec=1709204099, nanosec=342232227)",120.0,Handcrafted_LabStudy,1,1,"-11.0,-0.0,0.5","-0.0,0.0,-0.0,-1.0","12.0,-0.0,0.0","-0.0,0.0,-0.0,-1.0",23.0,23.0,21.85747528076172,0,0,0,0,0,0,0,1.8300938214617804e-26,0.0,2.0,0.0,5.807787022040568e+21,7.450580596923828e-05,
0,navstack-1709204094664,navstack,frontal,HandCrafted,,,1709204103,142232179,"builtin_interfaces.msg.Time(sec=1709204099, nanosec=342232227)",120.0,Handcrafted_LabStudy,1,1,"-11.0,-0.0,0.5","-0.0,0.0,-0.0,-1.0","12.0,-0.0,0.0","-0.0,0.0,-0.0,-1.0",23.0,23.0,21.85747528076172,0,0,0,0,0,0,0,1.8300938214617804e-26,0.0,2.0,0.0,5.811092014792156e+21,7.450580596923828e-05,
0,navstack-1709204094664,navstack,frontal,HandCrafted,,,1709204103,162232160,"builtin_interfaces.msg.Time(sec=1709204099, nanosec=342232227)",120.0,Handcrafted_LabStudy,1,1,"-11.0,-0.0,0.5","-0.0,0.0,-0.0,-1.0","12.0,-0.0,0.0","-0.0,0.0,-0.0,-1.0",23.0,23.0,21.85747528076172,0,0,0,0,0,0,0,1.8300938214617804e-26,0.0,2.0,0.0,5.81517710419012e+21,7.450580596923828e-05,
0,navstack-1709204094664,navstack,frontal,HandCrafted,,,1709204103,182232141,"builtin_interfaces.msg.Time(sec=1709204099, nanosec=342232227)",120.0,Handcrafted_LabStudy,1,1,"-11.0,-0.0,0.5","-0.0,0.0,-0.0,-1.0","12.0,-0.0,0.0","-0.0,0.0,-0.0,-1.0",23.0,23.0,21.85747528076172,0,0,0,0,0,0,0,1.8300938214617804e-26,0.0,2.0,0.0,5.820220578212546e+21,7.450580596923828e-05,
0,navstack-1709204094664,navstack,frontal,HandCrafted,,,1709204103,202232122,"builtin_interfaces.msg.Time(sec=1709204099, nanosec=342232227)",120.0,Handcrafted_LabStudy,1,1,"-11.0,-0.0,0.5","-0.0,0.0,-0.0,-1.0","12.0,-0.0,0.0","-0.0,0.0,-0.0,-1.0",23.0,23.0,21.85747528076172,0,0,0,0,0,0,0,1.8300938214617804e-26,0.0,2.0,0.0,5.823520193600764e+21,7.450580596923828e-05,
0,navstack-1709204094664,navstack,frontal,HandCrafted,,,1709204103,222231864,"builtin_interfaces.msg.Time(sec=1709204099, nanosec=342232227)",120.0,Handcrafted_LabStudy,1,1,"-11.0,-0.0,0.5","-0.0,0.0,-0.0,-1.0","12.0,-0.0,0.0","-0.0,0.0,-0.0,-1.0",23.0,23.0,21.85747528076172,0,0,0,0,0,0,0,1.8300938214617804e-26,0.0,2.0,0.0,5.829520165378073e+21,7.450580596923828e-05,
0,navstack-1709204094664,navstack,frontal,HandCrafted,,,1709204103,222231864,"builtin_interfaces.msg.Time(sec=1709204099, nanosec=342232227)",120.0,Handcrafted_LabStudy,1,1,"-11.0,-0.0,0.5","-0.0,0.0,-0.0,-1.0","12.0,-0.0,0.0","-0.0,0.0,-0.0,-1.0",23.0,23.0,21.85747528076172,0,0,0,0,0,0,0,1.8300938214617804e-26,0.0,2.0,0.0,5.832333163938074e+21,3.725290298461914e-05,
0,navstack-1709204094664,navstack,frontal,HandCrafted,,,1709204103,242231845,"builtin_interfaces.msg.Time(sec=1709204099, nanosec=342232227)",120.0,Handcrafted_LabStudy,1,1,"-11.0,-0.0,0.5","-0.0,0.0,-0.0,-1.0","12.0,-0.0,0.0","-0.0,0.0,-0.0,-1.0",23.0,23.0,21.85747528076172,0,0,0,0,0,0,0,1.8300938214617804e-26,0.0,2.0,0.0,5.835898341752202e+21,3.725290298461914e-05,
0,navstack-1709204094664,navstack,frontal,HandCrafted,,,1709204103,242231845,"builtin_interfaces.msg.Time(sec=1709204099, nanosec=342232227)",120.0,Handcrafted_LabStudy,1,1,"-11.0,-0.0,0.5","-0.0,0.0,-0.0,-1.0","12.0,-0.0,0.0","-0.0,0.0,-0.0,-1.0",23.0,23.0,21.85747528076172,0,0,0,0,0,0,0,1.8300938214617804e-26,0.0,2.0,0.0,5.83882167271175e+21,3.725290298461914e-05,
0,navstack-1709204094664,navstack,frontal,HandCrafted,,,1709204103,262231826,"builtin_interfaces.msg.Time(sec=1709204099, nanosec=342232227)",120.0,Handcrafted_LabStudy,1,1,"-11.0,-0.0,0.5","-0.0,0.0,-0.0,-1.0","12.0,-0.0,0.0","-0.0,0.0,-0.0,-1.0",23.0,23.0,21.85747528076172,0,0,0,0,0,0,0,1.8300938214617804e-26,0.0,2.0,0.0,5.838628890044028e+21,3.725290298461914e-05,
0,navstack-1709204094664,navstack,frontal,HandCrafted,,,1709204103,262231826,"builtin_interfaces.msg.Time(sec=1709204099, nanosec=342232227)",120.0,Handcrafted_LabStudy,1,1,"-11.0,-0.0,0.5","-0.0,0.0,-0.0,-1.0","12.0,-0.0,0.0","-0.0,0.0,-0.0,-1.0",23.0,23.0,21.85747528076172,0,0,0,0,0,0,0,1.8300938214617804e-26,0.0,2.0,0.0,5.841614964634107e+21,3.725290298461914e-05,
0,navstack-1709204094664,navstack,frontal,HandCrafted,,,1709204103,282232046,"builtin_interfaces.msg.Time(sec=1709204099, nanosec=342232227)",120.0,Handcrafted_LabStudy,1,1,"-11.0,-0.0,0.5","-0.0,0.0,-0.0,-1.0","12.0,-0.0,0.0","-0.0,0.0,-0.0,-1.0",23.0,23.0,21.85747528076172,0,0,0,0,0,0,0,1.8300938214617804e-26,0.0,2.0,0.0,5.845310742253361e+21,3.725290298461914e-05,
0,navstack-1709204094664,navstack,frontal,HandCrafted,,,1709204103,282232046,"builtin_interfaces.msg.Time(sec=1709204099, nanosec=342232227)",120.0,Handcrafted_LabStudy,1,1,"-11.0,-0.0,0.5","-0.0,0.0,-0.0,-1.0","12.0,-0.0,0.0","-0.0,0.0,-0.0,-1.0",23.0,23.0,21.85747528076172,0,0,0,0,0,0,0,1.8300938214617804e-26,0.0,2.0,0.0,5.845310742253361e+21,3.725290298461914e-05,
0,navstack-1709204094664,navstack,frontal,HandCrafted,,,1709204103,282232046,"builtin_interfaces.msg.Time(sec=1709204099, nanosec=342232227)",120.0,Handcrafted_LabStudy,1,1,"-11.0,-0.0,0.5","-0.0,0.0,-0.0,-1.0","12.0,-0.0,0.0","-0.0,0.0,-0.0,-1.0",23.0,23.0,21.85747528076172,0,0,0,0,0,0,0,1.8300938214617804e-26,0.0,2.0,0.0,5.84841673863912e+21,0.0,
0,navstack-1709204094664,navstack,frontal,HandCrafted,,,1709204103,302232027,"builtin_interfaces.msg.Time(sec=1709204099, nanosec=342232227)",120.0,Handcrafted_LabStudy,1,1,"-11.0,-0.0,0.5","-0.0,0.0,-0.0,-1.0","12.0,-0.0,0.0","-0.0,0.0,-0.0,-1.0",23.0,23.0,21.85747528076172,0,0,0,0,0,0,0,1.8300938214617804e-26,0.0,2.0,0.0,5.848100185049672e+21,3.725290298461914e-05,
0,navstack-1709204094664,navstack,frontal,HandCrafted,,,1709204103,302232027,"builtin_interfaces.msg.Time(sec=1709204099, nanosec=342232227)",120.0,Handcrafted_LabStudy,1,1,"-11.0,-0.0,0.5","-0.0,0.0,-0.0,-1.0","12.0,-0.0,0.0","-0.0,0.0,-0.0,-1.0",23.0,23.0,21.85747528076172,0,0,0,0,0,0,0,1.8300938214617804e-26,0.0,2.0,0.0,5.848100185049672e+21,3.725290298461914e-05,
0,navstack-1709204094664,navstack,frontal,HandCrafted,,,1709204103,322232246,"builtin_interfaces.msg.Time(sec=1709204099, nanosec=342232227)",120.0,Handcrafted_LabStudy,1,1,"-11.0,-0.0,0.5","-0.0,0.0,-0.0,-1.0","12.0,-0.0,0.0","-0.0,0.0,-0.0,-1.0",23.0,23.0,21.85747528076172,0,0,0,0,0,0,0,1.8300938214617804e-26,0.0,2.0,0.0,5.854338655977253e+21,3.725290298461914e-05,
0,navstack-1709204094664,navstack,frontal,HandCrafted,,,1709204103,322232246,"builtin_interfaces.msg.Time(sec=1709204099, nanosec=342232227)",120.0,Handcrafted_LabStudy,1,1,"-11.0,-0.0,0.5","-0.0,0.0,-0.0,-1.0","12.0,-0.0,0.0","-0.0,0.0,-0.0,-1.0",23.0,23.0,21.85747528076172,0,0,0,0,0,0,0,1.8300938214617804e-26,0.0,2.0,0.0,5.857623897088357e+21,3.725290298461914e-05,
0,navstack-1709204094664,navstack,frontal,HandCrafted,,,1709204103,342232227,"builtin_interfaces.msg.Time(sec=1709204099, nanosec=342232227)",120.0,Handcrafted_LabStudy,1,1,"-11.0,-0.0,0.5","-0.0,0.0,-0.0,-1.0","12.0,-0.0,0.0","-0.0,0.0,-0.0,-1.0",23.0,23.0,21.85747528076172,0,0,0,0,0,0,0,1.8300938214617804e-26,0.0,2.0,0.0,5.857277319213682e+21,3.725290298461914e-05,
0,navstack-1709204094664,navstack,frontal,HandCrafted,,,1709204103,342232227,"builtin_interfaces.msg.Time(sec=1709204099, nanosec=342232227)",120.0,Handcrafted_LabStudy,1,1,"-11.0,-0.0,0.5","-0.0,0.0,-0.0,-1.0","12.0,-0.0,0.0","-0.0,0.0,-0.0,-1.0",23.0,23.0,21.85747528076172,0,0,0,0,0,0,0,1.8300938214617804e-26,0.0,2.0,0.0,5.860634173283216e+21,3.725290298461914e-05,
0,navstack-1709204094664,navstack,frontal,HandCrafted,,,1709204103,362232208,"builtin_interfaces.msg.Time(sec=1709204099, nanosec=342232227)",120.0,Handcrafted_LabStudy,1,1,"-11.0,-0.0,0.5","-0.0,0.0,-0.0,-1.0","12.0,-0.0,0.0","-0.0,0.0,-0.0,-1.0",23.0,23.0,21.85747528076172,0,0,0,0,0,0,0,1.8300938214617804e-26,0.0,2.0,0.0,5.864561078443333e+21,3.725290298461914e-05,
0,navstack-1709204094664,navstack,frontal,HandCrafted,,,1709204103,382232189,"builtin_interfaces.msg.Time(sec=1709204099, nanosec=342232227)",120.0,Handcrafted_LabStudy,1,1,"-11.0,-0.0,0.5","-0.0,0.0,-0.0,-1.0","12.0,-0.0,0.0","-0.0,0.0,-0.0,-1.0",23.0,23.0,21.85747528076172,0,0,0,0,0,0,0,1.8300938214617804e-26,0.0,2.0,0.0,5.864907714626679e+21,7.450580596923828e-05,
0,navstack-1709204094664,navstack,frontal,HandCrafted,,,1709204103,382232189,"builtin_interfaces.msg.Time(sec=1709204099, nanosec=342232227)",120.0,Handcrafted_LabStudy,1,1,"-11.0,-0.0,0.5","-0.0,0.0,-0.0,-1.0","12.0,-0.0,0.0","-0.0,0.0,-0.0,-1.0",23.0,23.0,21.73659896850586,0,0,0,0,0,0,0,1.8300938214617804e-26,0.0,3.0,0.0,5.871044730697147e+21,3.725290298461914e-05,
0,navstack-1709204094664,navstack,frontal,HandCrafted,,,1709204103,402232170,"builtin_interfaces.msg.Time(sec=1709204099, nanosec=342232227)",120.0,Handcrafted_LabStudy,1,1,"-11.0,-0.0,0.5","-0.0,0.0,-0.0,-1.0","12.0,-0.0,0.0","-0.0,0.0,-0.0,-1.0",23.0,23.0,21.73659896850586,0,0,0,0,0,0,0,1.8300938214617804e-26,0.0,3.0,0.0,5.875066050800894e+21,3.725290298461914e-05,
0,navstack-1709204094664,navstack,frontal,HandCrafted,,,1709204103,402232170,"builtin_interfaces.msg.Time(sec=1709204099, nanosec=342232227)",120.0,Handcrafted_LabStudy,1,1,"-11.0,-0.0,0.5","-0.0,0.0,-0.0,-1.0","12.0,-0.0,0.0","-0.0,0.0,-0.0,-1.0",23.0,23.0,21.73659896850586,0,0,0,0,0,0,0,1.8300938214617804e-26,0.0,3.0,0.0,5.875066050800894e+21,3.725290298461914e-05,
0,navstack-1709204094664,navstack,frontal,HandCrafted,,,1709204103,422232151,"builtin_interfaces.msg.Time(sec=1709204099, nanosec=342232227)",120.0,Handcrafted_LabStudy,1,1,"-11.0,-0.0,0.5","-0.0,0.0,-0.0,-1.0","12.0,-0.0,0.0","-0.0,0.0,-0.0,-1.0",23.0,23.0,21.73659896850586,0,0,0,0,0,0,0,1.8300938214617804e-26,0.0,3.0,0.0,5.878338551379718e+21,3.725290298461914e-05,
0,navstack-1709204094664,navstack,frontal,HandCrafted,,,1709204103,422232151,"builtin_interfaces.msg.Time(sec=1709204099, nanosec=342232227)",120.0,Handcrafted_LabStudy,1,1,"-11.0,-0.0,0.5","-0.0,0.0,-0.0,-1.0","12.0,-0.0,0.0","-0.0,0.0,-0.0,-1.0",23.0,23.0,21.73659896850586,0,0,0,0,0,0,0,1.8300938214617804e-26,0.0,3.0,0.0,5.878338551379718e+21,3.725290298461914e-05,
0,navstack-1709204094664,navstack,frontal,HandCrafted,,,1709204103,442232131,"builtin_interfaces.msg.Time(sec=1709204099, nanosec=342232227)",120.0,Handcrafted_LabStudy,1,1,"-11.0,-0.0,0.5","-0.0,0.0,-0.0,-1.0","12.0,-0.0,0.0","-0.0,0.0,-0.0,-1.0",23.0,23.0,21.73659896850586,0,0,0,0,0,0,0,1.8300938214617804e-26,0.0,3.0,0.0,5.885291893967839e+21,3.725290298461914e-05,
0,navstack-1709204094664,navstack,frontal,HandCrafted,,,1709204103,442232131,"builtin_interfaces.msg.Time(sec=1709204099, nanosec=342232227)",120.0,Handcrafted_LabStudy,1,1,"-11.0,-0.0,0.5","-0.0,0.0,-0.0,-1.0","12.0,-0.0,0.0","-0.0,0.0,-0.0,-1.0",23.0,23.0,21.73659896850586,0,0,0,0,0,0,0,1.8300938214617804e-26,0.0,3.0,0.0,5.885291893967839e+21,3.725290298461914e-05,
0,navstack-1709204094664,navstack,frontal,HandCrafted,,,1709204103,462232112,"builtin_interfaces.msg.Time(sec=1709204099, nanosec=342232227)",120.0,Handcrafted_LabStudy,1,1,"-11.0,-0.0,0.5","-0.0,0.0,-0.0,-1.0","12.0,-0.0,0.0","-0.0,0.0,-0.0,-1.0",23.0,23.0,21.73659896850586,0,0,0,0,0,0,0,1.8300938214617804e-26,0.0,3.0,0.0,5.890379991227268e+21,3.725290298461914e-05,
0,navstack-1709204094664,navstack,frontal,HandCrafted,,,1709204103,462232112,"builtin_interfaces.msg.Time(sec=1709204099, nanosec=342232227)",120.0,Handcrafted_LabStudy,1,1,"-11.0,-0.0,0.5","-0.0,0.0,-0.0,-1.0","12.0,-0.0,0.0","-0.0,0.0,-0.0,-1.0",23.0,23.0,21.73659896850586,0,0,0,0,0,0,0,1.8300938214617804e-26,0.0,3.0,0.0,5.890379991227268e+21,3.725290298461914e-05,
0,navstack-1709204094664,navstack,frontal,HandCrafted,,,1709204103,482231855,"builtin_interfaces.msg.Time(sec=1709204099, nanosec=342232227)",120.0,Handcrafted_LabStudy,1,1,"-11.0,-0.0,0.5","-0.0,0.0,-0.0,-1.0","12.0,-0.0,0.0","-0.0,0.0,-0.0,-1.0",23.0,23.0,21.73659896850586,0,0,0,0,0,0,0,1.8300938214617804e-26,0.0,3.0,0.0,5.896368123369916e+21,3.725290298461914e-05,
0,navstack-1709204094664,navstack,frontal,HandCrafted,,,1709204103,482231855,"builtin_interfaces.msg.Time(sec=1709204099, nanosec=342232227)",120.0,Handcrafted_LabStudy,1,1,"-11.0,-0.0,0.5","-0.0,0.0,-0.0,-1.0","12.0,-0.0,0.0","-0.0,0.0,-0.0,-1.0",23.0,23.0,21.73659896850586,0,0,0,0,0,0,0,1.8300938214617804e-26,0.0,3.0,0.0,5.896368123369916e+21,3.725290298461914e-05,
0,navstack-1709204094664,navstack,frontal,HandCrafted,,,1709204103,502231836,"builtin_interfaces.msg.Time(sec=1709204099, nanosec=342232227)",120.0,Handcrafted_LabStudy,1,1,"-11.0,-0.0,0.5","-0.0,0.0,-0.0,-1.0","12.0,-0.0,0.0","-0.0,0.0,-0.0,-1.0",23.0,23.0,21.73659896850586,0,0,0,0,0,0,0,1.8300938214617804e-26,0.0,3.0,0.0,5.895586638124195e+21,3.725290298461914e-05,
0,navstack-1709204094664,navstack,frontal,HandCrafted,,,1709204103,502231836,"builtin_interfaces.msg.Time(sec=1709204099, nanosec=342232227)",120.0,Handcrafted_LabStudy,1,1,"-11.0,-0.0,0.5","-0.0,0.0,-0.0,-1.0","12.0,-0.0,0.0","-0.0,0.0,-0.0,-1.0",23.0,23.0,21.73659896850586,0,0,0,0,0,0,0,1.8300938214617804e-26,0.0,3.0,0.0,5.902914663555792e+21,3.725290298461914e-05,
0,navstack-1709204094664,navstack,frontal,HandCrafted,,,1709204103,522231817,"builtin_interfaces.msg.Time(sec=1709204099, nanosec=342232227)",120.0,Handcrafted_LabStudy,1,1,"-11.0,-0.0,0.5","-0.0,0.0,-0.0,-1.0","12.0,-0.0,0.0","-0.0,0.0,-0.0,-1.0",23.0,23.0,21.73659896850586,0,0,0,0,0,0,0,1.8300938214617804e-26,0.0,3.0,0.0,5.907520292331204e+21,3.725290298461914e-05,
0,navstack-1709204094664,navstack,frontal,HandCrafted,,,1709204103,522231817,"builtin_interfaces.msg.Time(sec=1709204099, nanosec=342232227)",120.0,Handcrafted_LabStudy,1,1,"-11.0,-0.0,0.5","-0.0,0.0,-0.0,-1.0","12.0,-0.0,0.0","-0.0,0.0,-0.0,-1.0",23.0,23.0,21.73659896850586,0,0,0,0,0,0,0,1.8300938214617804e-26,0.0,3.0,0.0,5.907520292331204e+21,3.725290298461914e-05,
0,navstack-1709204094664,navstack,frontal,HandCrafted,,,1709204103,542232036,"builtin_interfaces.msg.Time(sec=1709204099, nanosec=342232227)",120.0,Handcrafted_LabStudy,1,1,"-11.0,-0.0,0.5","-0.0,0.0,-0.0,-1.0","12.0,-0.0,0.0","-0.0,0.0,-0.0,-1.0",23.0,23.0,21.73659896850586,0,0,0,0,0,0,0,1.8300938214617804e-26,0.0,3.0,0.0,5.911396757219567e+21,3.725290298461914e-05,
0,navstack-1709204094664,navstack,frontal,HandCrafted,,,1709204103,562232017,"builtin_interfaces.msg.Time(sec=1709204099, nanosec=342232227)",120.0,Handcrafted_LabStudy,1,1,"-11.0,-0.0,0.5","-0.0,0.0,-0.0,-1.0","12.0,-0.0,0.0","-0.0,0.0,-0.0,-1.0",23.0,23.0,21.73659896850586,0,0,0,0,0,0,0,1.8300938214617804e-26,0.0,3.0,0.0,5.911268012199307e+21,7.450580596923828e-05,
0,navstack-1709204094664,navstack,frontal,HandCrafted,,,1709204103,582231998,"builtin_interfaces.msg.Time(sec=1709204099, nanosec=342232227)",120.0,Handcrafted_LabStudy,1,1,"-11.0,-0.0,0.5","-0.0,0.0,-0.0,-1.0","12.0,-0.0,0.0","-0.0,0.0,-0.0,-1.0",23.0,23.0,21.73659896850586,0,0,0,0,0,0,0,1.8300938214617804e-26,0.0,3.0,0.0,5.921896246980971e+21,7.450580596923828e-05,
0,navstack-1709204094664,navstack,frontal,HandCrafted,,,1709204103,582231998,"builtin_interfaces.msg.Time(sec=1709204099, nanosec=342232227)",120.0,Handcrafted_LabStudy,1,1,"-11.0,-0.0,0.5","-0.0,0.0,-0.0,-1.0","12.0,-0.0,0.0","-0.0,0.0,-0.0,-1.0",23.0,23.0,21.73659896850586,0,0,0,0,0,0,0,1.8300938214617804e-26,0.0,3.0,0.0,5.921896246980971e+21,3.725290298461914e-05,
0,navstack-1709204094664,navstack,frontal,HandCrafted,,,1709204103,602231979,"builtin_interfaces.msg.Time(sec=1709204099, nanosec=342232227)",120.0,Handcrafted_LabStudy,1,1,"-11.0,-0.0,0.5","-0.0,0.0,-0.0,-1.0","12.0,-0.0,0.0","-0.0,0.0,-0.0,-1.0",23.0,23.0,21.73659896850586,0,0,0,0,0,0,0,1.8300938214617804e-26,0.0,3.0,0.0,5.928629437371419e+21,3.725290298461914e-05,
0,navstack-1709204094664,navstack,frontal,HandCrafted,,,1709204103,622231960,"builtin_interfaces.msg.Time(sec=1709204099, nanosec=342232227)",120.0,Handcrafted_LabStudy,1,1,"-11.0,-0.0,0.5","-0.0,0.0,-0.0,-1.0","12.0,-0.0,0.0","-0.0,0.0,-0.0,-1.0",23.0,23.0,21.73659896850586,0,0,0,0,0,0,0,1.8300938214617804e-26,0.0,3.0,0.0,5.932657061024942e+21,7.450580596923828e-05,
0,navstack-1709204094664,navstack,frontal,HandCrafted,,,1709204103,622231960,"builtin_interfaces.msg.Time(sec=1709204099, nanosec=342232227)",120.0,Handcrafted_LabStudy,1,1,"-11.0,-0.0,0.5","-0.0,0.0,-0.0,-1.0","12.0,-0.0,0.0","-0.0,0.0,-0.0,-1.0",23.0,23.0,21.73659896850586,0,0,0,0,0,0,0,1.8300938214617804e-26,0.0,3.0,0.0,5.932657061024942e+21,3.725290298461914e-05,
0,navstack-1709204094664,navstack,frontal,HandCrafted,,,1709204103,642231941,"builtin_interfaces.msg.Time(sec=1709204099, nanosec=342232227)",120.0,Handcrafted_LabStudy,1,1,"-11.0,-0.0,0.5","-0.0,0.0,-0.0,-1.0","12.0,-0.0,0.0","-0.0,0.0,-0.0,-1.0",23.0,23.0,21.73659896850586,0,0,0,0,0,0,0,1.8300938214617804e-26,0.0,3.0,0.0,5.937455529744255e+21,3.725290298461914e-05,
0,navstack-1709204094664,navstack,frontal,HandCrafted,,,1709204103,642231941,"builtin_interfaces.msg.Time(sec=1709204099, nanosec=342232227)",120.0,Handcrafted_LabStudy,1,1,"-11.0,-0.0,0.5","-0.0,0.0,-0.0,-1.0","12.0,-0.0,0.0","-0.0,0.0,-0.0,-1.0",23.0,23.0,21.73659896850586,0,0,0,0,0,0,0,1.8300938214617804e-26,0.0,3.0,0.0,5.942674835124641e+21,3.725290298461914e-05,
0,navstack-1709204094664,navstack,frontal,HandCrafted,,,1709204103,642231941,"builtin_interfaces.msg.Time(sec=1709204099, nanosec=342232227)",120.0,Handcrafted_LabStudy,1,1,"-11.0,-0.0,0.5","-0.0,0.0,-0.0,-1.0","12.0,-0.0,0.0","-0.0,0.0,-0.0,-1.0",23.0,23.0,21.73659896850586,0,0,0,0,0,0,0,1.8300938214617804e-26,0.0,3.0,0.0,5.942674835124641e+21,0.0,
0,navstack-1709204094664,navstack,frontal,HandCrafted,,,1709204103,662231922,"builtin_interfaces.msg.Time(sec=1709204099, nanosec=342232227)",120.0,Handcrafted_LabStudy,1,1,"-11.0,-0.0,0.5","-0.0,0.0,-0.0,-1.0","12.0,-0.0,0.0","-0.0,0.0,-0.0,-1.0",23.0,23.0,21.73659896850586,0,0,0,0,0,0,0,1.8300938214617804e-26,0.0,3.0,0.0,5.946734367534595e+21,3.725290298461914e-05,
0,navstack-1709204094664,navstack,frontal,HandCrafted,,,1709204103,662231922,"builtin_interfaces.msg.Time(sec=1709204099, nanosec=342232227)",120.0,Handcrafted_LabStudy,1,1,"-11.0,-0.0,0.5","-0.0,0.0,-0.0,-1.0","12.0,-0.0,0.0","-0.0,0.0,-0.0,-1.0",23.0,23.0,21.73659896850586,0,0,0,0,0,0,0,1.8300938214617804e-26,0.0,3.0,0.0,5.946734367534595e+21,3.725290298461914e-05,
0,navstack-1709204094664,navstack,frontal,HandCrafted,,,1709204103,662231922,"builtin_interfaces.msg.Time(sec=1709204099, nanosec=342232227)",120.0,Handcrafted_LabStudy,1,1,"-11.0,-0.0,0.5","-0.0,0.0,-0.0,-1.0","12.0,-0.0,0.0","-0.0,0.0,-0.0,-1.0",23.0,23.0,21.73659896850586,0,0,0,0,0,0,0,1.8300938214617804e-26,0.0,3.0,0.0,5.946734367534595e+21,0.0,
0,navstack-1709204094664,navstack,frontal,HandCrafted,,,1709204103,682231903,"builtin_interfaces.msg.Time(sec=1709204099, nanosec=342232227)",120.0,Handcrafted_LabStudy,1,1,"-11.0,-0.0,0.5","-0.0,0.0,-0.0,-1.0","12.0,-0.0,0.0","-0.0,0.0,-0.0,-1.0",23.0,23.0,21.73659896850586,0,0,0,0,0,0,0,1.8300938214617804e-26,0.0,3.0,0.0,5.946176264530436e+21,3.725290298461914e-05,
0,navstack-1709204094664,navstack,frontal,HandCrafted,,,1709204103,702232360,"builtin_interfaces.msg.Time(sec=1709204099, nanosec=342232227)",120.0,Handcrafted_LabStudy,1,1,"-11.0,-0.0,0.5","-0.0,0.0,-0.0,-1.0","12.0,-0.0,0.0","-0.0,0.0,-0.0,-1.0",23.0,23.0,21.73659896850586,0,0,0,0,0,0,0,1.8300938214617804e-26,0.0,3.0,0.0,5.952419196822922e+21,7.450580596923828e-05,
0,navstack-1709204094664,navstack,frontal,HandCrafted,,,1709204103,702232360,"builtin_interfaces.msg.Time(sec=1709204099, nanosec=342232227)",120.0,Handcrafted_LabStudy,1,1,"-11.0,-0.0,0.5","-0.0,0.0,-0.0,-1.0","12.0,-0.0,0.0","-0.0,0.0,-0.0,-1.0",23.0,23.0,21.73659896850586,0,0,0,0,0,0,0,1.8300938214617804e-26,0.0,3.0,0.0,5.958067769077281e+21,3.725290298461914e-05,
0,navstack-1709204094664,navstack,frontal,HandCrafted,,,1709204103,702232360,"builtin_interfaces.msg.Time(sec=1709204099, nanosec=342232227)",120.0,Handcrafted_LabStudy,1,1,"-11.0,-0.0,0.5","-0.0,0.0,-0.0,-1.0","12.0,-0.0,0.0","-0.0,0.0,-0.0,-1.0",23.0,23.0,21.73659896850586,0,0,0,0,0,0,0,1.8300938214617804e-26,0.0,3.0,0.0,5.958067769077281e+21,0.0,
0,navstack-1709204094664,navstack,frontal,HandCrafted,,,1709204103,722232103,"builtin_interfaces.msg.Time(sec=1709204099, nanosec=342232227)",120.0,Handcrafted_LabStudy,1,1,"-11.0,-0.0,0.5","-0.0,0.0,-0.0,-1.0","12.0,-0.0,0.0","-0.0,0.0,-0.0,-1.0",23.0,23.0,21.73659896850586,0,0,0,0,0,0,0,1.8300938214617804e-26,0.0,3.0,0.0,5.966183943892001e+21,3.725290298461914e-05,
0,navstack-1709204094664,navstack,frontal,HandCrafted,,,1709204103,722232103,"builtin_interfaces.msg.Time(sec=1709204099, nanosec=342232227)",120.0,Handcrafted_LabStudy,1,1,"-11.0,-0.0,0.5","-0.0,0.0,-0.0,-1.0","12.0,-0.0,0.0","-0.0,0.0,-0.0,-1.0",23.0,23.0,21.73659896850586,0,0,0,0,0,0,0,1.8300938214617804e-26,0.0,3.0,0.0,5.966183943892001e+21,3.725290298461914e-05,
0,navstack-1709204094664,navstack,frontal,HandCrafted,,,1709204103,742232084,"builtin_interfaces.msg.Time(sec=1709204099, nanosec=342232227)",120.0,Handcrafted_LabStudy,1,1,"-11.0,-0.0,0.5","-0.0,0.0,-0.0,-1.0","12.0,-0.0,0.0","-0.0,0.0,-0.0,-1.0",23.0,23.0,21.73659896850586,0,0,0,0,0,0,0,1.8300938214617804e-26,0.0,3.0,0.0,5.964447638865843e+21,3.725290298461914e-05,
0,navstack-1709204094664,navstack,frontal,HandCrafted,,,1709204103,742232084,"builtin_interfaces.msg.Time(sec=1709204099, nanosec=342232227)",120.0,Handcrafted_LabStudy,1,1,"-11.0,-0.0,0.5","-0.0,0.0,-0.0,-1.0","12.0,-0.0,0.0","-0.0,0.0,-0.0,-1.0",23.0,23.0,21.73659896850586,0,0,0,0,0,0,0,1.8300938214617804e-26,0.0,3.0,0.0,5.970417051666077e+21,3.725290298461914e-05,
0,navstack-1709204094664,navstack,frontal,HandCrafted,,,1709204103,762232065,"builtin_interfaces.msg.Time(sec=1709204099, nanosec=342232227)",120.0,Handcrafted_LabStudy,1,1,"-11.0,-0.0,0.5","-0.0,0.0,-0.0,-1.0","12.0,-0.0,0.0","-0.0,0.0,-0.0,-1.0",23.0,23.0,21.73659896850586,0,0,0,0,0,0,0,1.8300938214617804e-26,0.0,3.0,0.0,5.976872949956118e+21,3.725290298461914e-05,
0,navstack-1709204094664,navstack,frontal,HandCrafted,,,1709204103,782232284,"builtin_interfaces.msg.Time(sec=1709204099, nanosec=342232227)",120.0,Handcrafted_LabStudy,1,1,"-11.0,-0.0,0.5","-0.0,0.0,-0.0,-1.0","12.0,-0.0,0.0","-0.0,0.0,-0.0,-1.0",23.0,23.0,21.73659896850586,0,0,0,0,0,0,0,1.8300938214617804e-26,0.0,3.0,0.0,5.97493891948748e+21,7.450580596923828e-05,
0,navstack-1709204094664,navstack,frontal,HandCrafted,,,1709204103,802232265,"builtin_interfaces.msg.Time(sec=1709204099, nanosec=342232227)",120.0,Handcrafted_LabStudy,1,1,"-11.0,-0.0,0.5","-0.0,0.0,-0.0,-1.0","12.0,-0.0,0.0","-0.0,0.0,-0.0,-1.0",23.0,23.0,21.73659896850586,0,0,0,0,0,0,0,1.8300938214617804e-26,0.0,3.0,0.0,5.987857504575004e+21,7.450580596923828e-05,
0,navstack-1709204094664,navstack,frontal,HandCrafted,,,1709204103,802232265,"builtin_interfaces.msg.Time(sec=1709204099, nanosec=342232227)",120.0,Handcrafted_LabStudy,1,1,"-11.0,-0.0,0.5","-0.0,0.0,-0.0,-1.0","12.0,-0.0,0.0","-0.0,0.0,-0.0,-1.0",23.0,23.0,21.73659896850586,0,0,0,0,0,0,0,1.8300938214617804e-26,0.0,3.0,0.0,5.997232277366644e+21,3.725290298461914e-05,
0,navstack-1709204094664,navstack,frontal,HandCrafted,,,1709204103,822232246,"builtin_interfaces.msg.Time(sec=1709204099, nanosec=342232227)",120.0,Handcrafted_LabStudy,1,1,"-11.0,-0.0,0.5","-0.0,0.0,-0.0,-1.0","12.0,-0.0,0.0","-0.0,0.0,-0.0,-1.0",23.0,23.0,21.73659896850586,0,0,0,0,0,0,0,1.8300938214617804e-26,0.0,3.0,0.0,6.003422582192427e+21,3.725290298461914e-05,
0,navstack-1709204094664,navstack,frontal,HandCrafted,,,1709204103,842232227,"builtin_interfaces.msg.Time(sec=1709204099, nanosec=342232227)",120.0,Handcrafted_LabStudy,1,1,"-11.0,-0.0,0.5","-0.0,0.0,-0.0,-1.0","12.0,-0.0,0.0","-0.0,0.0,-0.0,-1.0",23.0,23.0,21.73659896850586,0,0,0,0,0,0,0,1.8300938214617804e-26,0.0,3.0,0.0,6.002228553050607e+21,7.450580596923828e-05,
0,navstack-1709204094664,navstack,frontal,HandCrafted,,,1709204103,842232227,"builtin_interfaces.msg.Time(sec=1709204099, nanosec=342232227)",120.0,Handcrafted_LabStudy,1,1,"-11.0,-0.0,0.5","-0.0,0.0,-0.0,-1.0","12.0,-0.0,0.0","-0.0,0.0,-0.0,-1.0",23.0,23.0,21.73659896850586,0,0,0,0,0,0,0,1.8300938214617804e-26,0.0,3.0,0.0,6.012182792568842e+21,3.725290298461914e-05,
0,navstack-1709204094664,navstack,frontal,HandCrafted,,,1709204103,862232208,"builtin_interfaces.msg.Time(sec=1709204099, nanosec=342232227)",120.0,Handcrafted_LabStudy,1,1,"-11.0,-0.0,0.5","-0.0,0.0,-0.0,-1.0","12.0,-0.0,0.0","-0.0,0.0,-0.0,-1.0",23.0,23.0,21.73659896850586,0,0,0,0,0,0,0,1.8300938214617804e-26,0.0,3.0,0.0,6.018847555813752e+21,3.725290298461914e-05,
0,navstack-1709204094664,navstack,frontal,HandCrafted,,,1709204103,862232208,"builtin_interfaces.msg.Time(sec=1709204099, nanosec=342232227)",120.0,Handcrafted_LabStudy,1,1,"-11.0,-0.0,0.5","-0.0,0.0,-0.0,-1.0","12.0,-0.0,0.0","-0.0,0.0,-0.0,-1.0",23.0,23.0,21.73659896850586,0,0,0,0,0,0,0,1.8300938214617804e-26,0.0,3.0,0.0,6.018847555813752e+21,3.725290298461914e-05,
0,navstack-1709204094664,navstack,frontal,HandCrafted,,,1709204103,882232189,"builtin_interfaces.msg.Time(sec=1709204099, nanosec=342232227)",120.0,Handcrafted_LabStudy,1,1,"-11.0,-0.0,0.5","-0.0,0.0,-0.0,-1.0","12.0,-0.0,0.0","-0.0,0.0,-0.0,-1.0",23.0,23.0,21.73659896850586,0,0,0,0,0,0,0,1.8300938214617804e-26,0.0,3.0,0.0,6.026310287142833e+21,3.725290298461914e-05,
0,navstack-1709204094664,navstack,frontal,HandCrafted,,,1709204103,882232189,"builtin_interfaces.msg.Time(sec=1709204099, nanosec=342232227)",120.0,Handcrafted_LabStudy,1,1,"-11.0,-0.0,0.5","-0.0,0.0,-0.0,-1.0","12.0,-0.0,0.0","-0.0,0.0,-0.0,-1.0",23.0,23.0,21.73659896850586,0,0,0,0,0,0,0,1.8300938214617804e-26,0.0,3.0,0.0,6.03400891651044e+21,3.725290298461914e-05,
0,navstack-1709204094664,navstack,frontal,HandCrafted,,,1709204103,902232170,"builtin_interfaces.msg.Time(sec=1709204099, nanosec=342232227)",120.0,Handcrafted_LabStudy,1,1,"-11.0,-0.0,0.5","-0.0,0.0,-0.0,-1.0","12.0,-0.0,0.0","-0.0,0.0,-0.0,-1.0",23.0,23.0,21.73659896850586,0,0,0,0,0,0,0,1.8300938214617804e-26,0.0,3.0,0.0,6.033821710842899e+21,3.725290298461914e-05,
0,navstack-1709204094664,navstack,frontal,HandCrafted,,,1709204103,922232151,"builtin_interfaces.msg.Time(sec=1709204099, nanosec=342232227)",120.0,Handcrafted_LabStudy,1,1,"-11.0,-0.0,0.5","-0.0,0.0,-0.0,-1.0","12.0,-0.0,0.0","-0.0,0.0,-0.0,-1.0",23.0,23.0,21.73659896850586,0,0,0,0,0,0,0,1.8300938214617804e-26,0.0,3.0,0.0,6.041659656065933e+21,7.450580596923828e-05,
0,navstack-1709204094664,navstack,frontal,HandCrafted,,,1709204103,942232131,"builtin_interfaces.msg.Time(sec=1709204099, nanosec=342232227)",120.0,Handcrafted_LabStudy,1,1,"-11.0,-0.0,0.5","-0.0,0.0,-0.0,-1.0","12.0,-0.0,0.0","-0.0,0.0,-0.0,-1.0",23.0,23.0,21.73659896850586,0,0,0,0,0,0,0,1.8300938214617804e-26,0.0,3.0,0.0,6.049821324247883e+21,7.450580596923828e-05,
0,navstack-1709204094664,navstack,frontal,HandCrafted,,,1709204103,942232131,"builtin_interfaces.msg.Time(sec=1709204099, nanosec=342232227)",120.0,Handcrafted_LabStudy,1,1,"-11.0,-0.0,0.5","-0.0,0.0,-0.0,-1.0","12.0,-0.0,0.0","-0.0,0.0,-0.0,-1.0",23.0,23.0,21.73659896850586,0,0,0,0,0,0,0,1.8300938214617804e-26,0.0,3.0,0.0,6.049821324247883e+21,3.725290298461914e-05,
0,navstack-1709204094664,navstack,frontal,HandCrafted,,,1709204103,962232112,"builtin_interfaces.msg.Time(sec=1709204099, nanosec=342232227)",120.0,Handcrafted_LabStudy,1,1,"-11.0,-0.0,0.5","-0.0,0.0,-0.0,-1.0","12.0,-0.0,0.0","-0.0,0.0,-0.0,-1.0",23.0,23.0,21.73659896850586,0,0,0,0,0,0,0,1.8300938214617804e-26,0.0,3.0,0.0,6.063205966676743e+21,3.725290298461914e-05,
0,navstack-1709204094664,navstack,frontal,HandCrafted,,,1709204103,962232112,"builtin_interfaces.msg.Time(sec=1709204099, nanosec=342232227)",120.0,Handcrafted_LabStudy,1,1,"-11.0,-0.0,0.5","-0.0,0.0,-0.0,-1.0","12.0,-0.0,0.0","-0.0,0.0,-0.0,-1.0",23.0,23.0,21.73659896850586,0,0,0,0,0,0,0,1.8300938214617804e-26,0.0,3.0,0.0,6.072017007965771e+21,3.725290298461914e-05,
0,navstack-1709204094664,navstack,frontal,HandCrafted,,,1709204103,982231855,"builtin_interfaces.msg.Time(sec=1709204099, nanosec=342232227)",120.0,Handcrafted_LabStudy,1,1,"-11.0,-0.0,0.5","-0.0,0.0,-0.0,-1.0","12.0,-0.0,0.0","-0.0,0.0,-0.0,-1.0",23.0,23.0,21.73659896850586,0,0,0,0,0,0,0,1.8300938214617804e-26,0.0,3.0,0.0,6.07364561604034e+21,3.725290298461914e-05,
0,navstack-1709204094664,navstack,frontal,HandCrafted,,,1709204103,982231855,"builtin_interfaces.msg.Time(sec=1709204099, nanosec=342232227)",120.0,Handcrafted_LabStudy,1,1,"-11.0,-0.0,0.5","-0.0,0.0,-0.0,-1.0","12.0,-0.0,0.0","-0.0,0.0,-0.0,-1.0",23.0,23.0,21.73659896850586,0,0,0,0,0,0,0,1.8300938214617804e-26,0.0,3.0,0.0,6.082769390795866e+21,3.725290298461914e-05,
0,navstack-1709204094664,navstack,frontal,HandCrafted,,,1709204104,2231836,"builtin_interfaces.msg.Time(sec=1709204099, nanosec=342232227)",120.0,Handcrafted_LabStudy,1,1,"-11.0,-0.0,0.5","-0.0,0.0,-0.0,-1.0","12.0,-0.0,0.0","-0.0,0.0,-0.0,-1.0",23.0,23.0,21.73659896850586,0,0,0,0,0,0,0,1.8300938214617804e-26,0.0,3.0,0.0,6.085243489931821e+21,3.725290298461914e-05,
0,navstack-1709204094664,navstack,frontal,HandCrafted,,,1709204104,2231836,"builtin_interfaces.msg.Time(sec=1709204099, nanosec=342232227)",120.0,Handcrafted_LabStudy,1,1,"-11.0,-0.0,0.5","-0.0,0.0,-0.0,-1.0","12.0,-0.0,0.0","-0.0,0.0,-0.0,-1.0",23.0,23.0,21.73659896850586,0,0,0,0,0,0,0,1.8300938214617804e-26,0.0,3.0,0.0,6.094694202282673e+21,3.725290298461914e-05,
0,navstack-1709204094664,navstack,frontal,HandCrafted,,,1709204104,2231836,"builtin_interfaces.msg.Time(sec=1709204099, nanosec=342232227)",120.0,Handcrafted_LabStudy,1,1,"-11.0,-0.0,0.5","-0.0,0.0,-0.0,-1.0","12.0,-0.0,0.0","-0.0,0.0,-0.0,-1.0",23.0,23.0,21.73659896850586,0,0,0,0,0,0,0,1.8300938214617804e-26,0.0,3.0,0.0,6.094694202282673e+21,0.0,
0,navstack-1709204094664,navstack,frontal,HandCrafted,,,1709204104,22231817,"builtin_interfaces.msg.Time(sec=1709204099, nanosec=342232227)",120.0,Handcrafted_LabStudy,1,1,"-11.0,-0.0,0.5","-0.0,0.0,-0.0,-1.0","12.0,-0.0,0.0","-0.0,0.0,-0.0,-1.0",23.0,23.0,21.73659896850586,0,0,0,0,0,0,0,1.8300938214617804e-26,0.0,3.0,0.0,6.096415717467776e+21,3.725290298461914e-05,
0,navstack-1709204094664,navstack,frontal,HandCrafted,,,1709204104,42232036,"builtin_interfaces.msg.Time(sec=1709204099, nanosec=342232227)",120.0,Handcrafted_LabStudy,1,1,"-11.0,-0.0,0.5","-0.0,0.0,-0.0,-1.0","12.0,-0.0,0.0","-0.0,0.0,-0.0,-1.0",23.0,23.0,21.73659896850586,0,0,0,0,0,0,0,1.8300938214617804e-26,0.0,3.0,0.0,6.11123329096675e+21,7.450580596923828e-05,
0,navstack-1709204094664,navstack,frontal,HandCrafted,,,1709204104,42232036,"builtin_interfaces.msg.Time(sec=1709204099, nanosec=342232227)",120.0,Handcrafted_LabStudy,1,1,"-11.0,-0.0,0.5","-0.0,0.0,-0.0,-1.0","12.0,-0.0,0.0","-0.0,0.0,-0.0,-1.0",23.0,23.0,21.73659896850586,0,0,0,0,0,0,0,1.8300938214617804e-26,0.0,3.0,0.0,6.121494709422695e+21,3.725290298461914e-05,
0,navstack-1709204094664,navstack,frontal,HandCrafted,,,1709204104,62232017,"builtin_interfaces.msg.Time(sec=1709204099, nanosec=342232227)",120.0,Handcrafted_LabStudy,1,1,"-11.0,-0.0,0.5","-0.0,0.0,-0.0,-1.0","12.0,-0.0,0.0","-0.0,0.0,-0.0,-1.0",23.0,23.0,21.73659896850586,0,0,0,0,0,0,0,1.8300938214617804e-26,0.0,3.0,0.0,6.133387630691323e+21,3.725290298461914e-05,
0,navstack-1709204094664,navstack,frontal,HandCrafted,,,1709204104,82231998,"builtin_interfaces.msg.Time(sec=1709204099, nanosec=342232227)",120.0,Handcrafted_LabStudy,1,1,"-11.0,-0.0,0.5","-0.0,0.0,-0.0,-1.0","12.0,-0.0,0.0","-0.0,0.0,-0.0,-1.0",23.0,23.0,21.73659896850586,0,0,0,0,0,0,0,1.8300938214617804e-26,0.0,3.0,0.0,6.133199663643828e+21,7.450580596923828e-05,
0,navstack-1709204094664,navstack,frontal,HandCrafted,,,1709204104,82231998,"builtin_interfaces.msg.Time(sec=1709204099, nanosec=342232227)",120.0,Handcrafted_LabStudy,1,1,"-11.0,-0.0,0.5","-0.0,0.0,-0.0,-1.0","12.0,-0.0,0.0","-0.0,0.0,-0.0,-1.0",23.0,23.0,21.73659896850586,0,0,0,0,0,0,0,1.8300938214617804e-26,0.0,3.0,0.0,6.15238979549857e+21,3.725290298461914e-05,
0,navstack-1709204094664,navstack,frontal,HandCrafted,,,1709204104,102231979,"builtin_interfaces.msg.Time(sec=1709204099, nanosec=342232227)",120.0,Handcrafted_LabStudy,1,1,"-11.0,-0.0,0.5","-0.0,0.0,-0.0,-1.0","12.0,-0.0,0.0","-0.0,0.0,-0.0,-1.0",23.0,23.0,21.73659896850586,0,0,0,0,0,0,0,1.8300938214617804e-26,0.0,3.0,0.0,6.154461860661989e+21,3.725290298461914e-05,
0,navstack-1709204094664,navstack,frontal,HandCrafted,,,1709204104,102231979,"builtin_interfaces.msg.Time(sec=1709204099, nanosec=342232227)",120.0,Handcrafted_LabStudy,1,1,"-11.0,-0.0,0.5","-0.0,0.0,-0.0,-1.0","12.0,-0.0,0.0","-0.0,0.0,-0.0,-1.0",23.0,23.0,21.73659896850586,0,0,0,0,0,0,0,1.8300938214617804e-26,0.0,3.0,0.0,6.171055952605067e+21,3.725290298461914e-05,
0,navstack-1709204094664,navstack,frontal,HandCrafted,,,1709204104,122231960,"builtin_interfaces.msg.Time(sec=1709204099, nanosec=342232227)",120.0,Handcrafted_LabStudy,1,1,"-11.0,-0.0,0.5","-0.0,0.0,-0.0,-1.0","12.0,-0.0,0.0","-0.0,0.0,-0.0,-1.0",23.0,23.0,21.73659896850586,0,0,0,0,0,0,0,1.8300938214617804e-26,0.0,3.0,0.0,6.174048305097765e+21,3.725290298461914e-05,
0,navstack-1709204094664,navstack,frontal,HandCrafted,,,1709204104,122231960,"builtin_interfaces.msg.Time(sec=1709204099, nanosec=342232227)",120.0,Handcrafted_LabStudy,1,1,"-11.0,-0.0,0.5","-0.0,0.0,-0.0,-1.0","12.0,-0.0,0.0","-0.0,0.0,-0.0,-1.0",23.0,23.0,21.73659896850586,0,0,0,0,0,0,0,1.8300938214617804e-26,0.0,3.0,0.0,6.186335462606183e+21,3.725290298461914e-05,
0,navstack-1709204094664,navstack,frontal,HandCrafted,,,1709204104,142231941,"builtin_interfaces.msg.Time(sec=1709204099, nanosec=342232227)",120.0,Handcrafted_LabStudy,1,1,"-11.0,-0.0,0.5","-0.0,0.0,-0.0,-1.0","12.0,-0.0,0.0","-0.0,0.0,-0.0,-1.0",23.0,23.0,21.73659896850586,0,0,0,0,0,0,0,1.8300938214617804e-26,0.0,3.0,0.0,6.188585886481529e+21,3.725290298461914e-05,
0,navstack-1709204094664,navstack,frontal,HandCrafted,,,1709204104,142231941,"builtin_interfaces.msg.Time(sec=1709204099, nanosec=342232227)",120.0,Handcrafted_LabStudy,1,1,"-11.0,-0.0,0.5","-0.0,0.0,-0.0,-1.0","12.0,-0.0,0.0","-0.0,0.0,-0.0,-1.0",23.0,23.0,21.73659896850586,0,0,0,0,0,0,0,1.8300938214617804e-26,0.0,3.0,0.0,6.201369569382971e+21,3.725290298461914e-05,
0,navstack-1709204094664,navstack,frontal,HandCrafted,,,1709204104,162231922,"builtin_interfaces.msg.Time(sec=1709204099, nanosec=342232227)",120.0,Handcrafted_LabStudy,1,1,"-11.0,-0.0,0.5","-0.0,0.0,-0.0,-1.0","12.0,-0.0,0.0","-0.0,0.0,-0.0,-1.0",23.0,23.0,21.73659896850586,0,0,0,0,0,0,0,1.8300938214617804e-26,0.0,3.0,0.0,6.205059695003061e+21,3.725290298461914e-05,
0,navstack-1709204094664,navstack,frontal,HandCrafted,,,1709204104,162231922,"builtin_interfaces.msg.Time(sec=1709204099, nanosec=342232227)",120.0,Handcrafted_LabStudy,1,1,"-11.0,-0.0,0.5","-0.0,0.0,-0.0,-1.0","12.0,-0.0,0.0","-0.0,0.0,-0.0,-1.0",23.0,23.0,21.73659896850586,0,0,0,0,0,0,0,1.8300938214617804e-26,0.0,3.0,0.0,6.218381272453169e+21,3.725290298461914e-05,
0,navstack-1709204094664,navstack,frontal,HandCrafted,,,1709204104,182231903,"builtin_interfaces.msg.Time(sec=1709204099, nanosec=342232227)",120.0,Handcrafted_LabStudy,1,1,"-11.0,-0.0,0.5","-0.0,0.0,-0.0,-1.0","12.0,-0.0,0.0","-0.0,0.0,-0.0,-1.0",23.0,23.0,21.73659896850586,0,0,0,0,0,0,0,1.8300938214617804e-26,0.0,3.0,0.0,6.23385997638897e+21,3.725290298461914e-05,
0,navstack-1709204094664,navstack,frontal,HandCrafted,,,1709204104,182231903,"builtin_interfaces.msg.Time(sec=1709204099, nanosec=342232227)",120.0,Handcrafted_LabStudy,1,1,"-11.0,-0.0,0.5","-0.0,0.0,-0.0,-1.0","12.0,-0.0,0.0","-0.0,0.0,-0.0,-1.0",23.0,23.0,21.73659896850586,0,0,0,0,0,0,0,1.8300938214617804e-26,0.0,3.0,0.0,6.23385997638897e+21,3.725290298461914e-05,
0,navstack-1709204094664,navstack,frontal,HandCrafted,,,1709204104,202231884,"builtin_interfaces.msg.Time(sec=1709204099, nanosec=342232227)",120.0,Handcrafted_LabStudy,1,1,"-11.0,-0.0,0.5","-0.0,0.0,-0.0,-1.0","12.0,-0.0,0.0","-0.0,0.0,-0.0,-1.0",23.0,23.0,21.73659896850586,0,0,0,0,0,0,0,1.8300938214617804e-26,0.0,3.0,0.0,6.238460786532907e+21,3.725290298461914e-05,
0,navstack-1709204094664,navstack,frontal,HandCrafted,,,1709204104,202231884,"builtin_interfaces.msg.Time(sec=1709204099, nanosec=342232227)",120.0,Handcrafted_LabStudy,1,1,"-11.0,-0.0,0.5","-0.0,0.0,-0.0,-1.0","12.0,-0.0,0.0","-0.0,0.0,-0.0,-1.0",23.0,23.0,21.73659896850586,0,0,0,0,0,0,0,1.8300938214617804e-26,0.0,3.0,0.0,6.238460786532907e+21,3.725290298461914e-05,
0,navstack-1709204094664,navstack,frontal,HandCrafted,,,1709204104,202231884,"builtin_interfaces.msg.Time(sec=1709204099, nanosec=342232227)",120.0,Handcrafted_LabStudy,1,1,"-11.0,-0.0,0.5","-0.0,0.0,-0.0,-1.0","12.0,-0.0,0.0","-0.0,0.0,-0.0,-1.0",23.0,23.0,21.73659896850586,0,0,0,0,0,0,0,1.8300938214617804e-26,0.0,3.0,0.0,6.259112925937509e+21,0.0,
0,navstack-1709204094664,navstack,frontal,HandCrafted,,,1709204104,242232084,"builtin_interfaces.msg.Time(sec=1709204099, nanosec=342232227)",120.0,Handcrafted_LabStudy,1,1,"-11.0,-0.0,0.5","-0.0,0.0,-0.0,-1.0","12.0,-0.0,0.0","-0.0,0.0,-0.0,-1.0",23.0,23.0,21.73659896850586,0,0,0,0,0,0,0,1.8300938214617804e-26,0.0,3.0,0.0,6.263008420082995e+21,0.0,
0,navstack-1709204094664,navstack,frontal,HandCrafted,,,1709204104,262232065,"builtin_interfaces.msg.Time(sec=1709204099, nanosec=342232227)",120.0,Handcrafted_LabStudy,1,1,"-11.0,-0.0,0.5","-0.0,0.0,-0.0,-1.0","12.0,-0.0,0.0","-0.0,0.0,-0.0,-1.0",23.0,23.0,21.73659896850586,0,0,0,0,0,0,0,1.8300938214617804e-26,0.0,3.0,0.0,6.292256376213223e+21,3.725290298461914e-05,
0,navstack-1709204094664,navstack,frontal,HandCrafted,,,1709204104,262232065,"builtin_interfaces.msg.Time(sec=1709204099, nanosec=342232227)",120.0,Handcrafted_LabStudy,1,1,"-11.0,-0.0,0.5","-0.0,0.0,-0.0,-1.0","12.0,-0.0,0.0","-0.0,0.0,-0.0,-1.0",23.0,23.0,21.73659896850586,0,0,0,0,0,0,0,1.8300938214617804e-26,0.0,3.0,0.0,6.308765640378712e+21,3.725290298461914e-05,
0,navstack-1709204094664,navstack,frontal,HandCrafted,,,1709204104,282232284,"builtin_interfaces.msg.Time(sec=1709204099, nanosec=342232227)",120.0,Handcrafted_LabStudy,1,1,"-11.0,-0.0,0.5","-0.0,0.0,-0.0,-1.0","12.0,-0.0,0.0","-0.0,0.0,-0.0,-1.0",23.0,23.0,21.73659896850586,0,0,0,0,0,0,0,1.8300938214617804e-26,0.0,3.0,0.0,6.329173668641555e+21,3.725290298461914e-05,
0,navstack-1709204094664,navstack,frontal,HandCrafted,,,1709204104,282232284,"builtin_interfaces.msg.Time(sec=1709204099, nanosec=342232227)",120.0,Handcrafted_LabStudy,1,1,"-11.0,-0.0,0.5","-0.0,0.0,-0.0,-1.0","12.0,-0.0,0.0","-0.0,0.0,-0.0,-1.0",23.0,23.0,21.73659896850586,0,0,0,0,0,0,0,1.8300938214617804e-26,0.0,3.0,0.0,6.329173668641555e+21,3.725290298461914e-05,
0,navstack-1709204094664,navstack,frontal,HandCrafted,,,1709204104,302232265,"builtin_interfaces.msg.Time(sec=1709204099, nanosec=342232227)",120.0,Handcrafted_LabStudy,1,1,"-11.0,-0.0,0.5","-0.0,0.0,-0.0,-1.0","12.0,-0.0,0.0","-0.0,0.0,-0.0,-1.0",23.0,23.0,21.73659896850586,0,0,0,0,0,0,0,1.8300938214617804e-26,0.0,3.0,0.0,6.333575028943152e+21,3.725290298461914e-05,
0,navstack-1709204094664,navstack,frontal,HandCrafted,,,1709204104,302232265,"builtin_interfaces.msg.Time(sec=1709204099, nanosec=342232227)",120.0,Handcrafted_LabStudy,1,1,"-11.0,-0.0,0.5","-0.0,0.0,-0.0,-1.0","12.0,-0.0,0.0","-0.0,0.0,-0.0,-1.0",23.0,23.0,21.73659896850586,0,0,0,0,0,0,0,1.8300938214617804e-26,0.0,3.0,0.0,6.35940850769347e+21,3.725290298461914e-05,
0,navstack-1709204094664,navstack,frontal,HandCrafted,,,1709204104,322232246,"builtin_interfaces.msg.Time(sec=1709204099, nanosec=342232227)",120.0,Handcrafted_LabStudy,1,1,"-11.0,-0.0,0.5","-0.0,0.0,-0.0,-1.0","12.0,-0.0,0.0","-0.0,0.0,-0.0,-1.0",23.0,23.0,21.73659896850586,0,0,0,0,0,0,0,1.8300938214617804e-26,0.0,3.0,0.0,6.363736430185281e+21,3.725290298461914e-05,
0,navstack-1709204094664,navstack,frontal,HandCrafted,,,1709204104,322232246,"builtin_interfaces.msg.Time(sec=1709204099, nanosec=342232227)",120.0,Handcrafted_LabStudy,1,1,"-11.0,-0.0,0.5","-0.0,0.0,-0.0,-1.0","12.0,-0.0,0.0","-0.0,0.0,-0.0,-1.0",23.0,23.0,21.73659896850586,0,0,0,0,0,0,0,1.8300938214617804e-26,0.0,3.0,0.0,6.383048338990831e+21,3.725290298461914e-05,
0,navstack-1709204094664,navstack,frontal,HandCrafted,,,1709204104,322232246,"builtin_interfaces.msg.Time(sec=1709204099, nanosec=342232227)",120.0,Handcrafted_LabStudy,1,1,"-11.0,-0.0,0.5","-0.0,0.0,-0.0,-1.0","12.0,-0.0,0.0","-0.0,0.0,-0.0,-1.0",23.0,23.0,21.73659896850586,0,0,0,0,0,0,0,1.8300938214617804e-26,0.0,3.0,0.0,6.383048338990831e+21,0.0,
0,navstack-1709204094664,navstack,frontal,HandCrafted,,,1709204104,342232227,"builtin_interfaces.msg.Time(sec=1709204099, nanosec=342232227)",120.0,Handcrafted_LabStudy,1,1,"-11.0,-0.0,0.5","-0.0,0.0,-0.0,-1.0","12.0,-0.0,0.0","-0.0,0.0,-0.0,-1.0",23.0,23.0,21.73659896850586,0,0,0,0,0,0,0,1.8300938214617804e-26,0.0,3.0,0.0,6.386675849523007e+21,3.725290298461914e-05,
0,navstack-1709204094664,navstack,frontal,HandCrafted,,,1709204104,342232227,"builtin_interfaces.msg.Time(sec=1709204099, nanosec=342232227)",120.0,Handcrafted_LabStudy,1,1,"-11.0,-0.0,0.5","-0.0,0.0,-0.0,-1.0","12.0,-0.0,0.0","-0.0,0.0,-0.0,-1.0",23.0,23.0,21.73659896850586,0,0,0,0,0,0,0,1.8300938214617804e-26,0.0,3.0,0.0,6.41559186025566e+21,3.725290298461914e-05,
0,navstack-1709204094664,navstack,frontal,HandCrafted,,,1709204104,362232208,"builtin_interfaces.msg.Time(sec=1709204099, nanosec=342232227)",120.0,Handcrafted_LabStudy,1,1,"-11.0,-0.0,0.5","-0.0,0.0,-0.0,-1.0","12.0,-0.0,0.0","-0.0,0.0,-0.0,-1.0",23.0,23.0,21.73659896850586,0,0,0,0,0,0,0,1.8300938214617804e-26,0.0,3.0,0.0,6.420260091284702e+21,3.725290298461914e-05,
0,navstack-1709204094664,navstack,frontal,HandCrafted,,,1709204104,362232208,"builtin_interfaces.msg.Time(sec=1709204099, nanosec=342232227)",120.0,Handcrafted_LabStudy,1,1,"-11.0,-0.0,0.5","-0.0,0.0,-0.0,-1.0","12.0,-0.0,0.0","-0.0,0.0,-0.0,-1.0",23.0,23.0,21.73659896850586,0,0,0,0,0,0,0,1.8300938214617804e-26,0.0,3.0,0.0,6.420260091284702e+21,3.725290298461914e-05,
0,navstack-1709204094664,navstack,frontal,HandCrafted,,,1709204104,382232189,"builtin_interfaces.msg.Time(sec=1709204099, nanosec=342232227)",120.0,Handcrafted_LabStudy,1,1,"-11.0,-0.0,0.5","-0.0,0.0,-0.0,-1.0","12.0,-0.0,0.0","-0.0,0.0,-0.0,-1.0",23.0,23.0,21.73659896850586,0,0,0,0,0,0,0,1.8300938214617804e-26,0.0,3.0,0.0,6.443654804547572e+21,3.725290298461914e-05,
0,navstack-1709204094664,navstack,frontal,HandCrafted,,,1709204104,382232189,"builtin_interfaces.msg.Time(sec=1709204099, nanosec=342232227)",120.0,Handcrafted_LabStudy,1,1,"-11.0,-0.0,0.5","-0.0,0.0,-0.0,-1.0","12.0,-0.0,0.0","-0.0,0.0,-0.0,-1.0",23.0,23.0,21.73659896850586,0,0,0,0,0,0,0,1.8300938214617804e-26,0.0,3.0,0.0,6.466391385320962e+21,3.725290298461914e-05,
0,navstack-1709204094664,navstack,frontal,HandCrafted,,,1709204104,402232170,"builtin_interfaces.msg.Time(sec=1709204099, nanosec=342232227)",120.0,Handcrafted_LabStudy,1,1,"-11.0,-0.0,0.5","-0.0,0.0,-0.0,-1.0","12.0,-0.0,0.0","-0.0,0.0,-0.0,-1.0",23.0,23.0,21.589143753051758,0,0,0,0,0,0,0,1.8300938214617804e-26,0.0,4.0,0.0,6.470609387322124e+21,3.725290298461914e-05,
0,navstack-1709204094664,navstack,frontal,HandCrafted,,,1709204104,402232170,"builtin_interfaces.msg.Time(sec=1709204099, nanosec=342232227)",120.0,Handcrafted_LabStudy,1,1,"-11.0,-0.0,0.5","-0.0,0.0,-0.0,-1.0","12.0,-0.0,0.0","-0.0,0.0,-0.0,-1.0",23.0,23.0,21.589143753051758,0,0,0,0,0,0,0,1.8300938214617804e-26,0.0,4.0,0.0,6.494528296053157e+21,3.725290298461914e-05,
0,navstack-1709204094664,navstack,frontal,HandCrafted,,,1709204104,422232151,"builtin_interfaces.msg.Time(sec=1709204099, nanosec=342232227)",120.0,Handcrafted_LabStudy,1,1,"-11.0,-0.0,0.5","-0.0,0.0,-0.0,-1.0","12.0,-0.0,0.0","-0.0,0.0,-0.0,-1.0",23.0,23.0,21.589143753051758,0,0,0,0,0,0,0,1.8300938214617804e-26,0.0,4.0,0.0,6.497963736863069e+21,3.725290298461914e-05,
0,navstack-1709204094664,navstack,frontal,HandCrafted,,,1709204104,422232151,"builtin_interfaces.msg.Time(sec=1709204099, nanosec=342232227)",120.0,Handcrafted_LabStudy,1,1,"-11.0,-0.0,0.5","-0.0,0.0,-0.0,-1.0","12.0,-0.0,0.0","-0.0,0.0,-0.0,-1.0",23.0,23.0,21.589143753051758,0,0,0,0,0,0,0,1.8300938214617804e-26,0.0,4.0,0.0,6.523145957191906e+21,3.725290298461914e-05,
0,navstack-1709204094664,navstack,frontal,HandCrafted,,,1709204104,442232131,"builtin_interfaces.msg.Time(sec=1709204099, nanosec=342232227)",120.0,Handcrafted_LabStudy,1,1,"-11.0,-0.0,0.5","-0.0,0.0,-0.0,-1.0","12.0,-0.0,0.0","-0.0,0.0,-0.0,-1.0",23.0,23.0,21.589143753051758,0,0,0,0,0,0,0,1.8300938214617804e-26,0.0,4.0,0.0,6.527503168255177e+21,3.725290298461914e-05,
0,navstack-1709204094664,navstack,frontal,HandCrafted,,,1709204104,462232112,"builtin_interfaces.msg.Time(sec=1709204099, nanosec=342232227)",120.0,Handcrafted_LabStudy,1,1,"-11.0,-0.0,0.5","-0.0,0.0,-0.0,-1.0","12.0,-0.0,0.0","-0.0,0.0,-0.0,-1.0",23.0,23.0,21.589143753051758,0,0,0,0,0,0,0,1.8300938214617804e-26,0.0,4.0,0.0,6.556750754921213e+21,7.450580596923828e-05,
0,navstack-1709204094664,navstack,frontal,HandCrafted,,,1709204104,482231855,"builtin_interfaces.msg.Time(sec=1709204099, nanosec=342232227)",120.0,Handcrafted_LabStudy,1,1,"-11.0,-0.0,0.5","-0.0,0.0,-0.0,-1.0","12.0,-0.0,0.0","-0.0,0.0,-0.0,-1.0",23.0,23.0,21.589143753051758,0,0,0,0,0,0,0,1.8300938214617804e-26,0.0,4.0,0.0,6.588600990551774e+21,7.450580596923828e-05,
0,navstack-1709204094664,navstack,frontal,HandCrafted,,,1709204104,482231855,"builtin_interfaces.msg.Time(sec=1709204099, nanosec=342232227)",120.0,Handcrafted_LabStudy,1,1,"-11.0,-0.0,0.5","-0.0,0.0,-0.0,-1.0","12.0,-0.0,0.0","-0.0,0.0,-0.0,-1.0",23.0,23.0,21.589143753051758,0,0,0,0,0,0,0,1.8300938214617804e-26,0.0,4.0,0.0,6.618144215645652e+21,3.725290298461914e-05,
0,navstack-1709204094664,navstack,frontal,HandCrafted,,,1709204104,502231836,"builtin_interfaces.msg.Time(sec=1709204099, nanosec=342232227)",120.0,Handcrafted_LabStudy,1,1,"-11.0,-0.0,0.5","-0.0,0.0,-0.0,-1.0","12.0,-0.0,0.0","-0.0,0.0,-0.0,-1.0",23.0,23.0,21.589143753051758,0,0,0,0,0,0,0,1.8300938214617804e-26,0.0,4.0,0.0,6.621966897606517e+21,3.725290298461914e-05,
0,navstack-1709204094664,navstack,frontal,HandCrafted,,,1709204104,502231836,"builtin_interfaces.msg.Time(sec=1709204099, nanosec=342232227)",120.0,Handcrafted_LabStudy,1,1,"-11.0,-0.0,0.5","-0.0,0.0,-0.0,-1.0","12.0,-0.0,0.0","-0.0,0.0,-0.0,-1.0",23.0,23.0,21.589143753051758,0,0,0,0,0,0,0,1.8300938214617804e-26,0.0,4.0,0.0,6.621966897606517e+21,3.725290298461914e-05,
0,navstack-1709204094664,navstack,frontal,HandCrafted,,,1709204104,502231836,"builtin_interfaces.msg.Time(sec=1709204099, nanosec=342232227)",120.0,Handcrafted_LabStudy,1,1,"-11.0,-0.0,0.5","-0.0,0.0,-0.0,-1.0","12.0,-0.0,0.0","-0.0,0.0,-0.0,-1.0",23.0,23.0,21.589143753051758,0,0,0,0,0,0,0,1.8300938214617804e-26,0.0,4.0,0.0,6.666649929450767e+21,0.0,
0,navstack-1709204094664,navstack,frontal,HandCrafted,,,1709204104,522231817,"builtin_interfaces.msg.Time(sec=1709204099, nanosec=342232227)",120.0,Handcrafted_LabStudy,1,1,"-11.0,-0.0,0.5","-0.0,0.0,-0.0,-1.0","12.0,-0.0,0.0","-0.0,0.0,-0.0,-1.0",23.0,23.0,21.589143753051758,0,0,0,0,0,0,0,1.8300938214617804e-26,0.0,4.0,0.0,6.671567353480699e+21,3.725290298461914e-05,
0,navstack-1709204094664,navstack,frontal,HandCrafted,,,1709204104,542232036,"builtin_interfaces.msg.Time(sec=1709204099, nanosec=342232227)",120.0,Handcrafted_LabStudy,1,1,"-11.0,-0.0,0.5","-0.0,0.0,-0.0,-1.0","12.0,-0.0,0.0","-0.0,0.0,-0.0,-1.0",23.0,23.0,21.589143753051758,0,0,0,0,0,0,0,1.8300938214617804e-26,0.0,4.0,0.0,6.709192428100892e+21,7.450580596923828e-05,
0,navstack-1709204094664,navstack,frontal,HandCrafted,,,1709204104,542232036,"builtin_interfaces.msg.Time(sec=1709204099, nanosec=342232227)",120.0,Handcrafted_LabStudy,1,1,"-11.0,-0.0,0.5","-0.0,0.0,-0.0,-1.0","12.0,-0.0,0.0","-0.0,0.0,-0.0,-1.0",23.0,23.0,21.589143753051758,0,0,0,0,0,0,0,1.8300938214617804e-26,0.0,4.0,0.0,6.745093048584907e+21,3.725290298461914e-05,
0,navstack-1709204094664,navstack,frontal,HandCrafted,,,1709204104,562232017,"builtin_interfaces.msg.Time(sec=1709204099, nanosec=342232227)",120.0,Handcrafted_LabStudy,1,1,"-11.0,-0.0,0.5","-0.0,0.0,-0.0,-1.0","12.0,-0.0,0.0","-0.0,0.0,-0.0,-1.0",23.0,23.0,21.589143753051758,0,0,0,0,0,0,0,1.8300938214617804e-26,0.0,4.0,0.0,6.750438453333599e+21,3.725290298461914e-05,
0,navstack-1709204094664,navstack,frontal,HandCrafted,,,1709204104,562232017,"builtin_interfaces.msg.Time(sec=1709204099, nanosec=342232227)",120.0,Handcrafted_LabStudy,1,1,"-11.0,-0.0,0.5","-0.0,0.0,-0.0,-1.0","12.0,-0.0,0.0","-0.0,0.0,-0.0,-1.0",23.0,23.0,21.589143753051758,0,0,0,0,0,0,0,1.8300938214617804e-26,0.0,4.0,0.0,6.750438453333599e+21,3.725290298461914e-05,
0,navstack-1709204094664,navstack,frontal,HandCrafted,,,1709204104,562232017,"builtin_interfaces.msg.Time(sec=1709204099, nanosec=342232227)",120.0,Handcrafted_LabStudy,1,1,"-11.0,-0.0,0.5","-0.0,0.0,-0.0,-1.0","12.0,-0.0,0.0","-0.0,0.0,-0.0,-1.0",23.0,23.0,21.589143753051758,0,0,0,0,0,0,0,1.8300938214617804e-26,0.0,4.0,0.0,6.750438453333599e+21,0.0,
0,navstack-1709204094664,navstack,frontal,HandCrafted,,,1709204104,582231998,"builtin_interfaces.msg.Time(sec=1709204099, nanosec=342232227)",120.0,Handcrafted_LabStudy,1,1,"-11.0,-0.0,0.5","-0.0,0.0,-0.0,-1.0","12.0,-0.0,0.0","-0.0,0.0,-0.0,-1.0",23.0,23.0,21.589143753051758,0,0,0,0,0,0,0,1.8300938214617804e-26,0.0,4.0,0.0,6.793238969220675e+21,3.725290298461914e-05,
0,navstack-1709204094664,navstack,frontal,HandCrafted,,,1709204104,582231998,"builtin_interfaces.msg.Time(sec=1709204099, nanosec=342232227)",120.0,Handcrafted_LabStudy,1,1,"-11.0,-0.0,0.5","-0.0,0.0,-0.0,-1.0","12.0,-0.0,0.0","-0.0,0.0,-0.0,-1.0",23.0,23.0,21.589143753051758,0,0,0,0,0,0,0,1.8300938214617804e-26,0.0,4.0,0.0,6.793238969220675e+21,3.725290298461914e-05,
0,navstack-1709204094664,navstack,frontal,HandCrafted,,,1709204104,602231979,"builtin_interfaces.msg.Time(sec=1709204099, nanosec=342232227)",120.0,Handcrafted_LabStudy,1,1,"-11.0,-0.0,0.5","-0.0,0.0,-0.0,-1.0","12.0,-0.0,0.0","-0.0,0.0,-0.0,-1.0",23.0,23.0,21.589143753051758,0,0,0,0,0,0,0,1.8300938214617804e-26,0.0,4.0,0.0,6.858159060144882e+21,3.725290298461914e-05,
0,navstack-1709204094664,navstack,frontal,HandCrafted,,,1709204104,602231979,"builtin_interfaces.msg.Time(sec=1709204099, nanosec=342232227)",120.0,Handcrafted_LabStudy,1,1,"-11.0,-0.0,0.5","-0.0,0.0,-0.0,-1.0","12.0,-0.0,0.0","-0.0,0.0,-0.0,-1.0",23.0,23.0,21.589143753051758,0,0,0,0,0,0,0,1.8300938214617804e-26,0.0,4.0,0.0,6.858159060144882e+21,3.725290298461914e-05,
0,navstack-1709204094664,navstack,frontal,HandCrafted,,,1709204104,622231960,"builtin_interfaces.msg.Time(sec=1709204099, nanosec=342232227)",120.0,Handcrafted_LabStudy,1,1,"-11.0,-0.0,0.5","-0.0,0.0,-0.0,-1.0","12.0,-0.0,0.0","-0.0,0.0,-0.0,-1.0",23.0,23.0,21.589143753051758,0,0,0,0,0,0,0,1.8300938214617804e-26,0.0,4.0,0.0,6.882935450784779e+21,3.725290298461914e-05,
0,navstack-1709204094664,navstack,frontal,HandCrafted,,,1709204104,642231941,"builtin_interfaces.msg.Time(sec=1709204099, nanosec=342232227)",120.0,Handcrafted_LabStudy,1,1,"-11.0,-0.0,0.5","-0.0,0.0,-0.0,-1.0","12.0,-0.0,0.0","-0.0,0.0,-0.0,-1.0",23.0,23.0,21.589143753051758,0,0,0,0,0,0,0,1.8300938214617804e-26,0.0,4.0,0.0,6.909847902641184e+21,7.450580596923828e-05,
0,navstack-1709204094664,navstack,frontal,HandCrafted,,,1709204104,642231941,"builtin_interfaces.msg.Time(sec=1709204099, nanosec=342232227)",120.0,Handcrafted_LabStudy,1,1,"-11.0,-0.0,0.5","-0.0,0.0,-0.0,-1.0","12.0,-0.0,0.0","-0.0,0.0,-0.0,-1.0",23.0,23.0,21.589143753051758,0,0,0,0,0,0,0,1.8300938214617804e-26,0.0,4.0,0.0,6.957384698427096e+21,3.725290298461914e-05,
0,navstack-1709204094664,navstack,frontal,HandCrafted,,,1709204104,662231922,"builtin_interfaces.msg.Time(sec=1709204099, nanosec=342232227)",120.0,Handcrafted_LabStudy,1,1,"-11.0,-0.0,0.5","-0.0,0.0,-0.0,-1.0","12.0,-0.0,0.0","-0.0,0.0,-0.0,-1.0",23.0,23.0,21.589143753051758,0,0,0,0,0,0,0,1.8300938214617804e-26,0.0,4.0,0.0,6.959976859303782e+21,3.725290298461914e-05,
0,navstack-1709204094664,navstack,frontal,HandCrafted,,,1709204104,662231922,"builtin_interfaces.msg.Time(sec=1709204099, nanosec=342232227)",120.0,Handcrafted_LabStudy,1,1,"-11.0,-0.0,0.5","-0.0,0.0,-0.0,-1.0","12.0,-0.0,0.0","-0.0,0.0,-0.0,-1.0",23.0,23.0,21.589143753051758,0,0,0,0,0,0,0,1.8300938214617804e-26,0.0,4.0,0.0,7.010780488938968e+21,3.725290298461914e-05,
0,navstack-1709204094664,navstack,frontal,HandCrafted,,,1709204104,682231903,"builtin_interfaces.msg.Time(sec=1709204099, nanosec=342232227)",120.0,Handcrafted_LabStudy,1,1,"-11.0,-0.0,0.5","-0.0,0.0,-0.0,-1.0","12.0,-0.0,0.0","-0.0,0.0,-0.0,-1.0",23.0,23.0,21.589143753051758,0,0,0,0,0,0,0,1.8300938214617804e-26,0.0,4.0,0.0,7.070236356536437e+21,3.725290298461914e-05,
0,navstack-1709204094664,navstack,frontal,HandCrafted,,,1709204104,682231903,"builtin_interfaces.msg.Time(sec=1709204099, nanosec=342232227)",120.0,Handcrafted_LabStudy,1,1,"-11.0,-0.0,0.5","-0.0,0.0,-0.0,-1.0","12.0,-0.0,0.0","-0.0,0.0,-0.0,-1.0",23.0,23.0,21.589143753051758,0,0,0,0,0,0,0,1.8300938214617804e-26,0.0,4.0,0.0,7.070236356536437e+21,3.725290298461914e-05,
0,navstack-1709204094664,navstack,frontal,HandCrafted,,,1709204104,702231884,"builtin_interfaces.msg.Time(sec=1709204099, nanosec=342232227)",120.0,Handcrafted_LabStudy,1,1,"-11.0,-0.0,0.5","-0.0,0.0,-0.0,-1.0","12.0,-0.0,0.0","-0.0,0.0,-0.0,-1.0",23.0,23.0,21.589143753051758,0,0,0,0,0,0,0,1.8300938214617804e-26,0.0,4.0,0.0,7.131946023703116e+21,3.725290298461914e-05,
0,navstack-1709204094664,navstack,frontal,HandCrafted,,,1709204104,702231884,"builtin_interfaces.msg.Time(sec=1709204099, nanosec=342232227)",120.0,Handcrafted_LabStudy,1,1,"-11.0,-0.0,0.5","-0.0,0.0,-0.0,-1.0","12.0,-0.0,0.0","-0.0,0.0,-0.0,-1.0",23.0,23.0,21.589143753051758,0,0,0,0,0,0,0,1.8300938214617804e-26,0.0,4.0,0.0,7.131946023703116e+21,3.725290298461914e-05,
0,navstack-1709204094664,navstack,frontal,HandCrafted,,,1709204104,722232103,"builtin_interfaces.msg.Time(sec=1709204099, nanosec=342232227)",120.0,Handcrafted_LabStudy,1,1,"-11.0,-0.0,0.5","-0.0,0.0,-0.0,-1.0","12.0,-0.0,0.0","-0.0,0.0,-0.0,-1.0",23.0,23.0,21.589143753051758,0,0,0,0,0,0,0,1.8300938214617804e-26,0.0,4.0,0.0,7.166738432789642e+21,3.725290298461914e-05,
0,navstack-1709204094664,navstack,frontal,HandCrafted,,,1709204104,722232103,"builtin_interfaces.msg.Time(sec=1709204099, nanosec=342232227)",120.0,Handcrafted_LabStudy,1,1,"-11.0,-0.0,0.5","-0.0,0.0,-0.0,-1.0","12.0,-0.0,0.0","-0.0,0.0,-0.0,-1.0",23.0,23.0,21.589143753051758,0,0,0,0,0,0,0,1.8300938214617804e-26,0.0,4.0,0.0,7.166738432789642e+21,3.725290298461914e-05,
0,navstack-1709204094664,navstack,frontal,HandCrafted,,,1709204104,742232084,"builtin_interfaces.msg.Time(sec=1709204099, nanosec=342232227)",120.0,Handcrafted_LabStudy,1,1,"-11.0,-0.0,0.5","-0.0,0.0,-0.0,-1.0","12.0,-0.0,0.0","-0.0,0.0,-0.0,-1.0",23.0,23.0,21.589143753051758,0,0,0,0,0,0,0,1.8300938214617804e-26,0.0,4.0,0.0,7.205036099614492e+21,3.725290298461914e-05,
0,navstack-1709204094664,navstack,frontal,HandCrafted,,,1709204104,762232065,"builtin_interfaces.msg.Time(sec=1709204099, nanosec=342232227)",120.0,Handcrafted_LabStudy,1,1,"-11.0,-0.0,0.5","-0.0,0.0,-0.0,-1.0","12.0,-0.0,0.0","-0.0,0.0,-0.0,-1.0",23.0,23.0,21.589143753051758,0,0,0,0,0,0,0,1.8300938214617804e-26,0.0,4.0,0.0,7.277164129845261e+21,7.450580596923828e-05,
0,navstack-1709204094664,navstack,frontal,HandCrafted,,,1709204104,762232065,"builtin_interfaces.msg.Time(sec=1709204099, nanosec=342232227)",120.0,Handcrafted_LabStudy,1,1,"-11.0,-0.0,0.5","-0.0,0.0,-0.0,-1.0","12.0,-0.0,0.0","-0.0,0.0,-0.0,-1.0",23.0,23.0,21.589143753051758,0,0,0,0,0,0,0,1.8300938214617804e-26,0.0,4.0,0.0,7.277164129845261e+21,3.725290298461914e-05,
0,navstack-1709204094664,navstack,frontal,HandCrafted,,,1709204104,782232284,"builtin_interfaces.msg.Time(sec=1709204099, nanosec=342232227)",120.0,Handcrafted_LabStudy,1,1,"-11.0,-0.0,0.5","-0.0,0.0,-0.0,-1.0","12.0,-0.0,0.0","-0.0,0.0,-0.0,-1.0",23.0,23.0,21.589143753051758,0,0,0,0,0,0,0,1.8300938214617804e-26,0.0,4.0,0.0,7.353979311063665e+21,3.725290298461914e-05,
0,navstack-1709204094664,navstack,frontal,HandCrafted,,,1709204104,782232284,"builtin_interfaces.msg.Time(sec=1709204099, nanosec=342232227)",120.0,Handcrafted_LabStudy,1,1,"-11.0,-0.0,0.5","-0.0,0.0,-0.0,-1.0","12.0,-0.0,0.0","-0.0,0.0,-0.0,-1.0",23.0,23.0,21.589143753051758,0,0,0,0,0,0,0,1.8300938214617804e-26,0.0,4.0,0.0,7.433980114468505e+21,3.725290298461914e-05,
0,navstack-1709204094664,navstack,frontal,HandCrafted,,,1709204104,802232265,"builtin_interfaces.msg.Time(sec=1709204099, nanosec=342232227)",120.0,Handcrafted_LabStudy,1,1,"-11.0,-0.0,0.5","-0.0,0.0,-0.0,-1.0","12.0,-0.0,0.0","-0.0,0.0,-0.0,-1.0",23.0,23.0,21.589143753051758,0,0,0,0,0,0,0,1.8300938214617804e-26,0.0,4.0,0.0,7.43556926137877e+21,3.725290298461914e-05,
0,navstack-1709204094664,navstack,frontal,HandCrafted,,,1709204104,822232246,"builtin_interfaces.msg.Time(sec=1709204099, nanosec=342232227)",120.0,Handcrafted_LabStudy,1,1,"-11.0,-0.0,0.5","-0.0,0.0,-0.0,-1.0","12.0,-0.0,0.0","-0.0,0.0,-0.0,-1.0",23.0,23.0,21.589143753051758,0,0,0,0,0,0,0,1.8300938214617804e-26,0.0,4.0,0.0,7.476268129785868e+21,7.450580596923828e-05,
0,navstack-1709204094664,navstack,frontal,HandCrafted,,,1709204104,822232246,"builtin_interfaces.msg.Time(sec=1709204099, nanosec=342232227)",120.0,Handcrafted_LabStudy,1,1,"-11.0,-0.0,0.5","-0.0,0.0,-0.0,-1.0","12.0,-0.0,0.0","-0.0,0.0,-0.0,-1.0",23.0,23.0,21.589143753051758,0,0,0,0,0,0,0,1.8300938214617804e-26,0.0,4.0,0.0,7.476268129785868e+21,3.725290298461914e-05,
0,navstack-1709204094664,navstack,frontal,HandCrafted,,,1709204104,842232227,"builtin_interfaces.msg.Time(sec=1709204099, nanosec=342232227)",120.0,Handcrafted_LabStudy,1,1,"-11.0,-0.0,0.5","-0.0,0.0,-0.0,-1.0","12.0,-0.0,0.0","-0.0,0.0,-0.0,-1.0",23.0,23.0,21.589143753051758,0,0,0,0,0,0,0,1.8300938214617804e-26,0.0,4.0,0.0,7.569363134326097e+21,3.725290298461914e-05,
0,navstack-1709204094664,navstack,frontal,HandCrafted,,,1709204104,842232227,"builtin_interfaces.msg.Time(sec=1709204099, nanosec=342232227)",120.0,Handcrafted_LabStudy,1,1,"-11.0,-0.0,0.5","-0.0,0.0,-0.0,-1.0","12.0,-0.0,0.0","-0.0,0.0,-0.0,-1.0",23.0,23.0,21.589143753051758,0,0,0,0,0,0,0,1.8300938214617804e-26,0.0,4.0,0.0,7.668258332904717e+21,3.725290298461914e-05,
0,navstack-1709204094664,navstack,frontal,HandCrafted,,,1709204104,862232208,"builtin_interfaces.msg.Time(sec=1709204099, nanosec=342232227)",120.0,Handcrafted_LabStudy,1,1,"-11.0,-0.0,0.5","-0.0,0.0,-0.0,-1.0","12.0,-0.0,0.0","-0.0,0.0,-0.0,-1.0",23.0,23.0,21.589143753051758,0,0,0,0,0,0,0,1.8300938214617804e-26,0.0,4.0,0.0,7.668539180922832e+21,3.725290298461914e-05,
0,navstack-1709204094664,navstack,frontal,HandCrafted,,,1709204104,882232189,"builtin_interfaces.msg.Time(sec=1709204099, nanosec=342232227)",120.0,Handcrafted_LabStudy,1,1,"-11.0,-0.0,0.5","-0.0,0.0,-0.0,-1.0","12.0,-0.0,0.0","-0.0,0.0,-0.0,-1.0",23.0,23.0,21.589143753051758,0,0,0,0,0,0,0,1.8300938214617804e-26,0.0,4.0,0.0,7.693723398426898e+21,7.450580596923828e-05,
0,navstack-1709204094664,navstack,frontal,HandCrafted,,,1709204104,902232170,"builtin_interfaces.msg.Time(sec=1709204099, nanosec=342232227)",120.0,Handcrafted_LabStudy,1,1,"-11.0,-0.0,0.5","-0.0,0.0,-0.0,-1.0","12.0,-0.0,0.0","-0.0,0.0,-0.0,-1.0",23.0,23.0,21.589143753051758,0,0,0,0,0,0,0,1.8300938214617804e-26,0.0,4.0,0.0,7.8057241678464e+21,7.450580596923828e-05,
0,navstack-1709204094664,navstack,frontal,HandCrafted,,,1709204104,922232151,"builtin_interfaces.msg.Time(sec=1709204099, nanosec=342232227)",120.0,Handcrafted_LabStudy,1,1,"-11.0,-0.0,0.5","-0.0,0.0,-0.0,-1.0","12.0,-0.0,0.0","-0.0,0.0,-0.0,-1.0",23.0,23.0,21.589143753051758,0,0,0,0,0,0,0,1.8300938214617804e-26,0.0,4.0,0.0,7.806549059209663e+21,7.450580596923828e-05,
0,navstack-1709204094664,navstack,frontal,HandCrafted,,,1709204104,942232131,"builtin_interfaces.msg.Time(sec=1709204099, nanosec=342232227)",120.0,Handcrafted_LabStudy,1,1,"-11.0,-0.0,0.5","-0.0,0.0,-0.0,-1.0","12.0,-0.0,0.0","-0.0,0.0,-0.0,-1.0",23.0,23.0,21.589143753051758,0,0,0,0,0,0,0,1.8300938214617804e-26,0.0,4.0,0.0,7.98527173644021e+21,7.450580596923828e-05,
0,navstack-1709204094664,navstack,frontal,HandCrafted,,,1709204104,942232131,"builtin_interfaces.msg.Time(sec=1709204099, nanosec=342232227)",120.0,Handcrafted_LabStudy,1,1,"-11.0,-0.0,0.5","-0.0,0.0,-0.0,-1.0","12.0,-0.0,0.0","-0.0,0.0,-0.0,-1.0",23.0,23.0,21.589143753051758,0,0,0,0,0,0,0,1.8300938214617804e-26,0.0,4.0,0.0,8.126358801132805e+21,3.725290298461914e-05,
0,navstack-1709204094664,navstack,frontal,HandCrafted,,,1709204104,962232112,"builtin_interfaces.msg.Time(sec=1709204099, nanosec=342232227)",120.0,Handcrafted_LabStudy,1,1,"-11.0,-0.0,0.5","-0.0,0.0,-0.0,-1.0","12.0,-0.0,0.0","-0.0,0.0,-0.0,-1.0",23.0,23.0,21.589143753051758,0,0,0,0,0,0,0,1.8300938214617804e-26,0.0,4.0,0.0,8.127026997744535e+21,3.725290298461914e-05,
0,navstack-1709204094664,navstack,frontal,HandCrafted,,,1709204104,962232112,"builtin_interfaces.msg.Time(sec=1709204099, nanosec=342232227)",120.0,Handcrafted_LabStudy,1,1,"-11.0,-0.0,0.5","-0.0,0.0,-0.0,-1.0","12.0,-0.0,0.0","-0.0,0.0,-0.0,-1.0",23.0,23.0,21.589143753051758,0,0,0,0,0,0,0,1.8300938214617804e-26,0.0,4.0,0.0,8.127026997744535e+21,3.725290298461914e-05,
0,navstack-1709204094664,navstack,frontal,HandCrafted,,,1709204104,982231855,"builtin_interfaces.msg.Time(sec=1709204099, nanosec=342232227)",120.0,Handcrafted_LabStudy,1,1,"-11.0,-0.0,0.5","-0.0,0.0,-0.0,-1.0","12.0,-0.0,0.0","-0.0,0.0,-0.0,-1.0",23.0,23.0,21.589143753051758,0,0,0,0,0,0,0,1.8300938214617804e-26,0.0,4.0,0.0,8.357972154600906e+21,3.725290298461914e-05,
0,navstack-1709204094664,navstack,frontal,HandCrafted,,,1709204105,2231836,"builtin_interfaces.msg.Time(sec=1709204099, nanosec=342232227)",120.0,Handcrafted_LabStudy,1,1,"-11.0,-0.0,0.5","-0.0,0.0,-0.0,-1.0","12.0,-0.0,0.0","-0.0,0.0,-0.0,-1.0",23.0,23.0,21.589143753051758,0,0,0,0,0,0,0,1.8300938214617804e-26,0.0,4.0,0.0,8.432274607746423e+21,7.450580596923828e-05,
0,navstack-1709204094664,navstack,frontal,HandCrafted,,,1709204105,2231836,"builtin_interfaces.msg.Time(sec=1709204099, nanosec=342232227)",120.0,Handcrafted_LabStudy,1,1,"-11.0,-0.0,0.5","-0.0,0.0,-0.0,-1.0","12.0,-0.0,0.0","-0.0,0.0,-0.0,-1.0",23.0,23.0,21.589143753051758,0,0,0,0,0,0,0,1.8300938214617804e-26,0.0,4.0,0.0,8.432274607746423e+21,3.725290298461914e-05,
0,navstack-1709204094664,navstack,frontal,HandCrafted,,,1709204105,22231817,"builtin_interfaces.msg.Time(sec=1709204099, nanosec=342232227)",120.0,Handcrafted_LabStudy,1,1,"-11.0,-0.0,0.5","-0.0,0.0,-0.0,-1.0","12.0,-0.0,0.0","-0.0,0.0,-0.0,-1.0",23.0,23.0,21.589143753051758,0,0,0,0,0,0,0,1.8300938214617804e-26,0.0,4.0,0.0,8.493901827235174e+21,3.725290298461914e-05,
0,navstack-1709204094664,navstack,frontal,HandCrafted,,,1709204105,22231817,"builtin_interfaces.msg.Time(sec=1709204099, nanosec=342232227)",120.0,Handcrafted_LabStudy,1,1,"-11.0,-0.0,0.5","-0.0,0.0,-0.0,-1.0","12.0,-0.0,0.0","-0.0,0.0,-0.0,-1.0",23.0,23.0,21.589143753051758,0,0,0,0,0,0,0,1.8300938214617804e-26,0.0,4.0,0.0,8.696653213474085e+21,3.725290298461914e-05,
0,navstack-1709204094664,navstack,frontal,HandCrafted,,,1709204105,42232036,"builtin_interfaces.msg.Time(sec=1709204099, nanosec=342232227)",120.0,Handcrafted_LabStudy,1,1,"-11.0,-0.0,0.5","-0.0,0.0,-0.0,-1.0","12.0,-0.0,0.0","-0.0,0.0,-0.0,-1.0",23.0,23.0,21.589143753051758,0,0,0,0,0,0,0,1.8300938214617804e-26,0.0,4.0,0.0,8.698497493995791e+21,3.725290298461914e-05,
0,navstack-1709204094664,navstack,frontal,HandCrafted,,,1709204105,42232036,"builtin_interfaces.msg.Time(sec=1709204099, nanosec=342232227)",120.0,Handcrafted_LabStudy,1,1,"-11.0,-0.0,0.5","-0.0,0.0,-0.0,-1.0","12.0,-0.0,0.0","-0.0,0.0,-0.0,-1.0",23.0,23.0,21.589143753051758,0,0,0,0,0,0,0,1.8300938214617804e-26,0.0,4.0,0.0,8.698497493995791e+21,3.725290298461914e-05,
0,navstack-1709204094664,navstack,frontal,HandCrafted,,,1709204105,62232017,"builtin_interfaces.msg.Time(sec=1709204099, nanosec=342232227)",120.0,Handcrafted_LabStudy,1,1,"-11.0,-0.0,0.5","-0.0,0.0,-0.0,-1.0","12.0,-0.0,0.0","-0.0,0.0,-0.0,-1.0",23.0,23.0,21.589143753051758,0,0,0,0,0,0,0,1.8300938214617804e-26,0.0,4.0,0.0,8.934445996901447e+21,3.725290298461914e-05,
0,navstack-1709204094664,navstack,frontal,HandCrafted,,,1709204105,102231979,"builtin_interfaces.msg.Time(sec=1709204099, nanosec=342232227)",120.0,Handcrafted_LabStudy,1,1,"-11.0,-0.0,0.5","-0.0,0.0,-0.0,-1.0","12.0,-0.0,0.0","-0.0,0.0,-0.0,-1.0",23.0,23.0,21.589143753051758,0,0,0,0,0,0,0,1.8300938214617804e-26,0.0,4.0,0.0,8.897595852584436e+21,3.725290298461914e-05,
0,navstack-1709204094664,navstack,frontal,HandCrafted,,,1709204105,122231960,"builtin_interfaces.msg.Time(sec=1709204099, nanosec=342232227)",120.0,Handcrafted_LabStudy,1,1,"-11.0,-0.0,0.5","-0.0,0.0,-0.0,-1.0","12.0,-0.0,0.0","-0.0,0.0,-0.0,-1.0",23.0,23.0,21.589143753051758,0,0,0,0,0,0,0,1.8300938214617804e-26,0.0,4.0,0.0,9.376419517037276e+21,3.725290298461914e-05,
0,navstack-1709204094664,navstack,frontal,HandCrafted,,,1709204105,122231960,"builtin_interfaces.msg.Time(sec=1709204099, nanosec=342232227)",120.0,Handcrafted_LabStudy,1,1,"-11.0,-0.0,0.5","-0.0,0.0,-0.0,-1.0","12.0,-0.0,0.0","-0.0,0.0,-0.0,-1.0",23.0,23.0,21.589143753051758,0,0,0,0,0,0,0,1.8300938214617804e-26,0.0,4.0,0.0,9.376419517037276e+21,3.725290298461914e-05,
0,navstack-1709204094664,navstack,frontal,HandCrafted,,,1709204105,142231941,"builtin_interfaces.msg.Time(sec=1709204099, nanosec=342232227)",120.0,Handcrafted_LabStudy,1,1,"-11.0,-0.0,0.5","-0.0,0.0,-0.0,-1.0","12.0,-0.0,0.0","-0.0,0.0,-0.0,-1.0",23.0,23.0,21.589143753051758,0,0,0,0,0,0,0,1.8300938214617804e-26,0.0,4.0,0.0,9.718700691737866e+21,3.725290298461914e-05,
0,navstack-1709204094664,navstack,frontal,HandCrafted,,,1709204105,162231922,"builtin_interfaces.msg.Time(sec=1709204099, nanosec=342232227)",120.0,Handcrafted_LabStudy,1,1,"-11.0,-0.0,0.5","-0.0,0.0,-0.0,-1.0","12.0,-0.0,0.0","-0.0,0.0,-0.0,-1.0",23.0,23.0,21.589143753051758,0,0,0,0,0,0,0,1.8300938214617804e-26,0.0,4.0,0.0,1.0121692403557258e+22,7.450580596923828e-05,
0,navstack-1709204094664,navstack,frontal,HandCrafted,,,1709204105,162231922,"builtin_interfaces.msg.Time(sec=1709204099, nanosec=342232227)",120.0,Handcrafted_LabStudy,1,1,"-11.0,-0.0,0.5","-0.0,0.0,-0.0,-1.0","12.0,-0.0,0.0","-0.0,0.0,-0.0,-1.0",23.0,23.0,21.589143753051758,0,0,0,0,0,0,0,1.8300938214617804e-26,0.0,4.0,0.0,1.0593485729012071e+22,3.725290298461914e-05,
0,navstack-1709204094664,navstack,frontal,HandCrafted,,,1709204105,182231903,"builtin_interfaces.msg.Time(sec=1709204099, nanosec=342232227)",120.0,Handcrafted_LabStudy,1,1,"-11.0,-0.0,0.5","-0.0,0.0,-0.0,-1.0","12.0,-0.0,0.0","-0.0,0.0,-0.0,-1.0",23.0,23.0,21.589143753051758,0,0,0,0,0,0,0,1.8300938214617804e-26,0.0,4.0,0.0,1.0597579404283254e+22,3.725290298461914e-05,
0,navstack-1709204094664,navstack,frontal,HandCrafted,,,1709204105,182231903,"builtin_interfaces.msg.Time(sec=1709204099, nanosec=342232227)",120.0,Handcrafted_LabStudy,1,1,"-11.0,-0.0,0.5","-0.0,0.0,-0.0,-1.0","12.0,-0.0,0.0","-0.0,0.0,-0.0,-1.0",23.0,23.0,21.589143753051758,0,0,0,0,0,0,0,1.8300938214617804e-26,0.0,4.0,0.0,1.0597579404283254e+22,3.725290298461914e-05,
0,navstack-1709204094664,navstack,frontal,HandCrafted,,,1709204105,202231884,"builtin_interfaces.msg.Time(sec=1709204099, nanosec=342232227)",120.0,Handcrafted_LabStudy,1,1,"-11.0,-0.0,0.5","-0.0,0.0,-0.0,-1.0","12.0,-0.0,0.0","-0.0,0.0,-0.0,-1.0",23.0,23.0,21.589143753051758,0,0,0,0,0,0,0,1.8300938214617804e-26,0.0,4.0,0.0,1.0540352666610409e+22,3.725290298461914e-05,
0,navstack-1709204094664,navstack,frontal,HandCrafted,,,1709204105,202231884,"builtin_interfaces.msg.Time(sec=1709204099, nanosec=342232227)",120.0,Handcrafted_LabStudy,1,1,"-11.0,-0.0,0.5","-0.0,0.0,-0.0,-1.0","12.0,-0.0,0.0","-0.0,0.0,-0.0,-1.0",23.0,23.0,21.589143753051758,0,0,0,0,0,0,0,1.8300938214617804e-26,0.0,4.0,0.0,1.136633425348817e+22,3.725290298461914e-05,
0,navstack-1709204094664,navstack,frontal,HandCrafted,,,1709204105,222231864,"builtin_interfaces.msg.Time(sec=1709204099, nanosec=342232227)",120.0,Handcrafted_LabStudy,1,1,"-11.0,-0.0,0.5","-0.0,0.0,-0.0,-1.0","12.0,-0.0,0.0","-0.0,0.0,-0.0,-1.0",23.0,23.0,21.589143753051758,0,0,0,0,0,0,0,1.8300938214617804e-26,0.0,4.0,0.0,1.137239153610321e+22,3.725290298461914e-05,
0,navstack-1709204094664,navstack,frontal,HandCrafted,,,1709204105,222231864,"builtin_interfaces.msg.Time(sec=1709204099, nanosec=342232227)",120.0,Handcrafted_LabStudy,1,1,"-11.0,-0.0,0.5","-0.0,0.0,-0.0,-1.0","12.0,-0.0,0.0","-0.0,0.0,-0.0,-1.0",23.0,23.0,21.589143753051758,0,0,0,0,0,0,0,1.8300938214617804e-26,0.0,4.0,0.0,1.137239153610321e+22,3.725290298461914e-05,
0,navstack-1709204094664,navstack,frontal,HandCrafted,,,1709204105,222231864,"builtin_interfaces.msg.Time(sec=1709204099, nanosec=342232227)",120.0,Handcrafted_LabStudy,1,1,"-11.0,-0.0,0.5","-0.0,0.0,-0.0,-1.0","12.0,-0.0,0.0","-0.0,0.0,-0.0,-1.0",23.0,23.0,21.589143753051758,0,0,0,0,0,0,0,1.8300938214617804e-26,0.0,4.0,0.0,1.2128299387230792e+22,0.0,
0,navstack-1709204094664,navstack,frontal,HandCrafted,,,1709204105,242232084,"builtin_interfaces.msg.Time(sec=1709204099, nanosec=342232227)",120.0,Handcrafted_LabStudy,1,1,"-11.0,-0.0,0.5","-0.0,0.0,-0.0,-1.0","12.0,-0.0,0.0","-0.0,0.0,-0.0,-1.0",23.0,23.0,21.589143753051758,0,0,0,0,0,0,0,1.8300938214617804e-26,0.0,4.0,0.0,1.2137422485298948e+22,3.725290298461914e-05,
0,navstack-1709204094664,navstack,frontal,HandCrafted,,,1709204105,242232084,"builtin_interfaces.msg.Time(sec=1709204099, nanosec=342232227)",120.0,Handcrafted_LabStudy,1,1,"-11.0,-0.0,0.5","-0.0,0.0,-0.0,-1.0","12.0,-0.0,0.0","-0.0,0.0,-0.0,-1.0",23.0,23.0,21.589143753051758,0,0,0,0,0,0,0,1.8300938214617804e-26,0.0,4.0,0.0,1.2137422485298948e+22,3.725290298461914e-05,
0,navstack-1709204094664,navstack,frontal,HandCrafted,,,1709204105,262232065,"builtin_interfaces.msg.Time(sec=1709204099, nanosec=342232227)",120.0,Handcrafted_LabStudy,1,1,"-11.0,-0.0,0.5","-0.0,0.0,-0.0,-1.0","12.0,-0.0,0.0","-0.0,0.0,-0.0,-1.0",23.0,23.0,21.589143753051758,0,0,0,0,0,0,0,1.8300938214617804e-26,0.0,4.0,0.0,1.1934593788919624e+22,3.725290298461914e-05,
0,navstack-1709204094664,navstack,frontal,HandCrafted,,,1709204105,262232065,"builtin_interfaces.msg.Time(sec=1709204099, nanosec=342232227)",120.0,Handcrafted_LabStudy,1,1,"-11.0,-0.0,0.5","-0.0,0.0,-0.0,-1.0","12.0,-0.0,0.0","-0.0,0.0,-0.0,-1.0",23.0,23.0,21.589143753051758,0,0,0,0,0,0,0,1.8300938214617804e-26,0.0,4.0,0.0,1.3287949834451253e+22,3.725290298461914e-05,
0,navstack-1709204094664,navstack,frontal,HandCrafted,,,1709204105,282232284,"builtin_interfaces.msg.Time(sec=1709204099, nanosec=342232227)",120.0,Handcrafted_LabStudy,1,1,"-11.0,-0.0,0.5","-0.0,0.0,-0.0,-1.0","12.0,-0.0,0.0","-0.0,0.0,-0.0,-1.0",23.0,23.0,21.589143753051758,0,0,0,0,0,0,0,1.8300938214617804e-26,0.0,4.0,0.0,1.3299917572228279e+22,3.725290298461914e-05,
0,navstack-1709204094664,navstack,frontal,HandCrafted,,,1709204105,282232284,"builtin_interfaces.msg.Time(sec=1709204099, nanosec=342232227)",120.0,Handcrafted_LabStudy,1,1,"-11.0,-0.0,0.5","-0.0,0.0,-0.0,-1.0","12.0,-0.0,0.0","-0.0,0.0,-0.0,-1.0",23.0,23.0,21.589143753051758,0,0,0,0,0,0,0,1.8300938214617804e-26,0.0,4.0,0.0,1.3299917572228279e+22,3.725290298461914e-05,
0,navstack-1709204094664,navstack,frontal,HandCrafted,,,1709204105,282232284,"builtin_interfaces.msg.Time(sec=1709204099, nanosec=342232227)",120.0,Handcrafted_LabStudy,1,1,"-11.0,-0.0,0.5","-0.0,0.0,-0.0,-1.0","12.0,-0.0,0.0","-0.0,0.0,-0.0,-1.0",23.0,23.0,21.589143753051758,0,0,0,0,0,0,0,1.8300938214617804e-26,0.0,4.0,0.0,1.3299917572228279e+22,0.0,
0,navstack-1709204094664,navstack,frontal,HandCrafted,,,1709204105,302232265,"builtin_interfaces.msg.Time(sec=1709204099, nanosec=342232227)",120.0,Handcrafted_LabStudy,1,1,"-11.0,-0.0,0.5","-0.0,0.0,-0.0,-1.0","12.0,-0.0,0.0","-0.0,0.0,-0.0,-1.0",23.0,23.0,21.589143753051758,0,0,0,0,0,0,0,1.8300938214617804e-26,0.0,4.0,0.0,1.4654117610778526e+22,3.725290298461914e-05,
0,navstack-1709204094664,navstack,frontal,HandCrafted,,,1709204105,302232265,"builtin_interfaces.msg.Time(sec=1709204099, nanosec=342232227)",120.0,Handcrafted_LabStudy,1,1,"-11.0,-0.0,0.5","-0.0,0.0,-0.0,-1.0","12.0,-0.0,0.0","-0.0,0.0,-0.0,-1.0",23.0,23.0,21.589143753051758,0,0,0,0,0,0,0,1.8300938214617804e-26,0.0,4.0,0.0,1.6492044126639354e+22,3.725290298461914e-05,
0,navstack-1709204094664,navstack,frontal,HandCrafted,,,1709204105,322232246,"builtin_interfaces.msg.Time(sec=1709204099, nanosec=342232227)",120.0,Handcrafted_LabStudy,1,1,"-11.0,-0.0,0.5","-0.0,0.0,-0.0,-1.0","12.0,-0.0,0.0","-0.0,0.0,-0.0,-1.0",23.0,23.0,21.589143753051758,0,0,0,0,0,0,0,1.8300938214617804e-26,0.0,4.0,0.0,1.6508380368268847e+22,3.725290298461914e-05,
0,navstack-1709204094664,navstack,frontal,HandCrafted,,,1709204105,322232246,"builtin_interfaces.msg.Time(sec=1709204099, nanosec=342232227)",120.0,Handcrafted_LabStudy,1,1,"-11.0,-0.0,0.5","-0.0,0.0,-0.0,-1.0","12.0,-0.0,0.0","-0.0,0.0,-0.0,-1.0",23.0,23.0,21.589143753051758,0,0,0,0,0,0,0,1.8300938214617804e-26,0.0,4.0,0.0,1.6508380368268847e+22,3.725290298461914e-05,
0,navstack-1709204094664,navstack,frontal,HandCrafted,,,1709204105,342232227,"builtin_interfaces.msg.Time(sec=1709204099, nanosec=342232227)",120.0,Handcrafted_LabStudy,1,1,"-11.0,-0.0,0.5","-0.0,0.0,-0.0,-1.0","12.0,-0.0,0.0","-0.0,0.0,-0.0,-1.0",23.0,23.0,21.589143753051758,0,0,0,0,0,0,0,1.8300938214617804e-26,0.0,4.0,0.0,1.5943368483873254e+22,3.725290298461914e-05,
0,navstack-1709204094664,navstack,frontal,HandCrafted,,,1709204105,342232227,"builtin_interfaces.msg.Time(sec=1709204099, nanosec=342232227)",120.0,Handcrafted_LabStudy,1,1,"-11.0,-0.0,0.5","-0.0,0.0,-0.0,-1.0","12.0,-0.0,0.0","-0.0,0.0,-0.0,-1.0",23.0,23.0,21.589143753051758,0,0,0,0,0,0,0,1.8300938214617804e-26,0.0,4.0,0.0,1.8349160874894428e+22,3.725290298461914e-05,
0,navstack-1709204094664,navstack,frontal,HandCrafted,,,1709204105,362232208,"builtin_interfaces.msg.Time(sec=1709204099, nanosec=342232227)",120.0,Handcrafted_LabStudy,1,1,"-11.0,-0.0,0.5","-0.0,0.0,-0.0,-1.0","12.0,-0.0,0.0","-0.0,0.0,-0.0,-1.0",23.0,23.0,21.589143753051758,0,0,0,0,0,0,0,1.8300938214617804e-26,0.0,4.0,0.0,1.8367949982384882e+22,3.725290298461914e-05,
0,navstack-1709204094664,navstack,frontal,HandCrafted,,,1709204105,362232208,"builtin_interfaces.msg.Time(sec=1709204099, nanosec=342232227)",120.0,Handcrafted_LabStudy,1,1,"-11.0,-0.0,0.5","-0.0,0.0,-0.0,-1.0","12.0,-0.0,0.0","-0.0,0.0,-0.0,-1.0",23.0,23.0,21.589143753051758,0,0,0,0,0,0,0,1.8300938214617804e-26,0.0,4.0,0.0,1.8367949982384882e+22,3.725290298461914e-05,
0,navstack-1709204094664,navstack,frontal,HandCrafted,,,1709204105,362232208,"builtin_interfaces.msg.Time(sec=1709204099, nanosec=342232227)",120.0,Handcrafted_LabStudy,1,1,"-11.0,-0.0,0.5","-0.0,0.0,-0.0,-1.0","12.0,-0.0,0.0","-0.0,0.0,-0.0,-1.0",23.0,23.0,21.589143753051758,0,0,0,0,0,0,0,1.8300938214617804e-26,0.0,4.0,0.0,2.209753055793842e+22,0.0,
0,navstack-1709204094664,navstack,frontal,HandCrafted,,,1709204105,382232189,"builtin_interfaces.msg.Time(sec=1709204099, nanosec=342232227)",120.0,Handcrafted_LabStudy,1,1,"-11.0,-0.0,0.5","-0.0,0.0,-0.0,-1.0","12.0,-0.0,0.0","-0.0,0.0,-0.0,-1.0",23.0,23.0,21.589143753051758,0,0,0,0,0,0,0,1.8300938214617804e-26,0.0,4.0,0.0,2.211863093651369e+22,3.725290298461914e-05,
0,navstack-1709204094664,navstack,frontal,HandCrafted,,,1709204105,382232189,"builtin_interfaces.msg.Time(sec=1709204099, nanosec=342232227)",120.0,Handcrafted_LabStudy,1,1,"-11.0,-0.0,0.5","-0.0,0.0,-0.0,-1.0","12.0,-0.0,0.0","-0.0,0.0,-0.0,-1.0",23.0,23.0,21.589143753051758,0,0,0,0,0,0,0,1.8300938214617804e-26,0.0,4.0,0.0,2.863407056374976e+22,3.725290298461914e-05,
0,navstack-1709204094664,navstack,frontal,HandCrafted,,,1709204105,402232170,"builtin_interfaces.msg.Time(sec=1709204099, nanosec=342232227)",120.0,Handcrafted_LabStudy,1,1,"-11.0,-0.0,0.5","-0.0,0.0,-0.0,-1.0","12.0,-0.0,0.0","-0.0,0.0,-0.0,-1.0",23.0,23.0,21.589143753051758,0,0,0,0,0,0,0,1.8300938214617804e-26,0.0,4.0,0.0,2.8667369688383795e+22,3.725290298461914e-05,
0,navstack-1709204094664,navstack,frontal,HandCrafted,,,1709204105,422232151,"builtin_interfaces.msg.Time(sec=1709204099, nanosec=342232227)",120.0,Handcrafted_LabStudy,1,1,"-11.0,-0.0,0.5","-0.0,0.0,-0.0,-1.0","12.0,-0.0,0.0","-0.0,0.0,-0.0,-1.0",23.0,23.0,21.490066528320312,0,0,0,0,0,0,0,1.8300938214617804e-26,0.0,5.0,0.0,2.503436003974267e+22,7.450580596923828e-05,
0,navstack-1709204094664,navstack,frontal,HandCrafted,,,1709204105,442232131,"builtin_interfaces.msg.Time(sec=1709204099, nanosec=342232227)",120.0,Handcrafted_LabStudy,1,1,"-11.0,-0.0,0.5","-0.0,0.0,-0.0,-1.0","12.0,-0.0,0.0","-0.0,0.0,-0.0,-1.0",23.0,23.0,21.490066528320312,0,0,0,0,0,0,0,1.8300938214617804e-26,0.0,5.0,0.0,4.147031689264795e+22,7.450580596923828e-05,
0,navstack-1709204094664,navstack,frontal,HandCrafted,,,1709204105,442232131,"builtin_interfaces.msg.Time(sec=1709204099, nanosec=342232227)",120.0,Handcrafted_LabStudy,1,1,"-11.0,-0.0,0.5","-0.0,0.0,-0.0,-1.0","12.0,-0.0,0.0","-0.0,0.0,-0.0,-1.0",23.0,23.0,21.490066528320312,0,0,0,0,0,0,0,1.8300938214617804e-26,0.0,5.0,0.0,8.837353867395835e+22,3.725290298461914e-05,
0,navstack-1709204094664,navstack,frontal,HandCrafted,,,1709204105,442232131,"builtin_interfaces.msg.Time(sec=1709204099, nanosec=342232227)",120.0,Handcrafted_LabStudy,1,1,"-11.0,-0.0,0.5","-0.0,0.0,-0.0,-1.0","12.0,-0.0,0.0","-0.0,0.0,-0.0,-1.0",23.0,23.0,21.490066528320312,0,0,0,0,0,0,0,1.8300938214617804e-26,0.0,5.0,0.0,4.147032236576933e+22,0.0,
0,navstack-1709204094664,navstack,frontal,HandCrafted,,,1709204105,462232112,"builtin_interfaces.msg.Time(sec=1709204099, nanosec=342232227)",120.0,Handcrafted_LabStudy,1,1,"-11.0,-0.0,0.5","-0.0,0.0,-0.0,-1.0","12.0,-0.0,0.0","-0.0,0.0,-0.0,-1.0",23.0,23.0,21.490066528320312,0,0,0,0,0,0,0,1.8300938214617804e-26,0.0,5.0,0.0,1.799519946007881e+23,3.725290298461914e-05,
0,navstack-1709204094664,navstack,frontal,HandCrafted,,,1709204105,482231855,"builtin_interfaces.msg.Time(sec=1709204099, nanosec=342232227)",120.0,Handcrafted_LabStudy,1,1,"-11.0,-0.0,0.5","-0.0,0.0,-0.0,-1.0","12.0,-0.0,0.0","-0.0,0.0,-0.0,-1.0",23.0,23.0,21.490066528320312,0,0,0,0,0,0,0,1.8300938214617804e-26,0.0,5.0,0.0,1.0617226077157931e+23,7.450580596923828e-05,
0,navstack-1709204094664,navstack,frontal,HandCrafted,,,1709204105,482231855,"builtin_interfaces.msg.Time(sec=1709204099, nanosec=342232227)",120.0,Handcrafted_LabStudy,1,1,"-11.0,-0.0,0.5","-0.0,0.0,-0.0,-1.0","12.0,-0.0,0.0","-0.0,0.0,-0.0,-1.0",23.0,23.0,21.490066528320312,0,0,0,0,0,0,0,1.8300938214617804e-26,0.0,5.0,0.0,1.0617226077157931e+23,3.725290298461914e-05,
0,navstack-1709204094664,navstack,frontal,HandCrafted,,,1709204105,482231855,"builtin_interfaces.msg.Time(sec=1709204099, nanosec=342232227)",120.0,Handcrafted_LabStudy,1,1,"-11.0,-0.0,0.5","-0.0,0.0,-0.0,-1.0","12.0,-0.0,0.0","-0.0,0.0,-0.0,-1.0",23.0,23.0,21.490066528320312,0,0,0,0,0,0,0,1.8300938214617804e-26,0.0,5.0,0.0,1.9665886214970266e+23,0.0,
0,navstack-1709204094664,navstack,frontal,HandCrafted,,,1709204105,502231836,"builtin_interfaces.msg.Time(sec=1709204099, nanosec=342232227)",120.0,Handcrafted_LabStudy,1,1,"-11.0,-0.0,0.5","-0.0,0.0,-0.0,-1.0","12.0,-0.0,0.0","-0.0,0.0,-0.0,-1.0",23.0,23.0,21.490066528320312,0,0,0,0,0,0,0,1.8300938214617804e-26,0.0,5.0,0.0,1.9680191070278986e+23,3.725290298461914e-05,
0,navstack-1709204094664,navstack,frontal,HandCrafted,,,1709204105,502231836,"builtin_interfaces.msg.Time(sec=1709204099, nanosec=342232227)",120.0,Handcrafted_LabStudy,1,1,"-11.0,-0.0,0.5","-0.0,0.0,-0.0,-1.0","12.0,-0.0,0.0","-0.0,0.0,-0.0,-1.0",23.0,23.0,21.490066528320312,0,0,0,0,0,0,0,1.8300938214617804e-26,0.0,5.0,0.0,1.9680191070278986e+23,3.725290298461914e-05,
0,navstack-1709204094664,navstack,frontal,HandCrafted,,,1709204105,522231817,"builtin_interfaces.msg.Time(sec=1709204099, nanosec=342232227)",120.0,Handcrafted_LabStudy,1,1,"-11.0,-0.0,0.5","-0.0,0.0,-0.0,-1.0","12.0,-0.0,0.0","-0.0,0.0,-0.0,-1.0",23.0,23.0,21.490066528320312,0,0,0,0,0,0,0,1.8300938214617804e-26,0.0,5.0,0.0,4.717024990054349e+22,3.725290298461914e-05,
0,navstack-1709204094664,navstack,frontal,HandCrafted,,,1709204105,522231817,"builtin_interfaces.msg.Time(sec=1709204099, nanosec=342232227)",120.0,Handcrafted_LabStudy,1,1,"-11.0,-0.0,0.5","-0.0,0.0,-0.0,-1.0","12.0,-0.0,0.0","-0.0,0.0,-0.0,-1.0",23.0,23.0,21.490066528320312,0,0,0,0,0,0,0,1.8300938214617804e-26,0.0,5.0,0.0,4.717024990054349e+22,3.725290298461914e-05,
0,navstack-1709204094664,navstack,frontal,HandCrafted,,,1709204105,542232036,"builtin_interfaces.msg.Time(sec=1709204099, nanosec=342232227)",120.0,Handcrafted_LabStudy,1,1,"-11.0,-0.0,0.5","-0.0,0.0,-0.0,-1.0","12.0,-0.0,0.0","-0.0,0.0,-0.0,-1.0",23.0,23.0,21.490066528320312,0,0,0,0,0,0,0,1.8300938214617804e-26,0.0,5.0,0.0,2.5647590989442868e+22,3.725290298461914e-05,
0,navstack-1709204094664,navstack,frontal,HandCrafted,,,1709204105,542232036,"builtin_interfaces.msg.Time(sec=1709204099, nanosec=342232227)",120.0,Handcrafted_LabStudy,1,1,"-11.0,-0.0,0.5","-0.0,0.0,-0.0,-1.0","12.0,-0.0,0.0","-0.0,0.0,-0.0,-1.0",23.0,23.0,21.490066528320312,0,0,0,0,0,0,0,1.8300938214617804e-26,0.0,5.0,0.0,2.5647590989442868e+22,3.725290298461914e-05,
0,navstack-1709204094664,navstack,frontal,HandCrafted,,,1709204105,562232017,"builtin_interfaces.msg.Time(sec=1709204099, nanosec=342232227)",120.0,Handcrafted_LabStudy,1,1,"-11.0,-0.0,0.5","-0.0,0.0,-0.0,-1.0","12.0,-0.0,0.0","-0.0,0.0,-0.0,-1.0",23.0,23.0,21.490066528320312,0,0,0,0,0,0,0,1.8300938214617804e-26,0.0,5.0,0.0,3.015540193042789e+22,3.725290298461914e-05,
0,navstack-1709204094664,navstack,frontal,HandCrafted,,,1709204105,562232017,"builtin_interfaces.msg.Time(sec=1709204099, nanosec=342232227)",120.0,Handcrafted_LabStudy,1,1,"-11.0,-0.0,0.5","-0.0,0.0,-0.0,-1.0","12.0,-0.0,0.0","-0.0,0.0,-0.0,-1.0",23.0,23.0,21.490066528320312,0,0,0,0,0,0,0,1.8300938214617804e-26,0.0,5.0,0.0,1.918173061341603e+22,3.725290298461914e-05,
0,navstack-1709204094664,navstack,frontal,HandCrafted,,,1709204105,562232017,"builtin_interfaces.msg.Time(sec=1709204099, nanosec=342232227)",120.0,Handcrafted_LabStudy,1,1,"-11.0,-0.0,0.5","-0.0,0.0,-0.0,-1.0","12.0,-0.0,0.0","-0.0,0.0,-0.0,-1.0",23.0,23.0,21.490066528320312,0,0,0,0,0,0,0,1.8300938214617804e-26,0.0,5.0,0.0,1.918173061341603e+22,0.0,
0,navstack-1709204094664,navstack,frontal,HandCrafted,,,1709204105,582231998,"builtin_interfaces.msg.Time(sec=1709204099, nanosec=342232227)",120.0,Handcrafted_LabStudy,1,1,"-11.0,-0.0,0.5","-0.0,0.0,-0.0,-1.0","12.0,-0.0,0.0","-0.0,0.0,-0.0,-1.0",23.0,23.0,21.490066528320312,0,0,0,0,0,0,0,1.8300938214617804e-26,0.0,5.0,0.0,1.9202591254163543e+22,3.725290298461914e-05,
0,navstack-1709204094664,navstack,frontal,HandCrafted,,,1709204105,582231998,"builtin_interfaces.msg.Time(sec=1709204099, nanosec=342232227)",120.0,Handcrafted_LabStudy,1,1,"-11.0,-0.0,0.5","-0.0,0.0,-0.0,-1.0","12.0,-0.0,0.0","-0.0,0.0,-0.0,-1.0",23.0,23.0,21.490066528320312,0,0,0,0,0,0,0,1.8300938214617804e-26,0.0,5.0,0.0,1.3770328464462788e+22,3.725290298461914e-05,
0,navstack-1709204094664,navstack,frontal,HandCrafted,,,1709204105,582231998,"builtin_interfaces.msg.Time(sec=1709204099, nanosec=342232227)",120.0,Handcrafted_LabStudy,1,1,"-11.0,-0.0,0.5","-0.0,0.0,-0.0,-1.0","12.0,-0.0,0.0","-0.0,0.0,-0.0,-1.0",23.0,23.0,21.490066528320312,0,0,0,0,0,0,0,1.8300938214617804e-26,0.0,5.0,0.0,1.3770328464462788e+22,0.0,
0,navstack-1709204094664,navstack,frontal,HandCrafted,,,1709204105,602231979,"builtin_interfaces.msg.Time(sec=1709204099, nanosec=342232227)",120.0,Handcrafted_LabStudy,1,1,"-11.0,-0.0,0.5","-0.0,0.0,-0.0,-1.0","12.0,-0.0,0.0","-0.0,0.0,-0.0,-1.0",23.0,23.0,21.490066528320312,0,0,0,0,0,0,0,1.8300938214617804e-26,0.0,5.0,0.0,1.3788838346916012e+22,3.725290298461914e-05,
0,navstack-1709204094664,navstack,frontal,HandCrafted,,,1709204105,602231979,"builtin_interfaces.msg.Time(sec=1709204099, nanosec=342232227)",120.0,Handcrafted_LabStudy,1,1,"-11.0,-0.0,0.5","-0.0,0.0,-0.0,-1.0","12.0,-0.0,0.0","-0.0,0.0,-0.0,-1.0",23.0,23.0,21.490066528320312,0,0,0,0,0,0,0,1.8300938214617804e-26,0.0,5.0,0.0,1.3788838346916012e+22,3.725290298461914e-05,
0,navstack-1709204094664,navstack,frontal,HandCrafted,,,1709204105,622231960,"builtin_interfaces.msg.Time(sec=1709204099, nanosec=342232227)",120.0,Handcrafted_LabStudy,1,1,"-11.0,-0.0,0.5","-0.0,0.0,-0.0,-1.0","12.0,-0.0,0.0","-0.0,0.0,-0.0,-1.0",23.0,23.0,21.490066528320312,0,0,0,0,0,0,0,1.8300938214617804e-26,0.0,5.0,0.0,1.5230928711904475e+22,3.725290298461914e-05,
0,navstack-1709204094664,navstack,frontal,HandCrafted,,,1709204105,622231960,"builtin_interfaces.msg.Time(sec=1709204099, nanosec=342232227)",120.0,Handcrafted_LabStudy,1,1,"-11.0,-0.0,0.5","-0.0,0.0,-0.0,-1.0","12.0,-0.0,0.0","-0.0,0.0,-0.0,-1.0",23.0,23.0,21.490066528320312,0,0,0,0,0,0,0,1.8300938214617804e-26,0.0,5.0,0.0,9.671002853314354e+21,3.725290298461914e-05,
0,navstack-1709204094664,navstack,frontal,HandCrafted,,,1709204105,642231941,"builtin_interfaces.msg.Time(sec=1709204099, nanosec=342232227)",120.0,Handcrafted_LabStudy,1,1,"-11.0,-0.0,0.5","-0.0,0.0,-0.0,-1.0","12.0,-0.0,0.0","-0.0,0.0,-0.0,-1.0",23.0,23.0,21.490066528320312,0,0,0,0,0,0,0,1.8300938214617804e-26,0.0,5.0,0.0,9.685769915657093e+21,3.725290298461914e-05,
0,navstack-1709204094664,navstack,frontal,HandCrafted,,,1709204105,662231922,"builtin_interfaces.msg.Time(sec=1709204099, nanosec=342232227)",120.0,Handcrafted_LabStudy,1,1,"-11.0,-0.0,0.5","-0.0,0.0,-0.0,-1.0","12.0,-0.0,0.0","-0.0,0.0,-0.0,-1.0",23.0,23.0,21.490066528320312,0,0,0,0,0,0,0,1.8300938214617804e-26,0.0,5.0,0.0,7.956435764820282e+21,7.450580596923828e-05,
0,navstack-1709204094664,navstack,frontal,HandCrafted,,,1709204105,682231903,"builtin_interfaces.msg.Time(sec=1709204099, nanosec=342232227)",120.0,Handcrafted_LabStudy,1,1,"-11.0,-0.0,0.5","-0.0,0.0,-0.0,-1.0","12.0,-0.0,0.0","-0.0,0.0,-0.0,-1.0",23.0,23.0,21.490066528320312,0,0,0,0,0,0,0,1.8300938214617804e-26,0.0,5.0,0.0,9.197155635766896e+21,7.450580596923828e-05,
0,navstack-1709204094664,navstack,frontal,HandCrafted,,,1709204105,682231903,"builtin_interfaces.msg.Time(sec=1709204099, nanosec=342232227)",120.0,Handcrafted_LabStudy,1,1,"-11.0,-0.0,0.5","-0.0,0.0,-0.0,-1.0","12.0,-0.0,0.0","-0.0,0.0,-0.0,-1.0",23.0,23.0,21.490066528320312,0,0,0,0,0,0,0,1.8300938214617804e-26,0.0,5.0,0.0,7.107636247377903e+21,3.725290298461914e-05,
0,navstack-1709204094664,navstack,frontal,HandCrafted,,,1709204105,702231884,"builtin_interfaces.msg.Time(sec=1709204099, nanosec=342232227)",120.0,Handcrafted_LabStudy,1,1,"-11.0,-0.0,0.5","-0.0,0.0,-0.0,-1.0","12.0,-0.0,0.0","-0.0,0.0,-0.0,-1.0",23.0,23.0,21.490066528320312,0,0,0,0,0,0,0,1.8300938214617804e-26,0.0,5.0,0.0,6.168525485272031e+21,3.725290298461914e-05,
0,navstack-1709204094664,navstack,frontal,HandCrafted,,,1709204105,702231884,"builtin_interfaces.msg.Time(sec=1709204099, nanosec=342232227)",120.0,Handcrafted_LabStudy,1,1,"-11.0,-0.0,0.5","-0.0,0.0,-0.0,-1.0","12.0,-0.0,0.0","-0.0,0.0,-0.0,-1.0",23.0,23.0,21.490066528320312,0,0,0,0,0,0,0,1.8300938214617804e-26,0.0,5.0,0.0,6.168525485272031e+21,3.725290298461914e-05,
0,navstack-1709204094664,navstack,frontal,HandCrafted,,,1709204105,742231607,"builtin_interfaces.msg.Time(sec=1709204099, nanosec=342232227)",120.0,Handcrafted_LabStudy,1,1,"-11.0,-0.0,0.5","-0.0,0.0,-0.0,-1.0","12.0,-0.0,0.0","-0.0,0.0,-0.0,-1.0",23.0,23.0,21.490066528320312,0,0,0,0,0,0,0,1.8300938214617804e-26,0.0,5.0,0.0,5.503660072582776e+21,0.0,
0,navstack-1709204094664,navstack,frontal,HandCrafted,,,1709204105,742231607,"builtin_interfaces.msg.Time(sec=1709204099, nanosec=342232227)",120.0,Handcrafted_LabStudy,1,1,"-11.0,-0.0,0.5","-0.0,0.0,-0.0,-1.0","12.0,-0.0,0.0","-0.0,0.0,-0.0,-1.0",23.0,23.0,21.490066528320312,0,0,0,0,0,0,0,1.8300938214617804e-26,0.0,5.0,0.0,5.503660072582776e+21,0.0,
0,navstack-1709204094664,navstack,frontal,HandCrafted,,,1709204105,762232065,"builtin_interfaces.msg.Time(sec=1709204099, nanosec=342232227)",120.0,Handcrafted_LabStudy,1,1,"-11.0,-0.0,0.5","-0.0,0.0,-0.0,-1.0","12.0,-0.0,0.0","-0.0,0.0,-0.0,-1.0",23.0,23.0,21.490066528320312,0,0,0,0,0,0,0,1.8300938214617804e-26,0.0,5.0,0.0,5.022300376147263e+21,3.725290298461914e-05,
0,navstack-1709204094664,navstack,frontal,HandCrafted,,,1709204105,782232284,"builtin_interfaces.msg.Time(sec=1709204099, nanosec=342232227)",120.0,Handcrafted_LabStudy,1,1,"-11.0,-0.0,0.5","-0.0,0.0,-0.0,-1.0","12.0,-0.0,0.0","-0.0,0.0,-0.0,-1.0",23.0,23.0,21.490066528320312,0,0,0,0,0,0,0,1.8300938214617804e-26,0.0,5.0,0.0,5.303862266422366e+21,7.450580596923828e-05,
0,navstack-1709204094664,navstack,frontal,HandCrafted,,,1709204105,802232265,"builtin_interfaces.msg.Time(sec=1709204099, nanosec=342232227)",120.0,Handcrafted_LabStudy,1,1,"-11.0,-0.0,0.5","-0.0,0.0,-0.0,-1.0","12.0,-0.0,0.0","-0.0,0.0,-0.0,-1.0",23.0,23.0,21.490066528320312,0,0,0,0,0,0,0,1.8300938214617804e-26,0.0,5.0,0.0,4.738121204845293e+21,7.450580596923828e-05,
0,navstack-1709204094664,navstack,frontal,HandCrafted,,,1709204105,822232246,"builtin_interfaces.msg.Time(sec=1709204099, nanosec=342232227)",120.0,Handcrafted_LabStudy,1,1,"-11.0,-0.0,0.5","-0.0,0.0,-0.0,-1.0","12.0,-0.0,0.0","-0.0,0.0,-0.0,-1.0",23.0,23.0,21.490066528320312,0,0,0,0,0,0,0,1.8300938214617804e-26,0.0,5.0,0.0,5.005748723990479e+21,7.450580596923828e-05,
0,navstack-1709204094664,navstack,frontal,HandCrafted,,,1709204105,842232227,"builtin_interfaces.msg.Time(sec=1709204099, nanosec=342232227)",120.0,Handcrafted_LabStudy,1,1,"-11.0,-0.0,0.5","-0.0,0.0,-0.0,-1.0","12.0,-0.0,0.0","-0.0,0.0,-0.0,-1.0",23.0,23.0,21.490066528320312,0,0,0,0,0,0,0,1.8300938214617804e-26,0.0,5.0,0.0,4.417530725251948e+21,7.450580596923828e-05,
0,navstack-1709204094664,navstack,frontal,HandCrafted,,,1709204105,842232227,"builtin_interfaces.msg.Time(sec=1709204099, nanosec=342232227)",120.0,Handcrafted_LabStudy,1,1,"-11.0,-0.0,0.5","-0.0,0.0,-0.0,-1.0","12.0,-0.0,0.0","-0.0,0.0,-0.0,-1.0",23.0,23.0,21.490066528320312,0,0,0,0,0,0,0,1.8300938214617804e-26,0.0,5.0,0.0,4.417530725251948e+21,3.725290298461914e-05,
0,navstack-1709204094664,navstack,frontal,HandCrafted,,,1709204105,862232208,"builtin_interfaces.msg.Time(sec=1709204099, nanosec=342232227)",120.0,Handcrafted_LabStudy,1,1,"-11.0,-0.0,0.5","-0.0,0.0,-0.0,-1.0","12.0,-0.0,0.0","-0.0,0.0,-0.0,-1.0",23.0,23.0,21.490066528320312,0,0,0,0,0,0,0,1.8300938214617804e-26,0.0,5.0,0.0,4.247341531851478e+21,3.725290298461914e-05,
0,navstack-1709204094664,navstack,frontal,HandCrafted,,,1709204105,862232208,"builtin_interfaces.msg.Time(sec=1709204099, nanosec=342232227)",120.0,Handcrafted_LabStudy,1,1,"-11.0,-0.0,0.5","-0.0,0.0,-0.0,-1.0","12.0,-0.0,0.0","-0.0,0.0,-0.0,-1.0",23.0,23.0,21.490066528320312,0,0,0,0,0,0,0,1.8300938214617804e-26,0.0,5.0,0.0,4.247341531851478e+21,3.725290298461914e-05,
0,navstack-1709204094664,navstack,frontal,HandCrafted,,,1709204105,882232189,"builtin_interfaces.msg.Time(sec=1709204099, nanosec=342232227)",120.0,Handcrafted_LabStudy,1,1,"-11.0,-0.0,0.5","-0.0,0.0,-0.0,-1.0","12.0,-0.0,0.0","-0.0,0.0,-0.0,-1.0",23.0,23.0,21.490066528320312,0,0,0,0,0,0,0,1.8300938214617804e-26,0.0,5.0,0.0,4.362507383552081e+21,3.725290298461914e-05,
0,navstack-1709204094664,navstack,frontal,HandCrafted,,,1709204105,902232170,"builtin_interfaces.msg.Time(sec=1709204099, nanosec=342232227)",120.0,Handcrafted_LabStudy,1,1,"-11.0,-0.0,0.5","-0.0,0.0,-0.0,-1.0","12.0,-0.0,0.0","-0.0,0.0,-0.0,-1.0",23.0,23.0,21.490066528320312,0,0,0,0,0,0,0,1.8300938214617804e-26,0.0,5.0,0.0,4.1248071230312593e+21,7.450580596923828e-05,
0,navstack-1709204094664,navstack,frontal,HandCrafted,,,1709204105,922232151,"builtin_interfaces.msg.Time(sec=1709204099, nanosec=342232227)",120.0,Handcrafted_LabStudy,1,1,"-11.0,-0.0,0.5","-0.0,0.0,-0.0,-1.0","12.0,-0.0,0.0","-0.0,0.0,-0.0,-1.0",23.0,23.0,21.490066528320312,0,0,0,0,0,0,0,1.8300938214617804e-26,0.0,5.0,0.0,4.1725914397869296e+21,7.450580596923828e-05,
0,navstack-1709204094664,navstack,frontal,HandCrafted,,,1709204105,922232151,"builtin_interfaces.msg.Time(sec=1709204099, nanosec=342232227)",120.0,Handcrafted_LabStudy,1,1,"-11.0,-0.0,0.5","-0.0,0.0,-0.0,-1.0","12.0,-0.0,0.0","-0.0,0.0,-0.0,-1.0",23.0,23.0,21.490066528320312,0,0,0,0,0,0,0,1.8300938214617804e-26,0.0,5.0,0.0,4.0446989599725443e+21,3.725290298461914e-05,
0,navstack-1709204094664,navstack,frontal,HandCrafted,,,1709204105,942232131,"builtin_interfaces.msg.Time(sec=1709204099, nanosec=342232227)",120.0,Handcrafted_LabStudy,1,1,"-11.0,-0.0,0.5","-0.0,0.0,-0.0,-1.0","12.0,-0.0,0.0","-0.0,0.0,-0.0,-1.0",23.0,23.0,21.490066528320312,0,0,0,0,0,0,0,1.8300938214617804e-26,0.0,5.0,0.0,4.048282206222567e+21,3.725290298461914e-05,
0,navstack-1709204094664,navstack,frontal,HandCrafted,,,1709204105,962232112,"builtin_interfaces.msg.Time(sec=1709204099, nanosec=342232227)",120.0,Handcrafted_LabStudy,1,1,"-11.0,-0.0,0.5","-0.0,0.0,-0.0,-1.0","12.0,-0.0,0.0","-0.0,0.0,-0.0,-1.0",23.0,23.0,21.490066528320312,0,0,0,0,0,0,0,1.8300938214617804e-26,0.0,5.0,0.0,3.981417020173407e+21,7.450580596923828e-05,
0,navstack-1709204094664,navstack,frontal,HandCrafted,,,1709204105,982231855,"builtin_interfaces.msg.Time(sec=1709204099, nanosec=342232227)",120.0,Handcrafted_LabStudy,1,1,"-11.0,-0.0,0.5","-0.0,0.0,-0.0,-1.0","12.0,-0.0,0.0","-0.0,0.0,-0.0,-1.0",23.0,23.0,21.490066528320312,0,0,0,0,0,0,0,1.8300938214617804e-26,0.0,5.0,0.0,3.98826039672454e+21,7.450580596923828e-05,
0,navstack-1709204094664,navstack,frontal,HandCrafted,,,1709204105,982231855,"builtin_interfaces.msg.Time(sec=1709204099, nanosec=342232227)",120.0,Handcrafted_LabStudy,1,1,"-11.0,-0.0,0.5","-0.0,0.0,-0.0,-1.0","12.0,-0.0,0.0","-0.0,0.0,-0.0,-1.0",23.0,23.0,21.490066528320312,0,0,0,0,0,0,0,1.8300938214617804e-26,0.0,5.0,0.0,3.9599262087728417e+21,3.725290298461914e-05,
0,navstack-1709204094664,navstack,frontal,HandCrafted,,,1709204105,982231855,"builtin_interfaces.msg.Time(sec=1709204099, nanosec=342232227)",120.0,Handcrafted_LabStudy,1,1,"-11.0,-0.0,0.5","-0.0,0.0,-0.0,-1.0","12.0,-0.0,0.0","-0.0,0.0,-0.0,-1.0",23.0,23.0,21.490066528320312,0,0,0,0,0,0,0,1.8300938214617804e-26,0.0,5.0,0.0,3.9599262087728417e+21,0.0,
0,navstack-1709204094664,navstack,frontal,HandCrafted,,,1709204106,2231836,"builtin_interfaces.msg.Time(sec=1709204099, nanosec=342232227)",120.0,Handcrafted_LabStudy,1,1,"-11.0,-0.0,0.5","-0.0,0.0,-0.0,-1.0","12.0,-0.0,0.0","-0.0,0.0,-0.0,-1.0",23.0,23.0,21.490066528320312,0,0,0,0,0,0,0,1.8300938214617804e-26,0.0,5.0,0.0,3.961743201216302e+21,3.725290298461914e-05,
0,navstack-1709204094664,navstack,frontal,HandCrafted,,,1709204106,2231836,"builtin_interfaces.msg.Time(sec=1709204099, nanosec=342232227)",120.0,Handcrafted_LabStudy,1,1,"-11.0,-0.0,0.5","-0.0,0.0,-0.0,-1.0","12.0,-0.0,0.0","-0.0,0.0,-0.0,-1.0",23.0,23.0,21.490066528320312,0,0,0,0,0,0,0,1.8300938214617804e-26,0.0,5.0,0.0,3.9480111396623493e+21,3.725290298461914e-05,
0,navstack-1709204094664,navstack,frontal,HandCrafted,,,1709204106,22231817,"builtin_interfaces.msg.Time(sec=1709204099, nanosec=342232227)",120.0,Handcrafted_LabStudy,1,1,"-11.0,-0.0,0.5","-0.0,0.0,-0.0,-1.0","12.0,-0.0,0.0","-0.0,0.0,-0.0,-1.0",23.0,23.0,21.490066528320312,0,0,0,0,0,0,0,1.8300938214617804e-26,0.0,5.0,0.0,3.9483974981132086e+21,3.725290298461914e-05,
0,navstack-1709204094664,navstack,frontal,HandCrafted,,,1709204106,22231817,"builtin_interfaces.msg.Time(sec=1709204099, nanosec=342232227)",120.0,Handcrafted_LabStudy,1,1,"-11.0,-0.0,0.5","-0.0,0.0,-0.0,-1.0","12.0,-0.0,0.0","-0.0,0.0,-0.0,-1.0",23.0,23.0,21.490066528320312,0,0,0,0,0,0,0,1.8300938214617804e-26,0.0,5.0,0.0,3.945497619490679e+21,3.725290298461914e-05,
0,navstack-1709204094664,navstack,frontal,HandCrafted,,,1709204106,22231817,"builtin_interfaces.msg.Time(sec=1709204099, nanosec=342232227)",120.0,Handcrafted_LabStudy,1,1,"-11.0,-0.0,0.5","-0.0,0.0,-0.0,-1.0","12.0,-0.0,0.0","-0.0,0.0,-0.0,-1.0",23.0,23.0,21.490066528320312,0,0,0,0,0,0,0,1.8300938214617804e-26,0.0,5.0,0.0,3.945497619490679e+21,0.0,
0,navstack-1709204094664,navstack,frontal,HandCrafted,,,1709204106,42232036,"builtin_interfaces.msg.Time(sec=1709204099, nanosec=342232227)",120.0,Handcrafted_LabStudy,1,1,"-11.0,-0.0,0.5","-0.0,0.0,-0.0,-1.0","12.0,-0.0,0.0","-0.0,0.0,-0.0,-1.0",23.0,23.0,21.490066528320312,0,0,0,0,0,0,0,1.8300938214617804e-26,0.0,5.0,0.0,3.9456197276873675e+21,3.725290298461914e-05,
0,navstack-1709204094664,navstack,frontal,HandCrafted,,,1709204106,42232036,"builtin_interfaces.msg.Time(sec=1709204099, nanosec=342232227)",120.0,Handcrafted_LabStudy,1,1,"-11.0,-0.0,0.5","-0.0,0.0,-0.0,-1.0","12.0,-0.0,0.0","-0.0,0.0,-0.0,-1.0",23.0,23.0,21.490066528320312,0,0,0,0,0,0,0,1.8300938214617804e-26,0.0,5.0,0.0,3.9507175981870324e+21,3.725290298461914e-05,
0,navstack-1709204094664,navstack,frontal,HandCrafted,,,1709204106,62232017,"builtin_interfaces.msg.Time(sec=1709204099, nanosec=342232227)",120.0,Handcrafted_LabStudy,1,1,"-11.0,-0.0,0.5","-0.0,0.0,-0.0,-1.0","12.0,-0.0,0.0","-0.0,0.0,-0.0,-1.0",23.0,23.0,21.490066528320312,0,0,0,0,0,0,0,1.8300938214617804e-26,0.0,5.0,0.0,3.9496360520754853e+21,3.725290298461914e-05,
0,navstack-1709204094664,navstack,frontal,HandCrafted,,,1709204106,62232017,"builtin_interfaces.msg.Time(sec=1709204099, nanosec=342232227)",120.0,Handcrafted_LabStudy,1,1,"-11.0,-0.0,0.5","-0.0,0.0,-0.0,-1.0","12.0,-0.0,0.0","-0.0,0.0,-0.0,-1.0",23.0,23.0,21.490066528320312,0,0,0,0,0,0,0,1.8300938214617804e-26,0.0,5.0,0.0,3.9496360520754853e+21,3.725290298461914e-05,
0,navstack-1709204094664,navstack,frontal,HandCrafted,,,1709204106,62232017,"builtin_interfaces.msg.Time(sec=1709204099, nanosec=342232227)",120.0,Handcrafted_LabStudy,1,1,"-11.0,-0.0,0.5","-0.0,0.0,-0.0,-1.0","12.0,-0.0,0.0","-0.0,0.0,-0.0,-1.0",23.0,23.0,21.490066528320312,0,0,0,0,0,0,0,1.8300938214617804e-26,0.0,5.0,0.0,3.9496360520754853e+21,0.0,
0,navstack-1709204094664,navstack,frontal,HandCrafted,,,1709204106,82231998,"builtin_interfaces.msg.Time(sec=1709204099, nanosec=342232227)",120.0,Handcrafted_LabStudy,1,1,"-11.0,-0.0,0.5","-0.0,0.0,-0.0,-1.0","12.0,-0.0,0.0","-0.0,0.0,-0.0,-1.0",23.0,23.0,21.490066528320312,0,0,0,0,0,0,0,1.8300938214617804e-26,0.0,5.0,0.0,3.948653547284867e+21,3.725290298461914e-05,
0,navstack-1709204094664,navstack,frontal,HandCrafted,,,1709204106,102231979,"builtin_interfaces.msg.Time(sec=1709204099, nanosec=342232227)",120.0,Handcrafted_LabStudy,1,1,"-11.0,-0.0,0.5","-0.0,0.0,-0.0,-1.0","12.0,-0.0,0.0","-0.0,0.0,-0.0,-1.0",23.0,23.0,21.490066528320312,0,0,0,0,0,0,0,1.8300938214617804e-26,0.0,5.0,0.0,3.957169648048736e+21,7.450580596923828e-05,
0,navstack-1709204094664,navstack,frontal,HandCrafted,,,1709204106,122231960,"builtin_interfaces.msg.Time(sec=1709204099, nanosec=342232227)",120.0,Handcrafted_LabStudy,1,1,"-11.0,-0.0,0.5","-0.0,0.0,-0.0,-1.0","12.0,-0.0,0.0","-0.0,0.0,-0.0,-1.0",23.0,23.0,21.490066528320312,0,0,0,0,0,0,0,1.8300938214617804e-26,0.0,5.0,0.0,3.9538913244499254e+21,7.450580596923828e-05,
0,navstack-1709204094664,navstack,frontal,HandCrafted,,,1709204106,142231941,"builtin_interfaces.msg.Time(sec=1709204099, nanosec=342232227)",120.0,Handcrafted_LabStudy,1,1,"-11.0,-0.0,0.5","-0.0,0.0,-0.0,-1.0","12.0,-0.0,0.0","-0.0,0.0,-0.0,-1.0",23.0,23.0,21.490066528320312,0,0,0,0,0,0,0,1.8300938214617804e-26,0.0,5.0,0.0,3.9862631814288386e+21,7.450580596923828e-05,
0,navstack-1709204094664,navstack,frontal,HandCrafted,,,1709204106,142231941,"builtin_interfaces.msg.Time(sec=1709204099, nanosec=342232227)",120.0,Handcrafted_LabStudy,1,1,"-11.0,-0.0,0.5","-0.0,0.0,-0.0,-1.0","12.0,-0.0,0.0","-0.0,0.0,-0.0,-1.0",23.0,23.0,21.490066528320312,0,0,0,0,0,0,0,1.8300938214617804e-26,0.0,5.0,0.0,3.9862631814288386e+21,3.725290298461914e-05,
0,navstack-1709204094664,navstack,frontal,HandCrafted,,,1709204106,162231922,"builtin_interfaces.msg.Time(sec=1709204099, nanosec=342232227)",120.0,Handcrafted_LabStudy,1,1,"-11.0,-0.0,0.5","-0.0,0.0,-0.0,-1.0","12.0,-0.0,0.0","-0.0,0.0,-0.0,-1.0",23.0,23.0,21.490066528320312,0,0,0,0,0,0,0,1.8300938214617804e-26,0.0,5.0,0.0,3.9878239928942503e+21,3.725290298461914e-05,
0,navstack-1709204094664,navstack,frontal,HandCrafted,,,1709204106,182231903,"builtin_interfaces.msg.Time(sec=1709204099, nanosec=342232227)",120.0,Handcrafted_LabStudy,1,1,"-11.0,-0.0,0.5","-0.0,0.0,-0.0,-1.0","12.0,-0.0,0.0","-0.0,0.0,-0.0,-1.0",23.0,23.0,21.490066528320312,0,0,0,0,0,0,0,1.8300938214617804e-26,0.0,5.0,0.0,4.0060249751793293e+21,7.450580596923828e-05,
0,navstack-1709204094664,navstack,frontal,HandCrafted,,,1709204106,182231903,"builtin_interfaces.msg.Time(sec=1709204099, nanosec=342232227)",120.0,Handcrafted_LabStudy,1,1,"-11.0,-0.0,0.5","-0.0,0.0,-0.0,-1.0","12.0,-0.0,0.0","-0.0,0.0,-0.0,-1.0",23.0,23.0,21.490066528320312,0,0,0,0,0,0,0,1.8300938214617804e-26,0.0,5.0,0.0,4.0279163566042555e+21,3.725290298461914e-05,
0,navstack-1709204094664,navstack,frontal,HandCrafted,,,1709204106,202231884,"builtin_interfaces.msg.Time(sec=1709204099, nanosec=342232227)",120.0,Handcrafted_LabStudy,1,1,"-11.0,-0.0,0.5","-0.0,0.0,-0.0,-1.0","12.0,-0.0,0.0","-0.0,0.0,-0.0,-1.0",23.0,23.0,21.490066528320312,0,0,0,0,0,0,0,1.8300938214617804e-26,0.0,5.0,0.0,4.0256371044002546e+21,3.725290298461914e-05,
0,navstack-1709204094664,navstack,frontal,HandCrafted,,,1709204106,202231884,"builtin_interfaces.msg.Time(sec=1709204099, nanosec=342232227)",120.0,Handcrafted_LabStudy,1,1,"-11.0,-0.0,0.5","-0.0,0.0,-0.0,-1.0","12.0,-0.0,0.0","-0.0,0.0,-0.0,-1.0",23.0,23.0,21.490066528320312,0,0,0,0,0,0,0,1.8300938214617804e-26,0.0,5.0,0.0,4.0256371044002546e+21,3.725290298461914e-05,
0,navstack-1709204094664,navstack,frontal,HandCrafted,,,1709204106,222231864,"builtin_interfaces.msg.Time(sec=1709204099, nanosec=342232227)",120.0,Handcrafted_LabStudy,1,1,"-11.0,-0.0,0.5","-0.0,0.0,-0.0,-1.0","12.0,-0.0,0.0","-0.0,0.0,-0.0,-1.0",23.0,23.0,21.490066528320312,0,0,0,0,0,0,0,1.8300938214617804e-26,0.0,5.0,0.0,4.0257980564969986e+21,3.725290298461914e-05,
0,navstack-1709204094664,navstack,frontal,HandCrafted,,,1709204106,242231607,"builtin_interfaces.msg.Time(sec=1709204099, nanosec=342232227)",120.0,Handcrafted_LabStudy,1,1,"-11.0,-0.0,0.5","-0.0,0.0,-0.0,-1.0","12.0,-0.0,0.0","-0.0,0.0,-0.0,-1.0",23.0,23.0,21.490066528320312,0,0,0,0,0,0,0,1.8300938214617804e-26,0.0,5.0,0.0,4.046829030401412e+21,7.450580596923828e-05,
0,navstack-1709204094664,navstack,frontal,HandCrafted,,,1709204106,242231607,"builtin_interfaces.msg.Time(sec=1709204099, nanosec=342232227)",120.0,Handcrafted_LabStudy,1,1,"-11.0,-0.0,0.5","-0.0,0.0,-0.0,-1.0","12.0,-0.0,0.0","-0.0,0.0,-0.0,-1.0",23.0,23.0,21.490066528320312,0,0,0,0,0,0,0,1.8300938214617804e-26,0.0,5.0,0.0,4.0703179570336676e+21,3.725290298461914e-05,
0,navstack-1709204094664,navstack,frontal,HandCrafted,,,1709204106,262232065,"builtin_interfaces.msg.Time(sec=1709204099, nanosec=342232227)",120.0,Handcrafted_LabStudy,1,1,"-11.0,-0.0,0.5","-0.0,0.0,-0.0,-1.0","12.0,-0.0,0.0","-0.0,0.0,-0.0,-1.0",23.0,23.0,21.490066528320312,0,0,0,0,0,0,0,1.8300938214617804e-26,0.0,5.0,0.0,4.0671074739446916e+21,3.725290298461914e-05,
0,navstack-1709204094664,navstack,frontal,HandCrafted,,,1709204106,262232065,"builtin_interfaces.msg.Time(sec=1709204099, nanosec=342232227)",120.0,Handcrafted_LabStudy,1,1,"-11.0,-0.0,0.5","-0.0,0.0,-0.0,-1.0","12.0,-0.0,0.0","-0.0,0.0,-0.0,-1.0",23.0,23.0,21.490066528320312,0,0,0,0,0,0,0,1.8300938214617804e-26,0.0,5.0,0.0,4.0671074739446916e+21,3.725290298461914e-05,
0,navstack-1709204094664,navstack,frontal,HandCrafted,,,1709204106,262232065,"builtin_interfaces.msg.Time(sec=1709204099, nanosec=342232227)",120.0,Handcrafted_LabStudy,1,1,"-11.0,-0.0,0.5","-0.0,0.0,-0.0,-1.0","12.0,-0.0,0.0","-0.0,0.0,-0.0,-1.0",23.0,23.0,21.490066528320312,0,0,0,0,0,0,0,1.8300938214617804e-26,0.0,5.0,0.0,4.0671074739446916e+21,0.0,
0,navstack-1709204094664,navstack,frontal,HandCrafted,,,1709204106,282232284,"builtin_interfaces.msg.Time(sec=1709204099, nanosec=342232227)",120.0,Handcrafted_LabStudy,1,1,"-11.0,-0.0,0.5","-0.0,0.0,-0.0,-1.0","12.0,-0.0,0.0","-0.0,0.0,-0.0,-1.0",23.0,23.0,21.490066528320312,0,0,0,0,0,0,0,1.8300938214617804e-26,0.0,5.0,0.0,4.0888133445426516e+21,3.725290298461914e-05,
0,navstack-1709204094664,navstack,frontal,HandCrafted,,,1709204106,282232284,"builtin_interfaces.msg.Time(sec=1709204099, nanosec=342232227)",120.0,Handcrafted_LabStudy,1,1,"-11.0,-0.0,0.5","-0.0,0.0,-0.0,-1.0","12.0,-0.0,0.0","-0.0,0.0,-0.0,-1.0",23.0,23.0,21.490066528320312,0,0,0,0,0,0,0,1.8300938214617804e-26,0.0,5.0,0.0,4.0888133445426516e+21,3.725290298461914e-05,
0,navstack-1709204094664,navstack,frontal,HandCrafted,,,1709204106,302232265,"builtin_interfaces.msg.Time(sec=1709204099, nanosec=342232227)",120.0,Handcrafted_LabStudy,1,1,"-11.0,-0.0,0.5","-0.0,0.0,-0.0,-1.0","12.0,-0.0,0.0","-0.0,0.0,-0.0,-1.0",23.0,23.0,21.490066528320312,0,0,0,0,0,0,0,1.8300938214617804e-26,0.0,5.0,0.0,4.109866488656159e+21,3.725290298461914e-05,
0,navstack-1709204094664,navstack,frontal,HandCrafted,,,1709204106,322232246,"builtin_interfaces.msg.Time(sec=1709204099, nanosec=342232227)",120.0,Handcrafted_LabStudy,1,1,"-11.0,-0.0,0.5","-0.0,0.0,-0.0,-1.0","12.0,-0.0,0.0","-0.0,0.0,-0.0,-1.0",23.0,23.0,21.490066528320312,0,0,0,0,0,0,0,1.8300938214617804e-26,0.0,5.0,0.0,4.1069481901804256e+21,7.450580596923828e-05,
0,navstack-1709204094664,navstack,frontal,HandCrafted,,,1709204106,322232246,"builtin_interfaces.msg.Time(sec=1709204099, nanosec=342232227)",120.0,Handcrafted_LabStudy,1,1,"-11.0,-0.0,0.5","-0.0,0.0,-0.0,-1.0","12.0,-0.0,0.0","-0.0,0.0,-0.0,-1.0",23.0,23.0,21.490066528320312,0,0,0,0,0,0,0,1.8300938214617804e-26,0.0,5.0,0.0,4.130667672051007e+21,3.725290298461914e-05,
0,navstack-1709204094664,navstack,frontal,HandCrafted,,,1709204106,342232227,"builtin_interfaces.msg.Time(sec=1709204099, nanosec=342232227)",120.0,Handcrafted_LabStudy,1,1,"-11.0,-0.0,0.5","-0.0,0.0,-0.0,-1.0","12.0,-0.0,0.0","-0.0,0.0,-0.0,-1.0",23.0,23.0,21.490066528320312,0,0,0,0,0,0,0,1.8300938214617804e-26,0.0,5.0,0.0,4.1270728456068237e+21,3.725290298461914e-05,
0,navstack-1709204094664,navstack,frontal,HandCrafted,,,1709204106,342232227,"builtin_interfaces.msg.Time(sec=1709204099, nanosec=342232227)",120.0,Handcrafted_LabStudy,1,1,"-11.0,-0.0,0.5","-0.0,0.0,-0.0,-1.0","12.0,-0.0,0.0","-0.0,0.0,-0.0,-1.0",23.0,23.0,21.490066528320312,0,0,0,0,0,0,0,1.8300938214617804e-26,0.0,5.0,0.0,4.1270728456068237e+21,3.725290298461914e-05,
0,navstack-1709204094664,navstack,frontal,HandCrafted,,,1709204106,362232208,"builtin_interfaces.msg.Time(sec=1709204099, nanosec=342232227)",120.0,Handcrafted_LabStudy,1,1,"-11.0,-0.0,0.5","-0.0,0.0,-0.0,-1.0","12.0,-0.0,0.0","-0.0,0.0,-0.0,-1.0",23.0,23.0,21.490066528320312,0,0,0,0,0,0,0,1.8300938214617804e-26,0.0,5.0,0.0,4.1288635944146095e+21,3.725290298461914e-05,
0,navstack-1709204094664,navstack,frontal,HandCrafted,,,1709204106,362232208,"builtin_interfaces.msg.Time(sec=1709204099, nanosec=342232227)",120.0,Handcrafted_LabStudy,1,1,"-11.0,-0.0,0.5","-0.0,0.0,-0.0,-1.0","12.0,-0.0,0.0","-0.0,0.0,-0.0,-1.0",23.0,23.0,21.490066528320312,0,0,0,0,0,0,0,1.8300938214617804e-26,0.0,5.0,0.0,4.1288635944146095e+21,3.725290298461914e-05,
0,navstack-1709204094664,navstack,frontal,HandCrafted,,,1709204106,382232189,"builtin_interfaces.msg.Time(sec=1709204099, nanosec=342232227)",120.0,Handcrafted_LabStudy,1,1,"-11.0,-0.0,0.5","-0.0,0.0,-0.0,-1.0","12.0,-0.0,0.0","-0.0,0.0,-0.0,-1.0",23.0,23.0,21.490066528320312,0,0,0,0,0,0,0,1.8300938214617804e-26,0.0,5.0,0.0,4.150313604380875e+21,3.725290298461914e-05,
0,navstack-1709204094664,navstack,frontal,HandCrafted,,,1709204106,382232189,"builtin_interfaces.msg.Time(sec=1709204099, nanosec=342232227)",120.0,Handcrafted_LabStudy,1,1,"-11.0,-0.0,0.5","-0.0,0.0,-0.0,-1.0","12.0,-0.0,0.0","-0.0,0.0,-0.0,-1.0",23.0,23.0,21.490066528320312,0,0,0,0,0,0,0,1.8300938214617804e-26,0.0,5.0,0.0,4.150313604380875e+21,3.725290298461914e-05,
0,navstack-1709204094664,navstack,frontal,HandCrafted,,,1709204106,402232170,"builtin_interfaces.msg.Time(sec=1709204099, nanosec=342232227)",120.0,Handcrafted_LabStudy,1,1,"-11.0,-0.0,0.5","-0.0,0.0,-0.0,-1.0","12.0,-0.0,0.0","-0.0,0.0,-0.0,-1.0",23.0,23.0,21.490066528320312,0,0,0,0,0,0,0,1.8300938214617804e-26,0.0,5.0,0.0,4.151951614905443e+21,3.725290298461914e-05,
0,navstack-1709204094664,navstack,frontal,HandCrafted,,,1709204106,402232170,"builtin_interfaces.msg.Time(sec=1709204099, nanosec=342232227)",120.0,Handcrafted_LabStudy,1,1,"-11.0,-0.0,0.5","-0.0,0.0,-0.0,-1.0","12.0,-0.0,0.0","-0.0,0.0,-0.0,-1.0",23.0,23.0,21.490066528320312,0,0,0,0,0,0,0,1.8300938214617804e-26,0.0,5.0,0.0,4.1749879828132093e+21,3.725290298461914e-05,
0,navstack-1709204094664,navstack,frontal,HandCrafted,,,1709204106,402232170,"builtin_interfaces.msg.Time(sec=1709204099, nanosec=342232227)",120.0,Handcrafted_LabStudy,1,1,"-11.0,-0.0,0.5","-0.0,0.0,-0.0,-1.0","12.0,-0.0,0.0","-0.0,0.0,-0.0,-1.0",23.0,23.0,21.332292556762695,0,0,0,0,0,0,0,1.8300938214617804e-26,0.0,6.0,0.0,4.1749879828132093e+21,0.0,
0,navstack-1709204094664,navstack,frontal,HandCrafted,,,1709204106,422232151,"builtin_interfaces.msg.Time(sec=1709204099, nanosec=342232227)",120.0,Handcrafted_LabStudy,1,1,"-11.0,-0.0,0.5","-0.0,0.0,-0.0,-1.0","12.0,-0.0,0.0","-0.0,0.0,-0.0,-1.0",23.0,23.0,21.332292556762695,0,0,0,0,0,0,0,1.8300938214617804e-26,0.0,6.0,0.0,4.196135654367732e+21,3.725290298461914e-05,
0,navstack-1709204094664,navstack,frontal,HandCrafted,,,1709204106,442232131,"builtin_interfaces.msg.Time(sec=1709204099, nanosec=342232227)",120.0,Handcrafted_LabStudy,1,1,"-11.0,-0.0,0.5","-0.0,0.0,-0.0,-1.0","12.0,-0.0,0.0","-0.0,0.0,-0.0,-1.0",23.0,23.0,21.332292556762695,0,0,0,0,0,0,0,1.8300938214617804e-26,0.0,6.0,0.0,4.170418268527158e+21,7.450580596923828e-05,
0,navstack-1709204094664,navstack,frontal,HandCrafted,,,1709204106,442232131,"builtin_interfaces.msg.Time(sec=1709204099, nanosec=342232227)",120.0,Handcrafted_LabStudy,1,1,"-11.0,-0.0,0.5","-0.0,0.0,-0.0,-1.0","12.0,-0.0,0.0","-0.0,0.0,-0.0,-1.0",23.0,23.0,21.332292556762695,0,0,0,0,0,0,0,1.8300938214617804e-26,0.0,6.0,0.0,4.193044836471253e+21,3.725290298461914e-05,
0,navstack-1709204094664,navstack,frontal,HandCrafted,,,1709204106,462232112,"builtin_interfaces.msg.Time(sec=1709204099, nanosec=342232227)",120.0,Handcrafted_LabStudy,1,1,"-11.0,-0.0,0.5","-0.0,0.0,-0.0,-1.0","12.0,-0.0,0.0","-0.0,0.0,-0.0,-1.0",23.0,23.0,21.332292556762695,0,0,0,0,0,0,0,1.8300938214617804e-26,0.0,6.0,0.0,4.190484687780941e+21,3.725290298461914e-05,
0,navstack-1709204094664,navstack,frontal,HandCrafted,,,1709204106,462232112,"builtin_interfaces.msg.Time(sec=1709204099, nanosec=342232227)",120.0,Handcrafted_LabStudy,1,1,"-11.0,-0.0,0.5","-0.0,0.0,-0.0,-1.0","12.0,-0.0,0.0","-0.0,0.0,-0.0,-1.0",23.0,23.0,21.332292556762695,0,0,0,0,0,0,0,1.8300938214617804e-26,0.0,6.0,0.0,4.212695883609273e+21,3.725290298461914e-05,
0,navstack-1709204094664,navstack,frontal,HandCrafted,,,1709204106,462232112,"builtin_interfaces.msg.Time(sec=1709204099, nanosec=342232227)",120.0,Handcrafted_LabStudy,1,1,"-11.0,-0.0,0.5","-0.0,0.0,-0.0,-1.0","12.0,-0.0,0.0","-0.0,0.0,-0.0,-1.0",23.0,23.0,21.332292556762695,0,0,0,0,0,0,0,1.8300938214617804e-26,0.0,6.0,0.0,4.212695883609273e+21,0.0,
0,navstack-1709204094664,navstack,frontal,HandCrafted,,,1709204106,482231855,"builtin_interfaces.msg.Time(sec=1709204099, nanosec=342232227)",120.0,Handcrafted_LabStudy,1,1,"-11.0,-0.0,0.5","-0.0,0.0,-0.0,-1.0","12.0,-0.0,0.0","-0.0,0.0,-0.0,-1.0",23.0,23.0,21.332292556762695,0,0,0,0,0,0,0,1.8300938214617804e-26,0.0,6.0,0.0,4.210687101184413e+21,3.725290298461914e-05,
0,navstack-1709204094664,navstack,frontal,HandCrafted,,,1709204106,482231855,"builtin_interfaces.msg.Time(sec=1709204099, nanosec=342232227)",120.0,Handcrafted_LabStudy,1,1,"-11.0,-0.0,0.5","-0.0,0.0,-0.0,-1.0","12.0,-0.0,0.0","-0.0,0.0,-0.0,-1.0",23.0,23.0,21.332292556762695,0,0,0,0,0,0,0,1.8300938214617804e-26,0.0,6.0,0.0,4.210687101184413e+21,3.725290298461914e-05,
0,navstack-1709204094664,navstack,frontal,HandCrafted,,,1709204106,502231836,"builtin_interfaces.msg.Time(sec=1709204099, nanosec=342232227)",120.0,Handcrafted_LabStudy,1,1,"-11.0,-0.0,0.5","-0.0,0.0,-0.0,-1.0","12.0,-0.0,0.0","-0.0,0.0,-0.0,-1.0",23.0,23.0,21.332292556762695,0,0,0,0,0,0,0,1.8300938214617804e-26,0.0,6.0,0.0,4.230829531306066e+21,3.725290298461914e-05,
0,navstack-1709204094664,navstack,frontal,HandCrafted,,,1709204106,502231836,"builtin_interfaces.msg.Time(sec=1709204099, nanosec=342232227)",120.0,Handcrafted_LabStudy,1,1,"-11.0,-0.0,0.5","-0.0,0.0,-0.0,-1.0","12.0,-0.0,0.0","-0.0,0.0,-0.0,-1.0",23.0,23.0,21.332292556762695,0,0,0,0,0,0,0,1.8300938214617804e-26,0.0,6.0,0.0,4.2090924132992523e+21,3.725290298461914e-05,
0,navstack-1709204094664,navstack,frontal,HandCrafted,,,1709204106,502231836,"builtin_interfaces.msg.Time(sec=1709204099, nanosec=342232227)",120.0,Handcrafted_LabStudy,1,1,"-11.0,-0.0,0.5","-0.0,0.0,-0.0,-1.0","12.0,-0.0,0.0","-0.0,0.0,-0.0,-1.0",23.0,23.0,21.332292556762695,0,0,0,0,0,0,0,1.8300938214617804e-26,0.0,6.0,0.0,4.2397039534411843e+21,0.0,
0,navstack-1709204094664,navstack,frontal,HandCrafted,,,1709204106,522231817,"builtin_interfaces.msg.Time(sec=1709204099, nanosec=342232227)",120.0,Handcrafted_LabStudy,1,1,"-11.0,-0.0,0.5","-0.0,0.0,-0.0,-1.0","12.0,-0.0,0.0","-0.0,0.0,-0.0,-1.0",23.0,23.0,21.332292556762695,0,0,0,0,0,0,0,1.8300938214617804e-26,0.0,6.0,0.0,4.2377140587217237e+21,3.725290298461914e-05,
0,navstack-1709204094664,navstack,frontal,HandCrafted,,,1709204106,522231817,"builtin_interfaces.msg.Time(sec=1709204099, nanosec=342232227)",120.0,Handcrafted_LabStudy,1,1,"-11.0,-0.0,0.5","-0.0,0.0,-0.0,-1.0","12.0,-0.0,0.0","-0.0,0.0,-0.0,-1.0",23.0,23.0,21.332292556762695,0,0,0,0,0,0,0,1.8300938214617804e-26,0.0,6.0,0.0,4.2377140587217237e+21,3.725290298461914e-05,
0,navstack-1709204094664,navstack,frontal,HandCrafted,,,1709204106,542232036,"builtin_interfaces.msg.Time(sec=1709204099, nanosec=342232227)",120.0,Handcrafted_LabStudy,1,1,"-11.0,-0.0,0.5","-0.0,0.0,-0.0,-1.0","12.0,-0.0,0.0","-0.0,0.0,-0.0,-1.0",23.0,23.0,21.332292556762695,0,0,0,0,0,0,0,1.8300938214617804e-26,0.0,6.0,0.0,4.2385601466337135e+21,3.725290298461914e-05,
0,navstack-1709204094664,navstack,frontal,HandCrafted,,,1709204106,542232036,"builtin_interfaces.msg.Time(sec=1709204099, nanosec=342232227)",120.0,Handcrafted_LabStudy,1,1,"-11.0,-0.0,0.5","-0.0,0.0,-0.0,-1.0","12.0,-0.0,0.0","-0.0,0.0,-0.0,-1.0",23.0,23.0,21.332292556762695,0,0,0,0,0,0,0,1.8300938214617804e-26,0.0,6.0,0.0,4.259531078262317e+21,3.725290298461914e-05,
0,navstack-1709204094664,navstack,frontal,HandCrafted,,,1709204106,562232017,"builtin_interfaces.msg.Time(sec=1709204099, nanosec=342232227)",120.0,Handcrafted_LabStudy,1,1,"-11.0,-0.0,0.5","-0.0,0.0,-0.0,-1.0","12.0,-0.0,0.0","-0.0,0.0,-0.0,-1.0",23.0,23.0,21.332292556762695,0,0,0,0,0,0,0,1.8300938214617804e-26,0.0,6.0,0.0,4.257618090847068e+21,3.725290298461914e-05,
0,navstack-1709204094664,navstack,frontal,HandCrafted,,,1709204106,562232017,"builtin_interfaces.msg.Time(sec=1709204099, nanosec=342232227)",120.0,Handcrafted_LabStudy,1,1,"-11.0,-0.0,0.5","-0.0,0.0,-0.0,-1.0","12.0,-0.0,0.0","-0.0,0.0,-0.0,-1.0",23.0,23.0,21.332292556762695,0,0,0,0,0,0,0,1.8300938214617804e-26,0.0,6.0,0.0,4.257618090847068e+21,3.725290298461914e-05,
0,navstack-1709204094664,navstack,frontal,HandCrafted,,,1709204106,562232017,"builtin_interfaces.msg.Time(sec=1709204099, nanosec=342232227)",120.0,Handcrafted_LabStudy,1,1,"-11.0,-0.0,0.5","-0.0,0.0,-0.0,-1.0","12.0,-0.0,0.0","-0.0,0.0,-0.0,-1.0",23.0,23.0,21.332292556762695,0,0,0,0,0,0,0,1.8300938214617804e-26,0.0,6.0,0.0,4.257618090847068e+21,0.0,
0,navstack-1709204094664,navstack,frontal,HandCrafted,,,1709204106,582231998,"builtin_interfaces.msg.Time(sec=1709204099, nanosec=342232227)",120.0,Handcrafted_LabStudy,1,1,"-11.0,-0.0,0.5","-0.0,0.0,-0.0,-1.0","12.0,-0.0,0.0","-0.0,0.0,-0.0,-1.0",23.0,23.0,21.332292556762695,0,0,0,0,0,0,0,1.8300938214617804e-26,0.0,6.0,0.0,4.2768465483623783e+21,3.725290298461914e-05,
0,navstack-1709204094664,navstack,frontal,HandCrafted,,,1709204106,582231998,"builtin_interfaces.msg.Time(sec=1709204099, nanosec=342232227)",120.0,Handcrafted_LabStudy,1,1,"-11.0,-0.0,0.5","-0.0,0.0,-0.0,-1.0","12.0,-0.0,0.0","-0.0,0.0,-0.0,-1.0",23.0,23.0,21.332292556762695,0,0,0,0,0,0,0,1.8300938214617804e-26,0.0,6.0,0.0,4.256385267494281e+21,3.725290298461914e-05,
0,navstack-1709204094664,navstack,frontal,HandCrafted,,,1709204106,602231979,"builtin_interfaces.msg.Time(sec=1709204099, nanosec=342232227)",120.0,Handcrafted_LabStudy,1,1,"-11.0,-0.0,0.5","-0.0,0.0,-0.0,-1.0","12.0,-0.0,0.0","-0.0,0.0,-0.0,-1.0",23.0,23.0,21.332292556762695,0,0,0,0,0,0,0,1.8300938214617804e-26,0.0,6.0,0.0,4.2759773344616106e+21,3.725290298461914e-05,
0,navstack-1709204094664,navstack,frontal,HandCrafted,,,1709204106,602231979,"builtin_interfaces.msg.Time(sec=1709204099, nanosec=342232227)",120.0,Handcrafted_LabStudy,1,1,"-11.0,-0.0,0.5","-0.0,0.0,-0.0,-1.0","12.0,-0.0,0.0","-0.0,0.0,-0.0,-1.0",23.0,23.0,21.332292556762695,0,0,0,0,0,0,0,1.8300938214617804e-26,0.0,6.0,0.0,4.2759773344616106e+21,3.725290298461914e-05,
0,navstack-1709204094664,navstack,frontal,HandCrafted,,,1709204106,622231960,"builtin_interfaces.msg.Time(sec=1709204099, nanosec=342232227)",120.0,Handcrafted_LabStudy,1,1,"-11.0,-0.0,0.5","-0.0,0.0,-0.0,-1.0","12.0,-0.0,0.0","-0.0,0.0,-0.0,-1.0",23.0,23.0,21.332292556762695,0,0,0,0,0,0,0,1.8300938214617804e-26,0.0,6.0,0.0,4.294598813107518e+21,3.725290298461914e-05,
0,navstack-1709204094664,navstack,frontal,HandCrafted,,,1709204106,622231960,"builtin_interfaces.msg.Time(sec=1709204099, nanosec=342232227)",120.0,Handcrafted_LabStudy,1,1,"-11.0,-0.0,0.5","-0.0,0.0,-0.0,-1.0","12.0,-0.0,0.0","-0.0,0.0,-0.0,-1.0",23.0,23.0,21.332292556762695,0,0,0,0,0,0,0,1.8300938214617804e-26,0.0,6.0,0.0,4.294598813107518e+21,3.725290298461914e-05,
0,navstack-1709204094664,navstack,frontal,HandCrafted,,,1709204106,642231941,"builtin_interfaces.msg.Time(sec=1709204099, nanosec=342232227)",120.0,Handcrafted_LabStudy,1,1,"-11.0,-0.0,0.5","-0.0,0.0,-0.0,-1.0","12.0,-0.0,0.0","-0.0,0.0,-0.0,-1.0",23.0,23.0,21.332292556762695,0,0,0,0,0,0,0,1.8300938214617804e-26,0.0,6.0,0.0,4.291808338066556e+21,3.725290298461914e-05,
0,navstack-1709204094664,navstack,frontal,HandCrafted,,,1709204106,642231941,"builtin_interfaces.msg.Time(sec=1709204099, nanosec=342232227)",120.0,Handcrafted_LabStudy,1,1,"-11.0,-0.0,0.5","-0.0,0.0,-0.0,-1.0","12.0,-0.0,0.0","-0.0,0.0,-0.0,-1.0",23.0,23.0,21.332292556762695,0,0,0,0,0,0,0,1.8300938214617804e-26,0.0,6.0,0.0,4.311284098443556e+21,3.725290298461914e-05,
0,navstack-1709204094664,navstack,frontal,HandCrafted,,,1709204106,642231941,"builtin_interfaces.msg.Time(sec=1709204099, nanosec=342232227)",120.0,Handcrafted_LabStudy,1,1,"-11.0,-0.0,0.5","-0.0,0.0,-0.0,-1.0","12.0,-0.0,0.0","-0.0,0.0,-0.0,-1.0",23.0,23.0,21.332292556762695,0,0,0,0,0,0,0,1.8300938214617804e-26,0.0,6.0,0.0,4.311284098443556e+21,0.0,
0,navstack-1709204094664,navstack,frontal,HandCrafted,,,1709204106,662231922,"builtin_interfaces.msg.Time(sec=1709204099, nanosec=342232227)",120.0,Handcrafted_LabStudy,1,1,"-11.0,-0.0,0.5","-0.0,0.0,-0.0,-1.0","12.0,-0.0,0.0","-0.0,0.0,-0.0,-1.0",23.0,23.0,21.332292556762695,0,0,0,0,0,0,0,1.8300938214617804e-26,0.0,6.0,0.0,4.309301382429389e+21,3.725290298461914e-05,
0,navstack-1709204094664,navstack,frontal,HandCrafted,,,1709204106,682231903,"builtin_interfaces.msg.Time(sec=1709204099, nanosec=342232227)",120.0,Handcrafted_LabStudy,1,1,"-11.0,-0.0,0.5","-0.0,0.0,-0.0,-1.0","12.0,-0.0,0.0","-0.0,0.0,-0.0,-1.0",23.0,23.0,21.332292556762695,0,0,0,0,0,0,0,1.8300938214617804e-26,0.0,6.0,0.0,4.3060343488254685e+21,7.450580596923828e-05,
0,navstack-1709204094664,navstack,frontal,HandCrafted,,,1709204106,682231903,"builtin_interfaces.msg.Time(sec=1709204099, nanosec=342232227)",120.0,Handcrafted_LabStudy,1,1,"-11.0,-0.0,0.5","-0.0,0.0,-0.0,-1.0","12.0,-0.0,0.0","-0.0,0.0,-0.0,-1.0",23.0,23.0,21.332292556762695,0,0,0,0,0,0,0,1.8300938214617804e-26,0.0,6.0,0.0,4.325048314585643e+21,3.725290298461914e-05,
0,navstack-1709204094664,navstack,frontal,HandCrafted,,,1709204106,702231884,"builtin_interfaces.msg.Time(sec=1709204099, nanosec=342232227)",120.0,Handcrafted_LabStudy,1,1,"-11.0,-0.0,0.5","-0.0,0.0,-0.0,-1.0","12.0,-0.0,0.0","-0.0,0.0,-0.0,-1.0",23.0,23.0,21.332292556762695,0,0,0,0,0,0,0,1.8300938214617804e-26,0.0,6.0,0.0,4.3232145061437107e+21,3.725290298461914e-05,
0,navstack-1709204094664,navstack,frontal,HandCrafted,,,1709204106,722231864,"builtin_interfaces.msg.Time(sec=1709204099, nanosec=342232227)",120.0,Handcrafted_LabStudy,1,1,"-11.0,-0.0,0.5","-0.0,0.0,-0.0,-1.0","12.0,-0.0,0.0","-0.0,0.0,-0.0,-1.0",23.0,23.0,21.332292556762695,0,0,0,0,0,0,0,1.8300938214617804e-26,0.0,6.0,0.0,4.3409070258675977e+21,7.450580596923828e-05,
0,navstack-1709204094664,navstack,frontal,HandCrafted,,,1709204106,742231607,"builtin_interfaces.msg.Time(sec=1709204099, nanosec=342232227)",120.0,Handcrafted_LabStudy,1,1,"-11.0,-0.0,0.5","-0.0,0.0,-0.0,-1.0","12.0,-0.0,0.0","-0.0,0.0,-0.0,-1.0",23.0,23.0,21.332292556762695,0,0,0,0,0,0,0,1.8300938214617804e-26,0.0,6.0,0.0,4.337106764961126e+21,7.450580596923828e-05,
0,navstack-1709204094664,navstack,frontal,HandCrafted,,,1709204106,762231588,"builtin_interfaces.msg.Time(sec=1709204099, nanosec=342232227)",120.0,Handcrafted_LabStudy,1,1,"-11.0,-0.0,0.5","-0.0,0.0,-0.0,-1.0","12.0,-0.0,0.0","-0.0,0.0,-0.0,-1.0",23.0,23.0,21.332292556762695,0,0,0,0,0,0,0,1.8300938214617804e-26,0.0,6.0,0.0,4.334510657319437e+21,7.450580596923828e-05,
0,navstack-1709204094664,navstack,frontal,HandCrafted,,,1709204106,782232284,"builtin_interfaces.msg.Time(sec=1709204099, nanosec=342232227)",120.0,Handcrafted_LabStudy,1,1,"-11.0,-0.0,0.5","-0.0,0.0,-0.0,-1.0","12.0,-0.0,0.0","-0.0,0.0,-0.0,-1.0",23.0,23.0,21.332292556762695,0,0,0,0,0,0,0,1.8300938214617804e-26,0.0,6.0,0.0,4.3515469838579574e+21,7.450580596923828e-05,
0,navstack-1709204094664,navstack,frontal,HandCrafted,,,1709204106,782232284,"builtin_interfaces.msg.Time(sec=1709204099, nanosec=342232227)",120.0,Handcrafted_LabStudy,1,1,"-11.0,-0.0,0.5","-0.0,0.0,-0.0,-1.0","12.0,-0.0,0.0","-0.0,0.0,-0.0,-1.0",23.0,23.0,21.332292556762695,0,0,0,0,0,0,0,1.8300938214617804e-26,0.0,6.0,0.0,4.3515469838579574e+21,3.725290298461914e-05,
0,navstack-1709204094664,navstack,frontal,HandCrafted,,,1709204106,802232265,"builtin_interfaces.msg.Time(sec=1709204099, nanosec=342232227)",120.0,Handcrafted_LabStudy,1,1,"-11.0,-0.0,0.5","-0.0,0.0,-0.0,-1.0","12.0,-0.0,0.0","-0.0,0.0,-0.0,-1.0",23.0,23.0,21.332292556762695,0,0,0,0,0,0,0,1.8300938214617804e-26,0.0,6.0,0.0,4.343401058868541e+21,3.725290298461914e-05,
0,navstack-1709204094664,navstack,frontal,HandCrafted,,,1709204106,802232265,"builtin_interfaces.msg.Time(sec=1709204099, nanosec=342232227)",120.0,Handcrafted_LabStudy,1,1,"-11.0,-0.0,0.5","-0.0,0.0,-0.0,-1.0","12.0,-0.0,0.0","-0.0,0.0,-0.0,-1.0",23.0,23.0,21.332292556762695,0,0,0,0,0,0,0,1.8300938214617804e-26,0.0,6.0,0.0,4.373931498232166e+21,3.725290298461914e-05,
0,navstack-1709204094664,navstack,frontal,HandCrafted,,,1709204106,822232246,"builtin_interfaces.msg.Time(sec=1709204099, nanosec=342232227)",120.0,Handcrafted_LabStudy,1,1,"-11.0,-0.0,0.5","-0.0,0.0,-0.0,-1.0","12.0,-0.0,0.0","-0.0,0.0,-0.0,-1.0",23.0,23.0,21.332292556762695,0,0,0,0,0,0,0,1.8300938214617804e-26,0.0,6.0,0.0,4.3723167915622804e+21,3.725290298461914e-05,
0,navstack-1709204094664,navstack,frontal,HandCrafted,,,1709204106,822232246,"builtin_interfaces.msg.Time(sec=1709204099, nanosec=342232227)",120.0,Handcrafted_LabStudy,1,1,"-11.0,-0.0,0.5","-0.0,0.0,-0.0,-1.0","12.0,-0.0,0.0","-0.0,0.0,-0.0,-1.0",23.0,23.0,21.332292556762695,0,0,0,0,0,0,0,1.8300938214617804e-26,0.0,6.0,0.0,4.3723167915622804e+21,3.725290298461914e-05,
0,navstack-1709204094664,navstack,frontal,HandCrafted,,,1709204106,842232227,"builtin_interfaces.msg.Time(sec=1709204099, nanosec=342232227)",120.0,Handcrafted_LabStudy,1,1,"-11.0,-0.0,0.5","-0.0,0.0,-0.0,-1.0","12.0,-0.0,0.0","-0.0,0.0,-0.0,-1.0",23.0,23.0,21.332292556762695,0,0,0,0,0,0,0,1.8300938214617804e-26,0.0,6.0,0.0,4.3661736907395873e+21,3.725290298461914e-05,
0,navstack-1709204094664,navstack,frontal,HandCrafted,,,1709204106,842232227,"builtin_interfaces.msg.Time(sec=1709204099, nanosec=342232227)",120.0,Handcrafted_LabStudy,1,1,"-11.0,-0.0,0.5","-0.0,0.0,-0.0,-1.0","12.0,-0.0,0.0","-0.0,0.0,-0.0,-1.0",23.0,23.0,21.332292556762695,0,0,0,0,0,0,0,1.8300938214617804e-26,0.0,6.0,0.0,4.3832891675194803e+21,3.725290298461914e-05,
0,navstack-1709204094664,navstack,frontal,HandCrafted,,,1709204106,842232227,"builtin_interfaces.msg.Time(sec=1709204099, nanosec=342232227)",120.0,Handcrafted_LabStudy,1,1,"-11.0,-0.0,0.5","-0.0,0.0,-0.0,-1.0","12.0,-0.0,0.0","-0.0,0.0,-0.0,-1.0",23.0,23.0,21.332292556762695,0,0,0,0,0,0,0,1.8300938214617804e-26,0.0,6.0,0.0,4.3999407972620283e+21,0.0,
0,navstack-1709204094664,navstack,frontal,HandCrafted,,,1709204106,862232208,"builtin_interfaces.msg.Time(sec=1709204099, nanosec=342232227)",120.0,Handcrafted_LabStudy,1,1,"-11.0,-0.0,0.5","-0.0,0.0,-0.0,-1.0","12.0,-0.0,0.0","-0.0,0.0,-0.0,-1.0",23.0,23.0,21.332292556762695,0,0,0,0,0,0,0,1.8300938214617804e-26,0.0,6.0,0.0,4.3811402486213483e+21,3.725290298461914e-05,
0,navstack-1709204094664,navstack,frontal,HandCrafted,,,1709204106,862232208,"builtin_interfaces.msg.Time(sec=1709204099, nanosec=342232227)",120.0,Handcrafted_LabStudy,1,1,"-11.0,-0.0,0.5","-0.0,0.0,-0.0,-1.0","12.0,-0.0,0.0","-0.0,0.0,-0.0,-1.0",23.0,23.0,21.332292556762695,0,0,0,0,0,0,0,1.8300938214617804e-26,0.0,6.0,0.0,4.3977921465902815e+21,3.725290298461914e-05,
0,navstack-1709204094664,navstack,frontal,HandCrafted,,,1709204106,882232189,"builtin_interfaces.msg.Time(sec=1709204099, nanosec=342232227)",120.0,Handcrafted_LabStudy,1,1,"-11.0,-0.0,0.5","-0.0,0.0,-0.0,-1.0","12.0,-0.0,0.0","-0.0,0.0,-0.0,-1.0",23.0,23.0,21.332292556762695,0,0,0,0,0,0,0,1.8300938214617804e-26,0.0,6.0,0.0,4.3971180349079227e+21,3.725290298461914e-05,
0,navstack-1709204094664,navstack,frontal,HandCrafted,,,1709204106,882232189,"builtin_interfaces.msg.Time(sec=1709204099, nanosec=342232227)",120.0,Handcrafted_LabStudy,1,1,"-11.0,-0.0,0.5","-0.0,0.0,-0.0,-1.0","12.0,-0.0,0.0","-0.0,0.0,-0.0,-1.0",23.0,23.0,21.332292556762695,0,0,0,0,0,0,0,1.8300938214617804e-26,0.0,6.0,0.0,4.3971180349079227e+21,3.725290298461914e-05,
0,navstack-1709204094664,navstack,frontal,HandCrafted,,,1709204106,882232189,"builtin_interfaces.msg.Time(sec=1709204099, nanosec=342232227)",120.0,Handcrafted_LabStudy,1,1,"-11.0,-0.0,0.5","-0.0,0.0,-0.0,-1.0","12.0,-0.0,0.0","-0.0,0.0,-0.0,-1.0",23.0,23.0,21.332292556762695,0,0,0,0,0,0,0,1.8300938214617804e-26,0.0,6.0,0.0,4.3971180349079227e+21,0.0,
0,navstack-1709204094664,navstack,frontal,HandCrafted,,,1709204106,902232170,"builtin_interfaces.msg.Time(sec=1709204099, nanosec=342232227)",120.0,Handcrafted_LabStudy,1,1,"-11.0,-0.0,0.5","-0.0,0.0,-0.0,-1.0","12.0,-0.0,0.0","-0.0,0.0,-0.0,-1.0",23.0,23.0,21.332292556762695,0,0,0,0,0,0,0,1.8300938214617804e-26,0.0,6.0,0.0,4.3918921694305725e+21,3.725290298461914e-05,
0,navstack-1709204094664,navstack,frontal,HandCrafted,,,1709204106,922232151,"builtin_interfaces.msg.Time(sec=1709204099, nanosec=342232227)",120.0,Handcrafted_LabStudy,1,1,"-11.0,-0.0,0.5","-0.0,0.0,-0.0,-1.0","12.0,-0.0,0.0","-0.0,0.0,-0.0,-1.0",23.0,23.0,21.332292556762695,0,0,0,0,0,0,0,1.8300938214617804e-26,0.0,6.0,0.0,4.4081474007081445e+21,7.450580596923828e-05,
0,navstack-1709204094664,navstack,frontal,HandCrafted,,,1709204106,922232151,"builtin_interfaces.msg.Time(sec=1709204099, nanosec=342232227)",120.0,Handcrafted_LabStudy,1,1,"-11.0,-0.0,0.5","-0.0,0.0,-0.0,-1.0","12.0,-0.0,0.0","-0.0,0.0,-0.0,-1.0",23.0,23.0,21.332292556762695,0,0,0,0,0,0,0,1.8300938214617804e-26,0.0,6.0,0.0,4.4081474007081445e+21,3.725290298461914e-05,
0,navstack-1709204094664,navstack,frontal,HandCrafted,,,1709204106,942232131,"builtin_interfaces.msg.Time(sec=1709204099, nanosec=342232227)",120.0,Handcrafted_LabStudy,1,1,"-11.0,-0.0,0.5","-0.0,0.0,-0.0,-1.0","12.0,-0.0,0.0","-0.0,0.0,-0.0,-1.0",23.0,23.0,21.332292556762695,0,0,0,0,0,0,0,1.8300938214617804e-26,0.0,6.0,0.0,4.423393375094703e+21,3.725290298461914e-05,
0,navstack-1709204094664,navstack,frontal,HandCrafted,,,1709204106,942232131,"builtin_interfaces.msg.Time(sec=1709204099, nanosec=342232227)",120.0,Handcrafted_LabStudy,1,1,"-11.0,-0.0,0.5","-0.0,0.0,-0.0,-1.0","12.0,-0.0,0.0","-0.0,0.0,-0.0,-1.0",23.0,23.0,21.332292556762695,0,0,0,0,0,0,0,1.8300938214617804e-26,0.0,6.0,0.0,4.4388067191013596e+21,3.725290298461914e-05,
0,navstack-1709204094664,navstack,frontal,HandCrafted,,,1709204106,962232112,"builtin_interfaces.msg.Time(sec=1709204099, nanosec=342232227)",120.0,Handcrafted_LabStudy,1,1,"-11.0,-0.0,0.5","-0.0,0.0,-0.0,-1.0","12.0,-0.0,0.0","-0.0,0.0,-0.0,-1.0",23.0,23.0,21.332292556762695,0,0,0,0,0,0,0,1.8300938214617804e-26,0.0,6.0,0.0,4.4228731758634876e+21,3.725290298461914e-05,
0,navstack-1709204094664,navstack,frontal,HandCrafted,,,1709204106,962232112,"builtin_interfaces.msg.Time(sec=1709204099, nanosec=342232227)",120.0,Handcrafted_LabStudy,1,1,"-11.0,-0.0,0.5","-0.0,0.0,-0.0,-1.0","12.0,-0.0,0.0","-0.0,0.0,-0.0,-1.0",23.0,23.0,21.332292556762695,0,0,0,0,0,0,0,1.8300938214617804e-26,0.0,6.0,0.0,4.4228731758634876e+21,3.725290298461914e-05,
0,navstack-1709204094664,navstack,frontal,HandCrafted,,,1709204106,982231855,"builtin_interfaces.msg.Time(sec=1709204099, nanosec=342232227)",120.0,Handcrafted_LabStudy,1,1,"-11.0,-0.0,0.5","-0.0,0.0,-0.0,-1.0","12.0,-0.0,0.0","-0.0,0.0,-0.0,-1.0",23.0,23.0,21.332292556762695,0,0,0,0,0,0,0,1.8300938214617804e-26,0.0,6.0,0.0,4.4176712626299354e+21,3.725290298461914e-05,
0,navstack-1709204094664,navstack,frontal,HandCrafted,,,1709204106,982231855,"builtin_interfaces.msg.Time(sec=1709204099, nanosec=342232227)",120.0,Handcrafted_LabStudy,1,1,"-11.0,-0.0,0.5","-0.0,0.0,-0.0,-1.0","12.0,-0.0,0.0","-0.0,0.0,-0.0,-1.0",23.0,23.0,21.332292556762695,0,0,0,0,0,0,0,1.8300938214617804e-26,0.0,6.0,0.0,4.4395089425988893e+21,3.725290298461914e-05,
0,navstack-1709204094664,navstack,frontal,HandCrafted,,,1709204106,982231855,"builtin_interfaces.msg.Time(sec=1709204099, nanosec=342232227)",120.0,Handcrafted_LabStudy,1,1,"-11.0,-0.0,0.5","-0.0,0.0,-0.0,-1.0","12.0,-0.0,0.0","-0.0,0.0,-0.0,-1.0",23.0,23.0,21.332292556762695,0,0,0,0,0,0,0,1.8300938214617804e-26,0.0,6.0,0.0,4.4395089425988893e+21,0.0,
0,navstack-1709204094664,navstack,frontal,HandCrafted,,,1709204107,2231836,"builtin_interfaces.msg.Time(sec=1709204099, nanosec=342232227)",120.0,Handcrafted_LabStudy,1,1,"-11.0,-0.0,0.5","-0.0,0.0,-0.0,-1.0","12.0,-0.0,0.0","-0.0,0.0,-0.0,-1.0",23.0,23.0,21.332292556762695,0,0,0,0,0,0,0,1.8300938214617804e-26,0.0,6.0,0.0,4.439605534146459e+21,3.725290298461914e-05,
0,navstack-1709204094664,navstack,frontal,HandCrafted,,,1709204107,2231836,"builtin_interfaces.msg.Time(sec=1709204099, nanosec=342232227)",120.0,Handcrafted_LabStudy,1,1,"-11.0,-0.0,0.5","-0.0,0.0,-0.0,-1.0","12.0,-0.0,0.0","-0.0,0.0,-0.0,-1.0",23.0,23.0,21.332292556762695,0,0,0,0,0,0,0,1.8300938214617804e-26,0.0,6.0,0.0,4.439605534146459e+21,3.725290298461914e-05,
0,navstack-1709204094664,navstack,frontal,HandCrafted,,,1709204107,22231817,"builtin_interfaces.msg.Time(sec=1709204099, nanosec=342232227)",120.0,Handcrafted_LabStudy,1,1,"-11.0,-0.0,0.5","-0.0,0.0,-0.0,-1.0","12.0,-0.0,0.0","-0.0,0.0,-0.0,-1.0",23.0,23.0,21.332292556762695,0,0,0,0,0,0,0,1.8300938214617804e-26,0.0,6.0,0.0,4.435067797985192e+21,3.725290298461914e-05,
0,navstack-1709204094664,navstack,frontal,HandCrafted,,,1709204107,22231817,"builtin_interfaces.msg.Time(sec=1709204099, nanosec=342232227)",120.0,Handcrafted_LabStudy,1,1,"-11.0,-0.0,0.5","-0.0,0.0,-0.0,-1.0","12.0,-0.0,0.0","-0.0,0.0,-0.0,-1.0",23.0,23.0,21.332292556762695,0,0,0,0,0,0,0,1.8300938214617804e-26,0.0,6.0,0.0,4.4562203568311296e+21,3.725290298461914e-05,
0,navstack-1709204094664,navstack,frontal,HandCrafted,,,1709204107,22231817,"builtin_interfaces.msg.Time(sec=1709204099, nanosec=342232227)",120.0,Handcrafted_LabStudy,1,1,"-11.0,-0.0,0.5","-0.0,0.0,-0.0,-1.0","12.0,-0.0,0.0","-0.0,0.0,-0.0,-1.0",23.0,23.0,21.332292556762695,0,0,0,0,0,0,0,1.8300938214617804e-26,0.0,6.0,0.0,4.4562203568311296e+21,0.0,
0,navstack-1709204094664,navstack,frontal,HandCrafted,,,1709204107,42232036,"builtin_interfaces.msg.Time(sec=1709204099, nanosec=342232227)",120.0,Handcrafted_LabStudy,1,1,"-11.0,-0.0,0.5","-0.0,0.0,-0.0,-1.0","12.0,-0.0,0.0","-0.0,0.0,-0.0,-1.0",23.0,23.0,21.332292556762695,0,0,0,0,0,0,0,1.8300938214617804e-26,0.0,6.0,0.0,4.4425945425626215e+21,3.725290298461914e-05,
0,navstack-1709204094664,navstack,frontal,HandCrafted,,,1709204107,62232017,"builtin_interfaces.msg.Time(sec=1709204099, nanosec=342232227)",120.0,Handcrafted_LabStudy,1,1,"-11.0,-0.0,0.5","-0.0,0.0,-0.0,-1.0","12.0,-0.0,0.0","-0.0,0.0,-0.0,-1.0",23.0,23.0,21.332292556762695,0,0,0,0,0,0,0,1.8300938214617804e-26,0.0,6.0,0.0,4.4571890353235815e+21,7.450580596923828e-05,
0,navstack-1709204094664,navstack,frontal,HandCrafted,,,1709204107,82231998,"builtin_interfaces.msg.Time(sec=1709204099, nanosec=342232227)",120.0,Handcrafted_LabStudy,1,1,"-11.0,-0.0,0.5","-0.0,0.0,-0.0,-1.0","12.0,-0.0,0.0","-0.0,0.0,-0.0,-1.0",23.0,23.0,21.332292556762695,0,0,0,0,0,0,0,1.8300938214617804e-26,0.0,6.0,0.0,4.4718442715222513e+21,7.450580596923828e-05,
0,navstack-1709204094664,navstack,frontal,HandCrafted,,,1709204107,82231998,"builtin_interfaces.msg.Time(sec=1709204099, nanosec=342232227)",120.0,Handcrafted_LabStudy,1,1,"-11.0,-0.0,0.5","-0.0,0.0,-0.0,-1.0","12.0,-0.0,0.0","-0.0,0.0,-0.0,-1.0",23.0,23.0,21.332292556762695,0,0,0,0,0,0,0,1.8300938214617804e-26,0.0,6.0,0.0,4.457404466959253e+21,3.725290298461914e-05,
0,navstack-1709204094664,navstack,frontal,HandCrafted,,,1709204107,102231979,"builtin_interfaces.msg.Time(sec=1709204099, nanosec=342232227)",120.0,Handcrafted_LabStudy,1,1,"-11.0,-0.0,0.5","-0.0,0.0,-0.0,-1.0","12.0,-0.0,0.0","-0.0,0.0,-0.0,-1.0",23.0,23.0,21.332292556762695,0,0,0,0,0,0,0,1.8300938214617804e-26,0.0,6.0,0.0,4.471344328661016e+21,3.725290298461914e-05,
0,navstack-1709204094664,navstack,frontal,HandCrafted,,,1709204107,102231979,"builtin_interfaces.msg.Time(sec=1709204099, nanosec=342232227)",120.0,Handcrafted_LabStudy,1,1,"-11.0,-0.0,0.5","-0.0,0.0,-0.0,-1.0","12.0,-0.0,0.0","-0.0,0.0,-0.0,-1.0",23.0,23.0,21.332292556762695,0,0,0,0,0,0,0,1.8300938214617804e-26,0.0,6.0,0.0,4.4713450127559963e+21,3.725290298461914e-05,
0,navstack-1709204094664,navstack,frontal,HandCrafted,,,1709204107,122231960,"builtin_interfaces.msg.Time(sec=1709204099, nanosec=342232227)",120.0,Handcrafted_LabStudy,1,1,"-11.0,-0.0,0.5","-0.0,0.0,-0.0,-1.0","12.0,-0.0,0.0","-0.0,0.0,-0.0,-1.0",23.0,23.0,21.332292556762695,0,0,0,0,0,0,0,1.8300938214617804e-26,0.0,6.0,0.0,4.4850488610027633e+21,3.725290298461914e-05,
0,navstack-1709204094664,navstack,frontal,HandCrafted,,,1709204107,122231960,"builtin_interfaces.msg.Time(sec=1709204099, nanosec=342232227)",120.0,Handcrafted_LabStudy,1,1,"-11.0,-0.0,0.5","-0.0,0.0,-0.0,-1.0","12.0,-0.0,0.0","-0.0,0.0,-0.0,-1.0",23.0,23.0,21.332292556762695,0,0,0,0,0,0,0,1.8300938214617804e-26,0.0,6.0,0.0,4.4710085943008407e+21,3.725290298461914e-05,
0,navstack-1709204094664,navstack,frontal,HandCrafted,,,1709204107,122231960,"builtin_interfaces.msg.Time(sec=1709204099, nanosec=342232227)",120.0,Handcrafted_LabStudy,1,1,"-11.0,-0.0,0.5","-0.0,0.0,-0.0,-1.0","12.0,-0.0,0.0","-0.0,0.0,-0.0,-1.0",23.0,23.0,21.332292556762695,0,0,0,0,0,0,0,1.8300938214617804e-26,0.0,6.0,0.0,4.4850495451429365e+21,0.0,
0,navstack-1709204094664,navstack,frontal,HandCrafted,,,1709204107,142231941,"builtin_interfaces.msg.Time(sec=1709204099, nanosec=342232227)",120.0,Handcrafted_LabStudy,1,1,"-11.0,-0.0,0.5","-0.0,0.0,-0.0,-1.0","12.0,-0.0,0.0","-0.0,0.0,-0.0,-1.0",23.0,23.0,21.332292556762695,0,0,0,0,0,0,0,1.8300938214617804e-26,0.0,6.0,0.0,4.4714414701482533e+21,3.725290298461914e-05,
0,navstack-1709204094664,navstack,frontal,HandCrafted,,,1709204107,142231941,"builtin_interfaces.msg.Time(sec=1709204099, nanosec=342232227)",120.0,Handcrafted_LabStudy,1,1,"-11.0,-0.0,0.5","-0.0,0.0,-0.0,-1.0","12.0,-0.0,0.0","-0.0,0.0,-0.0,-1.0",23.0,23.0,21.332292556762695,0,0,0,0,0,0,0,1.8300938214617804e-26,0.0,6.0,0.0,4.4854691797718165e+21,3.725290298461914e-05,
0,navstack-1709204094664,navstack,frontal,HandCrafted,,,1709204107,162231922,"builtin_interfaces.msg.Time(sec=1709204099, nanosec=342232227)",120.0,Handcrafted_LabStudy,1,1,"-11.0,-0.0,0.5","-0.0,0.0,-0.0,-1.0","12.0,-0.0,0.0","-0.0,0.0,-0.0,-1.0",23.0,23.0,21.332292556762695,0,0,0,0,0,0,0,1.8300938214617804e-26,0.0,6.0,0.0,4.4856067773139056e+21,3.725290298461914e-05,
0,navstack-1709204094664,navstack,frontal,HandCrafted,,,1709204107,162231922,"builtin_interfaces.msg.Time(sec=1709204099, nanosec=342232227)",120.0,Handcrafted_LabStudy,1,1,"-11.0,-0.0,0.5","-0.0,0.0,-0.0,-1.0","12.0,-0.0,0.0","-0.0,0.0,-0.0,-1.0",23.0,23.0,21.332292556762695,0,0,0,0,0,0,0,1.8300938214617804e-26,0.0,6.0,0.0,4.4856067773139056e+21,3.725290298461914e-05,
0,navstack-1709204094664,navstack,frontal,HandCrafted,,,1709204107,162231922,"builtin_interfaces.msg.Time(sec=1709204099, nanosec=342232227)",120.0,Handcrafted_LabStudy,1,1,"-11.0,-0.0,0.5","-0.0,0.0,-0.0,-1.0","12.0,-0.0,0.0","-0.0,0.0,-0.0,-1.0",23.0,23.0,21.332292556762695,0,0,0,0,0,0,0,1.8300938214617804e-26,0.0,6.0,0.0,4.4992492165051853e+21,0.0,
0,navstack-1709204094664,navstack,frontal,HandCrafted,,,1709204107,182231903,"builtin_interfaces.msg.Time(sec=1709204099, nanosec=342232227)",120.0,Handcrafted_LabStudy,1,1,"-11.0,-0.0,0.5","-0.0,0.0,-0.0,-1.0","12.0,-0.0,0.0","-0.0,0.0,-0.0,-1.0",23.0,23.0,21.332292556762695,0,0,0,0,0,0,0,1.8300938214617804e-26,0.0,6.0,0.0,4.485723663104579e+21,3.725290298461914e-05,
0,navstack-1709204094664,navstack,frontal,HandCrafted,,,1709204107,182231903,"builtin_interfaces.msg.Time(sec=1709204099, nanosec=342232227)",120.0,Handcrafted_LabStudy,1,1,"-11.0,-0.0,0.5","-0.0,0.0,-0.0,-1.0","12.0,-0.0,0.0","-0.0,0.0,-0.0,-1.0",23.0,23.0,21.332292556762695,0,0,0,0,0,0,0,1.8300938214617804e-26,0.0,6.0,0.0,4.485723663104579e+21,3.725290298461914e-05,
0,navstack-1709204094664,navstack,frontal,HandCrafted,,,1709204107,202231884,"builtin_interfaces.msg.Time(sec=1709204099, nanosec=342232227)",120.0,Handcrafted_LabStudy,1,1,"-11.0,-0.0,0.5","-0.0,0.0,-0.0,-1.0","12.0,-0.0,0.0","-0.0,0.0,-0.0,-1.0",23.0,23.0,21.332292556762695,0,0,0,0,0,0,0,1.8300938214617804e-26,0.0,6.0,0.0,4.498630753788726e+21,3.725290298461914e-05,
0,navstack-1709204094664,navstack,frontal,HandCrafted,,,1709204107,202231884,"builtin_interfaces.msg.Time(sec=1709204099, nanosec=342232227)",120.0,Handcrafted_LabStudy,1,1,"-11.0,-0.0,0.5","-0.0,0.0,-0.0,-1.0","12.0,-0.0,0.0","-0.0,0.0,-0.0,-1.0",23.0,23.0,21.332292556762695,0,0,0,0,0,0,0,1.8300938214617804e-26,0.0,6.0,0.0,4.498630753788726e+21,3.725290298461914e-05,
0,navstack-1709204094664,navstack,frontal,HandCrafted,,,1709204107,222231864,"builtin_interfaces.msg.Time(sec=1709204099, nanosec=342232227)",120.0,Handcrafted_LabStudy,1,1,"-11.0,-0.0,0.5","-0.0,0.0,-0.0,-1.0","12.0,-0.0,0.0","-0.0,0.0,-0.0,-1.0",23.0,23.0,21.332292556762695,0,0,0,0,0,0,0,1.8300938214617804e-26,0.0,6.0,0.0,4.510457117126179e+21,3.725290298461914e-05,
0,navstack-1709204094664,navstack,frontal,HandCrafted,,,1709204107,222231864,"builtin_interfaces.msg.Time(sec=1709204099, nanosec=342232227)",120.0,Handcrafted_LabStudy,1,1,"-11.0,-0.0,0.5","-0.0,0.0,-0.0,-1.0","12.0,-0.0,0.0","-0.0,0.0,-0.0,-1.0",23.0,23.0,21.332292556762695,0,0,0,0,0,0,0,1.8300938214617804e-26,0.0,6.0,0.0,4.510457117126179e+21,3.725290298461914e-05,
0,navstack-1709204094664,navstack,frontal,HandCrafted,,,1709204107,242231607,"builtin_interfaces.msg.Time(sec=1709204099, nanosec=342232227)",120.0,Handcrafted_LabStudy,1,1,"-11.0,-0.0,0.5","-0.0,0.0,-0.0,-1.0","12.0,-0.0,0.0","-0.0,0.0,-0.0,-1.0",23.0,23.0,21.332292556762695,0,0,0,0,0,0,0,1.8300938214617804e-26,0.0,6.0,0.0,4.5087871567281044e+21,3.725290298461914e-05,
0,navstack-1709204094664,navstack,frontal,HandCrafted,,,1709204107,242231607,"builtin_interfaces.msg.Time(sec=1709204099, nanosec=342232227)",120.0,Handcrafted_LabStudy,1,1,"-11.0,-0.0,0.5","-0.0,0.0,-0.0,-1.0","12.0,-0.0,0.0","-0.0,0.0,-0.0,-1.0",23.0,23.0,21.332292556762695,0,0,0,0,0,0,0,1.8300938214617804e-26,0.0,6.0,0.0,4.5087871567281044e+21,3.725290298461914e-05,
0,navstack-1709204094664,navstack,frontal,HandCrafted,,,1709204107,262231588,"builtin_interfaces.msg.Time(sec=1709204099, nanosec=342232227)",120.0,Handcrafted_LabStudy,1,1,"-11.0,-0.0,0.5","-0.0,0.0,-0.0,-1.0","12.0,-0.0,0.0","-0.0,0.0,-0.0,-1.0",23.0,23.0,21.332292556762695,0,0,0,0,0,0,0,1.8300938214617804e-26,0.0,6.0,0.0,4.506786947555556e+21,3.725290298461914e-05,
0,navstack-1709204094664,navstack,frontal,HandCrafted,,,1709204107,262231588,"builtin_interfaces.msg.Time(sec=1709204099, nanosec=342232227)",120.0,Handcrafted_LabStudy,1,1,"-11.0,-0.0,0.5","-0.0,0.0,-0.0,-1.0","12.0,-0.0,0.0","-0.0,0.0,-0.0,-1.0",23.0,23.0,21.332292556762695,0,0,0,0,0,0,0,1.8300938214617804e-26,0.0,6.0,0.0,4.5197741487137106e+21,3.725290298461914e-05,
0,navstack-1709204094664,navstack,frontal,HandCrafted,,,1709204107,282232284,"builtin_interfaces.msg.Time(sec=1709204099, nanosec=342232227)",120.0,Handcrafted_LabStudy,1,1,"-11.0,-0.0,0.5","-0.0,0.0,-0.0,-1.0","12.0,-0.0,0.0","-0.0,0.0,-0.0,-1.0",23.0,23.0,21.332292556762695,0,0,0,0,0,0,0,1.8300938214617804e-26,0.0,6.0,0.0,4.519783341729932e+21,3.725290298461914e-05,
0,navstack-1709204094664,navstack,frontal,HandCrafted,,,1709204107,282232284,"builtin_interfaces.msg.Time(sec=1709204099, nanosec=342232227)",120.0,Handcrafted_LabStudy,1,1,"-11.0,-0.0,0.5","-0.0,0.0,-0.0,-1.0","12.0,-0.0,0.0","-0.0,0.0,-0.0,-1.0",23.0,23.0,21.332292556762695,0,0,0,0,0,0,0,1.8300938214617804e-26,0.0,6.0,0.0,4.519783341729932e+21,3.725290298461914e-05,
0,navstack-1709204094664,navstack,frontal,HandCrafted,,,1709204107,282232284,"builtin_interfaces.msg.Time(sec=1709204099, nanosec=342232227)",120.0,Handcrafted_LabStudy,1,1,"-11.0,-0.0,0.5","-0.0,0.0,-0.0,-1.0","12.0,-0.0,0.0","-0.0,0.0,-0.0,-1.0",23.0,23.0,21.332292556762695,0,0,0,0,0,0,0,1.8300938214617804e-26,0.0,6.0,0.0,4.519783341729932e+21,0.0,
0,navstack-1709204094664,navstack,frontal,HandCrafted,,,1709204107,302232265,"builtin_interfaces.msg.Time(sec=1709204099, nanosec=342232227)",120.0,Handcrafted_LabStudy,1,1,"-11.0,-0.0,0.5","-0.0,0.0,-0.0,-1.0","12.0,-0.0,0.0","-0.0,0.0,-0.0,-1.0",23.0,23.0,21.332292556762695,0,0,0,0,0,0,0,1.8300938214617804e-26,0.0,6.0,0.0,4.518271534088944e+21,3.725290298461914e-05,
0,navstack-1709204094664,navstack,frontal,HandCrafted,,,1709204107,302232265,"builtin_interfaces.msg.Time(sec=1709204099, nanosec=342232227)",120.0,Handcrafted_LabStudy,1,1,"-11.0,-0.0,0.5","-0.0,0.0,-0.0,-1.0","12.0,-0.0,0.0","-0.0,0.0,-0.0,-1.0",23.0,23.0,21.332292556762695,0,0,0,0,0,0,0,1.8300938214617804e-26,0.0,6.0,0.0,4.530930027608946e+21,3.725290298461914e-05,
0,navstack-1709204094664,navstack,frontal,HandCrafted,,,1709204107,322232246,"builtin_interfaces.msg.Time(sec=1709204099, nanosec=342232227)",120.0,Handcrafted_LabStudy,1,1,"-11.0,-0.0,0.5","-0.0,0.0,-0.0,-1.0","12.0,-0.0,0.0","-0.0,0.0,-0.0,-1.0",23.0,23.0,21.332292556762695,0,0,0,0,0,0,0,1.8300938214617804e-26,0.0,6.0,0.0,4.5310884160199024e+21,3.725290298461914e-05,
0,navstack-1709204094664,navstack,frontal,HandCrafted,,,1709204107,342232227,"builtin_interfaces.msg.Time(sec=1709204099, nanosec=342232227)",120.0,Handcrafted_LabStudy,1,1,"-11.0,-0.0,0.5","-0.0,0.0,-0.0,-1.0","12.0,-0.0,0.0","-0.0,0.0,-0.0,-1.0",23.0,23.0,21.332292556762695,0,0,0,0,0,0,0,1.8300938214617804e-26,0.0,6.0,0.0,4.527626532947895e+21,7.450580596923828e-05,
0,navstack-1709204094664,navstack,frontal,HandCrafted,,,1709204107,362231731,"builtin_interfaces.msg.Time(sec=1709204099, nanosec=342232227)",120.0,Handcrafted_LabStudy,1,1,"-11.0,-0.0,0.5","-0.0,0.0,-0.0,-1.0","12.0,-0.0,0.0","-0.0,0.0,-0.0,-1.0",23.0,23.0,21.332292556762695,0,0,0,0,0,0,0,1.8300938214617804e-26,0.0,6.0,0.0,4.5400636509504673e+21,7.450580596923828e-05,
0,navstack-1709204094664,navstack,frontal,HandCrafted,,,1709204107,382232189,"builtin_interfaces.msg.Time(sec=1709204099, nanosec=342232227)",120.0,Handcrafted_LabStudy,1,1,"-11.0,-0.0,0.5","-0.0,0.0,-0.0,-1.0","12.0,-0.0,0.0","-0.0,0.0,-0.0,-1.0",23.0,23.0,21.332292556762695,0,0,0,0,0,0,0,1.8300938214617804e-26,0.0,6.0,0.0,4.538422919930854e+21,7.450580596923828e-05,
0,navstack-1709204094664,navstack,frontal,HandCrafted,,,1709204107,402231693,"builtin_interfaces.msg.Time(sec=1709204099, nanosec=342232227)",120.0,Handcrafted_LabStudy,1,1,"-11.0,-0.0,0.5","-0.0,0.0,-0.0,-1.0","12.0,-0.0,0.0","-0.0,0.0,-0.0,-1.0",23.0,23.0,21.332292556762695,0,0,0,0,0,0,0,1.8300938214617804e-26,0.0,6.0,0.0,4.5369015550705166e+21,7.450580596923828e-05,
0,navstack-1709204094664,navstack,frontal,HandCrafted,,,1709204107,402231693,"builtin_interfaces.msg.Time(sec=1709204099, nanosec=342232227)",120.0,Handcrafted_LabStudy,1,1,"-11.0,-0.0,0.5","-0.0,0.0,-0.0,-1.0","12.0,-0.0,0.0","-0.0,0.0,-0.0,-1.0",23.0,23.0,21.332292556762695,0,0,0,0,0,0,0,1.8300938214617804e-26,0.0,6.0,0.0,4.553969484108381e+21,3.725290298461914e-05,
0,navstack-1709204094664,navstack,frontal,HandCrafted,,,1709204107,422232151,"builtin_interfaces.msg.Time(sec=1709204099, nanosec=342232227)",120.0,Handcrafted_LabStudy,1,1,"-11.0,-0.0,0.5","-0.0,0.0,-0.0,-1.0","12.0,-0.0,0.0","-0.0,0.0,-0.0,-1.0",23.0,23.0,21.21885871887207,0,0,0,0,0,0,0,1.8300938214617804e-26,0.0,7.0,0.0,4.54222169935782e+21,3.725290298461914e-05,
0,navstack-1709204094664,navstack,frontal,HandCrafted,,,1709204107,422232151,"builtin_interfaces.msg.Time(sec=1709204099, nanosec=342232227)",120.0,Handcrafted_LabStudy,1,1,"-11.0,-0.0,0.5","-0.0,0.0,-0.0,-1.0","12.0,-0.0,0.0","-0.0,0.0,-0.0,-1.0",23.0,23.0,21.21885871887207,0,0,0,0,0,0,0,1.8300938214617804e-26,0.0,7.0,0.0,4.554210463891869e+21,3.725290298461914e-05,
0,navstack-1709204094664,navstack,frontal,HandCrafted,,,1709204107,422232151,"builtin_interfaces.msg.Time(sec=1709204099, nanosec=342232227)",120.0,Handcrafted_LabStudy,1,1,"-11.0,-0.0,0.5","-0.0,0.0,-0.0,-1.0","12.0,-0.0,0.0","-0.0,0.0,-0.0,-1.0",23.0,23.0,21.21885871887207,0,0,0,0,0,0,0,1.8300938214617804e-26,0.0,7.0,0.0,4.54222169935782e+21,0.0,
0,navstack-1709204094664,navstack,frontal,HandCrafted,,,1709204107,442231655,"builtin_interfaces.msg.Time(sec=1709204099, nanosec=342232227)",120.0,Handcrafted_LabStudy,1,1,"-11.0,-0.0,0.5","-0.0,0.0,-0.0,-1.0","12.0,-0.0,0.0","-0.0,0.0,-0.0,-1.0",23.0,23.0,21.21885871887207,0,0,0,0,0,0,0,1.8300938214617804e-26,0.0,7.0,0.0,4.5537570585846413e+21,3.725290298461914e-05,
0,navstack-1709204094664,navstack,frontal,HandCrafted,,,1709204107,442231655,"builtin_interfaces.msg.Time(sec=1709204099, nanosec=342232227)",120.0,Handcrafted_LabStudy,1,1,"-11.0,-0.0,0.5","-0.0,0.0,-0.0,-1.0","12.0,-0.0,0.0","-0.0,0.0,-0.0,-1.0",23.0,23.0,21.21885871887207,0,0,0,0,0,0,0,1.8300938214617804e-26,0.0,7.0,0.0,4.5537570585846413e+21,3.725290298461914e-05,
0,navstack-1709204094664,navstack,frontal,HandCrafted,,,1709204107,462232112,"builtin_interfaces.msg.Time(sec=1709204099, nanosec=342232227)",120.0,Handcrafted_LabStudy,1,1,"-11.0,-0.0,0.5","-0.0,0.0,-0.0,-1.0","12.0,-0.0,0.0","-0.0,0.0,-0.0,-1.0",23.0,23.0,21.21885871887207,0,0,0,0,0,0,0,1.8300938214617804e-26,0.0,7.0,0.0,4.5562360691292625e+21,3.725290298461914e-05,
0,navstack-1709204094664,navstack,frontal,HandCrafted,,,1709204107,462232112,"builtin_interfaces.msg.Time(sec=1709204099, nanosec=342232227)",120.0,Handcrafted_LabStudy,1,1,"-11.0,-0.0,0.5","-0.0,0.0,-0.0,-1.0","12.0,-0.0,0.0","-0.0,0.0,-0.0,-1.0",23.0,23.0,21.21885871887207,0,0,0,0,0,0,0,1.8300938214617804e-26,0.0,7.0,0.0,4.5562360691292625e+21,3.725290298461914e-05,
0,navstack-1709204094664,navstack,frontal,HandCrafted,,,1709204107,482231378,"builtin_interfaces.msg.Time(sec=1709204099, nanosec=342232227)",120.0,Handcrafted_LabStudy,1,1,"-11.0,-0.0,0.5","-0.0,0.0,-0.0,-1.0","12.0,-0.0,0.0","-0.0,0.0,-0.0,-1.0",23.0,23.0,21.21885871887207,0,0,0,0,0,0,0,1.8300938214617804e-26,0.0,7.0,0.0,4.558986626067623e+21,3.725290298461914e-05,
0,navstack-1709204094664,navstack,frontal,HandCrafted,,,1709204107,482231378,"builtin_interfaces.msg.Time(sec=1709204099, nanosec=342232227)",120.0,Handcrafted_LabStudy,1,1,"-11.0,-0.0,0.5","-0.0,0.0,-0.0,-1.0","12.0,-0.0,0.0","-0.0,0.0,-0.0,-1.0",23.0,23.0,21.21885871887207,0,0,0,0,0,0,0,1.8300938214617804e-26,0.0,7.0,0.0,4.570527386647218e+21,3.725290298461914e-05,
0,navstack-1709204094664,navstack,frontal,HandCrafted,,,1709204107,502231836,"builtin_interfaces.msg.Time(sec=1709204099, nanosec=342232227)",120.0,Handcrafted_LabStudy,1,1,"-11.0,-0.0,0.5","-0.0,0.0,-0.0,-1.0","12.0,-0.0,0.0","-0.0,0.0,-0.0,-1.0",23.0,23.0,21.21885871887207,0,0,0,0,0,0,0,1.8300938214617804e-26,0.0,7.0,0.0,4.5707720613233704e+21,3.725290298461914e-05,
0,navstack-1709204094664,navstack,frontal,HandCrafted,,,1709204107,502231836,"builtin_interfaces.msg.Time(sec=1709204099, nanosec=342232227)",120.0,Handcrafted_LabStudy,1,1,"-11.0,-0.0,0.5","-0.0,0.0,-0.0,-1.0","12.0,-0.0,0.0","-0.0,0.0,-0.0,-1.0",23.0,23.0,21.21885871887207,0,0,0,0,0,0,0,1.8300938214617804e-26,0.0,7.0,0.0,4.5707720613233704e+21,3.725290298461914e-05,
0,navstack-1709204094664,navstack,frontal,HandCrafted,,,1709204107,502231836,"builtin_interfaces.msg.Time(sec=1709204099, nanosec=342232227)",120.0,Handcrafted_LabStudy,1,1,"-11.0,-0.0,0.5","-0.0,0.0,-0.0,-1.0","12.0,-0.0,0.0","-0.0,0.0,-0.0,-1.0",23.0,23.0,21.21885871887207,0,0,0,0,0,0,0,1.8300938214617804e-26,0.0,7.0,0.0,4.5707720613233704e+21,0.0,
0,navstack-1709204094664,navstack,frontal,HandCrafted,,,1709204107,522231340,"builtin_interfaces.msg.Time(sec=1709204099, nanosec=342232227)",120.0,Handcrafted_LabStudy,1,1,"-11.0,-0.0,0.5","-0.0,0.0,-0.0,-1.0","12.0,-0.0,0.0","-0.0,0.0,-0.0,-1.0",23.0,23.0,21.21885871887207,0,0,0,0,0,0,0,1.8300938214617804e-26,0.0,7.0,0.0,4.5731979278128146e+21,3.725290298461914e-05,
0,navstack-1709204094664,navstack,frontal,HandCrafted,,,1709204107,522231340,"builtin_interfaces.msg.Time(sec=1709204099, nanosec=342232227)",120.0,Handcrafted_LabStudy,1,1,"-11.0,-0.0,0.5","-0.0,0.0,-0.0,-1.0","12.0,-0.0,0.0","-0.0,0.0,-0.0,-1.0",23.0,23.0,21.21885871887207,0,0,0,0,0,0,0,1.8300938214617804e-26,0.0,7.0,0.0,4.5731979278128146e+21,3.725290298461914e-05,
0,navstack-1709204094664,navstack,frontal,HandCrafted,,,1709204107,542232036,"builtin_interfaces.msg.Time(sec=1709204099, nanosec=342232227)",120.0,Handcrafted_LabStudy,1,1,"-11.0,-0.0,0.5","-0.0,0.0,-0.0,-1.0","12.0,-0.0,0.0","-0.0,0.0,-0.0,-1.0",23.0,23.0,21.21885871887207,0,0,0,0,0,0,0,1.8300938214617804e-26,0.0,7.0,0.0,4.575321634991484e+21,3.725290298461914e-05,
0,navstack-1709204094664,navstack,frontal,HandCrafted,,,1709204107,542232036,"builtin_interfaces.msg.Time(sec=1709204099, nanosec=342232227)",120.0,Handcrafted_LabStudy,1,1,"-11.0,-0.0,0.5","-0.0,0.0,-0.0,-1.0","12.0,-0.0,0.0","-0.0,0.0,-0.0,-1.0",23.0,23.0,21.21885871887207,0,0,0,0,0,0,0,1.8300938214617804e-26,0.0,7.0,0.0,4.575321634991484e+21,3.725290298461914e-05,
0,navstack-1709204094664,navstack,frontal,HandCrafted,,,1709204107,562232494,"builtin_interfaces.msg.Time(sec=1709204099, nanosec=342232227)",120.0,Handcrafted_LabStudy,1,1,"-11.0,-0.0,0.5","-0.0,0.0,-0.0,-1.0","12.0,-0.0,0.0","-0.0,0.0,-0.0,-1.0",23.0,23.0,21.21885871887207,0,0,0,0,0,0,0,1.8300938214617804e-26,0.0,7.0,0.0,4.586795213752671e+21,3.725290298461914e-05,
0,navstack-1709204094664,navstack,frontal,HandCrafted,,,1709204107,562232494,"builtin_interfaces.msg.Time(sec=1709204099, nanosec=342232227)",120.0,Handcrafted_LabStudy,1,1,"-11.0,-0.0,0.5","-0.0,0.0,-0.0,-1.0","12.0,-0.0,0.0","-0.0,0.0,-0.0,-1.0",23.0,23.0,21.21885871887207,0,0,0,0,0,0,0,1.8300938214617804e-26,0.0,7.0,0.0,4.586795213752671e+21,3.725290298461914e-05,
0,navstack-1709204094664,navstack,frontal,HandCrafted,,,1709204107,562232494,"builtin_interfaces.msg.Time(sec=1709204099, nanosec=342232227)",120.0,Handcrafted_LabStudy,1,1,"-11.0,-0.0,0.5","-0.0,0.0,-0.0,-1.0","12.0,-0.0,0.0","-0.0,0.0,-0.0,-1.0",23.0,23.0,21.21885871887207,0,0,0,0,0,0,0,1.8300938214617804e-26,0.0,7.0,0.0,4.586795213752671e+21,0.0,
0,navstack-1709204094664,navstack,frontal,HandCrafted,,,1709204107,582231998,"builtin_interfaces.msg.Time(sec=1709204099, nanosec=342232227)",120.0,Handcrafted_LabStudy,1,1,"-11.0,-0.0,0.5","-0.0,0.0,-0.0,-1.0","12.0,-0.0,0.0","-0.0,0.0,-0.0,-1.0",23.0,23.0,21.21885871887207,0,0,0,0,0,0,0,1.8300938214617804e-26,0.0,7.0,0.0,4.588538692063101e+21,3.725290298461914e-05,
0,navstack-1709204094664,navstack,frontal,HandCrafted,,,1709204107,602232456,"builtin_interfaces.msg.Time(sec=1709204099, nanosec=342232227)",120.0,Handcrafted_LabStudy,1,1,"-11.0,-0.0,0.5","-0.0,0.0,-0.0,-1.0","12.0,-0.0,0.0","-0.0,0.0,-0.0,-1.0",23.0,23.0,21.21885871887207,0,0,0,0,0,0,0,1.8300938214617804e-26,0.0,7.0,0.0,4.5792556469753034e+21,7.450580596923828e-05,
0,navstack-1709204094664,navstack,frontal,HandCrafted,,,1709204107,602232456,"builtin_interfaces.msg.Time(sec=1709204099, nanosec=342232227)",120.0,Handcrafted_LabStudy,1,1,"-11.0,-0.0,0.5","-0.0,0.0,-0.0,-1.0","12.0,-0.0,0.0","-0.0,0.0,-0.0,-1.0",23.0,23.0,21.21885871887207,0,0,0,0,0,0,0,1.8300938214617804e-26,0.0,7.0,0.0,4.590299379719159e+21,3.725290298461914e-05,
0,navstack-1709204094664,navstack,frontal,HandCrafted,,,1709204107,642232418,"builtin_interfaces.msg.Time(sec=1709204099, nanosec=342232227)",120.0,Handcrafted_LabStudy,1,1,"-11.0,-0.0,0.5","-0.0,0.0,-0.0,-1.0","12.0,-0.0,0.0","-0.0,0.0,-0.0,-1.0",23.0,23.0,21.21885871887207,0,0,0,0,0,0,0,1.8300938214617804e-26,0.0,7.0,0.0,4.5910967450908775e+21,0.0,
0,navstack-1709204094664,navstack,frontal,HandCrafted,,,1709204107,642232418,"builtin_interfaces.msg.Time(sec=1709204099, nanosec=342232227)",120.0,Handcrafted_LabStudy,1,1,"-11.0,-0.0,0.5","-0.0,0.0,-0.0,-1.0","12.0,-0.0,0.0","-0.0,0.0,-0.0,-1.0",23.0,23.0,21.21885871887207,0,0,0,0,0,0,0,1.8300938214617804e-26,0.0,7.0,0.0,4.5910967450908775e+21,0.0,
0,navstack-1709204094664,navstack,frontal,HandCrafted,,,1709204107,662231922,"builtin_interfaces.msg.Time(sec=1709204099, nanosec=342232227)",120.0,Handcrafted_LabStudy,1,1,"-11.0,-0.0,0.5","-0.0,0.0,-0.0,-1.0","12.0,-0.0,0.0","-0.0,0.0,-0.0,-1.0",23.0,23.0,21.21885871887207,0,0,0,0,0,0,0,1.8300938214617804e-26,0.0,7.0,0.0,4.595058117227694e+21,3.725290298461914e-05,
0,navstack-1709204094664,navstack,frontal,HandCrafted,,,1709204107,682232379,"builtin_interfaces.msg.Time(sec=1709204099, nanosec=342232227)",120.0,Handcrafted_LabStudy,1,1,"-11.0,-0.0,0.5","-0.0,0.0,-0.0,-1.0","12.0,-0.0,0.0","-0.0,0.0,-0.0,-1.0",23.0,23.0,21.21885871887207,0,0,0,0,0,0,0,1.8300938214617804e-26,0.0,7.0,0.0,4.60098701750293e+21,7.450580596923828e-05,
0,navstack-1709204094664,navstack,frontal,HandCrafted,,,1709204107,702231884,"builtin_interfaces.msg.Time(sec=1709204099, nanosec=342232227)",120.0,Handcrafted_LabStudy,1,1,"-11.0,-0.0,0.5","-0.0,0.0,-0.0,-1.0","12.0,-0.0,0.0","-0.0,0.0,-0.0,-1.0",23.0,23.0,21.21885871887207,0,0,0,0,0,0,0,1.8300938214617804e-26,0.0,7.0,0.0,4.6054324176076575e+21,7.450580596923828e-05,
0,navstack-1709204094664,navstack,frontal,HandCrafted,,,1709204107,702231884,"builtin_interfaces.msg.Time(sec=1709204099, nanosec=342232227)",120.0,Handcrafted_LabStudy,1,1,"-11.0,-0.0,0.5","-0.0,0.0,-0.0,-1.0","12.0,-0.0,0.0","-0.0,0.0,-0.0,-1.0",23.0,23.0,21.21885871887207,0,0,0,0,0,0,0,1.8300938214617804e-26,0.0,7.0,0.0,4.6054324176076575e+21,3.725290298461914e-05,
0,navstack-1709204094664,navstack,frontal,HandCrafted,,,1709204107,702231884,"builtin_interfaces.msg.Time(sec=1709204099, nanosec=342232227)",120.0,Handcrafted_LabStudy,1,1,"-11.0,-0.0,0.5","-0.0,0.0,-0.0,-1.0","12.0,-0.0,0.0","-0.0,0.0,-0.0,-1.0",23.0,23.0,21.21885871887207,0,0,0,0,0,0,0,1.8300938214617804e-26,0.0,7.0,0.0,4.6054324176076575e+21,0.0,
0,navstack-1709204094664,navstack,frontal,HandCrafted,,,1709204107,722232103,"builtin_interfaces.msg.Time(sec=1709204099, nanosec=342232227)",120.0,Handcrafted_LabStudy,1,1,"-11.0,-0.0,0.5","-0.0,0.0,-0.0,-1.0","12.0,-0.0,0.0","-0.0,0.0,-0.0,-1.0",23.0,23.0,21.21885871887207,0,0,0,0,0,0,0,1.8300938214617804e-26,0.0,7.0,0.0,4.6087998982794416e+21,3.725290298461914e-05,
0,navstack-1709204094664,navstack,frontal,HandCrafted,,,1709204107,722232103,"builtin_interfaces.msg.Time(sec=1709204099, nanosec=342232227)",120.0,Handcrafted_LabStudy,1,1,"-11.0,-0.0,0.5","-0.0,0.0,-0.0,-1.0","12.0,-0.0,0.0","-0.0,0.0,-0.0,-1.0",23.0,23.0,21.21885871887207,0,0,0,0,0,0,0,1.8300938214617804e-26,0.0,7.0,0.0,4.6087998982794416e+21,3.725290298461914e-05,
0,navstack-1709204094664,navstack,frontal,HandCrafted,,,1709204107,742231607,"builtin_interfaces.msg.Time(sec=1709204099, nanosec=342232227)",120.0,Handcrafted_LabStudy,1,1,"-11.0,-0.0,0.5","-0.0,0.0,-0.0,-1.0","12.0,-0.0,0.0","-0.0,0.0,-0.0,-1.0",23.0,23.0,21.21885871887207,0,0,0,0,0,0,0,1.8300938214617804e-26,0.0,7.0,0.0,4.612048984259487e+21,3.725290298461914e-05,
0,navstack-1709204094664,navstack,frontal,HandCrafted,,,1709204107,742231607,"builtin_interfaces.msg.Time(sec=1709204099, nanosec=342232227)",120.0,Handcrafted_LabStudy,1,1,"-11.0,-0.0,0.5","-0.0,0.0,-0.0,-1.0","12.0,-0.0,0.0","-0.0,0.0,-0.0,-1.0",23.0,23.0,21.21885871887207,0,0,0,0,0,0,0,1.8300938214617804e-26,0.0,7.0,0.0,4.622288175880793e+21,3.725290298461914e-05,
0,navstack-1709204094664,navstack,frontal,HandCrafted,,,1709204107,762232065,"builtin_interfaces.msg.Time(sec=1709204099, nanosec=342232227)",120.0,Handcrafted_LabStudy,1,1,"-11.0,-0.0,0.5","-0.0,0.0,-0.0,-1.0","12.0,-0.0,0.0","-0.0,0.0,-0.0,-1.0",23.0,23.0,21.21885871887207,0,0,0,0,0,0,0,1.8300938214617804e-26,0.0,7.0,0.0,4.623476073272237e+21,3.725290298461914e-05,
0,navstack-1709204094664,navstack,frontal,HandCrafted,,,1709204107,762232065,"builtin_interfaces.msg.Time(sec=1709204099, nanosec=342232227)",120.0,Handcrafted_LabStudy,1,1,"-11.0,-0.0,0.5","-0.0,0.0,-0.0,-1.0","12.0,-0.0,0.0","-0.0,0.0,-0.0,-1.0",23.0,23.0,21.21885871887207,0,0,0,0,0,0,0,1.8300938214617804e-26,0.0,7.0,0.0,4.623476073272237e+21,3.725290298461914e-05,
0,navstack-1709204094664,navstack,frontal,HandCrafted,,,1709204107,782231807,"builtin_interfaces.msg.Time(sec=1709204099, nanosec=342232227)",120.0,Handcrafted_LabStudy,1,1,"-11.0,-0.0,0.5","-0.0,0.0,-0.0,-1.0","12.0,-0.0,0.0","-0.0,0.0,-0.0,-1.0",23.0,23.0,21.21885871887207,0,0,0,0,0,0,0,1.8300938214617804e-26,0.0,7.0,0.0,4.6265230658578557e+21,3.725290298461914e-05,
0,navstack-1709204094664,navstack,frontal,HandCrafted,,,1709204107,782231807,"builtin_interfaces.msg.Time(sec=1709204099, nanosec=342232227)",120.0,Handcrafted_LabStudy,1,1,"-11.0,-0.0,0.5","-0.0,0.0,-0.0,-1.0","12.0,-0.0,0.0","-0.0,0.0,-0.0,-1.0",23.0,23.0,21.21885871887207,0,0,0,0,0,0,0,1.8300938214617804e-26,0.0,7.0,0.0,4.616382725961239e+21,3.725290298461914e-05,
0,navstack-1709204094664,navstack,frontal,HandCrafted,,,1709204107,802232265,"builtin_interfaces.msg.Time(sec=1709204099, nanosec=342232227)",120.0,Handcrafted_LabStudy,1,1,"-11.0,-0.0,0.5","-0.0,0.0,-0.0,-1.0","12.0,-0.0,0.0","-0.0,0.0,-0.0,-1.0",23.0,23.0,21.21885871887207,0,0,0,0,0,0,0,1.8300938214617804e-26,0.0,7.0,0.0,4.617453929398748e+21,3.725290298461914e-05,
0,navstack-1709204094664,navstack,frontal,HandCrafted,,,1709204107,802232265,"builtin_interfaces.msg.Time(sec=1709204099, nanosec=342232227)",120.0,Handcrafted_LabStudy,1,1,"-11.0,-0.0,0.5","-0.0,0.0,-0.0,-1.0","12.0,-0.0,0.0","-0.0,0.0,-0.0,-1.0",23.0,23.0,21.21885871887207,0,0,0,0,0,0,0,1.8300938214617804e-26,0.0,7.0,0.0,4.6275792039602516e+21,3.725290298461914e-05,
0,navstack-1709204094664,navstack,frontal,HandCrafted,,,1709204107,822231769,"builtin_interfaces.msg.Time(sec=1709204099, nanosec=342232227)",120.0,Handcrafted_LabStudy,1,1,"-11.0,-0.0,0.5","-0.0,0.0,-0.0,-1.0","12.0,-0.0,0.0","-0.0,0.0,-0.0,-1.0",23.0,23.0,21.21885871887207,0,0,0,0,0,0,0,1.8300938214617804e-26,0.0,7.0,0.0,4.6279829245463385e+21,3.725290298461914e-05,
0,navstack-1709204094664,navstack,frontal,HandCrafted,,,1709204107,822231769,"builtin_interfaces.msg.Time(sec=1709204099, nanosec=342232227)",120.0,Handcrafted_LabStudy,1,1,"-11.0,-0.0,0.5","-0.0,0.0,-0.0,-1.0","12.0,-0.0,0.0","-0.0,0.0,-0.0,-1.0",23.0,23.0,21.21885871887207,0,0,0,0,0,0,0,1.8300938214617804e-26,0.0,7.0,0.0,4.6279829245463385e+21,3.725290298461914e-05,
0,navstack-1709204094664,navstack,frontal,HandCrafted,,,1709204107,842232227,"builtin_interfaces.msg.Time(sec=1709204099, nanosec=342232227)",120.0,Handcrafted_LabStudy,1,1,"-11.0,-0.0,0.5","-0.0,0.0,-0.0,-1.0","12.0,-0.0,0.0","-0.0,0.0,-0.0,-1.0",23.0,23.0,21.21885871887207,0,0,0,0,0,0,0,1.8300938214617804e-26,0.0,7.0,0.0,4.631815399911929e+21,3.725290298461914e-05,
0,navstack-1709204094664,navstack,frontal,HandCrafted,,,1709204107,842232227,"builtin_interfaces.msg.Time(sec=1709204099, nanosec=342232227)",120.0,Handcrafted_LabStudy,1,1,"-11.0,-0.0,0.5","-0.0,0.0,-0.0,-1.0","12.0,-0.0,0.0","-0.0,0.0,-0.0,-1.0",23.0,23.0,21.21885871887207,0,0,0,0,0,0,0,1.8300938214617804e-26,0.0,7.0,0.0,4.631815399911929e+21,3.725290298461914e-05,
0,navstack-1709204094664,navstack,frontal,HandCrafted,,,1709204107,862231731,"builtin_interfaces.msg.Time(sec=1709204099, nanosec=342232227)",120.0,Handcrafted_LabStudy,1,1,"-11.0,-0.0,0.5","-0.0,0.0,-0.0,-1.0","12.0,-0.0,0.0","-0.0,0.0,-0.0,-1.0",23.0,23.0,21.21885871887207,0,0,0,0,0,0,0,1.8300938214617804e-26,0.0,7.0,0.0,4.634963771775309e+21,3.725290298461914e-05,
0,navstack-1709204094664,navstack,frontal,HandCrafted,,,1709204107,862231731,"builtin_interfaces.msg.Time(sec=1709204099, nanosec=342232227)",120.0,Handcrafted_LabStudy,1,1,"-11.0,-0.0,0.5","-0.0,0.0,-0.0,-1.0","12.0,-0.0,0.0","-0.0,0.0,-0.0,-1.0",23.0,23.0,21.21885871887207,0,0,0,0,0,0,0,1.8300938214617804e-26,0.0,7.0,0.0,4.634963771775309e+21,3.725290298461914e-05,
0,navstack-1709204094664,navstack,frontal,HandCrafted,,,1709204107,862231731,"builtin_interfaces.msg.Time(sec=1709204099, nanosec=342232227)",120.0,Handcrafted_LabStudy,1,1,"-11.0,-0.0,0.5","-0.0,0.0,-0.0,-1.0","12.0,-0.0,0.0","-0.0,0.0,-0.0,-1.0",23.0,23.0,21.21885871887207,0,0,0,0,0,0,0,1.8300938214617804e-26,0.0,7.0,0.0,4.634963771775309e+21,0.0,
0,navstack-1709204094664,navstack,frontal,HandCrafted,,,1709204107,882232189,"builtin_interfaces.msg.Time(sec=1709204099, nanosec=342232227)",120.0,Handcrafted_LabStudy,1,1,"-11.0,-0.0,0.5","-0.0,0.0,-0.0,-1.0","12.0,-0.0,0.0","-0.0,0.0,-0.0,-1.0",23.0,23.0,21.21885871887207,0,0,0,0,0,0,0,1.8300938214617804e-26,0.0,7.0,0.0,4.6377639987168123e+21,3.725290298461914e-05,
0,navstack-1709204094664,navstack,frontal,HandCrafted,,,1709204107,882232189,"builtin_interfaces.msg.Time(sec=1709204099, nanosec=342232227)",120.0,Handcrafted_LabStudy,1,1,"-11.0,-0.0,0.5","-0.0,0.0,-0.0,-1.0","12.0,-0.0,0.0","-0.0,0.0,-0.0,-1.0",23.0,23.0,21.21885871887207,0,0,0,0,0,0,0,1.8300938214617804e-26,0.0,7.0,0.0,4.6377639987168123e+21,3.725290298461914e-05,
0,navstack-1709204094664,navstack,frontal,HandCrafted,,,1709204107,902231693,"builtin_interfaces.msg.Time(sec=1709204099, nanosec=342232227)",120.0,Handcrafted_LabStudy,1,1,"-11.0,-0.0,0.5","-0.0,0.0,-0.0,-1.0","12.0,-0.0,0.0","-0.0,0.0,-0.0,-1.0",23.0,23.0,21.21885871887207,0,0,0,0,0,0,0,1.8300938214617804e-26,0.0,7.0,0.0,4.6405473550065163e+21,3.725290298461914e-05,
0,navstack-1709204094664,navstack,frontal,HandCrafted,,,1709204107,902231693,"builtin_interfaces.msg.Time(sec=1709204099, nanosec=342232227)",120.0,Handcrafted_LabStudy,1,1,"-11.0,-0.0,0.5","-0.0,0.0,-0.0,-1.0","12.0,-0.0,0.0","-0.0,0.0,-0.0,-1.0",23.0,23.0,21.21885871887207,0,0,0,0,0,0,0,1.8300938214617804e-26,0.0,7.0,0.0,4.6405473550065163e+21,3.725290298461914e-05,
0,navstack-1709204094664,navstack,frontal,HandCrafted,,,1709204107,902231693,"builtin_interfaces.msg.Time(sec=1709204099, nanosec=342232227)",120.0,Handcrafted_LabStudy,1,1,"-11.0,-0.0,0.5","-0.0,0.0,-0.0,-1.0","12.0,-0.0,0.0","-0.0,0.0,-0.0,-1.0",23.0,23.0,21.21885871887207,0,0,0,0,0,0,0,1.8300938214617804e-26,0.0,7.0,0.0,4.6405473550065163e+21,0.0,
0,navstack-1709204094664,navstack,frontal,HandCrafted,,,1709204107,922232151,"builtin_interfaces.msg.Time(sec=1709204099, nanosec=342232227)",120.0,Handcrafted_LabStudy,1,1,"-11.0,-0.0,0.5","-0.0,0.0,-0.0,-1.0","12.0,-0.0,0.0","-0.0,0.0,-0.0,-1.0",23.0,23.0,21.21885871887207,0,0,0,0,0,0,0,1.8300938214617804e-26,0.0,7.0,0.0,4.643526169324533e+21,3.725290298461914e-05,
0,navstack-1709204094664,navstack,frontal,HandCrafted,,,1709204107,922232151,"builtin_interfaces.msg.Time(sec=1709204099, nanosec=342232227)",120.0,Handcrafted_LabStudy,1,1,"-11.0,-0.0,0.5","-0.0,0.0,-0.0,-1.0","12.0,-0.0,0.0","-0.0,0.0,-0.0,-1.0",23.0,23.0,21.21885871887207,0,0,0,0,0,0,0,1.8300938214617804e-26,0.0,7.0,0.0,4.643526169324533e+21,3.725290298461914e-05,
0,navstack-1709204094664,navstack,frontal,HandCrafted,,,1709204107,942231655,"builtin_interfaces.msg.Time(sec=1709204099, nanosec=342232227)",120.0,Handcrafted_LabStudy,1,1,"-11.0,-0.0,0.5","-0.0,0.0,-0.0,-1.0","12.0,-0.0,0.0","-0.0,0.0,-0.0,-1.0",23.0,23.0,21.21885871887207,0,0,0,0,0,0,0,1.8300938214617804e-26,0.0,7.0,0.0,4.646924830462646e+21,3.725290298461914e-05,
0,navstack-1709204094664,navstack,frontal,HandCrafted,,,1709204107,962232112,"builtin_interfaces.msg.Time(sec=1709204099, nanosec=342232227)",120.0,Handcrafted_LabStudy,1,1,"-11.0,-0.0,0.5","-0.0,0.0,-0.0,-1.0","12.0,-0.0,0.0","-0.0,0.0,-0.0,-1.0",23.0,23.0,21.21885871887207,0,0,0,0,0,0,0,1.8300938214617804e-26,0.0,7.0,0.0,4.6528496316031933e+21,7.450580596923828e-05,
0,navstack-1709204094664,navstack,frontal,HandCrafted,,,1709204107,962232112,"builtin_interfaces.msg.Time(sec=1709204099, nanosec=342232227)",120.0,Handcrafted_LabStudy,1,1,"-11.0,-0.0,0.5","-0.0,0.0,-0.0,-1.0","12.0,-0.0,0.0","-0.0,0.0,-0.0,-1.0",23.0,23.0,21.21885871887207,0,0,0,0,0,0,0,1.8300938214617804e-26,0.0,7.0,0.0,4.6528496316031933e+21,3.725290298461914e-05,
0,navstack-1709204094664,navstack,frontal,HandCrafted,,,1709204107,982231378,"builtin_interfaces.msg.Time(sec=1709204099, nanosec=342232227)",120.0,Handcrafted_LabStudy,1,1,"-11.0,-0.0,0.5","-0.0,0.0,-0.0,-1.0","12.0,-0.0,0.0","-0.0,0.0,-0.0,-1.0",23.0,23.0,21.21885871887207,0,0,0,0,0,0,0,1.8300938214617804e-26,0.0,7.0,0.0,4.6552218764341847e+21,3.725290298461914e-05,
0,navstack-1709204094664,navstack,frontal,HandCrafted,,,1709204107,982231378,"builtin_interfaces.msg.Time(sec=1709204099, nanosec=342232227)",120.0,Handcrafted_LabStudy,1,1,"-11.0,-0.0,0.5","-0.0,0.0,-0.0,-1.0","12.0,-0.0,0.0","-0.0,0.0,-0.0,-1.0",23.0,23.0,21.21885871887207,0,0,0,0,0,0,0,1.8300938214617804e-26,0.0,7.0,0.0,4.645835409206128e+21,3.725290298461914e-05,
0,navstack-1709204094664,navstack,frontal,HandCrafted,,,1709204108,2231836,"builtin_interfaces.msg.Time(sec=1709204099, nanosec=342232227)",120.0,Handcrafted_LabStudy,1,1,"-11.0,-0.0,0.5","-0.0,0.0,-0.0,-1.0","12.0,-0.0,0.0","-0.0,0.0,-0.0,-1.0",23.0,23.0,21.21885871887207,0,0,0,0,0,0,0,1.8300938214617804e-26,0.0,7.0,0.0,4.6463882697385905e+21,3.725290298461914e-05,
0,navstack-1709204094664,navstack,frontal,HandCrafted,,,1709204108,2231836,"builtin_interfaces.msg.Time(sec=1709204099, nanosec=342232227)",120.0,Handcrafted_LabStudy,1,1,"-11.0,-0.0,0.5","-0.0,0.0,-0.0,-1.0","12.0,-0.0,0.0","-0.0,0.0,-0.0,-1.0",23.0,23.0,21.21885871887207,0,0,0,0,0,0,0,1.8300938214617804e-26,0.0,7.0,0.0,4.655763726670404e+21,3.725290298461914e-05,
0,navstack-1709204094664,navstack,frontal,HandCrafted,,,1709204108,22231340,"builtin_interfaces.msg.Time(sec=1709204099, nanosec=342232227)",120.0,Handcrafted_LabStudy,1,1,"-11.0,-0.0,0.5","-0.0,0.0,-0.0,-1.0","12.0,-0.0,0.0","-0.0,0.0,-0.0,-1.0",23.0,23.0,21.21885871887207,0,0,0,0,0,0,0,1.8300938214617804e-26,0.0,7.0,0.0,4.655684666688523e+21,3.725290298461914e-05,
0,navstack-1709204094664,navstack,frontal,HandCrafted,,,1709204108,22231340,"builtin_interfaces.msg.Time(sec=1709204099, nanosec=342232227)",120.0,Handcrafted_LabStudy,1,1,"-11.0,-0.0,0.5","-0.0,0.0,-0.0,-1.0","12.0,-0.0,0.0","-0.0,0.0,-0.0,-1.0",23.0,23.0,21.21885871887207,0,0,0,0,0,0,0,1.8300938214617804e-26,0.0,7.0,0.0,4.655684666688523e+21,3.725290298461914e-05,
0,navstack-1709204094664,navstack,frontal,HandCrafted,,,1709204108,22231340,"builtin_interfaces.msg.Time(sec=1709204099, nanosec=342232227)",120.0,Handcrafted_LabStudy,1,1,"-11.0,-0.0,0.5","-0.0,0.0,-0.0,-1.0","12.0,-0.0,0.0","-0.0,0.0,-0.0,-1.0",23.0,23.0,21.21885871887207,0,0,0,0,0,0,0,1.8300938214617804e-26,0.0,7.0,0.0,4.655684666688523e+21,0.0,
0,navstack-1709204094664,navstack,frontal,HandCrafted,,,1709204108,42232036,"builtin_interfaces.msg.Time(sec=1709204099, nanosec=342232227)",120.0,Handcrafted_LabStudy,1,1,"-11.0,-0.0,0.5","-0.0,0.0,-0.0,-1.0","12.0,-0.0,0.0","-0.0,0.0,-0.0,-1.0",23.0,23.0,21.21885871887207,0,0,0,0,0,0,0,1.8300938214617804e-26,0.0,7.0,0.0,4.658572122080875e+21,3.725290298461914e-05,
0,navstack-1709204094664,navstack,frontal,HandCrafted,,,1709204108,62232494,"builtin_interfaces.msg.Time(sec=1709204099, nanosec=342232227)",120.0,Handcrafted_LabStudy,1,1,"-11.0,-0.0,0.5","-0.0,0.0,-0.0,-1.0","12.0,-0.0,0.0","-0.0,0.0,-0.0,-1.0",23.0,23.0,21.21885871887207,0,0,0,0,0,0,0,1.8300938214617804e-26,0.0,7.0,0.0,4.6670837413493426e+21,7.450580596923828e-05,
0,navstack-1709204094664,navstack,frontal,HandCrafted,,,1709204108,62232494,"builtin_interfaces.msg.Time(sec=1709204099, nanosec=342232227)",120.0,Handcrafted_LabStudy,1,1,"-11.0,-0.0,0.5","-0.0,0.0,-0.0,-1.0","12.0,-0.0,0.0","-0.0,0.0,-0.0,-1.0",23.0,23.0,21.21885871887207,0,0,0,0,0,0,0,1.8300938214617804e-26,0.0,7.0,0.0,4.6670837413493426e+21,3.725290298461914e-05,
0,navstack-1709204094664,navstack,frontal,HandCrafted,,,1709204108,82231998,"builtin_interfaces.msg.Time(sec=1709204099, nanosec=342232227)",120.0,Handcrafted_LabStudy,1,1,"-11.0,-0.0,0.5","-0.0,0.0,-0.0,-1.0","12.0,-0.0,0.0","-0.0,0.0,-0.0,-1.0",23.0,23.0,21.21885871887207,0,0,0,0,0,0,0,1.8300938214617804e-26,0.0,7.0,0.0,4.6708938286680344e+21,3.725290298461914e-05,
0,navstack-1709204094664,navstack,frontal,HandCrafted,,,1709204108,102232456,"builtin_interfaces.msg.Time(sec=1709204099, nanosec=342232227)",120.0,Handcrafted_LabStudy,1,1,"-11.0,-0.0,0.5","-0.0,0.0,-0.0,-1.0","12.0,-0.0,0.0","-0.0,0.0,-0.0,-1.0",23.0,23.0,21.21885871887207,0,0,0,0,0,0,0,1.8300938214617804e-26,0.0,7.0,0.0,4.6729847446515226e+21,7.450580596923828e-05,
0,navstack-1709204094664,navstack,frontal,HandCrafted,,,1709204108,102232456,"builtin_interfaces.msg.Time(sec=1709204099, nanosec=342232227)",120.0,Handcrafted_LabStudy,1,1,"-11.0,-0.0,0.5","-0.0,0.0,-0.0,-1.0","12.0,-0.0,0.0","-0.0,0.0,-0.0,-1.0",23.0,23.0,21.21885871887207,0,0,0,0,0,0,0,1.8300938214617804e-26,0.0,7.0,0.0,4.6729847446515226e+21,3.725290298461914e-05,
0,navstack-1709204094664,navstack,frontal,HandCrafted,,,1709204108,122231960,"builtin_interfaces.msg.Time(sec=1709204099, nanosec=342232227)",120.0,Handcrafted_LabStudy,1,1,"-11.0,-0.0,0.5","-0.0,0.0,-0.0,-1.0","12.0,-0.0,0.0","-0.0,0.0,-0.0,-1.0",23.0,23.0,21.21885871887207,0,0,0,0,0,0,0,1.8300938214617804e-26,0.0,7.0,0.0,4.6769936224511674e+21,3.725290298461914e-05,
0,navstack-1709204094664,navstack,frontal,HandCrafted,,,1709204108,122231960,"builtin_interfaces.msg.Time(sec=1709204099, nanosec=342232227)",120.0,Handcrafted_LabStudy,1,1,"-11.0,-0.0,0.5","-0.0,0.0,-0.0,-1.0","12.0,-0.0,0.0","-0.0,0.0,-0.0,-1.0",23.0,23.0,21.21885871887207,0,0,0,0,0,0,0,1.8300938214617804e-26,0.0,7.0,0.0,4.6769936224511674e+21,3.725290298461914e-05,
0,navstack-1709204094664,navstack,frontal,HandCrafted,,,1709204108,142232418,"builtin_interfaces.msg.Time(sec=1709204099, nanosec=342232227)",120.0,Handcrafted_LabStudy,1,1,"-11.0,-0.0,0.5","-0.0,0.0,-0.0,-1.0","12.0,-0.0,0.0","-0.0,0.0,-0.0,-1.0",23.0,23.0,21.21885871887207,0,0,0,0,0,0,0,1.8300938214617804e-26,0.0,7.0,0.0,4.679180592890318e+21,3.725290298461914e-05,
0,navstack-1709204094664,navstack,frontal,HandCrafted,,,1709204108,142232418,"builtin_interfaces.msg.Time(sec=1709204099, nanosec=342232227)",120.0,Handcrafted_LabStudy,1,1,"-11.0,-0.0,0.5","-0.0,0.0,-0.0,-1.0","12.0,-0.0,0.0","-0.0,0.0,-0.0,-1.0",23.0,23.0,21.21885871887207,0,0,0,0,0,0,0,1.8300938214617804e-26,0.0,7.0,0.0,4.670456329603429e+21,3.725290298461914e-05,
0,navstack-1709204094664,navstack,frontal,HandCrafted,,,1709204108,162231922,"builtin_interfaces.msg.Time(sec=1709204099, nanosec=342232227)",120.0,Handcrafted_LabStudy,1,1,"-11.0,-0.0,0.5","-0.0,0.0,-0.0,-1.0","12.0,-0.0,0.0","-0.0,0.0,-0.0,-1.0",23.0,23.0,21.21885871887207,0,0,0,0,0,0,0,1.8300938214617804e-26,0.0,7.0,0.0,4.6710809410053703e+21,3.725290298461914e-05,
0,navstack-1709204094664,navstack,frontal,HandCrafted,,,1709204108,162231922,"builtin_interfaces.msg.Time(sec=1709204099, nanosec=342232227)",120.0,Handcrafted_LabStudy,1,1,"-11.0,-0.0,0.5","-0.0,0.0,-0.0,-1.0","12.0,-0.0,0.0","-0.0,0.0,-0.0,-1.0",23.0,23.0,21.21885871887207,0,0,0,0,0,0,0,1.8300938214617804e-26,0.0,7.0,0.0,4.6710809410053703e+21,3.725290298461914e-05,
0,navstack-1709204094664,navstack,frontal,HandCrafted,,,1709204108,162231922,"builtin_interfaces.msg.Time(sec=1709204099, nanosec=342232227)",120.0,Handcrafted_LabStudy,1,1,"-11.0,-0.0,0.5","-0.0,0.0,-0.0,-1.0","12.0,-0.0,0.0","-0.0,0.0,-0.0,-1.0",23.0,23.0,21.21885871887207,0,0,0,0,0,0,0,1.8300938214617804e-26,0.0,7.0,0.0,4.6710809410053703e+21,0.0,
0,navstack-1709204094664,navstack,frontal,HandCrafted,,,1709204108,182232379,"builtin_interfaces.msg.Time(sec=1709204099, nanosec=342232227)",120.0,Handcrafted_LabStudy,1,1,"-11.0,-0.0,0.5","-0.0,0.0,-0.0,-1.0","12.0,-0.0,0.0","-0.0,0.0,-0.0,-1.0",23.0,23.0,21.21885871887207,0,0,0,0,0,0,0,1.8300938214617804e-26,0.0,7.0,0.0,4.6729974004086625e+21,3.725290298461914e-05,
0,navstack-1709204094664,navstack,frontal,HandCrafted,,,1709204108,182232379,"builtin_interfaces.msg.Time(sec=1709204099, nanosec=342232227)",120.0,Handcrafted_LabStudy,1,1,"-11.0,-0.0,0.5","-0.0,0.0,-0.0,-1.0","12.0,-0.0,0.0","-0.0,0.0,-0.0,-1.0",23.0,23.0,21.21885871887207,0,0,0,0,0,0,0,1.8300938214617804e-26,0.0,7.0,0.0,4.6816512019125554e+21,3.725290298461914e-05,
0,navstack-1709204094664,navstack,frontal,HandCrafted,,,1709204108,202231884,"builtin_interfaces.msg.Time(sec=1709204099, nanosec=342232227)",120.0,Handcrafted_LabStudy,1,1,"-11.0,-0.0,0.5","-0.0,0.0,-0.0,-1.0","12.0,-0.0,0.0","-0.0,0.0,-0.0,-1.0",23.0,23.0,21.21885871887207,0,0,0,0,0,0,0,1.8300938214617804e-26,0.0,7.0,0.0,4.6823740428423125e+21,3.725290298461914e-05,
0,navstack-1709204094664,navstack,frontal,HandCrafted,,,1709204108,222232103,"builtin_interfaces.msg.Time(sec=1709204099, nanosec=342232227)",120.0,Handcrafted_LabStudy,1,1,"-11.0,-0.0,0.5","-0.0,0.0,-0.0,-1.0","12.0,-0.0,0.0","-0.0,0.0,-0.0,-1.0",23.0,23.0,21.21885871887207,0,0,0,0,0,0,0,1.8300938214617804e-26,0.0,7.0,0.0,4.6842805209702796e+21,7.450580596923828e-05,
0,navstack-1709204094664,navstack,frontal,HandCrafted,,,1709204108,222232103,"builtin_interfaces.msg.Time(sec=1709204099, nanosec=342232227)",120.0,Handcrafted_LabStudy,1,1,"-11.0,-0.0,0.5","-0.0,0.0,-0.0,-1.0","12.0,-0.0,0.0","-0.0,0.0,-0.0,-1.0",23.0,23.0,21.21885871887207,0,0,0,0,0,0,0,1.8300938214617804e-26,0.0,7.0,0.0,4.6842805209702796e+21,3.725290298461914e-05,
0,navstack-1709204094664,navstack,frontal,HandCrafted,,,1709204108,242231607,"builtin_interfaces.msg.Time(sec=1709204099, nanosec=342232227)",120.0,Handcrafted_LabStudy,1,1,"-11.0,-0.0,0.5","-0.0,0.0,-0.0,-1.0","12.0,-0.0,0.0","-0.0,0.0,-0.0,-1.0",23.0,23.0,21.21885871887207,0,0,0,0,0,0,0,1.8300938214617804e-26,0.0,7.0,0.0,4.687432917352112e+21,3.725290298461914e-05,
0,navstack-1709204094664,navstack,frontal,HandCrafted,,,1709204108,262232065,"builtin_interfaces.msg.Time(sec=1709204099, nanosec=342232227)",120.0,Handcrafted_LabStudy,1,1,"-11.0,-0.0,0.5","-0.0,0.0,-0.0,-1.0","12.0,-0.0,0.0","-0.0,0.0,-0.0,-1.0",23.0,23.0,21.21885871887207,0,0,0,0,0,0,0,1.8300938214617804e-26,0.0,7.0,0.0,4.6792117192119325e+21,7.450580596923828e-05,
0,navstack-1709204094664,navstack,frontal,HandCrafted,,,1709204108,262232065,"builtin_interfaces.msg.Time(sec=1709204099, nanosec=342232227)",120.0,Handcrafted_LabStudy,1,1,"-11.0,-0.0,0.5","-0.0,0.0,-0.0,-1.0","12.0,-0.0,0.0","-0.0,0.0,-0.0,-1.0",23.0,23.0,21.21885871887207,0,0,0,0,0,0,0,1.8300938214617804e-26,0.0,7.0,0.0,4.687705784537868e+21,3.725290298461914e-05,
0,navstack-1709204094664,navstack,frontal,HandCrafted,,,1709204108,282231807,"builtin_interfaces.msg.Time(sec=1709204099, nanosec=342232227)",120.0,Handcrafted_LabStudy,1,1,"-11.0,-0.0,0.5","-0.0,0.0,-0.0,-1.0","12.0,-0.0,0.0","-0.0,0.0,-0.0,-1.0",23.0,23.0,21.21885871887207,0,0,0,0,0,0,0,1.8300938214617804e-26,0.0,7.0,0.0,4.696908258749195e+21,3.725290298461914e-05,
0,navstack-1709204094664,navstack,frontal,HandCrafted,,,1709204108,302232265,"builtin_interfaces.msg.Time(sec=1709204099, nanosec=342232227)",120.0,Handcrafted_LabStudy,1,1,"-11.0,-0.0,0.5","-0.0,0.0,-0.0,-1.0","12.0,-0.0,0.0","-0.0,0.0,-0.0,-1.0",23.0,23.0,21.21885871887207,0,0,0,0,0,0,0,1.8300938214617804e-26,0.0,7.0,0.0,4.699880280859135e+21,7.450580596923828e-05,
0,navstack-1709204094664,navstack,frontal,HandCrafted,,,1709204108,302232265,"builtin_interfaces.msg.Time(sec=1709204099, nanosec=342232227)",120.0,Handcrafted_LabStudy,1,1,"-11.0,-0.0,0.5","-0.0,0.0,-0.0,-1.0","12.0,-0.0,0.0","-0.0,0.0,-0.0,-1.0",23.0,23.0,21.21885871887207,0,0,0,0,0,0,0,1.8300938214617804e-26,0.0,7.0,0.0,4.6916875593721294e+21,3.725290298461914e-05,
0,navstack-1709204094664,navstack,frontal,HandCrafted,,,1709204108,322231769,"builtin_interfaces.msg.Time(sec=1709204099, nanosec=342232227)",120.0,Handcrafted_LabStudy,1,1,"-11.0,-0.0,0.5","-0.0,0.0,-0.0,-1.0","12.0,-0.0,0.0","-0.0,0.0,-0.0,-1.0",23.0,23.0,21.21885871887207,0,0,0,0,0,0,0,1.8300938214617804e-26,0.0,7.0,0.0,4.692721320889978e+21,3.725290298461914e-05,
0,navstack-1709204094664,navstack,frontal,HandCrafted,,,1709204108,322231769,"builtin_interfaces.msg.Time(sec=1709204099, nanosec=342232227)",120.0,Handcrafted_LabStudy,1,1,"-11.0,-0.0,0.5","-0.0,0.0,-0.0,-1.0","12.0,-0.0,0.0","-0.0,0.0,-0.0,-1.0",23.0,23.0,21.21885871887207,0,0,0,0,0,0,0,1.8300938214617804e-26,0.0,7.0,0.0,4.692721320889978e+21,3.725290298461914e-05,
0,navstack-1709204094664,navstack,frontal,HandCrafted,,,1709204108,322231769,"builtin_interfaces.msg.Time(sec=1709204099, nanosec=342232227)",120.0,Handcrafted_LabStudy,1,1,"-11.0,-0.0,0.5","-0.0,0.0,-0.0,-1.0","12.0,-0.0,0.0","-0.0,0.0,-0.0,-1.0",23.0,23.0,21.21885871887207,0,0,0,0,0,0,0,1.8300938214617804e-26,0.0,7.0,0.0,4.7008981642385655e+21,0.0,
0,navstack-1709204094664,navstack,frontal,HandCrafted,,,1709204108,342232227,"builtin_interfaces.msg.Time(sec=1709204099, nanosec=342232227)",120.0,Handcrafted_LabStudy,1,1,"-11.0,-0.0,0.5","-0.0,0.0,-0.0,-1.0","12.0,-0.0,0.0","-0.0,0.0,-0.0,-1.0",23.0,23.0,21.21885871887207,0,0,0,0,0,0,0,1.8300938214617804e-26,0.0,7.0,0.0,4.6930386469587056e+21,3.725290298461914e-05,
0,navstack-1709204094664,navstack,frontal,HandCrafted,,,1709204108,362231731,"builtin_interfaces.msg.Time(sec=1709204099, nanosec=342232227)",120.0,Handcrafted_LabStudy,1,1,"-11.0,-0.0,0.5","-0.0,0.0,-0.0,-1.0","12.0,-0.0,0.0","-0.0,0.0,-0.0,-1.0",23.0,23.0,21.21885871887207,0,0,0,0,0,0,0,1.8300938214617804e-26,0.0,7.0,0.0,4.694143306239714e+21,7.450580596923828e-05,
0,navstack-1709204094664,navstack,frontal,HandCrafted,,,1709204108,362231731,"builtin_interfaces.msg.Time(sec=1709204099, nanosec=342232227)",120.0,Handcrafted_LabStudy,1,1,"-11.0,-0.0,0.5","-0.0,0.0,-0.0,-1.0","12.0,-0.0,0.0","-0.0,0.0,-0.0,-1.0",23.0,23.0,21.21885871887207,0,0,0,0,0,0,0,1.8300938214617804e-26,0.0,7.0,0.0,4.694143306239714e+21,3.725290298461914e-05,
0,navstack-1709204094664,navstack,frontal,HandCrafted,,,1709204108,362231731,"builtin_interfaces.msg.Time(sec=1709204099, nanosec=342232227)",120.0,Handcrafted_LabStudy,1,1,"-11.0,-0.0,0.5","-0.0,0.0,-0.0,-1.0","12.0,-0.0,0.0","-0.0,0.0,-0.0,-1.0",23.0,23.0,21.21885871887207,0,0,0,0,0,0,0,1.8300938214617804e-26,0.0,7.0,0.0,4.70228765293008e+21,0.0,
0,navstack-1709204094664,navstack,frontal,HandCrafted,,,1709204108,382232189,"builtin_interfaces.msg.Time(sec=1709204099, nanosec=342232227)",120.0,Handcrafted_LabStudy,1,1,"-11.0,-0.0,0.5","-0.0,0.0,-0.0,-1.0","12.0,-0.0,0.0","-0.0,0.0,-0.0,-1.0",23.0,23.0,21.21885871887207,0,0,0,0,0,0,0,1.8300938214617804e-26,0.0,7.0,0.0,4.7028188108480656e+21,3.725290298461914e-05,
0,navstack-1709204094664,navstack,frontal,HandCrafted,,,1709204108,382232189,"builtin_interfaces.msg.Time(sec=1709204099, nanosec=342232227)",120.0,Handcrafted_LabStudy,1,1,"-11.0,-0.0,0.5","-0.0,0.0,-0.0,-1.0","12.0,-0.0,0.0","-0.0,0.0,-0.0,-1.0",23.0,23.0,21.21885871887207,0,0,0,0,0,0,0,1.8300938214617804e-26,0.0,7.0,0.0,4.7028188108480656e+21,3.725290298461914e-05,
0,navstack-1709204094664,navstack,frontal,HandCrafted,,,1709204108,402231693,"builtin_interfaces.msg.Time(sec=1709204099, nanosec=342232227)",120.0,Handcrafted_LabStudy,1,1,"-11.0,-0.0,0.5","-0.0,0.0,-0.0,-1.0","12.0,-0.0,0.0","-0.0,0.0,-0.0,-1.0",23.0,23.0,21.21885871887207,0,0,0,0,0,0,0,1.8300938214617804e-26,0.0,7.0,0.0,4.7041444093598043e+21,3.725290298461914e-05,
0,navstack-1709204094664,navstack,frontal,HandCrafted,,,1709204108,402231693,"builtin_interfaces.msg.Time(sec=1709204099, nanosec=342232227)",120.0,Handcrafted_LabStudy,1,1,"-11.0,-0.0,0.5","-0.0,0.0,-0.0,-1.0","12.0,-0.0,0.0","-0.0,0.0,-0.0,-1.0",23.0,23.0,21.21885871887207,0,0,0,0,0,0,0,1.8300938214617804e-26,0.0,7.0,0.0,4.7041444093598043e+21,3.725290298461914e-05,
0,navstack-1709204094664,navstack,frontal,HandCrafted,,,1709204108,422232151,"builtin_interfaces.msg.Time(sec=1709204099, nanosec=342232227)",120.0,Handcrafted_LabStudy,1,1,"-11.0,-0.0,0.5","-0.0,0.0,-0.0,-1.0","12.0,-0.0,0.0","-0.0,0.0,-0.0,-1.0",23.0,23.0,21.080337524414062,0,0,0,0,0,0,0,1.8300938214617804e-26,0.0,8.0,0.0,4.7048953811615094e+21,3.725290298461914e-05,
0,navstack-1709204094664,navstack,frontal,HandCrafted,,,1709204108,422232151,"builtin_interfaces.msg.Time(sec=1709204099, nanosec=342232227)",120.0,Handcrafted_LabStudy,1,1,"-11.0,-0.0,0.5","-0.0,0.0,-0.0,-1.0","12.0,-0.0,0.0","-0.0,0.0,-0.0,-1.0",23.0,23.0,21.080337524414062,0,0,0,0,0,0,0,1.8300938214617804e-26,0.0,8.0,0.0,4.7048953811615094e+21,3.725290298461914e-05,
0,navstack-1709204094664,navstack,frontal,HandCrafted,,,1709204108,442231655,"builtin_interfaces.msg.Time(sec=1709204099, nanosec=342232227)",120.0,Handcrafted_LabStudy,1,1,"-11.0,-0.0,0.5","-0.0,0.0,-0.0,-1.0","12.0,-0.0,0.0","-0.0,0.0,-0.0,-1.0",23.0,23.0,21.080337524414062,0,0,0,0,0,0,0,1.8300938214617804e-26,0.0,8.0,0.0,4.7064143864540656e+21,3.725290298461914e-05,
0,navstack-1709204094664,navstack,frontal,HandCrafted,,,1709204108,462232112,"builtin_interfaces.msg.Time(sec=1709204099, nanosec=342232227)",120.0,Handcrafted_LabStudy,1,1,"-11.0,-0.0,0.5","-0.0,0.0,-0.0,-1.0","12.0,-0.0,0.0","-0.0,0.0,-0.0,-1.0",23.0,23.0,21.080337524414062,0,0,0,0,0,0,0,1.8300938214617804e-26,0.0,8.0,0.0,4.7073184455825996e+21,7.450580596923828e-05,
0,navstack-1709204094664,navstack,frontal,HandCrafted,,,1709204108,462232112,"builtin_interfaces.msg.Time(sec=1709204099, nanosec=342232227)",120.0,Handcrafted_LabStudy,1,1,"-11.0,-0.0,0.5","-0.0,0.0,-0.0,-1.0","12.0,-0.0,0.0","-0.0,0.0,-0.0,-1.0",23.0,23.0,21.080337524414062,0,0,0,0,0,0,0,1.8300938214617804e-26,0.0,8.0,0.0,4.7073184455825996e+21,3.725290298461914e-05,
0,navstack-1709204094664,navstack,frontal,HandCrafted,,,1709204108,462232112,"builtin_interfaces.msg.Time(sec=1709204099, nanosec=342232227)",120.0,Handcrafted_LabStudy,1,1,"-11.0,-0.0,0.5","-0.0,0.0,-0.0,-1.0","12.0,-0.0,0.0","-0.0,0.0,-0.0,-1.0",23.0,23.0,21.080337524414062,0,0,0,0,0,0,0,1.8300938214617804e-26,0.0,8.0,0.0,4.7073184455825996e+21,0.0,
0,navstack-1709204094664,navstack,frontal,HandCrafted,,,1709204108,482231378,"builtin_interfaces.msg.Time(sec=1709204099, nanosec=342232227)",120.0,Handcrafted_LabStudy,1,1,"-11.0,-0.0,0.5","-0.0,0.0,-0.0,-1.0","12.0,-0.0,0.0","-0.0,0.0,-0.0,-1.0",23.0,23.0,21.080337524414062,0,0,0,0,0,0,0,1.8300938214617804e-26,0.0,8.0,0.0,4.708916629137086e+21,3.725290298461914e-05,
0,navstack-1709204094664,navstack,frontal,HandCrafted,,,1709204108,482231378,"builtin_interfaces.msg.Time(sec=1709204099, nanosec=342232227)",120.0,Handcrafted_LabStudy,1,1,"-11.0,-0.0,0.5","-0.0,0.0,-0.0,-1.0","12.0,-0.0,0.0","-0.0,0.0,-0.0,-1.0",23.0,23.0,21.080337524414062,0,0,0,0,0,0,0,1.8300938214617804e-26,0.0,8.0,0.0,4.708916629137086e+21,3.725290298461914e-05,
0,navstack-1709204094664,navstack,frontal,HandCrafted,,,1709204108,502231836,"builtin_interfaces.msg.Time(sec=1709204099, nanosec=342232227)",120.0,Handcrafted_LabStudy,1,1,"-11.0,-0.0,0.5","-0.0,0.0,-0.0,-1.0","12.0,-0.0,0.0","-0.0,0.0,-0.0,-1.0",23.0,23.0,21.080337524414062,0,0,0,0,0,0,0,1.8300938214617804e-26,0.0,8.0,0.0,4.7099515271627166e+21,3.725290298461914e-05,
0,navstack-1709204094664,navstack,frontal,HandCrafted,,,1709204108,522231340,"builtin_interfaces.msg.Time(sec=1709204099, nanosec=342232227)",120.0,Handcrafted_LabStudy,1,1,"-11.0,-0.0,0.5","-0.0,0.0,-0.0,-1.0","12.0,-0.0,0.0","-0.0,0.0,-0.0,-1.0",23.0,23.0,21.080337524414062,0,0,0,0,0,0,0,1.8300938214617804e-26,0.0,8.0,0.0,4.711624455942115e+21,7.450580596923828e-05,
0,navstack-1709204094664,navstack,frontal,HandCrafted,,,1709204108,522231340,"builtin_interfaces.msg.Time(sec=1709204099, nanosec=342232227)",120.0,Handcrafted_LabStudy,1,1,"-11.0,-0.0,0.5","-0.0,0.0,-0.0,-1.0","12.0,-0.0,0.0","-0.0,0.0,-0.0,-1.0",23.0,23.0,21.080337524414062,0,0,0,0,0,0,0,1.8300938214617804e-26,0.0,8.0,0.0,4.711624455942115e+21,3.725290298461914e-05,
0,navstack-1709204094664,navstack,frontal,HandCrafted,,,1709204108,542232036,"builtin_interfaces.msg.Time(sec=1709204099, nanosec=342232227)",120.0,Handcrafted_LabStudy,1,1,"-11.0,-0.0,0.5","-0.0,0.0,-0.0,-1.0","12.0,-0.0,0.0","-0.0,0.0,-0.0,-1.0",23.0,23.0,21.080337524414062,0,0,0,0,0,0,0,1.8300938214617804e-26,0.0,8.0,0.0,4.712803177089118e+21,3.725290298461914e-05,
0,navstack-1709204094664,navstack,frontal,HandCrafted,,,1709204108,562232494,"builtin_interfaces.msg.Time(sec=1709204099, nanosec=342232227)",120.0,Handcrafted_LabStudy,1,1,"-11.0,-0.0,0.5","-0.0,0.0,-0.0,-1.0","12.0,-0.0,0.0","-0.0,0.0,-0.0,-1.0",23.0,23.0,21.080337524414062,0,0,0,0,0,0,0,1.8300938214617804e-26,0.0,8.0,0.0,4.7221807388126557e+21,7.450580596923828e-05,
0,navstack-1709204094664,navstack,frontal,HandCrafted,,,1709204108,582231998,"builtin_interfaces.msg.Time(sec=1709204099, nanosec=342232227)",120.0,Handcrafted_LabStudy,1,1,"-11.0,-0.0,0.5","-0.0,0.0,-0.0,-1.0","12.0,-0.0,0.0","-0.0,0.0,-0.0,-1.0",23.0,23.0,21.080337524414062,0,0,0,0,0,0,0,1.8300938214617804e-26,0.0,8.0,0.0,4.7192377744761233e+21,7.450580596923828e-05,
0,navstack-1709204094664,navstack,frontal,HandCrafted,,,1709204108,602232456,"builtin_interfaces.msg.Time(sec=1709204099, nanosec=342232227)",120.0,Handcrafted_LabStudy,1,1,"-11.0,-0.0,0.5","-0.0,0.0,-0.0,-1.0","12.0,-0.0,0.0","-0.0,0.0,-0.0,-1.0",23.0,23.0,21.080337524414062,0,0,0,0,0,0,0,1.8300938214617804e-26,0.0,8.0,0.0,4.71643088272805e+21,7.450580596923828e-05,
0,navstack-1709204094664,navstack,frontal,HandCrafted,,,1709204108,602232456,"builtin_interfaces.msg.Time(sec=1709204099, nanosec=342232227)",120.0,Handcrafted_LabStudy,1,1,"-11.0,-0.0,0.5","-0.0,0.0,-0.0,-1.0","12.0,-0.0,0.0","-0.0,0.0,-0.0,-1.0",23.0,23.0,21.080337524414062,0,0,0,0,0,0,0,1.8300938214617804e-26,0.0,8.0,0.0,4.724114118941764e+21,3.725290298461914e-05,
0,navstack-1709204094664,navstack,frontal,HandCrafted,,,1709204108,622231960,"builtin_interfaces.msg.Time(sec=1709204099, nanosec=342232227)",120.0,Handcrafted_LabStudy,1,1,"-11.0,-0.0,0.5","-0.0,0.0,-0.0,-1.0","12.0,-0.0,0.0","-0.0,0.0,-0.0,-1.0",23.0,23.0,21.080337524414062,0,0,0,0,0,0,0,1.8300938214617804e-26,0.0,8.0,0.0,4.724655122627058e+21,3.725290298461914e-05,
0,navstack-1709204094664,navstack,frontal,HandCrafted,,,1709204108,622231960,"builtin_interfaces.msg.Time(sec=1709204099, nanosec=342232227)",120.0,Handcrafted_LabStudy,1,1,"-11.0,-0.0,0.5","-0.0,0.0,-0.0,-1.0","12.0,-0.0,0.0","-0.0,0.0,-0.0,-1.0",23.0,23.0,21.080337524414062,0,0,0,0,0,0,0,1.8300938214617804e-26,0.0,8.0,0.0,4.732137411476768e+21,3.725290298461914e-05,
0,navstack-1709204094664,navstack,frontal,HandCrafted,,,1709204108,622231960,"builtin_interfaces.msg.Time(sec=1709204099, nanosec=342232227)",120.0,Handcrafted_LabStudy,1,1,"-11.0,-0.0,0.5","-0.0,0.0,-0.0,-1.0","12.0,-0.0,0.0","-0.0,0.0,-0.0,-1.0",23.0,23.0,21.080337524414062,0,0,0,0,0,0,0,1.8300938214617804e-26,0.0,8.0,0.0,4.724655122627058e+21,0.0,
0,navstack-1709204094664,navstack,frontal,HandCrafted,,,1709204108,642232418,"builtin_interfaces.msg.Time(sec=1709204099, nanosec=342232227)",120.0,Handcrafted_LabStudy,1,1,"-11.0,-0.0,0.5","-0.0,0.0,-0.0,-1.0","12.0,-0.0,0.0","-0.0,0.0,-0.0,-1.0",23.0,23.0,21.080337524414062,0,0,0,0,0,0,0,1.8300938214617804e-26,0.0,8.0,0.0,4.733803254142933e+21,3.725290298461914e-05,
0,navstack-1709204094664,navstack,frontal,HandCrafted,,,1709204108,642232418,"builtin_interfaces.msg.Time(sec=1709204099, nanosec=342232227)",120.0,Handcrafted_LabStudy,1,1,"-11.0,-0.0,0.5","-0.0,0.0,-0.0,-1.0","12.0,-0.0,0.0","-0.0,0.0,-0.0,-1.0",23.0,23.0,21.080337524414062,0,0,0,0,0,0,0,1.8300938214617804e-26,0.0,8.0,0.0,4.726342705555555e+21,3.725290298461914e-05,
0,navstack-1709204094664,navstack,frontal,HandCrafted,,,1709204108,662231922,"builtin_interfaces.msg.Time(sec=1709204099, nanosec=342232227)",120.0,Handcrafted_LabStudy,1,1,"-11.0,-0.0,0.5","-0.0,0.0,-0.0,-1.0","12.0,-0.0,0.0","-0.0,0.0,-0.0,-1.0",23.0,23.0,21.080337524414062,0,0,0,0,0,0,0,1.8300938214617804e-26,0.0,8.0,0.0,4.734727395073111e+21,3.725290298461914e-05,
0,navstack-1709204094664,navstack,frontal,HandCrafted,,,1709204108,682232379,"builtin_interfaces.msg.Time(sec=1709204099, nanosec=342232227)",120.0,Handcrafted_LabStudy,1,1,"-11.0,-0.0,0.5","-0.0,0.0,-0.0,-1.0","12.0,-0.0,0.0","-0.0,0.0,-0.0,-1.0",23.0,23.0,21.080337524414062,0,0,0,0,0,0,0,1.8300938214617804e-26,0.0,8.0,0.0,4.734531179287083e+21,7.450580596923828e-05,
0,navstack-1709204094664,navstack,frontal,HandCrafted,,,1709204108,702231884,"builtin_interfaces.msg.Time(sec=1709204099, nanosec=342232227)",120.0,Handcrafted_LabStudy,1,1,"-11.0,-0.0,0.5","-0.0,0.0,-0.0,-1.0","12.0,-0.0,0.0","-0.0,0.0,-0.0,-1.0",23.0,23.0,21.080337524414062,0,0,0,0,0,0,0,1.8300938214617804e-26,0.0,8.0,0.0,4.731138974852662e+21,7.450580596923828e-05,
0,navstack-1709204094664,navstack,frontal,HandCrafted,,,1709204108,702231884,"builtin_interfaces.msg.Time(sec=1709204099, nanosec=342232227)",120.0,Handcrafted_LabStudy,1,1,"-11.0,-0.0,0.5","-0.0,0.0,-0.0,-1.0","12.0,-0.0,0.0","-0.0,0.0,-0.0,-1.0",23.0,23.0,21.080337524414062,0,0,0,0,0,0,0,1.8300938214617804e-26,0.0,8.0,0.0,4.731138974852662e+21,3.725290298461914e-05,
0,navstack-1709204094664,navstack,frontal,HandCrafted,,,1709204108,722232103,"builtin_interfaces.msg.Time(sec=1709204099, nanosec=342232227)",120.0,Handcrafted_LabStudy,1,1,"-11.0,-0.0,0.5","-0.0,0.0,-0.0,-1.0","12.0,-0.0,0.0","-0.0,0.0,-0.0,-1.0",23.0,23.0,21.080337524414062,0,0,0,0,0,0,0,1.8300938214617804e-26,0.0,8.0,0.0,4.740066215357343e+21,3.725290298461914e-05,
0,navstack-1709204094664,navstack,frontal,HandCrafted,,,1709204108,742231607,"builtin_interfaces.msg.Time(sec=1709204099, nanosec=342232227)",120.0,Handcrafted_LabStudy,1,1,"-11.0,-0.0,0.5","-0.0,0.0,-0.0,-1.0","12.0,-0.0,0.0","-0.0,0.0,-0.0,-1.0",23.0,23.0,21.080337524414062,0,0,0,0,0,0,0,1.8300938214617804e-26,0.0,8.0,0.0,4.738123926651516e+21,7.450580596923828e-05,
0,navstack-1709204094664,navstack,frontal,HandCrafted,,,1709204108,742231607,"builtin_interfaces.msg.Time(sec=1709204099, nanosec=342232227)",120.0,Handcrafted_LabStudy,1,1,"-11.0,-0.0,0.5","-0.0,0.0,-0.0,-1.0","12.0,-0.0,0.0","-0.0,0.0,-0.0,-1.0",23.0,23.0,21.080337524414062,0,0,0,0,0,0,0,1.8300938214617804e-26,0.0,8.0,0.0,4.738123926651516e+21,3.725290298461914e-05,
0,navstack-1709204094664,navstack,frontal,HandCrafted,,,1709204108,762232065,"builtin_interfaces.msg.Time(sec=1709204099, nanosec=342232227)",120.0,Handcrafted_LabStudy,1,1,"-11.0,-0.0,0.5","-0.0,0.0,-0.0,-1.0","12.0,-0.0,0.0","-0.0,0.0,-0.0,-1.0",23.0,23.0,21.080337524414062,0,0,0,0,0,0,0,1.8300938214617804e-26,0.0,8.0,0.0,4.737419619097805e+21,3.725290298461914e-05,
0,navstack-1709204094664,navstack,frontal,HandCrafted,,,1709204108,762232065,"builtin_interfaces.msg.Time(sec=1709204099, nanosec=342232227)",120.0,Handcrafted_LabStudy,1,1,"-11.0,-0.0,0.5","-0.0,0.0,-0.0,-1.0","12.0,-0.0,0.0","-0.0,0.0,-0.0,-1.0",23.0,23.0,21.080337524414062,0,0,0,0,0,0,0,1.8300938214617804e-26,0.0,8.0,0.0,4.744648586236597e+21,3.725290298461914e-05,
0,navstack-1709204094664,navstack,frontal,HandCrafted,,,1709204108,782231807,"builtin_interfaces.msg.Time(sec=1709204099, nanosec=342232227)",120.0,Handcrafted_LabStudy,1,1,"-11.0,-0.0,0.5","-0.0,0.0,-0.0,-1.0","12.0,-0.0,0.0","-0.0,0.0,-0.0,-1.0",23.0,23.0,21.080337524414062,0,0,0,0,0,0,0,1.8300938214617804e-26,0.0,8.0,0.0,4.744377922963657e+21,3.725290298461914e-05,
0,navstack-1709204094664,navstack,frontal,HandCrafted,,,1709204108,782231807,"builtin_interfaces.msg.Time(sec=1709204099, nanosec=342232227)",120.0,Handcrafted_LabStudy,1,1,"-11.0,-0.0,0.5","-0.0,0.0,-0.0,-1.0","12.0,-0.0,0.0","-0.0,0.0,-0.0,-1.0",23.0,23.0,21.080337524414062,0,0,0,0,0,0,0,1.8300938214617804e-26,0.0,8.0,0.0,4.744377922963657e+21,3.725290298461914e-05,
0,navstack-1709204094664,navstack,frontal,HandCrafted,,,1709204108,802232265,"builtin_interfaces.msg.Time(sec=1709204099, nanosec=342232227)",120.0,Handcrafted_LabStudy,1,1,"-11.0,-0.0,0.5","-0.0,0.0,-0.0,-1.0","12.0,-0.0,0.0","-0.0,0.0,-0.0,-1.0",23.0,23.0,21.080337524414062,0,0,0,0,0,0,0,1.8300938214617804e-26,0.0,8.0,0.0,4.742872216277209e+21,3.725290298461914e-05,
0,navstack-1709204094664,navstack,frontal,HandCrafted,,,1709204108,822231769,"builtin_interfaces.msg.Time(sec=1709204099, nanosec=342232227)",120.0,Handcrafted_LabStudy,1,1,"-11.0,-0.0,0.5","-0.0,0.0,-0.0,-1.0","12.0,-0.0,0.0","-0.0,0.0,-0.0,-1.0",23.0,23.0,21.080337524414062,0,0,0,0,0,0,0,1.8300938214617804e-26,0.0,8.0,0.0,4.741144548038112e+21,7.450580596923828e-05,
0,navstack-1709204094664,navstack,frontal,HandCrafted,,,1709204108,822231769,"builtin_interfaces.msg.Time(sec=1709204099, nanosec=342232227)",120.0,Handcrafted_LabStudy,1,1,"-11.0,-0.0,0.5","-0.0,0.0,-0.0,-1.0","12.0,-0.0,0.0","-0.0,0.0,-0.0,-1.0",23.0,23.0,21.080337524414062,0,0,0,0,0,0,0,1.8300938214617804e-26,0.0,8.0,0.0,4.741144548038112e+21,3.725290298461914e-05,
0,navstack-1709204094664,navstack,frontal,HandCrafted,,,1709204108,842232227,"builtin_interfaces.msg.Time(sec=1709204099, nanosec=342232227)",120.0,Handcrafted_LabStudy,1,1,"-11.0,-0.0,0.5","-0.0,0.0,-0.0,-1.0","12.0,-0.0,0.0","-0.0,0.0,-0.0,-1.0",23.0,23.0,21.080337524414062,0,0,0,0,0,0,0,1.8300938214617804e-26,0.0,8.0,0.0,4.739879787160181e+21,3.725290298461914e-05,
0,navstack-1709204094664,navstack,frontal,HandCrafted,,,1709204108,842232227,"builtin_interfaces.msg.Time(sec=1709204099, nanosec=342232227)",120.0,Handcrafted_LabStudy,1,1,"-11.0,-0.0,0.5","-0.0,0.0,-0.0,-1.0","12.0,-0.0,0.0","-0.0,0.0,-0.0,-1.0",23.0,23.0,21.080337524414062,0,0,0,0,0,0,0,1.8300938214617804e-26,0.0,8.0,0.0,4.747019131936301e+21,3.725290298461914e-05,
0,navstack-1709204094664,navstack,frontal,HandCrafted,,,1709204108,862231731,"builtin_interfaces.msg.Time(sec=1709204099, nanosec=342232227)",120.0,Handcrafted_LabStudy,1,1,"-11.0,-0.0,0.5","-0.0,0.0,-0.0,-1.0","12.0,-0.0,0.0","-0.0,0.0,-0.0,-1.0",23.0,23.0,21.080337524414062,0,0,0,0,0,0,0,1.8300938214617804e-26,0.0,8.0,0.0,4.746673403670875e+21,3.725290298461914e-05,
0,navstack-1709204094664,navstack,frontal,HandCrafted,,,1709204108,882232189,"builtin_interfaces.msg.Time(sec=1709204099, nanosec=342232227)",120.0,Handcrafted_LabStudy,1,1,"-11.0,-0.0,0.5","-0.0,0.0,-0.0,-1.0","12.0,-0.0,0.0","-0.0,0.0,-0.0,-1.0",23.0,23.0,21.080337524414062,0,0,0,0,0,0,0,1.8300938214617804e-26,0.0,8.0,0.0,4.745898852402891e+21,7.450580596923828e-05,
0,navstack-1709204094664,navstack,frontal,HandCrafted,,,1709204108,902231693,"builtin_interfaces.msg.Time(sec=1709204099, nanosec=342232227)",120.0,Handcrafted_LabStudy,1,1,"-11.0,-0.0,0.5","-0.0,0.0,-0.0,-1.0","12.0,-0.0,0.0","-0.0,0.0,-0.0,-1.0",23.0,23.0,21.080337524414062,0,0,0,0,0,0,0,1.8300938214617804e-26,0.0,8.0,0.0,4.742930720032315e+21,7.450580596923828e-05,
0,navstack-1709204094664,navstack,frontal,HandCrafted,,,1709204108,922232151,"builtin_interfaces.msg.Time(sec=1709204099, nanosec=342232227)",120.0,Handcrafted_LabStudy,1,1,"-11.0,-0.0,0.5","-0.0,0.0,-0.0,-1.0","12.0,-0.0,0.0","-0.0,0.0,-0.0,-1.0",23.0,23.0,21.080337524414062,0,0,0,0,0,0,0,1.8300938214617804e-26,0.0,8.0,0.0,4.753289276622529e+21,7.450580596923828e-05,
0,navstack-1709204094664,navstack,frontal,HandCrafted,,,1709204108,942231655,"builtin_interfaces.msg.Time(sec=1709204099, nanosec=342232227)",120.0,Handcrafted_LabStudy,1,1,"-11.0,-0.0,0.5","-0.0,0.0,-0.0,-1.0","12.0,-0.0,0.0","-0.0,0.0,-0.0,-1.0",23.0,23.0,21.080337524414062,0,0,0,0,0,0,0,1.8300938214617804e-26,0.0,8.0,0.0,4.74955412763395e+21,7.450580596923828e-05,
0,navstack-1709204094664,navstack,frontal,HandCrafted,,,1709204108,942231655,"builtin_interfaces.msg.Time(sec=1709204099, nanosec=342232227)",120.0,Handcrafted_LabStudy,1,1,"-11.0,-0.0,0.5","-0.0,0.0,-0.0,-1.0","12.0,-0.0,0.0","-0.0,0.0,-0.0,-1.0",23.0,23.0,21.080337524414062,0,0,0,0,0,0,0,1.8300938214617804e-26,0.0,8.0,0.0,4.74955412763395e+21,3.725290298461914e-05,
0,navstack-1709204094664,navstack,frontal,HandCrafted,,,1709204108,942231655,"builtin_interfaces.msg.Time(sec=1709204099, nanosec=342232227)",120.0,Handcrafted_LabStudy,1,1,"-11.0,-0.0,0.5","-0.0,0.0,-0.0,-1.0","12.0,-0.0,0.0","-0.0,0.0,-0.0,-1.0",23.0,23.0,21.080337524414062,0,0,0,0,0,0,0,1.8300938214617804e-26,0.0,8.0,0.0,4.74955412763395e+21,0.0,
0,navstack-1709204094664,navstack,frontal,HandCrafted,,,1709204108,962232112,"builtin_interfaces.msg.Time(sec=1709204099, nanosec=342232227)",120.0,Handcrafted_LabStudy,1,1,"-11.0,-0.0,0.5","-0.0,0.0,-0.0,-1.0","12.0,-0.0,0.0","-0.0,0.0,-0.0,-1.0",23.0,23.0,21.080337524414062,0,0,0,0,0,0,0,1.8300938214617804e-26,0.0,8.0,0.0,4.757289786284582e+21,3.725290298461914e-05,
0,navstack-1709204094664,navstack,frontal,HandCrafted,,,1709204108,962232112,"builtin_interfaces.msg.Time(sec=1709204099, nanosec=342232227)",120.0,Handcrafted_LabStudy,1,1,"-11.0,-0.0,0.5","-0.0,0.0,-0.0,-1.0","12.0,-0.0,0.0","-0.0,0.0,-0.0,-1.0",23.0,23.0,21.080337524414062,0,0,0,0,0,0,0,1.8300938214617804e-26,0.0,8.0,0.0,4.757289786284582e+21,3.725290298461914e-05,
0,navstack-1709204094664,navstack,frontal,HandCrafted,,,1709204108,982231378,"builtin_interfaces.msg.Time(sec=1709204099, nanosec=342232227)",120.0,Handcrafted_LabStudy,1,1,"-11.0,-0.0,0.5","-0.0,0.0,-0.0,-1.0","12.0,-0.0,0.0","-0.0,0.0,-0.0,-1.0",23.0,23.0,21.080337524414062,0,0,0,0,0,0,0,1.8300938214617804e-26,0.0,8.0,0.0,4.755432213754282e+21,3.725290298461914e-05,
0,navstack-1709204094664,navstack,frontal,HandCrafted,,,1709204108,982231378,"builtin_interfaces.msg.Time(sec=1709204099, nanosec=342232227)",120.0,Handcrafted_LabStudy,1,1,"-11.0,-0.0,0.5","-0.0,0.0,-0.0,-1.0","12.0,-0.0,0.0","-0.0,0.0,-0.0,-1.0",23.0,23.0,21.080337524414062,0,0,0,0,0,0,0,1.8300938214617804e-26,0.0,8.0,0.0,4.755432213754282e+21,3.725290298461914e-05,
0,navstack-1709204094664,navstack,frontal,HandCrafted,,,1709204109,2231836,"builtin_interfaces.msg.Time(sec=1709204099, nanosec=342232227)",120.0,Handcrafted_LabStudy,1,1,"-11.0,-0.0,0.5","-0.0,0.0,-0.0,-1.0","12.0,-0.0,0.0","-0.0,0.0,-0.0,-1.0",23.0,23.0,21.080337524414062,0,0,0,0,0,0,0,1.8300938214617804e-26,0.0,8.0,0.0,4.755822647683424e+21,3.725290298461914e-05,
0,navstack-1709204094664,navstack,frontal,HandCrafted,,,1709204109,2231836,"builtin_interfaces.msg.Time(sec=1709204099, nanosec=342232227)",120.0,Handcrafted_LabStudy,1,1,"-11.0,-0.0,0.5","-0.0,0.0,-0.0,-1.0","12.0,-0.0,0.0","-0.0,0.0,-0.0,-1.0",23.0,23.0,21.080337524414062,0,0,0,0,0,0,0,1.8300938214617804e-26,0.0,8.0,0.0,4.755822647683424e+21,3.725290298461914e-05,
0,navstack-1709204094664,navstack,frontal,HandCrafted,,,1709204109,2231836,"builtin_interfaces.msg.Time(sec=1709204099, nanosec=342232227)",120.0,Handcrafted_LabStudy,1,1,"-11.0,-0.0,0.5","-0.0,0.0,-0.0,-1.0","12.0,-0.0,0.0","-0.0,0.0,-0.0,-1.0",23.0,23.0,21.080337524414062,0,0,0,0,0,0,0,1.8300938214617804e-26,0.0,8.0,0.0,4.755822647683424e+21,0.0,
0,navstack-1709204094664,navstack,frontal,HandCrafted,,,1709204109,22231340,"builtin_interfaces.msg.Time(sec=1709204099, nanosec=342232227)",120.0,Handcrafted_LabStudy,1,1,"-11.0,-0.0,0.5","-0.0,0.0,-0.0,-1.0","12.0,-0.0,0.0","-0.0,0.0,-0.0,-1.0",23.0,23.0,21.080337524414062,0,0,0,0,0,0,0,1.8300938214617804e-26,0.0,8.0,0.0,4.755547141711014e+21,3.725290298461914e-05,
0,navstack-1709204094664,navstack,frontal,HandCrafted,,,1709204109,22231340,"builtin_interfaces.msg.Time(sec=1709204099, nanosec=342232227)",120.0,Handcrafted_LabStudy,1,1,"-11.0,-0.0,0.5","-0.0,0.0,-0.0,-1.0","12.0,-0.0,0.0","-0.0,0.0,-0.0,-1.0",23.0,23.0,21.080337524414062,0,0,0,0,0,0,0,1.8300938214617804e-26,0.0,8.0,0.0,4.762242037238116e+21,3.725290298461914e-05,
0,navstack-1709204094664,navstack,frontal,HandCrafted,,,1709204109,42232036,"builtin_interfaces.msg.Time(sec=1709204099, nanosec=342232227)",120.0,Handcrafted_LabStudy,1,1,"-11.0,-0.0,0.5","-0.0,0.0,-0.0,-1.0","12.0,-0.0,0.0","-0.0,0.0,-0.0,-1.0",23.0,23.0,21.080337524414062,0,0,0,0,0,0,0,1.8300938214617804e-26,0.0,8.0,0.0,4.762218674161498e+21,3.725290298461914e-05,
0,navstack-1709204094664,navstack,frontal,HandCrafted,,,1709204109,42232036,"builtin_interfaces.msg.Time(sec=1709204099, nanosec=342232227)",120.0,Handcrafted_LabStudy,1,1,"-11.0,-0.0,0.5","-0.0,0.0,-0.0,-1.0","12.0,-0.0,0.0","-0.0,0.0,-0.0,-1.0",23.0,23.0,21.080337524414062,0,0,0,0,0,0,0,1.8300938214617804e-26,0.0,8.0,0.0,4.762218674161498e+21,3.725290298461914e-05,
0,navstack-1709204094664,navstack,frontal,HandCrafted,,,1709204109,62231540,"builtin_interfaces.msg.Time(sec=1709204099, nanosec=342232227)",120.0,Handcrafted_LabStudy,1,1,"-11.0,-0.0,0.5","-0.0,0.0,-0.0,-1.0","12.0,-0.0,0.0","-0.0,0.0,-0.0,-1.0",23.0,23.0,21.080337524414062,0,0,0,0,0,0,0,1.8300938214617804e-26,0.0,8.0,0.0,4.76192085464475e+21,3.725290298461914e-05,
0,navstack-1709204094664,navstack,frontal,HandCrafted,,,1709204109,62231540,"builtin_interfaces.msg.Time(sec=1709204099, nanosec=342232227)",120.0,Handcrafted_LabStudy,1,1,"-11.0,-0.0,0.5","-0.0,0.0,-0.0,-1.0","12.0,-0.0,0.0","-0.0,0.0,-0.0,-1.0",23.0,23.0,21.080337524414062,0,0,0,0,0,0,0,1.8300938214617804e-26,0.0,8.0,0.0,4.76192085464475e+21,3.725290298461914e-05,
0,navstack-1709204094664,navstack,frontal,HandCrafted,,,1709204109,62231540,"builtin_interfaces.msg.Time(sec=1709204099, nanosec=342232227)",120.0,Handcrafted_LabStudy,1,1,"-11.0,-0.0,0.5","-0.0,0.0,-0.0,-1.0","12.0,-0.0,0.0","-0.0,0.0,-0.0,-1.0",23.0,23.0,21.080337524414062,0,0,0,0,0,0,0,1.8300938214617804e-26,0.0,8.0,0.0,4.76192085464475e+21,0.0,
0,navstack-1709204094664,navstack,frontal,HandCrafted,,,1709204109,82231998,"builtin_interfaces.msg.Time(sec=1709204099, nanosec=342232227)",120.0,Handcrafted_LabStudy,1,1,"-11.0,-0.0,0.5","-0.0,0.0,-0.0,-1.0","12.0,-0.0,0.0","-0.0,0.0,-0.0,-1.0",23.0,23.0,21.080337524414062,0,0,0,0,0,0,0,1.8300938214617804e-26,0.0,8.0,0.0,4.754274096401669e+21,3.725290298461914e-05,
0,navstack-1709204094664,navstack,frontal,HandCrafted,,,1709204109,82231998,"builtin_interfaces.msg.Time(sec=1709204099, nanosec=342232227)",120.0,Handcrafted_LabStudy,1,1,"-11.0,-0.0,0.5","-0.0,0.0,-0.0,-1.0","12.0,-0.0,0.0","-0.0,0.0,-0.0,-1.0",23.0,23.0,21.080337524414062,0,0,0,0,0,0,0,1.8300938214617804e-26,0.0,8.0,0.0,4.760960540383214e+21,3.725290298461914e-05,
0,navstack-1709204094664,navstack,frontal,HandCrafted,,,1709204109,102232456,"builtin_interfaces.msg.Time(sec=1709204099, nanosec=342232227)",120.0,Handcrafted_LabStudy,1,1,"-11.0,-0.0,0.5","-0.0,0.0,-0.0,-1.0","12.0,-0.0,0.0","-0.0,0.0,-0.0,-1.0",23.0,23.0,21.080337524414062,0,0,0,0,0,0,0,1.8300938214617804e-26,0.0,8.0,0.0,4.760317336010354e+21,3.725290298461914e-05,
0,navstack-1709204094664,navstack,frontal,HandCrafted,,,1709204109,102232456,"builtin_interfaces.msg.Time(sec=1709204099, nanosec=342232227)",120.0,Handcrafted_LabStudy,1,1,"-11.0,-0.0,0.5","-0.0,0.0,-0.0,-1.0","12.0,-0.0,0.0","-0.0,0.0,-0.0,-1.0",23.0,23.0,21.080337524414062,0,0,0,0,0,0,0,1.8300938214617804e-26,0.0,8.0,0.0,4.766845996457183e+21,3.725290298461914e-05,
0,navstack-1709204094664,navstack,frontal,HandCrafted,,,1709204109,122231960,"builtin_interfaces.msg.Time(sec=1709204099, nanosec=342232227)",120.0,Handcrafted_LabStudy,1,1,"-11.0,-0.0,0.5","-0.0,0.0,-0.0,-1.0","12.0,-0.0,0.0","-0.0,0.0,-0.0,-1.0",23.0,23.0,21.080337524414062,0,0,0,0,0,0,0,1.8300938214617804e-26,0.0,8.0,0.0,4.759567288920747e+21,3.725290298461914e-05,
0,navstack-1709204094664,navstack,frontal,HandCrafted,,,1709204109,122231960,"builtin_interfaces.msg.Time(sec=1709204099, nanosec=342232227)",120.0,Handcrafted_LabStudy,1,1,"-11.0,-0.0,0.5","-0.0,0.0,-0.0,-1.0","12.0,-0.0,0.0","-0.0,0.0,-0.0,-1.0",23.0,23.0,21.080337524414062,0,0,0,0,0,0,0,1.8300938214617804e-26,0.0,8.0,0.0,4.75956694685066e+21,3.725290298461914e-05,
0,navstack-1709204094664,navstack,frontal,HandCrafted,,,1709204109,122231960,"builtin_interfaces.msg.Time(sec=1709204099, nanosec=342232227)",120.0,Handcrafted_LabStudy,1,1,"-11.0,-0.0,0.5","-0.0,0.0,-0.0,-1.0","12.0,-0.0,0.0","-0.0,0.0,-0.0,-1.0",23.0,23.0,21.080337524414062,0,0,0,0,0,0,0,1.8300938214617804e-26,0.0,8.0,0.0,4.75956694685066e+21,0.0,
0,navstack-1709204094664,navstack,frontal,HandCrafted,,,1709204109,142232418,"builtin_interfaces.msg.Time(sec=1709204099, nanosec=342232227)",120.0,Handcrafted_LabStudy,1,1,"-11.0,-0.0,0.5","-0.0,0.0,-0.0,-1.0","12.0,-0.0,0.0","-0.0,0.0,-0.0,-1.0",23.0,23.0,21.080337524414062,0,0,0,0,0,0,0,1.8300938214617804e-26,0.0,8.0,0.0,4.766250491776619e+21,3.725290298461914e-05,
0,navstack-1709204094664,navstack,frontal,HandCrafted,,,1709204109,142232418,"builtin_interfaces.msg.Time(sec=1709204099, nanosec=342232227)",120.0,Handcrafted_LabStudy,1,1,"-11.0,-0.0,0.5","-0.0,0.0,-0.0,-1.0","12.0,-0.0,0.0","-0.0,0.0,-0.0,-1.0",23.0,23.0,21.080337524414062,0,0,0,0,0,0,0,1.8300938214617804e-26,0.0,8.0,0.0,4.766250491776619e+21,3.725290298461914e-05,
0,navstack-1709204094664,navstack,frontal,HandCrafted,,,1709204109,162231922,"builtin_interfaces.msg.Time(sec=1709204099, nanosec=342232227)",120.0,Handcrafted_LabStudy,1,1,"-11.0,-0.0,0.5","-0.0,0.0,-0.0,-1.0","12.0,-0.0,0.0","-0.0,0.0,-0.0,-1.0",23.0,23.0,21.080337524414062,0,0,0,0,0,0,0,1.8300938214617804e-26,0.0,8.0,0.0,4.766518153079185e+21,3.725290298461914e-05,
0,navstack-1709204094664,navstack,frontal,HandCrafted,,,1709204109,162231922,"builtin_interfaces.msg.Time(sec=1709204099, nanosec=342232227)",120.0,Handcrafted_LabStudy,1,1,"-11.0,-0.0,0.5","-0.0,0.0,-0.0,-1.0","12.0,-0.0,0.0","-0.0,0.0,-0.0,-1.0",23.0,23.0,21.080337524414062,0,0,0,0,0,0,0,1.8300938214617804e-26,0.0,8.0,0.0,4.760008217262294e+21,3.725290298461914e-05,
0,navstack-1709204094664,navstack,frontal,HandCrafted,,,1709204109,182232379,"builtin_interfaces.msg.Time(sec=1709204099, nanosec=342232227)",120.0,Handcrafted_LabStudy,1,1,"-11.0,-0.0,0.5","-0.0,0.0,-0.0,-1.0","12.0,-0.0,0.0","-0.0,0.0,-0.0,-1.0",23.0,23.0,21.080337524414062,0,0,0,0,0,0,0,1.8300938214617804e-26,0.0,8.0,0.0,4.766307271660004e+21,3.725290298461914e-05,
0,navstack-1709204094664,navstack,frontal,HandCrafted,,,1709204109,202231884,"builtin_interfaces.msg.Time(sec=1709204099, nanosec=342232227)",120.0,Handcrafted_LabStudy,1,1,"-11.0,-0.0,0.5","-0.0,0.0,-0.0,-1.0","12.0,-0.0,0.0","-0.0,0.0,-0.0,-1.0",23.0,23.0,21.080337524414062,0,0,0,0,0,0,0,1.8300938214617804e-26,0.0,8.0,0.0,4.766515416518492e+21,7.450580596923828e-05,
0,navstack-1709204094664,navstack,frontal,HandCrafted,,,1709204109,222232103,"builtin_interfaces.msg.Time(sec=1709204099, nanosec=342232227)",120.0,Handcrafted_LabStudy,1,1,"-11.0,-0.0,0.5","-0.0,0.0,-0.0,-1.0","12.0,-0.0,0.0","-0.0,0.0,-0.0,-1.0",23.0,23.0,21.080337524414062,0,0,0,0,0,0,0,1.8300938214617804e-26,0.0,8.0,0.0,4.768751543025491e+21,7.450580596923828e-05,
0,navstack-1709204094664,navstack,frontal,HandCrafted,,,1709204109,222232103,"builtin_interfaces.msg.Time(sec=1709204099, nanosec=342232227)",120.0,Handcrafted_LabStudy,1,1,"-11.0,-0.0,0.5","-0.0,0.0,-0.0,-1.0","12.0,-0.0,0.0","-0.0,0.0,-0.0,-1.0",23.0,23.0,21.080337524414062,0,0,0,0,0,0,0,1.8300938214617804e-26,0.0,8.0,0.0,4.768751543025491e+21,3.725290298461914e-05,
0,navstack-1709204094664,navstack,frontal,HandCrafted,,,1709204109,222232103,"builtin_interfaces.msg.Time(sec=1709204099, nanosec=342232227)",120.0,Handcrafted_LabStudy,1,1,"-11.0,-0.0,0.5","-0.0,0.0,-0.0,-1.0","12.0,-0.0,0.0","-0.0,0.0,-0.0,-1.0",23.0,23.0,21.080337524414062,0,0,0,0,0,0,0,1.8300938214617804e-26,0.0,8.0,0.0,4.762331995728058e+21,0.0,
0,navstack-1709204094664,navstack,frontal,HandCrafted,,,1709204109,242231607,"builtin_interfaces.msg.Time(sec=1709204099, nanosec=342232227)",120.0,Handcrafted_LabStudy,1,1,"-11.0,-0.0,0.5","-0.0,0.0,-0.0,-1.0","12.0,-0.0,0.0","-0.0,0.0,-0.0,-1.0",23.0,23.0,21.080337524414062,0,0,0,0,0,0,0,1.8300938214617804e-26,0.0,8.0,0.0,4.769454824772108e+21,3.725290298461914e-05,
0,navstack-1709204094664,navstack,frontal,HandCrafted,,,1709204109,242231607,"builtin_interfaces.msg.Time(sec=1709204099, nanosec=342232227)",120.0,Handcrafted_LabStudy,1,1,"-11.0,-0.0,0.5","-0.0,0.0,-0.0,-1.0","12.0,-0.0,0.0","-0.0,0.0,-0.0,-1.0",23.0,23.0,21.080337524414062,0,0,0,0,0,0,0,1.8300938214617804e-26,0.0,8.0,0.0,4.763045799630745e+21,3.725290298461914e-05,
0,navstack-1709204094664,navstack,frontal,HandCrafted,,,1709204109,262232065,"builtin_interfaces.msg.Time(sec=1709204099, nanosec=342232227)",120.0,Handcrafted_LabStudy,1,1,"-11.0,-0.0,0.5","-0.0,0.0,-0.0,-1.0","12.0,-0.0,0.0","-0.0,0.0,-0.0,-1.0",23.0,23.0,21.080337524414062,0,0,0,0,0,0,0,1.8300938214617804e-26,0.0,8.0,0.0,4.769305659959733e+21,3.725290298461914e-05,
0,navstack-1709204094664,navstack,frontal,HandCrafted,,,1709204109,262232065,"builtin_interfaces.msg.Time(sec=1709204099, nanosec=342232227)",120.0,Handcrafted_LabStudy,1,1,"-11.0,-0.0,0.5","-0.0,0.0,-0.0,-1.0","12.0,-0.0,0.0","-0.0,0.0,-0.0,-1.0",23.0,23.0,21.080337524414062,0,0,0,0,0,0,0,1.8300938214617804e-26,0.0,8.0,0.0,4.769305659959733e+21,3.725290298461914e-05,
0,navstack-1709204094664,navstack,frontal,HandCrafted,,,1709204109,262232065,"builtin_interfaces.msg.Time(sec=1709204099, nanosec=342232227)",120.0,Handcrafted_LabStudy,1,1,"-11.0,-0.0,0.5","-0.0,0.0,-0.0,-1.0","12.0,-0.0,0.0","-0.0,0.0,-0.0,-1.0",23.0,23.0,21.080337524414062,0,0,0,0,0,0,0,1.8300938214617804e-26,0.0,8.0,0.0,4.775561708556815e+21,0.0,
0,navstack-1709204094664,navstack,frontal,HandCrafted,,,1709204109,282231807,"builtin_interfaces.msg.Time(sec=1709204099, nanosec=342232227)",120.0,Handcrafted_LabStudy,1,1,"-11.0,-0.0,0.5","-0.0,0.0,-0.0,-1.0","12.0,-0.0,0.0","-0.0,0.0,-0.0,-1.0",23.0,23.0,21.080337524414062,0,0,0,0,0,0,0,1.8300938214617804e-26,0.0,8.0,0.0,4.77551117565425e+21,3.725290298461914e-05,
0,navstack-1709204094664,navstack,frontal,HandCrafted,,,1709204109,282231807,"builtin_interfaces.msg.Time(sec=1709204099, nanosec=342232227)",120.0,Handcrafted_LabStudy,1,1,"-11.0,-0.0,0.5","-0.0,0.0,-0.0,-1.0","12.0,-0.0,0.0","-0.0,0.0,-0.0,-1.0",23.0,23.0,21.080337524414062,0,0,0,0,0,0,0,1.8300938214617804e-26,0.0,8.0,0.0,4.769257108262089e+21,3.725290298461914e-05,
0,navstack-1709204094664,navstack,frontal,HandCrafted,,,1709204109,302232265,"builtin_interfaces.msg.Time(sec=1709204099, nanosec=342232227)",120.0,Handcrafted_LabStudy,1,1,"-11.0,-0.0,0.5","-0.0,0.0,-0.0,-1.0","12.0,-0.0,0.0","-0.0,0.0,-0.0,-1.0",23.0,23.0,21.080337524414062,0,0,0,0,0,0,0,1.8300938214617804e-26,0.0,8.0,0.0,4.77520426892948e+21,3.725290298461914e-05,
0,navstack-1709204094664,navstack,frontal,HandCrafted,,,1709204109,302232265,"builtin_interfaces.msg.Time(sec=1709204099, nanosec=342232227)",120.0,Handcrafted_LabStudy,1,1,"-11.0,-0.0,0.5","-0.0,0.0,-0.0,-1.0","12.0,-0.0,0.0","-0.0,0.0,-0.0,-1.0",23.0,23.0,21.080337524414062,0,0,0,0,0,0,0,1.8300938214617804e-26,0.0,8.0,0.0,4.77520426892948e+21,3.725290298461914e-05,
0,navstack-1709204094664,navstack,frontal,HandCrafted,,,1709204109,322231769,"builtin_interfaces.msg.Time(sec=1709204099, nanosec=342232227)",120.0,Handcrafted_LabStudy,1,1,"-11.0,-0.0,0.5","-0.0,0.0,-0.0,-1.0","12.0,-0.0,0.0","-0.0,0.0,-0.0,-1.0",23.0,23.0,21.080337524414062,0,0,0,0,0,0,0,1.8300938214617804e-26,0.0,8.0,0.0,4.777345697528349e+21,3.725290298461914e-05,
0,navstack-1709204094664,navstack,frontal,HandCrafted,,,1709204109,322231769,"builtin_interfaces.msg.Time(sec=1709204099, nanosec=342232227)",120.0,Handcrafted_LabStudy,1,1,"-11.0,-0.0,0.5","-0.0,0.0,-0.0,-1.0","12.0,-0.0,0.0","-0.0,0.0,-0.0,-1.0",23.0,23.0,21.080337524414062,0,0,0,0,0,0,0,1.8300938214617804e-26,0.0,8.0,0.0,4.771151492401332e+21,3.725290298461914e-05,
0,navstack-1709204094664,navstack,frontal,HandCrafted,,,1709204109,322231769,"builtin_interfaces.msg.Time(sec=1709204099, nanosec=342232227)",120.0,Handcrafted_LabStudy,1,1,"-11.0,-0.0,0.5","-0.0,0.0,-0.0,-1.0","12.0,-0.0,0.0","-0.0,0.0,-0.0,-1.0",23.0,23.0,21.080337524414062,0,0,0,0,0,0,0,1.8300938214617804e-26,0.0,8.0,0.0,4.777345697528349e+21,0.0,
0,navstack-1709204094664,navstack,frontal,HandCrafted,,,1709204109,342232227,"builtin_interfaces.msg.Time(sec=1709204099, nanosec=342232227)",120.0,Handcrafted_LabStudy,1,1,"-11.0,-0.0,0.5","-0.0,0.0,-0.0,-1.0","12.0,-0.0,0.0","-0.0,0.0,-0.0,-1.0",23.0,23.0,21.080337524414062,0,0,0,0,0,0,0,1.8300938214617804e-26,0.0,8.0,0.0,4.776486262923021e+21,3.725290298461914e-05,
0,navstack-1709204094664,navstack,frontal,HandCrafted,,,1709204109,362231731,"builtin_interfaces.msg.Time(sec=1709204099, nanosec=342232227)",120.0,Handcrafted_LabStudy,1,1,"-11.0,-0.0,0.5","-0.0,0.0,-0.0,-1.0","12.0,-0.0,0.0","-0.0,0.0,-0.0,-1.0",23.0,23.0,21.080337524414062,0,0,0,0,0,0,0,1.8300938214617804e-26,0.0,8.0,0.0,4.778007603145799e+21,7.450580596923828e-05,
0,navstack-1709204094664,navstack,frontal,HandCrafted,,,1709204109,362231731,"builtin_interfaces.msg.Time(sec=1709204099, nanosec=342232227)",120.0,Handcrafted_LabStudy,1,1,"-11.0,-0.0,0.5","-0.0,0.0,-0.0,-1.0","12.0,-0.0,0.0","-0.0,0.0,-0.0,-1.0",23.0,23.0,21.080337524414062,0,0,0,0,0,0,0,1.8300938214617804e-26,0.0,8.0,0.0,4.771854446429167e+21,3.725290298461914e-05,
0,navstack-1709204094664,navstack,frontal,HandCrafted,,,1709204109,382232189,"builtin_interfaces.msg.Time(sec=1709204099, nanosec=342232227)",120.0,Handcrafted_LabStudy,1,1,"-11.0,-0.0,0.5","-0.0,0.0,-0.0,-1.0","12.0,-0.0,0.0","-0.0,0.0,-0.0,-1.0",23.0,23.0,21.080337524414062,0,0,0,0,0,0,0,1.8300938214617804e-26,0.0,8.0,0.0,4.770890023934674e+21,3.725290298461914e-05,
0,navstack-1709204094664,navstack,frontal,HandCrafted,,,1709204109,382232189,"builtin_interfaces.msg.Time(sec=1709204099, nanosec=342232227)",120.0,Handcrafted_LabStudy,1,1,"-11.0,-0.0,0.5","-0.0,0.0,-0.0,-1.0","12.0,-0.0,0.0","-0.0,0.0,-0.0,-1.0",23.0,23.0,21.080337524414062,0,0,0,0,0,0,0,1.8300938214617804e-26,0.0,8.0,0.0,4.770890023934674e+21,3.725290298461914e-05,
0,navstack-1709204094664,navstack,frontal,HandCrafted,,,1709204109,402231693,"builtin_interfaces.msg.Time(sec=1709204099, nanosec=342232227)",120.0,Handcrafted_LabStudy,1,1,"-11.0,-0.0,0.5","-0.0,0.0,-0.0,-1.0","12.0,-0.0,0.0","-0.0,0.0,-0.0,-1.0",23.0,23.0,21.080337524414062,0,0,0,0,0,0,0,1.8300938214617804e-26,0.0,8.0,0.0,4.772699359542913e+21,3.725290298461914e-05,
0,navstack-1709204094664,navstack,frontal,HandCrafted,,,1709204109,402231693,"builtin_interfaces.msg.Time(sec=1709204099, nanosec=342232227)",120.0,Handcrafted_LabStudy,1,1,"-11.0,-0.0,0.5","-0.0,0.0,-0.0,-1.0","12.0,-0.0,0.0","-0.0,0.0,-0.0,-1.0",23.0,23.0,21.080337524414062,0,0,0,0,0,0,0,1.8300938214617804e-26,0.0,8.0,0.0,4.778804968517518e+21,3.725290298461914e-05,
0,navstack-1709204094664,navstack,frontal,HandCrafted,,,1709204109,422232151,"builtin_interfaces.msg.Time(sec=1709204099, nanosec=342232227)",120.0,Handcrafted_LabStudy,1,1,"-11.0,-0.0,0.5","-0.0,0.0,-0.0,-1.0","12.0,-0.0,0.0","-0.0,0.0,-0.0,-1.0",23.0,23.0,20.938858032226562,0,0,0,0,0,0,0,1.8300938214617804e-26,0.0,9.0,0.0,4.771559410873137e+21,3.725290298461914e-05,
0,navstack-1709204094664,navstack,frontal,HandCrafted,,,1709204109,422232151,"builtin_interfaces.msg.Time(sec=1709204099, nanosec=342232227)",120.0,Handcrafted_LabStudy,1,1,"-11.0,-0.0,0.5","-0.0,0.0,-0.0,-1.0","12.0,-0.0,0.0","-0.0,0.0,-0.0,-1.0",23.0,23.0,20.938858032226562,0,0,0,0,0,0,0,1.8300938214617804e-26,0.0,9.0,0.0,4.777667010859442e+21,3.725290298461914e-05,
0,navstack-1709204094664,navstack,frontal,HandCrafted,,,1709204109,442231655,"builtin_interfaces.msg.Time(sec=1709204099, nanosec=342232227)",120.0,Handcrafted_LabStudy,1,1,"-11.0,-0.0,0.5","-0.0,0.0,-0.0,-1.0","12.0,-0.0,0.0","-0.0,0.0,-0.0,-1.0",23.0,23.0,20.938858032226562,0,0,0,0,0,0,0,1.8300938214617804e-26,0.0,9.0,0.0,4.771270874861534e+21,3.725290298461914e-05,
0,navstack-1709204094664,navstack,frontal,HandCrafted,,,1709204109,442231655,"builtin_interfaces.msg.Time(sec=1709204099, nanosec=342232227)",120.0,Handcrafted_LabStudy,1,1,"-11.0,-0.0,0.5","-0.0,0.0,-0.0,-1.0","12.0,-0.0,0.0","-0.0,0.0,-0.0,-1.0",23.0,23.0,20.938858032226562,0,0,0,0,0,0,0,1.8300938214617804e-26,0.0,9.0,0.0,4.777381272817349e+21,3.725290298461914e-05,
0,navstack-1709204094664,navstack,frontal,HandCrafted,,,1709204109,462232112,"builtin_interfaces.msg.Time(sec=1709204099, nanosec=342232227)",120.0,Handcrafted_LabStudy,1,1,"-11.0,-0.0,0.5","-0.0,0.0,-0.0,-1.0","12.0,-0.0,0.0","-0.0,0.0,-0.0,-1.0",23.0,23.0,20.938858032226562,0,0,0,0,0,0,0,1.8300938214617804e-26,0.0,9.0,0.0,4.776147635907652e+21,3.725290298461914e-05,
0,navstack-1709204094664,navstack,frontal,HandCrafted,,,1709204109,462232112,"builtin_interfaces.msg.Time(sec=1709204099, nanosec=342232227)",120.0,Handcrafted_LabStudy,1,1,"-11.0,-0.0,0.5","-0.0,0.0,-0.0,-1.0","12.0,-0.0,0.0","-0.0,0.0,-0.0,-1.0",23.0,23.0,20.938858032226562,0,0,0,0,0,0,0,1.8300938214617804e-26,0.0,9.0,0.0,4.782127994227575e+21,3.725290298461914e-05,
0,navstack-1709204094664,navstack,frontal,HandCrafted,,,1709204109,482231378,"builtin_interfaces.msg.Time(sec=1709204099, nanosec=342232227)",120.0,Handcrafted_LabStudy,1,1,"-11.0,-0.0,0.5","-0.0,0.0,-0.0,-1.0","12.0,-0.0,0.0","-0.0,0.0,-0.0,-1.0",23.0,23.0,20.938858032226562,0,0,0,0,0,0,0,1.8300938214617804e-26,0.0,9.0,0.0,4.776083800979113e+21,3.725290298461914e-05,
0,navstack-1709204094664,navstack,frontal,HandCrafted,,,1709204109,482231378,"builtin_interfaces.msg.Time(sec=1709204099, nanosec=342232227)",120.0,Handcrafted_LabStudy,1,1,"-11.0,-0.0,0.5","-0.0,0.0,-0.0,-1.0","12.0,-0.0,0.0","-0.0,0.0,-0.0,-1.0",23.0,23.0,20.938858032226562,0,0,0,0,0,0,0,1.8300938214617804e-26,0.0,9.0,0.0,4.782065238512305e+21,3.725290298461914e-05,
0,navstack-1709204094664,navstack,frontal,HandCrafted,,,1709204109,502231836,"builtin_interfaces.msg.Time(sec=1709204099, nanosec=342232227)",120.0,Handcrafted_LabStudy,1,1,"-11.0,-0.0,0.5","-0.0,0.0,-0.0,-1.0","12.0,-0.0,0.0","-0.0,0.0,-0.0,-1.0",23.0,23.0,20.938858032226562,0,0,0,0,0,0,0,1.8300938214617804e-26,0.0,9.0,0.0,4.78101668193168e+21,3.725290298461914e-05,
0,navstack-1709204094664,navstack,frontal,HandCrafted,,,1709204109,522231340,"builtin_interfaces.msg.Time(sec=1709204099, nanosec=342232227)",120.0,Handcrafted_LabStudy,1,1,"-11.0,-0.0,0.5","-0.0,0.0,-0.0,-1.0","12.0,-0.0,0.0","-0.0,0.0,-0.0,-1.0",23.0,23.0,20.938858032226562,0,0,0,0,0,0,0,1.8300938214617804e-26,0.0,9.0,0.0,4.784731674836862e+21,7.450580596923828e-05,
0,navstack-1709204094664,navstack,frontal,HandCrafted,,,1709204109,542232036,"builtin_interfaces.msg.Time(sec=1709204099, nanosec=342232227)",120.0,Handcrafted_LabStudy,1,1,"-11.0,-0.0,0.5","-0.0,0.0,-0.0,-1.0","12.0,-0.0,0.0","-0.0,0.0,-0.0,-1.0",23.0,23.0,20.938858032226562,0,0,0,0,0,0,0,1.8300938214617804e-26,0.0,9.0,0.0,4.77802821300917e+21,7.450580596923828e-05,
0,navstack-1709204094664,navstack,frontal,HandCrafted,,,1709204109,542232036,"builtin_interfaces.msg.Time(sec=1709204099, nanosec=342232227)",120.0,Handcrafted_LabStudy,1,1,"-11.0,-0.0,0.5","-0.0,0.0,-0.0,-1.0","12.0,-0.0,0.0","-0.0,0.0,-0.0,-1.0",23.0,23.0,20.938858032226562,0,0,0,0,0,0,0,1.8300938214617804e-26,0.0,9.0,0.0,4.783926479931428e+21,3.725290298461914e-05,
0,navstack-1709204094664,navstack,frontal,HandCrafted,,,1709204109,562231540,"builtin_interfaces.msg.Time(sec=1709204099, nanosec=342232227)",120.0,Handcrafted_LabStudy,1,1,"-11.0,-0.0,0.5","-0.0,0.0,-0.0,-1.0","12.0,-0.0,0.0","-0.0,0.0,-0.0,-1.0",23.0,23.0,20.938858032226562,0,0,0,0,0,0,0,1.8300938214617804e-26,0.0,9.0,0.0,4.783854949205067e+21,3.725290298461914e-05,
0,navstack-1709204094664,navstack,frontal,HandCrafted,,,1709204109,562231540,"builtin_interfaces.msg.Time(sec=1709204099, nanosec=342232227)",120.0,Handcrafted_LabStudy,1,1,"-11.0,-0.0,0.5","-0.0,0.0,-0.0,-1.0","12.0,-0.0,0.0","-0.0,0.0,-0.0,-1.0",23.0,23.0,20.938858032226562,0,0,0,0,0,0,0,1.8300938214617804e-26,0.0,9.0,0.0,4.777955950562732e+21,3.725290298461914e-05,
0,navstack-1709204094664,navstack,frontal,HandCrafted,,,1709204109,582231998,"builtin_interfaces.msg.Time(sec=1709204099, nanosec=342232227)",120.0,Handcrafted_LabStudy,1,1,"-11.0,-0.0,0.5","-0.0,0.0,-0.0,-1.0","12.0,-0.0,0.0","-0.0,0.0,-0.0,-1.0",23.0,23.0,20.938858032226562,0,0,0,0,0,0,0,1.8300938214617804e-26,0.0,9.0,0.0,4.777352327168391e+21,3.725290298461914e-05,
0,navstack-1709204094664,navstack,frontal,HandCrafted,,,1709204109,602232456,"builtin_interfaces.msg.Time(sec=1709204099, nanosec=342232227)",120.0,Handcrafted_LabStudy,1,1,"-11.0,-0.0,0.5","-0.0,0.0,-0.0,-1.0","12.0,-0.0,0.0","-0.0,0.0,-0.0,-1.0",23.0,23.0,20.938858032226562,0,0,0,0,0,0,0,1.8300938214617804e-26,0.0,9.0,0.0,4.779729241891341e+21,7.450580596923828e-05,
0,navstack-1709204094664,navstack,frontal,HandCrafted,,,1709204109,602232456,"builtin_interfaces.msg.Time(sec=1709204099, nanosec=342232227)",120.0,Handcrafted_LabStudy,1,1,"-11.0,-0.0,0.5","-0.0,0.0,-0.0,-1.0","12.0,-0.0,0.0","-0.0,0.0,-0.0,-1.0",23.0,23.0,20.938858032226562,0,0,0,0,0,0,0,1.8300938214617804e-26,0.0,9.0,0.0,4.785574877600177e+21,3.725290298461914e-05,
0,navstack-1709204094664,navstack,frontal,HandCrafted,,,1709204109,622231960,"builtin_interfaces.msg.Time(sec=1709204099, nanosec=342232227)",120.0,Handcrafted_LabStudy,1,1,"-11.0,-0.0,0.5","-0.0,0.0,-0.0,-1.0","12.0,-0.0,0.0","-0.0,0.0,-0.0,-1.0",23.0,23.0,20.938858032226562,0,0,0,0,0,0,0,1.8300938214617804e-26,0.0,9.0,0.0,4.779641308973295e+21,3.725290298461914e-05,
0,navstack-1709204094664,navstack,frontal,HandCrafted,,,1709204109,622231960,"builtin_interfaces.msg.Time(sec=1709204099, nanosec=342232227)",120.0,Handcrafted_LabStudy,1,1,"-11.0,-0.0,0.5","-0.0,0.0,-0.0,-1.0","12.0,-0.0,0.0","-0.0,0.0,-0.0,-1.0",23.0,23.0,20.938858032226562,0,0,0,0,0,0,0,1.8300938214617804e-26,0.0,9.0,0.0,4.785480401679735e+21,3.725290298461914e-05,
0,navstack-1709204094664,navstack,frontal,HandCrafted,,,1709204109,642232418,"builtin_interfaces.msg.Time(sec=1709204099, nanosec=342232227)",120.0,Handcrafted_LabStudy,1,1,"-11.0,-0.0,0.5","-0.0,0.0,-0.0,-1.0","12.0,-0.0,0.0","-0.0,0.0,-0.0,-1.0",23.0,23.0,20.938858032226562,0,0,0,0,0,0,0,1.8300938214617804e-26,0.0,9.0,0.0,4.780456824965406e+21,3.725290298461914e-05,
0,navstack-1709204094664,navstack,frontal,HandCrafted,,,1709204109,662231922,"builtin_interfaces.msg.Time(sec=1709204099, nanosec=342232227)",120.0,Handcrafted_LabStudy,1,1,"-11.0,-0.0,0.5","-0.0,0.0,-0.0,-1.0","12.0,-0.0,0.0","-0.0,0.0,-0.0,-1.0",23.0,23.0,20.938858032226562,0,0,0,0,0,0,0,1.8300938214617804e-26,0.0,9.0,0.0,4.785679131271584e+21,7.450580596923828e-05,
0,navstack-1709204094664,navstack,frontal,HandCrafted,,,1709204109,662231922,"builtin_interfaces.msg.Time(sec=1709204099, nanosec=342232227)",120.0,Handcrafted_LabStudy,1,1,"-11.0,-0.0,0.5","-0.0,0.0,-0.0,-1.0","12.0,-0.0,0.0","-0.0,0.0,-0.0,-1.0",23.0,23.0,20.938858032226562,0,0,0,0,0,0,0,1.8300938214617804e-26,0.0,9.0,0.0,4.785679131271584e+21,3.725290298461914e-05,
0,navstack-1709204094664,navstack,frontal,HandCrafted,,,1709204109,682232379,"builtin_interfaces.msg.Time(sec=1709204099, nanosec=342232227)",120.0,Handcrafted_LabStudy,1,1,"-11.0,-0.0,0.5","-0.0,0.0,-0.0,-1.0","12.0,-0.0,0.0","-0.0,0.0,-0.0,-1.0",23.0,23.0,20.938858032226562,0,0,0,0,0,0,0,1.8300938214617804e-26,0.0,9.0,0.0,4.786912713708624e+21,3.725290298461914e-05,
0,navstack-1709204094664,navstack,frontal,HandCrafted,,,1709204109,682232379,"builtin_interfaces.msg.Time(sec=1709204099, nanosec=342232227)",120.0,Handcrafted_LabStudy,1,1,"-11.0,-0.0,0.5","-0.0,0.0,-0.0,-1.0","12.0,-0.0,0.0","-0.0,0.0,-0.0,-1.0",23.0,23.0,20.938858032226562,0,0,0,0,0,0,0,1.8300938214617804e-26,0.0,9.0,0.0,4.786912713708624e+21,3.725290298461914e-05,
0,navstack-1709204094664,navstack,frontal,HandCrafted,,,1709204109,682232379,"builtin_interfaces.msg.Time(sec=1709204099, nanosec=342232227)",120.0,Handcrafted_LabStudy,1,1,"-11.0,-0.0,0.5","-0.0,0.0,-0.0,-1.0","12.0,-0.0,0.0","-0.0,0.0,-0.0,-1.0",23.0,23.0,20.938858032226562,0,0,0,0,0,0,0,1.8300938214617804e-26,0.0,9.0,0.0,4.786912713708624e+21,0.0,
0,navstack-1709204094664,navstack,frontal,HandCrafted,,,1709204109,702231884,"builtin_interfaces.msg.Time(sec=1709204099, nanosec=342232227)",120.0,Handcrafted_LabStudy,1,1,"-11.0,-0.0,0.5","-0.0,0.0,-0.0,-1.0","12.0,-0.0,0.0","-0.0,0.0,-0.0,-1.0",23.0,23.0,20.938858032226562,0,0,0,0,0,0,0,1.8300938214617804e-26,0.0,9.0,0.0,4.787422547329502e+21,3.725290298461914e-05,
0,navstack-1709204094664,navstack,frontal,HandCrafted,,,1709204109,702231884,"builtin_interfaces.msg.Time(sec=1709204099, nanosec=342232227)",120.0,Handcrafted_LabStudy,1,1,"-11.0,-0.0,0.5","-0.0,0.0,-0.0,-1.0","12.0,-0.0,0.0","-0.0,0.0,-0.0,-1.0",23.0,23.0,20.938858032226562,0,0,0,0,0,0,0,1.8300938214617804e-26,0.0,9.0,0.0,4.787422547329502e+21,3.725290298461914e-05,
0,navstack-1709204094664,navstack,frontal,HandCrafted,,,1709204109,722232103,"builtin_interfaces.msg.Time(sec=1709204099, nanosec=342232227)",120.0,Handcrafted_LabStudy,1,1,"-11.0,-0.0,0.5","-0.0,0.0,-0.0,-1.0","12.0,-0.0,0.0","-0.0,0.0,-0.0,-1.0",23.0,23.0,20.938858032226562,0,0,0,0,0,0,0,1.8300938214617804e-26,0.0,9.0,0.0,4.782424070033082e+21,3.725290298461914e-05,
0,navstack-1709204094664,navstack,frontal,HandCrafted,,,1709204109,722232103,"builtin_interfaces.msg.Time(sec=1709204099, nanosec=342232227)",120.0,Handcrafted_LabStudy,1,1,"-11.0,-0.0,0.5","-0.0,0.0,-0.0,-1.0","12.0,-0.0,0.0","-0.0,0.0,-0.0,-1.0",23.0,23.0,20.938858032226562,0,0,0,0,0,0,0,1.8300938214617804e-26,0.0,9.0,0.0,4.788195818603226e+21,3.725290298461914e-05,
0,navstack-1709204094664,navstack,frontal,HandCrafted,,,1709204109,742231607,"builtin_interfaces.msg.Time(sec=1709204099, nanosec=342232227)",120.0,Handcrafted_LabStudy,1,1,"-11.0,-0.0,0.5","-0.0,0.0,-0.0,-1.0","12.0,-0.0,0.0","-0.0,0.0,-0.0,-1.0",23.0,23.0,20.938858032226562,0,0,0,0,0,0,0,1.8300938214617804e-26,0.0,9.0,0.0,4.793156289408939e+21,3.725290298461914e-05,
0,navstack-1709204094664,navstack,frontal,HandCrafted,,,1709204109,742231607,"builtin_interfaces.msg.Time(sec=1709204099, nanosec=342232227)",120.0,Handcrafted_LabStudy,1,1,"-11.0,-0.0,0.5","-0.0,0.0,-0.0,-1.0","12.0,-0.0,0.0","-0.0,0.0,-0.0,-1.0",23.0,23.0,20.938858032226562,0,0,0,0,0,0,0,1.8300938214617804e-26,0.0,9.0,0.0,4.793156289408939e+21,3.725290298461914e-05,
0,navstack-1709204094664,navstack,frontal,HandCrafted,,,1709204109,742231607,"builtin_interfaces.msg.Time(sec=1709204099, nanosec=342232227)",120.0,Handcrafted_LabStudy,1,1,"-11.0,-0.0,0.5","-0.0,0.0,-0.0,-1.0","12.0,-0.0,0.0","-0.0,0.0,-0.0,-1.0",23.0,23.0,20.938858032226562,0,0,0,0,0,0,0,1.8300938214617804e-26,0.0,9.0,0.0,4.787509769439522e+21,0.0,
0,navstack-1709204094664,navstack,frontal,HandCrafted,,,1709204109,762232065,"builtin_interfaces.msg.Time(sec=1709204099, nanosec=342232227)",120.0,Handcrafted_LabStudy,1,1,"-11.0,-0.0,0.5","-0.0,0.0,-0.0,-1.0","12.0,-0.0,0.0","-0.0,0.0,-0.0,-1.0",23.0,23.0,20.938858032226562,0,0,0,0,0,0,0,1.8300938214617804e-26,0.0,9.0,0.0,4.787874956862054e+21,3.725290298461914e-05,
0,navstack-1709204094664,navstack,frontal,HandCrafted,,,1709204109,782231807,"builtin_interfaces.msg.Time(sec=1709204099, nanosec=342232227)",120.0,Handcrafted_LabStudy,1,1,"-11.0,-0.0,0.5","-0.0,0.0,-0.0,-1.0","12.0,-0.0,0.0","-0.0,0.0,-0.0,-1.0",23.0,23.0,20.938858032226562,0,0,0,0,0,0,0,1.8300938214617804e-26,0.0,9.0,0.0,4.788477421789502e+21,7.450580596923828e-05,
0,navstack-1709204094664,navstack,frontal,HandCrafted,,,1709204109,802232265,"builtin_interfaces.msg.Time(sec=1709204099, nanosec=342232227)",120.0,Handcrafted_LabStudy,1,1,"-11.0,-0.0,0.5","-0.0,0.0,-0.0,-1.0","12.0,-0.0,0.0","-0.0,0.0,-0.0,-1.0",23.0,23.0,20.938858032226562,0,0,0,0,0,0,0,1.8300938214617804e-26,0.0,9.0,0.0,4.790421668656324e+21,7.450580596923828e-05,
0,navstack-1709204094664,navstack,frontal,HandCrafted,,,1709204109,802232265,"builtin_interfaces.msg.Time(sec=1709204099, nanosec=342232227)",120.0,Handcrafted_LabStudy,1,1,"-11.0,-0.0,0.5","-0.0,0.0,-0.0,-1.0","12.0,-0.0,0.0","-0.0,0.0,-0.0,-1.0",23.0,23.0,20.938858032226562,0,0,0,0,0,0,0,1.8300938214617804e-26,0.0,9.0,0.0,4.790421668656324e+21,3.725290298461914e-05,
0,navstack-1709204094664,navstack,frontal,HandCrafted,,,1709204109,822231769,"builtin_interfaces.msg.Time(sec=1709204099, nanosec=342232227)",120.0,Handcrafted_LabStudy,1,1,"-11.0,-0.0,0.5","-0.0,0.0,-0.0,-1.0","12.0,-0.0,0.0","-0.0,0.0,-0.0,-1.0",23.0,23.0,20.938858032226562,0,0,0,0,0,0,0,1.8300938214617804e-26,0.0,9.0,0.0,4.79119840957462e+21,3.725290298461914e-05,
0,navstack-1709204094664,navstack,frontal,HandCrafted,,,1709204109,842232227,"builtin_interfaces.msg.Time(sec=1709204099, nanosec=342232227)",120.0,Handcrafted_LabStudy,1,1,"-11.0,-0.0,0.5","-0.0,0.0,-0.0,-1.0","12.0,-0.0,0.0","-0.0,0.0,-0.0,-1.0",23.0,23.0,20.938858032226562,0,0,0,0,0,0,0,1.8300938214617804e-26,0.0,9.0,0.0,4.792298949291241e+21,7.450580596923828e-05,
0,navstack-1709204094664,navstack,frontal,HandCrafted,,,1709204109,842232227,"builtin_interfaces.msg.Time(sec=1709204099, nanosec=342232227)",120.0,Handcrafted_LabStudy,1,1,"-11.0,-0.0,0.5","-0.0,0.0,-0.0,-1.0","12.0,-0.0,0.0","-0.0,0.0,-0.0,-1.0",23.0,23.0,20.938858032226562,0,0,0,0,0,0,0,1.8300938214617804e-26,0.0,9.0,0.0,4.792298949291241e+21,3.725290298461914e-05,
0,navstack-1709204094664,navstack,frontal,HandCrafted,,,1709204109,862231731,"builtin_interfaces.msg.Time(sec=1709204099, nanosec=342232227)",120.0,Handcrafted_LabStudy,1,1,"-11.0,-0.0,0.5","-0.0,0.0,-0.0,-1.0","12.0,-0.0,0.0","-0.0,0.0,-0.0,-1.0",23.0,23.0,20.938858032226562,0,0,0,0,0,0,0,1.8300938214617804e-26,0.0,9.0,0.0,4.793302001639796e+21,3.725290298461914e-05,
0,navstack-1709204094664,navstack,frontal,HandCrafted,,,1709204109,862231731,"builtin_interfaces.msg.Time(sec=1709204099, nanosec=342232227)",120.0,Handcrafted_LabStudy,1,1,"-11.0,-0.0,0.5","-0.0,0.0,-0.0,-1.0","12.0,-0.0,0.0","-0.0,0.0,-0.0,-1.0",23.0,23.0,20.938858032226562,0,0,0,0,0,0,0,1.8300938214617804e-26,0.0,9.0,0.0,4.793302001639796e+21,3.725290298461914e-05,
0,navstack-1709204094664,navstack,frontal,HandCrafted,,,1709204109,862231731,"builtin_interfaces.msg.Time(sec=1709204099, nanosec=342232227)",120.0,Handcrafted_LabStudy,1,1,"-11.0,-0.0,0.5","-0.0,0.0,-0.0,-1.0","12.0,-0.0,0.0","-0.0,0.0,-0.0,-1.0",23.0,23.0,20.938858032226562,0,0,0,0,0,0,0,1.8300938214617804e-26,0.0,9.0,0.0,4.793302001639796e+21,0.0,
0,navstack-1709204094664,navstack,frontal,HandCrafted,,,1709204109,882232189,"builtin_interfaces.msg.Time(sec=1709204099, nanosec=342232227)",120.0,Handcrafted_LabStudy,1,1,"-11.0,-0.0,0.5","-0.0,0.0,-0.0,-1.0","12.0,-0.0,0.0","-0.0,0.0,-0.0,-1.0",23.0,23.0,20.938858032226562,0,0,0,0,0,0,0,1.8300938214617804e-26,0.0,9.0,0.0,4.792841472448489e+21,3.725290298461914e-05,
0,navstack-1709204094664,navstack,frontal,HandCrafted,,,1709204109,882232189,"builtin_interfaces.msg.Time(sec=1709204099, nanosec=342232227)",120.0,Handcrafted_LabStudy,1,1,"-11.0,-0.0,0.5","-0.0,0.0,-0.0,-1.0","12.0,-0.0,0.0","-0.0,0.0,-0.0,-1.0",23.0,23.0,20.938858032226562,0,0,0,0,0,0,0,1.8300938214617804e-26,0.0,9.0,0.0,4.792841472448489e+21,3.725290298461914e-05,
0,navstack-1709204094664,navstack,frontal,HandCrafted,,,1709204109,902231693,"builtin_interfaces.msg.Time(sec=1709204099, nanosec=342232227)",120.0,Handcrafted_LabStudy,1,1,"-11.0,-0.0,0.5","-0.0,0.0,-0.0,-1.0","12.0,-0.0,0.0","-0.0,0.0,-0.0,-1.0",23.0,23.0,20.938858032226562,0,0,0,0,0,0,0,1.8300938214617804e-26,0.0,9.0,0.0,4.791735082086857e+21,3.725290298461914e-05,
0,navstack-1709204094664,navstack,frontal,HandCrafted,,,1709204109,902231693,"builtin_interfaces.msg.Time(sec=1709204099, nanosec=342232227)",120.0,Handcrafted_LabStudy,1,1,"-11.0,-0.0,0.5","-0.0,0.0,-0.0,-1.0","12.0,-0.0,0.0","-0.0,0.0,-0.0,-1.0",23.0,23.0,20.938858032226562,0,0,0,0,0,0,0,1.8300938214617804e-26,0.0,9.0,0.0,4.797254702437384e+21,3.725290298461914e-05,
0,navstack-1709204094664,navstack,frontal,HandCrafted,,,1709204109,922232151,"builtin_interfaces.msg.Time(sec=1709204099, nanosec=342232227)",120.0,Handcrafted_LabStudy,1,1,"-11.0,-0.0,0.5","-0.0,0.0,-0.0,-1.0","12.0,-0.0,0.0","-0.0,0.0,-0.0,-1.0",23.0,23.0,20.938858032226562,0,0,0,0,0,0,0,1.8300938214617804e-26,0.0,9.0,0.0,4.797370822464329e+21,3.725290298461914e-05,
0,navstack-1709204094664,navstack,frontal,HandCrafted,,,1709204109,922232151,"builtin_interfaces.msg.Time(sec=1709204099, nanosec=342232227)",120.0,Handcrafted_LabStudy,1,1,"-11.0,-0.0,0.5","-0.0,0.0,-0.0,-1.0","12.0,-0.0,0.0","-0.0,0.0,-0.0,-1.0",23.0,23.0,20.938858032226562,0,0,0,0,0,0,0,1.8300938214617804e-26,0.0,9.0,0.0,4.797370822464329e+21,3.725290298461914e-05,
0,navstack-1709204094664,navstack,frontal,HandCrafted,,,1709204109,922232151,"builtin_interfaces.msg.Time(sec=1709204099, nanosec=342232227)",120.0,Handcrafted_LabStudy,1,1,"-11.0,-0.0,0.5","-0.0,0.0,-0.0,-1.0","12.0,-0.0,0.0","-0.0,0.0,-0.0,-1.0",23.0,23.0,20.938858032226562,0,0,0,0,0,0,0,1.8300938214617804e-26,0.0,9.0,0.0,4.791853574038569e+21,0.0,
0,navstack-1709204094664,navstack,frontal,HandCrafted,,,1709204109,942231655,"builtin_interfaces.msg.Time(sec=1709204099, nanosec=342232227)",120.0,Handcrafted_LabStudy,1,1,"-11.0,-0.0,0.5","-0.0,0.0,-0.0,-1.0","12.0,-0.0,0.0","-0.0,0.0,-0.0,-1.0",23.0,23.0,20.938858032226562,0,0,0,0,0,0,0,1.8300938214617804e-26,0.0,9.0,0.0,4.796269263617909e+21,3.725290298461914e-05,
0,navstack-1709204094664,navstack,frontal,HandCrafted,,,1709204109,942231655,"builtin_interfaces.msg.Time(sec=1709204099, nanosec=342232227)",120.0,Handcrafted_LabStudy,1,1,"-11.0,-0.0,0.5","-0.0,0.0,-0.0,-1.0","12.0,-0.0,0.0","-0.0,0.0,-0.0,-1.0",23.0,23.0,20.938858032226562,0,0,0,0,0,0,0,1.8300938214617804e-26,0.0,9.0,0.0,4.796269263617909e+21,3.725290298461914e-05,
0,navstack-1709204094664,navstack,frontal,HandCrafted,,,1709204109,962232112,"builtin_interfaces.msg.Time(sec=1709204099, nanosec=342232227)",120.0,Handcrafted_LabStudy,1,1,"-11.0,-0.0,0.5","-0.0,0.0,-0.0,-1.0","12.0,-0.0,0.0","-0.0,0.0,-0.0,-1.0",23.0,23.0,20.938858032226562,0,0,0,0,0,0,0,1.8300938214617804e-26,0.0,9.0,0.0,4.795603004257104e+21,3.725290298461914e-05,
0,navstack-1709204094664,navstack,frontal,HandCrafted,,,1709204109,962232112,"builtin_interfaces.msg.Time(sec=1709204099, nanosec=342232227)",120.0,Handcrafted_LabStudy,1,1,"-11.0,-0.0,0.5","-0.0,0.0,-0.0,-1.0","12.0,-0.0,0.0","-0.0,0.0,-0.0,-1.0",23.0,23.0,20.938858032226562,0,0,0,0,0,0,0,1.8300938214617804e-26,0.0,9.0,0.0,4.795603004257104e+21,3.725290298461914e-05,
0,navstack-1709204094664,navstack,frontal,HandCrafted,,,1709204109,982231378,"builtin_interfaces.msg.Time(sec=1709204099, nanosec=342232227)",120.0,Handcrafted_LabStudy,1,1,"-11.0,-0.0,0.5","-0.0,0.0,-0.0,-1.0","12.0,-0.0,0.0","-0.0,0.0,-0.0,-1.0",23.0,23.0,20.938858032226562,0,0,0,0,0,0,0,1.8300938214617804e-26,0.0,9.0,0.0,4.800055045240244e+21,3.725290298461914e-05,
0,navstack-1709204094664,navstack,frontal,HandCrafted,,,1709204109,982231378,"builtin_interfaces.msg.Time(sec=1709204099, nanosec=342232227)",120.0,Handcrafted_LabStudy,1,1,"-11.0,-0.0,0.5","-0.0,0.0,-0.0,-1.0","12.0,-0.0,0.0","-0.0,0.0,-0.0,-1.0",23.0,23.0,20.938858032226562,0,0,0,0,0,0,0,1.8300938214617804e-26,0.0,9.0,0.0,4.800055045240244e+21,3.725290298461914e-05,
0,navstack-1709204094664,navstack,frontal,HandCrafted,,,1709204110,2231836,"builtin_interfaces.msg.Time(sec=1709204099, nanosec=342232227)",120.0,Handcrafted_LabStudy,1,1,"-11.0,-0.0,0.5","-0.0,0.0,-0.0,-1.0","12.0,-0.0,0.0","-0.0,0.0,-0.0,-1.0",23.0,23.0,20.938858032226562,0,0,0,0,0,0,0,1.8300938214617804e-26,0.0,9.0,0.0,4.799397245656975e+21,3.725290298461914e-05,
0,navstack-1709204094664,navstack,frontal,HandCrafted,,,1709204110,22231340,"builtin_interfaces.msg.Time(sec=1709204099, nanosec=342232227)",120.0,Handcrafted_LabStudy,1,1,"-11.0,-0.0,0.5","-0.0,0.0,-0.0,-1.0","12.0,-0.0,0.0","-0.0,0.0,-0.0,-1.0",23.0,23.0,20.938858032226562,0,0,0,0,0,0,0,1.8300938214617804e-26,0.0,9.0,0.0,4.797739041683609e+21,7.450580596923828e-05,
0,navstack-1709204094664,navstack,frontal,HandCrafted,,,1709204110,22231340,"builtin_interfaces.msg.Time(sec=1709204099, nanosec=342232227)",120.0,Handcrafted_LabStudy,1,1,"-11.0,-0.0,0.5","-0.0,0.0,-0.0,-1.0","12.0,-0.0,0.0","-0.0,0.0,-0.0,-1.0",23.0,23.0,20.938858032226562,0,0,0,0,0,0,0,1.8300938214617804e-26,0.0,9.0,0.0,4.797739041683609e+21,3.725290298461914e-05,
0,navstack-1709204094664,navstack,frontal,HandCrafted,,,1709204110,22231340,"builtin_interfaces.msg.Time(sec=1709204099, nanosec=342232227)",120.0,Handcrafted_LabStudy,1,1,"-11.0,-0.0,0.5","-0.0,0.0,-0.0,-1.0","12.0,-0.0,0.0","-0.0,0.0,-0.0,-1.0",23.0,23.0,20.938858032226562,0,0,0,0,0,0,0,1.8300938214617804e-26,0.0,9.0,0.0,4.797739041683609e+21,0.0,
0,navstack-1709204094664,navstack,frontal,HandCrafted,,,1709204110,42232036,"builtin_interfaces.msg.Time(sec=1709204099, nanosec=342232227)",120.0,Handcrafted_LabStudy,1,1,"-11.0,-0.0,0.5","-0.0,0.0,-0.0,-1.0","12.0,-0.0,0.0","-0.0,0.0,-0.0,-1.0",23.0,23.0,20.938858032226562,0,0,0,0,0,0,0,1.8300938214617804e-26,0.0,9.0,0.0,4.79709408776432e+21,3.725290298461914e-05,
0,navstack-1709204094664,navstack,frontal,HandCrafted,,,1709204110,42232036,"builtin_interfaces.msg.Time(sec=1709204099, nanosec=342232227)",120.0,Handcrafted_LabStudy,1,1,"-11.0,-0.0,0.5","-0.0,0.0,-0.0,-1.0","12.0,-0.0,0.0","-0.0,0.0,-0.0,-1.0",23.0,23.0,20.938858032226562,0,0,0,0,0,0,0,1.8300938214617804e-26,0.0,9.0,0.0,4.79709408776432e+21,3.725290298461914e-05,
0,navstack-1709204094664,navstack,frontal,HandCrafted,,,1709204110,62231540,"builtin_interfaces.msg.Time(sec=1709204099, nanosec=342232227)",120.0,Handcrafted_LabStudy,1,1,"-11.0,-0.0,0.5","-0.0,0.0,-0.0,-1.0","12.0,-0.0,0.0","-0.0,0.0,-0.0,-1.0",23.0,23.0,20.938858032226562,0,0,0,0,0,0,0,1.8300938214617804e-26,0.0,9.0,0.0,4.795596798252033e+21,3.725290298461914e-05,
0,navstack-1709204094664,navstack,frontal,HandCrafted,,,1709204110,82231998,"builtin_interfaces.msg.Time(sec=1709204099, nanosec=342232227)",120.0,Handcrafted_LabStudy,1,1,"-11.0,-0.0,0.5","-0.0,0.0,-0.0,-1.0","12.0,-0.0,0.0","-0.0,0.0,-0.0,-1.0",23.0,23.0,20.938858032226562,0,0,0,0,0,0,0,1.8300938214617804e-26,0.0,9.0,0.0,4.793412045352832e+21,7.450580596923828e-05,
0,navstack-1709204094664,navstack,frontal,HandCrafted,,,1709204110,102232456,"builtin_interfaces.msg.Time(sec=1709204099, nanosec=342232227)",120.0,Handcrafted_LabStudy,1,1,"-11.0,-0.0,0.5","-0.0,0.0,-0.0,-1.0","12.0,-0.0,0.0","-0.0,0.0,-0.0,-1.0",23.0,23.0,20.938858032226562,0,0,0,0,0,0,0,1.8300938214617804e-26,0.0,9.0,0.0,4.79780334661178e+21,7.450580596923828e-05,
0,navstack-1709204094664,navstack,frontal,HandCrafted,,,1709204110,102232456,"builtin_interfaces.msg.Time(sec=1709204099, nanosec=342232227)",120.0,Handcrafted_LabStudy,1,1,"-11.0,-0.0,0.5","-0.0,0.0,-0.0,-1.0","12.0,-0.0,0.0","-0.0,0.0,-0.0,-1.0",23.0,23.0,20.938858032226562,0,0,0,0,0,0,0,1.8300938214617804e-26,0.0,9.0,0.0,4.79780334661178e+21,3.725290298461914e-05,
0,navstack-1709204094664,navstack,frontal,HandCrafted,,,1709204110,122231960,"builtin_interfaces.msg.Time(sec=1709204099, nanosec=342232227)",120.0,Handcrafted_LabStudy,1,1,"-11.0,-0.0,0.5","-0.0,0.0,-0.0,-1.0","12.0,-0.0,0.0","-0.0,0.0,-0.0,-1.0",23.0,23.0,20.938858032226562,0,0,0,0,0,0,0,1.8300938214617804e-26,0.0,9.0,0.0,4.795744963343017e+21,3.725290298461914e-05,
0,navstack-1709204094664,navstack,frontal,HandCrafted,,,1709204110,122231960,"builtin_interfaces.msg.Time(sec=1709204099, nanosec=342232227)",120.0,Handcrafted_LabStudy,1,1,"-11.0,-0.0,0.5","-0.0,0.0,-0.0,-1.0","12.0,-0.0,0.0","-0.0,0.0,-0.0,-1.0",23.0,23.0,20.938858032226562,0,0,0,0,0,0,0,1.8300938214617804e-26,0.0,9.0,0.0,4.801073047010921e+21,3.725290298461914e-05,
0,navstack-1709204094664,navstack,frontal,HandCrafted,,,1709204110,142232418,"builtin_interfaces.msg.Time(sec=1709204099, nanosec=342232227)",120.0,Handcrafted_LabStudy,1,1,"-11.0,-0.0,0.5","-0.0,0.0,-0.0,-1.0","12.0,-0.0,0.0","-0.0,0.0,-0.0,-1.0",23.0,23.0,20.938858032226562,0,0,0,0,0,0,0,1.8300938214617804e-26,0.0,9.0,0.0,4.800234620172637e+21,3.725290298461914e-05,
0,navstack-1709204094664,navstack,frontal,HandCrafted,,,1709204110,142232418,"builtin_interfaces.msg.Time(sec=1709204099, nanosec=342232227)",120.0,Handcrafted_LabStudy,1,1,"-11.0,-0.0,0.5","-0.0,0.0,-0.0,-1.0","12.0,-0.0,0.0","-0.0,0.0,-0.0,-1.0",23.0,23.0,20.938858032226562,0,0,0,0,0,0,0,1.8300938214617804e-26,0.0,9.0,0.0,4.800234620172637e+21,3.725290298461914e-05,
0,navstack-1709204094664,navstack,frontal,HandCrafted,,,1709204110,162231922,"builtin_interfaces.msg.Time(sec=1709204099, nanosec=342232227)",120.0,Handcrafted_LabStudy,1,1,"-11.0,-0.0,0.5","-0.0,0.0,-0.0,-1.0","12.0,-0.0,0.0","-0.0,0.0,-0.0,-1.0",23.0,23.0,20.938858032226562,0,0,0,0,0,0,0,1.8300938214617804e-26,0.0,9.0,0.0,4.80477663983786e+21,3.725290298461914e-05,
0,navstack-1709204094664,navstack,frontal,HandCrafted,,,1709204110,162231922,"builtin_interfaces.msg.Time(sec=1709204099, nanosec=342232227)",120.0,Handcrafted_LabStudy,1,1,"-11.0,-0.0,0.5","-0.0,0.0,-0.0,-1.0","12.0,-0.0,0.0","-0.0,0.0,-0.0,-1.0",23.0,23.0,20.938858032226562,0,0,0,0,0,0,0,1.8300938214617804e-26,0.0,9.0,0.0,4.80477663983786e+21,3.725290298461914e-05,
0,navstack-1709204094664,navstack,frontal,HandCrafted,,,1709204110,162231922,"builtin_interfaces.msg.Time(sec=1709204099, nanosec=342232227)",120.0,Handcrafted_LabStudy,1,1,"-11.0,-0.0,0.5","-0.0,0.0,-0.0,-1.0","12.0,-0.0,0.0","-0.0,0.0,-0.0,-1.0",23.0,23.0,20.938858032226562,0,0,0,0,0,0,0,1.8300938214617804e-26,0.0,9.0,0.0,4.799557334457475e+21,0.0,
0,navstack-1709204094664,navstack,frontal,HandCrafted,,,1709204110,182232379,"builtin_interfaces.msg.Time(sec=1709204099, nanosec=342232227)",120.0,Handcrafted_LabStudy,1,1,"-11.0,-0.0,0.5","-0.0,0.0,-0.0,-1.0","12.0,-0.0,0.0","-0.0,0.0,-0.0,-1.0",23.0,23.0,20.938858032226562,0,0,0,0,0,0,0,1.8300938214617804e-26,0.0,9.0,0.0,4.803435500586606e+21,3.725290298461914e-05,
0,navstack-1709204094664,navstack,frontal,HandCrafted,,,1709204110,182232379,"builtin_interfaces.msg.Time(sec=1709204099, nanosec=342232227)",120.0,Handcrafted_LabStudy,1,1,"-11.0,-0.0,0.5","-0.0,0.0,-0.0,-1.0","12.0,-0.0,0.0","-0.0,0.0,-0.0,-1.0",23.0,23.0,20.938858032226562,0,0,0,0,0,0,0,1.8300938214617804e-26,0.0,9.0,0.0,4.803435500586606e+21,3.725290298461914e-05,
0,navstack-1709204094664,navstack,frontal,HandCrafted,,,1709204110,202231884,"builtin_interfaces.msg.Time(sec=1709204099, nanosec=342232227)",120.0,Handcrafted_LabStudy,1,1,"-11.0,-0.0,0.5","-0.0,0.0,-0.0,-1.0","12.0,-0.0,0.0","-0.0,0.0,-0.0,-1.0",23.0,23.0,20.938858032226562,0,0,0,0,0,0,0,1.8300938214617804e-26,0.0,9.0,0.0,4.802091047588456e+21,3.725290298461914e-05,
0,navstack-1709204094664,navstack,frontal,HandCrafted,,,1709204110,202231884,"builtin_interfaces.msg.Time(sec=1709204099, nanosec=342232227)",120.0,Handcrafted_LabStudy,1,1,"-11.0,-0.0,0.5","-0.0,0.0,-0.0,-1.0","12.0,-0.0,0.0","-0.0,0.0,-0.0,-1.0",23.0,23.0,20.938858032226562,0,0,0,0,0,0,0,1.8300938214617804e-26,0.0,9.0,0.0,4.802091047588456e+21,3.725290298461914e-05,
0,navstack-1709204094664,navstack,frontal,HandCrafted,,,1709204110,202231884,"builtin_interfaces.msg.Time(sec=1709204099, nanosec=342232227)",120.0,Handcrafted_LabStudy,1,1,"-11.0,-0.0,0.5","-0.0,0.0,-0.0,-1.0","12.0,-0.0,0.0","-0.0,0.0,-0.0,-1.0",23.0,23.0,20.938858032226562,0,0,0,0,0,0,0,1.8300938214617804e-26,0.0,9.0,0.0,4.802091047588456e+21,0.0,
0,navstack-1709204094664,navstack,frontal,HandCrafted,,,1709204110,222232103,"builtin_interfaces.msg.Time(sec=1709204099, nanosec=342232227)",120.0,Handcrafted_LabStudy,1,1,"-11.0,-0.0,0.5","-0.0,0.0,-0.0,-1.0","12.0,-0.0,0.0","-0.0,0.0,-0.0,-1.0",23.0,23.0,20.938858032226562,0,0,0,0,0,0,0,1.8300938214617804e-26,0.0,9.0,0.0,4.800188785808941e+21,3.725290298461914e-05,
0,navstack-1709204094664,navstack,frontal,HandCrafted,,,1709204110,222232103,"builtin_interfaces.msg.Time(sec=1709204099, nanosec=342232227)",120.0,Handcrafted_LabStudy,1,1,"-11.0,-0.0,0.5","-0.0,0.0,-0.0,-1.0","12.0,-0.0,0.0","-0.0,0.0,-0.0,-1.0",23.0,23.0,20.938858032226562,0,0,0,0,0,0,0,1.8300938214617804e-26,0.0,9.0,0.0,4.805347546057229e+21,3.725290298461914e-05,
0,navstack-1709204094664,navstack,frontal,HandCrafted,,,1709204110,242231607,"builtin_interfaces.msg.Time(sec=1709204099, nanosec=342232227)",120.0,Handcrafted_LabStudy,1,1,"-11.0,-0.0,0.5","-0.0,0.0,-0.0,-1.0","12.0,-0.0,0.0","-0.0,0.0,-0.0,-1.0",23.0,23.0,20.938858032226562,0,0,0,0,0,0,0,1.8300938214617804e-26,0.0,9.0,0.0,4.805198070184474e+21,3.725290298461914e-05,
0,navstack-1709204094664,navstack,frontal,HandCrafted,,,1709204110,242231607,"builtin_interfaces.msg.Time(sec=1709204099, nanosec=342232227)",120.0,Handcrafted_LabStudy,1,1,"-11.0,-0.0,0.5","-0.0,0.0,-0.0,-1.0","12.0,-0.0,0.0","-0.0,0.0,-0.0,-1.0",23.0,23.0,20.938858032226562,0,0,0,0,0,0,0,1.8300938214617804e-26,0.0,9.0,0.0,4.805198070184474e+21,3.725290298461914e-05,
0,navstack-1709204094664,navstack,frontal,HandCrafted,,,1709204110,242231607,"builtin_interfaces.msg.Time(sec=1709204099, nanosec=342232227)",120.0,Handcrafted_LabStudy,1,1,"-11.0,-0.0,0.5","-0.0,0.0,-0.0,-1.0","12.0,-0.0,0.0","-0.0,0.0,-0.0,-1.0",23.0,23.0,20.938858032226562,0,0,0,0,0,0,0,1.8300938214617804e-26,0.0,9.0,0.0,4.805198070184474e+21,0.0,
0,navstack-1709204094664,navstack,frontal,HandCrafted,,,1709204110,262232065,"builtin_interfaces.msg.Time(sec=1709204099, nanosec=342232227)",120.0,Handcrafted_LabStudy,1,1,"-11.0,-0.0,0.5","-0.0,0.0,-0.0,-1.0","12.0,-0.0,0.0","-0.0,0.0,-0.0,-1.0",23.0,23.0,20.938858032226562,0,0,0,0,0,0,0,1.8300938214617804e-26,0.0,9.0,0.0,4.803392402602832e+21,3.725290298461914e-05,
0,navstack-1709204094664,navstack,frontal,HandCrafted,,,1709204110,262232065,"builtin_interfaces.msg.Time(sec=1709204099, nanosec=342232227)",120.0,Handcrafted_LabStudy,1,1,"-11.0,-0.0,0.5","-0.0,0.0,-0.0,-1.0","12.0,-0.0,0.0","-0.0,0.0,-0.0,-1.0",23.0,23.0,20.938858032226562,0,0,0,0,0,0,0,1.8300938214617804e-26,0.0,9.0,0.0,4.803392402602832e+21,3.725290298461914e-05,
0,navstack-1709204094664,navstack,frontal,HandCrafted,,,1709204110,282231807,"builtin_interfaces.msg.Time(sec=1709204099, nanosec=342232227)",120.0,Handcrafted_LabStudy,1,1,"-11.0,-0.0,0.5","-0.0,0.0,-0.0,-1.0","12.0,-0.0,0.0","-0.0,0.0,-0.0,-1.0",23.0,23.0,20.938858032226562,0,0,0,0,0,0,0,1.8300938214617804e-26,0.0,9.0,0.0,4.801909750442592e+21,3.725290298461914e-05,
0,navstack-1709204094664,navstack,frontal,HandCrafted,,,1709204110,282231807,"builtin_interfaces.msg.Time(sec=1709204099, nanosec=342232227)",120.0,Handcrafted_LabStudy,1,1,"-11.0,-0.0,0.5","-0.0,0.0,-0.0,-1.0","12.0,-0.0,0.0","-0.0,0.0,-0.0,-1.0",23.0,23.0,20.938858032226562,0,0,0,0,0,0,0,1.8300938214617804e-26,0.0,9.0,0.0,4.807004884381564e+21,3.725290298461914e-05,
0,navstack-1709204094664,navstack,frontal,HandCrafted,,,1709204110,302232265,"builtin_interfaces.msg.Time(sec=1709204099, nanosec=342232227)",120.0,Handcrafted_LabStudy,1,1,"-11.0,-0.0,0.5","-0.0,0.0,-0.0,-1.0","12.0,-0.0,0.0","-0.0,0.0,-0.0,-1.0",23.0,23.0,20.938858032226562,0,0,0,0,0,0,0,1.8300938214617804e-26,0.0,9.0,0.0,4.806246788909155e+21,3.725290298461914e-05,
0,navstack-1709204094664,navstack,frontal,HandCrafted,,,1709204110,302232265,"builtin_interfaces.msg.Time(sec=1709204099, nanosec=342232227)",120.0,Handcrafted_LabStudy,1,1,"-11.0,-0.0,0.5","-0.0,0.0,-0.0,-1.0","12.0,-0.0,0.0","-0.0,0.0,-0.0,-1.0",23.0,23.0,20.938858032226562,0,0,0,0,0,0,0,1.8300938214617804e-26,0.0,9.0,0.0,4.806246788909155e+21,3.725290298461914e-05,
0,navstack-1709204094664,navstack,frontal,HandCrafted,,,1709204110,302232265,"builtin_interfaces.msg.Time(sec=1709204099, nanosec=342232227)",120.0,Handcrafted_LabStudy,1,1,"-11.0,-0.0,0.5","-0.0,0.0,-0.0,-1.0","12.0,-0.0,0.0","-0.0,0.0,-0.0,-1.0",23.0,23.0,20.938858032226562,0,0,0,0,0,0,0,1.8300938214617804e-26,0.0,9.0,0.0,4.801155069968961e+21,0.0,
0,navstack-1709204094664,navstack,frontal,HandCrafted,,,1709204110,322231769,"builtin_interfaces.msg.Time(sec=1709204099, nanosec=342232227)",120.0,Handcrafted_LabStudy,1,1,"-11.0,-0.0,0.5","-0.0,0.0,-0.0,-1.0","12.0,-0.0,0.0","-0.0,0.0,-0.0,-1.0",23.0,23.0,20.938858032226562,0,0,0,0,0,0,0,1.8300938214617804e-26,0.0,9.0,0.0,4.801202349503632e+21,3.725290298461914e-05,
0,navstack-1709204094664,navstack,frontal,HandCrafted,,,1709204110,342232227,"builtin_interfaces.msg.Time(sec=1709204099, nanosec=342232227)",120.0,Handcrafted_LabStudy,1,1,"-11.0,-0.0,0.5","-0.0,0.0,-0.0,-1.0","12.0,-0.0,0.0","-0.0,0.0,-0.0,-1.0",23.0,23.0,20.938858032226562,0,0,0,0,0,0,0,1.8300938214617804e-26,0.0,9.0,0.0,4.805319498163027e+21,7.450580596923828e-05,
0,navstack-1709204094664,navstack,frontal,HandCrafted,,,1709204110,342232227,"builtin_interfaces.msg.Time(sec=1709204099, nanosec=342232227)",120.0,Handcrafted_LabStudy,1,1,"-11.0,-0.0,0.5","-0.0,0.0,-0.0,-1.0","12.0,-0.0,0.0","-0.0,0.0,-0.0,-1.0",23.0,23.0,20.938858032226562,0,0,0,0,0,0,0,1.8300938214617804e-26,0.0,9.0,0.0,4.805319498163027e+21,3.725290298461914e-05,
0,navstack-1709204094664,navstack,frontal,HandCrafted,,,1709204110,362231731,"builtin_interfaces.msg.Time(sec=1709204099, nanosec=342232227)",120.0,Handcrafted_LabStudy,1,1,"-11.0,-0.0,0.5","-0.0,0.0,-0.0,-1.0","12.0,-0.0,0.0","-0.0,0.0,-0.0,-1.0",23.0,23.0,20.938858032226562,0,0,0,0,0,0,0,1.8300938214617804e-26,0.0,9.0,0.0,4.803895809365027e+21,3.725290298461914e-05,
0,navstack-1709204094664,navstack,frontal,HandCrafted,,,1709204110,362231731,"builtin_interfaces.msg.Time(sec=1709204099, nanosec=342232227)",120.0,Handcrafted_LabStudy,1,1,"-11.0,-0.0,0.5","-0.0,0.0,-0.0,-1.0","12.0,-0.0,0.0","-0.0,0.0,-0.0,-1.0",23.0,23.0,20.938858032226562,0,0,0,0,0,0,0,1.8300938214617804e-26,0.0,9.0,0.0,4.803895809365027e+21,3.725290298461914e-05,
0,navstack-1709204094664,navstack,frontal,HandCrafted,,,1709204110,362231731,"builtin_interfaces.msg.Time(sec=1709204099, nanosec=342232227)",120.0,Handcrafted_LabStudy,1,1,"-11.0,-0.0,0.5","-0.0,0.0,-0.0,-1.0","12.0,-0.0,0.0","-0.0,0.0,-0.0,-1.0",23.0,23.0,20.938858032226562,0,0,0,0,0,0,0,1.8300938214617804e-26,0.0,9.0,0.0,4.803895809365027e+21,0.0,
0,navstack-1709204094664,navstack,frontal,HandCrafted,,,1709204110,382232189,"builtin_interfaces.msg.Time(sec=1709204099, nanosec=342232227)",120.0,Handcrafted_LabStudy,1,1,"-11.0,-0.0,0.5","-0.0,0.0,-0.0,-1.0","12.0,-0.0,0.0","-0.0,0.0,-0.0,-1.0",23.0,23.0,20.938858032226562,0,0,0,0,0,0,0,1.8300938214617804e-26,0.0,9.0,0.0,4.801917151777288e+21,3.725290298461914e-05,
0,navstack-1709204094664,navstack,frontal,HandCrafted,,,1709204110,382232189,"builtin_interfaces.msg.Time(sec=1709204099, nanosec=342232227)",120.0,Handcrafted_LabStudy,1,1,"-11.0,-0.0,0.5","-0.0,0.0,-0.0,-1.0","12.0,-0.0,0.0","-0.0,0.0,-0.0,-1.0",23.0,23.0,20.938858032226562,0,0,0,0,0,0,0,1.8300938214617804e-26,0.0,9.0,0.0,4.806949012406685e+21,3.725290298461914e-05,
0,navstack-1709204094664,navstack,frontal,HandCrafted,,,1709204110,402231693,"builtin_interfaces.msg.Time(sec=1709204099, nanosec=342232227)",120.0,Handcrafted_LabStudy,1,1,"-11.0,-0.0,0.5","-0.0,0.0,-0.0,-1.0","12.0,-0.0,0.0","-0.0,0.0,-0.0,-1.0",23.0,23.0,20.938858032226562,0,0,0,0,0,0,0,1.8300938214617804e-26,0.0,9.0,0.0,4.802219323870908e+21,3.725290298461914e-05,
0,navstack-1709204094664,navstack,frontal,HandCrafted,,,1709204110,402231693,"builtin_interfaces.msg.Time(sec=1709204099, nanosec=342232227)",120.0,Handcrafted_LabStudy,1,1,"-11.0,-0.0,0.5","-0.0,0.0,-0.0,-1.0","12.0,-0.0,0.0","-0.0,0.0,-0.0,-1.0",23.0,23.0,20.938858032226562,0,0,0,0,0,0,0,1.8300938214617804e-26,0.0,9.0,0.0,4.80724433344214e+21,3.725290298461914e-05,
0,navstack-1709204094664,navstack,frontal,HandCrafted,,,1709204110,422232151,"builtin_interfaces.msg.Time(sec=1709204099, nanosec=342232227)",120.0,Handcrafted_LabStudy,1,1,"-11.0,-0.0,0.5","-0.0,0.0,-0.0,-1.0","12.0,-0.0,0.0","-0.0,0.0,-0.0,-1.0",23.0,23.0,20.938858032226562,0,0,0,0,0,0,0,1.8300938214617804e-26,0.0,9.0,0.0,4.806576180642288e+21,3.725290298461914e-05,
0,navstack-1709204094664,navstack,frontal,HandCrafted,,,1709204110,422232151,"builtin_interfaces.msg.Time(sec=1709204099, nanosec=342232227)",120.0,Handcrafted_LabStudy,1,1,"-11.0,-0.0,0.5","-0.0,0.0,-0.0,-1.0","12.0,-0.0,0.0","-0.0,0.0,-0.0,-1.0",23.0,23.0,20.831802368164062,0,0,0,0,0,0,0,1.8300938214617804e-26,0.0,10.0,0.0,4.806576180642288e+21,3.725290298461914e-05,
0,navstack-1709204094664,navstack,frontal,HandCrafted,,,1709204110,422232151,"builtin_interfaces.msg.Time(sec=1709204099, nanosec=342232227)",120.0,Handcrafted_LabStudy,1,1,"-11.0,-0.0,0.5","-0.0,0.0,-0.0,-1.0","12.0,-0.0,0.0","-0.0,0.0,-0.0,-1.0",23.0,23.0,20.831802368164062,0,0,0,0,0,0,0,1.8300938214617804e-26,0.0,10.0,0.0,4.811495165599897e+21,0.0,
0,navstack-1709204094664,navstack,frontal,HandCrafted,,,1709204110,442231655,"builtin_interfaces.msg.Time(sec=1709204099, nanosec=342232227)",120.0,Handcrafted_LabStudy,1,1,"-11.0,-0.0,0.5","-0.0,0.0,-0.0,-1.0","12.0,-0.0,0.0","-0.0,0.0,-0.0,-1.0",23.0,23.0,20.831802368164062,0,0,0,0,0,0,0,1.8300938214617804e-26,0.0,10.0,0.0,4.811437428562915e+21,3.725290298461914e-05,
0,navstack-1709204094664,navstack,frontal,HandCrafted,,,1709204110,442231655,"builtin_interfaces.msg.Time(sec=1709204099, nanosec=342232227)",120.0,Handcrafted_LabStudy,1,1,"-11.0,-0.0,0.5","-0.0,0.0,-0.0,-1.0","12.0,-0.0,0.0","-0.0,0.0,-0.0,-1.0",23.0,23.0,20.831802368164062,0,0,0,0,0,0,0,1.8300938214617804e-26,0.0,10.0,0.0,4.811437428562915e+21,3.725290298461914e-05,
0,navstack-1709204094664,navstack,frontal,HandCrafted,,,1709204110,462232112,"builtin_interfaces.msg.Time(sec=1709204099, nanosec=342232227)",120.0,Handcrafted_LabStudy,1,1,"-11.0,-0.0,0.5","-0.0,0.0,-0.0,-1.0","12.0,-0.0,0.0","-0.0,0.0,-0.0,-1.0",23.0,23.0,20.831802368164062,0,0,0,0,0,0,0,1.8300938214617804e-26,0.0,10.0,0.0,4.809323506084156e+21,3.725290298461914e-05,
0,navstack-1709204094664,navstack,frontal,HandCrafted,,,1709204110,462232112,"builtin_interfaces.msg.Time(sec=1709204099, nanosec=342232227)",120.0,Handcrafted_LabStudy,1,1,"-11.0,-0.0,0.5","-0.0,0.0,-0.0,-1.0","12.0,-0.0,0.0","-0.0,0.0,-0.0,-1.0",23.0,23.0,20.831802368164062,0,0,0,0,0,0,0,1.8300938214617804e-26,0.0,10.0,0.0,4.809323506084156e+21,3.725290298461914e-05,
0,navstack-1709204094664,navstack,frontal,HandCrafted,,,1709204110,482231378,"builtin_interfaces.msg.Time(sec=1709204099, nanosec=342232227)",120.0,Handcrafted_LabStudy,1,1,"-11.0,-0.0,0.5","-0.0,0.0,-0.0,-1.0","12.0,-0.0,0.0","-0.0,0.0,-0.0,-1.0",23.0,23.0,20.831802368164062,0,0,0,0,0,0,0,1.8300938214617804e-26,0.0,10.0,0.0,4.807767358604456e+21,3.725290298461914e-05,
0,navstack-1709204094664,navstack,frontal,HandCrafted,,,1709204110,502231836,"builtin_interfaces.msg.Time(sec=1709204099, nanosec=342232227)",120.0,Handcrafted_LabStudy,1,1,"-11.0,-0.0,0.5","-0.0,0.0,-0.0,-1.0","12.0,-0.0,0.0","-0.0,0.0,-0.0,-1.0",23.0,23.0,20.831802368164062,0,0,0,0,0,0,0,1.8300938214617804e-26,0.0,10.0,0.0,4.804375105042385e+21,7.450580596923828e-05,
0,navstack-1709204094664,navstack,frontal,HandCrafted,,,1709204110,502231836,"builtin_interfaces.msg.Time(sec=1709204099, nanosec=342232227)",120.0,Handcrafted_LabStudy,1,1,"-11.0,-0.0,0.5","-0.0,0.0,-0.0,-1.0","12.0,-0.0,0.0","-0.0,0.0,-0.0,-1.0",23.0,23.0,20.831802368164062,0,0,0,0,0,0,0,1.8300938214617804e-26,0.0,10.0,0.0,4.811297804198009e+21,3.725290298461914e-05,
0,navstack-1709204094664,navstack,frontal,HandCrafted,,,1709204110,502231836,"builtin_interfaces.msg.Time(sec=1709204099, nanosec=342232227)",120.0,Handcrafted_LabStudy,1,1,"-11.0,-0.0,0.5","-0.0,0.0,-0.0,-1.0","12.0,-0.0,0.0","-0.0,0.0,-0.0,-1.0",23.0,23.0,20.831802368164062,0,0,0,0,0,0,0,1.8300938214617804e-26,0.0,10.0,0.0,4.806423969509117e+21,0.0,
0,navstack-1709204094664,navstack,frontal,HandCrafted,,,1709204110,522231340,"builtin_interfaces.msg.Time(sec=1709204099, nanosec=342232227)",120.0,Handcrafted_LabStudy,1,1,"-11.0,-0.0,0.5","-0.0,0.0,-0.0,-1.0","12.0,-0.0,0.0","-0.0,0.0,-0.0,-1.0",23.0,23.0,20.831802368164062,0,0,0,0,0,0,0,1.8300938214617804e-26,0.0,10.0,0.0,4.810727291063263e+21,3.725290298461914e-05,
0,navstack-1709204094664,navstack,frontal,HandCrafted,,,1709204110,542232036,"builtin_interfaces.msg.Time(sec=1709204099, nanosec=342232227)",120.0,Handcrafted_LabStudy,1,1,"-11.0,-0.0,0.5","-0.0,0.0,-0.0,-1.0","12.0,-0.0,0.0","-0.0,0.0,-0.0,-1.0",23.0,23.0,20.831802368164062,0,0,0,0,0,0,0,1.8300938214617804e-26,0.0,10.0,0.0,4.806756781717152e+21,7.450580596923828e-05,
0,navstack-1709204094664,navstack,frontal,HandCrafted,,,1709204110,542232036,"builtin_interfaces.msg.Time(sec=1709204099, nanosec=342232227)",120.0,Handcrafted_LabStudy,1,1,"-11.0,-0.0,0.5","-0.0,0.0,-0.0,-1.0","12.0,-0.0,0.0","-0.0,0.0,-0.0,-1.0",23.0,23.0,20.831802368164062,0,0,0,0,0,0,0,1.8300938214617804e-26,0.0,10.0,0.0,4.811589912754701e+21,3.725290298461914e-05,
0,navstack-1709204094664,navstack,frontal,HandCrafted,,,1709204110,562231540,"builtin_interfaces.msg.Time(sec=1709204099, nanosec=342232227)",120.0,Handcrafted_LabStudy,1,1,"-11.0,-0.0,0.5","-0.0,0.0,-0.0,-1.0","12.0,-0.0,0.0","-0.0,0.0,-0.0,-1.0",23.0,23.0,20.831802368164062,0,0,0,0,0,0,0,1.8300938214617804e-26,0.0,10.0,0.0,4.811006078183791e+21,3.725290298461914e-05,
0,navstack-1709204094664,navstack,frontal,HandCrafted,,,1709204110,562231540,"builtin_interfaces.msg.Time(sec=1709204099, nanosec=342232227)",120.0,Handcrafted_LabStudy,1,1,"-11.0,-0.0,0.5","-0.0,0.0,-0.0,-1.0","12.0,-0.0,0.0","-0.0,0.0,-0.0,-1.0",23.0,23.0,20.831802368164062,0,0,0,0,0,0,0,1.8300938214617804e-26,0.0,10.0,0.0,4.811006078183791e+21,3.725290298461914e-05,
0,navstack-1709204094664,navstack,frontal,HandCrafted,,,1709204110,582231998,"builtin_interfaces.msg.Time(sec=1709204099, nanosec=342232227)",120.0,Handcrafted_LabStudy,1,1,"-11.0,-0.0,0.5","-0.0,0.0,-0.0,-1.0","12.0,-0.0,0.0","-0.0,0.0,-0.0,-1.0",23.0,23.0,20.831802368164062,0,0,0,0,0,0,0,1.8300938214617804e-26,0.0,10.0,0.0,4.808451969078942e+21,3.725290298461914e-05,
0,navstack-1709204094664,navstack,frontal,HandCrafted,,,1709204110,582231998,"builtin_interfaces.msg.Time(sec=1709204099, nanosec=342232227)",120.0,Handcrafted_LabStudy,1,1,"-11.0,-0.0,0.5","-0.0,0.0,-0.0,-1.0","12.0,-0.0,0.0","-0.0,0.0,-0.0,-1.0",23.0,23.0,20.831802368164062,0,0,0,0,0,0,0,1.8300938214617804e-26,0.0,10.0,0.0,4.813216006523457e+21,3.725290298461914e-05,
0,navstack-1709204094664,navstack,frontal,HandCrafted,,,1709204110,602231502,"builtin_interfaces.msg.Time(sec=1709204099, nanosec=342232227)",120.0,Handcrafted_LabStudy,1,1,"-11.0,-0.0,0.5","-0.0,0.0,-0.0,-1.0","12.0,-0.0,0.0","-0.0,0.0,-0.0,-1.0",23.0,23.0,20.831802368164062,0,0,0,0,0,0,0,1.8300938214617804e-26,0.0,10.0,0.0,4.80787066377059e+21,3.725290298461914e-05,
0,navstack-1709204094664,navstack,frontal,HandCrafted,,,1709204110,602231502,"builtin_interfaces.msg.Time(sec=1709204099, nanosec=342232227)",120.0,Handcrafted_LabStudy,1,1,"-11.0,-0.0,0.5","-0.0,0.0,-0.0,-1.0","12.0,-0.0,0.0","-0.0,0.0,-0.0,-1.0",23.0,23.0,20.831802368164062,0,0,0,0,0,0,0,1.8300938214617804e-26,0.0,10.0,0.0,4.80787066377059e+21,3.725290298461914e-05,
0,navstack-1709204094664,navstack,frontal,HandCrafted,,,1709204110,602231502,"builtin_interfaces.msg.Time(sec=1709204099, nanosec=342232227)",120.0,Handcrafted_LabStudy,1,1,"-11.0,-0.0,0.5","-0.0,0.0,-0.0,-1.0","12.0,-0.0,0.0","-0.0,0.0,-0.0,-1.0",23.0,23.0,20.831802368164062,0,0,0,0,0,0,0,1.8300938214617804e-26,0.0,10.0,0.0,4.80787066377059e+21,0.0,
0,navstack-1709204094664,navstack,frontal,HandCrafted,,,1709204110,622231960,"builtin_interfaces.msg.Time(sec=1709204099, nanosec=342232227)",120.0,Handcrafted_LabStudy,1,1,"-11.0,-0.0,0.5","-0.0,0.0,-0.0,-1.0","12.0,-0.0,0.0","-0.0,0.0,-0.0,-1.0",23.0,23.0,20.831802368164062,0,0,0,0,0,0,0,1.8300938214617804e-26,0.0,10.0,0.0,4.80527195356188e+21,3.725290298461914e-05,
0,navstack-1709204094664,navstack,frontal,HandCrafted,,,1709204110,642232418,"builtin_interfaces.msg.Time(sec=1709204099, nanosec=342232227)",120.0,Handcrafted_LabStudy,1,1,"-11.0,-0.0,0.5","-0.0,0.0,-0.0,-1.0","12.0,-0.0,0.0","-0.0,0.0,-0.0,-1.0",23.0,23.0,20.831802368164062,0,0,0,0,0,0,0,1.8300938214617804e-26,0.0,10.0,0.0,4.811145300709012e+21,7.450580596923828e-05,
0,navstack-1709204094664,navstack,frontal,HandCrafted,,,1709204110,662231922,"builtin_interfaces.msg.Time(sec=1709204099, nanosec=342232227)",120.0,Handcrafted_LabStudy,1,1,"-11.0,-0.0,0.5","-0.0,0.0,-0.0,-1.0","12.0,-0.0,0.0","-0.0,0.0,-0.0,-1.0",23.0,23.0,20.831802368164062,0,0,0,0,0,0,0,1.8300938214617804e-26,0.0,10.0,0.0,4.808265553196744e+21,7.450580596923828e-05,
0,navstack-1709204094664,navstack,frontal,HandCrafted,,,1709204110,662231922,"builtin_interfaces.msg.Time(sec=1709204099, nanosec=342232227)",120.0,Handcrafted_LabStudy,1,1,"-11.0,-0.0,0.5","-0.0,0.0,-0.0,-1.0","12.0,-0.0,0.0","-0.0,0.0,-0.0,-1.0",23.0,23.0,20.831802368164062,0,0,0,0,0,0,0,1.8300938214617804e-26,0.0,10.0,0.0,4.808265553196744e+21,3.725290298461914e-05,
0,navstack-1709204094664,navstack,frontal,HandCrafted,,,1709204110,682232379,"builtin_interfaces.msg.Time(sec=1709204099, nanosec=342232227)",120.0,Handcrafted_LabStudy,1,1,"-11.0,-0.0,0.5","-0.0,0.0,-0.0,-1.0","12.0,-0.0,0.0","-0.0,0.0,-0.0,-1.0",23.0,23.0,20.831802368164062,0,0,0,0,0,0,0,1.8300938214617804e-26,0.0,10.0,0.0,4.804950411441822e+21,3.725290298461914e-05,
0,navstack-1709204094664,navstack,frontal,HandCrafted,,,1709204110,682232379,"builtin_interfaces.msg.Time(sec=1709204099, nanosec=342232227)",120.0,Handcrafted_LabStudy,1,1,"-11.0,-0.0,0.5","-0.0,0.0,-0.0,-1.0","12.0,-0.0,0.0","-0.0,0.0,-0.0,-1.0",23.0,23.0,20.831802368164062,0,0,0,0,0,0,0,1.8300938214617804e-26,0.0,10.0,0.0,4.811626251250683e+21,3.725290298461914e-05,
0,navstack-1709204094664,navstack,frontal,HandCrafted,,,1709204110,702231884,"builtin_interfaces.msg.Time(sec=1709204099, nanosec=342232227)",120.0,Handcrafted_LabStudy,1,1,"-11.0,-0.0,0.5","-0.0,0.0,-0.0,-1.0","12.0,-0.0,0.0","-0.0,0.0,-0.0,-1.0",23.0,23.0,20.831802368164062,0,0,0,0,0,0,0,1.8300938214617804e-26,0.0,10.0,0.0,4.809978869075519e+21,3.725290298461914e-05,
0,navstack-1709204094664,navstack,frontal,HandCrafted,,,1709204110,722232103,"builtin_interfaces.msg.Time(sec=1709204099, nanosec=342232227)",120.0,Handcrafted_LabStudy,1,1,"-11.0,-0.0,0.5","-0.0,0.0,-0.0,-1.0","12.0,-0.0,0.0","-0.0,0.0,-0.0,-1.0",23.0,23.0,20.831802368164062,0,0,0,0,0,0,0,1.8300938214617804e-26,0.0,10.0,0.0,4.80739552842039e+21,7.450580596923828e-05,
0,navstack-1709204094664,navstack,frontal,HandCrafted,,,1709204110,722232103,"builtin_interfaces.msg.Time(sec=1709204099, nanosec=342232227)",120.0,Handcrafted_LabStudy,1,1,"-11.0,-0.0,0.5","-0.0,0.0,-0.0,-1.0","12.0,-0.0,0.0","-0.0,0.0,-0.0,-1.0",23.0,23.0,20.831802368164062,0,0,0,0,0,0,0,1.8300938214617804e-26,0.0,10.0,0.0,4.80739552842039e+21,3.725290298461914e-05,
0,navstack-1709204094664,navstack,frontal,HandCrafted,,,1709204110,742231607,"builtin_interfaces.msg.Time(sec=1709204099, nanosec=342232227)",120.0,Handcrafted_LabStudy,1,1,"-11.0,-0.0,0.5","-0.0,0.0,-0.0,-1.0","12.0,-0.0,0.0","-0.0,0.0,-0.0,-1.0",23.0,23.0,20.831802368164062,0,0,0,0,0,0,0,1.8300938214617804e-26,0.0,10.0,0.0,4.804598120006043e+21,3.725290298461914e-05,
0,navstack-1709204094664,navstack,frontal,HandCrafted,,,1709204110,742231607,"builtin_interfaces.msg.Time(sec=1709204099, nanosec=342232227)",120.0,Handcrafted_LabStudy,1,1,"-11.0,-0.0,0.5","-0.0,0.0,-0.0,-1.0","12.0,-0.0,0.0","-0.0,0.0,-0.0,-1.0",23.0,23.0,20.831802368164062,0,0,0,0,0,0,0,1.8300938214617804e-26,0.0,10.0,0.0,4.812633841695013e+21,3.725290298461914e-05,
0,navstack-1709204094664,navstack,frontal,HandCrafted,,,1709204110,762232065,"builtin_interfaces.msg.Time(sec=1709204099, nanosec=342232227)",120.0,Handcrafted_LabStudy,1,1,"-11.0,-0.0,0.5","-0.0,0.0,-0.0,-1.0","12.0,-0.0,0.0","-0.0,0.0,-0.0,-1.0",23.0,23.0,20.831802368164062,0,0,0,0,0,0,0,1.8300938214617804e-26,0.0,10.0,0.0,4.811559205513722e+21,3.725290298461914e-05,
0,navstack-1709204094664,navstack,frontal,HandCrafted,,,1709204110,762232065,"builtin_interfaces.msg.Time(sec=1709204099, nanosec=342232227)",120.0,Handcrafted_LabStudy,1,1,"-11.0,-0.0,0.5","-0.0,0.0,-0.0,-1.0","12.0,-0.0,0.0","-0.0,0.0,-0.0,-1.0",23.0,23.0,20.831802368164062,0,0,0,0,0,0,0,1.8300938214617804e-26,0.0,10.0,0.0,4.811559205513722e+21,3.725290298461914e-05,
0,navstack-1709204094664,navstack,frontal,HandCrafted,,,1709204110,782231807,"builtin_interfaces.msg.Time(sec=1709204099, nanosec=342232227)",120.0,Handcrafted_LabStudy,1,1,"-11.0,-0.0,0.5","-0.0,0.0,-0.0,-1.0","12.0,-0.0,0.0","-0.0,0.0,-0.0,-1.0",23.0,23.0,20.831802368164062,0,0,0,0,0,0,0,1.8300938214617804e-26,0.0,10.0,0.0,4.809575253036997e+21,3.725290298461914e-05,
0,navstack-1709204094664,navstack,frontal,HandCrafted,,,1709204110,782231807,"builtin_interfaces.msg.Time(sec=1709204099, nanosec=342232227)",120.0,Handcrafted_LabStudy,1,1,"-11.0,-0.0,0.5","-0.0,0.0,-0.0,-1.0","12.0,-0.0,0.0","-0.0,0.0,-0.0,-1.0",23.0,23.0,20.831802368164062,0,0,0,0,0,0,0,1.8300938214617804e-26,0.0,10.0,0.0,4.809575253036997e+21,3.725290298461914e-05,
0,navstack-1709204094664,navstack,frontal,HandCrafted,,,1709204110,802232265,"builtin_interfaces.msg.Time(sec=1709204099, nanosec=342232227)",120.0,Handcrafted_LabStudy,1,1,"-11.0,-0.0,0.5","-0.0,0.0,-0.0,-1.0","12.0,-0.0,0.0","-0.0,0.0,-0.0,-1.0",23.0,23.0,20.831802368164062,0,0,0,0,0,0,0,1.8300938214617804e-26,0.0,10.0,0.0,4.808088562415715e+21,3.725290298461914e-05,
0,navstack-1709204094664,navstack,frontal,HandCrafted,,,1709204110,802232265,"builtin_interfaces.msg.Time(sec=1709204099, nanosec=342232227)",120.0,Handcrafted_LabStudy,1,1,"-11.0,-0.0,0.5","-0.0,0.0,-0.0,-1.0","12.0,-0.0,0.0","-0.0,0.0,-0.0,-1.0",23.0,23.0,20.831802368164062,0,0,0,0,0,0,0,1.8300938214617804e-26,0.0,10.0,0.0,4.812630569024757e+21,3.725290298461914e-05,
0,navstack-1709204094664,navstack,frontal,HandCrafted,,,1709204110,822231769,"builtin_interfaces.msg.Time(sec=1709204099, nanosec=342232227)",120.0,Handcrafted_LabStudy,1,1,"-11.0,-0.0,0.5","-0.0,0.0,-0.0,-1.0","12.0,-0.0,0.0","-0.0,0.0,-0.0,-1.0",23.0,23.0,20.831802368164062,0,0,0,0,0,0,0,1.8300938214617804e-26,0.0,10.0,0.0,4.810708114324779e+21,3.725290298461914e-05,
0,navstack-1709204094664,navstack,frontal,HandCrafted,,,1709204110,822231769,"builtin_interfaces.msg.Time(sec=1709204099, nanosec=342232227)",120.0,Handcrafted_LabStudy,1,1,"-11.0,-0.0,0.5","-0.0,0.0,-0.0,-1.0","12.0,-0.0,0.0","-0.0,0.0,-0.0,-1.0",23.0,23.0,20.831802368164062,0,0,0,0,0,0,0,1.8300938214617804e-26,0.0,10.0,0.0,4.815168413597932e+21,3.725290298461914e-05,
0,navstack-1709204094664,navstack,frontal,HandCrafted,,,1709204110,842232227,"builtin_interfaces.msg.Time(sec=1709204099, nanosec=342232227)",120.0,Handcrafted_LabStudy,1,1,"-11.0,-0.0,0.5","-0.0,0.0,-0.0,-1.0","12.0,-0.0,0.0","-0.0,0.0,-0.0,-1.0",23.0,23.0,20.831802368164062,0,0,0,0,0,0,0,1.8300938214617804e-26,0.0,10.0,0.0,4.809215341280768e+21,3.725290298461914e-05,
0,navstack-1709204094664,navstack,frontal,HandCrafted,,,1709204110,842232227,"builtin_interfaces.msg.Time(sec=1709204099, nanosec=342232227)",120.0,Handcrafted_LabStudy,1,1,"-11.0,-0.0,0.5","-0.0,0.0,-0.0,-1.0","12.0,-0.0,0.0","-0.0,0.0,-0.0,-1.0",23.0,23.0,20.831802368164062,0,0,0,0,0,0,0,1.8300938214617804e-26,0.0,10.0,0.0,4.809215341280768e+21,3.725290298461914e-05,
0,navstack-1709204094664,navstack,frontal,HandCrafted,,,1709204110,842232227,"builtin_interfaces.msg.Time(sec=1709204099, nanosec=342232227)",120.0,Handcrafted_LabStudy,1,1,"-11.0,-0.0,0.5","-0.0,0.0,-0.0,-1.0","12.0,-0.0,0.0","-0.0,0.0,-0.0,-1.0",23.0,23.0,20.831802368164062,0,0,0,0,0,0,0,1.8300938214617804e-26,0.0,10.0,0.0,4.809215341280768e+21,0.0,
0,navstack-1709204094664,navstack,frontal,HandCrafted,,,1709204110,862231731,"builtin_interfaces.msg.Time(sec=1709204099, nanosec=342232227)",120.0,Handcrafted_LabStudy,1,1,"-11.0,-0.0,0.5","-0.0,0.0,-0.0,-1.0","12.0,-0.0,0.0","-0.0,0.0,-0.0,-1.0",23.0,23.0,20.831802368164062,0,0,0,0,0,0,0,1.8300938214617804e-26,0.0,10.0,0.0,4.806950038549156e+21,3.725290298461914e-05,
0,navstack-1709204094664,navstack,frontal,HandCrafted,,,1709204110,862231731,"builtin_interfaces.msg.Time(sec=1709204099, nanosec=342232227)",120.0,Handcrafted_LabStudy,1,1,"-11.0,-0.0,0.5","-0.0,0.0,-0.0,-1.0","12.0,-0.0,0.0","-0.0,0.0,-0.0,-1.0",23.0,23.0,20.831802368164062,0,0,0,0,0,0,0,1.8300938214617804e-26,0.0,10.0,0.0,4.806950038549156e+21,3.725290298461914e-05,
0,navstack-1709204094664,navstack,frontal,HandCrafted,,,1709204110,882232189,"builtin_interfaces.msg.Time(sec=1709204099, nanosec=342232227)",120.0,Handcrafted_LabStudy,1,1,"-11.0,-0.0,0.5","-0.0,0.0,-0.0,-1.0","12.0,-0.0,0.0","-0.0,0.0,-0.0,-1.0",23.0,23.0,20.831802368164062,0,0,0,0,0,0,0,1.8300938214617804e-26,0.0,10.0,0.0,4.805224409581138e+21,3.725290298461914e-05,
0,navstack-1709204094664,navstack,frontal,HandCrafted,,,1709204110,882232189,"builtin_interfaces.msg.Time(sec=1709204099, nanosec=342232227)",120.0,Handcrafted_LabStudy,1,1,"-11.0,-0.0,0.5","-0.0,0.0,-0.0,-1.0","12.0,-0.0,0.0","-0.0,0.0,-0.0,-1.0",23.0,23.0,20.831802368164062,0,0,0,0,0,0,0,1.8300938214617804e-26,0.0,10.0,0.0,4.811553732392337e+21,3.725290298461914e-05,
0,navstack-1709204094664,navstack,frontal,HandCrafted,,,1709204110,902231693,"builtin_interfaces.msg.Time(sec=1709204099, nanosec=342232227)",120.0,Handcrafted_LabStudy,1,1,"-11.0,-0.0,0.5","-0.0,0.0,-0.0,-1.0","12.0,-0.0,0.0","-0.0,0.0,-0.0,-1.0",23.0,23.0,20.831802368164062,0,0,0,0,0,0,0,1.8300938214617804e-26,0.0,10.0,0.0,4.809371734780285e+21,3.725290298461914e-05,
0,navstack-1709204094664,navstack,frontal,HandCrafted,,,1709204110,902231693,"builtin_interfaces.msg.Time(sec=1709204099, nanosec=342232227)",120.0,Handcrafted_LabStudy,1,1,"-11.0,-0.0,0.5","-0.0,0.0,-0.0,-1.0","12.0,-0.0,0.0","-0.0,0.0,-0.0,-1.0",23.0,23.0,20.831802368164062,0,0,0,0,0,0,0,1.8300938214617804e-26,0.0,10.0,0.0,4.809371734780285e+21,3.725290298461914e-05,
0,navstack-1709204094664,navstack,frontal,HandCrafted,,,1709204110,902231693,"builtin_interfaces.msg.Time(sec=1709204099, nanosec=342232227)",120.0,Handcrafted_LabStudy,1,1,"-11.0,-0.0,0.5","-0.0,0.0,-0.0,-1.0","12.0,-0.0,0.0","-0.0,0.0,-0.0,-1.0",23.0,23.0,20.831802368164062,0,0,0,0,0,0,0,1.8300938214617804e-26,0.0,10.0,0.0,4.813753021083185e+21,0.0,
0,navstack-1709204094664,navstack,frontal,HandCrafted,,,1709204110,922232151,"builtin_interfaces.msg.Time(sec=1709204099, nanosec=342232227)",120.0,Handcrafted_LabStudy,1,1,"-11.0,-0.0,0.5","-0.0,0.0,-0.0,-1.0","12.0,-0.0,0.0","-0.0,0.0,-0.0,-1.0",23.0,23.0,20.831802368164062,0,0,0,0,0,0,0,1.8300938214617804e-26,0.0,10.0,0.0,4.812168090267758e+21,3.725290298461914e-05,
0,navstack-1709204094664,navstack,frontal,HandCrafted,,,1709204110,922232151,"builtin_interfaces.msg.Time(sec=1709204099, nanosec=342232227)",120.0,Handcrafted_LabStudy,1,1,"-11.0,-0.0,0.5","-0.0,0.0,-0.0,-1.0","12.0,-0.0,0.0","-0.0,0.0,-0.0,-1.0",23.0,23.0,20.831802368164062,0,0,0,0,0,0,0,1.8300938214617804e-26,0.0,10.0,0.0,4.812168090267758e+21,3.725290298461914e-05,
0,navstack-1709204094664,navstack,frontal,HandCrafted,,,1709204110,962232112,"builtin_interfaces.msg.Time(sec=1709204099, nanosec=342232227)",120.0,Handcrafted_LabStudy,1,1,"-11.0,-0.0,0.5","-0.0,0.0,-0.0,-1.0","12.0,-0.0,0.0","-0.0,0.0,-0.0,-1.0",23.0,23.0,20.831802368164062,0,0,0,0,0,0,0,1.8300938214617804e-26,0.0,10.0,0.0,4.809465736584113e+21,0.0,
0,navstack-1709204094664,navstack,frontal,HandCrafted,,,1709204111,2231836,"builtin_interfaces.msg.Time(sec=1709204099, nanosec=342232227)",120.0,Handcrafted_LabStudy,1,1,"-11.0,-0.0,0.5","-0.0,0.0,-0.0,-1.0","12.0,-0.0,0.0","-0.0,0.0,-0.0,-1.0",23.0,23.0,20.831802368164062,0,0,0,0,0,0,0,1.8300938214617804e-26,0.0,10.0,0.0,4.808052302986542e+21,0.0,
0,navstack-1709204094664,navstack,frontal,HandCrafted,,,1709204111,2231836,"builtin_interfaces.msg.Time(sec=1709204099, nanosec=342232227)",120.0,Handcrafted_LabStudy,1,1,"-11.0,-0.0,0.5","-0.0,0.0,-0.0,-1.0","12.0,-0.0,0.0","-0.0,0.0,-0.0,-1.0",23.0,23.0,20.831802368164062,0,0,0,0,0,0,0,1.8300938214617804e-26,0.0,10.0,0.0,4.812370595758988e+21,0.0,
0,navstack-1709204094664,navstack,frontal,HandCrafted,,,1709204111,22231340,"builtin_interfaces.msg.Time(sec=1709204099, nanosec=342232227)",120.0,Handcrafted_LabStudy,1,1,"-11.0,-0.0,0.5","-0.0,0.0,-0.0,-1.0","12.0,-0.0,0.0","-0.0,0.0,-0.0,-1.0",23.0,23.0,20.831802368164062,0,0,0,0,0,0,0,1.8300938214617804e-26,0.0,10.0,0.0,4.805909530083747e+21,3.725290298461914e-05,
0,navstack-1709204094664,navstack,frontal,HandCrafted,,,1709204111,22231340,"builtin_interfaces.msg.Time(sec=1709204099, nanosec=342232227)",120.0,Handcrafted_LabStudy,1,1,"-11.0,-0.0,0.5","-0.0,0.0,-0.0,-1.0","12.0,-0.0,0.0","-0.0,0.0,-0.0,-1.0",23.0,23.0,20.831802368164062,0,0,0,0,0,0,0,1.8300938214617804e-26,0.0,10.0,0.0,4.810235746740713e+21,3.725290298461914e-05,
0,navstack-1709204094664,navstack,frontal,HandCrafted,,,1709204111,42232036,"builtin_interfaces.msg.Time(sec=1709204099, nanosec=342232227)",120.0,Handcrafted_LabStudy,1,1,"-11.0,-0.0,0.5","-0.0,0.0,-0.0,-1.0","12.0,-0.0,0.0","-0.0,0.0,-0.0,-1.0",23.0,23.0,20.831802368164062,0,0,0,0,0,0,0,1.8300938214617804e-26,0.0,10.0,0.0,4.813556210678926e+21,3.725290298461914e-05,
0,navstack-1709204094664,navstack,frontal,HandCrafted,,,1709204111,42232036,"builtin_interfaces.msg.Time(sec=1709204099, nanosec=342232227)",120.0,Handcrafted_LabStudy,1,1,"-11.0,-0.0,0.5","-0.0,0.0,-0.0,-1.0","12.0,-0.0,0.0","-0.0,0.0,-0.0,-1.0",23.0,23.0,20.831802368164062,0,0,0,0,0,0,0,1.8300938214617804e-26,0.0,10.0,0.0,4.813556210678926e+21,3.725290298461914e-05,
0,navstack-1709204094664,navstack,frontal,HandCrafted,,,1709204111,62231540,"builtin_interfaces.msg.Time(sec=1709204099, nanosec=342232227)",120.0,Handcrafted_LabStudy,1,1,"-11.0,-0.0,0.5","-0.0,0.0,-0.0,-1.0","12.0,-0.0,0.0","-0.0,0.0,-0.0,-1.0",23.0,23.0,20.831802368164062,0,0,0,0,0,0,0,1.8300938214617804e-26,0.0,10.0,0.0,4.812418693823632e+21,3.725290298461914e-05,
0,navstack-1709204094664,navstack,frontal,HandCrafted,,,1709204111,62231540,"builtin_interfaces.msg.Time(sec=1709204099, nanosec=342232227)",120.0,Handcrafted_LabStudy,1,1,"-11.0,-0.0,0.5","-0.0,0.0,-0.0,-1.0","12.0,-0.0,0.0","-0.0,0.0,-0.0,-1.0",23.0,23.0,20.831802368164062,0,0,0,0,0,0,0,1.8300938214617804e-26,0.0,10.0,0.0,4.808177646991744e+21,3.725290298461914e-05,
0,navstack-1709204094664,navstack,frontal,HandCrafted,,,1709204111,82231998,"builtin_interfaces.msg.Time(sec=1709204099, nanosec=342232227)",120.0,Handcrafted_LabStudy,1,1,"-11.0,-0.0,0.5","-0.0,0.0,-0.0,-1.0","12.0,-0.0,0.0","-0.0,0.0,-0.0,-1.0",23.0,23.0,20.831802368164062,0,0,0,0,0,0,0,1.8300938214617804e-26,0.0,10.0,0.0,4.811334807536953e+21,3.725290298461914e-05,
0,navstack-1709204094664,navstack,frontal,HandCrafted,,,1709204111,102231502,"builtin_interfaces.msg.Time(sec=1709204099, nanosec=342232227)",120.0,Handcrafted_LabStudy,1,1,"-11.0,-0.0,0.5","-0.0,0.0,-0.0,-1.0","12.0,-0.0,0.0","-0.0,0.0,-0.0,-1.0",23.0,23.0,20.831802368164062,0,0,0,0,0,0,0,1.8300938214617804e-26,0.0,10.0,0.0,4.804706891107949e+21,7.450580596923828e-05,
0,navstack-1709204094664,navstack,frontal,HandCrafted,,,1709204111,102231502,"builtin_interfaces.msg.Time(sec=1709204099, nanosec=342232227)",120.0,Handcrafted_LabStudy,1,1,"-11.0,-0.0,0.5","-0.0,0.0,-0.0,-1.0","12.0,-0.0,0.0","-0.0,0.0,-0.0,-1.0",23.0,23.0,20.831802368164062,0,0,0,0,0,0,0,1.8300938214617804e-26,0.0,10.0,0.0,4.80896367212439e+21,3.725290298461914e-05,
0,navstack-1709204094664,navstack,frontal,HandCrafted,,,1709204111,122231960,"builtin_interfaces.msg.Time(sec=1709204099, nanosec=342232227)",120.0,Handcrafted_LabStudy,1,1,"-11.0,-0.0,0.5","-0.0,0.0,-0.0,-1.0","12.0,-0.0,0.0","-0.0,0.0,-0.0,-1.0",23.0,23.0,20.831802368164062,0,0,0,0,0,0,0,1.8300938214617804e-26,0.0,10.0,0.0,4.807649344424601e+21,3.725290298461914e-05,
0,navstack-1709204094664,navstack,frontal,HandCrafted,,,1709204111,142232418,"builtin_interfaces.msg.Time(sec=1709204099, nanosec=342232227)",120.0,Handcrafted_LabStudy,1,1,"-11.0,-0.0,0.5","-0.0,0.0,-0.0,-1.0","12.0,-0.0,0.0","-0.0,0.0,-0.0,-1.0",23.0,23.0,20.831802368164062,0,0,0,0,0,0,0,1.8300938214617804e-26,0.0,10.0,0.0,4.810145104155791e+21,7.450580596923828e-05,
0,navstack-1709204094664,navstack,frontal,HandCrafted,,,1709204111,142232418,"builtin_interfaces.msg.Time(sec=1709204099, nanosec=342232227)",120.0,Handcrafted_LabStudy,1,1,"-11.0,-0.0,0.5","-0.0,0.0,-0.0,-1.0","12.0,-0.0,0.0","-0.0,0.0,-0.0,-1.0",23.0,23.0,20.831802368164062,0,0,0,0,0,0,0,1.8300938214617804e-26,0.0,10.0,0.0,4.810145104155791e+21,3.725290298461914e-05,
0,navstack-1709204094664,navstack,frontal,HandCrafted,,,1709204111,162231922,"builtin_interfaces.msg.Time(sec=1709204099, nanosec=342232227)",120.0,Handcrafted_LabStudy,1,1,"-11.0,-0.0,0.5","-0.0,0.0,-0.0,-1.0","12.0,-0.0,0.0","-0.0,0.0,-0.0,-1.0",23.0,23.0,20.831802368164062,0,0,0,0,0,0,0,1.8300938214617804e-26,0.0,10.0,0.0,4.809812595651863e+21,3.725290298461914e-05,
0,navstack-1709204094664,navstack,frontal,HandCrafted,,,1709204111,162231922,"builtin_interfaces.msg.Time(sec=1709204099, nanosec=342232227)",120.0,Handcrafted_LabStudy,1,1,"-11.0,-0.0,0.5","-0.0,0.0,-0.0,-1.0","12.0,-0.0,0.0","-0.0,0.0,-0.0,-1.0",23.0,23.0,20.831802368164062,0,0,0,0,0,0,0,1.8300938214617804e-26,0.0,10.0,0.0,4.809812595651863e+21,3.725290298461914e-05,
0,navstack-1709204094664,navstack,frontal,HandCrafted,,,1709204111,182232379,"builtin_interfaces.msg.Time(sec=1709204099, nanosec=342232227)",120.0,Handcrafted_LabStudy,1,1,"-11.0,-0.0,0.5","-0.0,0.0,-0.0,-1.0","12.0,-0.0,0.0","-0.0,0.0,-0.0,-1.0",23.0,23.0,20.831802368164062,0,0,0,0,0,0,0,1.8300938214617804e-26,0.0,10.0,0.0,4.80886413630472e+21,3.725290298461914e-05,
0,navstack-1709204094664,navstack,frontal,HandCrafted,,,1709204111,182232379,"builtin_interfaces.msg.Time(sec=1709204099, nanosec=342232227)",120.0,Handcrafted_LabStudy,1,1,"-11.0,-0.0,0.5","-0.0,0.0,-0.0,-1.0","12.0,-0.0,0.0","-0.0,0.0,-0.0,-1.0",23.0,23.0,20.831802368164062,0,0,0,0,0,0,0,1.8300938214617804e-26,0.0,10.0,0.0,4.80886413630472e+21,3.725290298461914e-05,
0,navstack-1709204094664,navstack,frontal,HandCrafted,,,1709204111,202231884,"builtin_interfaces.msg.Time(sec=1709204099, nanosec=342232227)",120.0,Handcrafted_LabStudy,1,1,"-11.0,-0.0,0.5","-0.0,0.0,-0.0,-1.0","12.0,-0.0,0.0","-0.0,0.0,-0.0,-1.0",23.0,23.0,20.831802368164062,0,0,0,0,0,0,0,1.8300938214617804e-26,0.0,10.0,0.0,4.808824355171856e+21,3.725290298461914e-05,
0,navstack-1709204094664,navstack,frontal,HandCrafted,,,1709204111,202231884,"builtin_interfaces.msg.Time(sec=1709204099, nanosec=342232227)",120.0,Handcrafted_LabStudy,1,1,"-11.0,-0.0,0.5","-0.0,0.0,-0.0,-1.0","12.0,-0.0,0.0","-0.0,0.0,-0.0,-1.0",23.0,23.0,20.831802368164062,0,0,0,0,0,0,0,1.8300938214617804e-26,0.0,10.0,0.0,4.808824355171856e+21,3.725290298461914e-05,
0,navstack-1709204094664,navstack,frontal,HandCrafted,,,1709204111,202231884,"builtin_interfaces.msg.Time(sec=1709204099, nanosec=342232227)",120.0,Handcrafted_LabStudy,1,1,"-11.0,-0.0,0.5","-0.0,0.0,-0.0,-1.0","12.0,-0.0,0.0","-0.0,0.0,-0.0,-1.0",23.0,23.0,20.831802368164062,0,0,0,0,0,0,0,1.8300938214617804e-26,0.0,10.0,0.0,4.808824355171856e+21,0.0,
0,navstack-1709204094664,navstack,frontal,HandCrafted,,,1709204111,222232103,"builtin_interfaces.msg.Time(sec=1709204099, nanosec=342232227)",120.0,Handcrafted_LabStudy,1,1,"-11.0,-0.0,0.5","-0.0,0.0,-0.0,-1.0","12.0,-0.0,0.0","-0.0,0.0,-0.0,-1.0",23.0,23.0,20.831802368164062,0,0,0,0,0,0,0,1.8300938214617804e-26,0.0,10.0,0.0,4.808092135119176e+21,3.725290298461914e-05,
0,navstack-1709204094664,navstack,frontal,HandCrafted,,,1709204111,222232103,"builtin_interfaces.msg.Time(sec=1709204099, nanosec=342232227)",120.0,Handcrafted_LabStudy,1,1,"-11.0,-0.0,0.5","-0.0,0.0,-0.0,-1.0","12.0,-0.0,0.0","-0.0,0.0,-0.0,-1.0",23.0,23.0,20.831802368164062,0,0,0,0,0,0,0,1.8300938214617804e-26,0.0,10.0,0.0,4.812170025298204e+21,3.725290298461914e-05,
0,navstack-1709204094664,navstack,frontal,HandCrafted,,,1709204111,242231607,"builtin_interfaces.msg.Time(sec=1709204099, nanosec=342232227)",120.0,Handcrafted_LabStudy,1,1,"-11.0,-0.0,0.5","-0.0,0.0,-0.0,-1.0","12.0,-0.0,0.0","-0.0,0.0,-0.0,-1.0",23.0,23.0,20.831802368164062,0,0,0,0,0,0,0,1.8300938214617804e-26,0.0,10.0,0.0,4.811561942074414e+21,3.725290298461914e-05,
0,navstack-1709204094664,navstack,frontal,HandCrafted,,,1709204111,242231607,"builtin_interfaces.msg.Time(sec=1709204099, nanosec=342232227)",120.0,Handcrafted_LabStudy,1,1,"-11.0,-0.0,0.5","-0.0,0.0,-0.0,-1.0","12.0,-0.0,0.0","-0.0,0.0,-0.0,-1.0",23.0,23.0,20.831802368164062,0,0,0,0,0,0,0,1.8300938214617804e-26,0.0,10.0,0.0,4.811561942074414e+21,3.725290298461914e-05,
0,navstack-1709204094664,navstack,frontal,HandCrafted,,,1709204111,262232065,"builtin_interfaces.msg.Time(sec=1709204099, nanosec=342232227)",120.0,Handcrafted_LabStudy,1,1,"-11.0,-0.0,0.5","-0.0,0.0,-0.0,-1.0","12.0,-0.0,0.0","-0.0,0.0,-0.0,-1.0",23.0,23.0,20.831802368164062,0,0,0,0,0,0,0,1.8300938214617804e-26,0.0,10.0,0.0,4.81129951443546e+21,3.725290298461914e-05,
0,navstack-1709204094664,navstack,frontal,HandCrafted,,,1709204111,282231807,"builtin_interfaces.msg.Time(sec=1709204099, nanosec=342232227)",120.0,Handcrafted_LabStudy,1,1,"-11.0,-0.0,0.5","-0.0,0.0,-0.0,-1.0","12.0,-0.0,0.0","-0.0,0.0,-0.0,-1.0",23.0,23.0,20.831802368164062,0,0,0,0,0,0,0,1.8300938214617804e-26,0.0,10.0,0.0,4.812115069404345e+21,7.450580596923828e-05,
0,navstack-1709204094664,navstack,frontal,HandCrafted,,,1709204111,302232265,"builtin_interfaces.msg.Time(sec=1709204099, nanosec=342232227)",120.0,Handcrafted_LabStudy,1,1,"-11.0,-0.0,0.5","-0.0,0.0,-0.0,-1.0","12.0,-0.0,0.0","-0.0,0.0,-0.0,-1.0",23.0,23.0,20.831802368164062,0,0,0,0,0,0,0,1.8300938214617804e-26,0.0,10.0,0.0,4.811947010334546e+21,7.450580596923828e-05,
0,navstack-1709204094664,navstack,frontal,HandCrafted,,,1709204111,302232265,"builtin_interfaces.msg.Time(sec=1709204099, nanosec=342232227)",120.0,Handcrafted_LabStudy,1,1,"-11.0,-0.0,0.5","-0.0,0.0,-0.0,-1.0","12.0,-0.0,0.0","-0.0,0.0,-0.0,-1.0",23.0,23.0,20.831802368164062,0,0,0,0,0,0,0,1.8300938214617804e-26,0.0,10.0,0.0,4.811947010334546e+21,3.725290298461914e-05,
0,navstack-1709204094664,navstack,frontal,HandCrafted,,,1709204111,322231769,"builtin_interfaces.msg.Time(sec=1709204099, nanosec=342232227)",120.0,Handcrafted_LabStudy,1,1,"-11.0,-0.0,0.5","-0.0,0.0,-0.0,-1.0","12.0,-0.0,0.0","-0.0,0.0,-0.0,-1.0",23.0,23.0,20.831802368164062,0,0,0,0,0,0,0,1.8300938214617804e-26,0.0,10.0,0.0,4.812096597619672e+21,3.725290298461914e-05,
0,navstack-1709204094664,navstack,frontal,HandCrafted,,,1709204111,322231769,"builtin_interfaces.msg.Time(sec=1709204099, nanosec=342232227)",120.0,Handcrafted_LabStudy,1,1,"-11.0,-0.0,0.5","-0.0,0.0,-0.0,-1.0","12.0,-0.0,0.0","-0.0,0.0,-0.0,-1.0",23.0,23.0,20.831802368164062,0,0,0,0,0,0,0,1.8300938214617804e-26,0.0,10.0,0.0,4.812096597619672e+21,3.725290298461914e-05,
0,navstack-1709204094664,navstack,frontal,HandCrafted,,,1709204111,322231769,"builtin_interfaces.msg.Time(sec=1709204099, nanosec=342232227)",120.0,Handcrafted_LabStudy,1,1,"-11.0,-0.0,0.5","-0.0,0.0,-0.0,-1.0","12.0,-0.0,0.0","-0.0,0.0,-0.0,-1.0",23.0,23.0,20.831802368164062,0,0,0,0,0,0,0,1.8300938214617804e-26,0.0,10.0,0.0,4.812096597619672e+21,0.0,
0,navstack-1709204094664,navstack,frontal,HandCrafted,,,1709204111,342232227,"builtin_interfaces.msg.Time(sec=1709204099, nanosec=342232227)",120.0,Handcrafted_LabStudy,1,1,"-11.0,-0.0,0.5","-0.0,0.0,-0.0,-1.0","12.0,-0.0,0.0","-0.0,0.0,-0.0,-1.0",23.0,23.0,20.831802368164062,0,0,0,0,0,0,0,1.8300938214617804e-26,0.0,10.0,0.0,4.811444542571336e+21,3.725290298461914e-05,
0,navstack-1709204094664,navstack,frontal,HandCrafted,,,1709204111,362231731,"builtin_interfaces.msg.Time(sec=1709204099, nanosec=342232227)",120.0,Handcrafted_LabStudy,1,1,"-11.0,-0.0,0.5","-0.0,0.0,-0.0,-1.0","12.0,-0.0,0.0","-0.0,0.0,-0.0,-1.0",23.0,23.0,20.831802368164062,0,0,0,0,0,0,0,1.8300938214617804e-26,0.0,10.0,0.0,4.815065423900729e+21,7.450580596923828e-05,
0,navstack-1709204094664,navstack,frontal,HandCrafted,,,1709204111,362231731,"builtin_interfaces.msg.Time(sec=1709204099, nanosec=342232227)",120.0,Handcrafted_LabStudy,1,1,"-11.0,-0.0,0.5","-0.0,0.0,-0.0,-1.0","12.0,-0.0,0.0","-0.0,0.0,-0.0,-1.0",23.0,23.0,20.831802368164062,0,0,0,0,0,0,0,1.8300938214617804e-26,0.0,10.0,0.0,4.815065423900729e+21,3.725290298461914e-05,
0,navstack-1709204094664,navstack,frontal,HandCrafted,,,1709204111,382232189,"builtin_interfaces.msg.Time(sec=1709204099, nanosec=342232227)",120.0,Handcrafted_LabStudy,1,1,"-11.0,-0.0,0.5","-0.0,0.0,-0.0,-1.0","12.0,-0.0,0.0","-0.0,0.0,-0.0,-1.0",23.0,23.0,20.831802368164062,0,0,0,0,0,0,0,1.8300938214617804e-26,0.0,10.0,0.0,4.809507527633923e+21,3.725290298461914e-05,
0,navstack-1709204094664,navstack,frontal,HandCrafted,,,1709204111,402231693,"builtin_interfaces.msg.Time(sec=1709204099, nanosec=342232227)",120.0,Handcrafted_LabStudy,1,1,"-11.0,-0.0,0.5","-0.0,0.0,-0.0,-1.0","12.0,-0.0,0.0","-0.0,0.0,-0.0,-1.0",23.0,23.0,20.831802368164062,0,0,0,0,0,0,0,1.8300938214617804e-26,0.0,10.0,0.0,4.813451195162359e+21,7.450580596923828e-05,
0,navstack-1709204094664,navstack,frontal,HandCrafted,,,1709204111,422232151,"builtin_interfaces.msg.Time(sec=1709204099, nanosec=342232227)",120.0,Handcrafted_LabStudy,1,1,"-11.0,-0.0,0.5","-0.0,0.0,-0.0,-1.0","12.0,-0.0,0.0","-0.0,0.0,-0.0,-1.0",23.0,23.0,20.831802368164062,0,0,0,0,0,0,0,1.8300938214617804e-26,0.0,10.0,0.0,4.812267166785441e+21,7.450580596923828e-05,
0,navstack-1709204094664,navstack,frontal,HandCrafted,,,1709204111,442231655,"builtin_interfaces.msg.Time(sec=1709204099, nanosec=342232227)",120.0,Handcrafted_LabStudy,1,1,"-11.0,-0.0,0.5","-0.0,0.0,-0.0,-1.0","12.0,-0.0,0.0","-0.0,0.0,-0.0,-1.0",23.0,23.0,20.831802368164062,0,0,0,0,0,0,0,1.8300938214617804e-26,0.0,10.0,0.0,4.816050585749956e+21,7.450580596923828e-05,
0,navstack-1709204094664,navstack,frontal,HandCrafted,,,1709204111,442231655,"builtin_interfaces.msg.Time(sec=1709204099, nanosec=342232227)",120.0,Handcrafted_LabStudy,1,1,"-11.0,-0.0,0.5","-0.0,0.0,-0.0,-1.0","12.0,-0.0,0.0","-0.0,0.0,-0.0,-1.0",23.0,23.0,20.677000045776367,0,0,0,0,0,0,0,1.8300938214617804e-26,0.0,11.0,0.0,4.81218074686096e+21,3.725290298461914e-05,
0,navstack-1709204094664,navstack,frontal,HandCrafted,,,1709204111,462232112,"builtin_interfaces.msg.Time(sec=1709204099, nanosec=342232227)",120.0,Handcrafted_LabStudy,1,1,"-11.0,-0.0,0.5","-0.0,0.0,-0.0,-1.0","12.0,-0.0,0.0","-0.0,0.0,-0.0,-1.0",23.0,23.0,20.677000045776367,0,0,0,0,0,0,0,1.8300938214617804e-26,0.0,11.0,0.0,4.815387666039196e+21,3.725290298461914e-05,
0,navstack-1709204094664,navstack,frontal,HandCrafted,,,1709204111,462232112,"builtin_interfaces.msg.Time(sec=1709204099, nanosec=342232227)",120.0,Handcrafted_LabStudy,1,1,"-11.0,-0.0,0.5","-0.0,0.0,-0.0,-1.0","12.0,-0.0,0.0","-0.0,0.0,-0.0,-1.0",23.0,23.0,20.677000045776367,0,0,0,0,0,0,0,1.8300938214617804e-26,0.0,11.0,0.0,4.811519450971706e+21,3.725290298461914e-05,
0,navstack-1709204094664,navstack,frontal,HandCrafted,,,1709204111,482231378,"builtin_interfaces.msg.Time(sec=1709204099, nanosec=342232227)",120.0,Handcrafted_LabStudy,1,1,"-11.0,-0.0,0.5","-0.0,0.0,-0.0,-1.0","12.0,-0.0,0.0","-0.0,0.0,-0.0,-1.0",23.0,23.0,20.677000045776367,0,0,0,0,0,0,0,1.8300938214617804e-26,0.0,11.0,0.0,4.815645916837583e+21,3.725290298461914e-05,
0,navstack-1709204094664,navstack,frontal,HandCrafted,,,1709204111,482231378,"builtin_interfaces.msg.Time(sec=1709204099, nanosec=342232227)",120.0,Handcrafted_LabStudy,1,1,"-11.0,-0.0,0.5","-0.0,0.0,-0.0,-1.0","12.0,-0.0,0.0","-0.0,0.0,-0.0,-1.0",23.0,23.0,20.677000045776367,0,0,0,0,0,0,0,1.8300938214617804e-26,0.0,11.0,0.0,4.815645916837583e+21,3.725290298461914e-05,
0,navstack-1709204094664,navstack,frontal,HandCrafted,,,1709204111,502231836,"builtin_interfaces.msg.Time(sec=1709204099, nanosec=342232227)",120.0,Handcrafted_LabStudy,1,1,"-11.0,-0.0,0.5","-0.0,0.0,-0.0,-1.0","12.0,-0.0,0.0","-0.0,0.0,-0.0,-1.0",23.0,23.0,20.677000045776367,0,0,0,0,0,0,0,1.8300938214617804e-26,0.0,11.0,0.0,4.81460061476408e+21,3.725290298461914e-05,
0,navstack-1709204094664,navstack,frontal,HandCrafted,,,1709204111,502231836,"builtin_interfaces.msg.Time(sec=1709204099, nanosec=342232227)",120.0,Handcrafted_LabStudy,1,1,"-11.0,-0.0,0.5","-0.0,0.0,-0.0,-1.0","12.0,-0.0,0.0","-0.0,0.0,-0.0,-1.0",23.0,23.0,20.677000045776367,0,0,0,0,0,0,0,1.8300938214617804e-26,0.0,11.0,0.0,4.81460061476408e+21,3.725290298461914e-05,
0,navstack-1709204094664,navstack,frontal,HandCrafted,,,1709204111,502231836,"builtin_interfaces.msg.Time(sec=1709204099, nanosec=342232227)",120.0,Handcrafted_LabStudy,1,1,"-11.0,-0.0,0.5","-0.0,0.0,-0.0,-1.0","12.0,-0.0,0.0","-0.0,0.0,-0.0,-1.0",23.0,23.0,20.677000045776367,0,0,0,0,0,0,0,1.8300938214617804e-26,0.0,11.0,0.0,4.81460061476408e+21,0.0,
0,navstack-1709204094664,navstack,frontal,HandCrafted,,,1709204111,522231340,"builtin_interfaces.msg.Time(sec=1709204099, nanosec=342232227)",120.0,Handcrafted_LabStudy,1,1,"-11.0,-0.0,0.5","-0.0,0.0,-0.0,-1.0","12.0,-0.0,0.0","-0.0,0.0,-0.0,-1.0",23.0,23.0,20.677000045776367,0,0,0,0,0,0,0,1.8300938214617804e-26,0.0,11.0,0.0,4.814238298431481e+21,3.725290298461914e-05,
0,navstack-1709204094664,navstack,frontal,HandCrafted,,,1709204111,542232036,"builtin_interfaces.msg.Time(sec=1709204099, nanosec=342232227)",120.0,Handcrafted_LabStudy,1,1,"-11.0,-0.0,0.5","-0.0,0.0,-0.0,-1.0","12.0,-0.0,0.0","-0.0,0.0,-0.0,-1.0",23.0,23.0,20.677000045776367,0,0,0,0,0,0,0,1.8300938214617804e-26,0.0,11.0,0.0,4.813028222451298e+21,7.450580596923828e-05,
0,navstack-1709204094664,navstack,frontal,HandCrafted,,,1709204111,542232036,"builtin_interfaces.msg.Time(sec=1709204099, nanosec=342232227)",120.0,Handcrafted_LabStudy,1,1,"-11.0,-0.0,0.5","-0.0,0.0,-0.0,-1.0","12.0,-0.0,0.0","-0.0,0.0,-0.0,-1.0",23.0,23.0,20.677000045776367,0,0,0,0,0,0,0,1.8300938214617804e-26,0.0,11.0,0.0,4.816837263302971e+21,3.725290298461914e-05,
0,navstack-1709204094664,navstack,frontal,HandCrafted,,,1709204111,562231540,"builtin_interfaces.msg.Time(sec=1709204099, nanosec=342232227)",120.0,Handcrafted_LabStudy,1,1,"-11.0,-0.0,0.5","-0.0,0.0,-0.0,-1.0","12.0,-0.0,0.0","-0.0,0.0,-0.0,-1.0",23.0,23.0,20.677000045776367,0,0,0,0,0,0,0,1.8300938214617804e-26,0.0,11.0,0.0,4.816796298538608e+21,3.725290298461914e-05,
0,navstack-1709204094664,navstack,frontal,HandCrafted,,,1709204111,582231998,"builtin_interfaces.msg.Time(sec=1709204099, nanosec=342232227)",120.0,Handcrafted_LabStudy,1,1,"-11.0,-0.0,0.5","-0.0,0.0,-0.0,-1.0","12.0,-0.0,0.0","-0.0,0.0,-0.0,-1.0",23.0,23.0,20.677000045776367,0,0,0,0,0,0,0,1.8300938214617804e-26,0.0,11.0,0.0,4.815949992113204e+21,7.450580596923828e-05,
0,navstack-1709204094664,navstack,frontal,HandCrafted,,,1709204111,582231998,"builtin_interfaces.msg.Time(sec=1709204099, nanosec=342232227)",120.0,Handcrafted_LabStudy,1,1,"-11.0,-0.0,0.5","-0.0,0.0,-0.0,-1.0","12.0,-0.0,0.0","-0.0,0.0,-0.0,-1.0",23.0,23.0,20.677000045776367,0,0,0,0,0,0,0,1.8300938214617804e-26,0.0,11.0,0.0,4.819691307561804e+21,3.725290298461914e-05,
0,navstack-1709204094664,navstack,frontal,HandCrafted,,,1709204111,602231502,"builtin_interfaces.msg.Time(sec=1709204099, nanosec=342232227)",120.0,Handcrafted_LabStudy,1,1,"-11.0,-0.0,0.5","-0.0,0.0,-0.0,-1.0","12.0,-0.0,0.0","-0.0,0.0,-0.0,-1.0",23.0,23.0,20.677000045776367,0,0,0,0,0,0,0,1.8300938214617804e-26,0.0,11.0,0.0,4.815603500146852e+21,3.725290298461914e-05,
0,navstack-1709204094664,navstack,frontal,HandCrafted,,,1709204111,622231960,"builtin_interfaces.msg.Time(sec=1709204099, nanosec=342232227)",120.0,Handcrafted_LabStudy,1,1,"-11.0,-0.0,0.5","-0.0,0.0,-0.0,-1.0","12.0,-0.0,0.0","-0.0,0.0,-0.0,-1.0",23.0,23.0,20.677000045776367,0,0,0,0,0,0,0,1.8300938214617804e-26,0.0,11.0,0.0,4.81486467542657e+21,7.450580596923828e-05,
0,navstack-1709204094664,navstack,frontal,HandCrafted,,,1709204111,622231960,"builtin_interfaces.msg.Time(sec=1709204099, nanosec=342232227)",120.0,Handcrafted_LabStudy,1,1,"-11.0,-0.0,0.5","-0.0,0.0,-0.0,-1.0","12.0,-0.0,0.0","-0.0,0.0,-0.0,-1.0",23.0,23.0,20.677000045776367,0,0,0,0,0,0,0,1.8300938214617804e-26,0.0,11.0,0.0,4.81486467542657e+21,3.725290298461914e-05,
0,navstack-1709204094664,navstack,frontal,HandCrafted,,,1709204111,642232418,"builtin_interfaces.msg.Time(sec=1709204099, nanosec=342232227)",120.0,Handcrafted_LabStudy,1,1,"-11.0,-0.0,0.5","-0.0,0.0,-0.0,-1.0","12.0,-0.0,0.0","-0.0,0.0,-0.0,-1.0",23.0,23.0,20.677000045776367,0,0,0,0,0,0,0,1.8300938214617804e-26,0.0,11.0,0.0,4.812927827929958e+21,3.725290298461914e-05,
0,navstack-1709204094664,navstack,frontal,HandCrafted,,,1709204111,642232418,"builtin_interfaces.msg.Time(sec=1709204099, nanosec=342232227)",120.0,Handcrafted_LabStudy,1,1,"-11.0,-0.0,0.5","-0.0,0.0,-0.0,-1.0","12.0,-0.0,0.0","-0.0,0.0,-0.0,-1.0",23.0,23.0,20.677000045776367,0,0,0,0,0,0,0,1.8300938214617804e-26,0.0,11.0,0.0,4.818244965355093e+21,3.725290298461914e-05,
0,navstack-1709204094664,navstack,frontal,HandCrafted,,,1709204111,662231922,"builtin_interfaces.msg.Time(sec=1709204099, nanosec=342232227)",120.0,Handcrafted_LabStudy,1,1,"-11.0,-0.0,0.5","-0.0,0.0,-0.0,-1.0","12.0,-0.0,0.0","-0.0,0.0,-0.0,-1.0",23.0,23.0,20.677000045776367,0,0,0,0,0,0,0,1.8300938214617804e-26,0.0,11.0,0.0,4.81760139739624e+21,3.725290298461914e-05,
0,navstack-1709204094664,navstack,frontal,HandCrafted,,,1709204111,662231922,"builtin_interfaces.msg.Time(sec=1709204099, nanosec=342232227)",120.0,Handcrafted_LabStudy,1,1,"-11.0,-0.0,0.5","-0.0,0.0,-0.0,-1.0","12.0,-0.0,0.0","-0.0,0.0,-0.0,-1.0",23.0,23.0,20.677000045776367,0,0,0,0,0,0,0,1.8300938214617804e-26,0.0,11.0,0.0,4.81760139739624e+21,3.725290298461914e-05,
0,navstack-1709204094664,navstack,frontal,HandCrafted,,,1709204111,682232379,"builtin_interfaces.msg.Time(sec=1709204099, nanosec=342232227)",120.0,Handcrafted_LabStudy,1,1,"-11.0,-0.0,0.5","-0.0,0.0,-0.0,-1.0","12.0,-0.0,0.0","-0.0,0.0,-0.0,-1.0",23.0,23.0,20.677000045776367,0,0,0,0,0,0,0,1.8300938214617804e-26,0.0,11.0,0.0,4.816366658509916e+21,3.725290298461914e-05,
0,navstack-1709204094664,navstack,frontal,HandCrafted,,,1709204111,682232379,"builtin_interfaces.msg.Time(sec=1709204099, nanosec=342232227)",120.0,Handcrafted_LabStudy,1,1,"-11.0,-0.0,0.5","-0.0,0.0,-0.0,-1.0","12.0,-0.0,0.0","-0.0,0.0,-0.0,-1.0",23.0,23.0,20.677000045776367,0,0,0,0,0,0,0,1.8300938214617804e-26,0.0,11.0,0.0,4.816366658509916e+21,3.725290298461914e-05,
0,navstack-1709204094664,navstack,frontal,HandCrafted,,,1709204111,682232379,"builtin_interfaces.msg.Time(sec=1709204099, nanosec=342232227)",120.0,Handcrafted_LabStudy,1,1,"-11.0,-0.0,0.5","-0.0,0.0,-0.0,-1.0","12.0,-0.0,0.0","-0.0,0.0,-0.0,-1.0",23.0,23.0,20.677000045776367,0,0,0,0,0,0,0,1.8300938214617804e-26,0.0,11.0,0.0,4.816366658509916e+21,0.0,
0,navstack-1709204094664,navstack,frontal,HandCrafted,,,1709204111,702231884,"builtin_interfaces.msg.Time(sec=1709204099, nanosec=342232227)",120.0,Handcrafted_LabStudy,1,1,"-11.0,-0.0,0.5","-0.0,0.0,-0.0,-1.0","12.0,-0.0,0.0","-0.0,0.0,-0.0,-1.0",23.0,23.0,20.677000045776367,0,0,0,0,0,0,0,1.8300938214617804e-26,0.0,11.0,0.0,4.814830470677543e+21,3.725290298461914e-05,
0,navstack-1709204094664,navstack,frontal,HandCrafted,,,1709204111,702231884,"builtin_interfaces.msg.Time(sec=1709204099, nanosec=342232227)",120.0,Handcrafted_LabStudy,1,1,"-11.0,-0.0,0.5","-0.0,0.0,-0.0,-1.0","12.0,-0.0,0.0","-0.0,0.0,-0.0,-1.0",23.0,23.0,20.677000045776367,0,0,0,0,0,0,0,1.8300938214617804e-26,0.0,11.0,0.0,4.814830470677543e+21,3.725290298461914e-05,
0,navstack-1709204094664,navstack,frontal,HandCrafted,,,1709204111,722232103,"builtin_interfaces.msg.Time(sec=1709204099, nanosec=342232227)",120.0,Handcrafted_LabStudy,1,1,"-11.0,-0.0,0.5","-0.0,0.0,-0.0,-1.0","12.0,-0.0,0.0","-0.0,0.0,-0.0,-1.0",23.0,23.0,20.677000045776367,0,0,0,0,0,0,0,1.8300938214617804e-26,0.0,11.0,0.0,4.819033094834475e+21,3.725290298461914e-05,
0,navstack-1709204094664,navstack,frontal,HandCrafted,,,1709204111,722232103,"builtin_interfaces.msg.Time(sec=1709204099, nanosec=342232227)",120.0,Handcrafted_LabStudy,1,1,"-11.0,-0.0,0.5","-0.0,0.0,-0.0,-1.0","12.0,-0.0,0.0","-0.0,0.0,-0.0,-1.0",23.0,23.0,20.677000045776367,0,0,0,0,0,0,0,1.8300938214617804e-26,0.0,11.0,0.0,4.819033094834475e+21,3.725290298461914e-05,
0,navstack-1709204094664,navstack,frontal,HandCrafted,,,1709204111,742231607,"builtin_interfaces.msg.Time(sec=1709204099, nanosec=342232227)",120.0,Handcrafted_LabStudy,1,1,"-11.0,-0.0,0.5","-0.0,0.0,-0.0,-1.0","12.0,-0.0,0.0","-0.0,0.0,-0.0,-1.0",23.0,23.0,20.677000045776367,0,0,0,0,0,0,0,1.8300938214617804e-26,0.0,11.0,0.0,4.817415323561531e+21,3.725290298461914e-05,
0,navstack-1709204094664,navstack,frontal,HandCrafted,,,1709204111,742231607,"builtin_interfaces.msg.Time(sec=1709204099, nanosec=342232227)",120.0,Handcrafted_LabStudy,1,1,"-11.0,-0.0,0.5","-0.0,0.0,-0.0,-1.0","12.0,-0.0,0.0","-0.0,0.0,-0.0,-1.0",23.0,23.0,20.677000045776367,0,0,0,0,0,0,0,1.8300938214617804e-26,0.0,11.0,0.0,4.817415323561531e+21,3.725290298461914e-05,
0,navstack-1709204094664,navstack,frontal,HandCrafted,,,1709204111,762232065,"builtin_interfaces.msg.Time(sec=1709204099, nanosec=342232227)",120.0,Handcrafted_LabStudy,1,1,"-11.0,-0.0,0.5","-0.0,0.0,-0.0,-1.0","12.0,-0.0,0.0","-0.0,0.0,-0.0,-1.0",23.0,23.0,20.677000045776367,0,0,0,0,0,0,0,1.8300938214617804e-26,0.0,11.0,0.0,4.816484330619685e+21,3.725290298461914e-05,
0,navstack-1709204094664,navstack,frontal,HandCrafted,,,1709204111,762232065,"builtin_interfaces.msg.Time(sec=1709204099, nanosec=342232227)",120.0,Handcrafted_LabStudy,1,1,"-11.0,-0.0,0.5","-0.0,0.0,-0.0,-1.0","12.0,-0.0,0.0","-0.0,0.0,-0.0,-1.0",23.0,23.0,20.677000045776367,0,0,0,0,0,0,0,1.8300938214617804e-26,0.0,11.0,0.0,4.816484330619685e+21,3.725290298461914e-05,
0,navstack-1709204094664,navstack,frontal,HandCrafted,,,1709204111,762232065,"builtin_interfaces.msg.Time(sec=1709204099, nanosec=342232227)",120.0,Handcrafted_LabStudy,1,1,"-11.0,-0.0,0.5","-0.0,0.0,-0.0,-1.0","12.0,-0.0,0.0","-0.0,0.0,-0.0,-1.0",23.0,23.0,20.677000045776367,0,0,0,0,0,0,0,1.8300938214617804e-26,0.0,11.0,0.0,4.820158505419182e+21,0.0,
0,navstack-1709204094664,navstack,frontal,HandCrafted,,,1709204111,782231807,"builtin_interfaces.msg.Time(sec=1709204099, nanosec=342232227)",120.0,Handcrafted_LabStudy,1,1,"-11.0,-0.0,0.5","-0.0,0.0,-0.0,-1.0","12.0,-0.0,0.0","-0.0,0.0,-0.0,-1.0",23.0,23.0,20.677000045776367,0,0,0,0,0,0,0,1.8300938214617804e-26,0.0,11.0,0.0,4.819821969703088e+21,3.725290298461914e-05,
0,navstack-1709204094664,navstack,frontal,HandCrafted,,,1709204111,802232265,"builtin_interfaces.msg.Time(sec=1709204099, nanosec=342232227)",120.0,Handcrafted_LabStudy,1,1,"-11.0,-0.0,0.5","-0.0,0.0,-0.0,-1.0","12.0,-0.0,0.0","-0.0,0.0,-0.0,-1.0",23.0,23.0,20.677000045776367,0,0,0,0,0,0,0,1.8300938214617804e-26,0.0,11.0,0.0,4.819118270286022e+21,7.450580596923828e-05,
0,navstack-1709204094664,navstack,frontal,HandCrafted,,,1709204111,822231769,"builtin_interfaces.msg.Time(sec=1709204099, nanosec=342232227)",120.0,Handcrafted_LabStudy,1,1,"-11.0,-0.0,0.5","-0.0,0.0,-0.0,-1.0","12.0,-0.0,0.0","-0.0,0.0,-0.0,-1.0",23.0,23.0,20.677000045776367,0,0,0,0,0,0,0,1.8300938214617804e-26,0.0,11.0,0.0,4.816022164133652e+21,7.450580596923828e-05,
0,navstack-1709204094664,navstack,frontal,HandCrafted,,,1709204111,822231769,"builtin_interfaces.msg.Time(sec=1709204099, nanosec=342232227)",120.0,Handcrafted_LabStudy,1,1,"-11.0,-0.0,0.5","-0.0,0.0,-0.0,-1.0","12.0,-0.0,0.0","-0.0,0.0,-0.0,-1.0",23.0,23.0,20.677000045776367,0,0,0,0,0,0,0,1.8300938214617804e-26,0.0,11.0,0.0,4.822323705046941e+21,3.725290298461914e-05,
0,navstack-1709204094664,navstack,frontal,HandCrafted,,,1709204111,822231769,"builtin_interfaces.msg.Time(sec=1709204099, nanosec=342232227)",120.0,Handcrafted_LabStudy,1,1,"-11.0,-0.0,0.5","-0.0,0.0,-0.0,-1.0","12.0,-0.0,0.0","-0.0,0.0,-0.0,-1.0",23.0,23.0,20.677000045776367,0,0,0,0,0,0,0,1.8300938214617804e-26,0.0,11.0,0.0,4.822323705046941e+21,0.0,
0,navstack-1709204094664,navstack,frontal,HandCrafted,,,1709204111,842232227,"builtin_interfaces.msg.Time(sec=1709204099, nanosec=342232227)",120.0,Handcrafted_LabStudy,1,1,"-11.0,-0.0,0.5","-0.0,0.0,-0.0,-1.0","12.0,-0.0,0.0","-0.0,0.0,-0.0,-1.0",23.0,23.0,20.677000045776367,0,0,0,0,0,0,0,1.8300938214617804e-26,0.0,11.0,0.0,4.822850254930144e+21,3.725290298461914e-05,
0,navstack-1709204094664,navstack,frontal,HandCrafted,,,1709204111,842232227,"builtin_interfaces.msg.Time(sec=1709204099, nanosec=342232227)",120.0,Handcrafted_LabStudy,1,1,"-11.0,-0.0,0.5","-0.0,0.0,-0.0,-1.0","12.0,-0.0,0.0","-0.0,0.0,-0.0,-1.0",23.0,23.0,20.677000045776367,0,0,0,0,0,0,0,1.8300938214617804e-26,0.0,11.0,0.0,4.822850254930144e+21,3.725290298461914e-05,
0,navstack-1709204094664,navstack,frontal,HandCrafted,,,1709204111,862231731,"builtin_interfaces.msg.Time(sec=1709204099, nanosec=342232227)",120.0,Handcrafted_LabStudy,1,1,"-11.0,-0.0,0.5","-0.0,0.0,-0.0,-1.0","12.0,-0.0,0.0","-0.0,0.0,-0.0,-1.0",23.0,23.0,20.677000045776367,0,0,0,0,0,0,0,1.8300938214617804e-26,0.0,11.0,0.0,4.821665263628167e+21,3.725290298461914e-05,
0,navstack-1709204094664,navstack,frontal,HandCrafted,,,1709204111,882232189,"builtin_interfaces.msg.Time(sec=1709204099, nanosec=342232227)",120.0,Handcrafted_LabStudy,1,1,"-11.0,-0.0,0.5","-0.0,0.0,-0.0,-1.0","12.0,-0.0,0.0","-0.0,0.0,-0.0,-1.0",23.0,23.0,20.677000045776367,0,0,0,0,0,0,0,1.8300938214617804e-26,0.0,11.0,0.0,4.821352330021197e+21,7.450580596923828e-05,
0,navstack-1709204094664,navstack,frontal,HandCrafted,,,1709204111,882232189,"builtin_interfaces.msg.Time(sec=1709204099, nanosec=342232227)",120.0,Handcrafted_LabStudy,1,1,"-11.0,-0.0,0.5","-0.0,0.0,-0.0,-1.0","12.0,-0.0,0.0","-0.0,0.0,-0.0,-1.0",23.0,23.0,20.677000045776367,0,0,0,0,0,0,0,1.8300938214617804e-26,0.0,11.0,0.0,4.824926278285339e+21,3.725290298461914e-05,
0,navstack-1709204094664,navstack,frontal,HandCrafted,,,1709204111,902231693,"builtin_interfaces.msg.Time(sec=1709204099, nanosec=342232227)",120.0,Handcrafted_LabStudy,1,1,"-11.0,-0.0,0.5","-0.0,0.0,-0.0,-1.0","12.0,-0.0,0.0","-0.0,0.0,-0.0,-1.0",23.0,23.0,20.677000045776367,0,0,0,0,0,0,0,1.8300938214617804e-26,0.0,11.0,0.0,4.824898638553712e+21,3.725290298461914e-05,
0,navstack-1709204094664,navstack,frontal,HandCrafted,,,1709204111,922232151,"builtin_interfaces.msg.Time(sec=1709204099, nanosec=342232227)",120.0,Handcrafted_LabStudy,1,1,"-11.0,-0.0,0.5","-0.0,0.0,-0.0,-1.0","12.0,-0.0,0.0","-0.0,0.0,-0.0,-1.0",23.0,23.0,20.677000045776367,0,0,0,0,0,0,0,1.8300938214617804e-26,0.0,11.0,0.0,4.823999952490996e+21,7.450580596923828e-05,
0,navstack-1709204094664,navstack,frontal,HandCrafted,,,1709204111,922232151,"builtin_interfaces.msg.Time(sec=1709204099, nanosec=342232227)",120.0,Handcrafted_LabStudy,1,1,"-11.0,-0.0,0.5","-0.0,0.0,-0.0,-1.0","12.0,-0.0,0.0","-0.0,0.0,-0.0,-1.0",23.0,23.0,20.677000045776367,0,0,0,0,0,0,0,1.8300938214617804e-26,0.0,11.0,0.0,4.823999952490996e+21,3.725290298461914e-05,
0,navstack-1709204094664,navstack,frontal,HandCrafted,,,1709204111,942231655,"builtin_interfaces.msg.Time(sec=1709204099, nanosec=342232227)",120.0,Handcrafted_LabStudy,1,1,"-11.0,-0.0,0.5","-0.0,0.0,-0.0,-1.0","12.0,-0.0,0.0","-0.0,0.0,-0.0,-1.0",23.0,23.0,20.677000045776367,0,0,0,0,0,0,0,1.8300938214617804e-26,0.0,11.0,0.0,4.827074744686825e+21,3.725290298461914e-05,
0,navstack-1709204094664,navstack,frontal,HandCrafted,,,1709204111,942231655,"builtin_interfaces.msg.Time(sec=1709204099, nanosec=342232227)",120.0,Handcrafted_LabStudy,1,1,"-11.0,-0.0,0.5","-0.0,0.0,-0.0,-1.0","12.0,-0.0,0.0","-0.0,0.0,-0.0,-1.0",23.0,23.0,20.677000045776367,0,0,0,0,0,0,0,1.8300938214617804e-26,0.0,11.0,0.0,4.827074744686825e+21,3.725290298461914e-05,
0,navstack-1709204094664,navstack,frontal,HandCrafted,,,1709204111,962232112,"builtin_interfaces.msg.Time(sec=1709204099, nanosec=342232227)",120.0,Handcrafted_LabStudy,1,1,"-11.0,-0.0,0.5","-0.0,0.0,-0.0,-1.0","12.0,-0.0,0.0","-0.0,0.0,-0.0,-1.0",23.0,23.0,20.677000045776367,0,0,0,0,0,0,0,1.8300938214617804e-26,0.0,11.0,0.0,4.824327997703985e+21,3.725290298461914e-05,
0,navstack-1709204094664,navstack,frontal,HandCrafted,,,1709204111,962232112,"builtin_interfaces.msg.Time(sec=1709204099, nanosec=342232227)",120.0,Handcrafted_LabStudy,1,1,"-11.0,-0.0,0.5","-0.0,0.0,-0.0,-1.0","12.0,-0.0,0.0","-0.0,0.0,-0.0,-1.0",23.0,23.0,20.677000045776367,0,0,0,0,0,0,0,1.8300938214617804e-26,0.0,11.0,0.0,4.827845846473935e+21,3.725290298461914e-05,
0,navstack-1709204094664,navstack,frontal,HandCrafted,,,1709204111,982231378,"builtin_interfaces.msg.Time(sec=1709204099, nanosec=342232227)",120.0,Handcrafted_LabStudy,1,1,"-11.0,-0.0,0.5","-0.0,0.0,-0.0,-1.0","12.0,-0.0,0.0","-0.0,0.0,-0.0,-1.0",23.0,23.0,20.677000045776367,0,0,0,0,0,0,0,1.8300938214617804e-26,0.0,11.0,0.0,4.827537534941164e+21,3.725290298461914e-05,
0,navstack-1709204094664,navstack,frontal,HandCrafted,,,1709204111,982231378,"builtin_interfaces.msg.Time(sec=1709204099, nanosec=342232227)",120.0,Handcrafted_LabStudy,1,1,"-11.0,-0.0,0.5","-0.0,0.0,-0.0,-1.0","12.0,-0.0,0.0","-0.0,0.0,-0.0,-1.0",23.0,23.0,20.677000045776367,0,0,0,0,0,0,0,1.8300938214617804e-26,0.0,11.0,0.0,4.827537534941164e+21,3.725290298461914e-05,
0,navstack-1709204094664,navstack,frontal,HandCrafted,,,1709204111,982231378,"builtin_interfaces.msg.Time(sec=1709204099, nanosec=342232227)",120.0,Handcrafted_LabStudy,1,1,"-11.0,-0.0,0.5","-0.0,0.0,-0.0,-1.0","12.0,-0.0,0.0","-0.0,0.0,-0.0,-1.0",23.0,23.0,20.677000045776367,0,0,0,0,0,0,0,1.8300938214617804e-26,0.0,11.0,0.0,4.827537534941164e+21,0.0,
0,navstack-1709204094664,navstack,frontal,HandCrafted,,,1709204112,2231836,"builtin_interfaces.msg.Time(sec=1709204099, nanosec=342232227)",120.0,Handcrafted_LabStudy,1,1,"-11.0,-0.0,0.5","-0.0,0.0,-0.0,-1.0","12.0,-0.0,0.0","-0.0,0.0,-0.0,-1.0",23.0,23.0,20.677000045776367,0,0,0,0,0,0,0,1.8300938214617804e-26,0.0,11.0,0.0,4.826699569613948e+21,3.725290298461914e-05,
0,navstack-1709204094664,navstack,frontal,HandCrafted,,,1709204112,2231836,"builtin_interfaces.msg.Time(sec=1709204099, nanosec=342232227)",120.0,Handcrafted_LabStudy,1,1,"-11.0,-0.0,0.5","-0.0,0.0,-0.0,-1.0","12.0,-0.0,0.0","-0.0,0.0,-0.0,-1.0",23.0,23.0,20.677000045776367,0,0,0,0,0,0,0,1.8300938214617804e-26,0.0,11.0,0.0,4.826699569613948e+21,3.725290298461914e-05,
0,navstack-1709204094664,navstack,frontal,HandCrafted,,,1709204112,22231340,"builtin_interfaces.msg.Time(sec=1709204099, nanosec=342232227)",120.0,Handcrafted_LabStudy,1,1,"-11.0,-0.0,0.5","-0.0,0.0,-0.0,-1.0","12.0,-0.0,0.0","-0.0,0.0,-0.0,-1.0",23.0,23.0,20.677000045776367,0,0,0,0,0,0,0,1.8300938214617804e-26,0.0,11.0,0.0,4.824869564517039e+21,3.725290298461914e-05,
0,navstack-1709204094664,navstack,frontal,HandCrafted,,,1709204112,22231340,"builtin_interfaces.msg.Time(sec=1709204099, nanosec=342232227)",120.0,Handcrafted_LabStudy,1,1,"-11.0,-0.0,0.5","-0.0,0.0,-0.0,-1.0","12.0,-0.0,0.0","-0.0,0.0,-0.0,-1.0",23.0,23.0,20.677000045776367,0,0,0,0,0,0,0,1.8300938214617804e-26,0.0,11.0,0.0,4.828359817107779e+21,3.725290298461914e-05,
0,navstack-1709204094664,navstack,frontal,HandCrafted,,,1709204112,42232036,"builtin_interfaces.msg.Time(sec=1709204099, nanosec=342232227)",120.0,Handcrafted_LabStudy,1,1,"-11.0,-0.0,0.5","-0.0,0.0,-0.0,-1.0","12.0,-0.0,0.0","-0.0,0.0,-0.0,-1.0",23.0,23.0,20.677000045776367,0,0,0,0,0,0,0,1.8300938214617804e-26,0.0,11.0,0.0,4.828517330053807e+21,3.725290298461914e-05,
0,navstack-1709204094664,navstack,frontal,HandCrafted,,,1709204112,42232036,"builtin_interfaces.msg.Time(sec=1709204099, nanosec=342232227)",120.0,Handcrafted_LabStudy,1,1,"-11.0,-0.0,0.5","-0.0,0.0,-0.0,-1.0","12.0,-0.0,0.0","-0.0,0.0,-0.0,-1.0",23.0,23.0,20.677000045776367,0,0,0,0,0,0,0,1.8300938214617804e-26,0.0,11.0,0.0,4.828517330053807e+21,3.725290298461914e-05,
0,navstack-1709204094664,navstack,frontal,HandCrafted,,,1709204112,42232036,"builtin_interfaces.msg.Time(sec=1709204099, nanosec=342232227)",120.0,Handcrafted_LabStudy,1,1,"-11.0,-0.0,0.5","-0.0,0.0,-0.0,-1.0","12.0,-0.0,0.0","-0.0,0.0,-0.0,-1.0",23.0,23.0,20.677000045776367,0,0,0,0,0,0,0,1.8300938214617804e-26,0.0,11.0,0.0,4.8250288993113e+21,0.0,
0,navstack-1709204094664,navstack,frontal,HandCrafted,,,1709204112,62231540,"builtin_interfaces.msg.Time(sec=1709204099, nanosec=342232227)",120.0,Handcrafted_LabStudy,1,1,"-11.0,-0.0,0.5","-0.0,0.0,-0.0,-1.0","12.0,-0.0,0.0","-0.0,0.0,-0.0,-1.0",23.0,23.0,20.677000045776367,0,0,0,0,0,0,0,1.8300938214617804e-26,0.0,11.0,0.0,4.827487596007584e+21,3.725290298461914e-05,
0,navstack-1709204094664,navstack,frontal,HandCrafted,,,1709204112,62231540,"builtin_interfaces.msg.Time(sec=1709204099, nanosec=342232227)",120.0,Handcrafted_LabStudy,1,1,"-11.0,-0.0,0.5","-0.0,0.0,-0.0,-1.0","12.0,-0.0,0.0","-0.0,0.0,-0.0,-1.0",23.0,23.0,20.677000045776367,0,0,0,0,0,0,0,1.8300938214617804e-26,0.0,11.0,0.0,4.827487596007584e+21,3.725290298461914e-05,
0,navstack-1709204094664,navstack,frontal,HandCrafted,,,1709204112,82231998,"builtin_interfaces.msg.Time(sec=1709204099, nanosec=342232227)",120.0,Handcrafted_LabStudy,1,1,"-11.0,-0.0,0.5","-0.0,0.0,-0.0,-1.0","12.0,-0.0,0.0","-0.0,0.0,-0.0,-1.0",23.0,23.0,20.677000045776367,0,0,0,0,0,0,0,1.8300938214617804e-26,0.0,11.0,0.0,4.82723490929938e+21,3.725290298461914e-05,
0,navstack-1709204094664,navstack,frontal,HandCrafted,,,1709204112,82231998,"builtin_interfaces.msg.Time(sec=1709204099, nanosec=342232227)",120.0,Handcrafted_LabStudy,1,1,"-11.0,-0.0,0.5","-0.0,0.0,-0.0,-1.0","12.0,-0.0,0.0","-0.0,0.0,-0.0,-1.0",23.0,23.0,20.677000045776367,0,0,0,0,0,0,0,1.8300938214617804e-26,0.0,11.0,0.0,4.830670319178473e+21,3.725290298461914e-05,
0,navstack-1709204094664,navstack,frontal,HandCrafted,,,1709204112,82231998,"builtin_interfaces.msg.Time(sec=1709204099, nanosec=342232227)",120.0,Handcrafted_LabStudy,1,1,"-11.0,-0.0,0.5","-0.0,0.0,-0.0,-1.0","12.0,-0.0,0.0","-0.0,0.0,-0.0,-1.0",23.0,23.0,20.677000045776367,0,0,0,0,0,0,0,1.8300938214617804e-26,0.0,11.0,0.0,4.82723490929938e+21,0.0,
0,navstack-1709204094664,navstack,frontal,HandCrafted,,,1709204112,102231502,"builtin_interfaces.msg.Time(sec=1709204099, nanosec=342232227)",120.0,Handcrafted_LabStudy,1,1,"-11.0,-0.0,0.5","-0.0,0.0,-0.0,-1.0","12.0,-0.0,0.0","-0.0,0.0,-0.0,-1.0",23.0,23.0,20.677000045776367,0,0,0,0,0,0,0,1.8300938214617804e-26,0.0,11.0,0.0,4.826765875803109e+21,3.725290298461914e-05,
0,navstack-1709204094664,navstack,frontal,HandCrafted,,,1709204112,102231502,"builtin_interfaces.msg.Time(sec=1709204099, nanosec=342232227)",120.0,Handcrafted_LabStudy,1,1,"-11.0,-0.0,0.5","-0.0,0.0,-0.0,-1.0","12.0,-0.0,0.0","-0.0,0.0,-0.0,-1.0",23.0,23.0,20.677000045776367,0,0,0,0,0,0,0,1.8300938214617804e-26,0.0,11.0,0.0,4.826765875803109e+21,3.725290298461914e-05,
0,navstack-1709204094664,navstack,frontal,HandCrafted,,,1709204112,122231960,"builtin_interfaces.msg.Time(sec=1709204099, nanosec=342232227)",120.0,Handcrafted_LabStudy,1,1,"-11.0,-0.0,0.5","-0.0,0.0,-0.0,-1.0","12.0,-0.0,0.0","-0.0,0.0,-0.0,-1.0",23.0,23.0,20.677000045776367,0,0,0,0,0,0,0,1.8300938214617804e-26,0.0,11.0,0.0,4.826454305361901e+21,3.725290298461914e-05,
0,navstack-1709204094664,navstack,frontal,HandCrafted,,,1709204112,122231960,"builtin_interfaces.msg.Time(sec=1709204099, nanosec=342232227)",120.0,Handcrafted_LabStudy,1,1,"-11.0,-0.0,0.5","-0.0,0.0,-0.0,-1.0","12.0,-0.0,0.0","-0.0,0.0,-0.0,-1.0",23.0,23.0,20.677000045776367,0,0,0,0,0,0,0,1.8300938214617804e-26,0.0,11.0,0.0,4.829893478011947e+21,3.725290298461914e-05,
0,navstack-1709204094664,navstack,frontal,HandCrafted,,,1709204112,142231464,"builtin_interfaces.msg.Time(sec=1709204099, nanosec=342232227)",120.0,Handcrafted_LabStudy,1,1,"-11.0,-0.0,0.5","-0.0,0.0,-0.0,-1.0","12.0,-0.0,0.0","-0.0,0.0,-0.0,-1.0",23.0,23.0,20.677000045776367,0,0,0,0,0,0,0,1.8300938214617804e-26,0.0,11.0,0.0,4.826446061399705e+21,3.725290298461914e-05,
0,navstack-1709204094664,navstack,frontal,HandCrafted,,,1709204112,142231464,"builtin_interfaces.msg.Time(sec=1709204099, nanosec=342232227)",120.0,Handcrafted_LabStudy,1,1,"-11.0,-0.0,0.5","-0.0,0.0,-0.0,-1.0","12.0,-0.0,0.0","-0.0,0.0,-0.0,-1.0",23.0,23.0,20.677000045776367,0,0,0,0,0,0,0,1.8300938214617804e-26,0.0,11.0,0.0,4.829878850012079e+21,3.725290298461914e-05,
0,navstack-1709204094664,navstack,frontal,HandCrafted,,,1709204112,142231464,"builtin_interfaces.msg.Time(sec=1709204099, nanosec=342232227)",120.0,Handcrafted_LabStudy,1,1,"-11.0,-0.0,0.5","-0.0,0.0,-0.0,-1.0","12.0,-0.0,0.0","-0.0,0.0,-0.0,-1.0",23.0,23.0,20.677000045776367,0,0,0,0,0,0,0,1.8300938214617804e-26,0.0,11.0,0.0,4.829878850012079e+21,0.0,
0,navstack-1709204094664,navstack,frontal,HandCrafted,,,1709204112,162231922,"builtin_interfaces.msg.Time(sec=1709204099, nanosec=342232227)",120.0,Handcrafted_LabStudy,1,1,"-11.0,-0.0,0.5","-0.0,0.0,-0.0,-1.0","12.0,-0.0,0.0","-0.0,0.0,-0.0,-1.0",23.0,23.0,20.677000045776367,0,0,0,0,0,0,0,1.8300938214617804e-26,0.0,11.0,0.0,4.830159266469186e+21,3.725290298461914e-05,
0,navstack-1709204094664,navstack,frontal,HandCrafted,,,1709204112,182232379,"builtin_interfaces.msg.Time(sec=1709204099, nanosec=342232227)",120.0,Handcrafted_LabStudy,1,1,"-11.0,-0.0,0.5","-0.0,0.0,-0.0,-1.0","12.0,-0.0,0.0","-0.0,0.0,-0.0,-1.0",23.0,23.0,20.677000045776367,0,0,0,0,0,0,0,1.8300938214617804e-26,0.0,11.0,0.0,4.828985764014978e+21,7.450580596923828e-05,
0,navstack-1709204094664,navstack,frontal,HandCrafted,,,1709204112,202231884,"builtin_interfaces.msg.Time(sec=1709204099, nanosec=342232227)",120.0,Handcrafted_LabStudy,1,1,"-11.0,-0.0,0.5","-0.0,0.0,-0.0,-1.0","12.0,-0.0,0.0","-0.0,0.0,-0.0,-1.0",23.0,23.0,20.677000045776367,0,0,0,0,0,0,0,1.8300938214617804e-26,0.0,11.0,0.0,4.828780039880268e+21,7.450580596923828e-05,
0,navstack-1709204094664,navstack,frontal,HandCrafted,,,1709204112,202231884,"builtin_interfaces.msg.Time(sec=1709204099, nanosec=342232227)",120.0,Handcrafted_LabStudy,1,1,"-11.0,-0.0,0.5","-0.0,0.0,-0.0,-1.0","12.0,-0.0,0.0","-0.0,0.0,-0.0,-1.0",23.0,23.0,20.677000045776367,0,0,0,0,0,0,0,1.8300938214617804e-26,0.0,11.0,0.0,4.828780039880268e+21,3.725290298461914e-05,
0,navstack-1709204094664,navstack,frontal,HandCrafted,,,1709204112,202231884,"builtin_interfaces.msg.Time(sec=1709204099, nanosec=342232227)",120.0,Handcrafted_LabStudy,1,1,"-11.0,-0.0,0.5","-0.0,0.0,-0.0,-1.0","12.0,-0.0,0.0","-0.0,0.0,-0.0,-1.0",23.0,23.0,20.677000045776367,0,0,0,0,0,0,0,1.8300938214617804e-26,0.0,11.0,0.0,4.828780039880268e+21,0.0,
0,navstack-1709204094664,navstack,frontal,HandCrafted,,,1709204112,222232103,"builtin_interfaces.msg.Time(sec=1709204099, nanosec=342232227)",120.0,Handcrafted_LabStudy,1,1,"-11.0,-0.0,0.5","-0.0,0.0,-0.0,-1.0","12.0,-0.0,0.0","-0.0,0.0,-0.0,-1.0",23.0,23.0,20.677000045776367,0,0,0,0,0,0,0,1.8300938214617804e-26,0.0,11.0,0.0,4.82807215516846e+21,3.725290298461914e-05,
0,navstack-1709204094664,navstack,frontal,HandCrafted,,,1709204112,222232103,"builtin_interfaces.msg.Time(sec=1709204099, nanosec=342232227)",120.0,Handcrafted_LabStudy,1,1,"-11.0,-0.0,0.5","-0.0,0.0,-0.0,-1.0","12.0,-0.0,0.0","-0.0,0.0,-0.0,-1.0",23.0,23.0,20.677000045776367,0,0,0,0,0,0,0,1.8300938214617804e-26,0.0,11.0,0.0,4.82807215516846e+21,3.725290298461914e-05,
0,navstack-1709204094664,navstack,frontal,HandCrafted,,,1709204112,242231607,"builtin_interfaces.msg.Time(sec=1709204099, nanosec=342232227)",120.0,Handcrafted_LabStudy,1,1,"-11.0,-0.0,0.5","-0.0,0.0,-0.0,-1.0","12.0,-0.0,0.0","-0.0,0.0,-0.0,-1.0",23.0,23.0,20.677000045776367,0,0,0,0,0,0,0,1.8300938214617804e-26,0.0,11.0,0.0,4.831513864011874e+21,3.725290298461914e-05,
0,navstack-1709204094664,navstack,frontal,HandCrafted,,,1709204112,242231607,"builtin_interfaces.msg.Time(sec=1709204099, nanosec=342232227)",120.0,Handcrafted_LabStudy,1,1,"-11.0,-0.0,0.5","-0.0,0.0,-0.0,-1.0","12.0,-0.0,0.0","-0.0,0.0,-0.0,-1.0",23.0,23.0,20.677000045776367,0,0,0,0,0,0,0,1.8300938214617804e-26,0.0,11.0,0.0,4.83151420608196e+21,3.725290298461914e-05,
0,navstack-1709204094664,navstack,frontal,HandCrafted,,,1709204112,262232065,"builtin_interfaces.msg.Time(sec=1709204099, nanosec=342232227)",120.0,Handcrafted_LabStudy,1,1,"-11.0,-0.0,0.5","-0.0,0.0,-0.0,-1.0","12.0,-0.0,0.0","-0.0,0.0,-0.0,-1.0",23.0,23.0,20.677000045776367,0,0,0,0,0,0,0,1.8300938214617804e-26,0.0,11.0,0.0,4.831216597746534e+21,3.725290298461914e-05,
0,navstack-1709204094664,navstack,frontal,HandCrafted,,,1709204112,262232065,"builtin_interfaces.msg.Time(sec=1709204099, nanosec=342232227)",120.0,Handcrafted_LabStudy,1,1,"-11.0,-0.0,0.5","-0.0,0.0,-0.0,-1.0","12.0,-0.0,0.0","-0.0,0.0,-0.0,-1.0",23.0,23.0,20.677000045776367,0,0,0,0,0,0,0,1.8300938214617804e-26,0.0,11.0,0.0,4.831216597746534e+21,3.725290298461914e-05,
0,navstack-1709204094664,navstack,frontal,HandCrafted,,,1709204112,282231807,"builtin_interfaces.msg.Time(sec=1709204099, nanosec=342232227)",120.0,Handcrafted_LabStudy,1,1,"-11.0,-0.0,0.5","-0.0,0.0,-0.0,-1.0","12.0,-0.0,0.0","-0.0,0.0,-0.0,-1.0",23.0,23.0,20.677000045776367,0,0,0,0,0,0,0,1.8300938214617804e-26,0.0,11.0,0.0,4.831265521129048e+21,3.725290298461914e-05,
0,navstack-1709204094664,navstack,frontal,HandCrafted,,,1709204112,282231807,"builtin_interfaces.msg.Time(sec=1709204099, nanosec=342232227)",120.0,Handcrafted_LabStudy,1,1,"-11.0,-0.0,0.5","-0.0,0.0,-0.0,-1.0","12.0,-0.0,0.0","-0.0,0.0,-0.0,-1.0",23.0,23.0,20.677000045776367,0,0,0,0,0,0,0,1.8300938214617804e-26,0.0,11.0,0.0,4.831265521129048e+21,3.725290298461914e-05,
0,navstack-1709204094664,navstack,frontal,HandCrafted,,,1709204112,302232265,"builtin_interfaces.msg.Time(sec=1709204099, nanosec=342232227)",120.0,Handcrafted_LabStudy,1,1,"-11.0,-0.0,0.5","-0.0,0.0,-0.0,-1.0","12.0,-0.0,0.0","-0.0,0.0,-0.0,-1.0",23.0,23.0,20.677000045776367,0,0,0,0,0,0,0,1.8300938214617804e-26,0.0,11.0,0.0,4.832066927807352e+21,3.725290298461914e-05,
0,navstack-1709204094664,navstack,frontal,HandCrafted,,,1709204112,302232265,"builtin_interfaces.msg.Time(sec=1709204099, nanosec=342232227)",120.0,Handcrafted_LabStudy,1,1,"-11.0,-0.0,0.5","-0.0,0.0,-0.0,-1.0","12.0,-0.0,0.0","-0.0,0.0,-0.0,-1.0",23.0,23.0,20.677000045776367,0,0,0,0,0,0,0,1.8300938214617804e-26,0.0,11.0,0.0,4.832066927807352e+21,3.725290298461914e-05,
0,navstack-1709204094664,navstack,frontal,HandCrafted,,,1709204112,322231769,"builtin_interfaces.msg.Time(sec=1709204099, nanosec=342232227)",120.0,Handcrafted_LabStudy,1,1,"-11.0,-0.0,0.5","-0.0,0.0,-0.0,-1.0","12.0,-0.0,0.0","-0.0,0.0,-0.0,-1.0",23.0,23.0,20.677000045776367,0,0,0,0,0,0,0,1.8300938214617804e-26,0.0,11.0,0.0,4.833141091413532e+21,3.725290298461914e-05,
0,navstack-1709204094664,navstack,frontal,HandCrafted,,,1709204112,322231769,"builtin_interfaces.msg.Time(sec=1709204099, nanosec=342232227)",120.0,Handcrafted_LabStudy,1,1,"-11.0,-0.0,0.5","-0.0,0.0,-0.0,-1.0","12.0,-0.0,0.0","-0.0,0.0,-0.0,-1.0",23.0,23.0,20.677000045776367,0,0,0,0,0,0,0,1.8300938214617804e-26,0.0,11.0,0.0,4.833141091413532e+21,3.725290298461914e-05,
0,navstack-1709204094664,navstack,frontal,HandCrafted,,,1709204112,342232227,"builtin_interfaces.msg.Time(sec=1709204099, nanosec=342232227)",120.0,Handcrafted_LabStudy,1,1,"-11.0,-0.0,0.5","-0.0,0.0,-0.0,-1.0","12.0,-0.0,0.0","-0.0,0.0,-0.0,-1.0",23.0,23.0,20.677000045776367,0,0,0,0,0,0,0,1.8300938214617804e-26,0.0,11.0,0.0,4.833695415908539e+21,3.725290298461914e-05,
0,navstack-1709204094664,navstack,frontal,HandCrafted,,,1709204112,342232227,"builtin_interfaces.msg.Time(sec=1709204099, nanosec=342232227)",120.0,Handcrafted_LabStudy,1,1,"-11.0,-0.0,0.5","-0.0,0.0,-0.0,-1.0","12.0,-0.0,0.0","-0.0,0.0,-0.0,-1.0",23.0,23.0,20.677000045776367,0,0,0,0,0,0,0,1.8300938214617804e-26,0.0,11.0,0.0,4.833695415908539e+21,3.725290298461914e-05,
0,navstack-1709204094664,navstack,frontal,HandCrafted,,,1709204112,342232227,"builtin_interfaces.msg.Time(sec=1709204099, nanosec=342232227)",120.0,Handcrafted_LabStudy,1,1,"-11.0,-0.0,0.5","-0.0,0.0,-0.0,-1.0","12.0,-0.0,0.0","-0.0,0.0,-0.0,-1.0",23.0,23.0,20.677000045776367,0,0,0,0,0,0,0,1.8300938214617804e-26,0.0,11.0,0.0,4.833695415908539e+21,0.0,
0,navstack-1709204094664,navstack,frontal,HandCrafted,,,1709204112,362231731,"builtin_interfaces.msg.Time(sec=1709204099, nanosec=342232227)",120.0,Handcrafted_LabStudy,1,1,"-11.0,-0.0,0.5","-0.0,0.0,-0.0,-1.0","12.0,-0.0,0.0","-0.0,0.0,-0.0,-1.0",23.0,23.0,20.677000045776367,0,0,0,0,0,0,0,1.8300938214617804e-26,0.0,11.0,0.0,4.83481073550592e+21,3.725290298461914e-05,
0,navstack-1709204094664,navstack,frontal,HandCrafted,,,1709204112,362231731,"builtin_interfaces.msg.Time(sec=1709204099, nanosec=342232227)",120.0,Handcrafted_LabStudy,1,1,"-11.0,-0.0,0.5","-0.0,0.0,-0.0,-1.0","12.0,-0.0,0.0","-0.0,0.0,-0.0,-1.0",23.0,23.0,20.677000045776367,0,0,0,0,0,0,0,1.8300938214617804e-26,0.0,11.0,0.0,4.83481073550592e+21,3.725290298461914e-05,
0,navstack-1709204094664,navstack,frontal,HandCrafted,,,1709204112,382232189,"builtin_interfaces.msg.Time(sec=1709204099, nanosec=342232227)",120.0,Handcrafted_LabStudy,1,1,"-11.0,-0.0,0.5","-0.0,0.0,-0.0,-1.0","12.0,-0.0,0.0","-0.0,0.0,-0.0,-1.0",23.0,23.0,20.677000045776367,0,0,0,0,0,0,0,1.8300938214617804e-26,0.0,11.0,0.0,4.835373158848325e+21,3.725290298461914e-05,
0,navstack-1709204094664,navstack,frontal,HandCrafted,,,1709204112,382232189,"builtin_interfaces.msg.Time(sec=1709204099, nanosec=342232227)",120.0,Handcrafted_LabStudy,1,1,"-11.0,-0.0,0.5","-0.0,0.0,-0.0,-1.0","12.0,-0.0,0.0","-0.0,0.0,-0.0,-1.0",23.0,23.0,20.677000045776367,0,0,0,0,0,0,0,1.8300938214617804e-26,0.0,11.0,0.0,4.835373158848325e+21,3.725290298461914e-05,
0,navstack-1709204094664,navstack,frontal,HandCrafted,,,1709204112,402231693,"builtin_interfaces.msg.Time(sec=1709204099, nanosec=342232227)",120.0,Handcrafted_LabStudy,1,1,"-11.0,-0.0,0.5","-0.0,0.0,-0.0,-1.0","12.0,-0.0,0.0","-0.0,0.0,-0.0,-1.0",23.0,23.0,20.677000045776367,0,0,0,0,0,0,0,1.8300938214617804e-26,0.0,11.0,0.0,4.836945594915999e+21,3.725290298461914e-05,
0,navstack-1709204094664,navstack,frontal,HandCrafted,,,1709204112,402231693,"builtin_interfaces.msg.Time(sec=1709204099, nanosec=342232227)",120.0,Handcrafted_LabStudy,1,1,"-11.0,-0.0,0.5","-0.0,0.0,-0.0,-1.0","12.0,-0.0,0.0","-0.0,0.0,-0.0,-1.0",23.0,23.0,20.677000045776367,0,0,0,0,0,0,0,1.8300938214617804e-26,0.0,11.0,0.0,4.833659327594635e+21,3.725290298461914e-05,
0,navstack-1709204094664,navstack,frontal,HandCrafted,,,1709204112,422232151,"builtin_interfaces.msg.Time(sec=1709204099, nanosec=342232227)",120.0,Handcrafted_LabStudy,1,1,"-11.0,-0.0,0.5","-0.0,0.0,-0.0,-1.0","12.0,-0.0,0.0","-0.0,0.0,-0.0,-1.0",23.0,23.0,20.677000045776367,0,0,0,0,0,0,0,1.8300938214617804e-26,0.0,11.0,0.0,4.833845916804258e+21,3.725290298461914e-05,
0,navstack-1709204094664,navstack,frontal,HandCrafted,,,1709204112,422232151,"builtin_interfaces.msg.Time(sec=1709204099, nanosec=342232227)",120.0,Handcrafted_LabStudy,1,1,"-11.0,-0.0,0.5","-0.0,0.0,-0.0,-1.0","12.0,-0.0,0.0","-0.0,0.0,-0.0,-1.0",23.0,23.0,20.677000045776367,0,0,0,0,0,0,0,1.8300938214617804e-26,0.0,11.0,0.0,4.833845916804258e+21,3.725290298461914e-05,
0,navstack-1709204094664,navstack,frontal,HandCrafted,,,1709204112,442231655,"builtin_interfaces.msg.Time(sec=1709204099, nanosec=342232227)",120.0,Handcrafted_LabStudy,1,1,"-11.0,-0.0,0.5","-0.0,0.0,-0.0,-1.0","12.0,-0.0,0.0","-0.0,0.0,-0.0,-1.0",23.0,23.0,20.677000045776367,0,0,0,0,0,0,0,1.8300938214617804e-26,0.0,11.0,0.0,4.835192827792583e+21,3.725290298461914e-05,
0,navstack-1709204094664,navstack,frontal,HandCrafted,,,1709204112,462232112,"builtin_interfaces.msg.Time(sec=1709204099, nanosec=342232227)",120.0,Handcrafted_LabStudy,1,1,"-11.0,-0.0,0.5","-0.0,0.0,-0.0,-1.0","12.0,-0.0,0.0","-0.0,0.0,-0.0,-1.0",23.0,23.0,20.567523956298828,0,0,0,0,0,0,0,1.8300938214617804e-26,0.0,12.0,0.0,4.835741543995349e+21,7.450580596923828e-05,
0,navstack-1709204094664,navstack,frontal,HandCrafted,,,1709204112,462232112,"builtin_interfaces.msg.Time(sec=1709204099, nanosec=342232227)",120.0,Handcrafted_LabStudy,1,1,"-11.0,-0.0,0.5","-0.0,0.0,-0.0,-1.0","12.0,-0.0,0.0","-0.0,0.0,-0.0,-1.0",23.0,23.0,20.567523956298828,0,0,0,0,0,0,0,1.8300938214617804e-26,0.0,12.0,0.0,4.835741543995349e+21,3.725290298461914e-05,
0,navstack-1709204094664,navstack,frontal,HandCrafted,,,1709204112,482231378,"builtin_interfaces.msg.Time(sec=1709204099, nanosec=342232227)",120.0,Handcrafted_LabStudy,1,1,"-11.0,-0.0,0.5","-0.0,0.0,-0.0,-1.0","12.0,-0.0,0.0","-0.0,0.0,-0.0,-1.0",23.0,23.0,20.567523956298828,0,0,0,0,0,0,0,1.8300938214617804e-26,0.0,12.0,0.0,4.837219935125402e+21,3.725290298461914e-05,
0,navstack-1709204094664,navstack,frontal,HandCrafted,,,1709204112,522231340,"builtin_interfaces.msg.Time(sec=1709204099, nanosec=342232227)",120.0,Handcrafted_LabStudy,1,1,"-11.0,-0.0,0.5","-0.0,0.0,-0.0,-1.0","12.0,-0.0,0.0","-0.0,0.0,-0.0,-1.0",23.0,23.0,20.567523956298828,0,0,0,0,0,0,0,1.8300938214617804e-26,0.0,12.0,0.0,4.83814181400862e+21,3.725290298461914e-05,
0,navstack-1709204094664,navstack,frontal,HandCrafted,,,1709204112,542232036,"builtin_interfaces.msg.Time(sec=1709204099, nanosec=342232227)",120.0,Handcrafted_LabStudy,1,1,"-11.0,-0.0,0.5","-0.0,0.0,-0.0,-1.0","12.0,-0.0,0.0","-0.0,0.0,-0.0,-1.0",23.0,23.0,20.567523956298828,0,0,0,0,0,0,0,1.8300938214617804e-26,0.0,12.0,0.0,4.841492730496789e+21,3.725290298461914e-05,
0,navstack-1709204094664,navstack,frontal,HandCrafted,,,1709204112,542232036,"builtin_interfaces.msg.Time(sec=1709204099, nanosec=342232227)",120.0,Handcrafted_LabStudy,1,1,"-11.0,-0.0,0.5","-0.0,0.0,-0.0,-1.0","12.0,-0.0,0.0","-0.0,0.0,-0.0,-1.0",23.0,23.0,20.567523956298828,0,0,0,0,0,0,0,1.8300938214617804e-26,0.0,12.0,0.0,4.838285009133014e+21,3.725290298461914e-05,
0,navstack-1709204094664,navstack,frontal,HandCrafted,,,1709204112,542232036,"builtin_interfaces.msg.Time(sec=1709204099, nanosec=342232227)",120.0,Handcrafted_LabStudy,1,1,"-11.0,-0.0,0.5","-0.0,0.0,-0.0,-1.0","12.0,-0.0,0.0","-0.0,0.0,-0.0,-1.0",23.0,23.0,20.567523956298828,0,0,0,0,0,0,0,1.8300938214617804e-26,0.0,12.0,0.0,4.835023244265776e+21,0.0,
0,navstack-1709204094664,navstack,frontal,HandCrafted,,,1709204112,562231540,"builtin_interfaces.msg.Time(sec=1709204099, nanosec=342232227)",120.0,Handcrafted_LabStudy,1,1,"-11.0,-0.0,0.5","-0.0,0.0,-0.0,-1.0","12.0,-0.0,0.0","-0.0,0.0,-0.0,-1.0",23.0,23.0,20.567523956298828,0,0,0,0,0,0,0,1.8300938214617804e-26,0.0,12.0,0.0,4.838815007938926e+21,3.725290298461914e-05,
0,navstack-1709204094664,navstack,frontal,HandCrafted,,,1709204112,582231998,"builtin_interfaces.msg.Time(sec=1709204099, nanosec=342232227)",120.0,Handcrafted_LabStudy,1,1,"-11.0,-0.0,0.5","-0.0,0.0,-0.0,-1.0","12.0,-0.0,0.0","-0.0,0.0,-0.0,-1.0",23.0,23.0,20.567523956298828,0,0,0,0,0,0,0,1.8300938214617804e-26,0.0,12.0,0.0,4.83977359981068e+21,7.450580596923828e-05,
0,navstack-1709204094664,navstack,frontal,HandCrafted,,,1709204112,582231998,"builtin_interfaces.msg.Time(sec=1709204099, nanosec=342232227)",120.0,Handcrafted_LabStudy,1,1,"-11.0,-0.0,0.5","-0.0,0.0,-0.0,-1.0","12.0,-0.0,0.0","-0.0,0.0,-0.0,-1.0",23.0,23.0,20.567523956298828,0,0,0,0,0,0,0,1.8300938214617804e-26,0.0,12.0,0.0,4.83977359981068e+21,3.725290298461914e-05,
0,navstack-1709204094664,navstack,frontal,HandCrafted,,,1709204112,602231502,"builtin_interfaces.msg.Time(sec=1709204099, nanosec=342232227)",120.0,Handcrafted_LabStudy,1,1,"-11.0,-0.0,0.5","-0.0,0.0,-0.0,-1.0","12.0,-0.0,0.0","-0.0,0.0,-0.0,-1.0",23.0,23.0,20.567523956298828,0,0,0,0,0,0,0,1.8300938214617804e-26,0.0,12.0,0.0,4.841505389169542e+21,3.725290298461914e-05,
0,navstack-1709204094664,navstack,frontal,HandCrafted,,,1709204112,602231502,"builtin_interfaces.msg.Time(sec=1709204099, nanosec=342232227)",120.0,Handcrafted_LabStudy,1,1,"-11.0,-0.0,0.5","-0.0,0.0,-0.0,-1.0","12.0,-0.0,0.0","-0.0,0.0,-0.0,-1.0",23.0,23.0,20.567523956298828,0,0,0,0,0,0,0,1.8300938214617804e-26,0.0,12.0,0.0,4.838294035197129e+21,3.725290298461914e-05,
0,navstack-1709204094664,navstack,frontal,HandCrafted,,,1709204112,602231502,"builtin_interfaces.msg.Time(sec=1709204099, nanosec=342232227)",120.0,Handcrafted_LabStudy,1,1,"-11.0,-0.0,0.5","-0.0,0.0,-0.0,-1.0","12.0,-0.0,0.0","-0.0,0.0,-0.0,-1.0",23.0,23.0,20.567523956298828,0,0,0,0,0,0,0,1.8300938214617804e-26,0.0,12.0,0.0,4.838294035197129e+21,0.0,
0,navstack-1709204094664,navstack,frontal,HandCrafted,,,1709204112,622231960,"builtin_interfaces.msg.Time(sec=1709204099, nanosec=342232227)",120.0,Handcrafted_LabStudy,1,1,"-11.0,-0.0,0.5","-0.0,0.0,-0.0,-1.0","12.0,-0.0,0.0","-0.0,0.0,-0.0,-1.0",23.0,23.0,20.567523956298828,0,0,0,0,0,0,0,1.8300938214617804e-26,0.0,12.0,0.0,4.841302210044708e+21,3.725290298461914e-05,
0,navstack-1709204094664,navstack,frontal,HandCrafted,,,1709204112,622231960,"builtin_interfaces.msg.Time(sec=1709204099, nanosec=342232227)",120.0,Handcrafted_LabStudy,1,1,"-11.0,-0.0,0.5","-0.0,0.0,-0.0,-1.0","12.0,-0.0,0.0","-0.0,0.0,-0.0,-1.0",23.0,23.0,20.567523956298828,0,0,0,0,0,0,0,1.8300938214617804e-26,0.0,12.0,0.0,4.838096540965874e+21,3.725290298461914e-05,
0,navstack-1709204094664,navstack,frontal,HandCrafted,,,1709204112,642231464,"builtin_interfaces.msg.Time(sec=1709204099, nanosec=342232227)",120.0,Handcrafted_LabStudy,1,1,"-11.0,-0.0,0.5","-0.0,0.0,-0.0,-1.0","12.0,-0.0,0.0","-0.0,0.0,-0.0,-1.0",23.0,23.0,20.567523956298828,0,0,0,0,0,0,0,1.8300938214617804e-26,0.0,12.0,0.0,4.838928575207656e+21,3.725290298461914e-05,
0,navstack-1709204094664,navstack,frontal,HandCrafted,,,1709204112,642231464,"builtin_interfaces.msg.Time(sec=1709204099, nanosec=342232227)",120.0,Handcrafted_LabStudy,1,1,"-11.0,-0.0,0.5","-0.0,0.0,-0.0,-1.0","12.0,-0.0,0.0","-0.0,0.0,-0.0,-1.0",23.0,23.0,20.567523956298828,0,0,0,0,0,0,0,1.8300938214617804e-26,0.0,12.0,0.0,4.842124536026174e+21,3.725290298461914e-05,
0,navstack-1709204094664,navstack,frontal,HandCrafted,,,1709204112,642231464,"builtin_interfaces.msg.Time(sec=1709204099, nanosec=342232227)",120.0,Handcrafted_LabStudy,1,1,"-11.0,-0.0,0.5","-0.0,0.0,-0.0,-1.0","12.0,-0.0,0.0","-0.0,0.0,-0.0,-1.0",23.0,23.0,20.567523956298828,0,0,0,0,0,0,0,1.8300938214617804e-26,0.0,12.0,0.0,4.842124536026174e+21,0.0,
0,navstack-1709204094664,navstack,frontal,HandCrafted,,,1709204112,662231922,"builtin_interfaces.msg.Time(sec=1709204099, nanosec=342232227)",120.0,Handcrafted_LabStudy,1,1,"-11.0,-0.0,0.5","-0.0,0.0,-0.0,-1.0","12.0,-0.0,0.0","-0.0,0.0,-0.0,-1.0",23.0,23.0,20.567523956298828,0,0,0,0,0,0,0,1.8300938214617804e-26,0.0,12.0,0.0,4.839450364932372e+21,3.725290298461914e-05,
0,navstack-1709204094664,navstack,frontal,HandCrafted,,,1709204112,662231922,"builtin_interfaces.msg.Time(sec=1709204099, nanosec=342232227)",120.0,Handcrafted_LabStudy,1,1,"-11.0,-0.0,0.5","-0.0,0.0,-0.0,-1.0","12.0,-0.0,0.0","-0.0,0.0,-0.0,-1.0",23.0,23.0,20.567523956298828,0,0,0,0,0,0,0,1.8300938214617804e-26,0.0,12.0,0.0,4.842634485019318e+21,3.725290298461914e-05,
0,navstack-1709204094664,navstack,frontal,HandCrafted,,,1709204112,682232379,"builtin_interfaces.msg.Time(sec=1709204099, nanosec=342232227)",120.0,Handcrafted_LabStudy,1,1,"-11.0,-0.0,0.5","-0.0,0.0,-0.0,-1.0","12.0,-0.0,0.0","-0.0,0.0,-0.0,-1.0",23.0,23.0,20.567523956298828,0,0,0,0,0,0,0,1.8300938214617804e-26,0.0,12.0,0.0,4.843397378818179e+21,3.725290298461914e-05,
0,navstack-1709204094664,navstack,frontal,HandCrafted,,,1709204112,682232379,"builtin_interfaces.msg.Time(sec=1709204099, nanosec=342232227)",120.0,Handcrafted_LabStudy,1,1,"-11.0,-0.0,0.5","-0.0,0.0,-0.0,-1.0","12.0,-0.0,0.0","-0.0,0.0,-0.0,-1.0",23.0,23.0,20.567523956298828,0,0,0,0,0,0,0,1.8300938214617804e-26,0.0,12.0,0.0,4.843397378818179e+21,3.725290298461914e-05,
0,navstack-1709204094664,navstack,frontal,HandCrafted,,,1709204112,702231884,"builtin_interfaces.msg.Time(sec=1709204099, nanosec=342232227)",120.0,Handcrafted_LabStudy,1,1,"-11.0,-0.0,0.5","-0.0,0.0,-0.0,-1.0","12.0,-0.0,0.0","-0.0,0.0,-0.0,-1.0",23.0,23.0,20.567523956298828,0,0,0,0,0,0,0,1.8300938214617804e-26,0.0,12.0,0.0,4.844195589764922e+21,3.725290298461914e-05,
0,navstack-1709204094664,navstack,frontal,HandCrafted,,,1709204112,702231884,"builtin_interfaces.msg.Time(sec=1709204099, nanosec=342232227)",120.0,Handcrafted_LabStudy,1,1,"-11.0,-0.0,0.5","-0.0,0.0,-0.0,-1.0","12.0,-0.0,0.0","-0.0,0.0,-0.0,-1.0",23.0,23.0,20.567523956298828,0,0,0,0,0,0,0,1.8300938214617804e-26,0.0,12.0,0.0,4.841040543714649e+21,3.725290298461914e-05,
0,navstack-1709204094664,navstack,frontal,HandCrafted,,,1709204112,702231884,"builtin_interfaces.msg.Time(sec=1709204099, nanosec=342232227)",120.0,Handcrafted_LabStudy,1,1,"-11.0,-0.0,0.5","-0.0,0.0,-0.0,-1.0","12.0,-0.0,0.0","-0.0,0.0,-0.0,-1.0",23.0,23.0,20.567523956298828,0,0,0,0,0,0,0,1.8300938214617804e-26,0.0,12.0,0.0,4.841040543714649e+21,0.0,
0,navstack-1709204094664,navstack,frontal,HandCrafted,,,1709204112,722232103,"builtin_interfaces.msg.Time(sec=1709204099, nanosec=342232227)",120.0,Handcrafted_LabStudy,1,1,"-11.0,-0.0,0.5","-0.0,0.0,-0.0,-1.0","12.0,-0.0,0.0","-0.0,0.0,-0.0,-1.0",23.0,23.0,20.567523956298828,0,0,0,0,0,0,0,1.8300938214617804e-26,0.0,12.0,0.0,4.841587828060397e+21,3.725290298461914e-05,
0,navstack-1709204094664,navstack,frontal,HandCrafted,,,1709204112,722232103,"builtin_interfaces.msg.Time(sec=1709204099, nanosec=342232227)",120.0,Handcrafted_LabStudy,1,1,"-11.0,-0.0,0.5","-0.0,0.0,-0.0,-1.0","12.0,-0.0,0.0","-0.0,0.0,-0.0,-1.0",23.0,23.0,20.567523956298828,0,0,0,0,0,0,0,1.8300938214617804e-26,0.0,12.0,0.0,4.841587828060397e+21,3.725290298461914e-05,
0,navstack-1709204094664,navstack,frontal,HandCrafted,,,1709204112,742231607,"builtin_interfaces.msg.Time(sec=1709204099, nanosec=342232227)",120.0,Handcrafted_LabStudy,1,1,"-11.0,-0.0,0.5","-0.0,0.0,-0.0,-1.0","12.0,-0.0,0.0","-0.0,0.0,-0.0,-1.0",23.0,23.0,20.567523956298828,0,0,0,0,0,0,0,1.8300938214617804e-26,0.0,12.0,0.0,4.84237281868926e+21,3.725290298461914e-05,
0,navstack-1709204094664,navstack,frontal,HandCrafted,,,1709204112,742231607,"builtin_interfaces.msg.Time(sec=1709204099, nanosec=342232227)",120.0,Handcrafted_LabStudy,1,1,"-11.0,-0.0,0.5","-0.0,0.0,-0.0,-1.0","12.0,-0.0,0.0","-0.0,0.0,-0.0,-1.0",23.0,23.0,20.567523956298828,0,0,0,0,0,0,0,1.8300938214617804e-26,0.0,12.0,0.0,4.84237281868926e+21,3.725290298461914e-05,
0,navstack-1709204094664,navstack,frontal,HandCrafted,,,1709204112,762232065,"builtin_interfaces.msg.Time(sec=1709204099, nanosec=342232227)",120.0,Handcrafted_LabStudy,1,1,"-11.0,-0.0,0.5","-0.0,0.0,-0.0,-1.0","12.0,-0.0,0.0","-0.0,0.0,-0.0,-1.0",23.0,23.0,20.567523956298828,0,0,0,0,0,0,0,1.8300938214617804e-26,0.0,12.0,0.0,4.843782891805707e+21,3.725290298461914e-05,
0,navstack-1709204094664,navstack,frontal,HandCrafted,,,1709204112,762232065,"builtin_interfaces.msg.Time(sec=1709204099, nanosec=342232227)",120.0,Handcrafted_LabStudy,1,1,"-11.0,-0.0,0.5","-0.0,0.0,-0.0,-1.0","12.0,-0.0,0.0","-0.0,0.0,-0.0,-1.0",23.0,23.0,20.567523956298828,0,0,0,0,0,0,0,1.8300938214617804e-26,0.0,12.0,0.0,4.843782891805707e+21,3.725290298461914e-05,
0,navstack-1709204094664,navstack,frontal,HandCrafted,,,1709204112,782231807,"builtin_interfaces.msg.Time(sec=1709204099, nanosec=342232227)",120.0,Handcrafted_LabStudy,1,1,"-11.0,-0.0,0.5","-0.0,0.0,-0.0,-1.0","12.0,-0.0,0.0","-0.0,0.0,-0.0,-1.0",23.0,23.0,20.567523956298828,0,0,0,0,0,0,0,1.8300938214617804e-26,0.0,12.0,0.0,4.844662484589144e+21,3.725290298461914e-05,
0,navstack-1709204094664,navstack,frontal,HandCrafted,,,1709204112,782231807,"builtin_interfaces.msg.Time(sec=1709204099, nanosec=342232227)",120.0,Handcrafted_LabStudy,1,1,"-11.0,-0.0,0.5","-0.0,0.0,-0.0,-1.0","12.0,-0.0,0.0","-0.0,0.0,-0.0,-1.0",23.0,23.0,20.567523956298828,0,0,0,0,0,0,0,1.8300938214617804e-26,0.0,12.0,0.0,4.844662484589144e+21,3.725290298461914e-05,
0,navstack-1709204094664,navstack,frontal,HandCrafted,,,1709204112,802232265,"builtin_interfaces.msg.Time(sec=1709204099, nanosec=342232227)",120.0,Handcrafted_LabStudy,1,1,"-11.0,-0.0,0.5","-0.0,0.0,-0.0,-1.0","12.0,-0.0,0.0","-0.0,0.0,-0.0,-1.0",23.0,23.0,20.567523956298828,0,0,0,0,0,0,0,1.8300938214617804e-26,0.0,12.0,0.0,4.846137702281429e+21,3.725290298461914e-05,
0,navstack-1709204094664,navstack,frontal,HandCrafted,,,1709204112,802232265,"builtin_interfaces.msg.Time(sec=1709204099, nanosec=342232227)",120.0,Handcrafted_LabStudy,1,1,"-11.0,-0.0,0.5","-0.0,0.0,-0.0,-1.0","12.0,-0.0,0.0","-0.0,0.0,-0.0,-1.0",23.0,23.0,20.567523956298828,0,0,0,0,0,0,0,1.8300938214617804e-26,0.0,12.0,0.0,4.846137702281429e+21,3.725290298461914e-05,
0,navstack-1709204094664,navstack,frontal,HandCrafted,,,1709204112,802232265,"builtin_interfaces.msg.Time(sec=1709204099, nanosec=342232227)",120.0,Handcrafted_LabStudy,1,1,"-11.0,-0.0,0.5","-0.0,0.0,-0.0,-1.0","12.0,-0.0,0.0","-0.0,0.0,-0.0,-1.0",23.0,23.0,20.567523956298828,0,0,0,0,0,0,0,1.8300938214617804e-26,0.0,12.0,0.0,4.846137702281429e+21,0.0,
0,navstack-1709204094664,navstack,frontal,HandCrafted,,,1709204112,822231769,"builtin_interfaces.msg.Time(sec=1709204099, nanosec=342232227)",120.0,Handcrafted_LabStudy,1,1,"-11.0,-0.0,0.5","-0.0,0.0,-0.0,-1.0","12.0,-0.0,0.0","-0.0,0.0,-0.0,-1.0",23.0,23.0,20.567523956298828,0,0,0,0,0,0,0,1.8300938214617804e-26,0.0,12.0,0.0,4.846775311936557e+21,3.725290298461914e-05,
0,navstack-1709204094664,navstack,frontal,HandCrafted,,,1709204112,842232227,"builtin_interfaces.msg.Time(sec=1709204099, nanosec=342232227)",120.0,Handcrafted_LabStudy,1,1,"-11.0,-0.0,0.5","-0.0,0.0,-0.0,-1.0","12.0,-0.0,0.0","-0.0,0.0,-0.0,-1.0",23.0,23.0,20.567523956298828,0,0,0,0,0,0,0,1.8300938214617804e-26,0.0,12.0,0.0,4.844294970725252e+21,7.450580596923828e-05,
0,navstack-1709204094664,navstack,frontal,HandCrafted,,,1709204112,862231731,"builtin_interfaces.msg.Time(sec=1709204099, nanosec=342232227)",120.0,Handcrafted_LabStudy,1,1,"-11.0,-0.0,0.5","-0.0,0.0,-0.0,-1.0","12.0,-0.0,0.0","-0.0,0.0,-0.0,-1.0",23.0,23.0,20.567523956298828,0,0,0,0,0,0,0,1.8300938214617804e-26,0.0,12.0,0.0,4.845944136535194e+21,7.450580596923828e-05,
0,navstack-1709204094664,navstack,frontal,HandCrafted,,,1709204112,882232189,"builtin_interfaces.msg.Time(sec=1709204099, nanosec=342232227)",120.0,Handcrafted_LabStudy,1,1,"-11.0,-0.0,0.5","-0.0,0.0,-0.0,-1.0","12.0,-0.0,0.0","-0.0,0.0,-0.0,-1.0",23.0,23.0,20.567523956298828,0,0,0,0,0,0,0,1.8300938214617804e-26,0.0,12.0,0.0,4.84768762184353e+21,7.450580596923828e-05,
0,navstack-1709204094664,navstack,frontal,HandCrafted,,,1709204112,902231693,"builtin_interfaces.msg.Time(sec=1709204099, nanosec=342232227)",120.0,Handcrafted_LabStudy,1,1,"-11.0,-0.0,0.5","-0.0,0.0,-0.0,-1.0","12.0,-0.0,0.0","-0.0,0.0,-0.0,-1.0",23.0,23.0,20.567523956298828,0,0,0,0,0,0,0,1.8300938214617804e-26,0.0,12.0,0.0,4.844550635059825e+21,7.450580596923828e-05,
0,navstack-1709204094664,navstack,frontal,HandCrafted,,,1709204112,902231693,"builtin_interfaces.msg.Time(sec=1709204099, nanosec=342232227)",120.0,Handcrafted_LabStudy,1,1,"-11.0,-0.0,0.5","-0.0,0.0,-0.0,-1.0","12.0,-0.0,0.0","-0.0,0.0,-0.0,-1.0",23.0,23.0,20.567523956298828,0,0,0,0,0,0,0,1.8300938214617804e-26,0.0,12.0,0.0,4.844550635059825e+21,3.725290298461914e-05,
0,navstack-1709204094664,navstack,frontal,HandCrafted,,,1709204112,902231693,"builtin_interfaces.msg.Time(sec=1709204099, nanosec=342232227)",120.0,Handcrafted_LabStudy,1,1,"-11.0,-0.0,0.5","-0.0,0.0,-0.0,-1.0","12.0,-0.0,0.0","-0.0,0.0,-0.0,-1.0",23.0,23.0,20.567523956298828,0,0,0,0,0,0,0,1.8300938214617804e-26,0.0,12.0,0.0,4.844550635059825e+21,0.0,
0,navstack-1709204094664,navstack,frontal,HandCrafted,,,1709204112,922232151,"builtin_interfaces.msg.Time(sec=1709204099, nanosec=342232227)",120.0,Handcrafted_LabStudy,1,1,"-11.0,-0.0,0.5","-0.0,0.0,-0.0,-1.0","12.0,-0.0,0.0","-0.0,0.0,-0.0,-1.0",23.0,23.0,20.567523956298828,0,0,0,0,0,0,0,1.8300938214617804e-26,0.0,12.0,0.0,4.845803157736795e+21,3.725290298461914e-05,
0,navstack-1709204094664,navstack,frontal,HandCrafted,,,1709204112,922232151,"builtin_interfaces.msg.Time(sec=1709204099, nanosec=342232227)",120.0,Handcrafted_LabStudy,1,1,"-11.0,-0.0,0.5","-0.0,0.0,-0.0,-1.0","12.0,-0.0,0.0","-0.0,0.0,-0.0,-1.0",23.0,23.0,20.567523956298828,0,0,0,0,0,0,0,1.8300938214617804e-26,0.0,12.0,0.0,4.848840055965074e+21,3.725290298461914e-05,
0,navstack-1709204094664,navstack,frontal,HandCrafted,,,1709204112,942231655,"builtin_interfaces.msg.Time(sec=1709204099, nanosec=342232227)",120.0,Handcrafted_LabStudy,1,1,"-11.0,-0.0,0.5","-0.0,0.0,-0.0,-1.0","12.0,-0.0,0.0","-0.0,0.0,-0.0,-1.0",23.0,23.0,20.567523956298828,0,0,0,0,0,0,0,1.8300938214617804e-26,0.0,12.0,0.0,4.84585007347537e+21,3.725290298461914e-05,
0,navstack-1709204094664,navstack,frontal,HandCrafted,,,1709204112,942231655,"builtin_interfaces.msg.Time(sec=1709204099, nanosec=342232227)",120.0,Handcrafted_LabStudy,1,1,"-11.0,-0.0,0.5","-0.0,0.0,-0.0,-1.0","12.0,-0.0,0.0","-0.0,0.0,-0.0,-1.0",23.0,23.0,20.567523956298828,0,0,0,0,0,0,0,1.8300938214617804e-26,0.0,12.0,0.0,4.84585007347537e+21,3.725290298461914e-05,
0,navstack-1709204094664,navstack,frontal,HandCrafted,,,1709204112,942231655,"builtin_interfaces.msg.Time(sec=1709204099, nanosec=342232227)",120.0,Handcrafted_LabStudy,1,1,"-11.0,-0.0,0.5","-0.0,0.0,-0.0,-1.0","12.0,-0.0,0.0","-0.0,0.0,-0.0,-1.0",23.0,23.0,20.567523956298828,0,0,0,0,0,0,0,1.8300938214617804e-26,0.0,12.0,0.0,4.84585007347537e+21,0.0,
0,navstack-1709204094664,navstack,frontal,HandCrafted,,,1709204112,962232112,"builtin_interfaces.msg.Time(sec=1709204099, nanosec=342232227)",120.0,Handcrafted_LabStudy,1,1,"-11.0,-0.0,0.5","-0.0,0.0,-0.0,-1.0","12.0,-0.0,0.0","-0.0,0.0,-0.0,-1.0",23.0,23.0,20.567523956298828,0,0,0,0,0,0,0,1.8300938214617804e-26,0.0,12.0,0.0,4.847092077822868e+21,3.725290298461914e-05,
0,navstack-1709204094664,navstack,frontal,HandCrafted,,,1709204112,962232112,"builtin_interfaces.msg.Time(sec=1709204099, nanosec=342232227)",120.0,Handcrafted_LabStudy,1,1,"-11.0,-0.0,0.5","-0.0,0.0,-0.0,-1.0","12.0,-0.0,0.0","-0.0,0.0,-0.0,-1.0",23.0,23.0,20.567523956298828,0,0,0,0,0,0,0,1.8300938214617804e-26,0.0,12.0,0.0,4.847092077822868e+21,3.725290298461914e-05,
0,navstack-1709204094664,navstack,frontal,HandCrafted,,,1709204112,982231378,"builtin_interfaces.msg.Time(sec=1709204099, nanosec=342232227)",120.0,Handcrafted_LabStudy,1,1,"-11.0,-0.0,0.5","-0.0,0.0,-0.0,-1.0","12.0,-0.0,0.0","-0.0,0.0,-0.0,-1.0",23.0,23.0,20.567523956298828,0,0,0,0,0,0,0,1.8300938214617804e-26,0.0,12.0,0.0,4.84778366793788e+21,3.725290298461914e-05,
0,navstack-1709204094664,navstack,frontal,HandCrafted,,,1709204112,982231378,"builtin_interfaces.msg.Time(sec=1709204099, nanosec=342232227)",120.0,Handcrafted_LabStudy,1,1,"-11.0,-0.0,0.5","-0.0,0.0,-0.0,-1.0","12.0,-0.0,0.0","-0.0,0.0,-0.0,-1.0",23.0,23.0,20.567523956298828,0,0,0,0,0,0,0,1.8300938214617804e-26,0.0,12.0,0.0,4.84778366793788e+21,3.725290298461914e-05,
0,navstack-1709204094664,navstack,frontal,HandCrafted,,,1709204112,982231378,"builtin_interfaces.msg.Time(sec=1709204099, nanosec=342232227)",120.0,Handcrafted_LabStudy,1,1,"-11.0,-0.0,0.5","-0.0,0.0,-0.0,-1.0","12.0,-0.0,0.0","-0.0,0.0,-0.0,-1.0",23.0,23.0,20.567523956298828,0,0,0,0,0,0,0,1.8300938214617804e-26,0.0,12.0,0.0,4.84778366793788e+21,0.0,
0,navstack-1709204094664,navstack,frontal,HandCrafted,,,1709204113,2231836,"builtin_interfaces.msg.Time(sec=1709204099, nanosec=342232227)",120.0,Handcrafted_LabStudy,1,1,"-11.0,-0.0,0.5","-0.0,0.0,-0.0,-1.0","12.0,-0.0,0.0","-0.0,0.0,-0.0,-1.0",23.0,23.0,20.567523956298828,0,0,0,0,0,0,0,1.8300938214617804e-26,0.0,12.0,0.0,4.849078820885477e+21,3.725290298461914e-05,
0,navstack-1709204094664,navstack,frontal,HandCrafted,,,1709204113,2231836,"builtin_interfaces.msg.Time(sec=1709204099, nanosec=342232227)",120.0,Handcrafted_LabStudy,1,1,"-11.0,-0.0,0.5","-0.0,0.0,-0.0,-1.0","12.0,-0.0,0.0","-0.0,0.0,-0.0,-1.0",23.0,23.0,20.567523956298828,0,0,0,0,0,0,0,1.8300938214617804e-26,0.0,12.0,0.0,4.849078820885477e+21,3.725290298461914e-05,
0,navstack-1709204094664,navstack,frontal,HandCrafted,,,1709204113,22231340,"builtin_interfaces.msg.Time(sec=1709204099, nanosec=342232227)",120.0,Handcrafted_LabStudy,1,1,"-11.0,-0.0,0.5","-0.0,0.0,-0.0,-1.0","12.0,-0.0,0.0","-0.0,0.0,-0.0,-1.0",23.0,23.0,20.567523956298828,0,0,0,0,0,0,0,1.8300938214617804e-26,0.0,12.0,0.0,4.84980551065288e+21,3.725290298461914e-05,
0,navstack-1709204094664,navstack,frontal,HandCrafted,,,1709204113,22231340,"builtin_interfaces.msg.Time(sec=1709204099, nanosec=342232227)",120.0,Handcrafted_LabStudy,1,1,"-11.0,-0.0,0.5","-0.0,0.0,-0.0,-1.0","12.0,-0.0,0.0","-0.0,0.0,-0.0,-1.0",23.0,23.0,20.567523956298828,0,0,0,0,0,0,0,1.8300938214617804e-26,0.0,12.0,0.0,4.846808832590603e+21,3.725290298461914e-05,
0,navstack-1709204094664,navstack,frontal,HandCrafted,,,1709204113,42232036,"builtin_interfaces.msg.Time(sec=1709204099, nanosec=342232227)",120.0,Handcrafted_LabStudy,1,1,"-11.0,-0.0,0.5","-0.0,0.0,-0.0,-1.0","12.0,-0.0,0.0","-0.0,0.0,-0.0,-1.0",23.0,23.0,20.567523956298828,0,0,0,0,0,0,0,1.8300938214617804e-26,0.0,12.0,0.0,4.84747519631979e+21,3.725290298461914e-05,
0,navstack-1709204094664,navstack,frontal,HandCrafted,,,1709204113,62231540,"builtin_interfaces.msg.Time(sec=1709204099, nanosec=342232227)",120.0,Handcrafted_LabStudy,1,1,"-11.0,-0.0,0.5","-0.0,0.0,-0.0,-1.0","12.0,-0.0,0.0","-0.0,0.0,-0.0,-1.0",23.0,23.0,20.567523956298828,0,0,0,0,0,0,0,1.8300938214617804e-26,0.0,12.0,0.0,4.848668544795214e+21,7.450580596923828e-05,
0,navstack-1709204094664,navstack,frontal,HandCrafted,,,1709204113,62231540,"builtin_interfaces.msg.Time(sec=1709204099, nanosec=342232227)",120.0,Handcrafted_LabStudy,1,1,"-11.0,-0.0,0.5","-0.0,0.0,-0.0,-1.0","12.0,-0.0,0.0","-0.0,0.0,-0.0,-1.0",23.0,23.0,20.567523956298828,0,0,0,0,0,0,0,1.8300938214617804e-26,0.0,12.0,0.0,4.848668544795214e+21,3.725290298461914e-05,
0,navstack-1709204094664,navstack,frontal,HandCrafted,,,1709204113,62231540,"builtin_interfaces.msg.Time(sec=1709204099, nanosec=342232227)",120.0,Handcrafted_LabStudy,1,1,"-11.0,-0.0,0.5","-0.0,0.0,-0.0,-1.0","12.0,-0.0,0.0","-0.0,0.0,-0.0,-1.0",23.0,23.0,20.567523956298828,0,0,0,0,0,0,0,1.8300938214617804e-26,0.0,12.0,0.0,4.848668544795214e+21,0.0,
0,navstack-1709204094664,navstack,frontal,HandCrafted,,,1709204113,82231998,"builtin_interfaces.msg.Time(sec=1709204099, nanosec=342232227)",120.0,Handcrafted_LabStudy,1,1,"-11.0,-0.0,0.5","-0.0,0.0,-0.0,-1.0","12.0,-0.0,0.0","-0.0,0.0,-0.0,-1.0",23.0,23.0,20.567523956298828,0,0,0,0,0,0,0,1.8300938214617804e-26,0.0,12.0,0.0,4.850106741495521e+21,3.725290298461914e-05,
0,navstack-1709204094664,navstack,frontal,HandCrafted,,,1709204113,102231502,"builtin_interfaces.msg.Time(sec=1709204099, nanosec=342232227)",120.0,Handcrafted_LabStudy,1,1,"-11.0,-0.0,0.5","-0.0,0.0,-0.0,-1.0","12.0,-0.0,0.0","-0.0,0.0,-0.0,-1.0",23.0,23.0,20.567523956298828,0,0,0,0,0,0,0,1.8300938214617804e-26,0.0,12.0,0.0,4.847301038929105e+21,7.450580596923828e-05,
0,navstack-1709204094664,navstack,frontal,HandCrafted,,,1709204113,122231960,"builtin_interfaces.msg.Time(sec=1709204099, nanosec=342232227)",120.0,Handcrafted_LabStudy,1,1,"-11.0,-0.0,0.5","-0.0,0.0,-0.0,-1.0","12.0,-0.0,0.0","-0.0,0.0,-0.0,-1.0",23.0,23.0,20.567523956298828,0,0,0,0,0,0,0,1.8300938214617804e-26,0.0,12.0,0.0,4.84992715470009e+21,7.450580596923828e-05,
0,navstack-1709204094664,navstack,frontal,HandCrafted,,,1709204113,122231960,"builtin_interfaces.msg.Time(sec=1709204099, nanosec=342232227)",120.0,Handcrafted_LabStudy,1,1,"-11.0,-0.0,0.5","-0.0,0.0,-0.0,-1.0","12.0,-0.0,0.0","-0.0,0.0,-0.0,-1.0",23.0,23.0,20.567523956298828,0,0,0,0,0,0,0,1.8300938214617804e-26,0.0,12.0,0.0,4.852865536743445e+21,3.725290298461914e-05,
0,navstack-1709204094664,navstack,frontal,HandCrafted,,,1709204113,122231960,"builtin_interfaces.msg.Time(sec=1709204099, nanosec=342232227)",120.0,Handcrafted_LabStudy,1,1,"-11.0,-0.0,0.5","-0.0,0.0,-0.0,-1.0","12.0,-0.0,0.0","-0.0,0.0,-0.0,-1.0",23.0,23.0,20.567523956298828,0,0,0,0,0,0,0,1.8300938214617804e-26,0.0,12.0,0.0,4.849927496770175e+21,0.0,
0,navstack-1709204094664,navstack,frontal,HandCrafted,,,1709204113,142231464,"builtin_interfaces.msg.Time(sec=1709204099, nanosec=342232227)",120.0,Handcrafted_LabStudy,1,1,"-11.0,-0.0,0.5","-0.0,0.0,-0.0,-1.0","12.0,-0.0,0.0","-0.0,0.0,-0.0,-1.0",23.0,23.0,20.567523956298828,0,0,0,0,0,0,0,1.8300938214617804e-26,0.0,12.0,0.0,4.853099085936714e+21,3.725290298461914e-05,
0,navstack-1709204094664,navstack,frontal,HandCrafted,,,1709204113,142231464,"builtin_interfaces.msg.Time(sec=1709204099, nanosec=342232227)",120.0,Handcrafted_LabStudy,1,1,"-11.0,-0.0,0.5","-0.0,0.0,-0.0,-1.0","12.0,-0.0,0.0","-0.0,0.0,-0.0,-1.0",23.0,23.0,20.567523956298828,0,0,0,0,0,0,0,1.8300938214617804e-26,0.0,12.0,0.0,4.850171501467471e+21,3.725290298461914e-05,
0,navstack-1709204094664,navstack,frontal,HandCrafted,,,1709204113,162231922,"builtin_interfaces.msg.Time(sec=1709204099, nanosec=342232227)",120.0,Handcrafted_LabStudy,1,1,"-11.0,-0.0,0.5","-0.0,0.0,-0.0,-1.0","12.0,-0.0,0.0","-0.0,0.0,-0.0,-1.0",23.0,23.0,20.567523956298828,0,0,0,0,0,0,0,1.8300938214617804e-26,0.0,12.0,0.0,4.853961187230623e+21,3.725290298461914e-05,
0,navstack-1709204094664,navstack,frontal,HandCrafted,,,1709204113,162231922,"builtin_interfaces.msg.Time(sec=1709204099, nanosec=342232227)",120.0,Handcrafted_LabStudy,1,1,"-11.0,-0.0,0.5","-0.0,0.0,-0.0,-1.0","12.0,-0.0,0.0","-0.0,0.0,-0.0,-1.0",23.0,23.0,20.567523956298828,0,0,0,0,0,0,0,1.8300938214617804e-26,0.0,12.0,0.0,4.851044355602719e+21,3.725290298461914e-05,
0,navstack-1709204094664,navstack,frontal,HandCrafted,,,1709204113,182232379,"builtin_interfaces.msg.Time(sec=1709204099, nanosec=342232227)",120.0,Handcrafted_LabStudy,1,1,"-11.0,-0.0,0.5","-0.0,0.0,-0.0,-1.0","12.0,-0.0,0.0","-0.0,0.0,-0.0,-1.0",23.0,23.0,20.567523956298828,0,0,0,0,0,0,0,1.8300938214617804e-26,0.0,12.0,0.0,4.85127357848113e+21,3.725290298461914e-05,
0,navstack-1709204094664,navstack,frontal,HandCrafted,,,1709204113,182232379,"builtin_interfaces.msg.Time(sec=1709204099, nanosec=342232227)",120.0,Handcrafted_LabStudy,1,1,"-11.0,-0.0,0.5","-0.0,0.0,-0.0,-1.0","12.0,-0.0,0.0","-0.0,0.0,-0.0,-1.0",23.0,23.0,20.567523956298828,0,0,0,0,0,0,0,1.8300938214617804e-26,0.0,12.0,0.0,4.85127357848113e+21,3.725290298461914e-05,
0,navstack-1709204094664,navstack,frontal,HandCrafted,,,1709204113,182232379,"builtin_interfaces.msg.Time(sec=1709204099, nanosec=342232227)",120.0,Handcrafted_LabStudy,1,1,"-11.0,-0.0,0.5","-0.0,0.0,-0.0,-1.0","12.0,-0.0,0.0","-0.0,0.0,-0.0,-1.0",23.0,23.0,20.567523956298828,0,0,0,0,0,0,0,1.8300938214617804e-26,0.0,12.0,0.0,4.85127357848113e+21,0.0,
0,navstack-1709204094664,navstack,frontal,HandCrafted,,,1709204113,202231884,"builtin_interfaces.msg.Time(sec=1709204099, nanosec=342232227)",120.0,Handcrafted_LabStudy,1,1,"-11.0,-0.0,0.5","-0.0,0.0,-0.0,-1.0","12.0,-0.0,0.0","-0.0,0.0,-0.0,-1.0",23.0,23.0,20.567523956298828,0,0,0,0,0,0,0,1.8300938214617804e-26,0.0,12.0,0.0,4.852283675526244e+21,3.725290298461914e-05,
0,navstack-1709204094664,navstack,frontal,HandCrafted,,,1709204113,222232103,"builtin_interfaces.msg.Time(sec=1709204099, nanosec=342232227)",120.0,Handcrafted_LabStudy,1,1,"-11.0,-0.0,0.5","-0.0,0.0,-0.0,-1.0","12.0,-0.0,0.0","-0.0,0.0,-0.0,-1.0",23.0,23.0,20.567523956298828,0,0,0,0,0,0,0,1.8300938214617804e-26,0.0,12.0,0.0,4.849595835541343e+21,7.450580596923828e-05,
0,navstack-1709204094664,navstack,frontal,HandCrafted,,,1709204113,222232103,"builtin_interfaces.msg.Time(sec=1709204099, nanosec=342232227)",120.0,Handcrafted_LabStudy,1,1,"-11.0,-0.0,0.5","-0.0,0.0,-0.0,-1.0","12.0,-0.0,0.0","-0.0,0.0,-0.0,-1.0",23.0,23.0,20.567523956298828,0,0,0,0,0,0,0,1.8300938214617804e-26,0.0,12.0,0.0,4.849595835541343e+21,3.725290298461914e-05,
0,navstack-1709204094664,navstack,frontal,HandCrafted,,,1709204113,222232103,"builtin_interfaces.msg.Time(sec=1709204099, nanosec=342232227)",120.0,Handcrafted_LabStudy,1,1,"-11.0,-0.0,0.5","-0.0,0.0,-0.0,-1.0","12.0,-0.0,0.0","-0.0,0.0,-0.0,-1.0",23.0,23.0,20.567523956298828,0,0,0,0,0,0,0,1.8300938214617804e-26,0.0,12.0,0.0,4.852528208675449e+21,0.0,
0,navstack-1709204094664,navstack,frontal,HandCrafted,,,1709204113,242231607,"builtin_interfaces.msg.Time(sec=1709204099, nanosec=342232227)",120.0,Handcrafted_LabStudy,1,1,"-11.0,-0.0,0.5","-0.0,0.0,-0.0,-1.0","12.0,-0.0,0.0","-0.0,0.0,-0.0,-1.0",23.0,23.0,20.567523956298828,0,0,0,0,0,0,0,1.8300938214617804e-26,0.0,12.0,0.0,4.850553827098625e+21,3.725290298461914e-05,
0,navstack-1709204094664,navstack,frontal,HandCrafted,,,1709204113,242231607,"builtin_interfaces.msg.Time(sec=1709204099, nanosec=342232227)",120.0,Handcrafted_LabStudy,1,1,"-11.0,-0.0,0.5","-0.0,0.0,-0.0,-1.0","12.0,-0.0,0.0","-0.0,0.0,-0.0,-1.0",23.0,23.0,20.567523956298828,0,0,0,0,0,0,0,1.8300938214617804e-26,0.0,12.0,0.0,4.853475105637653e+21,3.725290298461914e-05,
0,navstack-1709204094664,navstack,frontal,HandCrafted,,,1709204113,262232065,"builtin_interfaces.msg.Time(sec=1709204099, nanosec=342232227)",120.0,Handcrafted_LabStudy,1,1,"-11.0,-0.0,0.5","-0.0,0.0,-0.0,-1.0","12.0,-0.0,0.0","-0.0,0.0,-0.0,-1.0",23.0,23.0,20.567523956298828,0,0,0,0,0,0,0,1.8300938214617804e-26,0.0,12.0,0.0,4.853940180715293e+21,3.725290298461914e-05,
0,navstack-1709204094664,navstack,frontal,HandCrafted,,,1709204113,262232065,"builtin_interfaces.msg.Time(sec=1709204099, nanosec=342232227)",120.0,Handcrafted_LabStudy,1,1,"-11.0,-0.0,0.5","-0.0,0.0,-0.0,-1.0","12.0,-0.0,0.0","-0.0,0.0,-0.0,-1.0",23.0,23.0,20.567523956298828,0,0,0,0,0,0,0,1.8300938214617804e-26,0.0,12.0,0.0,4.853940180715293e+21,3.725290298461914e-05,
0,navstack-1709204094664,navstack,frontal,HandCrafted,,,1709204113,262232065,"builtin_interfaces.msg.Time(sec=1709204099, nanosec=342232227)",120.0,Handcrafted_LabStudy,1,1,"-11.0,-0.0,0.5","-0.0,0.0,-0.0,-1.0","12.0,-0.0,0.0","-0.0,0.0,-0.0,-1.0",23.0,23.0,20.567523956298828,0,0,0,0,0,0,0,1.8300938214617804e-26,0.0,12.0,0.0,4.851031408858017e+21,0.0,
0,navstack-1709204094664,navstack,frontal,HandCrafted,,,1709204113,282231807,"builtin_interfaces.msg.Time(sec=1709204099, nanosec=342232227)",120.0,Handcrafted_LabStudy,1,1,"-11.0,-0.0,0.5","-0.0,0.0,-0.0,-1.0","12.0,-0.0,0.0","-0.0,0.0,-0.0,-1.0",23.0,23.0,20.567523956298828,0,0,0,0,0,0,0,1.8300938214617804e-26,0.0,12.0,0.0,4.855279525344138e+21,3.725290298461914e-05,
0,navstack-1709204094664,navstack,frontal,HandCrafted,,,1709204113,282231807,"builtin_interfaces.msg.Time(sec=1709204099, nanosec=342232227)",120.0,Handcrafted_LabStudy,1,1,"-11.0,-0.0,0.5","-0.0,0.0,-0.0,-1.0","12.0,-0.0,0.0","-0.0,0.0,-0.0,-1.0",23.0,23.0,20.567523956298828,0,0,0,0,0,0,0,1.8300938214617804e-26,0.0,12.0,0.0,4.855279525344138e+21,3.725290298461914e-05,
0,navstack-1709204094664,navstack,frontal,HandCrafted,,,1709204113,302232265,"builtin_interfaces.msg.Time(sec=1709204099, nanosec=342232227)",120.0,Handcrafted_LabStudy,1,1,"-11.0,-0.0,0.5","-0.0,0.0,-0.0,-1.0","12.0,-0.0,0.0","-0.0,0.0,-0.0,-1.0",23.0,23.0,20.567523956298828,0,0,0,0,0,0,0,1.8300938214617804e-26,0.0,12.0,0.0,4.855929870966209e+21,3.725290298461914e-05,
0,navstack-1709204094664,navstack,frontal,HandCrafted,,,1709204113,322231769,"builtin_interfaces.msg.Time(sec=1709204099, nanosec=342232227)",120.0,Handcrafted_LabStudy,1,1,"-11.0,-0.0,0.5","-0.0,0.0,-0.0,-1.0","12.0,-0.0,0.0","-0.0,0.0,-0.0,-1.0",23.0,23.0,20.567523956298828,0,0,0,0,0,0,0,1.8300938214617804e-26,0.0,12.0,0.0,4.857236166239131e+21,7.450580596923828e-05,
0,navstack-1709204094664,navstack,frontal,HandCrafted,,,1709204113,342232227,"builtin_interfaces.msg.Time(sec=1709204099, nanosec=342232227)",120.0,Handcrafted_LabStudy,1,1,"-11.0,-0.0,0.5","-0.0,0.0,-0.0,-1.0","12.0,-0.0,0.0","-0.0,0.0,-0.0,-1.0",23.0,23.0,20.567523956298828,0,0,0,0,0,0,0,1.8300938214617804e-26,0.0,12.0,0.0,4.854910227397706e+21,7.450580596923828e-05,
0,navstack-1709204094664,navstack,frontal,HandCrafted,,,1709204113,342232227,"builtin_interfaces.msg.Time(sec=1709204099, nanosec=342232227)",120.0,Handcrafted_LabStudy,1,1,"-11.0,-0.0,0.5","-0.0,0.0,-0.0,-1.0","12.0,-0.0,0.0","-0.0,0.0,-0.0,-1.0",23.0,23.0,20.567523956298828,0,0,0,0,0,0,0,1.8300938214617804e-26,0.0,12.0,0.0,4.854910227397706e+21,3.725290298461914e-05,
0,navstack-1709204094664,navstack,frontal,HandCrafted,,,1709204113,362231731,"builtin_interfaces.msg.Time(sec=1709204099, nanosec=342232227)",120.0,Handcrafted_LabStudy,1,1,"-11.0,-0.0,0.5","-0.0,0.0,-0.0,-1.0","12.0,-0.0,0.0","-0.0,0.0,-0.0,-1.0",23.0,23.0,20.567523956298828,0,0,0,0,0,0,0,1.8300938214617804e-26,0.0,12.0,0.0,4.856334811561105e+21,3.725290298461914e-05,
0,navstack-1709204094664,navstack,frontal,HandCrafted,,,1709204113,362231731,"builtin_interfaces.msg.Time(sec=1709204099, nanosec=342232227)",120.0,Handcrafted_LabStudy,1,1,"-11.0,-0.0,0.5","-0.0,0.0,-0.0,-1.0","12.0,-0.0,0.0","-0.0,0.0,-0.0,-1.0",23.0,23.0,20.567523956298828,0,0,0,0,0,0,0,1.8300938214617804e-26,0.0,12.0,0.0,4.856334811561105e+21,3.725290298461914e-05,
0,navstack-1709204094664,navstack,frontal,HandCrafted,,,1709204113,382232189,"builtin_interfaces.msg.Time(sec=1709204099, nanosec=342232227)",120.0,Handcrafted_LabStudy,1,1,"-11.0,-0.0,0.5","-0.0,0.0,-0.0,-1.0","12.0,-0.0,0.0","-0.0,0.0,-0.0,-1.0",23.0,23.0,20.567523956298828,0,0,0,0,0,0,0,1.8300938214617804e-26,0.0,12.0,0.0,4.856488434517823e+21,3.725290298461914e-05,
0,navstack-1709204094664,navstack,frontal,HandCrafted,,,1709204113,402231693,"builtin_interfaces.msg.Time(sec=1709204099, nanosec=342232227)",120.0,Handcrafted_LabStudy,1,1,"-11.0,-0.0,0.5","-0.0,0.0,-0.0,-1.0","12.0,-0.0,0.0","-0.0,0.0,-0.0,-1.0",23.0,23.0,20.567523956298828,0,0,0,0,0,0,0,1.8300938214617804e-26,0.0,12.0,0.0,4.857041870429978e+21,7.450580596923828e-05,
0,navstack-1709204094664,navstack,frontal,HandCrafted,,,1709204113,402231693,"builtin_interfaces.msg.Time(sec=1709204099, nanosec=342232227)",120.0,Handcrafted_LabStudy,1,1,"-11.0,-0.0,0.5","-0.0,0.0,-0.0,-1.0","12.0,-0.0,0.0","-0.0,0.0,-0.0,-1.0",23.0,23.0,20.567523956298828,0,0,0,0,0,0,0,1.8300938214617804e-26,0.0,12.0,0.0,4.857041870429978e+21,3.725290298461914e-05,
0,navstack-1709204094664,navstack,frontal,HandCrafted,,,1709204113,422232151,"builtin_interfaces.msg.Time(sec=1709204099, nanosec=342232227)",120.0,Handcrafted_LabStudy,1,1,"-11.0,-0.0,0.5","-0.0,0.0,-0.0,-1.0","12.0,-0.0,0.0","-0.0,0.0,-0.0,-1.0",23.0,23.0,20.567523956298828,0,0,0,0,0,0,0,1.8300938214617804e-26,0.0,12.0,0.0,4.856811669396131e+21,3.725290298461914e-05,
0,navstack-1709204094664,navstack,frontal,HandCrafted,,,1709204113,422232151,"builtin_interfaces.msg.Time(sec=1709204099, nanosec=342232227)",120.0,Handcrafted_LabStudy,1,1,"-11.0,-0.0,0.5","-0.0,0.0,-0.0,-1.0","12.0,-0.0,0.0","-0.0,0.0,-0.0,-1.0",23.0,23.0,20.567523956298828,0,0,0,0,0,0,0,1.8300938214617804e-26,0.0,12.0,0.0,4.856811669396131e+21,3.725290298461914e-05,
0,navstack-1709204094664,navstack,frontal,HandCrafted,,,1709204113,482231378,"builtin_interfaces.msg.Time(sec=1709204099, nanosec=342232227)",120.0,Handcrafted_LabStudy,1,1,"-11.0,-0.0,0.5","-0.0,0.0,-0.0,-1.0","12.0,-0.0,0.0","-0.0,0.0,-0.0,-1.0",23.0,23.0,20.567523956298828,0,0,0,0,0,0,0,1.8300938214617804e-26,0.0,12.0,0.0,4.857362390101063e+21,3.725290298461914e-05,
0,navstack-1709204094664,navstack,frontal,HandCrafted,,,1709204113,502231836,"builtin_interfaces.msg.Time(sec=1709204099, nanosec=342232227)",120.0,Handcrafted_LabStudy,1,1,"-11.0,-0.0,0.5","-0.0,0.0,-0.0,-1.0","12.0,-0.0,0.0","-0.0,0.0,-0.0,-1.0",23.0,23.0,20.4169921875,0,0,0,0,0,0,0,1.8300938214617804e-26,0.0,13.0,0.0,4.860605318110743e+21,7.450580596923828e-05,
0,navstack-1709204094664,navstack,frontal,HandCrafted,,,1709204113,502231836,"builtin_interfaces.msg.Time(sec=1709204099, nanosec=342232227)",120.0,Handcrafted_LabStudy,1,1,"-11.0,-0.0,0.5","-0.0,0.0,-0.0,-1.0","12.0,-0.0,0.0","-0.0,0.0,-0.0,-1.0",23.0,23.0,20.4169921875,0,0,0,0,0,0,0,1.8300938214617804e-26,0.0,13.0,0.0,4.857795740025645e+21,3.725290298461914e-05,
0,navstack-1709204094664,navstack,frontal,HandCrafted,,,1709204113,522231340,"builtin_interfaces.msg.Time(sec=1709204099, nanosec=342232227)",120.0,Handcrafted_LabStudy,1,1,"-11.0,-0.0,0.5","-0.0,0.0,-0.0,-1.0","12.0,-0.0,0.0","-0.0,0.0,-0.0,-1.0",23.0,23.0,20.4169921875,0,0,0,0,0,0,0,1.8300938214617804e-26,0.0,13.0,0.0,4.861945103050403e+21,3.725290298461914e-05,
0,navstack-1709204094664,navstack,frontal,HandCrafted,,,1709204113,542232036,"builtin_interfaces.msg.Time(sec=1709204099, nanosec=342232227)",120.0,Handcrafted_LabStudy,1,1,"-11.0,-0.0,0.5","-0.0,0.0,-0.0,-1.0","12.0,-0.0,0.0","-0.0,0.0,-0.0,-1.0",23.0,23.0,20.4169921875,0,0,0,0,0,0,0,1.8300938214617804e-26,0.0,13.0,0.0,4.861313014368116e+21,7.450580596923828e-05,
0,navstack-1709204094664,navstack,frontal,HandCrafted,,,1709204113,542232036,"builtin_interfaces.msg.Time(sec=1709204099, nanosec=342232227)",120.0,Handcrafted_LabStudy,1,1,"-11.0,-0.0,0.5","-0.0,0.0,-0.0,-1.0","12.0,-0.0,0.0","-0.0,0.0,-0.0,-1.0",23.0,23.0,20.4169921875,0,0,0,0,0,0,0,1.8300938214617804e-26,0.0,13.0,0.0,4.861313014368116e+21,3.725290298461914e-05,
0,navstack-1709204094664,navstack,frontal,HandCrafted,,,1709204113,562231540,"builtin_interfaces.msg.Time(sec=1709204099, nanosec=342232227)",120.0,Handcrafted_LabStudy,1,1,"-11.0,-0.0,0.5","-0.0,0.0,-0.0,-1.0","12.0,-0.0,0.0","-0.0,0.0,-0.0,-1.0",23.0,23.0,20.4169921875,0,0,0,0,0,0,0,1.8300938214617804e-26,0.0,13.0,0.0,4.861884214575e+21,3.725290298461914e-05,
0,navstack-1709204094664,navstack,frontal,HandCrafted,,,1709204113,562231540,"builtin_interfaces.msg.Time(sec=1709204099, nanosec=342232227)",120.0,Handcrafted_LabStudy,1,1,"-11.0,-0.0,0.5","-0.0,0.0,-0.0,-1.0","12.0,-0.0,0.0","-0.0,0.0,-0.0,-1.0",23.0,23.0,20.4169921875,0,0,0,0,0,0,0,1.8300938214617804e-26,0.0,13.0,0.0,4.861884214575e+21,3.725290298461914e-05,
0,navstack-1709204094664,navstack,frontal,HandCrafted,,,1709204113,582231998,"builtin_interfaces.msg.Time(sec=1709204099, nanosec=342232227)",120.0,Handcrafted_LabStudy,1,1,"-11.0,-0.0,0.5","-0.0,0.0,-0.0,-1.0","12.0,-0.0,0.0","-0.0,0.0,-0.0,-1.0",23.0,23.0,20.4169921875,0,0,0,0,0,0,0,1.8300938214617804e-26,0.0,13.0,0.0,4.859127672952766e+21,3.725290298461914e-05,
0,navstack-1709204094664,navstack,frontal,HandCrafted,,,1709204113,582231998,"builtin_interfaces.msg.Time(sec=1709204099, nanosec=342232227)",120.0,Handcrafted_LabStudy,1,1,"-11.0,-0.0,0.5","-0.0,0.0,-0.0,-1.0","12.0,-0.0,0.0","-0.0,0.0,-0.0,-1.0",23.0,23.0,20.4169921875,0,0,0,0,0,0,0,1.8300938214617804e-26,0.0,13.0,0.0,4.859127672952766e+21,3.725290298461914e-05,
0,navstack-1709204094664,navstack,frontal,HandCrafted,,,1709204113,582231998,"builtin_interfaces.msg.Time(sec=1709204099, nanosec=342232227)",120.0,Handcrafted_LabStudy,1,1,"-11.0,-0.0,0.5","-0.0,0.0,-0.0,-1.0","12.0,-0.0,0.0","-0.0,0.0,-0.0,-1.0",23.0,23.0,20.4169921875,0,0,0,0,0,0,0,1.8300938214617804e-26,0.0,13.0,0.0,4.859127672952766e+21,0.0,
0,navstack-1709204094664,navstack,frontal,HandCrafted,,,1709204113,602231502,"builtin_interfaces.msg.Time(sec=1709204099, nanosec=342232227)",120.0,Handcrafted_LabStudy,1,1,"-11.0,-0.0,0.5","-0.0,0.0,-0.0,-1.0","12.0,-0.0,0.0","-0.0,0.0,-0.0,-1.0",23.0,23.0,20.4169921875,0,0,0,0,0,0,0,1.8300938214617804e-26,0.0,13.0,0.0,4.8592899550387e+21,3.725290298461914e-05,
0,navstack-1709204094664,navstack,frontal,HandCrafted,,,1709204113,602231502,"builtin_interfaces.msg.Time(sec=1709204099, nanosec=342232227)",120.0,Handcrafted_LabStudy,1,1,"-11.0,-0.0,0.5","-0.0,0.0,-0.0,-1.0","12.0,-0.0,0.0","-0.0,0.0,-0.0,-1.0",23.0,23.0,20.4169921875,0,0,0,0,0,0,0,1.8300938214617804e-26,0.0,13.0,0.0,4.8592899550387e+21,3.725290298461914e-05,
0,navstack-1709204094664,navstack,frontal,HandCrafted,,,1709204113,622231960,"builtin_interfaces.msg.Time(sec=1709204099, nanosec=342232227)",120.0,Handcrafted_LabStudy,1,1,"-11.0,-0.0,0.5","-0.0,0.0,-0.0,-1.0","12.0,-0.0,0.0","-0.0,0.0,-0.0,-1.0",23.0,23.0,20.4169921875,0,0,0,0,0,0,0,1.8300938214617804e-26,0.0,13.0,0.0,4.862308372564809e+21,3.725290298461914e-05,
0,navstack-1709204094664,navstack,frontal,HandCrafted,,,1709204113,622231960,"builtin_interfaces.msg.Time(sec=1709204099, nanosec=342232227)",120.0,Handcrafted_LabStudy,1,1,"-11.0,-0.0,0.5","-0.0,0.0,-0.0,-1.0","12.0,-0.0,0.0","-0.0,0.0,-0.0,-1.0",23.0,23.0,20.4169921875,0,0,0,0,0,0,0,1.8300938214617804e-26,0.0,13.0,0.0,4.862308372564809e+21,3.725290298461914e-05,
0,navstack-1709204094664,navstack,frontal,HandCrafted,,,1709204113,642231464,"builtin_interfaces.msg.Time(sec=1709204099, nanosec=342232227)",120.0,Handcrafted_LabStudy,1,1,"-11.0,-0.0,0.5","-0.0,0.0,-0.0,-1.0","12.0,-0.0,0.0","-0.0,0.0,-0.0,-1.0",23.0,23.0,20.4169921875,0,0,0,0,0,0,0,1.8300938214617804e-26,0.0,13.0,0.0,4.862285462786508e+21,3.725290298461914e-05,
0,navstack-1709204094664,navstack,frontal,HandCrafted,,,1709204113,642231464,"builtin_interfaces.msg.Time(sec=1709204099, nanosec=342232227)",120.0,Handcrafted_LabStudy,1,1,"-11.0,-0.0,0.5","-0.0,0.0,-0.0,-1.0","12.0,-0.0,0.0","-0.0,0.0,-0.0,-1.0",23.0,23.0,20.4169921875,0,0,0,0,0,0,0,1.8300938214617804e-26,0.0,13.0,0.0,4.862285462786508e+21,3.725290298461914e-05,
0,navstack-1709204094664,navstack,frontal,HandCrafted,,,1709204113,662231922,"builtin_interfaces.msg.Time(sec=1709204099, nanosec=342232227)",120.0,Handcrafted_LabStudy,1,1,"-11.0,-0.0,0.5","-0.0,0.0,-0.0,-1.0","12.0,-0.0,0.0","-0.0,0.0,-0.0,-1.0",23.0,23.0,20.4169921875,0,0,0,0,0,0,0,1.8300938214617804e-26,0.0,13.0,0.0,4.861693371177299e+21,3.725290298461914e-05,
0,navstack-1709204094664,navstack,frontal,HandCrafted,,,1709204113,662231922,"builtin_interfaces.msg.Time(sec=1709204099, nanosec=342232227)",120.0,Handcrafted_LabStudy,1,1,"-11.0,-0.0,0.5","-0.0,0.0,-0.0,-1.0","12.0,-0.0,0.0","-0.0,0.0,-0.0,-1.0",23.0,23.0,20.4169921875,0,0,0,0,0,0,0,1.8300938214617804e-26,0.0,13.0,0.0,4.858910472796442e+21,3.725290298461914e-05,
0,navstack-1709204094664,navstack,frontal,HandCrafted,,,1709204113,662231922,"builtin_interfaces.msg.Time(sec=1709204099, nanosec=342232227)",120.0,Handcrafted_LabStudy,1,1,"-11.0,-0.0,0.5","-0.0,0.0,-0.0,-1.0","12.0,-0.0,0.0","-0.0,0.0,-0.0,-1.0",23.0,23.0,20.4169921875,0,0,0,0,0,0,0,1.8300938214617804e-26,0.0,13.0,0.0,4.858910472796442e+21,0.0,
0,navstack-1709204094664,navstack,frontal,HandCrafted,,,1709204113,702231884,"builtin_interfaces.msg.Time(sec=1709204099, nanosec=342232227)",120.0,Handcrafted_LabStudy,1,1,"-11.0,-0.0,0.5","-0.0,0.0,-0.0,-1.0","12.0,-0.0,0.0","-0.0,0.0,-0.0,-1.0",23.0,23.0,20.4169921875,0,0,0,0,0,0,0,1.8300938214617804e-26,0.0,13.0,0.0,4.859111254673233e+21,0.0,
0,navstack-1709204094664,navstack,frontal,HandCrafted,,,1709204113,702231884,"builtin_interfaces.msg.Time(sec=1709204099, nanosec=342232227)",120.0,Handcrafted_LabStudy,1,1,"-11.0,-0.0,0.5","-0.0,0.0,-0.0,-1.0","12.0,-0.0,0.0","-0.0,0.0,-0.0,-1.0",23.0,23.0,20.4169921875,0,0,0,0,0,0,0,1.8300938214617804e-26,0.0,13.0,0.0,4.859111254673233e+21,0.0,
0,navstack-1709204094664,navstack,frontal,HandCrafted,,,1709204113,722232103,"builtin_interfaces.msg.Time(sec=1709204099, nanosec=342232227)",120.0,Handcrafted_LabStudy,1,1,"-11.0,-0.0,0.5","-0.0,0.0,-0.0,-1.0","12.0,-0.0,0.0","-0.0,0.0,-0.0,-1.0",23.0,23.0,20.4169921875,0,0,0,0,0,0,0,1.8300938214617804e-26,0.0,13.0,0.0,4.858629075631511e+21,3.725290298461914e-05,
0,navstack-1709204094664,navstack,frontal,HandCrafted,,,1709204113,742231607,"builtin_interfaces.msg.Time(sec=1709204099, nanosec=342232227)",120.0,Handcrafted_LabStudy,1,1,"-11.0,-0.0,0.5","-0.0,0.0,-0.0,-1.0","12.0,-0.0,0.0","-0.0,0.0,-0.0,-1.0",23.0,23.0,20.4169921875,0,0,0,0,0,0,0,1.8300938214617804e-26,0.0,13.0,0.0,4.861524399717105e+21,7.450580596923828e-05,
0,navstack-1709204094664,navstack,frontal,HandCrafted,,,1709204113,762232065,"builtin_interfaces.msg.Time(sec=1709204099, nanosec=342232227)",120.0,Handcrafted_LabStudy,1,1,"-11.0,-0.0,0.5","-0.0,0.0,-0.0,-1.0","12.0,-0.0,0.0","-0.0,0.0,-0.0,-1.0",23.0,23.0,20.4169921875,0,0,0,0,0,0,0,1.8300938214617804e-26,0.0,13.0,0.0,4.860741358415879e+21,7.450580596923828e-05,
0,navstack-1709204094664,navstack,frontal,HandCrafted,,,1709204113,782231807,"builtin_interfaces.msg.Time(sec=1709204099, nanosec=342232227)",120.0,Handcrafted_LabStudy,1,1,"-11.0,-0.0,0.5","-0.0,0.0,-0.0,-1.0","12.0,-0.0,0.0","-0.0,0.0,-0.0,-1.0",23.0,23.0,20.4169921875,0,0,0,0,0,0,0,1.8300938214617804e-26,0.0,13.0,0.0,4.864601458939595e+21,7.450580596923828e-05,
0,navstack-1709204094664,navstack,frontal,HandCrafted,,,1709204113,782231807,"builtin_interfaces.msg.Time(sec=1709204099, nanosec=342232227)",120.0,Handcrafted_LabStudy,1,1,"-11.0,-0.0,0.5","-0.0,0.0,-0.0,-1.0","12.0,-0.0,0.0","-0.0,0.0,-0.0,-1.0",23.0,23.0,20.4169921875,0,0,0,0,0,0,0,1.8300938214617804e-26,0.0,13.0,0.0,4.861886285961812e+21,3.725290298461914e-05,
0,navstack-1709204094664,navstack,frontal,HandCrafted,,,1709204113,802232265,"builtin_interfaces.msg.Time(sec=1709204099, nanosec=342232227)",120.0,Handcrafted_LabStudy,1,1,"-11.0,-0.0,0.5","-0.0,0.0,-0.0,-1.0","12.0,-0.0,0.0","-0.0,0.0,-0.0,-1.0",23.0,23.0,20.4169921875,0,0,0,0,0,0,0,1.8300938214617804e-26,0.0,13.0,0.0,4.862230389502575e+21,3.725290298461914e-05,
0,navstack-1709204094664,navstack,frontal,HandCrafted,,,1709204113,802232265,"builtin_interfaces.msg.Time(sec=1709204099, nanosec=342232227)",120.0,Handcrafted_LabStudy,1,1,"-11.0,-0.0,0.5","-0.0,0.0,-0.0,-1.0","12.0,-0.0,0.0","-0.0,0.0,-0.0,-1.0",23.0,23.0,20.4169921875,0,0,0,0,0,0,0,1.8300938214617804e-26,0.0,13.0,0.0,4.862230389502575e+21,3.725290298461914e-05,
0,navstack-1709204094664,navstack,frontal,HandCrafted,,,1709204113,822231769,"builtin_interfaces.msg.Time(sec=1709204099, nanosec=342232227)",120.0,Handcrafted_LabStudy,1,1,"-11.0,-0.0,0.5","-0.0,0.0,-0.0,-1.0","12.0,-0.0,0.0","-0.0,0.0,-0.0,-1.0",23.0,23.0,20.4169921875,0,0,0,0,0,0,0,1.8300938214617804e-26,0.0,13.0,0.0,4.861787092189634e+21,3.725290298461914e-05,
0,navstack-1709204094664,navstack,frontal,HandCrafted,,,1709204113,842232227,"builtin_interfaces.msg.Time(sec=1709204099, nanosec=342232227)",120.0,Handcrafted_LabStudy,1,1,"-11.0,-0.0,0.5","-0.0,0.0,-0.0,-1.0","12.0,-0.0,0.0","-0.0,0.0,-0.0,-1.0",23.0,23.0,20.4169921875,0,0,0,0,0,0,0,1.8300938214617804e-26,0.0,13.0,0.0,4.862257070969326e+21,7.450580596923828e-05,
0,navstack-1709204094664,navstack,frontal,HandCrafted,,,1709204113,842232227,"builtin_interfaces.msg.Time(sec=1709204099, nanosec=342232227)",120.0,Handcrafted_LabStudy,1,1,"-11.0,-0.0,0.5","-0.0,0.0,-0.0,-1.0","12.0,-0.0,0.0","-0.0,0.0,-0.0,-1.0",23.0,23.0,20.4169921875,0,0,0,0,0,0,0,1.8300938214617804e-26,0.0,13.0,0.0,4.862257070969326e+21,3.725290298461914e-05,
0,navstack-1709204094664,navstack,frontal,HandCrafted,,,1709204113,862231731,"builtin_interfaces.msg.Time(sec=1709204099, nanosec=342232227)",120.0,Handcrafted_LabStudy,1,1,"-11.0,-0.0,0.5","-0.0,0.0,-0.0,-1.0","12.0,-0.0,0.0","-0.0,0.0,-0.0,-1.0",23.0,23.0,20.4169921875,0,0,0,0,0,0,0,1.8300938214617804e-26,0.0,13.0,0.0,4.862078174603856e+21,3.725290298461914e-05,
0,navstack-1709204094664,navstack,frontal,HandCrafted,,,1709204113,862231731,"builtin_interfaces.msg.Time(sec=1709204099, nanosec=342232227)",120.0,Handcrafted_LabStudy,1,1,"-11.0,-0.0,0.5","-0.0,0.0,-0.0,-1.0","12.0,-0.0,0.0","-0.0,0.0,-0.0,-1.0",23.0,23.0,20.4169921875,0,0,0,0,0,0,0,1.8300938214617804e-26,0.0,13.0,0.0,4.862078174603856e+21,3.725290298461914e-05,
0,navstack-1709204094664,navstack,frontal,HandCrafted,,,1709204113,882232189,"builtin_interfaces.msg.Time(sec=1709204099, nanosec=342232227)",120.0,Handcrafted_LabStudy,1,1,"-11.0,-0.0,0.5","-0.0,0.0,-0.0,-1.0","12.0,-0.0,0.0","-0.0,0.0,-0.0,-1.0",23.0,23.0,20.4169921875,0,0,0,0,0,0,0,1.8300938214617804e-26,0.0,13.0,0.0,4.862521491146218e+21,3.725290298461914e-05,
0,navstack-1709204094664,navstack,frontal,HandCrafted,,,1709204113,882232189,"builtin_interfaces.msg.Time(sec=1709204099, nanosec=342232227)",120.0,Handcrafted_LabStudy,1,1,"-11.0,-0.0,0.5","-0.0,0.0,-0.0,-1.0","12.0,-0.0,0.0","-0.0,0.0,-0.0,-1.0",23.0,23.0,20.4169921875,0,0,0,0,0,0,0,1.8300938214617804e-26,0.0,13.0,0.0,4.862521491146218e+21,3.725290298461914e-05,
0,navstack-1709204094664,navstack,frontal,HandCrafted,,,1709204113,902231693,"builtin_interfaces.msg.Time(sec=1709204099, nanosec=342232227)",120.0,Handcrafted_LabStudy,1,1,"-11.0,-0.0,0.5","-0.0,0.0,-0.0,-1.0","12.0,-0.0,0.0","-0.0,0.0,-0.0,-1.0",23.0,23.0,20.4169921875,0,0,0,0,0,0,0,1.8300938214617804e-26,0.0,13.0,0.0,4.862329237461715e+21,3.725290298461914e-05,
0,navstack-1709204094664,navstack,frontal,HandCrafted,,,1709204113,902231693,"builtin_interfaces.msg.Time(sec=1709204099, nanosec=342232227)",120.0,Handcrafted_LabStudy,1,1,"-11.0,-0.0,0.5","-0.0,0.0,-0.0,-1.0","12.0,-0.0,0.0","-0.0,0.0,-0.0,-1.0",23.0,23.0,20.4169921875,0,0,0,0,0,0,0,1.8300938214617804e-26,0.0,13.0,0.0,4.862329237461715e+21,3.725290298461914e-05,
0,navstack-1709204094664,navstack,frontal,HandCrafted,,,1709204113,902231693,"builtin_interfaces.msg.Time(sec=1709204099, nanosec=342232227)",120.0,Handcrafted_LabStudy,1,1,"-11.0,-0.0,0.5","-0.0,0.0,-0.0,-1.0","12.0,-0.0,0.0","-0.0,0.0,-0.0,-1.0",23.0,23.0,20.4169921875,0,0,0,0,0,0,0,1.8300938214617804e-26,0.0,13.0,0.0,4.862329237461715e+21,0.0,
0,navstack-1709204094664,navstack,frontal,HandCrafted,,,1709204113,922232151,"builtin_interfaces.msg.Time(sec=1709204099, nanosec=342232227)",120.0,Handcrafted_LabStudy,1,1,"-11.0,-0.0,0.5","-0.0,0.0,-0.0,-1.0","12.0,-0.0,0.0","-0.0,0.0,-0.0,-1.0",23.0,23.0,20.4169921875,0,0,0,0,0,0,0,1.8300938214617804e-26,0.0,13.0,0.0,4.862763676767487e+21,3.725290298461914e-05,
0,navstack-1709204094664,navstack,frontal,HandCrafted,,,1709204113,942231655,"builtin_interfaces.msg.Time(sec=1709204099, nanosec=342232227)",120.0,Handcrafted_LabStudy,1,1,"-11.0,-0.0,0.5","-0.0,0.0,-0.0,-1.0","12.0,-0.0,0.0","-0.0,0.0,-0.0,-1.0",23.0,23.0,20.4169921875,0,0,0,0,0,0,0,1.8300938214617804e-26,0.0,13.0,0.0,4.862645973437708e+21,7.450580596923828e-05,
0,navstack-1709204094664,navstack,frontal,HandCrafted,,,1709204113,942231655,"builtin_interfaces.msg.Time(sec=1709204099, nanosec=342232227)",120.0,Handcrafted_LabStudy,1,1,"-11.0,-0.0,0.5","-0.0,0.0,-0.0,-1.0","12.0,-0.0,0.0","-0.0,0.0,-0.0,-1.0",23.0,23.0,20.4169921875,0,0,0,0,0,0,0,1.8300938214617804e-26,0.0,13.0,0.0,4.862645973437708e+21,3.725290298461914e-05,
0,navstack-1709204094664,navstack,frontal,HandCrafted,,,1709204113,962232112,"builtin_interfaces.msg.Time(sec=1709204099, nanosec=342232227)",120.0,Handcrafted_LabStudy,1,1,"-11.0,-0.0,0.5","-0.0,0.0,-0.0,-1.0","12.0,-0.0,0.0","-0.0,0.0,-0.0,-1.0",23.0,23.0,20.4169921875,0,0,0,0,0,0,0,1.8300938214617804e-26,0.0,13.0,0.0,4.863185449184188e+21,3.725290298461914e-05,
0,navstack-1709204094664,navstack,frontal,HandCrafted,,,1709204113,982231378,"builtin_interfaces.msg.Time(sec=1709204099, nanosec=342232227)",120.0,Handcrafted_LabStudy,1,1,"-11.0,-0.0,0.5","-0.0,0.0,-0.0,-1.0","12.0,-0.0,0.0","-0.0,0.0,-0.0,-1.0",23.0,23.0,20.4169921875,0,0,0,0,0,0,0,1.8300938214617804e-26,0.0,13.0,0.0,4.863022225677008e+21,7.450580596923828e-05,
0,navstack-1709204094664,navstack,frontal,HandCrafted,,,1709204113,982231378,"builtin_interfaces.msg.Time(sec=1709204099, nanosec=342232227)",120.0,Handcrafted_LabStudy,1,1,"-11.0,-0.0,0.5","-0.0,0.0,-0.0,-1.0","12.0,-0.0,0.0","-0.0,0.0,-0.0,-1.0",23.0,23.0,20.4169921875,0,0,0,0,0,0,0,1.8300938214617804e-26,0.0,13.0,0.0,4.863022225677008e+21,3.725290298461914e-05,
0,navstack-1709204094664,navstack,frontal,HandCrafted,,,1709204114,2231836,"builtin_interfaces.msg.Time(sec=1709204099, nanosec=342232227)",120.0,Handcrafted_LabStudy,1,1,"-11.0,-0.0,0.5","-0.0,0.0,-0.0,-1.0","12.0,-0.0,0.0","-0.0,0.0,-0.0,-1.0",23.0,23.0,20.4169921875,0,0,0,0,0,0,0,1.8300938214617804e-26,0.0,13.0,0.0,4.86343310792684e+21,3.725290298461914e-05,
0,navstack-1709204094664,navstack,frontal,HandCrafted,,,1709204114,22231340,"builtin_interfaces.msg.Time(sec=1709204099, nanosec=342232227)",120.0,Handcrafted_LabStudy,1,1,"-11.0,-0.0,0.5","-0.0,0.0,-0.0,-1.0","12.0,-0.0,0.0","-0.0,0.0,-0.0,-1.0",23.0,23.0,20.4169921875,0,0,0,0,0,0,0,1.8300938214617804e-26,0.0,13.0,0.0,4.863298942096638e+21,7.450580596923828e-05,
0,navstack-1709204094664,navstack,frontal,HandCrafted,,,1709204114,42232036,"builtin_interfaces.msg.Time(sec=1709204099, nanosec=342232227)",120.0,Handcrafted_LabStudy,1,1,"-11.0,-0.0,0.5","-0.0,0.0,-0.0,-1.0","12.0,-0.0,0.0","-0.0,0.0,-0.0,-1.0",23.0,23.0,20.4169921875,0,0,0,0,0,0,0,1.8300938214617804e-26,0.0,13.0,0.0,4.863762521420176e+21,7.450580596923828e-05,
0,navstack-1709204094664,navstack,frontal,HandCrafted,,,1709204114,42232036,"builtin_interfaces.msg.Time(sec=1709204099, nanosec=342232227)",120.0,Handcrafted_LabStudy,1,1,"-11.0,-0.0,0.5","-0.0,0.0,-0.0,-1.0","12.0,-0.0,0.0","-0.0,0.0,-0.0,-1.0",23.0,23.0,20.4169921875,0,0,0,0,0,0,0,1.8300938214617804e-26,0.0,13.0,0.0,4.863762521420176e+21,3.725290298461914e-05,
0,navstack-1709204094664,navstack,frontal,HandCrafted,,,1709204114,62231540,"builtin_interfaces.msg.Time(sec=1709204099, nanosec=342232227)",120.0,Handcrafted_LabStudy,1,1,"-11.0,-0.0,0.5","-0.0,0.0,-0.0,-1.0","12.0,-0.0,0.0","-0.0,0.0,-0.0,-1.0",23.0,23.0,20.4169921875,0,0,0,0,0,0,0,1.8300938214617804e-26,0.0,13.0,0.0,4.865020809162669e+21,3.725290298461914e-05,
0,navstack-1709204094664,navstack,frontal,HandCrafted,,,1709204114,82231998,"builtin_interfaces.msg.Time(sec=1709204099, nanosec=342232227)",120.0,Handcrafted_LabStudy,1,1,"-11.0,-0.0,0.5","-0.0,0.0,-0.0,-1.0","12.0,-0.0,0.0","-0.0,0.0,-0.0,-1.0",23.0,23.0,20.4169921875,0,0,0,0,0,0,0,1.8300938214617804e-26,0.0,13.0,0.0,4.862536542230026e+21,7.450580596923828e-05,
0,navstack-1709204094664,navstack,frontal,HandCrafted,,,1709204114,82231998,"builtin_interfaces.msg.Time(sec=1709204099, nanosec=342232227)",120.0,Handcrafted_LabStudy,1,1,"-11.0,-0.0,0.5","-0.0,0.0,-0.0,-1.0","12.0,-0.0,0.0","-0.0,0.0,-0.0,-1.0",23.0,23.0,20.4169921875,0,0,0,0,0,0,0,1.8300938214617804e-26,0.0,13.0,0.0,4.865164666704892e+21,3.725290298461914e-05,
0,navstack-1709204094664,navstack,frontal,HandCrafted,,,1709204114,102231502,"builtin_interfaces.msg.Time(sec=1709204099, nanosec=342232227)",120.0,Handcrafted_LabStudy,1,1,"-11.0,-0.0,0.5","-0.0,0.0,-0.0,-1.0","12.0,-0.0,0.0","-0.0,0.0,-0.0,-1.0",23.0,23.0,20.4169921875,0,0,0,0,0,0,0,1.8300938214617804e-26,0.0,13.0,0.0,4.864785138441871e+21,3.725290298461914e-05,
0,navstack-1709204094664,navstack,frontal,HandCrafted,,,1709204114,102231502,"builtin_interfaces.msg.Time(sec=1709204099, nanosec=342232227)",120.0,Handcrafted_LabStudy,1,1,"-11.0,-0.0,0.5","-0.0,0.0,-0.0,-1.0","12.0,-0.0,0.0","-0.0,0.0,-0.0,-1.0",23.0,23.0,20.4169921875,0,0,0,0,0,0,0,1.8300938214617804e-26,0.0,13.0,0.0,4.864785138441871e+21,3.725290298461914e-05,
0,navstack-1709204094664,navstack,frontal,HandCrafted,,,1709204114,122231960,"builtin_interfaces.msg.Time(sec=1709204099, nanosec=342232227)",120.0,Handcrafted_LabStudy,1,1,"-11.0,-0.0,0.5","-0.0,0.0,-0.0,-1.0","12.0,-0.0,0.0","-0.0,0.0,-0.0,-1.0",23.0,23.0,20.4169921875,0,0,0,0,0,0,0,1.8300938214617804e-26,0.0,13.0,0.0,4.866186772123465e+21,3.725290298461914e-05,
0,navstack-1709204094664,navstack,frontal,HandCrafted,,,1709204114,122231960,"builtin_interfaces.msg.Time(sec=1709204099, nanosec=342232227)",120.0,Handcrafted_LabStudy,1,1,"-11.0,-0.0,0.5","-0.0,0.0,-0.0,-1.0","12.0,-0.0,0.0","-0.0,0.0,-0.0,-1.0",23.0,23.0,20.4169921875,0,0,0,0,0,0,0,1.8300938214617804e-26,0.0,13.0,0.0,4.862497204170075e+21,3.725290298461914e-05,
0,navstack-1709204094664,navstack,frontal,HandCrafted,,,1709204114,142231464,"builtin_interfaces.msg.Time(sec=1709204099, nanosec=342232227)",120.0,Handcrafted_LabStudy,1,1,"-11.0,-0.0,0.5","-0.0,0.0,-0.0,-1.0","12.0,-0.0,0.0","-0.0,0.0,-0.0,-1.0",23.0,23.0,20.4169921875,0,0,0,0,0,0,0,1.8300938214617804e-26,0.0,13.0,0.0,4.862014895818155e+21,3.725290298461914e-05,
0,navstack-1709204094664,navstack,frontal,HandCrafted,,,1709204114,162231922,"builtin_interfaces.msg.Time(sec=1709204099, nanosec=342232227)",120.0,Handcrafted_LabStudy,1,1,"-11.0,-0.0,0.5","-0.0,0.0,-0.0,-1.0","12.0,-0.0,0.0","-0.0,0.0,-0.0,-1.0",23.0,23.0,20.4169921875,0,0,0,0,0,0,0,1.8300938214617804e-26,0.0,13.0,0.0,4.86318031813289e+21,7.450580596923828e-05,
0,navstack-1709204094664,navstack,frontal,HandCrafted,,,1709204114,162231922,"builtin_interfaces.msg.Time(sec=1709204099, nanosec=342232227)",120.0,Handcrafted_LabStudy,1,1,"-11.0,-0.0,0.5","-0.0,0.0,-0.0,-1.0","12.0,-0.0,0.0","-0.0,0.0,-0.0,-1.0",23.0,23.0,20.4169921875,0,0,0,0,0,0,0,1.8300938214617804e-26,0.0,13.0,0.0,4.86318031813289e+21,3.725290298461914e-05,
0,navstack-1709204094664,navstack,frontal,HandCrafted,,,1709204114,162231922,"builtin_interfaces.msg.Time(sec=1709204099, nanosec=342232227)",120.0,Handcrafted_LabStudy,1,1,"-11.0,-0.0,0.5","-0.0,0.0,-0.0,-1.0","12.0,-0.0,0.0","-0.0,0.0,-0.0,-1.0",23.0,23.0,20.4169921875,0,0,0,0,0,0,0,1.8300938214617804e-26,0.0,13.0,0.0,4.86318031813289e+21,0.0,
0,navstack-1709204094664,navstack,frontal,HandCrafted,,,1709204114,182231426,"builtin_interfaces.msg.Time(sec=1709204099, nanosec=342232227)",120.0,Handcrafted_LabStudy,1,1,"-11.0,-0.0,0.5","-0.0,0.0,-0.0,-1.0","12.0,-0.0,0.0","-0.0,0.0,-0.0,-1.0",23.0,23.0,20.4169921875,0,0,0,0,0,0,0,1.8300938214617804e-26,0.0,13.0,0.0,4.863487752311268e+21,3.725290298461914e-05,
0,navstack-1709204094664,navstack,frontal,HandCrafted,,,1709204114,202231884,"builtin_interfaces.msg.Time(sec=1709204099, nanosec=342232227)",120.0,Handcrafted_LabStudy,1,1,"-11.0,-0.0,0.5","-0.0,0.0,-0.0,-1.0","12.0,-0.0,0.0","-0.0,0.0,-0.0,-1.0",23.0,23.0,20.4169921875,0,0,0,0,0,0,0,1.8300938214617804e-26,0.0,13.0,0.0,4.860787879947648e+21,7.450580596923828e-05,
0,navstack-1709204094664,navstack,frontal,HandCrafted,,,1709204114,222232103,"builtin_interfaces.msg.Time(sec=1709204099, nanosec=342232227)",120.0,Handcrafted_LabStudy,1,1,"-11.0,-0.0,0.5","-0.0,0.0,-0.0,-1.0","12.0,-0.0,0.0","-0.0,0.0,-0.0,-1.0",23.0,23.0,20.4169921875,0,0,0,0,0,0,0,1.8300938214617804e-26,0.0,13.0,0.0,4.862783134481307e+21,7.450580596923828e-05,
0,navstack-1709204094664,navstack,frontal,HandCrafted,,,1709204114,222232103,"builtin_interfaces.msg.Time(sec=1709204099, nanosec=342232227)",120.0,Handcrafted_LabStudy,1,1,"-11.0,-0.0,0.5","-0.0,0.0,-0.0,-1.0","12.0,-0.0,0.0","-0.0,0.0,-0.0,-1.0",23.0,23.0,20.4169921875,0,0,0,0,0,0,0,1.8300938214617804e-26,0.0,13.0,0.0,4.862783134481307e+21,3.725290298461914e-05,
0,navstack-1709204094664,navstack,frontal,HandCrafted,,,1709204114,242231607,"builtin_interfaces.msg.Time(sec=1709204099, nanosec=342232227)",120.0,Handcrafted_LabStudy,1,1,"-11.0,-0.0,0.5","-0.0,0.0,-0.0,-1.0","12.0,-0.0,0.0","-0.0,0.0,-0.0,-1.0",23.0,23.0,20.4169921875,0,0,0,0,0,0,0,1.8300938214617804e-26,0.0,13.0,0.0,4.86383127750757e+21,3.725290298461914e-05,
0,navstack-1709204094664,navstack,frontal,HandCrafted,,,1709204114,242231607,"builtin_interfaces.msg.Time(sec=1709204099, nanosec=342232227)",120.0,Handcrafted_LabStudy,1,1,"-11.0,-0.0,0.5","-0.0,0.0,-0.0,-1.0","12.0,-0.0,0.0","-0.0,0.0,-0.0,-1.0",23.0,23.0,20.4169921875,0,0,0,0,0,0,0,1.8300938214617804e-26,0.0,13.0,0.0,4.86383127750757e+21,3.725290298461914e-05,
0,navstack-1709204094664,navstack,frontal,HandCrafted,,,1709204114,262232065,"builtin_interfaces.msg.Time(sec=1709204099, nanosec=342232227)",120.0,Handcrafted_LabStudy,1,1,"-11.0,-0.0,0.5","-0.0,0.0,-0.0,-1.0","12.0,-0.0,0.0","-0.0,0.0,-0.0,-1.0",23.0,23.0,20.4169921875,0,0,0,0,0,0,0,1.8300938214617804e-26,0.0,13.0,0.0,4.863960119895335e+21,3.725290298461914e-05,
0,navstack-1709204094664,navstack,frontal,HandCrafted,,,1709204114,282231807,"builtin_interfaces.msg.Time(sec=1709204099, nanosec=342232227)",120.0,Handcrafted_LabStudy,1,1,"-11.0,-0.0,0.5","-0.0,0.0,-0.0,-1.0","12.0,-0.0,0.0","-0.0,0.0,-0.0,-1.0",23.0,23.0,20.4169921875,0,0,0,0,0,0,0,1.8300938214617804e-26,0.0,13.0,0.0,4.861176129495868e+21,7.450580596923828e-05,
0,navstack-1709204094664,navstack,frontal,HandCrafted,,,1709204114,282231807,"builtin_interfaces.msg.Time(sec=1709204099, nanosec=342232227)",120.0,Handcrafted_LabStudy,1,1,"-11.0,-0.0,0.5","-0.0,0.0,-0.0,-1.0","12.0,-0.0,0.0","-0.0,0.0,-0.0,-1.0",23.0,23.0,20.4169921875,0,0,0,0,0,0,0,1.8300938214617804e-26,0.0,13.0,0.0,4.861176129495868e+21,3.725290298461914e-05,
0,navstack-1709204094664,navstack,frontal,HandCrafted,,,1709204114,302232265,"builtin_interfaces.msg.Time(sec=1709204099, nanosec=342232227)",120.0,Handcrafted_LabStudy,1,1,"-11.0,-0.0,0.5","-0.0,0.0,-0.0,-1.0","12.0,-0.0,0.0","-0.0,0.0,-0.0,-1.0",23.0,23.0,20.4169921875,0,0,0,0,0,0,0,1.8300938214617804e-26,0.0,13.0,0.0,4.861837031123214e+21,3.725290298461914e-05,
0,navstack-1709204094664,navstack,frontal,HandCrafted,,,1709204114,322231769,"builtin_interfaces.msg.Time(sec=1709204099, nanosec=342232227)",120.0,Handcrafted_LabStudy,1,1,"-11.0,-0.0,0.5","-0.0,0.0,-0.0,-1.0","12.0,-0.0,0.0","-0.0,0.0,-0.0,-1.0",23.0,23.0,20.4169921875,0,0,0,0,0,0,0,1.8300938214617804e-26,0.0,13.0,0.0,4.862389794162902e+21,7.450580596923828e-05,
0,navstack-1709204094664,navstack,frontal,HandCrafted,,,1709204114,342232227,"builtin_interfaces.msg.Time(sec=1709204099, nanosec=342232227)",120.0,Handcrafted_LabStudy,1,1,"-11.0,-0.0,0.5","-0.0,0.0,-0.0,-1.0","12.0,-0.0,0.0","-0.0,0.0,-0.0,-1.0",23.0,23.0,20.4169921875,0,0,0,0,0,0,0,1.8300938214617804e-26,0.0,13.0,0.0,4.859037372415333e+21,7.450580596923828e-05,
0,navstack-1709204094664,navstack,frontal,HandCrafted,,,1709204114,362231731,"builtin_interfaces.msg.Time(sec=1709204099, nanosec=342232227)",120.0,Handcrafted_LabStudy,1,1,"-11.0,-0.0,0.5","-0.0,0.0,-0.0,-1.0","12.0,-0.0,0.0","-0.0,0.0,-0.0,-1.0",23.0,23.0,20.4169921875,0,0,0,0,0,0,0,1.8300938214617804e-26,0.0,13.0,0.0,4.861336218296367e+21,7.450580596923828e-05,
0,navstack-1709204094664,navstack,frontal,HandCrafted,,,1709204114,382232189,"builtin_interfaces.msg.Time(sec=1709204099, nanosec=342232227)",120.0,Handcrafted_LabStudy,1,1,"-11.0,-0.0,0.5","-0.0,0.0,-0.0,-1.0","12.0,-0.0,0.0","-0.0,0.0,-0.0,-1.0",23.0,23.0,20.4169921875,0,0,0,0,0,0,0,1.8300938214617804e-26,0.0,13.0,0.0,4.863345802602806e+21,7.450580596923828e-05,
0,navstack-1709204094664,navstack,frontal,HandCrafted,,,1709204114,382232189,"builtin_interfaces.msg.Time(sec=1709204099, nanosec=342232227)",120.0,Handcrafted_LabStudy,1,1,"-11.0,-0.0,0.5","-0.0,0.0,-0.0,-1.0","12.0,-0.0,0.0","-0.0,0.0,-0.0,-1.0",23.0,23.0,20.4169921875,0,0,0,0,0,0,0,1.8300938214617804e-26,0.0,13.0,0.0,4.863345802602806e+21,3.725290298461914e-05,
0,navstack-1709204094664,navstack,frontal,HandCrafted,,,1709204114,402231693,"builtin_interfaces.msg.Time(sec=1709204099, nanosec=342232227)",120.0,Handcrafted_LabStudy,1,1,"-11.0,-0.0,0.5","-0.0,0.0,-0.0,-1.0","12.0,-0.0,0.0","-0.0,0.0,-0.0,-1.0",23.0,23.0,20.4169921875,0,0,0,0,0,0,0,1.8300938214617804e-26,0.0,13.0,0.0,4.864524311502895e+21,3.725290298461914e-05,
0,navstack-1709204094664,navstack,frontal,HandCrafted,,,1709204114,402231693,"builtin_interfaces.msg.Time(sec=1709204099, nanosec=342232227)",120.0,Handcrafted_LabStudy,1,1,"-11.0,-0.0,0.5","-0.0,0.0,-0.0,-1.0","12.0,-0.0,0.0","-0.0,0.0,-0.0,-1.0",23.0,23.0,20.4169921875,0,0,0,0,0,0,0,1.8300938214617804e-26,0.0,13.0,0.0,4.862000518404423e+21,3.725290298461914e-05,
0,navstack-1709204094664,navstack,frontal,HandCrafted,,,1709204114,422232151,"builtin_interfaces.msg.Time(sec=1709204099, nanosec=342232227)",120.0,Handcrafted_LabStudy,1,1,"-11.0,-0.0,0.5","-0.0,0.0,-0.0,-1.0","12.0,-0.0,0.0","-0.0,0.0,-0.0,-1.0",23.0,23.0,20.4169921875,0,0,0,0,0,0,0,1.8300938214617804e-26,0.0,13.0,0.0,4.861503192772708e+21,3.725290298461914e-05,
