trial_id,name,condition,environment,scenario,mean_attention_l,mean_attention_cmd_vel,secs,nsecs,trial_start,timeout_time,trial_name,trial_number,num_actors,robot_start_position,robot_start_orientation,robot_goal_position,robot_goal_orientation,dist_to_target,min_dist_to_target,min_dist_to_ped,robot_on_person_intimate_dist_violations,person_on_robot_intimate_dist_violations,robot_on_person_personal_dist_violations,person_on_robot_personal_dist_violations,robot_on_person_collisions,person_on_robot_collisions,obj_collisions,path_length,path_irregularity,time_not_moving,time_in_personal_space,minimum_time_to_collision,movement_jerk,global_plan
0,navstack-1709204551778,navstack,Static,HandCrafted,,,1709204561,736346244,"builtin_interfaces.msg.Time(sec=1709204561, nanosec=716346263)",120.0,Handcrafted_LabStudy,1,3,"-12.0,-0.0,0.5","-0.0,0.0,-0.0,-1.0","11.0,-0.0,0.0","-0.0,0.0,-0.0,-1.0",23.0,23.0,6.082762718200684,0,0,0,0,0,0,0,0.0,0.0,0.0,0.0,1.7976931348623157e+308,0.0,
0,navstack-1709204551778,navstack,Static,HandCrafted,,,1709204561,776346206,"builtin_interfaces.msg.Time(sec=1709204561, nanosec=716346263)",120.0,Handcrafted_LabStudy,1,3,"-12.0,-0.0,0.5","-0.0,0.0,-0.0,-1.0","11.0,-0.0,0.0","-0.0,0.0,-0.0,-1.0",23.0,23.0,6.082762718200684,0,0,0,0,0,0,0,0.0,0.0,0.0,0.0,1.7976931348623157e+308,490.5000305175781,
0,navstack-1709204551778,navstack,Static,HandCrafted,,,1709204561,776346206,"builtin_interfaces.msg.Time(sec=1709204561, nanosec=716346263)",120.0,Handcrafted_LabStudy,1,3,"-12.0,-0.0,0.5","-0.0,0.0,-0.0,-1.0","11.0,-0.0,0.0","-0.0,0.0,-0.0,-1.0",23.0,23.0,6.082762718200684,0,0,0,0,0,0,0,0.0,0.0,0.0,0.0,1.7976931348623157e+308,981.0000610351562,
0,navstack-1709204551778,navstack,Static,HandCrafted,,,1709204561,796346187,"builtin_interfaces.msg.Time(sec=1709204561, nanosec=716346263)",120.0,Handcrafted_LabStudy,1,3,"-12.0,-0.0,0.5","-0.0,0.0,-0.0,-1.0","11.0,-0.0,0.0","-0.0,0.0,-0.0,-1.0",23.0,23.0,6.082762718200684,0,0,0,0,0,0,0,0.0,0.0,0.0,0.0,1.7976931348623157e+308,490.5000305175781,
0,navstack-1709204551778,navstack,Static,HandCrafted,,,1709204561,816346168,"builtin_interfaces.msg.Time(sec=1709204561, nanosec=716346263)",120.0,Handcrafted_LabStudy,1,3,"-12.0,-0.0,0.5","-0.0,0.0,-0.0,-1.0","11.0,-0.0,0.0","-0.0,0.0,-0.0,-1.0",23.0,23.0,6.082762718200684,0,0,0,0,0,0,0,0.0,0.0,0.0,0.0,1.7976931348623157e+308,0.0001430511474609375,
0,navstack-1709204551778,navstack,Static,HandCrafted,,,1709204561,816346168,"builtin_interfaces.msg.Time(sec=1709204561, nanosec=716346263)",120.0,Handcrafted_LabStudy,1,3,"-12.0,-0.0,0.5","-0.0,0.0,-0.0,-1.0","11.0,-0.0,0.0","-0.0,0.0,-0.0,-1.0",23.0,23.0,6.082762718200684,0,0,0,0,0,0,0,0.0,0.0,0.0,0.0,1.7976931348623157e+308,490.4998779296875,
0,navstack-1709204551778,navstack,Static,HandCrafted,,,1709204561,836346149,"builtin_interfaces.msg.Time(sec=1709204561, nanosec=716346263)",120.0,Handcrafted_LabStudy,1,3,"-12.0,-0.0,0.5","-0.0,0.0,-0.0,-1.0","11.0,-0.0,0.0","-0.0,0.0,-0.0,-1.0",23.0,23.0,6.082762718200684,0,0,0,0,0,0,0,0.0,0.0,0.0,0.0,1.7976931348623157e+308,490.5000305175781,
0,navstack-1709204551778,navstack,Static,HandCrafted,,,1709204561,856346130,"builtin_interfaces.msg.Time(sec=1709204561, nanosec=716346263)",120.0,Handcrafted_LabStudy,1,3,"-12.0,-0.0,0.5","-0.0,0.0,-0.0,-1.0","11.0,-0.0,0.0","-0.0,0.0,-0.0,-1.0",23.0,23.0,6.082762718200684,0,0,0,0,0,0,0,0.0,0.0,0.0,0.0,1.7976931348623157e+308,0.0,
0,navstack-1709204551778,navstack,Static,HandCrafted,,,1709204561,856346130,"builtin_interfaces.msg.Time(sec=1709204561, nanosec=716346263)",120.0,Handcrafted_LabStudy,1,3,"-12.0,-0.0,0.5","-0.0,0.0,-0.0,-1.0","11.0,-0.0,0.0","-0.0,0.0,-0.0,-1.0",23.0,23.0,6.082762718200684,0,0,0,0,0,0,0,0.0,0.0,0.0,0.0,1.7976931348623157e+308,490.5000305175781,
0,navstack-1709204551778,navstack,Static,HandCrafted,,,1709204561,856346130,"builtin_interfaces.msg.Time(sec=1709204561, nanosec=716346263)",120.0,Handcrafted_LabStudy,1,3,"-12.0,-0.0,0.5","-0.0,0.0,-0.0,-1.0","11.0,-0.0,0.0","-0.0,0.0,-0.0,-1.0",23.0,23.0,6.082762718200684,0,0,0,0,0,0,0,0.0,0.0,0.0,0.0,1.7976931348623157e+308,0.0,
0,navstack-1709204551778,navstack,Static,HandCrafted,,,1709204561,876346111,"builtin_interfaces.msg.Time(sec=1709204561, nanosec=716346263)",120.0,Handcrafted_LabStudy,1,3,"-12.0,-0.0,0.5","-0.0,0.0,-0.0,-1.0","11.0,-0.0,0.0","-0.0,0.0,-0.0,-1.0",23.0,23.0,6.082762718200684,0,0,0,0,0,0,0,0.0,0.0,0.0,0.0,1.7976931348623157e+308,490.5000305175781,
0,navstack-1709204551778,navstack,Static,HandCrafted,,,1709204561,876346111,"builtin_interfaces.msg.Time(sec=1709204561, nanosec=716346263)",120.0,Handcrafted_LabStudy,1,3,"-12.0,-0.0,0.5","-0.0,0.0,-0.0,-1.0","11.0,-0.0,0.0","-0.0,0.0,-0.0,-1.0",23.0,23.0,6.082762718200684,0,0,0,0,0,0,0,0.0,0.0,0.0,0.0,1.7976931348623157e+308,490.5000305175781,
0,navstack-1709204551778,navstack,Static,HandCrafted,,,1709204561,896346092,"builtin_interfaces.msg.Time(sec=1709204561, nanosec=716346263)",120.0,Handcrafted_LabStudy,1,3,"-12.0,-0.0,0.5","-0.0,0.0,-0.0,-1.0","11.0,-0.0,0.0","-0.0,0.0,-0.0,-1.0",23.0,23.0,6.082762718200684,0,0,0,0,0,0,0,0.0,0.0,0.0,0.0,1.7976931348623157e+308,490.5000305175781,
0,navstack-1709204551778,navstack,Static,HandCrafted,,,1709204561,916346073,"builtin_interfaces.msg.Time(sec=1709204561, nanosec=716346263)",120.0,Handcrafted_LabStudy,1,3,"-12.0,-0.0,0.5","-0.0,0.0,-0.0,-1.0","11.0,-0.0,0.0","-0.0,0.0,-0.0,-1.0",23.0,23.0,6.082762718200684,0,0,0,0,0,0,0,0.0,0.0,0.0,0.0,1.7976931348623157e+308,0.0,
0,navstack-1709204551778,navstack,Static,HandCrafted,,,1709204561,916346073,"builtin_interfaces.msg.Time(sec=1709204561, nanosec=716346263)",120.0,Handcrafted_LabStudy,1,3,"-12.0,-0.0,0.5","-0.0,0.0,-0.0,-1.0","11.0,-0.0,0.0","-0.0,0.0,-0.0,-1.0",23.0,23.0,6.082762718200684,0,0,0,0,0,0,0,0.0,0.0,0.0,0.0,1.7976931348623157e+308,490.5000305175781,
0,navstack-1709204551778,navstack,Static,HandCrafted,,,1709204561,936346292,"builtin_interfaces.msg.Time(sec=1709204561, nanosec=716346263)",120.0,Handcrafted_LabStudy,1,3,"-12.0,-0.0,0.5","-0.0,0.0,-0.0,-1.0","11.0,-0.0,0.0","-0.0,0.0,-0.0,-1.0",23.0,23.0,6.082762718200684,0,0,0,0,0,0,0,0.0,0.0,0.0,0.0,1.7976931348623157e+308,490.499755859375,
0,navstack-1709204551778,navstack,Static,HandCrafted,,,1709204561,956346273,"builtin_interfaces.msg.Time(sec=1709204561, nanosec=716346263)",120.0,Handcrafted_LabStudy,1,3,"-12.0,-0.0,0.5","-0.0,0.0,-0.0,-1.0","11.0,-0.0,0.0","-0.0,0.0,-0.0,-1.0",23.0,23.0,6.082762718200684,0,0,0,0,0,0,0,0.0,0.0,0.0,0.0,1.7976931348623157e+308,0.0,
0,navstack-1709204551778,navstack,Static,HandCrafted,,,1709204561,956346273,"builtin_interfaces.msg.Time(sec=1709204561, nanosec=716346263)",120.0,Handcrafted_LabStudy,1,3,"-12.0,-0.0,0.5","-0.0,0.0,-0.0,-1.0","11.0,-0.0,0.0","-0.0,0.0,-0.0,-1.0",23.0,23.0,6.082762718200684,0,0,0,0,0,0,0,0.0,0.0,0.0,0.0,1.7976931348623157e+308,490.499755859375,
0,navstack-1709204551778,navstack,Static,HandCrafted,,,1709204561,976346254,"builtin_interfaces.msg.Time(sec=1709204561, nanosec=716346263)",120.0,Handcrafted_LabStudy,1,3,"-12.0,-0.0,0.5","-0.0,0.0,-0.0,-1.0","11.0,-0.0,0.0","-0.0,0.0,-0.0,-1.0",23.0,23.0,6.082762718200684,0,0,0,0,0,0,0,0.0,0.0,0.0,0.0,1.7976931348623157e+308,490.499755859375,
0,navstack-1709204551778,navstack,Static,HandCrafted,,,1709204561,976346254,"builtin_interfaces.msg.Time(sec=1709204561, nanosec=716346263)",120.0,Handcrafted_LabStudy,1,3,"-12.0,-0.0,0.5","-0.0,0.0,-0.0,-1.0","11.0,-0.0,0.0","-0.0,0.0,-0.0,-1.0",23.0,23.0,6.082762718200684,0,0,0,0,0,0,0,0.0,0.0,0.0,0.0,1.7976931348623157e+308,490.499755859375,
0,navstack-1709204551778,navstack,Static,HandCrafted,,,1709204561,996346235,"builtin_interfaces.msg.Time(sec=1709204561, nanosec=716346263)",120.0,Handcrafted_LabStudy,1,3,"-12.0,-0.0,0.5","-0.0,0.0,-0.0,-1.0","11.0,-0.0,0.0","-0.0,0.0,-0.0,-1.0",23.0,23.0,6.082762718200684,0,0,0,0,0,0,0,0.0,0.0,0.0,0.0,1.7976931348623157e+308,490.499755859375,
0,navstack-1709204551778,navstack,Static,HandCrafted,,,1709204561,996346235,"builtin_interfaces.msg.Time(sec=1709204561, nanosec=716346263)",120.0,Handcrafted_LabStudy,1,3,"-12.0,-0.0,0.5","-0.0,0.0,-0.0,-1.0","11.0,-0.0,0.0","-0.0,0.0,-0.0,-1.0",23.0,23.0,6.082762718200684,0,0,0,0,0,0,0,0.0,0.0,0.0,0.0,1.7976931348623157e+308,490.499755859375,
0,navstack-1709204551778,navstack,Static,HandCrafted,,,1709204562,16346216,"builtin_interfaces.msg.Time(sec=1709204561, nanosec=716346263)",120.0,Handcrafted_LabStudy,1,3,"-12.0,-0.0,0.5","-0.0,0.0,-0.0,-1.0","11.0,-0.0,0.0","-0.0,0.0,-0.0,-1.0",23.0,23.0,6.082762718200684,0,0,0,0,0,0,0,0.0,0.0,0.0,0.0,1.727384839811432e+20,7357.4990234375,
0,navstack-1709204551778,navstack,Static,HandCrafted,,,1709204562,16346216,"builtin_interfaces.msg.Time(sec=1709204561, nanosec=716346263)",120.0,Handcrafted_LabStudy,1,3,"-12.0,-0.0,0.5","-0.0,0.0,-0.0,-1.0","11.0,-0.0,0.0","-0.0,0.0,-0.0,-1.0",23.0,23.0,6.082762718200684,0,0,0,0,0,0,0,0.0,0.0,0.0,0.0,1.727384839811432e+20,7357.4990234375,
0,navstack-1709204551778,navstack,Static,HandCrafted,,,1709204562,36346197,"builtin_interfaces.msg.Time(sec=1709204561, nanosec=716346263)",120.0,Handcrafted_LabStudy,1,3,"-12.0,-0.0,0.5","-0.0,0.0,-0.0,-1.0","11.0,-0.0,0.0","-0.0,0.0,-0.0,-1.0",23.0,23.0,6.082762718200684,0,0,0,0,0,0,0,0.0,0.0,0.0,0.0,4.3041712655389766e+21,0.0005960464477539062,
0,navstack-1709204551778,navstack,Static,HandCrafted,,,1709204562,36346197,"builtin_interfaces.msg.Time(sec=1709204561, nanosec=716346263)",120.0,Handcrafted_LabStudy,1,3,"-12.0,-0.0,0.5","-0.0,0.0,-0.0,-1.0","11.0,-0.0,0.0","-0.0,0.0,-0.0,-1.0",23.0,23.0,6.082762718200684,0,0,0,0,0,0,0,0.0,0.0,0.0,0.0,4.3041712655389766e+21,0.0005960464477539062,
0,navstack-1709204551778,navstack,Static,HandCrafted,,,1709204562,36346197,"builtin_interfaces.msg.Time(sec=1709204561, nanosec=716346263)",120.0,Handcrafted_LabStudy,1,3,"-12.0,-0.0,0.5","-0.0,0.0,-0.0,-1.0","11.0,-0.0,0.0","-0.0,0.0,-0.0,-1.0",23.0,23.0,6.082762718200684,0,0,0,0,0,0,0,0.0,0.0,0.0,0.0,4.3041712655389766e+21,0.0,
0,navstack-1709204551778,navstack,Static,HandCrafted,,,1709204562,56346178,"builtin_interfaces.msg.Time(sec=1709204561, nanosec=716346263)",120.0,Handcrafted_LabStudy,1,3,"-12.0,-0.0,0.5","-0.0,0.0,-0.0,-1.0","11.0,-0.0,0.0","-0.0,0.0,-0.0,-1.0",23.0,23.0,6.082762718200684,0,0,0,0,0,0,0,0.0,0.0,0.0,0.0,4.3039075839453e+21,3.725290298461914e-05,
0,navstack-1709204551778,navstack,Static,HandCrafted,,,1709204562,56346178,"builtin_interfaces.msg.Time(sec=1709204561, nanosec=716346263)",120.0,Handcrafted_LabStudy,1,3,"-12.0,-0.0,0.5","-0.0,0.0,-0.0,-1.0","11.0,-0.0,0.0","-0.0,0.0,-0.0,-1.0",23.0,23.0,6.082762718200684,0,0,0,0,0,0,0,0.0,0.0,0.0,0.0,4.3039075839453e+21,3.725290298461914e-05,
0,navstack-1709204551778,navstack,Static,HandCrafted,,,1709204562,76346158,"builtin_interfaces.msg.Time(sec=1709204561, nanosec=716346263)",120.0,Handcrafted_LabStudy,1,3,"-12.0,-0.0,0.5","-0.0,0.0,-0.0,-1.0","11.0,-0.0,0.0","-0.0,0.0,-0.0,-1.0",23.0,23.0,6.082762718200684,0,0,0,0,0,0,0,0.0,0.0,0.0,0.0,4.304156984700411e+21,4.0317567625336465e-22,
0,navstack-1709204551778,navstack,Static,HandCrafted,,,1709204562,96346139,"builtin_interfaces.msg.Time(sec=1709204561, nanosec=716346263)",120.0,Handcrafted_LabStudy,1,3,"-12.0,-0.0,0.5","-0.0,0.0,-0.0,-1.0","11.0,-0.0,0.0","-0.0,0.0,-0.0,-1.0",23.0,23.0,6.082762718200684,0,0,0,0,0,0,0,0.0,0.0,0.0,0.0,4.304089643648056e+21,5.132680944440504e-22,
0,navstack-1709204551778,navstack,Static,HandCrafted,,,1709204562,96346139,"builtin_interfaces.msg.Time(sec=1709204561, nanosec=716346263)",120.0,Handcrafted_LabStudy,1,3,"-12.0,-0.0,0.5","-0.0,0.0,-0.0,-1.0","11.0,-0.0,0.0","-0.0,0.0,-0.0,-1.0",23.0,23.0,6.082762718200684,0,0,0,0,0,0,0,0.0,0.0,0.0,0.0,4.304089643648056e+21,1.0587911840678754e-22,
0,navstack-1709204551778,navstack,Static,HandCrafted,,,1709204562,116346120,"builtin_interfaces.msg.Time(sec=1709204561, nanosec=716346263)",120.0,Handcrafted_LabStudy,1,3,"-12.0,-0.0,0.5","-0.0,0.0,-0.0,-1.0","11.0,-0.0,0.0","-0.0,0.0,-0.0,-1.0",23.0,23.0,6.082762718200684,0,0,0,0,0,0,0,0.0,0.0,0.0,0.0,4.30401232874202e+21,1.2415427403392098e-22,
0,navstack-1709204551778,navstack,Static,HandCrafted,,,1709204562,116346120,"builtin_interfaces.msg.Time(sec=1709204561, nanosec=716346263)",120.0,Handcrafted_LabStudy,1,3,"-12.0,-0.0,0.5","-0.0,0.0,-0.0,-1.0","11.0,-0.0,0.0","-0.0,0.0,-0.0,-1.0",23.0,23.0,6.082762718200684,0,0,0,0,0,0,0,0.0,0.0,0.0,0.0,4.30401232874202e+21,1.2415427403392098e-22,
0,navstack-1709204551778,navstack,Static,HandCrafted,,,1709204562,136346101,"builtin_interfaces.msg.Time(sec=1709204561, nanosec=716346263)",120.0,Handcrafted_LabStudy,1,3,"-12.0,-0.0,0.5","-0.0,0.0,-0.0,-1.0","11.0,-0.0,0.0","-0.0,0.0,-0.0,-1.0",23.0,23.0,6.082762718200684,0,0,0,0,0,0,0,0.0,0.0,0.0,0.0,4.3039524739481836e+21,3.725290298461914e-05,
0,navstack-1709204551778,navstack,Static,HandCrafted,,,1709204562,136346101,"builtin_interfaces.msg.Time(sec=1709204561, nanosec=716346263)",120.0,Handcrafted_LabStudy,1,3,"-12.0,-0.0,0.5","-0.0,0.0,-0.0,-1.0","11.0,-0.0,0.0","-0.0,0.0,-0.0,-1.0",23.0,23.0,6.082762718200684,0,0,0,0,0,0,0,0.0,0.0,0.0,0.0,4.3039524739481836e+21,3.725290298461914e-05,
0,navstack-1709204551778,navstack,Static,HandCrafted,,,1709204562,156346082,"builtin_interfaces.msg.Time(sec=1709204561, nanosec=716346263)",120.0,Handcrafted_LabStudy,1,3,"-12.0,-0.0,0.5","-0.0,0.0,-0.0,-1.0","11.0,-0.0,0.0","-0.0,0.0,-0.0,-1.0",23.0,23.0,6.082762718200684,0,0,0,0,0,0,0,0.0,0.0,0.0,0.0,4.3040397627455753e+21,3.725290298461914e-05,
0,navstack-1709204551778,navstack,Static,HandCrafted,,,1709204562,156346082,"builtin_interfaces.msg.Time(sec=1709204561, nanosec=716346263)",120.0,Handcrafted_LabStudy,1,3,"-12.0,-0.0,0.5","-0.0,0.0,-0.0,-1.0","11.0,-0.0,0.0","-0.0,0.0,-0.0,-1.0",23.0,23.0,6.082762718200684,0,0,0,0,0,0,0,0.0,0.0,0.0,0.0,4.3040397627455753e+21,3.725290298461914e-05,
0,navstack-1709204551778,navstack,Static,HandCrafted,,,1709204562,176346302,"builtin_interfaces.msg.Time(sec=1709204561, nanosec=716346263)",120.0,Handcrafted_LabStudy,1,3,"-12.0,-0.0,0.5","-0.0,0.0,-0.0,-1.0","11.0,-0.0,0.0","-0.0,0.0,-0.0,-1.0",23.0,23.0,6.082762718200684,0,0,0,0,0,0,0,0.0,0.0,0.0,0.0,4.3040173167166536e+21,3.743392066509216e-23,
0,navstack-1709204551778,navstack,Static,HandCrafted,,,1709204562,176346302,"builtin_interfaces.msg.Time(sec=1709204561, nanosec=716346263)",120.0,Handcrafted_LabStudy,1,3,"-12.0,-0.0,0.5","-0.0,0.0,-0.0,-1.0","11.0,-0.0,0.0","-0.0,0.0,-0.0,-1.0",23.0,23.0,6.082762718200684,0,0,0,0,0,0,0,0.0,0.0,0.0,0.0,4.3040173167166536e+21,3.743392066509216e-23,
0,navstack-1709204551778,navstack,Static,HandCrafted,,,1709204562,196346282,"builtin_interfaces.msg.Time(sec=1709204561, nanosec=716346263)",120.0,Handcrafted_LabStudy,1,3,"-12.0,-0.0,0.5","-0.0,0.0,-0.0,-1.0","11.0,-0.0,0.0","-0.0,0.0,-0.0,-1.0",23.0,23.0,6.082762718200684,0,0,0,0,0,0,0,0.0,0.0,0.0,0.0,4.3041544905497835e+21,2.2146205898490944e-22,
0,navstack-1709204551778,navstack,Static,HandCrafted,,,1709204562,196346282,"builtin_interfaces.msg.Time(sec=1709204561, nanosec=716346263)",120.0,Handcrafted_LabStudy,1,3,"-12.0,-0.0,0.5","-0.0,0.0,-0.0,-1.0","11.0,-0.0,0.0","-0.0,0.0,-0.0,-1.0",23.0,23.0,6.082762718200684,0,0,0,0,0,0,0,0.0,0.0,0.0,0.0,4.3041544905497835e+21,2.2146205898490944e-22,
0,navstack-1709204551778,navstack,Static,HandCrafted,,,1709204562,216346263,"builtin_interfaces.msg.Time(sec=1709204561, nanosec=716346263)",120.0,Handcrafted_LabStudy,1,3,"-12.0,-0.0,0.5","-0.0,0.0,-0.0,-1.0","11.0,-0.0,0.0","-0.0,0.0,-0.0,-1.0",23.0,23.0,6.082762718200684,0,0,0,0,0,0,0,0.0,0.0,0.0,0.0,4.304261741637032e+21,3.725290298461914e-05,
0,navstack-1709204551778,navstack,Static,HandCrafted,,,1709204562,236346244,"builtin_interfaces.msg.Time(sec=1709204561, nanosec=716346263)",120.0,Handcrafted_LabStudy,1,3,"-12.0,-0.0,0.5","-0.0,0.0,-0.0,-1.0","11.0,-0.0,0.0","-0.0,0.0,-0.0,-1.0",23.0,23.0,6.082762718200684,0,0,0,0,0,0,0,0.0,0.0,0.0,0.0,4.303977413243298e+21,7.450580596923828e-05,
0,navstack-1709204551778,navstack,Static,HandCrafted,,,1709204562,256346225,"builtin_interfaces.msg.Time(sec=1709204561, nanosec=716346263)",120.0,Handcrafted_LabStudy,1,3,"-12.0,-0.0,0.5","-0.0,0.0,-0.0,-1.0","11.0,-0.0,0.0","-0.0,0.0,-0.0,-1.0",23.0,23.0,6.082762718200684,0,0,0,0,0,0,0,0.0,0.0,0.0,0.0,4.304261741637032e+21,7.450580596923828e-05,
0,navstack-1709204551778,navstack,Static,HandCrafted,,,1709204562,256346225,"builtin_interfaces.msg.Time(sec=1709204561, nanosec=716346263)",120.0,Handcrafted_LabStudy,1,3,"-12.0,-0.0,0.5","-0.0,0.0,-0.0,-1.0","11.0,-0.0,0.0","-0.0,0.0,-0.0,-1.0",23.0,23.0,6.082762718200684,0,0,0,0,0,0,0,0.0,0.0,0.0,0.0,4.304261741637032e+21,3.725290298461914e-05,
0,navstack-1709204551778,navstack,Static,HandCrafted,,,1709204562,276346206,"builtin_interfaces.msg.Time(sec=1709204561, nanosec=716346263)",120.0,Handcrafted_LabStudy,1,3,"-12.0,-0.0,0.5","-0.0,0.0,-0.0,-1.0","11.0,-0.0,0.0","-0.0,0.0,-0.0,-1.0",23.0,23.0,6.082762718200684,0,0,0,0,0,0,0,0.0,0.0,0.0,0.0,4.303977413243298e+21,3.725290298461914e-05,
0,navstack-1709204551778,navstack,Static,HandCrafted,,,1709204562,276346206,"builtin_interfaces.msg.Time(sec=1709204561, nanosec=716346263)",120.0,Handcrafted_LabStudy,1,3,"-12.0,-0.0,0.5","-0.0,0.0,-0.0,-1.0","11.0,-0.0,0.0","-0.0,0.0,-0.0,-1.0",23.0,23.0,6.082762718200684,0,0,0,0,0,0,0,0.0,0.0,0.0,0.0,4.303977413243298e+21,3.725290298461914e-05,
0,navstack-1709204551778,navstack,Static,HandCrafted,,,1709204562,296346187,"builtin_interfaces.msg.Time(sec=1709204561, nanosec=716346263)",120.0,Handcrafted_LabStudy,1,3,"-12.0,-0.0,0.5","-0.0,0.0,-0.0,-1.0","11.0,-0.0,0.0","-0.0,0.0,-0.0,-1.0",23.0,23.0,6.082762718200684,0,0,0,0,0,0,0,0.0,0.0,0.0,0.0,4.304261741637032e+21,3.725290298461914e-05,
0,navstack-1709204551778,navstack,Static,HandCrafted,,,1709204562,296346187,"builtin_interfaces.msg.Time(sec=1709204561, nanosec=716346263)",120.0,Handcrafted_LabStudy,1,3,"-12.0,-0.0,0.5","-0.0,0.0,-0.0,-1.0","11.0,-0.0,0.0","-0.0,0.0,-0.0,-1.0",23.0,23.0,6.082762718200684,0,0,0,0,0,0,0,0.0,0.0,0.0,0.0,4.304261741637032e+21,3.725290298461914e-05,
0,navstack-1709204551778,navstack,Static,HandCrafted,,,1709204562,296346187,"builtin_interfaces.msg.Time(sec=1709204561, nanosec=716346263)",120.0,Handcrafted_LabStudy,1,3,"-12.0,-0.0,0.5","-0.0,0.0,-0.0,-1.0","11.0,-0.0,0.0","-0.0,0.0,-0.0,-1.0",23.0,23.0,6.082762718200684,0,0,0,0,0,0,0,0.0,0.0,0.0,0.0,4.304261741637032e+21,0.0,
0,navstack-1709204551778,navstack,Static,HandCrafted,,,1709204562,316346168,"builtin_interfaces.msg.Time(sec=1709204561, nanosec=716346263)",120.0,Handcrafted_LabStudy,1,3,"-12.0,-0.0,0.5","-0.0,0.0,-0.0,-1.0","11.0,-0.0,0.0","-0.0,0.0,-0.0,-1.0",23.0,23.0,6.082762718200684,0,0,0,0,0,0,0,0.0,0.0,0.0,0.0,4.303977413243298e+21,3.725290298461914e-05,
0,navstack-1709204551778,navstack,Static,HandCrafted,,,1709204562,316346168,"builtin_interfaces.msg.Time(sec=1709204561, nanosec=716346263)",120.0,Handcrafted_LabStudy,1,3,"-12.0,-0.0,0.5","-0.0,0.0,-0.0,-1.0","11.0,-0.0,0.0","-0.0,0.0,-0.0,-1.0",23.0,23.0,6.082762718200684,0,0,0,0,0,0,0,0.0,0.0,0.0,0.0,4.303977413243298e+21,3.725290298461914e-05,
0,navstack-1709204551778,navstack,Static,HandCrafted,,,1709204562,336346149,"builtin_interfaces.msg.Time(sec=1709204561, nanosec=716346263)",120.0,Handcrafted_LabStudy,1,3,"-12.0,-0.0,0.5","-0.0,0.0,-0.0,-1.0","11.0,-0.0,0.0","-0.0,0.0,-0.0,-1.0",23.0,23.0,6.082762718200684,0,0,0,0,0,0,0,0.0,0.0,0.0,0.0,4.304261741637032e+21,3.725290298461914e-05,
0,navstack-1709204551778,navstack,Static,HandCrafted,,,1709204562,336346149,"builtin_interfaces.msg.Time(sec=1709204561, nanosec=716346263)",120.0,Handcrafted_LabStudy,1,3,"-12.0,-0.0,0.5","-0.0,0.0,-0.0,-1.0","11.0,-0.0,0.0","-0.0,0.0,-0.0,-1.0",23.0,23.0,6.082762718200684,0,0,0,0,0,0,0,0.0,0.0,0.0,0.0,4.304261741637032e+21,3.725290298461914e-05,
0,navstack-1709204551778,navstack,Static,HandCrafted,,,1709204562,356346130,"builtin_interfaces.msg.Time(sec=1709204561, nanosec=716346263)",120.0,Handcrafted_LabStudy,1,3,"-12.0,-0.0,0.5","-0.0,0.0,-0.0,-1.0","11.0,-0.0,0.0","-0.0,0.0,-0.0,-1.0",23.0,23.0,6.082762718200684,0,0,0,0,0,0,0,0.0,0.0,0.0,0.0,4.303977413243298e+21,3.725290298461914e-05,
0,navstack-1709204551778,navstack,Static,HandCrafted,,,1709204562,356346130,"builtin_interfaces.msg.Time(sec=1709204561, nanosec=716346263)",120.0,Handcrafted_LabStudy,1,3,"-12.0,-0.0,0.5","-0.0,0.0,-0.0,-1.0","11.0,-0.0,0.0","-0.0,0.0,-0.0,-1.0",23.0,23.0,6.082762718200684,0,0,0,0,0,0,0,0.0,0.0,0.0,0.0,4.303977413243298e+21,3.725290298461914e-05,
0,navstack-1709204551778,navstack,Static,HandCrafted,,,1709204562,356346130,"builtin_interfaces.msg.Time(sec=1709204561, nanosec=716346263)",120.0,Handcrafted_LabStudy,1,3,"-12.0,-0.0,0.5","-0.0,0.0,-0.0,-1.0","11.0,-0.0,0.0","-0.0,0.0,-0.0,-1.0",23.0,23.0,6.082762718200684,0,0,0,0,0,0,0,0.0,0.0,0.0,0.0,4.303977413243298e+21,0.0,
0,navstack-1709204551778,navstack,Static,HandCrafted,,,1709204562,376346111,"builtin_interfaces.msg.Time(sec=1709204561, nanosec=716346263)",120.0,Handcrafted_LabStudy,1,3,"-12.0,-0.0,0.5","-0.0,0.0,-0.0,-1.0","11.0,-0.0,0.0","-0.0,0.0,-0.0,-1.0",23.0,23.0,6.082762718200684,0,0,0,0,0,0,0,0.0,0.0,0.0,0.0,4.304261741637032e+21,3.725290298461914e-05,
0,navstack-1709204551778,navstack,Static,HandCrafted,,,1709204562,396346092,"builtin_interfaces.msg.Time(sec=1709204561, nanosec=716346263)",120.0,Handcrafted_LabStudy,1,3,"-12.0,-0.0,0.5","-0.0,0.0,-0.0,-1.0","11.0,-0.0,0.0","-0.0,0.0,-0.0,-1.0",23.0,23.0,6.082762718200684,0,0,0,0,0,0,0,0.0,0.0,0.0,0.0,4.303977413243298e+21,7.450580596923828e-05,
0,navstack-1709204551778,navstack,Static,HandCrafted,,,1709204562,396346092,"builtin_interfaces.msg.Time(sec=1709204561, nanosec=716346263)",120.0,Handcrafted_LabStudy,1,3,"-12.0,-0.0,0.5","-0.0,0.0,-0.0,-1.0","11.0,-0.0,0.0","-0.0,0.0,-0.0,-1.0",23.0,23.0,6.082762718200684,0,0,0,0,0,0,0,0.0,0.0,0.0,0.0,4.303977413243298e+21,3.725290298461914e-05,
0,navstack-1709204551778,navstack,Static,HandCrafted,,,1709204562,416346073,"builtin_interfaces.msg.Time(sec=1709204561, nanosec=716346263)",120.0,Handcrafted_LabStudy,1,3,"-12.0,-0.0,0.5","-0.0,0.0,-0.0,-1.0","11.0,-0.0,0.0","-0.0,0.0,-0.0,-1.0",23.0,23.0,6.082762718200684,0,0,0,0,0,0,0,0.0,0.0,0.0,0.0,4.304261741637032e+21,3.725290298461914e-05,
0,navstack-1709204551778,navstack,Static,HandCrafted,,,1709204562,416346073,"builtin_interfaces.msg.Time(sec=1709204561, nanosec=716346263)",120.0,Handcrafted_LabStudy,1,3,"-12.0,-0.0,0.5","-0.0,0.0,-0.0,-1.0","11.0,-0.0,0.0","-0.0,0.0,-0.0,-1.0",23.0,23.0,6.082762718200684,0,0,0,0,0,0,0,0.0,0.0,0.0,0.0,4.304261741637032e+21,3.725290298461914e-05,
0,navstack-1709204551778,navstack,Static,HandCrafted,,,1709204562,416346073,"builtin_interfaces.msg.Time(sec=1709204561, nanosec=716346263)",120.0,Handcrafted_LabStudy,1,3,"-12.0,-0.0,0.5","-0.0,0.0,-0.0,-1.0","11.0,-0.0,0.0","-0.0,0.0,-0.0,-1.0",23.0,23.0,6.082762718200684,0,0,0,0,0,0,0,0.0,0.0,0.0,0.0,4.304261741637032e+21,0.0,
0,navstack-1709204551778,navstack,Static,HandCrafted,,,1709204562,436346292,"builtin_interfaces.msg.Time(sec=1709204561, nanosec=716346263)",120.0,Handcrafted_LabStudy,1,3,"-12.0,-0.0,0.5","-0.0,0.0,-0.0,-1.0","11.0,-0.0,0.0","-0.0,0.0,-0.0,-1.0",23.0,23.0,6.082762718200684,0,0,0,0,0,0,0,0.0,0.0,0.0,0.0,4.303977413243298e+21,3.725290298461914e-05,
0,navstack-1709204551778,navstack,Static,HandCrafted,,,1709204562,456346273,"builtin_interfaces.msg.Time(sec=1709204561, nanosec=716346263)",120.0,Handcrafted_LabStudy,1,3,"-12.0,-0.0,0.5","-0.0,0.0,-0.0,-1.0","11.0,-0.0,0.0","-0.0,0.0,-0.0,-1.0",23.0,23.0,6.082762718200684,0,0,0,0,0,0,0,0.0,0.0,0.0,0.0,4.304261741637032e+21,7.450580596923828e-05,
0,navstack-1709204551778,navstack,Static,HandCrafted,,,1709204562,476346254,"builtin_interfaces.msg.Time(sec=1709204561, nanosec=716346263)",120.0,Handcrafted_LabStudy,1,3,"-12.0,-0.0,0.5","-0.0,0.0,-0.0,-1.0","11.0,-0.0,0.0","-0.0,0.0,-0.0,-1.0",23.0,23.0,6.082762718200684,0,0,0,0,0,0,0,0.0,0.0,0.0,0.0,4.303977413243298e+21,7.450580596923828e-05,
0,navstack-1709204551778,navstack,Static,HandCrafted,,,1709204562,476346254,"builtin_interfaces.msg.Time(sec=1709204561, nanosec=716346263)",120.0,Handcrafted_LabStudy,1,3,"-12.0,-0.0,0.5","-0.0,0.0,-0.0,-1.0","11.0,-0.0,0.0","-0.0,0.0,-0.0,-1.0",23.0,23.0,6.082762718200684,0,0,0,0,0,0,0,0.0,0.0,0.0,0.0,4.303977413243298e+21,3.725290298461914e-05,
0,navstack-1709204551778,navstack,Static,HandCrafted,,,1709204562,496346235,"builtin_interfaces.msg.Time(sec=1709204561, nanosec=716346263)",120.0,Handcrafted_LabStudy,1,3,"-12.0,-0.0,0.5","-0.0,0.0,-0.0,-1.0","11.0,-0.0,0.0","-0.0,0.0,-0.0,-1.0",23.0,23.0,6.082762718200684,0,0,0,0,0,0,0,0.0,0.0,0.0,0.0,4.304261741637032e+21,3.725290298461914e-05,
0,navstack-1709204551778,navstack,Static,HandCrafted,,,1709204562,496346235,"builtin_interfaces.msg.Time(sec=1709204561, nanosec=716346263)",120.0,Handcrafted_LabStudy,1,3,"-12.0,-0.0,0.5","-0.0,0.0,-0.0,-1.0","11.0,-0.0,0.0","-0.0,0.0,-0.0,-1.0",23.0,23.0,6.082762718200684,0,0,0,0,0,0,0,0.0,0.0,0.0,0.0,4.304261741637032e+21,3.725290298461914e-05,
0,navstack-1709204551778,navstack,Static,HandCrafted,,,1709204562,516346216,"builtin_interfaces.msg.Time(sec=1709204561, nanosec=716346263)",120.0,Handcrafted_LabStudy,1,3,"-12.0,-0.0,0.5","-0.0,0.0,-0.0,-1.0","11.0,-0.0,0.0","-0.0,0.0,-0.0,-1.0",23.0,23.0,6.082762718200684,0,0,0,0,0,0,0,0.0,0.0,0.0,0.0,4.303977413243298e+21,3.725290298461914e-05,
0,navstack-1709204551778,navstack,Static,HandCrafted,,,1709204562,536346197,"builtin_interfaces.msg.Time(sec=1709204561, nanosec=716346263)",120.0,Handcrafted_LabStudy,1,3,"-12.0,-0.0,0.5","-0.0,0.0,-0.0,-1.0","11.0,-0.0,0.0","-0.0,0.0,-0.0,-1.0",23.0,23.0,6.082762718200684,0,0,0,0,0,0,0,0.0,0.0,0.0,0.0,4.304261741637032e+21,7.450580596923828e-05,
0,navstack-1709204551778,navstack,Static,HandCrafted,,,1709204562,536346197,"builtin_interfaces.msg.Time(sec=1709204561, nanosec=716346263)",120.0,Handcrafted_LabStudy,1,3,"-12.0,-0.0,0.5","-0.0,0.0,-0.0,-1.0","11.0,-0.0,0.0","-0.0,0.0,-0.0,-1.0",23.0,23.0,6.082762718200684,0,0,0,0,0,0,0,0.0,0.0,0.0,0.0,4.304261741637032e+21,3.725290298461914e-05,
0,navstack-1709204551778,navstack,Static,HandCrafted,,,1709204562,556346178,"builtin_interfaces.msg.Time(sec=1709204561, nanosec=716346263)",120.0,Handcrafted_LabStudy,1,3,"-12.0,-0.0,0.5","-0.0,0.0,-0.0,-1.0","11.0,-0.0,0.0","-0.0,0.0,-0.0,-1.0",23.0,23.0,6.082762718200684,0,0,0,0,0,0,0,0.0,0.0,0.0,0.0,4.303977413243298e+21,3.725290298461914e-05,
0,navstack-1709204551778,navstack,Static,HandCrafted,,,1709204562,576346158,"builtin_interfaces.msg.Time(sec=1709204561, nanosec=716346263)",120.0,Handcrafted_LabStudy,1,3,"-12.0,-0.0,0.5","-0.0,0.0,-0.0,-1.0","11.0,-0.0,0.0","-0.0,0.0,-0.0,-1.0",23.0,23.0,6.082762718200684,0,0,0,0,0,0,0,0.0,0.0,0.0,0.0,4.304261741637032e+21,7.450580596923828e-05,
0,navstack-1709204551778,navstack,Static,HandCrafted,,,1709204562,596346139,"builtin_interfaces.msg.Time(sec=1709204561, nanosec=716346263)",120.0,Handcrafted_LabStudy,1,3,"-12.0,-0.0,0.5","-0.0,0.0,-0.0,-1.0","11.0,-0.0,0.0","-0.0,0.0,-0.0,-1.0",23.0,23.0,6.082762718200684,0,0,0,0,0,0,0,0.0,0.0,0.0,0.0,4.303977413243298e+21,7.450580596923828e-05,
0,navstack-1709204551778,navstack,Static,HandCrafted,,,1709204562,616346120,"builtin_interfaces.msg.Time(sec=1709204561, nanosec=716346263)",120.0,Handcrafted_LabStudy,1,3,"-12.0,-0.0,0.5","-0.0,0.0,-0.0,-1.0","11.0,-0.0,0.0","-0.0,0.0,-0.0,-1.0",23.0,23.0,6.082762718200684,0,0,0,0,0,0,0,0.0,0.0,0.0,0.0,4.304261741637032e+21,7.450580596923828e-05,
0,navstack-1709204551778,navstack,Static,HandCrafted,,,1709204562,656346082,"builtin_interfaces.msg.Time(sec=1709204561, nanosec=716346263)",120.0,Handcrafted_LabStudy,1,3,"-12.0,-0.0,0.5","-0.0,0.0,-0.0,-1.0","11.0,-0.0,0.0","-0.0,0.0,-0.0,-1.0",23.0,23.0,6.082762718200684,0,0,0,0,0,0,0,0.0,0.0,0.0,0.0,4.304261741637032e+21,3.725290298461914e-05,
0,navstack-1709204551778,navstack,Static,HandCrafted,,,1709204562,676346302,"builtin_interfaces.msg.Time(sec=1709204561, nanosec=716346263)",120.0,Handcrafted_LabStudy,1,3,"-12.0,-0.0,0.5","-0.0,0.0,-0.0,-1.0","11.0,-0.0,0.0","-0.0,0.0,-0.0,-1.0",23.0,23.0,6.082762718200684,0,0,0,0,0,0,0,0.0,0.0,0.0,0.0,4.303977413243298e+21,3.725290298461914e-05,
0,navstack-1709204551778,navstack,Static,HandCrafted,,,1709204562,676346302,"builtin_interfaces.msg.Time(sec=1709204561, nanosec=716346263)",120.0,Handcrafted_LabStudy,1,3,"-12.0,-0.0,0.5","-0.0,0.0,-0.0,-1.0","11.0,-0.0,0.0","-0.0,0.0,-0.0,-1.0",23.0,23.0,6.082762718200684,0,0,0,0,0,0,0,0.0,0.0,0.0,0.0,4.303977413243298e+21,3.725290298461914e-05,
0,navstack-1709204551778,navstack,Static,HandCrafted,,,1709204562,676346302,"builtin_interfaces.msg.Time(sec=1709204561, nanosec=716346263)",120.0,Handcrafted_LabStudy,1,3,"-12.0,-0.0,0.5","-0.0,0.0,-0.0,-1.0","11.0,-0.0,0.0","-0.0,0.0,-0.0,-1.0",23.0,23.0,6.082762718200684,0,0,0,0,0,0,0,0.0,0.0,0.0,0.0,4.303977413243298e+21,0.0,
0,navstack-1709204551778,navstack,Static,HandCrafted,,,1709204562,696346282,"builtin_interfaces.msg.Time(sec=1709204561, nanosec=716346263)",120.0,Handcrafted_LabStudy,1,3,"-12.0,-0.0,0.5","-0.0,0.0,-0.0,-1.0","11.0,-0.0,0.0","-0.0,0.0,-0.0,-1.0",23.0,23.0,6.082762718200684,0,0,0,0,0,0,0,0.0,0.0,0.0,0.0,4.304261741637032e+21,3.725290298461914e-05,
0,navstack-1709204551778,navstack,Static,HandCrafted,,,1709204562,696346282,"builtin_interfaces.msg.Time(sec=1709204561, nanosec=716346263)",120.0,Handcrafted_LabStudy,1,3,"-12.0,-0.0,0.5","-0.0,0.0,-0.0,-1.0","11.0,-0.0,0.0","-0.0,0.0,-0.0,-1.0",23.0,23.0,6.082762718200684,0,0,0,0,0,0,0,0.0,0.0,0.0,0.0,4.304261741637032e+21,3.725290298461914e-05,
0,navstack-1709204551778,navstack,Static,HandCrafted,,,1709204562,716346263,"builtin_interfaces.msg.Time(sec=1709204561, nanosec=716346263)",120.0,Handcrafted_LabStudy,1,3,"-12.0,-0.0,0.5","-0.0,0.0,-0.0,-1.0","11.0,-0.0,0.0","-0.0,0.0,-0.0,-1.0",23.0,23.0,6.082762718200684,0,0,0,0,0,0,0,0.0,0.0,0.0,0.0,4.303977413243298e+21,3.725290298461914e-05,
0,navstack-1709204551778,navstack,Static,HandCrafted,,,1709204562,736346244,"builtin_interfaces.msg.Time(sec=1709204561, nanosec=716346263)",120.0,Handcrafted_LabStudy,1,3,"-12.0,-0.0,0.5","-0.0,0.0,-0.0,-1.0","11.0,-0.0,0.0","-0.0,0.0,-0.0,-1.0",23.0,23.0,6.082762718200684,0,0,0,0,0,0,0,0.0,0.0,0.0,0.0,4.304261741637032e+21,7.450580596923828e-05,
0,navstack-1709204551778,navstack,Static,HandCrafted,,,1709204562,736346244,"builtin_interfaces.msg.Time(sec=1709204561, nanosec=716346263)",120.0,Handcrafted_LabStudy,1,3,"-12.0,-0.0,0.5","-0.0,0.0,-0.0,-1.0","11.0,-0.0,0.0","-0.0,0.0,-0.0,-1.0",23.0,23.0,6.082762718200684,0,0,0,0,0,0,0,0.0,0.0,0.0,0.0,4.304261741637032e+21,3.725290298461914e-05,
0,navstack-1709204551778,navstack,Static,HandCrafted,,,1709204562,756346225,"builtin_interfaces.msg.Time(sec=1709204561, nanosec=716346263)",120.0,Handcrafted_LabStudy,1,3,"-12.0,-0.0,0.5","-0.0,0.0,-0.0,-1.0","11.0,-0.0,0.0","-0.0,0.0,-0.0,-1.0",23.0,23.0,6.082762718200684,0,0,0,0,0,0,0,0.0,0.0,0.0,0.0,4.303977413243298e+21,3.725290298461914e-05,
0,navstack-1709204551778,navstack,Static,HandCrafted,,,1709204562,776346206,"builtin_interfaces.msg.Time(sec=1709204561, nanosec=716346263)",120.0,Handcrafted_LabStudy,1,3,"-12.0,-0.0,0.5","-0.0,0.0,-0.0,-1.0","11.0,-0.0,0.0","-0.0,0.0,-0.0,-1.0",23.0,23.0,6.082762718200684,0,0,0,0,0,0,0,0.0,0.0,0.0,0.0,4.304261741637032e+21,7.450580596923828e-05,
0,navstack-1709204551778,navstack,Static,HandCrafted,,,1709204562,776346206,"builtin_interfaces.msg.Time(sec=1709204561, nanosec=716346263)",120.0,Handcrafted_LabStudy,1,3,"-12.0,-0.0,0.5","-0.0,0.0,-0.0,-1.0","11.0,-0.0,0.0","-0.0,0.0,-0.0,-1.0",23.0,23.0,6.082762718200684,0,0,0,0,0,0,0,0.0,0.0,0.0,0.0,4.304261741637032e+21,3.725290298461914e-05,
0,navstack-1709204551778,navstack,Static,HandCrafted,,,1709204562,796346187,"builtin_interfaces.msg.Time(sec=1709204561, nanosec=716346263)",120.0,Handcrafted_LabStudy,1,3,"-12.0,-0.0,0.5","-0.0,0.0,-0.0,-1.0","11.0,-0.0,0.0","-0.0,0.0,-0.0,-1.0",23.0,23.0,6.082762718200684,0,0,0,0,0,0,0,0.0,0.0,0.0,0.0,4.303977413243298e+21,3.725290298461914e-05,
0,navstack-1709204551778,navstack,Static,HandCrafted,,,1709204562,796346187,"builtin_interfaces.msg.Time(sec=1709204561, nanosec=716346263)",120.0,Handcrafted_LabStudy,1,3,"-12.0,-0.0,0.5","-0.0,0.0,-0.0,-1.0","11.0,-0.0,0.0","-0.0,0.0,-0.0,-1.0",23.0,23.0,6.082762718200684,0,0,0,0,0,0,0,0.0,0.0,0.0,0.0,4.303977413243298e+21,3.725290298461914e-05,
0,navstack-1709204551778,navstack,Static,HandCrafted,,,1709204562,816346168,"builtin_interfaces.msg.Time(sec=1709204561, nanosec=716346263)",120.0,Handcrafted_LabStudy,1,3,"-12.0,-0.0,0.5","-0.0,0.0,-0.0,-1.0","11.0,-0.0,0.0","-0.0,0.0,-0.0,-1.0",23.0,23.0,6.082762718200684,0,0,0,0,0,0,0,0.0,0.0,0.0,0.0,4.304261741637032e+21,3.725290298461914e-05,
0,navstack-1709204551778,navstack,Static,HandCrafted,,,1709204562,816346168,"builtin_interfaces.msg.Time(sec=1709204561, nanosec=716346263)",120.0,Handcrafted_LabStudy,1,3,"-12.0,-0.0,0.5","-0.0,0.0,-0.0,-1.0","11.0,-0.0,0.0","-0.0,0.0,-0.0,-1.0",23.0,23.0,6.082762718200684,0,0,0,0,0,0,0,0.0,0.0,0.0,0.0,4.304261741637032e+21,3.725290298461914e-05,
0,navstack-1709204551778,navstack,Static,HandCrafted,,,1709204562,836346149,"builtin_interfaces.msg.Time(sec=1709204561, nanosec=716346263)",120.0,Handcrafted_LabStudy,1,3,"-12.0,-0.0,0.5","-0.0,0.0,-0.0,-1.0","11.0,-0.0,0.0","-0.0,0.0,-0.0,-1.0",23.0,23.0,6.082762718200684,0,0,0,0,0,0,0,0.0,0.0,0.0,0.0,4.303977413243298e+21,3.725290298461914e-05,
0,navstack-1709204551778,navstack,Static,HandCrafted,,,1709204562,836346149,"builtin_interfaces.msg.Time(sec=1709204561, nanosec=716346263)",120.0,Handcrafted_LabStudy,1,3,"-12.0,-0.0,0.5","-0.0,0.0,-0.0,-1.0","11.0,-0.0,0.0","-0.0,0.0,-0.0,-1.0",23.0,23.0,6.082762718200684,0,0,0,0,0,0,0,0.0,0.0,0.0,0.0,4.303977413243298e+21,3.725290298461914e-05,
0,navstack-1709204551778,navstack,Static,HandCrafted,,,1709204562,856346130,"builtin_interfaces.msg.Time(sec=1709204561, nanosec=716346263)",120.0,Handcrafted_LabStudy,1,3,"-12.0,-0.0,0.5","-0.0,0.0,-0.0,-1.0","11.0,-0.0,0.0","-0.0,0.0,-0.0,-1.0",23.0,23.0,6.082762718200684,0,0,0,0,0,0,0,0.0,0.0,0.0,0.0,4.304261741637032e+21,3.725290298461914e-05,
0,navstack-1709204551778,navstack,Static,HandCrafted,,,1709204562,856346130,"builtin_interfaces.msg.Time(sec=1709204561, nanosec=716346263)",120.0,Handcrafted_LabStudy,1,3,"-12.0,-0.0,0.5","-0.0,0.0,-0.0,-1.0","11.0,-0.0,0.0","-0.0,0.0,-0.0,-1.0",23.0,23.0,6.082762718200684,0,0,0,0,0,0,0,0.0,0.0,0.0,0.0,4.304261741637032e+21,3.725290298461914e-05,
0,navstack-1709204551778,navstack,Static,HandCrafted,,,1709204562,876346111,"builtin_interfaces.msg.Time(sec=1709204561, nanosec=716346263)",120.0,Handcrafted_LabStudy,1,3,"-12.0,-0.0,0.5","-0.0,0.0,-0.0,-1.0","11.0,-0.0,0.0","-0.0,0.0,-0.0,-1.0",23.0,23.0,6.082762718200684,0,0,0,0,0,0,0,0.0,0.0,0.0,0.0,4.303977413243298e+21,3.725290298461914e-05,
0,navstack-1709204551778,navstack,Static,HandCrafted,,,1709204562,876346111,"builtin_interfaces.msg.Time(sec=1709204561, nanosec=716346263)",120.0,Handcrafted_LabStudy,1,3,"-12.0,-0.0,0.5","-0.0,0.0,-0.0,-1.0","11.0,-0.0,0.0","-0.0,0.0,-0.0,-1.0",23.0,23.0,6.082762718200684,0,0,0,0,0,0,0,0.0,0.0,0.0,0.0,4.303977413243298e+21,3.725290298461914e-05,
0,navstack-1709204551778,navstack,Static,HandCrafted,,,1709204562,876346111,"builtin_interfaces.msg.Time(sec=1709204561, nanosec=716346263)",120.0,Handcrafted_LabStudy,1,3,"-12.0,-0.0,0.5","-0.0,0.0,-0.0,-1.0","11.0,-0.0,0.0","-0.0,0.0,-0.0,-1.0",23.0,23.0,6.082762718200684,0,0,0,0,0,0,0,0.0,0.0,0.0,0.0,4.303977413243298e+21,0.0,
0,navstack-1709204551778,navstack,Static,HandCrafted,,,1709204562,896346092,"builtin_interfaces.msg.Time(sec=1709204561, nanosec=716346263)",120.0,Handcrafted_LabStudy,1,3,"-12.0,-0.0,0.5","-0.0,0.0,-0.0,-1.0","11.0,-0.0,0.0","-0.0,0.0,-0.0,-1.0",23.0,23.0,6.082762718200684,0,0,0,0,0,0,0,0.0,0.0,0.0,0.0,4.304261741637032e+21,3.725290298461914e-05,
0,navstack-1709204551778,navstack,Static,HandCrafted,,,1709204562,896346092,"builtin_interfaces.msg.Time(sec=1709204561, nanosec=716346263)",120.0,Handcrafted_LabStudy,1,3,"-12.0,-0.0,0.5","-0.0,0.0,-0.0,-1.0","11.0,-0.0,0.0","-0.0,0.0,-0.0,-1.0",23.0,23.0,6.082762718200684,0,0,0,0,0,0,0,0.0,0.0,0.0,0.0,4.304261741637032e+21,3.725290298461914e-05,
0,navstack-1709204551778,navstack,Static,HandCrafted,,,1709204562,916346073,"builtin_interfaces.msg.Time(sec=1709204561, nanosec=716346263)",120.0,Handcrafted_LabStudy,1,3,"-12.0,-0.0,0.5","-0.0,0.0,-0.0,-1.0","11.0,-0.0,0.0","-0.0,0.0,-0.0,-1.0",23.0,23.0,6.082762718200684,0,0,0,0,0,0,0,0.0,0.0,0.0,0.0,4.303977413243298e+21,3.725290298461914e-05,
0,navstack-1709204551778,navstack,Static,HandCrafted,,,1709204562,936346292,"builtin_interfaces.msg.Time(sec=1709204561, nanosec=716346263)",120.0,Handcrafted_LabStudy,1,3,"-12.0,-0.0,0.5","-0.0,0.0,-0.0,-1.0","11.0,-0.0,0.0","-0.0,0.0,-0.0,-1.0",23.0,23.0,6.082762718200684,0,0,0,0,0,0,0,0.0,0.0,0.0,0.0,4.304261741637032e+21,7.450580596923828e-05,
0,navstack-1709204551778,navstack,Static,HandCrafted,,,1709204562,956346273,"builtin_interfaces.msg.Time(sec=1709204561, nanosec=716346263)",120.0,Handcrafted_LabStudy,1,3,"-12.0,-0.0,0.5","-0.0,0.0,-0.0,-1.0","11.0,-0.0,0.0","-0.0,0.0,-0.0,-1.0",23.0,23.0,6.082762718200684,0,0,0,0,0,0,0,0.0,0.0,0.0,0.0,4.303977413243298e+21,7.450580596923828e-05,
0,navstack-1709204551778,navstack,Static,HandCrafted,,,1709204562,956346273,"builtin_interfaces.msg.Time(sec=1709204561, nanosec=716346263)",120.0,Handcrafted_LabStudy,1,3,"-12.0,-0.0,0.5","-0.0,0.0,-0.0,-1.0","11.0,-0.0,0.0","-0.0,0.0,-0.0,-1.0",23.0,23.0,6.082762718200684,0,0,0,0,0,0,0,0.0,0.0,0.0,0.0,4.303977413243298e+21,3.725290298461914e-05,
0,navstack-1709204551778,navstack,Static,HandCrafted,,,1709204562,976346254,"builtin_interfaces.msg.Time(sec=1709204561, nanosec=716346263)",120.0,Handcrafted_LabStudy,1,3,"-12.0,-0.0,0.5","-0.0,0.0,-0.0,-1.0","11.0,-0.0,0.0","-0.0,0.0,-0.0,-1.0",23.0,23.0,6.082762718200684,0,0,0,0,0,0,0,0.0,0.0,0.0,0.0,4.304261741637032e+21,3.725290298461914e-05,
0,navstack-1709204551778,navstack,Static,HandCrafted,,,1709204562,976346254,"builtin_interfaces.msg.Time(sec=1709204561, nanosec=716346263)",120.0,Handcrafted_LabStudy,1,3,"-12.0,-0.0,0.5","-0.0,0.0,-0.0,-1.0","11.0,-0.0,0.0","-0.0,0.0,-0.0,-1.0",23.0,23.0,6.082762718200684,0,0,0,0,0,0,0,0.0,0.0,0.0,0.0,4.304261741637032e+21,3.725290298461914e-05,
0,navstack-1709204551778,navstack,Static,HandCrafted,,,1709204562,996346235,"builtin_interfaces.msg.Time(sec=1709204561, nanosec=716346263)",120.0,Handcrafted_LabStudy,1,3,"-12.0,-0.0,0.5","-0.0,0.0,-0.0,-1.0","11.0,-0.0,0.0","-0.0,0.0,-0.0,-1.0",23.0,23.0,6.082762718200684,0,0,0,0,0,0,0,0.0,0.0,0.0,0.0,4.303977413243298e+21,3.725290298461914e-05,
0,navstack-1709204551778,navstack,Static,HandCrafted,,,1709204562,996346235,"builtin_interfaces.msg.Time(sec=1709204561, nanosec=716346263)",120.0,Handcrafted_LabStudy,1,3,"-12.0,-0.0,0.5","-0.0,0.0,-0.0,-1.0","11.0,-0.0,0.0","-0.0,0.0,-0.0,-1.0",23.0,23.0,6.082762718200684,0,0,0,0,0,0,0,0.0,0.0,0.0,0.0,4.303977413243298e+21,3.725290298461914e-05,
0,navstack-1709204551778,navstack,Static,HandCrafted,,,1709204563,16346216,"builtin_interfaces.msg.Time(sec=1709204561, nanosec=716346263)",120.0,Handcrafted_LabStudy,1,3,"-12.0,-0.0,0.5","-0.0,0.0,-0.0,-1.0","11.0,-0.0,0.0","-0.0,0.0,-0.0,-1.0",23.0,23.0,6.082762718200684,0,0,0,0,0,0,0,0.0,0.0,0.0,0.0,4.304261741637032e+21,3.725290298461914e-05,
0,navstack-1709204551778,navstack,Static,HandCrafted,,,1709204563,16346216,"builtin_interfaces.msg.Time(sec=1709204561, nanosec=716346263)",120.0,Handcrafted_LabStudy,1,3,"-12.0,-0.0,0.5","-0.0,0.0,-0.0,-1.0","11.0,-0.0,0.0","-0.0,0.0,-0.0,-1.0",23.0,23.0,6.082762718200684,0,0,0,0,0,0,0,0.0,0.0,0.0,0.0,4.304261741637032e+21,3.725290298461914e-05,
0,navstack-1709204551778,navstack,Static,HandCrafted,,,1709204563,16346216,"builtin_interfaces.msg.Time(sec=1709204561, nanosec=716346263)",120.0,Handcrafted_LabStudy,1,3,"-12.0,-0.0,0.5","-0.0,0.0,-0.0,-1.0","11.0,-0.0,0.0","-0.0,0.0,-0.0,-1.0",23.0,23.0,6.082762718200684,0,0,0,0,0,0,0,0.0,0.0,0.0,0.0,4.304261741637032e+21,0.0,
0,navstack-1709204551778,navstack,Static,HandCrafted,,,1709204563,36346197,"builtin_interfaces.msg.Time(sec=1709204561, nanosec=716346263)",120.0,Handcrafted_LabStudy,1,3,"-12.0,-0.0,0.5","-0.0,0.0,-0.0,-1.0","11.0,-0.0,0.0","-0.0,0.0,-0.0,-1.0",23.0,23.0,6.082762718200684,0,0,0,0,0,0,0,0.0,0.0,0.0,0.0,4.303977413243298e+21,3.725290298461914e-05,
0,navstack-1709204551778,navstack,Static,HandCrafted,,,1709204563,36346197,"builtin_interfaces.msg.Time(sec=1709204561, nanosec=716346263)",120.0,Handcrafted_LabStudy,1,3,"-12.0,-0.0,0.5","-0.0,0.0,-0.0,-1.0","11.0,-0.0,0.0","-0.0,0.0,-0.0,-1.0",23.0,23.0,6.082762718200684,0,0,0,0,0,0,0,0.0,0.0,0.0,0.0,4.303977413243298e+21,3.725290298461914e-05,
0,navstack-1709204551778,navstack,Static,HandCrafted,,,1709204563,56346178,"builtin_interfaces.msg.Time(sec=1709204561, nanosec=716346263)",120.0,Handcrafted_LabStudy,1,3,"-12.0,-0.0,0.5","-0.0,0.0,-0.0,-1.0","11.0,-0.0,0.0","-0.0,0.0,-0.0,-1.0",23.0,23.0,6.082762718200684,0,0,0,0,0,0,0,0.0,0.0,0.0,0.0,4.304261741637032e+21,3.725290298461914e-05,
0,navstack-1709204551778,navstack,Static,HandCrafted,,,1709204563,56346178,"builtin_interfaces.msg.Time(sec=1709204561, nanosec=716346263)",120.0,Handcrafted_LabStudy,1,3,"-12.0,-0.0,0.5","-0.0,0.0,-0.0,-1.0","11.0,-0.0,0.0","-0.0,0.0,-0.0,-1.0",23.0,23.0,6.082762718200684,0,0,0,0,0,0,0,0.0,0.0,0.0,0.0,4.304261741637032e+21,3.725290298461914e-05,
0,navstack-1709204551778,navstack,Static,HandCrafted,,,1709204563,76346158,"builtin_interfaces.msg.Time(sec=1709204561, nanosec=716346263)",120.0,Handcrafted_LabStudy,1,3,"-12.0,-0.0,0.5","-0.0,0.0,-0.0,-1.0","11.0,-0.0,0.0","-0.0,0.0,-0.0,-1.0",23.0,23.0,6.082762718200684,0,0,0,0,0,0,0,0.0,0.0,0.0,0.0,4.303977413243298e+21,3.725290298461914e-05,
0,navstack-1709204551778,navstack,Static,HandCrafted,,,1709204563,76346158,"builtin_interfaces.msg.Time(sec=1709204561, nanosec=716346263)",120.0,Handcrafted_LabStudy,1,3,"-12.0,-0.0,0.5","-0.0,0.0,-0.0,-1.0","11.0,-0.0,0.0","-0.0,0.0,-0.0,-1.0",23.0,23.0,6.082762718200684,0,0,0,0,0,0,0,0.0,0.0,0.0,0.0,4.303977413243298e+21,3.725290298461914e-05,
0,navstack-1709204551778,navstack,Static,HandCrafted,,,1709204563,96346139,"builtin_interfaces.msg.Time(sec=1709204561, nanosec=716346263)",120.0,Handcrafted_LabStudy,1,3,"-12.0,-0.0,0.5","-0.0,0.0,-0.0,-1.0","11.0,-0.0,0.0","-0.0,0.0,-0.0,-1.0",23.0,23.0,6.082762718200684,0,0,0,0,0,0,0,0.0,0.0,0.0,0.0,4.304261741637032e+21,3.725290298461914e-05,
0,navstack-1709204551778,navstack,Static,HandCrafted,,,1709204563,96346139,"builtin_interfaces.msg.Time(sec=1709204561, nanosec=716346263)",120.0,Handcrafted_LabStudy,1,3,"-12.0,-0.0,0.5","-0.0,0.0,-0.0,-1.0","11.0,-0.0,0.0","-0.0,0.0,-0.0,-1.0",23.0,23.0,6.082762718200684,0,0,0,0,0,0,0,0.0,0.0,0.0,0.0,4.304261741637032e+21,3.725290298461914e-05,
0,navstack-1709204551778,navstack,Static,HandCrafted,,,1709204563,116346120,"builtin_interfaces.msg.Time(sec=1709204561, nanosec=716346263)",120.0,Handcrafted_LabStudy,1,3,"-12.0,-0.0,0.5","-0.0,0.0,-0.0,-1.0","11.0,-0.0,0.0","-0.0,0.0,-0.0,-1.0",23.0,23.0,6.082762718200684,0,0,0,0,0,0,0,0.0,0.0,0.0,0.0,4.303977413243298e+21,3.725290298461914e-05,
0,navstack-1709204551778,navstack,Static,HandCrafted,,,1709204563,116346120,"builtin_interfaces.msg.Time(sec=1709204561, nanosec=716346263)",120.0,Handcrafted_LabStudy,1,3,"-12.0,-0.0,0.5","-0.0,0.0,-0.0,-1.0","11.0,-0.0,0.0","-0.0,0.0,-0.0,-1.0",23.0,23.0,6.082762718200684,0,0,0,0,0,0,0,0.0,0.0,0.0,0.0,4.303977413243298e+21,3.725290298461914e-05,
0,navstack-1709204551778,navstack,Static,HandCrafted,,,1709204563,136346101,"builtin_interfaces.msg.Time(sec=1709204561, nanosec=716346263)",120.0,Handcrafted_LabStudy,1,3,"-12.0,-0.0,0.5","-0.0,0.0,-0.0,-1.0","11.0,-0.0,0.0","-0.0,0.0,-0.0,-1.0",23.0,23.0,6.082762718200684,0,0,0,0,0,0,0,0.0,0.0,0.0,0.0,4.304261741637032e+21,3.725290298461914e-05,
0,navstack-1709204551778,navstack,Static,HandCrafted,,,1709204563,136346101,"builtin_interfaces.msg.Time(sec=1709204561, nanosec=716346263)",120.0,Handcrafted_LabStudy,1,3,"-12.0,-0.0,0.5","-0.0,0.0,-0.0,-1.0","11.0,-0.0,0.0","-0.0,0.0,-0.0,-1.0",23.0,23.0,6.082762718200684,0,0,0,0,0,0,0,0.0,0.0,0.0,0.0,4.304261741637032e+21,3.725290298461914e-05,
0,navstack-1709204551778,navstack,Static,HandCrafted,,,1709204563,136346101,"builtin_interfaces.msg.Time(sec=1709204561, nanosec=716346263)",120.0,Handcrafted_LabStudy,1,3,"-12.0,-0.0,0.5","-0.0,0.0,-0.0,-1.0","11.0,-0.0,0.0","-0.0,0.0,-0.0,-1.0",23.0,23.0,6.082762718200684,0,0,0,0,0,0,0,0.0,0.0,0.0,0.0,4.304261741637032e+21,0.0,
0,navstack-1709204551778,navstack,Static,HandCrafted,,,1709204563,156346082,"builtin_interfaces.msg.Time(sec=1709204561, nanosec=716346263)",120.0,Handcrafted_LabStudy,1,3,"-12.0,-0.0,0.5","-0.0,0.0,-0.0,-1.0","11.0,-0.0,0.0","-0.0,0.0,-0.0,-1.0",23.0,23.0,6.082762718200684,0,0,0,0,0,0,0,0.0,0.0,0.0,0.0,4.303977413243298e+21,3.725290298461914e-05,
0,navstack-1709204551778,navstack,Static,HandCrafted,,,1709204563,156346082,"builtin_interfaces.msg.Time(sec=1709204561, nanosec=716346263)",120.0,Handcrafted_LabStudy,1,3,"-12.0,-0.0,0.5","-0.0,0.0,-0.0,-1.0","11.0,-0.0,0.0","-0.0,0.0,-0.0,-1.0",23.0,23.0,6.082762718200684,0,0,0,0,0,0,0,0.0,0.0,0.0,0.0,4.303977413243298e+21,3.725290298461914e-05,
0,navstack-1709204551778,navstack,Static,HandCrafted,,,1709204563,176346302,"builtin_interfaces.msg.Time(sec=1709204561, nanosec=716346263)",120.0,Handcrafted_LabStudy,1,3,"-12.0,-0.0,0.5","-0.0,0.0,-0.0,-1.0","11.0,-0.0,0.0","-0.0,0.0,-0.0,-1.0",23.0,23.0,6.082762718200684,0,0,0,0,0,0,0,0.0,0.0,0.0,0.0,4.304261741637032e+21,3.725290298461914e-05,
0,navstack-1709204551778,navstack,Static,HandCrafted,,,1709204563,176346302,"builtin_interfaces.msg.Time(sec=1709204561, nanosec=716346263)",120.0,Handcrafted_LabStudy,1,3,"-12.0,-0.0,0.5","-0.0,0.0,-0.0,-1.0","11.0,-0.0,0.0","-0.0,0.0,-0.0,-1.0",23.0,23.0,6.082762718200684,0,0,0,0,0,0,0,0.0,0.0,0.0,0.0,4.304261741637032e+21,3.725290298461914e-05,
0,navstack-1709204551778,navstack,Static,HandCrafted,,,1709204563,196346282,"builtin_interfaces.msg.Time(sec=1709204561, nanosec=716346263)",120.0,Handcrafted_LabStudy,1,3,"-12.0,-0.0,0.5","-0.0,0.0,-0.0,-1.0","11.0,-0.0,0.0","-0.0,0.0,-0.0,-1.0",23.0,23.0,6.082762718200684,0,0,0,0,0,0,0,0.0,0.0,0.0,0.0,4.303977413243298e+21,3.725290298461914e-05,
0,navstack-1709204551778,navstack,Static,HandCrafted,,,1709204563,196346282,"builtin_interfaces.msg.Time(sec=1709204561, nanosec=716346263)",120.0,Handcrafted_LabStudy,1,3,"-12.0,-0.0,0.5","-0.0,0.0,-0.0,-1.0","11.0,-0.0,0.0","-0.0,0.0,-0.0,-1.0",23.0,23.0,6.082762718200684,0,0,0,0,0,0,0,0.0,0.0,0.0,0.0,4.303977413243298e+21,3.725290298461914e-05,
0,navstack-1709204551778,navstack,Static,HandCrafted,,,1709204563,196346282,"builtin_interfaces.msg.Time(sec=1709204561, nanosec=716346263)",120.0,Handcrafted_LabStudy,1,3,"-12.0,-0.0,0.5","-0.0,0.0,-0.0,-1.0","11.0,-0.0,0.0","-0.0,0.0,-0.0,-1.0",23.0,23.0,6.082762718200684,0,0,0,0,0,0,0,0.0,0.0,0.0,0.0,4.303977413243298e+21,0.0,
0,navstack-1709204551778,navstack,Static,HandCrafted,,,1709204563,216346263,"builtin_interfaces.msg.Time(sec=1709204561, nanosec=716346263)",120.0,Handcrafted_LabStudy,1,3,"-12.0,-0.0,0.5","-0.0,0.0,-0.0,-1.0","11.0,-0.0,0.0","-0.0,0.0,-0.0,-1.0",23.0,23.0,6.082762718200684,0,0,0,0,0,0,0,0.0,0.0,0.0,0.0,4.304261741637032e+21,3.725290298461914e-05,
0,navstack-1709204551778,navstack,Static,HandCrafted,,,1709204563,236346244,"builtin_interfaces.msg.Time(sec=1709204561, nanosec=716346263)",120.0,Handcrafted_LabStudy,1,3,"-12.0,-0.0,0.5","-0.0,0.0,-0.0,-1.0","11.0,-0.0,0.0","-0.0,0.0,-0.0,-1.0",23.0,23.0,6.082762718200684,0,0,0,0,0,0,0,0.0,0.0,0.0,0.0,4.303977413243298e+21,7.450580596923828e-05,
0,navstack-1709204551778,navstack,Static,HandCrafted,,,1709204563,256346225,"builtin_interfaces.msg.Time(sec=1709204561, nanosec=716346263)",120.0,Handcrafted_LabStudy,1,3,"-12.0,-0.0,0.5","-0.0,0.0,-0.0,-1.0","11.0,-0.0,0.0","-0.0,0.0,-0.0,-1.0",23.0,23.0,6.082762718200684,0,0,0,0,0,0,0,0.0,0.0,0.0,0.0,4.304261741637032e+21,7.450580596923828e-05,
0,navstack-1709204551778,navstack,Static,HandCrafted,,,1709204563,256346225,"builtin_interfaces.msg.Time(sec=1709204561, nanosec=716346263)",120.0,Handcrafted_LabStudy,1,3,"-12.0,-0.0,0.5","-0.0,0.0,-0.0,-1.0","11.0,-0.0,0.0","-0.0,0.0,-0.0,-1.0",23.0,23.0,6.082762718200684,0,0,0,0,0,0,0,0.0,0.0,0.0,0.0,4.304261741637032e+21,3.725290298461914e-05,
0,navstack-1709204551778,navstack,Static,HandCrafted,,,1709204563,276346206,"builtin_interfaces.msg.Time(sec=1709204561, nanosec=716346263)",120.0,Handcrafted_LabStudy,1,3,"-12.0,-0.0,0.5","-0.0,0.0,-0.0,-1.0","11.0,-0.0,0.0","-0.0,0.0,-0.0,-1.0",23.0,23.0,6.082762718200684,0,0,0,0,0,0,0,0.0,0.0,0.0,0.0,4.303977413243298e+21,3.725290298461914e-05,
0,navstack-1709204551778,navstack,Static,HandCrafted,,,1709204563,296346187,"builtin_interfaces.msg.Time(sec=1709204561, nanosec=716346263)",120.0,Handcrafted_LabStudy,1,3,"-12.0,-0.0,0.5","-0.0,0.0,-0.0,-1.0","11.0,-0.0,0.0","-0.0,0.0,-0.0,-1.0",23.0,23.0,6.082762718200684,0,0,0,0,0,0,0,0.0,0.0,0.0,0.0,4.304261741637032e+21,7.450580596923828e-05,
0,navstack-1709204551778,navstack,Static,HandCrafted,,,1709204563,296346187,"builtin_interfaces.msg.Time(sec=1709204561, nanosec=716346263)",120.0,Handcrafted_LabStudy,1,3,"-12.0,-0.0,0.5","-0.0,0.0,-0.0,-1.0","11.0,-0.0,0.0","-0.0,0.0,-0.0,-1.0",23.0,23.0,6.082762718200684,0,0,0,0,0,0,0,0.0,0.0,0.0,0.0,4.304261741637032e+21,3.725290298461914e-05,
0,navstack-1709204551778,navstack,Static,HandCrafted,,,1709204563,316346168,"builtin_interfaces.msg.Time(sec=1709204561, nanosec=716346263)",120.0,Handcrafted_LabStudy,1,3,"-12.0,-0.0,0.5","-0.0,0.0,-0.0,-1.0","11.0,-0.0,0.0","-0.0,0.0,-0.0,-1.0",23.0,23.0,6.082762718200684,0,0,0,0,0,0,0,0.0,0.0,0.0,0.0,4.303977413243298e+21,3.725290298461914e-05,
0,navstack-1709204551778,navstack,Static,HandCrafted,,,1709204563,316346168,"builtin_interfaces.msg.Time(sec=1709204561, nanosec=716346263)",120.0,Handcrafted_LabStudy,1,3,"-12.0,-0.0,0.5","-0.0,0.0,-0.0,-1.0","11.0,-0.0,0.0","-0.0,0.0,-0.0,-1.0",23.0,23.0,6.082762718200684,0,0,0,0,0,0,0,0.0,0.0,0.0,0.0,4.303977413243298e+21,3.725290298461914e-05,
0,navstack-1709204551778,navstack,Static,HandCrafted,,,1709204563,336346149,"builtin_interfaces.msg.Time(sec=1709204561, nanosec=716346263)",120.0,Handcrafted_LabStudy,1,3,"-12.0,-0.0,0.5","-0.0,0.0,-0.0,-1.0","11.0,-0.0,0.0","-0.0,0.0,-0.0,-1.0",23.0,23.0,6.082762718200684,0,0,0,0,0,0,0,0.0,0.0,0.0,0.0,4.304261741637032e+21,3.725290298461914e-05,
0,navstack-1709204551778,navstack,Static,HandCrafted,,,1709204563,356346130,"builtin_interfaces.msg.Time(sec=1709204561, nanosec=716346263)",120.0,Handcrafted_LabStudy,1,3,"-12.0,-0.0,0.5","-0.0,0.0,-0.0,-1.0","11.0,-0.0,0.0","-0.0,0.0,-0.0,-1.0",23.0,23.0,6.082762718200684,0,0,0,0,0,0,0,0.0,0.0,0.0,0.0,4.303977413243298e+21,7.450580596923828e-05,
0,navstack-1709204551778,navstack,Static,HandCrafted,,,1709204563,356346130,"builtin_interfaces.msg.Time(sec=1709204561, nanosec=716346263)",120.0,Handcrafted_LabStudy,1,3,"-12.0,-0.0,0.5","-0.0,0.0,-0.0,-1.0","11.0,-0.0,0.0","-0.0,0.0,-0.0,-1.0",23.0,23.0,6.082762718200684,0,0,0,0,0,0,0,0.0,0.0,0.0,0.0,4.303977413243298e+21,3.725290298461914e-05,
0,navstack-1709204551778,navstack,Static,HandCrafted,,,1709204563,376346111,"builtin_interfaces.msg.Time(sec=1709204561, nanosec=716346263)",120.0,Handcrafted_LabStudy,1,3,"-12.0,-0.0,0.5","-0.0,0.0,-0.0,-1.0","11.0,-0.0,0.0","-0.0,0.0,-0.0,-1.0",23.0,23.0,6.082762718200684,0,0,0,0,0,0,0,0.0,0.0,0.0,0.0,4.304261741637032e+21,3.725290298461914e-05,
0,navstack-1709204551778,navstack,Static,HandCrafted,,,1709204563,376346111,"builtin_interfaces.msg.Time(sec=1709204561, nanosec=716346263)",120.0,Handcrafted_LabStudy,1,3,"-12.0,-0.0,0.5","-0.0,0.0,-0.0,-1.0","11.0,-0.0,0.0","-0.0,0.0,-0.0,-1.0",23.0,23.0,6.082762718200684,0,0,0,0,0,0,0,0.0,0.0,0.0,0.0,4.304261741637032e+21,3.725290298461914e-05,
0,navstack-1709204551778,navstack,Static,HandCrafted,,,1709204563,396346092,"builtin_interfaces.msg.Time(sec=1709204561, nanosec=716346263)",120.0,Handcrafted_LabStudy,1,3,"-12.0,-0.0,0.5","-0.0,0.0,-0.0,-1.0","11.0,-0.0,0.0","-0.0,0.0,-0.0,-1.0",23.0,23.0,6.082762718200684,0,0,0,0,0,0,0,0.0,0.0,0.0,0.0,4.303977413243298e+21,3.725290298461914e-05,
0,navstack-1709204551778,navstack,Static,HandCrafted,,,1709204563,396346092,"builtin_interfaces.msg.Time(sec=1709204561, nanosec=716346263)",120.0,Handcrafted_LabStudy,1,3,"-12.0,-0.0,0.5","-0.0,0.0,-0.0,-1.0","11.0,-0.0,0.0","-0.0,0.0,-0.0,-1.0",23.0,23.0,6.082762718200684,0,0,0,0,0,0,0,0.0,0.0,0.0,0.0,4.303977413243298e+21,3.725290298461914e-05,
0,navstack-1709204551778,navstack,Static,HandCrafted,,,1709204563,396346092,"builtin_interfaces.msg.Time(sec=1709204561, nanosec=716346263)",120.0,Handcrafted_LabStudy,1,3,"-12.0,-0.0,0.5","-0.0,0.0,-0.0,-1.0","11.0,-0.0,0.0","-0.0,0.0,-0.0,-1.0",23.0,23.0,6.082762718200684,0,0,0,0,0,0,0,0.0,0.0,0.0,0.0,4.303977413243298e+21,0.0,
0,navstack-1709204551778,navstack,Static,HandCrafted,,,1709204563,416346073,"builtin_interfaces.msg.Time(sec=1709204561, nanosec=716346263)",120.0,Handcrafted_LabStudy,1,3,"-12.0,-0.0,0.5","-0.0,0.0,-0.0,-1.0","11.0,-0.0,0.0","-0.0,0.0,-0.0,-1.0",23.0,23.0,6.082762718200684,0,0,0,0,0,0,0,0.0,0.0,0.0,0.0,4.304261741637032e+21,3.725290298461914e-05,
0,navstack-1709204551778,navstack,Static,HandCrafted,,,1709204563,416346073,"builtin_interfaces.msg.Time(sec=1709204561, nanosec=716346263)",120.0,Handcrafted_LabStudy,1,3,"-12.0,-0.0,0.5","-0.0,0.0,-0.0,-1.0","11.0,-0.0,0.0","-0.0,0.0,-0.0,-1.0",23.0,23.0,6.082762718200684,0,0,0,0,0,0,0,0.0,0.0,0.0,0.0,4.304261741637032e+21,3.725290298461914e-05,
0,navstack-1709204551778,navstack,Static,HandCrafted,,,1709204563,436346292,"builtin_interfaces.msg.Time(sec=1709204561, nanosec=716346263)",120.0,Handcrafted_LabStudy,1,3,"-12.0,-0.0,0.5","-0.0,0.0,-0.0,-1.0","11.0,-0.0,0.0","-0.0,0.0,-0.0,-1.0",23.0,23.0,6.082762718200684,0,0,0,0,0,0,0,0.0,0.0,0.0,0.0,4.303977413243298e+21,3.725290298461914e-05,
0,navstack-1709204551778,navstack,Static,HandCrafted,,,1709204563,436346292,"builtin_interfaces.msg.Time(sec=1709204561, nanosec=716346263)",120.0,Handcrafted_LabStudy,1,3,"-12.0,-0.0,0.5","-0.0,0.0,-0.0,-1.0","11.0,-0.0,0.0","-0.0,0.0,-0.0,-1.0",23.0,23.0,6.082762718200684,0,0,0,0,0,0,0,0.0,0.0,0.0,0.0,4.303977413243298e+21,3.725290298461914e-05,
0,navstack-1709204551778,navstack,Static,HandCrafted,,,1709204563,456346273,"builtin_interfaces.msg.Time(sec=1709204561, nanosec=716346263)",120.0,Handcrafted_LabStudy,1,3,"-12.0,-0.0,0.5","-0.0,0.0,-0.0,-1.0","11.0,-0.0,0.0","-0.0,0.0,-0.0,-1.0",23.0,23.0,6.082762718200684,0,0,0,0,0,0,0,0.0,0.0,0.0,0.0,4.304261741637032e+21,3.725290298461914e-05,
0,navstack-1709204551778,navstack,Static,HandCrafted,,,1709204563,456346273,"builtin_interfaces.msg.Time(sec=1709204561, nanosec=716346263)",120.0,Handcrafted_LabStudy,1,3,"-12.0,-0.0,0.5","-0.0,0.0,-0.0,-1.0","11.0,-0.0,0.0","-0.0,0.0,-0.0,-1.0",23.0,23.0,6.082762718200684,0,0,0,0,0,0,0,0.0,0.0,0.0,0.0,4.304261741637032e+21,3.725290298461914e-05,
0,navstack-1709204551778,navstack,Static,HandCrafted,,,1709204563,476346254,"builtin_interfaces.msg.Time(sec=1709204561, nanosec=716346263)",120.0,Handcrafted_LabStudy,1,3,"-12.0,-0.0,0.5","-0.0,0.0,-0.0,-1.0","11.0,-0.0,0.0","-0.0,0.0,-0.0,-1.0",23.0,23.0,6.082762718200684,0,0,0,0,0,0,0,0.0,0.0,0.0,0.0,4.303977413243298e+21,3.725290298461914e-05,
0,navstack-1709204551778,navstack,Static,HandCrafted,,,1709204563,476346254,"builtin_interfaces.msg.Time(sec=1709204561, nanosec=716346263)",120.0,Handcrafted_LabStudy,1,3,"-12.0,-0.0,0.5","-0.0,0.0,-0.0,-1.0","11.0,-0.0,0.0","-0.0,0.0,-0.0,-1.0",23.0,23.0,6.082762718200684,0,0,0,0,0,0,0,0.0,0.0,0.0,0.0,4.303977413243298e+21,3.725290298461914e-05,
0,navstack-1709204551778,navstack,Static,HandCrafted,,,1709204563,496346235,"builtin_interfaces.msg.Time(sec=1709204561, nanosec=716346263)",120.0,Handcrafted_LabStudy,1,3,"-12.0,-0.0,0.5","-0.0,0.0,-0.0,-1.0","11.0,-0.0,0.0","-0.0,0.0,-0.0,-1.0",23.0,23.0,6.082762718200684,0,0,0,0,0,0,0,0.0,0.0,0.0,0.0,4.304261741637032e+21,3.725290298461914e-05,
0,navstack-1709204551778,navstack,Static,HandCrafted,,,1709204563,496346235,"builtin_interfaces.msg.Time(sec=1709204561, nanosec=716346263)",120.0,Handcrafted_LabStudy,1,3,"-12.0,-0.0,0.5","-0.0,0.0,-0.0,-1.0","11.0,-0.0,0.0","-0.0,0.0,-0.0,-1.0",23.0,23.0,6.082762718200684,0,0,0,0,0,0,0,0.0,0.0,0.0,0.0,4.304261741637032e+21,3.725290298461914e-05,
0,navstack-1709204551778,navstack,Static,HandCrafted,,,1709204563,516346216,"builtin_interfaces.msg.Time(sec=1709204561, nanosec=716346263)",120.0,Handcrafted_LabStudy,1,3,"-12.0,-0.0,0.5","-0.0,0.0,-0.0,-1.0","11.0,-0.0,0.0","-0.0,0.0,-0.0,-1.0",23.0,23.0,6.082762718200684,0,0,0,0,0,0,0,0.0,0.0,0.0,0.0,4.303977413243298e+21,3.725290298461914e-05,
0,navstack-1709204551778,navstack,Static,HandCrafted,,,1709204563,516346216,"builtin_interfaces.msg.Time(sec=1709204561, nanosec=716346263)",120.0,Handcrafted_LabStudy,1,3,"-12.0,-0.0,0.5","-0.0,0.0,-0.0,-1.0","11.0,-0.0,0.0","-0.0,0.0,-0.0,-1.0",23.0,23.0,6.082762718200684,0,0,0,0,0,0,0,0.0,0.0,0.0,0.0,4.303977413243298e+21,3.725290298461914e-05,
0,navstack-1709204551778,navstack,Static,HandCrafted,,,1709204563,536346197,"builtin_interfaces.msg.Time(sec=1709204561, nanosec=716346263)",120.0,Handcrafted_LabStudy,1,3,"-12.0,-0.0,0.5","-0.0,0.0,-0.0,-1.0","11.0,-0.0,0.0","-0.0,0.0,-0.0,-1.0",23.0,23.0,6.082762718200684,0,0,0,0,0,0,0,0.0,0.0,0.0,0.0,4.304261741637032e+21,3.725290298461914e-05,
0,navstack-1709204551778,navstack,Static,HandCrafted,,,1709204563,556346178,"builtin_interfaces.msg.Time(sec=1709204561, nanosec=716346263)",120.0,Handcrafted_LabStudy,1,3,"-12.0,-0.0,0.5","-0.0,0.0,-0.0,-1.0","11.0,-0.0,0.0","-0.0,0.0,-0.0,-1.0",23.0,23.0,6.082762718200684,0,0,0,0,0,0,0,0.0,0.0,0.0,0.0,4.303977413243298e+21,7.450580596923828e-05,
0,navstack-1709204551778,navstack,Static,HandCrafted,,,1709204563,576346158,"builtin_interfaces.msg.Time(sec=1709204561, nanosec=716346263)",120.0,Handcrafted_LabStudy,1,3,"-12.0,-0.0,0.5","-0.0,0.0,-0.0,-1.0","11.0,-0.0,0.0","-0.0,0.0,-0.0,-1.0",23.0,23.0,6.082762718200684,0,0,0,0,0,0,0,0.0,0.0,0.0,0.0,4.304261741637032e+21,7.450580596923828e-05,
0,navstack-1709204551778,navstack,Static,HandCrafted,,,1709204563,596346139,"builtin_interfaces.msg.Time(sec=1709204561, nanosec=716346263)",120.0,Handcrafted_LabStudy,1,3,"-12.0,-0.0,0.5","-0.0,0.0,-0.0,-1.0","11.0,-0.0,0.0","-0.0,0.0,-0.0,-1.0",23.0,23.0,6.082762718200684,0,0,0,0,0,0,0,0.0,0.0,0.0,0.0,4.303977413243298e+21,7.450580596923828e-05,
0,navstack-1709204551778,navstack,Static,HandCrafted,,,1709204563,596346139,"builtin_interfaces.msg.Time(sec=1709204561, nanosec=716346263)",120.0,Handcrafted_LabStudy,1,3,"-12.0,-0.0,0.5","-0.0,0.0,-0.0,-1.0","11.0,-0.0,0.0","-0.0,0.0,-0.0,-1.0",23.0,23.0,6.082762718200684,0,0,0,0,0,0,0,0.0,0.0,0.0,0.0,4.303977413243298e+21,3.725290298461914e-05,
0,navstack-1709204551778,navstack,Static,HandCrafted,,,1709204563,616346120,"builtin_interfaces.msg.Time(sec=1709204561, nanosec=716346263)",120.0,Handcrafted_LabStudy,1,3,"-12.0,-0.0,0.5","-0.0,0.0,-0.0,-1.0","11.0,-0.0,0.0","-0.0,0.0,-0.0,-1.0",23.0,23.0,6.082762718200684,0,0,0,0,0,0,0,0.0,0.0,0.0,0.0,4.304261741637032e+21,3.725290298461914e-05,
0,navstack-1709204551778,navstack,Static,HandCrafted,,,1709204563,636346101,"builtin_interfaces.msg.Time(sec=1709204561, nanosec=716346263)",120.0,Handcrafted_LabStudy,1,3,"-12.0,-0.0,0.5","-0.0,0.0,-0.0,-1.0","11.0,-0.0,0.0","-0.0,0.0,-0.0,-1.0",23.0,23.0,6.082762718200684,0,0,0,0,0,0,0,0.0,0.0,0.0,0.0,4.303977413243298e+21,7.450580596923828e-05,
0,navstack-1709204551778,navstack,Static,HandCrafted,,,1709204563,636346101,"builtin_interfaces.msg.Time(sec=1709204561, nanosec=716346263)",120.0,Handcrafted_LabStudy,1,3,"-12.0,-0.0,0.5","-0.0,0.0,-0.0,-1.0","11.0,-0.0,0.0","-0.0,0.0,-0.0,-1.0",23.0,23.0,6.082762718200684,0,0,0,0,0,0,0,0.0,0.0,0.0,0.0,4.303977413243298e+21,3.725290298461914e-05,
0,navstack-1709204551778,navstack,Static,HandCrafted,,,1709204563,656346082,"builtin_interfaces.msg.Time(sec=1709204561, nanosec=716346263)",120.0,Handcrafted_LabStudy,1,3,"-12.0,-0.0,0.5","-0.0,0.0,-0.0,-1.0","11.0,-0.0,0.0","-0.0,0.0,-0.0,-1.0",23.0,23.0,6.082762718200684,0,0,0,0,0,0,0,0.0,0.0,0.0,0.0,4.304261741637032e+21,3.725290298461914e-05,
0,navstack-1709204551778,navstack,Static,HandCrafted,,,1709204563,656346082,"builtin_interfaces.msg.Time(sec=1709204561, nanosec=716346263)",120.0,Handcrafted_LabStudy,1,3,"-12.0,-0.0,0.5","-0.0,0.0,-0.0,-1.0","11.0,-0.0,0.0","-0.0,0.0,-0.0,-1.0",23.0,23.0,6.082762718200684,0,0,0,0,0,0,0,0.0,0.0,0.0,0.0,4.304261741637032e+21,3.725290298461914e-05,
0,navstack-1709204551778,navstack,Static,HandCrafted,,,1709204563,676346302,"builtin_interfaces.msg.Time(sec=1709204561, nanosec=716346263)",120.0,Handcrafted_LabStudy,1,3,"-12.0,-0.0,0.5","-0.0,0.0,-0.0,-1.0","11.0,-0.0,0.0","-0.0,0.0,-0.0,-1.0",23.0,23.0,6.082762718200684,0,0,0,0,0,0,0,0.0,0.0,0.0,0.0,4.303977413243298e+21,3.725290298461914e-05,
0,navstack-1709204551778,navstack,Static,HandCrafted,,,1709204563,676346302,"builtin_interfaces.msg.Time(sec=1709204561, nanosec=716346263)",120.0,Handcrafted_LabStudy,1,3,"-12.0,-0.0,0.5","-0.0,0.0,-0.0,-1.0","11.0,-0.0,0.0","-0.0,0.0,-0.0,-1.0",23.0,23.0,6.082762718200684,0,0,0,0,0,0,0,0.0,0.0,0.0,0.0,4.303977413243298e+21,3.725290298461914e-05,
0,navstack-1709204551778,navstack,Static,HandCrafted,,,1709204563,676346302,"builtin_interfaces.msg.Time(sec=1709204561, nanosec=716346263)",120.0,Handcrafted_LabStudy,1,3,"-12.0,-0.0,0.5","-0.0,0.0,-0.0,-1.0","11.0,-0.0,0.0","-0.0,0.0,-0.0,-1.0",23.0,23.0,6.082762718200684,0,0,0,0,0,0,0,0.0,0.0,0.0,0.0,4.303977413243298e+21,0.0,
0,navstack-1709204551778,navstack,Static,HandCrafted,,,1709204563,696346282,"builtin_interfaces.msg.Time(sec=1709204561, nanosec=716346263)",120.0,Handcrafted_LabStudy,1,3,"-12.0,-0.0,0.5","-0.0,0.0,-0.0,-1.0","11.0,-0.0,0.0","-0.0,0.0,-0.0,-1.0",23.0,23.0,6.082762718200684,0,0,0,0,0,0,0,0.0,0.0,0.0,0.0,4.304261741637032e+21,3.725290298461914e-05,
0,navstack-1709204551778,navstack,Static,HandCrafted,,,1709204563,696346282,"builtin_interfaces.msg.Time(sec=1709204561, nanosec=716346263)",120.0,Handcrafted_LabStudy,1,3,"-12.0,-0.0,0.5","-0.0,0.0,-0.0,-1.0","11.0,-0.0,0.0","-0.0,0.0,-0.0,-1.0",23.0,23.0,6.082762718200684,0,0,0,0,0,0,0,0.0,0.0,0.0,0.0,4.304261741637032e+21,3.725290298461914e-05,
0,navstack-1709204551778,navstack,Static,HandCrafted,,,1709204563,716346263,"builtin_interfaces.msg.Time(sec=1709204561, nanosec=716346263)",120.0,Handcrafted_LabStudy,1,3,"-12.0,-0.0,0.5","-0.0,0.0,-0.0,-1.0","11.0,-0.0,0.0","-0.0,0.0,-0.0,-1.0",23.0,23.0,6.082762718200684,0,0,0,0,0,0,0,0.0,0.0,0.0,0.0,4.303977413243298e+21,3.725290298461914e-05,
0,navstack-1709204551778,navstack,Static,HandCrafted,,,1709204563,736346244,"builtin_interfaces.msg.Time(sec=1709204561, nanosec=716346263)",120.0,Handcrafted_LabStudy,1,3,"-12.0,-0.0,0.5","-0.0,0.0,-0.0,-1.0","11.0,-0.0,0.0","-0.0,0.0,-0.0,-1.0",23.0,23.0,6.082762718200684,0,0,0,0,0,0,0,0.0,0.0,0.0,0.0,4.304261741637032e+21,7.450580596923828e-05,
0,navstack-1709204551778,navstack,Static,HandCrafted,,,1709204563,736346244,"builtin_interfaces.msg.Time(sec=1709204561, nanosec=716346263)",120.0,Handcrafted_LabStudy,1,3,"-12.0,-0.0,0.5","-0.0,0.0,-0.0,-1.0","11.0,-0.0,0.0","-0.0,0.0,-0.0,-1.0",23.0,23.0,6.082762718200684,0,0,0,0,0,0,0,0.0,0.0,0.0,0.0,4.304261741637032e+21,3.725290298461914e-05,
0,navstack-1709204551778,navstack,Static,HandCrafted,,,1709204563,756346225,"builtin_interfaces.msg.Time(sec=1709204561, nanosec=716346263)",120.0,Handcrafted_LabStudy,1,3,"-12.0,-0.0,0.5","-0.0,0.0,-0.0,-1.0","11.0,-0.0,0.0","-0.0,0.0,-0.0,-1.0",23.0,23.0,6.082762718200684,0,0,0,0,0,0,0,0.0,0.0,1.0,0.0,4.303977413243298e+21,3.725290298461914e-05,
0,navstack-1709204551778,navstack,Static,HandCrafted,,,1709204563,756346225,"builtin_interfaces.msg.Time(sec=1709204561, nanosec=716346263)",120.0,Handcrafted_LabStudy,1,3,"-12.0,-0.0,0.5","-0.0,0.0,-0.0,-1.0","11.0,-0.0,0.0","-0.0,0.0,-0.0,-1.0",23.0,23.0,6.082762718200684,0,0,0,0,0,0,0,0.0,0.0,1.0,0.0,4.303977413243298e+21,3.725290298461914e-05,
0,navstack-1709204551778,navstack,Static,HandCrafted,,,1709204563,756346225,"builtin_interfaces.msg.Time(sec=1709204561, nanosec=716346263)",120.0,Handcrafted_LabStudy,1,3,"-12.0,-0.0,0.5","-0.0,0.0,-0.0,-1.0","11.0,-0.0,0.0","-0.0,0.0,-0.0,-1.0",23.0,23.0,6.082762718200684,0,0,0,0,0,0,0,0.0,0.0,1.0,0.0,4.303977413243298e+21,0.0,
0,navstack-1709204551778,navstack,Static,HandCrafted,,,1709204563,776346206,"builtin_interfaces.msg.Time(sec=1709204561, nanosec=716346263)",120.0,Handcrafted_LabStudy,1,3,"-12.0,-0.0,0.5","-0.0,0.0,-0.0,-1.0","11.0,-0.0,0.0","-0.0,0.0,-0.0,-1.0",23.0,23.0,6.082762718200684,0,0,0,0,0,0,0,0.0,0.0,1.0,0.0,4.304261741637032e+21,3.725290298461914e-05,
0,navstack-1709204551778,navstack,Static,HandCrafted,,,1709204563,776346206,"builtin_interfaces.msg.Time(sec=1709204561, nanosec=716346263)",120.0,Handcrafted_LabStudy,1,3,"-12.0,-0.0,0.5","-0.0,0.0,-0.0,-1.0","11.0,-0.0,0.0","-0.0,0.0,-0.0,-1.0",23.0,23.0,6.082762718200684,0,0,0,0,0,0,0,0.0,0.0,1.0,0.0,4.304261741637032e+21,3.725290298461914e-05,
0,navstack-1709204551778,navstack,Static,HandCrafted,,,1709204563,796346187,"builtin_interfaces.msg.Time(sec=1709204561, nanosec=716346263)",120.0,Handcrafted_LabStudy,1,3,"-12.0,-0.0,0.5","-0.0,0.0,-0.0,-1.0","11.0,-0.0,0.0","-0.0,0.0,-0.0,-1.0",23.0,23.0,6.082762718200684,0,0,0,0,0,0,0,0.0,0.0,1.0,0.0,4.303977413243298e+21,3.725290298461914e-05,
0,navstack-1709204551778,navstack,Static,HandCrafted,,,1709204563,796346187,"builtin_interfaces.msg.Time(sec=1709204561, nanosec=716346263)",120.0,Handcrafted_LabStudy,1,3,"-12.0,-0.0,0.5","-0.0,0.0,-0.0,-1.0","11.0,-0.0,0.0","-0.0,0.0,-0.0,-1.0",23.0,23.0,6.082762718200684,0,0,0,0,0,0,0,0.0,0.0,1.0,0.0,4.303977413243298e+21,3.725290298461914e-05,
0,navstack-1709204551778,navstack,Static,HandCrafted,,,1709204563,816346168,"builtin_interfaces.msg.Time(sec=1709204561, nanosec=716346263)",120.0,Handcrafted_LabStudy,1,3,"-12.0,-0.0,0.5","-0.0,0.0,-0.0,-1.0","11.0,-0.0,0.0","-0.0,0.0,-0.0,-1.0",23.0,23.0,6.082762718200684,0,0,0,0,0,0,0,0.0,0.0,1.0,0.0,4.304261741637032e+21,3.725290298461914e-05,
0,navstack-1709204551778,navstack,Static,HandCrafted,,,1709204563,816346168,"builtin_interfaces.msg.Time(sec=1709204561, nanosec=716346263)",120.0,Handcrafted_LabStudy,1,3,"-12.0,-0.0,0.5","-0.0,0.0,-0.0,-1.0","11.0,-0.0,0.0","-0.0,0.0,-0.0,-1.0",23.0,23.0,6.082762718200684,0,0,0,0,0,0,0,0.0,0.0,1.0,0.0,4.304261741637032e+21,3.725290298461914e-05,
0,navstack-1709204551778,navstack,Static,HandCrafted,,,1709204563,836346149,"builtin_interfaces.msg.Time(sec=1709204561, nanosec=716346263)",120.0,Handcrafted_LabStudy,1,3,"-12.0,-0.0,0.5","-0.0,0.0,-0.0,-1.0","11.0,-0.0,0.0","-0.0,0.0,-0.0,-1.0",23.0,23.0,6.082762718200684,0,0,0,0,0,0,0,0.0,0.0,1.0,0.0,4.303977413243298e+21,3.725290298461914e-05,
0,navstack-1709204551778,navstack,Static,HandCrafted,,,1709204563,836346149,"builtin_interfaces.msg.Time(sec=1709204561, nanosec=716346263)",120.0,Handcrafted_LabStudy,1,3,"-12.0,-0.0,0.5","-0.0,0.0,-0.0,-1.0","11.0,-0.0,0.0","-0.0,0.0,-0.0,-1.0",23.0,23.0,6.082762718200684,0,0,0,0,0,0,0,0.0,0.0,1.0,0.0,4.303977413243298e+21,3.725290298461914e-05,
0,navstack-1709204551778,navstack,Static,HandCrafted,,,1709204563,856345891,"builtin_interfaces.msg.Time(sec=1709204561, nanosec=716346263)",120.0,Handcrafted_LabStudy,1,3,"-12.0,-0.0,0.5","-0.0,0.0,-0.0,-1.0","11.0,-0.0,0.0","-0.0,0.0,-0.0,-1.0",23.0,23.0,6.082762718200684,0,0,0,0,0,0,0,0.0,0.0,1.0,0.0,4.304261741637032e+21,3.725290298461914e-05,
0,navstack-1709204551778,navstack,Static,HandCrafted,,,1709204563,856345891,"builtin_interfaces.msg.Time(sec=1709204561, nanosec=716346263)",120.0,Handcrafted_LabStudy,1,3,"-12.0,-0.0,0.5","-0.0,0.0,-0.0,-1.0","11.0,-0.0,0.0","-0.0,0.0,-0.0,-1.0",23.0,23.0,6.082762718200684,0,0,0,0,0,0,0,0.0,0.0,1.0,0.0,4.304261741637032e+21,3.725290298461914e-05,
0,navstack-1709204551778,navstack,Static,HandCrafted,,,1709204563,856345891,"builtin_interfaces.msg.Time(sec=1709204561, nanosec=716346263)",120.0,Handcrafted_LabStudy,1,3,"-12.0,-0.0,0.5","-0.0,0.0,-0.0,-1.0","11.0,-0.0,0.0","-0.0,0.0,-0.0,-1.0",23.0,23.0,6.082762718200684,0,0,0,0,0,0,0,0.0,0.0,1.0,0.0,4.304261741637032e+21,0.0,
0,navstack-1709204551778,navstack,Static,HandCrafted,,,1709204563,876345872,"builtin_interfaces.msg.Time(sec=1709204561, nanosec=716346263)",120.0,Handcrafted_LabStudy,1,3,"-12.0,-0.0,0.5","-0.0,0.0,-0.0,-1.0","11.0,-0.0,0.0","-0.0,0.0,-0.0,-1.0",23.0,23.0,6.082762718200684,0,0,0,0,0,0,0,0.0,0.0,1.0,0.0,4.303977413243298e+21,3.725290298461914e-05,
0,navstack-1709204551778,navstack,Static,HandCrafted,,,1709204563,876345872,"builtin_interfaces.msg.Time(sec=1709204561, nanosec=716346263)",120.0,Handcrafted_LabStudy,1,3,"-12.0,-0.0,0.5","-0.0,0.0,-0.0,-1.0","11.0,-0.0,0.0","-0.0,0.0,-0.0,-1.0",23.0,23.0,6.082762718200684,0,0,0,0,0,0,0,0.0,0.0,1.0,0.0,4.303977413243298e+21,3.725290298461914e-05,
0,navstack-1709204551778,navstack,Static,HandCrafted,,,1709204563,896346092,"builtin_interfaces.msg.Time(sec=1709204561, nanosec=716346263)",120.0,Handcrafted_LabStudy,1,3,"-12.0,-0.0,0.5","-0.0,0.0,-0.0,-1.0","11.0,-0.0,0.0","-0.0,0.0,-0.0,-1.0",23.0,23.0,6.082762718200684,0,0,0,0,0,0,0,0.0,0.0,1.0,0.0,4.304261741637032e+21,3.725290298461914e-05,
0,navstack-1709204551778,navstack,Static,HandCrafted,,,1709204563,896346092,"builtin_interfaces.msg.Time(sec=1709204561, nanosec=716346263)",120.0,Handcrafted_LabStudy,1,3,"-12.0,-0.0,0.5","-0.0,0.0,-0.0,-1.0","11.0,-0.0,0.0","-0.0,0.0,-0.0,-1.0",23.0,23.0,6.082762718200684,0,0,0,0,0,0,0,0.0,0.0,1.0,0.0,4.304261741637032e+21,3.725290298461914e-05,
0,navstack-1709204551778,navstack,Static,HandCrafted,,,1709204563,916346073,"builtin_interfaces.msg.Time(sec=1709204561, nanosec=716346263)",120.0,Handcrafted_LabStudy,1,3,"-12.0,-0.0,0.5","-0.0,0.0,-0.0,-1.0","11.0,-0.0,0.0","-0.0,0.0,-0.0,-1.0",23.0,23.0,6.082762718200684,0,0,0,0,0,0,0,0.0,0.0,1.0,0.0,4.303977413243298e+21,3.725290298461914e-05,
0,navstack-1709204551778,navstack,Static,HandCrafted,,,1709204563,936346292,"builtin_interfaces.msg.Time(sec=1709204561, nanosec=716346263)",120.0,Handcrafted_LabStudy,1,3,"-12.0,-0.0,0.5","-0.0,0.0,-0.0,-1.0","11.0,-0.0,0.0","-0.0,0.0,-0.0,-1.0",23.0,23.0,6.082762718200684,0,0,0,0,0,0,0,0.0,0.0,1.0,0.0,4.304261741637032e+21,7.450580596923828e-05,
0,navstack-1709204551778,navstack,Static,HandCrafted,,,1709204563,956346273,"builtin_interfaces.msg.Time(sec=1709204561, nanosec=716346263)",120.0,Handcrafted_LabStudy,1,3,"-12.0,-0.0,0.5","-0.0,0.0,-0.0,-1.0","11.0,-0.0,0.0","-0.0,0.0,-0.0,-1.0",23.0,23.0,6.082762718200684,0,0,0,0,0,0,0,0.0,0.0,1.0,0.0,4.303977413243298e+21,7.450580596923828e-05,
0,navstack-1709204551778,navstack,Static,HandCrafted,,,1709204563,976346254,"builtin_interfaces.msg.Time(sec=1709204561, nanosec=716346263)",120.0,Handcrafted_LabStudy,1,3,"-12.0,-0.0,0.5","-0.0,0.0,-0.0,-1.0","11.0,-0.0,0.0","-0.0,0.0,-0.0,-1.0",23.0,23.0,6.082762718200684,0,0,0,0,0,0,0,0.0,0.0,1.0,0.0,4.304261741637032e+21,7.450580596923828e-05,
0,navstack-1709204551778,navstack,Static,HandCrafted,,,1709204563,976346254,"builtin_interfaces.msg.Time(sec=1709204561, nanosec=716346263)",120.0,Handcrafted_LabStudy,1,3,"-12.0,-0.0,0.5","-0.0,0.0,-0.0,-1.0","11.0,-0.0,0.0","-0.0,0.0,-0.0,-1.0",23.0,23.0,6.082762718200684,0,0,0,0,0,0,0,0.0,0.0,1.0,0.0,4.304261741637032e+21,3.725290298461914e-05,
0,navstack-1709204551778,navstack,Static,HandCrafted,,,1709204563,996346235,"builtin_interfaces.msg.Time(sec=1709204561, nanosec=716346263)",120.0,Handcrafted_LabStudy,1,3,"-12.0,-0.0,0.5","-0.0,0.0,-0.0,-1.0","11.0,-0.0,0.0","-0.0,0.0,-0.0,-1.0",23.0,23.0,6.082762718200684,0,0,0,0,0,0,0,0.0,0.0,1.0,0.0,4.303977413243298e+21,3.725290298461914e-05,
0,navstack-1709204551778,navstack,Static,HandCrafted,,,1709204563,996346235,"builtin_interfaces.msg.Time(sec=1709204561, nanosec=716346263)",120.0,Handcrafted_LabStudy,1,3,"-12.0,-0.0,0.5","-0.0,0.0,-0.0,-1.0","11.0,-0.0,0.0","-0.0,0.0,-0.0,-1.0",23.0,23.0,6.082762718200684,0,0,0,0,0,0,0,0.0,0.0,1.0,0.0,4.303977413243298e+21,3.725290298461914e-05,
0,navstack-1709204551778,navstack,Static,HandCrafted,,,1709204564,16346216,"builtin_interfaces.msg.Time(sec=1709204561, nanosec=716346263)",120.0,Handcrafted_LabStudy,1,3,"-12.0,-0.0,0.5","-0.0,0.0,-0.0,-1.0","11.0,-0.0,0.0","-0.0,0.0,-0.0,-1.0",23.0,23.0,6.082762718200684,0,0,0,0,0,0,0,0.0,0.0,1.0,0.0,4.304261741637032e+21,3.725290298461914e-05,
0,navstack-1709204551778,navstack,Static,HandCrafted,,,1709204564,36346197,"builtin_interfaces.msg.Time(sec=1709204561, nanosec=716346263)",120.0,Handcrafted_LabStudy,1,3,"-12.0,-0.0,0.5","-0.0,0.0,-0.0,-1.0","11.0,-0.0,0.0","-0.0,0.0,-0.0,-1.0",23.0,23.0,6.082762718200684,0,0,0,0,0,0,0,0.0,0.0,1.0,0.0,4.303977413243298e+21,7.450580596923828e-05,
0,navstack-1709204551778,navstack,Static,HandCrafted,,,1709204564,36346197,"builtin_interfaces.msg.Time(sec=1709204561, nanosec=716346263)",120.0,Handcrafted_LabStudy,1,3,"-12.0,-0.0,0.5","-0.0,0.0,-0.0,-1.0","11.0,-0.0,0.0","-0.0,0.0,-0.0,-1.0",23.0,23.0,6.082762718200684,0,0,0,0,0,0,0,0.0,0.0,1.0,0.0,4.303977413243298e+21,3.725290298461914e-05,
0,navstack-1709204551778,navstack,Static,HandCrafted,,,1709204564,56346178,"builtin_interfaces.msg.Time(sec=1709204561, nanosec=716346263)",120.0,Handcrafted_LabStudy,1,3,"-12.0,-0.0,0.5","-0.0,0.0,-0.0,-1.0","11.0,-0.0,0.0","-0.0,0.0,-0.0,-1.0",23.0,23.0,6.082762718200684,0,0,0,0,0,0,0,0.0,0.0,1.0,0.0,4.304261741637032e+21,3.725290298461914e-05,
0,navstack-1709204551778,navstack,Static,HandCrafted,,,1709204564,56346178,"builtin_interfaces.msg.Time(sec=1709204561, nanosec=716346263)",120.0,Handcrafted_LabStudy,1,3,"-12.0,-0.0,0.5","-0.0,0.0,-0.0,-1.0","11.0,-0.0,0.0","-0.0,0.0,-0.0,-1.0",23.0,23.0,6.082762718200684,0,0,0,0,0,0,0,0.0,0.0,1.0,0.0,4.304261741637032e+21,3.725290298461914e-05,
0,navstack-1709204551778,navstack,Static,HandCrafted,,,1709204564,76346158,"builtin_interfaces.msg.Time(sec=1709204561, nanosec=716346263)",120.0,Handcrafted_LabStudy,1,3,"-12.0,-0.0,0.5","-0.0,0.0,-0.0,-1.0","11.0,-0.0,0.0","-0.0,0.0,-0.0,-1.0",23.0,23.0,6.082762718200684,0,0,0,0,0,0,0,0.0,0.0,1.0,0.0,4.303977413243298e+21,3.725290298461914e-05,
0,navstack-1709204551778,navstack,Static,HandCrafted,,,1709204564,76346158,"builtin_interfaces.msg.Time(sec=1709204561, nanosec=716346263)",120.0,Handcrafted_LabStudy,1,3,"-12.0,-0.0,0.5","-0.0,0.0,-0.0,-1.0","11.0,-0.0,0.0","-0.0,0.0,-0.0,-1.0",23.0,23.0,6.082762718200684,0,0,0,0,0,0,0,0.0,0.0,1.0,0.0,4.303977413243298e+21,3.725290298461914e-05,
0,navstack-1709204551778,navstack,Static,HandCrafted,,,1709204564,96345901,"builtin_interfaces.msg.Time(sec=1709204561, nanosec=716346263)",120.0,Handcrafted_LabStudy,1,3,"-12.0,-0.0,0.5","-0.0,0.0,-0.0,-1.0","11.0,-0.0,0.0","-0.0,0.0,-0.0,-1.0",23.0,23.0,6.082762718200684,0,0,0,0,0,0,0,0.0,0.0,1.0,0.0,4.304261741637032e+21,3.725290298461914e-05,
0,navstack-1709204551778,navstack,Static,HandCrafted,,,1709204564,96345901,"builtin_interfaces.msg.Time(sec=1709204561, nanosec=716346263)",120.0,Handcrafted_LabStudy,1,3,"-12.0,-0.0,0.5","-0.0,0.0,-0.0,-1.0","11.0,-0.0,0.0","-0.0,0.0,-0.0,-1.0",23.0,23.0,6.082762718200684,0,0,0,0,0,0,0,0.0,0.0,1.0,0.0,4.304261741637032e+21,3.725290298461914e-05,
0,navstack-1709204551778,navstack,Static,HandCrafted,,,1709204564,116345882,"builtin_interfaces.msg.Time(sec=1709204561, nanosec=716346263)",120.0,Handcrafted_LabStudy,1,3,"-12.0,-0.0,0.5","-0.0,0.0,-0.0,-1.0","11.0,-0.0,0.0","-0.0,0.0,-0.0,-1.0",23.0,23.0,6.082762718200684,0,0,0,0,0,0,0,0.0,0.0,1.0,0.0,4.303977413243298e+21,3.725290298461914e-05,
0,navstack-1709204551778,navstack,Static,HandCrafted,,,1709204564,116345882,"builtin_interfaces.msg.Time(sec=1709204561, nanosec=716346263)",120.0,Handcrafted_LabStudy,1,3,"-12.0,-0.0,0.5","-0.0,0.0,-0.0,-1.0","11.0,-0.0,0.0","-0.0,0.0,-0.0,-1.0",23.0,23.0,6.082762718200684,0,0,0,0,0,0,0,0.0,0.0,1.0,0.0,4.303977413243298e+21,3.725290298461914e-05,
0,navstack-1709204551778,navstack,Static,HandCrafted,,,1709204564,136345863,"builtin_interfaces.msg.Time(sec=1709204561, nanosec=716346263)",120.0,Handcrafted_LabStudy,1,3,"-12.0,-0.0,0.5","-0.0,0.0,-0.0,-1.0","11.0,-0.0,0.0","-0.0,0.0,-0.0,-1.0",23.0,23.0,6.082762718200684,0,0,0,0,0,0,0,0.0,0.0,1.0,0.0,4.304261741637032e+21,3.725290298461914e-05,
0,navstack-1709204551778,navstack,Static,HandCrafted,,,1709204564,136345863,"builtin_interfaces.msg.Time(sec=1709204561, nanosec=716346263)",120.0,Handcrafted_LabStudy,1,3,"-12.0,-0.0,0.5","-0.0,0.0,-0.0,-1.0","11.0,-0.0,0.0","-0.0,0.0,-0.0,-1.0",23.0,23.0,6.082762718200684,0,0,0,0,0,0,0,0.0,0.0,1.0,0.0,4.304261741637032e+21,3.725290298461914e-05,
0,navstack-1709204551778,navstack,Static,HandCrafted,,,1709204564,136345863,"builtin_interfaces.msg.Time(sec=1709204561, nanosec=716346263)",120.0,Handcrafted_LabStudy,1,3,"-12.0,-0.0,0.5","-0.0,0.0,-0.0,-1.0","11.0,-0.0,0.0","-0.0,0.0,-0.0,-1.0",23.0,23.0,6.082762718200684,0,0,0,0,0,0,0,0.0,0.0,1.0,0.0,4.304261741637032e+21,0.0,
0,navstack-1709204551778,navstack,Static,HandCrafted,,,1709204564,156346082,"builtin_interfaces.msg.Time(sec=1709204561, nanosec=716346263)",120.0,Handcrafted_LabStudy,1,3,"-12.0,-0.0,0.5","-0.0,0.0,-0.0,-1.0","11.0,-0.0,0.0","-0.0,0.0,-0.0,-1.0",23.0,23.0,6.082762718200684,0,0,0,0,0,0,0,0.0,0.0,1.0,0.0,4.303977413243298e+21,3.725290298461914e-05,
0,navstack-1709204551778,navstack,Static,HandCrafted,,,1709204564,156346082,"builtin_interfaces.msg.Time(sec=1709204561, nanosec=716346263)",120.0,Handcrafted_LabStudy,1,3,"-12.0,-0.0,0.5","-0.0,0.0,-0.0,-1.0","11.0,-0.0,0.0","-0.0,0.0,-0.0,-1.0",23.0,23.0,6.082762718200684,0,0,0,0,0,0,0,0.0,0.0,1.0,0.0,4.303977413243298e+21,3.725290298461914e-05,
0,navstack-1709204551778,navstack,Static,HandCrafted,,,1709204564,176346302,"builtin_interfaces.msg.Time(sec=1709204561, nanosec=716346263)",120.0,Handcrafted_LabStudy,1,3,"-12.0,-0.0,0.5","-0.0,0.0,-0.0,-1.0","11.0,-0.0,0.0","-0.0,0.0,-0.0,-1.0",23.0,23.0,6.082762718200684,0,0,0,0,0,0,0,0.0,0.0,1.0,0.0,4.304261741637032e+21,3.725290298461914e-05,
0,navstack-1709204551778,navstack,Static,HandCrafted,,,1709204564,196346282,"builtin_interfaces.msg.Time(sec=1709204561, nanosec=716346263)",120.0,Handcrafted_LabStudy,1,3,"-12.0,-0.0,0.5","-0.0,0.0,-0.0,-1.0","11.0,-0.0,0.0","-0.0,0.0,-0.0,-1.0",23.0,23.0,6.082762718200684,0,0,0,0,0,0,0,0.0,0.0,1.0,0.0,4.303977413243298e+21,7.450580596923828e-05,
0,navstack-1709204551778,navstack,Static,HandCrafted,,,1709204564,216346263,"builtin_interfaces.msg.Time(sec=1709204561, nanosec=716346263)",120.0,Handcrafted_LabStudy,1,3,"-12.0,-0.0,0.5","-0.0,0.0,-0.0,-1.0","11.0,-0.0,0.0","-0.0,0.0,-0.0,-1.0",23.0,23.0,6.082762718200684,0,0,0,0,0,0,0,0.0,0.0,1.0,0.0,4.304261741637032e+21,7.450580596923828e-05,
0,navstack-1709204551778,navstack,Static,HandCrafted,,,1709204564,236346244,"builtin_interfaces.msg.Time(sec=1709204561, nanosec=716346263)",120.0,Handcrafted_LabStudy,1,3,"-12.0,-0.0,0.5","-0.0,0.0,-0.0,-1.0","11.0,-0.0,0.0","-0.0,0.0,-0.0,-1.0",23.0,23.0,6.082762718200684,0,0,0,0,0,0,0,0.0,0.0,1.0,0.0,4.303977413243298e+21,7.450580596923828e-05,
0,navstack-1709204551778,navstack,Static,HandCrafted,,,1709204564,236346244,"builtin_interfaces.msg.Time(sec=1709204561, nanosec=716346263)",120.0,Handcrafted_LabStudy,1,3,"-12.0,-0.0,0.5","-0.0,0.0,-0.0,-1.0","11.0,-0.0,0.0","-0.0,0.0,-0.0,-1.0",23.0,23.0,6.082762718200684,0,0,0,0,0,0,0,0.0,0.0,1.0,0.0,4.303977413243298e+21,3.725290298461914e-05,
0,navstack-1709204551778,navstack,Static,HandCrafted,,,1709204564,256346225,"builtin_interfaces.msg.Time(sec=1709204561, nanosec=716346263)",120.0,Handcrafted_LabStudy,1,3,"-12.0,-0.0,0.5","-0.0,0.0,-0.0,-1.0","11.0,-0.0,0.0","-0.0,0.0,-0.0,-1.0",23.0,23.0,6.082762718200684,0,0,0,0,0,0,0,0.0,0.0,1.0,0.0,4.304261741637032e+21,3.725290298461914e-05,
0,navstack-1709204551778,navstack,Static,HandCrafted,,,1709204564,276346206,"builtin_interfaces.msg.Time(sec=1709204561, nanosec=716346263)",120.0,Handcrafted_LabStudy,1,3,"-12.0,-0.0,0.5","-0.0,0.0,-0.0,-1.0","11.0,-0.0,0.0","-0.0,0.0,-0.0,-1.0",23.0,23.0,6.082762718200684,0,0,0,0,0,0,0,0.0,0.0,1.0,0.0,4.303977413243298e+21,7.450580596923828e-05,
0,navstack-1709204551778,navstack,Static,HandCrafted,,,1709204564,296346187,"builtin_interfaces.msg.Time(sec=1709204561, nanosec=716346263)",120.0,Handcrafted_LabStudy,1,3,"-12.0,-0.0,0.5","-0.0,0.0,-0.0,-1.0","11.0,-0.0,0.0","-0.0,0.0,-0.0,-1.0",23.0,23.0,6.082762718200684,0,0,0,0,0,0,0,0.0,0.0,1.0,0.0,4.304261741637032e+21,7.450580596923828e-05,
0,navstack-1709204551778,navstack,Static,HandCrafted,,,1709204564,296346187,"builtin_interfaces.msg.Time(sec=1709204561, nanosec=716346263)",120.0,Handcrafted_LabStudy,1,3,"-12.0,-0.0,0.5","-0.0,0.0,-0.0,-1.0","11.0,-0.0,0.0","-0.0,0.0,-0.0,-1.0",23.0,23.0,6.082762718200684,0,0,0,0,0,0,0,0.0,0.0,1.0,0.0,4.304261741637032e+21,3.725290298461914e-05,
0,navstack-1709204551778,navstack,Static,HandCrafted,,,1709204564,316346168,"builtin_interfaces.msg.Time(sec=1709204561, nanosec=716346263)",120.0,Handcrafted_LabStudy,1,3,"-12.0,-0.0,0.5","-0.0,0.0,-0.0,-1.0","11.0,-0.0,0.0","-0.0,0.0,-0.0,-1.0",23.0,23.0,6.082762718200684,0,0,0,0,0,0,0,0.0,0.0,1.0,0.0,4.303977413243298e+21,3.725290298461914e-05,
0,navstack-1709204551778,navstack,Static,HandCrafted,,,1709204564,336346149,"builtin_interfaces.msg.Time(sec=1709204561, nanosec=716346263)",120.0,Handcrafted_LabStudy,1,3,"-12.0,-0.0,0.5","-0.0,0.0,-0.0,-1.0","11.0,-0.0,0.0","-0.0,0.0,-0.0,-1.0",23.0,23.0,6.082762718200684,0,0,0,0,0,0,0,0.0,0.0,1.0,0.0,4.304261741637032e+21,7.450580596923828e-05,
0,navstack-1709204551778,navstack,Static,HandCrafted,,,1709204564,356345891,"builtin_interfaces.msg.Time(sec=1709204561, nanosec=716346263)",120.0,Handcrafted_LabStudy,1,3,"-12.0,-0.0,0.5","-0.0,0.0,-0.0,-1.0","11.0,-0.0,0.0","-0.0,0.0,-0.0,-1.0",23.0,23.0,6.082762718200684,0,0,0,0,0,0,0,0.0,0.0,1.0,0.0,4.303977413243298e+21,7.450580596923828e-05,
0,navstack-1709204551778,navstack,Static,HandCrafted,,,1709204564,356345891,"builtin_interfaces.msg.Time(sec=1709204561, nanosec=716346263)",120.0,Handcrafted_LabStudy,1,3,"-12.0,-0.0,0.5","-0.0,0.0,-0.0,-1.0","11.0,-0.0,0.0","-0.0,0.0,-0.0,-1.0",23.0,23.0,6.082762718200684,0,0,0,0,0,0,0,0.0,0.0,1.0,0.0,4.303977413243298e+21,3.725290298461914e-05,
0,navstack-1709204551778,navstack,Static,HandCrafted,,,1709204564,376345872,"builtin_interfaces.msg.Time(sec=1709204561, nanosec=716346263)",120.0,Handcrafted_LabStudy,1,3,"-12.0,-0.0,0.5","-0.0,0.0,-0.0,-1.0","11.0,-0.0,0.0","-0.0,0.0,-0.0,-1.0",23.0,23.0,6.082762718200684,0,0,0,0,0,0,0,0.0,0.0,1.0,0.0,4.304261741637032e+21,3.725290298461914e-05,
0,navstack-1709204551778,navstack,Static,HandCrafted,,,1709204564,376345872,"builtin_interfaces.msg.Time(sec=1709204561, nanosec=716346263)",120.0,Handcrafted_LabStudy,1,3,"-12.0,-0.0,0.5","-0.0,0.0,-0.0,-1.0","11.0,-0.0,0.0","-0.0,0.0,-0.0,-1.0",23.0,23.0,6.082762718200684,0,0,0,0,0,0,0,0.0,0.0,1.0,0.0,4.304261741637032e+21,3.725290298461914e-05,
0,navstack-1709204551778,navstack,Static,HandCrafted,,,1709204564,376345872,"builtin_interfaces.msg.Time(sec=1709204561, nanosec=716346263)",120.0,Handcrafted_LabStudy,1,3,"-12.0,-0.0,0.5","-0.0,0.0,-0.0,-1.0","11.0,-0.0,0.0","-0.0,0.0,-0.0,-1.0",23.0,23.0,6.082762718200684,0,0,0,0,0,0,0,0.0,0.0,1.0,0.0,4.304261741637032e+21,0.0,
0,navstack-1709204551778,navstack,Static,HandCrafted,,,1709204564,396345853,"builtin_interfaces.msg.Time(sec=1709204561, nanosec=716346263)",120.0,Handcrafted_LabStudy,1,3,"-12.0,-0.0,0.5","-0.0,0.0,-0.0,-1.0","11.0,-0.0,0.0","-0.0,0.0,-0.0,-1.0",23.0,23.0,6.082762718200684,0,0,0,0,0,0,0,0.0,0.0,1.0,0.0,4.303977413243298e+21,3.725290298461914e-05,
0,navstack-1709204551778,navstack,Static,HandCrafted,,,1709204564,396345853,"builtin_interfaces.msg.Time(sec=1709204561, nanosec=716346263)",120.0,Handcrafted_LabStudy,1,3,"-12.0,-0.0,0.5","-0.0,0.0,-0.0,-1.0","11.0,-0.0,0.0","-0.0,0.0,-0.0,-1.0",23.0,23.0,6.082762718200684,0,0,0,0,0,0,0,0.0,0.0,1.0,0.0,4.303977413243298e+21,3.725290298461914e-05,
0,navstack-1709204551778,navstack,Static,HandCrafted,,,1709204564,416346073,"builtin_interfaces.msg.Time(sec=1709204561, nanosec=716346263)",120.0,Handcrafted_LabStudy,1,3,"-12.0,-0.0,0.5","-0.0,0.0,-0.0,-1.0","11.0,-0.0,0.0","-0.0,0.0,-0.0,-1.0",23.0,23.0,6.082762718200684,0,0,0,0,0,0,0,0.0,0.0,1.0,0.0,4.304261741637032e+21,3.725290298461914e-05,
0,navstack-1709204551778,navstack,Static,HandCrafted,,,1709204564,436346292,"builtin_interfaces.msg.Time(sec=1709204561, nanosec=716346263)",120.0,Handcrafted_LabStudy,1,3,"-12.0,-0.0,0.5","-0.0,0.0,-0.0,-1.0","11.0,-0.0,0.0","-0.0,0.0,-0.0,-1.0",23.0,23.0,6.082762718200684,0,0,0,0,0,0,0,0.0,0.0,1.0,0.0,4.303977413243298e+21,7.450580596923828e-05,
0,navstack-1709204551778,navstack,Static,HandCrafted,,,1709204564,436346292,"builtin_interfaces.msg.Time(sec=1709204561, nanosec=716346263)",120.0,Handcrafted_LabStudy,1,3,"-12.0,-0.0,0.5","-0.0,0.0,-0.0,-1.0","11.0,-0.0,0.0","-0.0,0.0,-0.0,-1.0",23.0,23.0,6.082762718200684,0,0,0,0,0,0,0,0.0,0.0,1.0,0.0,4.303977413243298e+21,3.725290298461914e-05,
0,navstack-1709204551778,navstack,Static,HandCrafted,,,1709204564,456346273,"builtin_interfaces.msg.Time(sec=1709204561, nanosec=716346263)",120.0,Handcrafted_LabStudy,1,3,"-12.0,-0.0,0.5","-0.0,0.0,-0.0,-1.0","11.0,-0.0,0.0","-0.0,0.0,-0.0,-1.0",23.0,23.0,6.082762718200684,0,0,0,0,0,0,0,0.0,0.0,1.0,0.0,4.304261741637032e+21,3.725290298461914e-05,
0,navstack-1709204551778,navstack,Static,HandCrafted,,,1709204564,456346273,"builtin_interfaces.msg.Time(sec=1709204561, nanosec=716346263)",120.0,Handcrafted_LabStudy,1,3,"-12.0,-0.0,0.5","-0.0,0.0,-0.0,-1.0","11.0,-0.0,0.0","-0.0,0.0,-0.0,-1.0",23.0,23.0,6.082762718200684,0,0,0,0,0,0,0,0.0,0.0,1.0,0.0,4.304261741637032e+21,3.725290298461914e-05,
0,navstack-1709204551778,navstack,Static,HandCrafted,,,1709204564,476346254,"builtin_interfaces.msg.Time(sec=1709204561, nanosec=716346263)",120.0,Handcrafted_LabStudy,1,3,"-12.0,-0.0,0.5","-0.0,0.0,-0.0,-1.0","11.0,-0.0,0.0","-0.0,0.0,-0.0,-1.0",23.0,23.0,6.082762718200684,0,0,0,0,0,0,0,0.0,0.0,1.0,0.0,4.303977413243298e+21,3.725290298461914e-05,
0,navstack-1709204551778,navstack,Static,HandCrafted,,,1709204564,476346254,"builtin_interfaces.msg.Time(sec=1709204561, nanosec=716346263)",120.0,Handcrafted_LabStudy,1,3,"-12.0,-0.0,0.5","-0.0,0.0,-0.0,-1.0","11.0,-0.0,0.0","-0.0,0.0,-0.0,-1.0",23.0,23.0,6.082762718200684,0,0,0,0,0,0,0,0.0,0.0,1.0,0.0,4.303977413243298e+21,3.725290298461914e-05,
0,navstack-1709204551778,navstack,Static,HandCrafted,,,1709204564,476346254,"builtin_interfaces.msg.Time(sec=1709204561, nanosec=716346263)",120.0,Handcrafted_LabStudy,1,3,"-12.0,-0.0,0.5","-0.0,0.0,-0.0,-1.0","11.0,-0.0,0.0","-0.0,0.0,-0.0,-1.0",23.0,23.0,6.082762718200684,0,0,0,0,0,0,0,0.0,0.0,1.0,0.0,4.303977413243298e+21,0.0,
0,navstack-1709204551778,navstack,Static,HandCrafted,,,1709204564,496346235,"builtin_interfaces.msg.Time(sec=1709204561, nanosec=716346263)",120.0,Handcrafted_LabStudy,1,3,"-12.0,-0.0,0.5","-0.0,0.0,-0.0,-1.0","11.0,-0.0,0.0","-0.0,0.0,-0.0,-1.0",23.0,23.0,6.082762718200684,0,0,0,0,0,0,0,0.0,0.0,1.0,0.0,4.304261741637032e+21,3.725290298461914e-05,
0,navstack-1709204551778,navstack,Static,HandCrafted,,,1709204564,496346235,"builtin_interfaces.msg.Time(sec=1709204561, nanosec=716346263)",120.0,Handcrafted_LabStudy,1,3,"-12.0,-0.0,0.5","-0.0,0.0,-0.0,-1.0","11.0,-0.0,0.0","-0.0,0.0,-0.0,-1.0",23.0,23.0,6.082762718200684,0,0,0,0,0,0,0,0.0,0.0,1.0,0.0,4.304261741637032e+21,3.725290298461914e-05,
0,navstack-1709204551778,navstack,Static,HandCrafted,,,1709204564,516346216,"builtin_interfaces.msg.Time(sec=1709204561, nanosec=716346263)",120.0,Handcrafted_LabStudy,1,3,"-12.0,-0.0,0.5","-0.0,0.0,-0.0,-1.0","11.0,-0.0,0.0","-0.0,0.0,-0.0,-1.0",23.0,23.0,6.082762718200684,0,0,0,0,0,0,0,0.0,0.0,1.0,0.0,4.303977413243298e+21,3.725290298461914e-05,
0,navstack-1709204551778,navstack,Static,HandCrafted,,,1709204564,536346197,"builtin_interfaces.msg.Time(sec=1709204561, nanosec=716346263)",120.0,Handcrafted_LabStudy,1,3,"-12.0,-0.0,0.5","-0.0,0.0,-0.0,-1.0","11.0,-0.0,0.0","-0.0,0.0,-0.0,-1.0",23.0,23.0,6.082762718200684,0,0,0,0,0,0,0,0.0,0.0,1.0,0.0,4.304261741637032e+21,7.450580596923828e-05,
0,navstack-1709204551778,navstack,Static,HandCrafted,,,1709204564,556346178,"builtin_interfaces.msg.Time(sec=1709204561, nanosec=716346263)",120.0,Handcrafted_LabStudy,1,3,"-12.0,-0.0,0.5","-0.0,0.0,-0.0,-1.0","11.0,-0.0,0.0","-0.0,0.0,-0.0,-1.0",23.0,23.0,6.082762718200684,0,0,0,0,0,0,0,0.0,0.0,1.0,0.0,4.303977413243298e+21,7.450580596923828e-05,
0,navstack-1709204551778,navstack,Static,HandCrafted,,,1709204564,576346158,"builtin_interfaces.msg.Time(sec=1709204561, nanosec=716346263)",120.0,Handcrafted_LabStudy,1,3,"-12.0,-0.0,0.5","-0.0,0.0,-0.0,-1.0","11.0,-0.0,0.0","-0.0,0.0,-0.0,-1.0",23.0,23.0,6.082762718200684,0,0,0,0,0,0,0,0.0,0.0,1.0,0.0,4.304261741637032e+21,7.450580596923828e-05,
0,navstack-1709204551778,navstack,Static,HandCrafted,,,1709204564,576346158,"builtin_interfaces.msg.Time(sec=1709204561, nanosec=716346263)",120.0,Handcrafted_LabStudy,1,3,"-12.0,-0.0,0.5","-0.0,0.0,-0.0,-1.0","11.0,-0.0,0.0","-0.0,0.0,-0.0,-1.0",23.0,23.0,6.082762718200684,0,0,0,0,0,0,0,0.0,0.0,1.0,0.0,4.304261741637032e+21,3.725290298461914e-05,
0,navstack-1709204551778,navstack,Static,HandCrafted,,,1709204564,596345901,"builtin_interfaces.msg.Time(sec=1709204561, nanosec=716346263)",120.0,Handcrafted_LabStudy,1,3,"-12.0,-0.0,0.5","-0.0,0.0,-0.0,-1.0","11.0,-0.0,0.0","-0.0,0.0,-0.0,-1.0",23.0,23.0,6.082762718200684,0,0,0,0,0,0,0,0.0,0.0,1.0,0.0,4.303977413243298e+21,3.725290298461914e-05,
0,navstack-1709204551778,navstack,Static,HandCrafted,,,1709204564,596345901,"builtin_interfaces.msg.Time(sec=1709204561, nanosec=716346263)",120.0,Handcrafted_LabStudy,1,3,"-12.0,-0.0,0.5","-0.0,0.0,-0.0,-1.0","11.0,-0.0,0.0","-0.0,0.0,-0.0,-1.0",23.0,23.0,6.082762718200684,0,0,0,0,0,0,0,0.0,0.0,1.0,0.0,4.303977413243298e+21,3.725290298461914e-05,
0,navstack-1709204551778,navstack,Static,HandCrafted,,,1709204564,616345882,"builtin_interfaces.msg.Time(sec=1709204561, nanosec=716346263)",120.0,Handcrafted_LabStudy,1,3,"-12.0,-0.0,0.5","-0.0,0.0,-0.0,-1.0","11.0,-0.0,0.0","-0.0,0.0,-0.0,-1.0",23.0,23.0,6.082762718200684,0,0,0,0,0,0,0,0.0,0.0,1.0,0.0,4.304261741637032e+21,3.725290298461914e-05,
0,navstack-1709204551778,navstack,Static,HandCrafted,,,1709204564,636345863,"builtin_interfaces.msg.Time(sec=1709204561, nanosec=716346263)",120.0,Handcrafted_LabStudy,1,3,"-12.0,-0.0,0.5","-0.0,0.0,-0.0,-1.0","11.0,-0.0,0.0","-0.0,0.0,-0.0,-1.0",23.0,23.0,6.082762718200684,0,0,0,0,0,0,0,0.0,0.0,1.0,0.0,4.303977413243298e+21,7.450580596923828e-05,
0,navstack-1709204551778,navstack,Static,HandCrafted,,,1709204564,636345863,"builtin_interfaces.msg.Time(sec=1709204561, nanosec=716346263)",120.0,Handcrafted_LabStudy,1,3,"-12.0,-0.0,0.5","-0.0,0.0,-0.0,-1.0","11.0,-0.0,0.0","-0.0,0.0,-0.0,-1.0",23.0,23.0,6.082762718200684,0,0,0,0,0,0,0,0.0,0.0,1.0,0.0,4.303977413243298e+21,3.725290298461914e-05,
0,navstack-1709204551778,navstack,Static,HandCrafted,,,1709204564,656345844,"builtin_interfaces.msg.Time(sec=1709204561, nanosec=716346263)",120.0,Handcrafted_LabStudy,1,3,"-12.0,-0.0,0.5","-0.0,0.0,-0.0,-1.0","11.0,-0.0,0.0","-0.0,0.0,-0.0,-1.0",23.0,23.0,6.082762718200684,0,0,0,0,0,0,0,0.0,0.0,1.0,0.0,4.304261741637032e+21,3.725290298461914e-05,
0,navstack-1709204551778,navstack,Static,HandCrafted,,,1709204564,656345844,"builtin_interfaces.msg.Time(sec=1709204561, nanosec=716346263)",120.0,Handcrafted_LabStudy,1,3,"-12.0,-0.0,0.5","-0.0,0.0,-0.0,-1.0","11.0,-0.0,0.0","-0.0,0.0,-0.0,-1.0",23.0,23.0,6.082762718200684,0,0,0,0,0,0,0,0.0,0.0,1.0,0.0,4.304261741637032e+21,3.725290298461914e-05,
0,navstack-1709204551778,navstack,Static,HandCrafted,,,1709204564,676346302,"builtin_interfaces.msg.Time(sec=1709204561, nanosec=716346263)",120.0,Handcrafted_LabStudy,1,3,"-12.0,-0.0,0.5","-0.0,0.0,-0.0,-1.0","11.0,-0.0,0.0","-0.0,0.0,-0.0,-1.0",23.0,23.0,6.082762718200684,0,0,0,0,0,0,0,0.0,0.0,1.0,0.0,4.303977413243298e+21,3.725290298461914e-05,
0,navstack-1709204551778,navstack,Static,HandCrafted,,,1709204564,676346302,"builtin_interfaces.msg.Time(sec=1709204561, nanosec=716346263)",120.0,Handcrafted_LabStudy,1,3,"-12.0,-0.0,0.5","-0.0,0.0,-0.0,-1.0","11.0,-0.0,0.0","-0.0,0.0,-0.0,-1.0",23.0,23.0,6.082762718200684,0,0,0,0,0,0,0,0.0,0.0,1.0,0.0,4.303977413243298e+21,3.725290298461914e-05,
0,navstack-1709204551778,navstack,Static,HandCrafted,,,1709204564,676346302,"builtin_interfaces.msg.Time(sec=1709204561, nanosec=716346263)",120.0,Handcrafted_LabStudy,1,3,"-12.0,-0.0,0.5","-0.0,0.0,-0.0,-1.0","11.0,-0.0,0.0","-0.0,0.0,-0.0,-1.0",23.0,23.0,6.082762718200684,0,0,0,0,0,0,0,0.0,0.0,1.0,0.0,4.303977413243298e+21,0.0,
0,navstack-1709204551778,navstack,Static,HandCrafted,,,1709204564,696346282,"builtin_interfaces.msg.Time(sec=1709204561, nanosec=716346263)",120.0,Handcrafted_LabStudy,1,3,"-12.0,-0.0,0.5","-0.0,0.0,-0.0,-1.0","11.0,-0.0,0.0","-0.0,0.0,-0.0,-1.0",23.0,23.0,6.082762718200684,0,0,0,0,0,0,0,0.0,0.0,1.0,0.0,4.304261741637032e+21,3.725290298461914e-05,
0,navstack-1709204551778,navstack,Static,HandCrafted,,,1709204564,716346263,"builtin_interfaces.msg.Time(sec=1709204561, nanosec=716346263)",120.0,Handcrafted_LabStudy,1,3,"-12.0,-0.0,0.5","-0.0,0.0,-0.0,-1.0","11.0,-0.0,0.0","-0.0,0.0,-0.0,-1.0",23.0,23.0,6.082762718200684,0,0,0,0,0,0,0,0.0,0.0,1.0,0.0,4.303977413243298e+21,7.450580596923828e-05,
0,navstack-1709204551778,navstack,Static,HandCrafted,,,1709204564,716346263,"builtin_interfaces.msg.Time(sec=1709204561, nanosec=716346263)",120.0,Handcrafted_LabStudy,1,3,"-12.0,-0.0,0.5","-0.0,0.0,-0.0,-1.0","11.0,-0.0,0.0","-0.0,0.0,-0.0,-1.0",23.0,23.0,6.082762718200684,0,0,0,0,0,0,0,0.0,0.0,1.0,0.0,4.303977413243298e+21,3.725290298461914e-05,
0,navstack-1709204551778,navstack,Static,HandCrafted,,,1709204564,736346244,"builtin_interfaces.msg.Time(sec=1709204561, nanosec=716346263)",120.0,Handcrafted_LabStudy,1,3,"-12.0,-0.0,0.5","-0.0,0.0,-0.0,-1.0","11.0,-0.0,0.0","-0.0,0.0,-0.0,-1.0",23.0,23.0,6.082762718200684,0,0,0,0,0,0,0,0.0,0.0,1.0,0.0,4.304261741637032e+21,3.725290298461914e-05,
0,navstack-1709204551778,navstack,Static,HandCrafted,,,1709204564,736346244,"builtin_interfaces.msg.Time(sec=1709204561, nanosec=716346263)",120.0,Handcrafted_LabStudy,1,3,"-12.0,-0.0,0.5","-0.0,0.0,-0.0,-1.0","11.0,-0.0,0.0","-0.0,0.0,-0.0,-1.0",23.0,23.0,6.082762718200684,0,0,0,0,0,0,0,0.0,0.0,1.0,0.0,4.304261741637032e+21,3.725290298461914e-05,
0,navstack-1709204551778,navstack,Static,HandCrafted,,,1709204564,756346225,"builtin_interfaces.msg.Time(sec=1709204561, nanosec=716346263)",120.0,Handcrafted_LabStudy,1,3,"-12.0,-0.0,0.5","-0.0,0.0,-0.0,-1.0","11.0,-0.0,0.0","-0.0,0.0,-0.0,-1.0",23.0,23.0,6.082762718200684,0,0,0,0,0,0,0,0.0,0.0,2.0,0.0,4.303977413243298e+21,3.725290298461914e-05,
0,navstack-1709204551778,navstack,Static,HandCrafted,,,1709204564,756346225,"builtin_interfaces.msg.Time(sec=1709204561, nanosec=716346263)",120.0,Handcrafted_LabStudy,1,3,"-12.0,-0.0,0.5","-0.0,0.0,-0.0,-1.0","11.0,-0.0,0.0","-0.0,0.0,-0.0,-1.0",23.0,23.0,6.082762718200684,0,0,0,0,0,0,0,0.0,0.0,2.0,0.0,4.303977413243298e+21,3.725290298461914e-05,
0,navstack-1709204551778,navstack,Static,HandCrafted,,,1709204564,776346206,"builtin_interfaces.msg.Time(sec=1709204561, nanosec=716346263)",120.0,Handcrafted_LabStudy,1,3,"-12.0,-0.0,0.5","-0.0,0.0,-0.0,-1.0","11.0,-0.0,0.0","-0.0,0.0,-0.0,-1.0",23.0,23.0,6.082762718200684,0,0,0,0,0,0,0,0.0,0.0,2.0,0.0,4.304261741637032e+21,3.725290298461914e-05,
0,navstack-1709204551778,navstack,Static,HandCrafted,,,1709204564,796346187,"builtin_interfaces.msg.Time(sec=1709204561, nanosec=716346263)",120.0,Handcrafted_LabStudy,1,3,"-12.0,-0.0,0.5","-0.0,0.0,-0.0,-1.0","11.0,-0.0,0.0","-0.0,0.0,-0.0,-1.0",23.0,23.0,6.082762718200684,0,0,0,0,0,0,0,0.0,0.0,2.0,0.0,4.303977413243298e+21,7.450580596923828e-05,
0,navstack-1709204551778,navstack,Static,HandCrafted,,,1709204564,796346187,"builtin_interfaces.msg.Time(sec=1709204561, nanosec=716346263)",120.0,Handcrafted_LabStudy,1,3,"-12.0,-0.0,0.5","-0.0,0.0,-0.0,-1.0","11.0,-0.0,0.0","-0.0,0.0,-0.0,-1.0",23.0,23.0,6.082762718200684,0,0,0,0,0,0,0,0.0,0.0,2.0,0.0,4.303977413243298e+21,3.725290298461914e-05,
0,navstack-1709204551778,navstack,Static,HandCrafted,,,1709204564,816346168,"builtin_interfaces.msg.Time(sec=1709204561, nanosec=716346263)",120.0,Handcrafted_LabStudy,1,3,"-12.0,-0.0,0.5","-0.0,0.0,-0.0,-1.0","11.0,-0.0,0.0","-0.0,0.0,-0.0,-1.0",23.0,23.0,6.082762718200684,0,0,0,0,0,0,0,0.0,0.0,2.0,0.0,4.304261741637032e+21,3.725290298461914e-05,
0,navstack-1709204551778,navstack,Static,HandCrafted,,,1709204564,816346168,"builtin_interfaces.msg.Time(sec=1709204561, nanosec=716346263)",120.0,Handcrafted_LabStudy,1,3,"-12.0,-0.0,0.5","-0.0,0.0,-0.0,-1.0","11.0,-0.0,0.0","-0.0,0.0,-0.0,-1.0",23.0,23.0,6.082762718200684,0,0,0,0,0,0,0,0.0,0.0,2.0,0.0,4.304261741637032e+21,3.725290298461914e-05,
0,navstack-1709204551778,navstack,Static,HandCrafted,,,1709204564,836346149,"builtin_interfaces.msg.Time(sec=1709204561, nanosec=716346263)",120.0,Handcrafted_LabStudy,1,3,"-12.0,-0.0,0.5","-0.0,0.0,-0.0,-1.0","11.0,-0.0,0.0","-0.0,0.0,-0.0,-1.0",23.0,23.0,6.082762718200684,0,0,0,0,0,0,0,0.0,0.0,2.0,0.0,4.303977413243298e+21,3.725290298461914e-05,
0,navstack-1709204551778,navstack,Static,HandCrafted,,,1709204564,836346149,"builtin_interfaces.msg.Time(sec=1709204561, nanosec=716346263)",120.0,Handcrafted_LabStudy,1,3,"-12.0,-0.0,0.5","-0.0,0.0,-0.0,-1.0","11.0,-0.0,0.0","-0.0,0.0,-0.0,-1.0",23.0,23.0,6.082762718200684,0,0,0,0,0,0,0,0.0,0.0,2.0,0.0,4.303977413243298e+21,3.725290298461914e-05,
0,navstack-1709204551778,navstack,Static,HandCrafted,,,1709204564,856345891,"builtin_interfaces.msg.Time(sec=1709204561, nanosec=716346263)",120.0,Handcrafted_LabStudy,1,3,"-12.0,-0.0,0.5","-0.0,0.0,-0.0,-1.0","11.0,-0.0,0.0","-0.0,0.0,-0.0,-1.0",23.0,23.0,6.082762718200684,0,0,0,0,0,0,0,0.0,0.0,2.0,0.0,4.304261741637032e+21,3.725290298461914e-05,
0,navstack-1709204551778,navstack,Static,HandCrafted,,,1709204564,876345872,"builtin_interfaces.msg.Time(sec=1709204561, nanosec=716346263)",120.0,Handcrafted_LabStudy,1,3,"-12.0,-0.0,0.5","-0.0,0.0,-0.0,-1.0","11.0,-0.0,0.0","-0.0,0.0,-0.0,-1.0",23.0,23.0,6.082762718200684,0,0,0,0,0,0,0,0.0,0.0,2.0,0.0,4.303977413243298e+21,7.450580596923828e-05,
0,navstack-1709204551778,navstack,Static,HandCrafted,,,1709204564,876345872,"builtin_interfaces.msg.Time(sec=1709204561, nanosec=716346263)",120.0,Handcrafted_LabStudy,1,3,"-12.0,-0.0,0.5","-0.0,0.0,-0.0,-1.0","11.0,-0.0,0.0","-0.0,0.0,-0.0,-1.0",23.0,23.0,6.082762718200684,0,0,0,0,0,0,0,0.0,0.0,2.0,0.0,4.303977413243298e+21,3.725290298461914e-05,
0,navstack-1709204551778,navstack,Static,HandCrafted,,,1709204564,896345853,"builtin_interfaces.msg.Time(sec=1709204561, nanosec=716346263)",120.0,Handcrafted_LabStudy,1,3,"-12.0,-0.0,0.5","-0.0,0.0,-0.0,-1.0","11.0,-0.0,0.0","-0.0,0.0,-0.0,-1.0",23.0,23.0,6.082762718200684,0,0,0,0,0,0,0,0.0,0.0,2.0,0.0,4.304261741637032e+21,3.725290298461914e-05,
0,navstack-1709204551778,navstack,Static,HandCrafted,,,1709204564,896345853,"builtin_interfaces.msg.Time(sec=1709204561, nanosec=716346263)",120.0,Handcrafted_LabStudy,1,3,"-12.0,-0.0,0.5","-0.0,0.0,-0.0,-1.0","11.0,-0.0,0.0","-0.0,0.0,-0.0,-1.0",23.0,23.0,6.082762718200684,0,0,0,0,0,0,0,0.0,0.0,2.0,0.0,4.304261741637032e+21,3.725290298461914e-05,
0,navstack-1709204551778,navstack,Static,HandCrafted,,,1709204564,916345834,"builtin_interfaces.msg.Time(sec=1709204561, nanosec=716346263)",120.0,Handcrafted_LabStudy,1,3,"-12.0,-0.0,0.5","-0.0,0.0,-0.0,-1.0","11.0,-0.0,0.0","-0.0,0.0,-0.0,-1.0",23.0,23.0,6.082762718200684,0,0,0,0,0,0,0,0.0,0.0,2.0,0.0,4.303977413243298e+21,3.725290298461914e-05,
0,navstack-1709204551778,navstack,Static,HandCrafted,,,1709204564,916345834,"builtin_interfaces.msg.Time(sec=1709204561, nanosec=716346263)",120.0,Handcrafted_LabStudy,1,3,"-12.0,-0.0,0.5","-0.0,0.0,-0.0,-1.0","11.0,-0.0,0.0","-0.0,0.0,-0.0,-1.0",23.0,23.0,6.082762718200684,0,0,0,0,0,0,0,0.0,0.0,2.0,0.0,4.303977413243298e+21,3.725290298461914e-05,
0,navstack-1709204551778,navstack,Static,HandCrafted,,,1709204564,916345834,"builtin_interfaces.msg.Time(sec=1709204561, nanosec=716346263)",120.0,Handcrafted_LabStudy,1,3,"-12.0,-0.0,0.5","-0.0,0.0,-0.0,-1.0","11.0,-0.0,0.0","-0.0,0.0,-0.0,-1.0",23.0,23.0,6.082762718200684,0,0,0,0,0,0,0,0.0,0.0,2.0,0.0,4.303977413243298e+21,0.0,
0,navstack-1709204551778,navstack,Static,HandCrafted,,,1709204564,936346292,"builtin_interfaces.msg.Time(sec=1709204561, nanosec=716346263)",120.0,Handcrafted_LabStudy,1,3,"-12.0,-0.0,0.5","-0.0,0.0,-0.0,-1.0","11.0,-0.0,0.0","-0.0,0.0,-0.0,-1.0",23.0,23.0,6.082762718200684,0,0,0,0,0,0,0,0.0,0.0,2.0,0.0,4.304261741637032e+21,3.725290298461914e-05,
0,navstack-1709204551778,navstack,Static,HandCrafted,,,1709204564,936346292,"builtin_interfaces.msg.Time(sec=1709204561, nanosec=716346263)",120.0,Handcrafted_LabStudy,1,3,"-12.0,-0.0,0.5","-0.0,0.0,-0.0,-1.0","11.0,-0.0,0.0","-0.0,0.0,-0.0,-1.0",23.0,23.0,6.082762718200684,0,0,0,0,0,0,0,0.0,0.0,2.0,0.0,4.304261741637032e+21,3.725290298461914e-05,
0,navstack-1709204551778,navstack,Static,HandCrafted,,,1709204564,956346273,"builtin_interfaces.msg.Time(sec=1709204561, nanosec=716346263)",120.0,Handcrafted_LabStudy,1,3,"-12.0,-0.0,0.5","-0.0,0.0,-0.0,-1.0","11.0,-0.0,0.0","-0.0,0.0,-0.0,-1.0",23.0,23.0,6.082762718200684,0,0,0,0,0,0,0,0.0,0.0,2.0,0.0,4.303977413243298e+21,3.725290298461914e-05,
0,navstack-1709204551778,navstack,Static,HandCrafted,,,1709204564,956346273,"builtin_interfaces.msg.Time(sec=1709204561, nanosec=716346263)",120.0,Handcrafted_LabStudy,1,3,"-12.0,-0.0,0.5","-0.0,0.0,-0.0,-1.0","11.0,-0.0,0.0","-0.0,0.0,-0.0,-1.0",23.0,23.0,6.082762718200684,0,0,0,0,0,0,0,0.0,0.0,2.0,0.0,4.303977413243298e+21,3.725290298461914e-05,
0,navstack-1709204551778,navstack,Static,HandCrafted,,,1709204564,956346273,"builtin_interfaces.msg.Time(sec=1709204561, nanosec=716346263)",120.0,Handcrafted_LabStudy,1,3,"-12.0,-0.0,0.5","-0.0,0.0,-0.0,-1.0","11.0,-0.0,0.0","-0.0,0.0,-0.0,-1.0",23.0,23.0,6.082762718200684,0,0,0,0,0,0,0,0.0,0.0,2.0,0.0,4.303977413243298e+21,0.0,
0,navstack-1709204551778,navstack,Static,HandCrafted,,,1709204564,976346254,"builtin_interfaces.msg.Time(sec=1709204561, nanosec=716346263)",120.0,Handcrafted_LabStudy,1,3,"-12.0,-0.0,0.5","-0.0,0.0,-0.0,-1.0","11.0,-0.0,0.0","-0.0,0.0,-0.0,-1.0",23.0,23.0,6.082762718200684,0,0,0,0,0,0,0,0.0,0.0,2.0,0.0,4.304261741637032e+21,3.725290298461914e-05,
0,navstack-1709204551778,navstack,Static,HandCrafted,,,1709204564,976346254,"builtin_interfaces.msg.Time(sec=1709204561, nanosec=716346263)",120.0,Handcrafted_LabStudy,1,3,"-12.0,-0.0,0.5","-0.0,0.0,-0.0,-1.0","11.0,-0.0,0.0","-0.0,0.0,-0.0,-1.0",23.0,23.0,6.082762718200684,0,0,0,0,0,0,0,0.0,0.0,2.0,0.0,4.304261741637032e+21,3.725290298461914e-05,
0,navstack-1709204551778,navstack,Static,HandCrafted,,,1709204564,996346235,"builtin_interfaces.msg.Time(sec=1709204561, nanosec=716346263)",120.0,Handcrafted_LabStudy,1,3,"-12.0,-0.0,0.5","-0.0,0.0,-0.0,-1.0","11.0,-0.0,0.0","-0.0,0.0,-0.0,-1.0",23.0,23.0,6.082762718200684,0,0,0,0,0,0,0,0.0,0.0,2.0,0.0,4.303977413243298e+21,3.725290298461914e-05,
0,navstack-1709204551778,navstack,Static,HandCrafted,,,1709204564,996346235,"builtin_interfaces.msg.Time(sec=1709204561, nanosec=716346263)",120.0,Handcrafted_LabStudy,1,3,"-12.0,-0.0,0.5","-0.0,0.0,-0.0,-1.0","11.0,-0.0,0.0","-0.0,0.0,-0.0,-1.0",23.0,23.0,6.082762718200684,0,0,0,0,0,0,0,0.0,0.0,2.0,0.0,4.303977413243298e+21,3.725290298461914e-05,
0,navstack-1709204551778,navstack,Static,HandCrafted,,,1709204565,16346216,"builtin_interfaces.msg.Time(sec=1709204561, nanosec=716346263)",120.0,Handcrafted_LabStudy,1,3,"-12.0,-0.0,0.5","-0.0,0.0,-0.0,-1.0","11.0,-0.0,0.0","-0.0,0.0,-0.0,-1.0",23.0,23.0,6.082762718200684,0,0,0,0,0,0,0,0.0,0.0,2.0,0.0,4.304261741637032e+21,3.725290298461914e-05,
0,navstack-1709204551778,navstack,Static,HandCrafted,,,1709204565,16346216,"builtin_interfaces.msg.Time(sec=1709204561, nanosec=716346263)",120.0,Handcrafted_LabStudy,1,3,"-12.0,-0.0,0.5","-0.0,0.0,-0.0,-1.0","11.0,-0.0,0.0","-0.0,0.0,-0.0,-1.0",23.0,23.0,6.082762718200684,0,0,0,0,0,0,0,0.0,0.0,2.0,0.0,4.304261741637032e+21,3.725290298461914e-05,
0,navstack-1709204551778,navstack,Static,HandCrafted,,,1709204565,16346216,"builtin_interfaces.msg.Time(sec=1709204561, nanosec=716346263)",120.0,Handcrafted_LabStudy,1,3,"-12.0,-0.0,0.5","-0.0,0.0,-0.0,-1.0","11.0,-0.0,0.0","-0.0,0.0,-0.0,-1.0",23.0,23.0,6.082762718200684,0,0,0,0,0,0,0,0.0,0.0,2.0,0.0,4.304261741637032e+21,0.0,
0,navstack-1709204551778,navstack,Static,HandCrafted,,,1709204565,36346197,"builtin_interfaces.msg.Time(sec=1709204561, nanosec=716346263)",120.0,Handcrafted_LabStudy,1,3,"-12.0,-0.0,0.5","-0.0,0.0,-0.0,-1.0","11.0,-0.0,0.0","-0.0,0.0,-0.0,-1.0",23.0,23.0,6.082762718200684,0,0,0,0,0,0,0,0.0,0.0,2.0,0.0,4.303977413243298e+21,3.725290298461914e-05,
0,navstack-1709204551778,navstack,Static,HandCrafted,,,1709204565,36346197,"builtin_interfaces.msg.Time(sec=1709204561, nanosec=716346263)",120.0,Handcrafted_LabStudy,1,3,"-12.0,-0.0,0.5","-0.0,0.0,-0.0,-1.0","11.0,-0.0,0.0","-0.0,0.0,-0.0,-1.0",23.0,23.0,6.082762718200684,0,0,0,0,0,0,0,0.0,0.0,2.0,0.0,4.303977413243298e+21,3.725290298461914e-05,
0,navstack-1709204551778,navstack,Static,HandCrafted,,,1709204565,56346178,"builtin_interfaces.msg.Time(sec=1709204561, nanosec=716346263)",120.0,Handcrafted_LabStudy,1,3,"-12.0,-0.0,0.5","-0.0,0.0,-0.0,-1.0","11.0,-0.0,0.0","-0.0,0.0,-0.0,-1.0",23.0,23.0,6.082762718200684,0,0,0,0,0,0,0,0.0,0.0,2.0,0.0,4.304261741637032e+21,3.725290298461914e-05,
0,navstack-1709204551778,navstack,Static,HandCrafted,,,1709204565,56346178,"builtin_interfaces.msg.Time(sec=1709204561, nanosec=716346263)",120.0,Handcrafted_LabStudy,1,3,"-12.0,-0.0,0.5","-0.0,0.0,-0.0,-1.0","11.0,-0.0,0.0","-0.0,0.0,-0.0,-1.0",23.0,23.0,6.082762718200684,0,0,0,0,0,0,0,0.0,0.0,2.0,0.0,4.304261741637032e+21,3.725290298461914e-05,
0,navstack-1709204551778,navstack,Static,HandCrafted,,,1709204565,76346158,"builtin_interfaces.msg.Time(sec=1709204561, nanosec=716346263)",120.0,Handcrafted_LabStudy,1,3,"-12.0,-0.0,0.5","-0.0,0.0,-0.0,-1.0","11.0,-0.0,0.0","-0.0,0.0,-0.0,-1.0",23.0,23.0,6.082762718200684,0,0,0,0,0,0,0,0.0,0.0,2.0,0.0,4.303977413243298e+21,3.725290298461914e-05,
0,navstack-1709204551778,navstack,Static,HandCrafted,,,1709204565,76346158,"builtin_interfaces.msg.Time(sec=1709204561, nanosec=716346263)",120.0,Handcrafted_LabStudy,1,3,"-12.0,-0.0,0.5","-0.0,0.0,-0.0,-1.0","11.0,-0.0,0.0","-0.0,0.0,-0.0,-1.0",23.0,23.0,6.082762718200684,0,0,0,0,0,0,0,0.0,0.0,2.0,0.0,4.303977413243298e+21,3.725290298461914e-05,
0,navstack-1709204551778,navstack,Static,HandCrafted,,,1709204565,96345901,"builtin_interfaces.msg.Time(sec=1709204561, nanosec=716346263)",120.0,Handcrafted_LabStudy,1,3,"-12.0,-0.0,0.5","-0.0,0.0,-0.0,-1.0","11.0,-0.0,0.0","-0.0,0.0,-0.0,-1.0",23.0,23.0,6.082762718200684,0,0,0,0,0,0,0,0.0,0.0,2.0,0.0,4.304261741637032e+21,3.725290298461914e-05,
0,navstack-1709204551778,navstack,Static,HandCrafted,,,1709204565,96345901,"builtin_interfaces.msg.Time(sec=1709204561, nanosec=716346263)",120.0,Handcrafted_LabStudy,1,3,"-12.0,-0.0,0.5","-0.0,0.0,-0.0,-1.0","11.0,-0.0,0.0","-0.0,0.0,-0.0,-1.0",23.0,23.0,6.082762718200684,0,0,0,0,0,0,0,0.0,0.0,2.0,0.0,4.304261741637032e+21,3.725290298461914e-05,
0,navstack-1709204551778,navstack,Static,HandCrafted,,,1709204565,116345882,"builtin_interfaces.msg.Time(sec=1709204561, nanosec=716346263)",120.0,Handcrafted_LabStudy,1,3,"-12.0,-0.0,0.5","-0.0,0.0,-0.0,-1.0","11.0,-0.0,0.0","-0.0,0.0,-0.0,-1.0",23.0,23.0,6.082762718200684,0,0,0,0,0,0,0,0.0,0.0,2.0,0.0,4.303977413243298e+21,3.725290298461914e-05,
0,navstack-1709204551778,navstack,Static,HandCrafted,,,1709204565,116345882,"builtin_interfaces.msg.Time(sec=1709204561, nanosec=716346263)",120.0,Handcrafted_LabStudy,1,3,"-12.0,-0.0,0.5","-0.0,0.0,-0.0,-1.0","11.0,-0.0,0.0","-0.0,0.0,-0.0,-1.0",23.0,23.0,6.082762718200684,0,0,0,0,0,0,0,0.0,0.0,2.0,0.0,4.303977413243298e+21,3.725290298461914e-05,
0,navstack-1709204551778,navstack,Static,HandCrafted,,,1709204565,136345863,"builtin_interfaces.msg.Time(sec=1709204561, nanosec=716346263)",120.0,Handcrafted_LabStudy,1,3,"-12.0,-0.0,0.5","-0.0,0.0,-0.0,-1.0","11.0,-0.0,0.0","-0.0,0.0,-0.0,-1.0",23.0,23.0,6.082762718200684,0,0,0,0,0,0,0,0.0,0.0,2.0,0.0,4.304261741637032e+21,3.725290298461914e-05,
0,navstack-1709204551778,navstack,Static,HandCrafted,,,1709204565,136345863,"builtin_interfaces.msg.Time(sec=1709204561, nanosec=716346263)",120.0,Handcrafted_LabStudy,1,3,"-12.0,-0.0,0.5","-0.0,0.0,-0.0,-1.0","11.0,-0.0,0.0","-0.0,0.0,-0.0,-1.0",23.0,23.0,6.082762718200684,0,0,0,0,0,0,0,0.0,0.0,2.0,0.0,4.304261741637032e+21,3.725290298461914e-05,
0,navstack-1709204551778,navstack,Static,HandCrafted,,,1709204565,156345844,"builtin_interfaces.msg.Time(sec=1709204561, nanosec=716346263)",120.0,Handcrafted_LabStudy,1,3,"-12.0,-0.0,0.5","-0.0,0.0,-0.0,-1.0","11.0,-0.0,0.0","-0.0,0.0,-0.0,-1.0",23.0,23.0,6.082762718200684,0,0,0,0,0,0,0,0.0,0.0,2.0,0.0,4.303977413243298e+21,3.725290298461914e-05,
0,navstack-1709204551778,navstack,Static,HandCrafted,,,1709204565,176346302,"builtin_interfaces.msg.Time(sec=1709204561, nanosec=716346263)",120.0,Handcrafted_LabStudy,1,3,"-12.0,-0.0,0.5","-0.0,0.0,-0.0,-1.0","11.0,-0.0,0.0","-0.0,0.0,-0.0,-1.0",23.0,23.0,6.082762718200684,0,0,0,0,0,0,0,0.0,0.0,2.0,0.0,4.304261741637032e+21,7.450580596923828e-05,
0,navstack-1709204551778,navstack,Static,HandCrafted,,,1709204565,176346302,"builtin_interfaces.msg.Time(sec=1709204561, nanosec=716346263)",120.0,Handcrafted_LabStudy,1,3,"-12.0,-0.0,0.5","-0.0,0.0,-0.0,-1.0","11.0,-0.0,0.0","-0.0,0.0,-0.0,-1.0",23.0,23.0,6.082762718200684,0,0,0,0,0,0,0,0.0,0.0,2.0,0.0,4.304261741637032e+21,3.725290298461914e-05,
0,navstack-1709204551778,navstack,Static,HandCrafted,,,1709204565,196346282,"builtin_interfaces.msg.Time(sec=1709204561, nanosec=716346263)",120.0,Handcrafted_LabStudy,1,3,"-12.0,-0.0,0.5","-0.0,0.0,-0.0,-1.0","11.0,-0.0,0.0","-0.0,0.0,-0.0,-1.0",23.0,23.0,6.082762718200684,0,0,0,0,0,0,0,0.0,0.0,2.0,0.0,4.303977413243298e+21,3.725290298461914e-05,
0,navstack-1709204551778,navstack,Static,HandCrafted,,,1709204565,216346263,"builtin_interfaces.msg.Time(sec=1709204561, nanosec=716346263)",120.0,Handcrafted_LabStudy,1,3,"-12.0,-0.0,0.5","-0.0,0.0,-0.0,-1.0","11.0,-0.0,0.0","-0.0,0.0,-0.0,-1.0",23.0,23.0,6.082762718200684,0,0,0,0,0,0,0,0.0,0.0,2.0,0.0,4.304261741637032e+21,7.450580596923828e-05,
0,navstack-1709204551778,navstack,Static,HandCrafted,,,1709204565,236346244,"builtin_interfaces.msg.Time(sec=1709204561, nanosec=716346263)",120.0,Handcrafted_LabStudy,1,3,"-12.0,-0.0,0.5","-0.0,0.0,-0.0,-1.0","11.0,-0.0,0.0","-0.0,0.0,-0.0,-1.0",23.0,23.0,6.082762718200684,0,0,0,0,0,0,0,0.0,0.0,2.0,0.0,4.303977413243298e+21,7.450580596923828e-05,
0,navstack-1709204551778,navstack,Static,HandCrafted,,,1709204565,236346244,"builtin_interfaces.msg.Time(sec=1709204561, nanosec=716346263)",120.0,Handcrafted_LabStudy,1,3,"-12.0,-0.0,0.5","-0.0,0.0,-0.0,-1.0","11.0,-0.0,0.0","-0.0,0.0,-0.0,-1.0",23.0,23.0,6.082762718200684,0,0,0,0,0,0,0,0.0,0.0,2.0,0.0,4.303977413243298e+21,3.725290298461914e-05,
0,navstack-1709204551778,navstack,Static,HandCrafted,,,1709204565,256346225,"builtin_interfaces.msg.Time(sec=1709204561, nanosec=716346263)",120.0,Handcrafted_LabStudy,1,3,"-12.0,-0.0,0.5","-0.0,0.0,-0.0,-1.0","11.0,-0.0,0.0","-0.0,0.0,-0.0,-1.0",23.0,23.0,6.082762718200684,0,0,0,0,0,0,0,0.0,0.0,2.0,0.0,4.304261741637032e+21,3.725290298461914e-05,
0,navstack-1709204551778,navstack,Static,HandCrafted,,,1709204565,256346225,"builtin_interfaces.msg.Time(sec=1709204561, nanosec=716346263)",120.0,Handcrafted_LabStudy,1,3,"-12.0,-0.0,0.5","-0.0,0.0,-0.0,-1.0","11.0,-0.0,0.0","-0.0,0.0,-0.0,-1.0",23.0,23.0,6.082762718200684,0,0,0,0,0,0,0,0.0,0.0,2.0,0.0,4.304261741637032e+21,3.725290298461914e-05,
0,navstack-1709204551778,navstack,Static,HandCrafted,,,1709204565,276346206,"builtin_interfaces.msg.Time(sec=1709204561, nanosec=716346263)",120.0,Handcrafted_LabStudy,1,3,"-12.0,-0.0,0.5","-0.0,0.0,-0.0,-1.0","11.0,-0.0,0.0","-0.0,0.0,-0.0,-1.0",23.0,23.0,6.082762718200684,0,0,0,0,0,0,0,0.0,0.0,2.0,0.0,4.303977413243298e+21,3.725290298461914e-05,
0,navstack-1709204551778,navstack,Static,HandCrafted,,,1709204565,276346206,"builtin_interfaces.msg.Time(sec=1709204561, nanosec=716346263)",120.0,Handcrafted_LabStudy,1,3,"-12.0,-0.0,0.5","-0.0,0.0,-0.0,-1.0","11.0,-0.0,0.0","-0.0,0.0,-0.0,-1.0",23.0,23.0,6.082762718200684,0,0,0,0,0,0,0,0.0,0.0,2.0,0.0,4.303977413243298e+21,3.725290298461914e-05,
0,navstack-1709204551778,navstack,Static,HandCrafted,,,1709204565,296346187,"builtin_interfaces.msg.Time(sec=1709204561, nanosec=716346263)",120.0,Handcrafted_LabStudy,1,3,"-12.0,-0.0,0.5","-0.0,0.0,-0.0,-1.0","11.0,-0.0,0.0","-0.0,0.0,-0.0,-1.0",23.0,23.0,6.082762718200684,0,0,0,0,0,0,0,0.0,0.0,2.0,0.0,4.304261741637032e+21,3.725290298461914e-05,
0,navstack-1709204551778,navstack,Static,HandCrafted,,,1709204565,296346187,"builtin_interfaces.msg.Time(sec=1709204561, nanosec=716346263)",120.0,Handcrafted_LabStudy,1,3,"-12.0,-0.0,0.5","-0.0,0.0,-0.0,-1.0","11.0,-0.0,0.0","-0.0,0.0,-0.0,-1.0",23.0,23.0,6.082762718200684,0,0,0,0,0,0,0,0.0,0.0,2.0,0.0,4.304261741637032e+21,3.725290298461914e-05,
0,navstack-1709204551778,navstack,Static,HandCrafted,,,1709204565,316346168,"builtin_interfaces.msg.Time(sec=1709204561, nanosec=716346263)",120.0,Handcrafted_LabStudy,1,3,"-12.0,-0.0,0.5","-0.0,0.0,-0.0,-1.0","11.0,-0.0,0.0","-0.0,0.0,-0.0,-1.0",23.0,23.0,6.082762718200684,0,0,0,0,0,0,0,0.0,0.0,2.0,0.0,4.303977413243298e+21,3.725290298461914e-05,
0,navstack-1709204551778,navstack,Static,HandCrafted,,,1709204565,316346168,"builtin_interfaces.msg.Time(sec=1709204561, nanosec=716346263)",120.0,Handcrafted_LabStudy,1,3,"-12.0,-0.0,0.5","-0.0,0.0,-0.0,-1.0","11.0,-0.0,0.0","-0.0,0.0,-0.0,-1.0",23.0,23.0,6.082762718200684,0,0,0,0,0,0,0,0.0,0.0,2.0,0.0,4.303977413243298e+21,3.725290298461914e-05,
0,navstack-1709204551778,navstack,Static,HandCrafted,,,1709204565,316346168,"builtin_interfaces.msg.Time(sec=1709204561, nanosec=716346263)",120.0,Handcrafted_LabStudy,1,3,"-12.0,-0.0,0.5","-0.0,0.0,-0.0,-1.0","11.0,-0.0,0.0","-0.0,0.0,-0.0,-1.0",23.0,23.0,6.082762718200684,0,0,0,0,0,0,0,0.0,0.0,2.0,0.0,4.303977413243298e+21,0.0,
0,navstack-1709204551778,navstack,Static,HandCrafted,,,1709204565,336346149,"builtin_interfaces.msg.Time(sec=1709204561, nanosec=716346263)",120.0,Handcrafted_LabStudy,1,3,"-12.0,-0.0,0.5","-0.0,0.0,-0.0,-1.0","11.0,-0.0,0.0","-0.0,0.0,-0.0,-1.0",23.0,23.0,6.082762718200684,0,0,0,0,0,0,0,0.0,0.0,2.0,0.0,4.304261741637032e+21,3.725290298461914e-05,
0,navstack-1709204551778,navstack,Static,HandCrafted,,,1709204565,336346149,"builtin_interfaces.msg.Time(sec=1709204561, nanosec=716346263)",120.0,Handcrafted_LabStudy,1,3,"-12.0,-0.0,0.5","-0.0,0.0,-0.0,-1.0","11.0,-0.0,0.0","-0.0,0.0,-0.0,-1.0",23.0,23.0,6.082762718200684,0,0,0,0,0,0,0,0.0,0.0,2.0,0.0,4.304261741637032e+21,3.725290298461914e-05,
0,navstack-1709204551778,navstack,Static,HandCrafted,,,1709204565,356345891,"builtin_interfaces.msg.Time(sec=1709204561, nanosec=716346263)",120.0,Handcrafted_LabStudy,1,3,"-12.0,-0.0,0.5","-0.0,0.0,-0.0,-1.0","11.0,-0.0,0.0","-0.0,0.0,-0.0,-1.0",23.0,23.0,6.082762718200684,0,0,0,0,0,0,0,0.0,0.0,2.0,0.0,4.303977413243298e+21,3.725290298461914e-05,
0,navstack-1709204551778,navstack,Static,HandCrafted,,,1709204565,356345891,"builtin_interfaces.msg.Time(sec=1709204561, nanosec=716346263)",120.0,Handcrafted_LabStudy,1,3,"-12.0,-0.0,0.5","-0.0,0.0,-0.0,-1.0","11.0,-0.0,0.0","-0.0,0.0,-0.0,-1.0",23.0,23.0,6.082762718200684,0,0,0,0,0,0,0,0.0,0.0,2.0,0.0,4.303977413243298e+21,3.725290298461914e-05,
0,navstack-1709204551778,navstack,Static,HandCrafted,,,1709204565,376345872,"builtin_interfaces.msg.Time(sec=1709204561, nanosec=716346263)",120.0,Handcrafted_LabStudy,1,3,"-12.0,-0.0,0.5","-0.0,0.0,-0.0,-1.0","11.0,-0.0,0.0","-0.0,0.0,-0.0,-1.0",23.0,23.0,6.082762718200684,0,0,0,0,0,0,0,0.0,0.0,2.0,0.0,4.304261741637032e+21,3.725290298461914e-05,
0,navstack-1709204551778,navstack,Static,HandCrafted,,,1709204565,396345853,"builtin_interfaces.msg.Time(sec=1709204561, nanosec=716346263)",120.0,Handcrafted_LabStudy,1,3,"-12.0,-0.0,0.5","-0.0,0.0,-0.0,-1.0","11.0,-0.0,0.0","-0.0,0.0,-0.0,-1.0",23.0,23.0,6.082762718200684,0,0,0,0,0,0,0,0.0,0.0,2.0,0.0,4.303977413243298e+21,7.450580596923828e-05,
0,navstack-1709204551778,navstack,Static,HandCrafted,,,1709204565,396345853,"builtin_interfaces.msg.Time(sec=1709204561, nanosec=716346263)",120.0,Handcrafted_LabStudy,1,3,"-12.0,-0.0,0.5","-0.0,0.0,-0.0,-1.0","11.0,-0.0,0.0","-0.0,0.0,-0.0,-1.0",23.0,23.0,6.082762718200684,0,0,0,0,0,0,0,0.0,0.0,2.0,0.0,4.303977413243298e+21,3.725290298461914e-05,
0,navstack-1709204551778,navstack,Static,HandCrafted,,,1709204565,416345834,"builtin_interfaces.msg.Time(sec=1709204561, nanosec=716346263)",120.0,Handcrafted_LabStudy,1,3,"-12.0,-0.0,0.5","-0.0,0.0,-0.0,-1.0","11.0,-0.0,0.0","-0.0,0.0,-0.0,-1.0",23.0,23.0,6.082762718200684,0,0,0,0,0,0,0,0.0,0.0,2.0,0.0,4.304261741637032e+21,3.725290298461914e-05,
0,navstack-1709204551778,navstack,Static,HandCrafted,,,1709204565,416345834,"builtin_interfaces.msg.Time(sec=1709204561, nanosec=716346263)",120.0,Handcrafted_LabStudy,1,3,"-12.0,-0.0,0.5","-0.0,0.0,-0.0,-1.0","11.0,-0.0,0.0","-0.0,0.0,-0.0,-1.0",23.0,23.0,6.082762718200684,0,0,0,0,0,0,0,0.0,0.0,2.0,0.0,4.304261741637032e+21,3.725290298461914e-05,
0,navstack-1709204551778,navstack,Static,HandCrafted,,,1709204565,436346292,"builtin_interfaces.msg.Time(sec=1709204561, nanosec=716346263)",120.0,Handcrafted_LabStudy,1,3,"-12.0,-0.0,0.5","-0.0,0.0,-0.0,-1.0","11.0,-0.0,0.0","-0.0,0.0,-0.0,-1.0",23.0,23.0,6.082762718200684,0,0,0,0,0,0,0,0.0,0.0,2.0,0.0,4.303977413243298e+21,3.725290298461914e-05,
0,navstack-1709204551778,navstack,Static,HandCrafted,,,1709204565,456346273,"builtin_interfaces.msg.Time(sec=1709204561, nanosec=716346263)",120.0,Handcrafted_LabStudy,1,3,"-12.0,-0.0,0.5","-0.0,0.0,-0.0,-1.0","11.0,-0.0,0.0","-0.0,0.0,-0.0,-1.0",23.0,23.0,6.082762718200684,0,0,0,0,0,0,0,0.0,0.0,2.0,0.0,4.304261741637032e+21,7.450580596923828e-05,
0,navstack-1709204551778,navstack,Static,HandCrafted,,,1709204565,456346273,"builtin_interfaces.msg.Time(sec=1709204561, nanosec=716346263)",120.0,Handcrafted_LabStudy,1,3,"-12.0,-0.0,0.5","-0.0,0.0,-0.0,-1.0","11.0,-0.0,0.0","-0.0,0.0,-0.0,-1.0",23.0,23.0,6.082762718200684,0,0,0,0,0,0,0,0.0,0.0,2.0,0.0,4.304261741637032e+21,3.725290298461914e-05,
0,navstack-1709204551778,navstack,Static,HandCrafted,,,1709204565,476346254,"builtin_interfaces.msg.Time(sec=1709204561, nanosec=716346263)",120.0,Handcrafted_LabStudy,1,3,"-12.0,-0.0,0.5","-0.0,0.0,-0.0,-1.0","11.0,-0.0,0.0","-0.0,0.0,-0.0,-1.0",23.0,23.0,6.082762718200684,0,0,0,0,0,0,0,0.0,0.0,2.0,0.0,4.303977413243298e+21,3.725290298461914e-05,
0,navstack-1709204551778,navstack,Static,HandCrafted,,,1709204565,476346254,"builtin_interfaces.msg.Time(sec=1709204561, nanosec=716346263)",120.0,Handcrafted_LabStudy,1,3,"-12.0,-0.0,0.5","-0.0,0.0,-0.0,-1.0","11.0,-0.0,0.0","-0.0,0.0,-0.0,-1.0",23.0,23.0,6.082762718200684,0,0,0,0,0,0,0,0.0,0.0,2.0,0.0,4.303977413243298e+21,3.725290298461914e-05,
0,navstack-1709204551778,navstack,Static,HandCrafted,,,1709204565,496346235,"builtin_interfaces.msg.Time(sec=1709204561, nanosec=716346263)",120.0,Handcrafted_LabStudy,1,3,"-12.0,-0.0,0.5","-0.0,0.0,-0.0,-1.0","11.0,-0.0,0.0","-0.0,0.0,-0.0,-1.0",23.0,23.0,6.082762718200684,0,0,0,0,0,0,0,0.0,0.0,2.0,0.0,4.304261741637032e+21,3.725290298461914e-05,
0,navstack-1709204551778,navstack,Static,HandCrafted,,,1709204565,496346235,"builtin_interfaces.msg.Time(sec=1709204561, nanosec=716346263)",120.0,Handcrafted_LabStudy,1,3,"-12.0,-0.0,0.5","-0.0,0.0,-0.0,-1.0","11.0,-0.0,0.0","-0.0,0.0,-0.0,-1.0",23.0,23.0,6.082762718200684,0,0,0,0,0,0,0,0.0,0.0,2.0,0.0,4.304261741637032e+21,3.725290298461914e-05,
0,navstack-1709204551778,navstack,Static,HandCrafted,,,1709204565,516346216,"builtin_interfaces.msg.Time(sec=1709204561, nanosec=716346263)",120.0,Handcrafted_LabStudy,1,3,"-12.0,-0.0,0.5","-0.0,0.0,-0.0,-1.0","11.0,-0.0,0.0","-0.0,0.0,-0.0,-1.0",23.0,23.0,6.082762718200684,0,0,0,0,0,0,0,0.0,0.0,2.0,0.0,4.303977413243298e+21,3.725290298461914e-05,
0,navstack-1709204551778,navstack,Static,HandCrafted,,,1709204565,536346197,"builtin_interfaces.msg.Time(sec=1709204561, nanosec=716346263)",120.0,Handcrafted_LabStudy,1,3,"-12.0,-0.0,0.5","-0.0,0.0,-0.0,-1.0","11.0,-0.0,0.0","-0.0,0.0,-0.0,-1.0",23.0,23.0,6.082762718200684,0,0,0,0,0,0,0,0.0,0.0,2.0,0.0,4.304261741637032e+21,7.450580596923828e-05,
0,navstack-1709204551778,navstack,Static,HandCrafted,,,1709204565,556346178,"builtin_interfaces.msg.Time(sec=1709204561, nanosec=716346263)",120.0,Handcrafted_LabStudy,1,3,"-12.0,-0.0,0.5","-0.0,0.0,-0.0,-1.0","11.0,-0.0,0.0","-0.0,0.0,-0.0,-1.0",23.0,23.0,6.082762718200684,0,0,0,0,0,0,0,0.0,0.0,2.0,0.0,4.303977413243298e+21,7.450580596923828e-05,
0,navstack-1709204551778,navstack,Static,HandCrafted,,,1709204565,576346158,"builtin_interfaces.msg.Time(sec=1709204561, nanosec=716346263)",120.0,Handcrafted_LabStudy,1,3,"-12.0,-0.0,0.5","-0.0,0.0,-0.0,-1.0","11.0,-0.0,0.0","-0.0,0.0,-0.0,-1.0",23.0,23.0,6.082762718200684,0,0,0,0,0,0,0,0.0,0.0,2.0,0.0,4.304261741637032e+21,7.450580596923828e-05,
0,navstack-1709204551778,navstack,Static,HandCrafted,,,1709204565,576346158,"builtin_interfaces.msg.Time(sec=1709204561, nanosec=716346263)",120.0,Handcrafted_LabStudy,1,3,"-12.0,-0.0,0.5","-0.0,0.0,-0.0,-1.0","11.0,-0.0,0.0","-0.0,0.0,-0.0,-1.0",23.0,23.0,6.082762718200684,0,0,0,0,0,0,0,0.0,0.0,2.0,0.0,4.304261741637032e+21,3.725290298461914e-05,
0,navstack-1709204551778,navstack,Static,HandCrafted,,,1709204565,596345901,"builtin_interfaces.msg.Time(sec=1709204561, nanosec=716346263)",120.0,Handcrafted_LabStudy,1,3,"-12.0,-0.0,0.5","-0.0,0.0,-0.0,-1.0","11.0,-0.0,0.0","-0.0,0.0,-0.0,-1.0",23.0,23.0,6.082762718200684,0,0,0,0,0,0,0,0.0,0.0,2.0,0.0,4.303977413243298e+21,3.725290298461914e-05,
0,navstack-1709204551778,navstack,Static,HandCrafted,,,1709204565,596345901,"builtin_interfaces.msg.Time(sec=1709204561, nanosec=716346263)",120.0,Handcrafted_LabStudy,1,3,"-12.0,-0.0,0.5","-0.0,0.0,-0.0,-1.0","11.0,-0.0,0.0","-0.0,0.0,-0.0,-1.0",23.0,23.0,6.082762718200684,0,0,0,0,0,0,0,0.0,0.0,2.0,0.0,4.303977413243298e+21,3.725290298461914e-05,
0,navstack-1709204551778,navstack,Static,HandCrafted,,,1709204565,616345882,"builtin_interfaces.msg.Time(sec=1709204561, nanosec=716346263)",120.0,Handcrafted_LabStudy,1,3,"-12.0,-0.0,0.5","-0.0,0.0,-0.0,-1.0","11.0,-0.0,0.0","-0.0,0.0,-0.0,-1.0",23.0,23.0,6.082762718200684,0,0,0,0,0,0,0,0.0,0.0,2.0,0.0,4.304261741637032e+21,3.725290298461914e-05,
0,navstack-1709204551778,navstack,Static,HandCrafted,,,1709204565,616345882,"builtin_interfaces.msg.Time(sec=1709204561, nanosec=716346263)",120.0,Handcrafted_LabStudy,1,3,"-12.0,-0.0,0.5","-0.0,0.0,-0.0,-1.0","11.0,-0.0,0.0","-0.0,0.0,-0.0,-1.0",23.0,23.0,6.082762718200684,0,0,0,0,0,0,0,0.0,0.0,2.0,0.0,4.304261741637032e+21,3.725290298461914e-05,
0,navstack-1709204551778,navstack,Static,HandCrafted,,,1709204565,616345882,"builtin_interfaces.msg.Time(sec=1709204561, nanosec=716346263)",120.0,Handcrafted_LabStudy,1,3,"-12.0,-0.0,0.5","-0.0,0.0,-0.0,-1.0","11.0,-0.0,0.0","-0.0,0.0,-0.0,-1.0",23.0,23.0,6.082762718200684,0,0,0,0,0,0,0,0.0,0.0,2.0,0.0,4.304261741637032e+21,0.0,
0,navstack-1709204551778,navstack,Static,HandCrafted,,,1709204565,636345863,"builtin_interfaces.msg.Time(sec=1709204561, nanosec=716346263)",120.0,Handcrafted_LabStudy,1,3,"-12.0,-0.0,0.5","-0.0,0.0,-0.0,-1.0","11.0,-0.0,0.0","-0.0,0.0,-0.0,-1.0",23.0,23.0,6.082762718200684,0,0,0,0,0,0,0,0.0,0.0,2.0,0.0,4.303977413243298e+21,3.725290298461914e-05,
0,navstack-1709204551778,navstack,Static,HandCrafted,,,1709204565,636345863,"builtin_interfaces.msg.Time(sec=1709204561, nanosec=716346263)",120.0,Handcrafted_LabStudy,1,3,"-12.0,-0.0,0.5","-0.0,0.0,-0.0,-1.0","11.0,-0.0,0.0","-0.0,0.0,-0.0,-1.0",23.0,23.0,6.082762718200684,0,0,0,0,0,0,0,0.0,0.0,2.0,0.0,4.303977413243298e+21,3.725290298461914e-05,
0,navstack-1709204551778,navstack,Static,HandCrafted,,,1709204565,656345844,"builtin_interfaces.msg.Time(sec=1709204561, nanosec=716346263)",120.0,Handcrafted_LabStudy,1,3,"-12.0,-0.0,0.5","-0.0,0.0,-0.0,-1.0","11.0,-0.0,0.0","-0.0,0.0,-0.0,-1.0",23.0,23.0,6.082762718200684,0,0,0,0,0,0,0,0.0,0.0,2.0,0.0,4.304261741637032e+21,3.725290298461914e-05,
0,navstack-1709204551778,navstack,Static,HandCrafted,,,1709204565,656345844,"builtin_interfaces.msg.Time(sec=1709204561, nanosec=716346263)",120.0,Handcrafted_LabStudy,1,3,"-12.0,-0.0,0.5","-0.0,0.0,-0.0,-1.0","11.0,-0.0,0.0","-0.0,0.0,-0.0,-1.0",23.0,23.0,6.082762718200684,0,0,0,0,0,0,0,0.0,0.0,2.0,0.0,4.304261741637032e+21,3.725290298461914e-05,
0,navstack-1709204551778,navstack,Static,HandCrafted,,,1709204565,676346063,"builtin_interfaces.msg.Time(sec=1709204561, nanosec=716346263)",120.0,Handcrafted_LabStudy,1,3,"-12.0,-0.0,0.5","-0.0,0.0,-0.0,-1.0","11.0,-0.0,0.0","-0.0,0.0,-0.0,-1.0",23.0,23.0,6.082762718200684,0,0,0,0,0,0,0,0.0,0.0,2.0,0.0,4.303977413243298e+21,3.725290298461914e-05,
0,navstack-1709204551778,navstack,Static,HandCrafted,,,1709204565,676346063,"builtin_interfaces.msg.Time(sec=1709204561, nanosec=716346263)",120.0,Handcrafted_LabStudy,1,3,"-12.0,-0.0,0.5","-0.0,0.0,-0.0,-1.0","11.0,-0.0,0.0","-0.0,0.0,-0.0,-1.0",23.0,23.0,6.082762718200684,0,0,0,0,0,0,0,0.0,0.0,2.0,0.0,4.303977413243298e+21,3.725290298461914e-05,
0,navstack-1709204551778,navstack,Static,HandCrafted,,,1709204565,696346282,"builtin_interfaces.msg.Time(sec=1709204561, nanosec=716346263)",120.0,Handcrafted_LabStudy,1,3,"-12.0,-0.0,0.5","-0.0,0.0,-0.0,-1.0","11.0,-0.0,0.0","-0.0,0.0,-0.0,-1.0",23.0,23.0,6.082762718200684,0,0,0,0,0,0,0,0.0,0.0,2.0,0.0,4.304261741637032e+21,3.725290298461914e-05,
0,navstack-1709204551778,navstack,Static,HandCrafted,,,1709204565,696346282,"builtin_interfaces.msg.Time(sec=1709204561, nanosec=716346263)",120.0,Handcrafted_LabStudy,1,3,"-12.0,-0.0,0.5","-0.0,0.0,-0.0,-1.0","11.0,-0.0,0.0","-0.0,0.0,-0.0,-1.0",23.0,23.0,6.082762718200684,0,0,0,0,0,0,0,0.0,0.0,2.0,0.0,4.304261741637032e+21,3.725290298461914e-05,
0,navstack-1709204551778,navstack,Static,HandCrafted,,,1709204565,696346282,"builtin_interfaces.msg.Time(sec=1709204561, nanosec=716346263)",120.0,Handcrafted_LabStudy,1,3,"-12.0,-0.0,0.5","-0.0,0.0,-0.0,-1.0","11.0,-0.0,0.0","-0.0,0.0,-0.0,-1.0",23.0,23.0,6.082762718200684,0,0,0,0,0,0,0,0.0,0.0,2.0,0.0,4.304261741637032e+21,0.0,
0,navstack-1709204551778,navstack,Static,HandCrafted,,,1709204565,716346263,"builtin_interfaces.msg.Time(sec=1709204561, nanosec=716346263)",120.0,Handcrafted_LabStudy,1,3,"-12.0,-0.0,0.5","-0.0,0.0,-0.0,-1.0","11.0,-0.0,0.0","-0.0,0.0,-0.0,-1.0",23.0,23.0,6.082762718200684,0,0,0,0,0,0,0,0.0,0.0,2.0,0.0,4.303977413243298e+21,3.725290298461914e-05,
0,navstack-1709204551778,navstack,Static,HandCrafted,,,1709204565,736346244,"builtin_interfaces.msg.Time(sec=1709204561, nanosec=716346263)",120.0,Handcrafted_LabStudy,1,3,"-12.0,-0.0,0.5","-0.0,0.0,-0.0,-1.0","11.0,-0.0,0.0","-0.0,0.0,-0.0,-1.0",23.0,23.0,6.082762718200684,0,0,0,0,0,0,0,0.0,0.0,2.0,0.0,4.304261741637032e+21,7.450580596923828e-05,
0,navstack-1709204551778,navstack,Static,HandCrafted,,,1709204565,756346225,"builtin_interfaces.msg.Time(sec=1709204561, nanosec=716346263)",120.0,Handcrafted_LabStudy,1,3,"-12.0,-0.0,0.5","-0.0,0.0,-0.0,-1.0","11.0,-0.0,0.0","-0.0,0.0,-0.0,-1.0",23.0,23.0,6.082762718200684,0,0,0,0,0,0,0,0.0,0.0,2.0,0.0,4.303977413243298e+21,7.450580596923828e-05,
0,navstack-1709204551778,navstack,Static,HandCrafted,,,1709204565,756346225,"builtin_interfaces.msg.Time(sec=1709204561, nanosec=716346263)",120.0,Handcrafted_LabStudy,1,3,"-12.0,-0.0,0.5","-0.0,0.0,-0.0,-1.0","11.0,-0.0,0.0","-0.0,0.0,-0.0,-1.0",23.0,23.0,6.082762718200684,0,0,0,0,0,0,0,0.0,0.0,3.0,0.0,4.303977413243298e+21,3.725290298461914e-05,
0,navstack-1709204551778,navstack,Static,HandCrafted,,,1709204565,776346206,"builtin_interfaces.msg.Time(sec=1709204561, nanosec=716346263)",120.0,Handcrafted_LabStudy,1,3,"-12.0,-0.0,0.5","-0.0,0.0,-0.0,-1.0","11.0,-0.0,0.0","-0.0,0.0,-0.0,-1.0",23.0,23.0,6.082762718200684,0,0,0,0,0,0,0,0.0,0.0,3.0,0.0,4.304261741637032e+21,3.725290298461914e-05,
0,navstack-1709204551778,navstack,Static,HandCrafted,,,1709204565,776346206,"builtin_interfaces.msg.Time(sec=1709204561, nanosec=716346263)",120.0,Handcrafted_LabStudy,1,3,"-12.0,-0.0,0.5","-0.0,0.0,-0.0,-1.0","11.0,-0.0,0.0","-0.0,0.0,-0.0,-1.0",23.0,23.0,6.082762718200684,0,0,0,0,0,0,0,0.0,0.0,3.0,0.0,4.304261741637032e+21,3.725290298461914e-05,
0,navstack-1709204551778,navstack,Static,HandCrafted,,,1709204565,796346187,"builtin_interfaces.msg.Time(sec=1709204561, nanosec=716346263)",120.0,Handcrafted_LabStudy,1,3,"-12.0,-0.0,0.5","-0.0,0.0,-0.0,-1.0","11.0,-0.0,0.0","-0.0,0.0,-0.0,-1.0",23.0,23.0,6.082762718200684,0,0,0,0,0,0,0,0.0,0.0,3.0,0.0,4.303977413243298e+21,3.725290298461914e-05,
0,navstack-1709204551778,navstack,Static,HandCrafted,,,1709204565,796346187,"builtin_interfaces.msg.Time(sec=1709204561, nanosec=716346263)",120.0,Handcrafted_LabStudy,1,3,"-12.0,-0.0,0.5","-0.0,0.0,-0.0,-1.0","11.0,-0.0,0.0","-0.0,0.0,-0.0,-1.0",23.0,23.0,6.082762718200684,0,0,0,0,0,0,0,0.0,0.0,3.0,0.0,4.303977413243298e+21,3.725290298461914e-05,
0,navstack-1709204551778,navstack,Static,HandCrafted,,,1709204565,796346187,"builtin_interfaces.msg.Time(sec=1709204561, nanosec=716346263)",120.0,Handcrafted_LabStudy,1,3,"-12.0,-0.0,0.5","-0.0,0.0,-0.0,-1.0","11.0,-0.0,0.0","-0.0,0.0,-0.0,-1.0",23.0,23.0,6.082762718200684,0,0,0,0,0,0,0,0.0,0.0,3.0,0.0,4.303977413243298e+21,0.0,
0,navstack-1709204551778,navstack,Static,HandCrafted,,,1709204565,816346168,"builtin_interfaces.msg.Time(sec=1709204561, nanosec=716346263)",120.0,Handcrafted_LabStudy,1,3,"-12.0,-0.0,0.5","-0.0,0.0,-0.0,-1.0","11.0,-0.0,0.0","-0.0,0.0,-0.0,-1.0",23.0,23.0,6.082762718200684,0,0,0,0,0,0,0,0.0,0.0,3.0,0.0,4.304261741637032e+21,3.725290298461914e-05,
0,navstack-1709204551778,navstack,Static,HandCrafted,,,1709204565,816346168,"builtin_interfaces.msg.Time(sec=1709204561, nanosec=716346263)",120.0,Handcrafted_LabStudy,1,3,"-12.0,-0.0,0.5","-0.0,0.0,-0.0,-1.0","11.0,-0.0,0.0","-0.0,0.0,-0.0,-1.0",23.0,23.0,6.082762718200684,0,0,0,0,0,0,0,0.0,0.0,3.0,0.0,4.304261741637032e+21,3.725290298461914e-05,
0,navstack-1709204551778,navstack,Static,HandCrafted,,,1709204565,836346149,"builtin_interfaces.msg.Time(sec=1709204561, nanosec=716346263)",120.0,Handcrafted_LabStudy,1,3,"-12.0,-0.0,0.5","-0.0,0.0,-0.0,-1.0","11.0,-0.0,0.0","-0.0,0.0,-0.0,-1.0",23.0,23.0,6.082762718200684,0,0,0,0,0,0,0,0.0,0.0,3.0,0.0,4.303977413243298e+21,3.725290298461914e-05,
0,navstack-1709204551778,navstack,Static,HandCrafted,,,1709204565,856345891,"builtin_interfaces.msg.Time(sec=1709204561, nanosec=716346263)",120.0,Handcrafted_LabStudy,1,3,"-12.0,-0.0,0.5","-0.0,0.0,-0.0,-1.0","11.0,-0.0,0.0","-0.0,0.0,-0.0,-1.0",23.0,23.0,6.082762718200684,0,0,0,0,0,0,0,0.0,0.0,3.0,0.0,4.304261741637032e+21,7.450580596923828e-05,
0,navstack-1709204551778,navstack,Static,HandCrafted,,,1709204565,876345872,"builtin_interfaces.msg.Time(sec=1709204561, nanosec=716346263)",120.0,Handcrafted_LabStudy,1,3,"-12.0,-0.0,0.5","-0.0,0.0,-0.0,-1.0","11.0,-0.0,0.0","-0.0,0.0,-0.0,-1.0",23.0,23.0,6.082762718200684,0,0,0,0,0,0,0,0.0,0.0,3.0,0.0,4.303977413243298e+21,7.450580596923828e-05,
0,navstack-1709204551778,navstack,Static,HandCrafted,,,1709204565,896345853,"builtin_interfaces.msg.Time(sec=1709204561, nanosec=716346263)",120.0,Handcrafted_LabStudy,1,3,"-12.0,-0.0,0.5","-0.0,0.0,-0.0,-1.0","11.0,-0.0,0.0","-0.0,0.0,-0.0,-1.0",23.0,23.0,6.082762718200684,0,0,0,0,0,0,0,0.0,0.0,3.0,0.0,4.304261741637032e+21,7.450580596923828e-05,
0,navstack-1709204551778,navstack,Static,HandCrafted,,,1709204565,896345853,"builtin_interfaces.msg.Time(sec=1709204561, nanosec=716346263)",120.0,Handcrafted_LabStudy,1,3,"-12.0,-0.0,0.5","-0.0,0.0,-0.0,-1.0","11.0,-0.0,0.0","-0.0,0.0,-0.0,-1.0",23.0,23.0,6.082762718200684,0,0,0,0,0,0,0,0.0,0.0,3.0,0.0,4.304261741637032e+21,3.725290298461914e-05,
0,navstack-1709204551778,navstack,Static,HandCrafted,,,1709204565,896345853,"builtin_interfaces.msg.Time(sec=1709204561, nanosec=716346263)",120.0,Handcrafted_LabStudy,1,3,"-12.0,-0.0,0.5","-0.0,0.0,-0.0,-1.0","11.0,-0.0,0.0","-0.0,0.0,-0.0,-1.0",23.0,23.0,6.082762718200684,0,0,0,0,0,0,0,0.0,0.0,3.0,0.0,4.304261741637032e+21,0.0,
0,navstack-1709204551778,navstack,Static,HandCrafted,,,1709204565,916345834,"builtin_interfaces.msg.Time(sec=1709204561, nanosec=716346263)",120.0,Handcrafted_LabStudy,1,3,"-12.0,-0.0,0.5","-0.0,0.0,-0.0,-1.0","11.0,-0.0,0.0","-0.0,0.0,-0.0,-1.0",23.0,23.0,6.082762718200684,0,0,0,0,0,0,0,0.0,0.0,3.0,0.0,4.303977413243298e+21,3.725290298461914e-05,
0,navstack-1709204551778,navstack,Static,HandCrafted,,,1709204565,916345834,"builtin_interfaces.msg.Time(sec=1709204561, nanosec=716346263)",120.0,Handcrafted_LabStudy,1,3,"-12.0,-0.0,0.5","-0.0,0.0,-0.0,-1.0","11.0,-0.0,0.0","-0.0,0.0,-0.0,-1.0",23.0,23.0,6.082762718200684,0,0,0,0,0,0,0,0.0,0.0,3.0,0.0,4.303977413243298e+21,3.725290298461914e-05,
0,navstack-1709204551778,navstack,Static,HandCrafted,,,1709204565,936346054,"builtin_interfaces.msg.Time(sec=1709204561, nanosec=716346263)",120.0,Handcrafted_LabStudy,1,3,"-12.0,-0.0,0.5","-0.0,0.0,-0.0,-1.0","11.0,-0.0,0.0","-0.0,0.0,-0.0,-1.0",23.0,23.0,6.082762718200684,0,0,0,0,0,0,0,0.0,0.0,3.0,0.0,4.304261741637032e+21,3.725290298461914e-05,
0,navstack-1709204551778,navstack,Static,HandCrafted,,,1709204565,936346054,"builtin_interfaces.msg.Time(sec=1709204561, nanosec=716346263)",120.0,Handcrafted_LabStudy,1,3,"-12.0,-0.0,0.5","-0.0,0.0,-0.0,-1.0","11.0,-0.0,0.0","-0.0,0.0,-0.0,-1.0",23.0,23.0,6.082762718200684,0,0,0,0,0,0,0,0.0,0.0,3.0,0.0,4.304261741637032e+21,3.725290298461914e-05,
0,navstack-1709204551778,navstack,Static,HandCrafted,,,1709204565,956346035,"builtin_interfaces.msg.Time(sec=1709204561, nanosec=716346263)",120.0,Handcrafted_LabStudy,1,3,"-12.0,-0.0,0.5","-0.0,0.0,-0.0,-1.0","11.0,-0.0,0.0","-0.0,0.0,-0.0,-1.0",23.0,23.0,6.082762718200684,0,0,0,0,0,0,0,0.0,0.0,3.0,0.0,4.303977413243298e+21,3.725290298461914e-05,
0,navstack-1709204551778,navstack,Static,HandCrafted,,,1709204565,976346015,"builtin_interfaces.msg.Time(sec=1709204561, nanosec=716346263)",120.0,Handcrafted_LabStudy,1,3,"-12.0,-0.0,0.5","-0.0,0.0,-0.0,-1.0","11.0,-0.0,0.0","-0.0,0.0,-0.0,-1.0",23.0,23.0,6.082762718200684,0,0,0,0,0,0,0,0.0,0.0,3.0,0.0,4.304261741637032e+21,7.450580596923828e-05,
0,navstack-1709204551778,navstack,Static,HandCrafted,,,1709204565,976346015,"builtin_interfaces.msg.Time(sec=1709204561, nanosec=716346263)",120.0,Handcrafted_LabStudy,1,3,"-12.0,-0.0,0.5","-0.0,0.0,-0.0,-1.0","11.0,-0.0,0.0","-0.0,0.0,-0.0,-1.0",23.0,23.0,6.082762718200684,0,0,0,0,0,0,0,0.0,0.0,3.0,0.0,4.304261741637032e+21,3.725290298461914e-05,
0,navstack-1709204551778,navstack,Static,HandCrafted,,,1709204565,996345996,"builtin_interfaces.msg.Time(sec=1709204561, nanosec=716346263)",120.0,Handcrafted_LabStudy,1,3,"-12.0,-0.0,0.5","-0.0,0.0,-0.0,-1.0","11.0,-0.0,0.0","-0.0,0.0,-0.0,-1.0",23.0,23.0,6.082762718200684,0,0,0,0,0,0,0,0.0,0.0,3.0,0.0,4.303977413243298e+21,3.725290298461914e-05,
0,navstack-1709204551778,navstack,Static,HandCrafted,,,1709204565,996345996,"builtin_interfaces.msg.Time(sec=1709204561, nanosec=716346263)",120.0,Handcrafted_LabStudy,1,3,"-12.0,-0.0,0.5","-0.0,0.0,-0.0,-1.0","11.0,-0.0,0.0","-0.0,0.0,-0.0,-1.0",23.0,23.0,6.082762718200684,0,0,0,0,0,0,0,0.0,0.0,3.0,0.0,4.303977413243298e+21,3.725290298461914e-05,
0,navstack-1709204551778,navstack,Static,HandCrafted,,,1709204565,996345996,"builtin_interfaces.msg.Time(sec=1709204561, nanosec=716346263)",120.0,Handcrafted_LabStudy,1,3,"-12.0,-0.0,0.5","-0.0,0.0,-0.0,-1.0","11.0,-0.0,0.0","-0.0,0.0,-0.0,-1.0",23.0,23.0,6.082762718200684,0,0,0,0,0,0,0,0.0,0.0,3.0,0.0,4.303977413243298e+21,0.0,
0,navstack-1709204551778,navstack,Static,HandCrafted,,,1709204566,16345977,"builtin_interfaces.msg.Time(sec=1709204561, nanosec=716346263)",120.0,Handcrafted_LabStudy,1,3,"-12.0,-0.0,0.5","-0.0,0.0,-0.0,-1.0","11.0,-0.0,0.0","-0.0,0.0,-0.0,-1.0",23.0,23.0,6.082762718200684,0,0,0,0,0,0,0,0.0,0.0,3.0,0.0,4.304261741637032e+21,3.725290298461914e-05,
0,navstack-1709204551778,navstack,Static,HandCrafted,,,1709204566,36345958,"builtin_interfaces.msg.Time(sec=1709204561, nanosec=716346263)",120.0,Handcrafted_LabStudy,1,3,"-12.0,-0.0,0.5","-0.0,0.0,-0.0,-1.0","11.0,-0.0,0.0","-0.0,0.0,-0.0,-1.0",23.0,23.0,6.082762718200684,0,0,0,0,0,0,0,0.0,0.0,3.0,0.0,4.303977413243298e+21,7.450580596923828e-05,
0,navstack-1709204551778,navstack,Static,HandCrafted,,,1709204566,36345958,"builtin_interfaces.msg.Time(sec=1709204561, nanosec=716346263)",120.0,Handcrafted_LabStudy,1,3,"-12.0,-0.0,0.5","-0.0,0.0,-0.0,-1.0","11.0,-0.0,0.0","-0.0,0.0,-0.0,-1.0",23.0,23.0,6.082762718200684,0,0,0,0,0,0,0,0.0,0.0,3.0,0.0,4.303977413243298e+21,3.725290298461914e-05,
0,navstack-1709204551778,navstack,Static,HandCrafted,,,1709204566,56345939,"builtin_interfaces.msg.Time(sec=1709204561, nanosec=716346263)",120.0,Handcrafted_LabStudy,1,3,"-12.0,-0.0,0.5","-0.0,0.0,-0.0,-1.0","11.0,-0.0,0.0","-0.0,0.0,-0.0,-1.0",23.0,23.0,6.082762718200684,0,0,0,0,0,0,0,0.0,0.0,3.0,0.0,4.304261741637032e+21,3.725290298461914e-05,
0,navstack-1709204551778,navstack,Static,HandCrafted,,,1709204566,56345939,"builtin_interfaces.msg.Time(sec=1709204561, nanosec=716346263)",120.0,Handcrafted_LabStudy,1,3,"-12.0,-0.0,0.5","-0.0,0.0,-0.0,-1.0","11.0,-0.0,0.0","-0.0,0.0,-0.0,-1.0",23.0,23.0,6.082762718200684,0,0,0,0,0,0,0,0.0,0.0,3.0,0.0,4.304261741637032e+21,3.725290298461914e-05,
0,navstack-1709204551778,navstack,Static,HandCrafted,,,1709204566,76346397,"builtin_interfaces.msg.Time(sec=1709204561, nanosec=716346263)",120.0,Handcrafted_LabStudy,1,3,"-12.0,-0.0,0.5","-0.0,0.0,-0.0,-1.0","11.0,-0.0,0.0","-0.0,0.0,-0.0,-1.0",23.0,23.0,6.082762718200684,0,0,0,0,0,0,0,0.0,0.0,3.0,0.0,4.303977413243298e+21,3.725290298461914e-05,
0,navstack-1709204551778,navstack,Static,HandCrafted,,,1709204566,76346397,"builtin_interfaces.msg.Time(sec=1709204561, nanosec=716346263)",120.0,Handcrafted_LabStudy,1,3,"-12.0,-0.0,0.5","-0.0,0.0,-0.0,-1.0","11.0,-0.0,0.0","-0.0,0.0,-0.0,-1.0",23.0,23.0,6.082762718200684,0,0,0,0,0,0,0,0.0,0.0,3.0,0.0,4.303977413243298e+21,3.725290298461914e-05,
0,navstack-1709204551778,navstack,Static,HandCrafted,,,1709204566,96346139,"builtin_interfaces.msg.Time(sec=1709204561, nanosec=716346263)",120.0,Handcrafted_LabStudy,1,3,"-12.0,-0.0,0.5","-0.0,0.0,-0.0,-1.0","11.0,-0.0,0.0","-0.0,0.0,-0.0,-1.0",23.0,23.0,6.082762718200684,0,0,0,0,0,0,0,0.0,0.0,3.0,0.0,4.304261741637032e+21,3.725290298461914e-05,
0,navstack-1709204551778,navstack,Static,HandCrafted,,,1709204566,96346139,"builtin_interfaces.msg.Time(sec=1709204561, nanosec=716346263)",120.0,Handcrafted_LabStudy,1,3,"-12.0,-0.0,0.5","-0.0,0.0,-0.0,-1.0","11.0,-0.0,0.0","-0.0,0.0,-0.0,-1.0",23.0,23.0,6.082762718200684,0,0,0,0,0,0,0,0.0,0.0,3.0,0.0,4.304261741637032e+21,3.725290298461914e-05,
0,navstack-1709204551778,navstack,Static,HandCrafted,,,1709204566,116346120,"builtin_interfaces.msg.Time(sec=1709204561, nanosec=716346263)",120.0,Handcrafted_LabStudy,1,3,"-12.0,-0.0,0.5","-0.0,0.0,-0.0,-1.0","11.0,-0.0,0.0","-0.0,0.0,-0.0,-1.0",23.0,23.0,6.082762718200684,0,0,0,0,0,0,0,0.0,0.0,3.0,0.0,4.303977413243298e+21,3.725290298461914e-05,
0,navstack-1709204551778,navstack,Static,HandCrafted,,,1709204566,116346120,"builtin_interfaces.msg.Time(sec=1709204561, nanosec=716346263)",120.0,Handcrafted_LabStudy,1,3,"-12.0,-0.0,0.5","-0.0,0.0,-0.0,-1.0","11.0,-0.0,0.0","-0.0,0.0,-0.0,-1.0",23.0,23.0,6.082762718200684,0,0,0,0,0,0,0,0.0,0.0,3.0,0.0,4.303977413243298e+21,3.725290298461914e-05,
0,navstack-1709204551778,navstack,Static,HandCrafted,,,1709204566,136346101,"builtin_interfaces.msg.Time(sec=1709204561, nanosec=716346263)",120.0,Handcrafted_LabStudy,1,3,"-12.0,-0.0,0.5","-0.0,0.0,-0.0,-1.0","11.0,-0.0,0.0","-0.0,0.0,-0.0,-1.0",23.0,23.0,6.082762718200684,0,0,0,0,0,0,0,0.0,0.0,3.0,0.0,4.304261741637032e+21,3.725290298461914e-05,
0,navstack-1709204551778,navstack,Static,HandCrafted,,,1709204566,136346101,"builtin_interfaces.msg.Time(sec=1709204561, nanosec=716346263)",120.0,Handcrafted_LabStudy,1,3,"-12.0,-0.0,0.5","-0.0,0.0,-0.0,-1.0","11.0,-0.0,0.0","-0.0,0.0,-0.0,-1.0",23.0,23.0,6.082762718200684,0,0,0,0,0,0,0,0.0,0.0,3.0,0.0,4.304261741637032e+21,3.725290298461914e-05,
0,navstack-1709204551778,navstack,Static,HandCrafted,,,1709204566,156346082,"builtin_interfaces.msg.Time(sec=1709204561, nanosec=716346263)",120.0,Handcrafted_LabStudy,1,3,"-12.0,-0.0,0.5","-0.0,0.0,-0.0,-1.0","11.0,-0.0,0.0","-0.0,0.0,-0.0,-1.0",23.0,23.0,6.082762718200684,0,0,0,0,0,0,0,0.0,0.0,3.0,0.0,4.303977413243298e+21,3.725290298461914e-05,
0,navstack-1709204551778,navstack,Static,HandCrafted,,,1709204566,156346082,"builtin_interfaces.msg.Time(sec=1709204561, nanosec=716346263)",120.0,Handcrafted_LabStudy,1,3,"-12.0,-0.0,0.5","-0.0,0.0,-0.0,-1.0","11.0,-0.0,0.0","-0.0,0.0,-0.0,-1.0",23.0,23.0,6.082762718200684,0,0,0,0,0,0,0,0.0,0.0,3.0,0.0,4.303977413243298e+21,3.725290298461914e-05,
0,navstack-1709204551778,navstack,Static,HandCrafted,,,1709204566,176346302,"builtin_interfaces.msg.Time(sec=1709204561, nanosec=716346263)",120.0,Handcrafted_LabStudy,1,3,"-12.0,-0.0,0.5","-0.0,0.0,-0.0,-1.0","11.0,-0.0,0.0","-0.0,0.0,-0.0,-1.0",23.0,23.0,6.082762718200684,0,0,0,0,0,0,0,0.0,0.0,3.0,0.0,4.304261741637032e+21,3.725290298461914e-05,
0,navstack-1709204551778,navstack,Static,HandCrafted,,,1709204566,176346302,"builtin_interfaces.msg.Time(sec=1709204561, nanosec=716346263)",120.0,Handcrafted_LabStudy,1,3,"-12.0,-0.0,0.5","-0.0,0.0,-0.0,-1.0","11.0,-0.0,0.0","-0.0,0.0,-0.0,-1.0",23.0,23.0,6.082762718200684,0,0,0,0,0,0,0,0.0,0.0,3.0,0.0,4.304261741637032e+21,3.725290298461914e-05,
0,navstack-1709204551778,navstack,Static,HandCrafted,,,1709204566,196346282,"builtin_interfaces.msg.Time(sec=1709204561, nanosec=716346263)",120.0,Handcrafted_LabStudy,1,3,"-12.0,-0.0,0.5","-0.0,0.0,-0.0,-1.0","11.0,-0.0,0.0","-0.0,0.0,-0.0,-1.0",23.0,23.0,6.082762718200684,0,0,0,0,0,0,0,0.0,0.0,3.0,0.0,4.303977413243298e+21,3.725290298461914e-05,
0,navstack-1709204551778,navstack,Static,HandCrafted,,,1709204566,216346263,"builtin_interfaces.msg.Time(sec=1709204561, nanosec=716346263)",120.0,Handcrafted_LabStudy,1,3,"-12.0,-0.0,0.5","-0.0,0.0,-0.0,-1.0","11.0,-0.0,0.0","-0.0,0.0,-0.0,-1.0",23.0,23.0,6.082762718200684,0,0,0,0,0,0,0,0.0,0.0,3.0,0.0,4.304261741637032e+21,7.450580596923828e-05,
0,navstack-1709204551778,navstack,Static,HandCrafted,,,1709204566,216346263,"builtin_interfaces.msg.Time(sec=1709204561, nanosec=716346263)",120.0,Handcrafted_LabStudy,1,3,"-12.0,-0.0,0.5","-0.0,0.0,-0.0,-1.0","11.0,-0.0,0.0","-0.0,0.0,-0.0,-1.0",23.0,23.0,6.082762718200684,0,0,0,0,0,0,0,0.0,0.0,3.0,0.0,4.304261741637032e+21,3.725290298461914e-05,
0,navstack-1709204551778,navstack,Static,HandCrafted,,,1709204566,236346244,"builtin_interfaces.msg.Time(sec=1709204561, nanosec=716346263)",120.0,Handcrafted_LabStudy,1,3,"-12.0,-0.0,0.5","-0.0,0.0,-0.0,-1.0","11.0,-0.0,0.0","-0.0,0.0,-0.0,-1.0",23.0,23.0,6.082762718200684,0,0,0,0,0,0,0,0.0,0.0,3.0,0.0,4.303977413243298e+21,3.725290298461914e-05,
0,navstack-1709204551778,navstack,Static,HandCrafted,,,1709204566,236346244,"builtin_interfaces.msg.Time(sec=1709204561, nanosec=716346263)",120.0,Handcrafted_LabStudy,1,3,"-12.0,-0.0,0.5","-0.0,0.0,-0.0,-1.0","11.0,-0.0,0.0","-0.0,0.0,-0.0,-1.0",23.0,23.0,6.082762718200684,0,0,0,0,0,0,0,0.0,0.0,3.0,0.0,4.303977413243298e+21,3.725290298461914e-05,
0,navstack-1709204551778,navstack,Static,HandCrafted,,,1709204566,256346225,"builtin_interfaces.msg.Time(sec=1709204561, nanosec=716346263)",120.0,Handcrafted_LabStudy,1,3,"-12.0,-0.0,0.5","-0.0,0.0,-0.0,-1.0","11.0,-0.0,0.0","-0.0,0.0,-0.0,-1.0",23.0,23.0,6.082762718200684,0,0,0,0,0,0,0,0.0,0.0,3.0,0.0,4.304261741637032e+21,3.725290298461914e-05,
0,navstack-1709204551778,navstack,Static,HandCrafted,,,1709204566,256346225,"builtin_interfaces.msg.Time(sec=1709204561, nanosec=716346263)",120.0,Handcrafted_LabStudy,1,3,"-12.0,-0.0,0.5","-0.0,0.0,-0.0,-1.0","11.0,-0.0,0.0","-0.0,0.0,-0.0,-1.0",23.0,23.0,6.082762718200684,0,0,0,0,0,0,0,0.0,0.0,3.0,0.0,4.304261741637032e+21,3.725290298461914e-05,
0,navstack-1709204551778,navstack,Static,HandCrafted,,,1709204566,276346206,"builtin_interfaces.msg.Time(sec=1709204561, nanosec=716346263)",120.0,Handcrafted_LabStudy,1,3,"-12.0,-0.0,0.5","-0.0,0.0,-0.0,-1.0","11.0,-0.0,0.0","-0.0,0.0,-0.0,-1.0",23.0,23.0,6.082762718200684,0,0,0,0,0,0,0,0.0,0.0,3.0,0.0,4.303977413243298e+21,3.725290298461914e-05,
0,navstack-1709204551778,navstack,Static,HandCrafted,,,1709204566,276346206,"builtin_interfaces.msg.Time(sec=1709204561, nanosec=716346263)",120.0,Handcrafted_LabStudy,1,3,"-12.0,-0.0,0.5","-0.0,0.0,-0.0,-1.0","11.0,-0.0,0.0","-0.0,0.0,-0.0,-1.0",23.0,23.0,6.082762718200684,0,0,0,0,0,0,0,0.0,0.0,3.0,0.0,4.303977413243298e+21,3.725290298461914e-05,
0,navstack-1709204551778,navstack,Static,HandCrafted,,,1709204566,276346206,"builtin_interfaces.msg.Time(sec=1709204561, nanosec=716346263)",120.0,Handcrafted_LabStudy,1,3,"-12.0,-0.0,0.5","-0.0,0.0,-0.0,-1.0","11.0,-0.0,0.0","-0.0,0.0,-0.0,-1.0",23.0,23.0,6.082762718200684,0,0,0,0,0,0,0,0.0,0.0,3.0,0.0,4.303977413243298e+21,0.0,
0,navstack-1709204551778,navstack,Static,HandCrafted,,,1709204566,296346187,"builtin_interfaces.msg.Time(sec=1709204561, nanosec=716346263)",120.0,Handcrafted_LabStudy,1,3,"-12.0,-0.0,0.5","-0.0,0.0,-0.0,-1.0","11.0,-0.0,0.0","-0.0,0.0,-0.0,-1.0",23.0,23.0,6.082762718200684,0,0,0,0,0,0,0,0.0,0.0,3.0,0.0,4.304261741637032e+21,3.725290298461914e-05,
0,navstack-1709204551778,navstack,Static,HandCrafted,,,1709204566,296346187,"builtin_interfaces.msg.Time(sec=1709204561, nanosec=716346263)",120.0,Handcrafted_LabStudy,1,3,"-12.0,-0.0,0.5","-0.0,0.0,-0.0,-1.0","11.0,-0.0,0.0","-0.0,0.0,-0.0,-1.0",23.0,23.0,6.082762718200684,0,0,0,0,0,0,0,0.0,0.0,3.0,0.0,4.304261741637032e+21,3.725290298461914e-05,
0,navstack-1709204551778,navstack,Static,HandCrafted,,,1709204566,316346168,"builtin_interfaces.msg.Time(sec=1709204561, nanosec=716346263)",120.0,Handcrafted_LabStudy,1,3,"-12.0,-0.0,0.5","-0.0,0.0,-0.0,-1.0","11.0,-0.0,0.0","-0.0,0.0,-0.0,-1.0",23.0,23.0,6.082762718200684,0,0,0,0,0,0,0,0.0,0.0,3.0,0.0,4.303977413243298e+21,3.725290298461914e-05,
0,navstack-1709204551778,navstack,Static,HandCrafted,,,1709204566,316346168,"builtin_interfaces.msg.Time(sec=1709204561, nanosec=716346263)",120.0,Handcrafted_LabStudy,1,3,"-12.0,-0.0,0.5","-0.0,0.0,-0.0,-1.0","11.0,-0.0,0.0","-0.0,0.0,-0.0,-1.0",23.0,23.0,6.082762718200684,0,0,0,0,0,0,0,0.0,0.0,3.0,0.0,4.303977413243298e+21,3.725290298461914e-05,
0,navstack-1709204551778,navstack,Static,HandCrafted,,,1709204566,336346149,"builtin_interfaces.msg.Time(sec=1709204561, nanosec=716346263)",120.0,Handcrafted_LabStudy,1,3,"-12.0,-0.0,0.5","-0.0,0.0,-0.0,-1.0","11.0,-0.0,0.0","-0.0,0.0,-0.0,-1.0",23.0,23.0,6.082762718200684,0,0,0,0,0,0,0,0.0,0.0,3.0,0.0,4.304261741637032e+21,3.725290298461914e-05,
0,navstack-1709204551778,navstack,Static,HandCrafted,,,1709204566,336346149,"builtin_interfaces.msg.Time(sec=1709204561, nanosec=716346263)",120.0,Handcrafted_LabStudy,1,3,"-12.0,-0.0,0.5","-0.0,0.0,-0.0,-1.0","11.0,-0.0,0.0","-0.0,0.0,-0.0,-1.0",23.0,23.0,6.082762718200684,0,0,0,0,0,0,0,0.0,0.0,3.0,0.0,4.304261741637032e+21,3.725290298461914e-05,
0,navstack-1709204551778,navstack,Static,HandCrafted,,,1709204566,356345891,"builtin_interfaces.msg.Time(sec=1709204561, nanosec=716346263)",120.0,Handcrafted_LabStudy,1,3,"-12.0,-0.0,0.5","-0.0,0.0,-0.0,-1.0","11.0,-0.0,0.0","-0.0,0.0,-0.0,-1.0",23.0,23.0,6.082762718200684,0,0,0,0,0,0,0,0.0,0.0,3.0,0.0,4.303977413243298e+21,3.725290298461914e-05,
0,navstack-1709204551778,navstack,Static,HandCrafted,,,1709204566,356345891,"builtin_interfaces.msg.Time(sec=1709204561, nanosec=716346263)",120.0,Handcrafted_LabStudy,1,3,"-12.0,-0.0,0.5","-0.0,0.0,-0.0,-1.0","11.0,-0.0,0.0","-0.0,0.0,-0.0,-1.0",23.0,23.0,6.082762718200684,0,0,0,0,0,0,0,0.0,0.0,3.0,0.0,4.303977413243298e+21,3.725290298461914e-05,
0,navstack-1709204551778,navstack,Static,HandCrafted,,,1709204566,356345891,"builtin_interfaces.msg.Time(sec=1709204561, nanosec=716346263)",120.0,Handcrafted_LabStudy,1,3,"-12.0,-0.0,0.5","-0.0,0.0,-0.0,-1.0","11.0,-0.0,0.0","-0.0,0.0,-0.0,-1.0",23.0,23.0,6.082762718200684,0,0,0,0,0,0,0,0.0,0.0,3.0,0.0,4.303977413243298e+21,0.0,
0,navstack-1709204551778,navstack,Static,HandCrafted,,,1709204566,376345872,"builtin_interfaces.msg.Time(sec=1709204561, nanosec=716346263)",120.0,Handcrafted_LabStudy,1,3,"-12.0,-0.0,0.5","-0.0,0.0,-0.0,-1.0","11.0,-0.0,0.0","-0.0,0.0,-0.0,-1.0",23.0,23.0,6.082762718200684,0,0,0,0,0,0,0,0.0,0.0,3.0,0.0,4.304261741637032e+21,3.725290298461914e-05,
0,navstack-1709204551778,navstack,Static,HandCrafted,,,1709204566,376345872,"builtin_interfaces.msg.Time(sec=1709204561, nanosec=716346263)",120.0,Handcrafted_LabStudy,1,3,"-12.0,-0.0,0.5","-0.0,0.0,-0.0,-1.0","11.0,-0.0,0.0","-0.0,0.0,-0.0,-1.0",23.0,23.0,6.082762718200684,0,0,0,0,0,0,0,0.0,0.0,3.0,0.0,4.304261741637032e+21,3.725290298461914e-05,
0,navstack-1709204551778,navstack,Static,HandCrafted,,,1709204566,396345853,"builtin_interfaces.msg.Time(sec=1709204561, nanosec=716346263)",120.0,Handcrafted_LabStudy,1,3,"-12.0,-0.0,0.5","-0.0,0.0,-0.0,-1.0","11.0,-0.0,0.0","-0.0,0.0,-0.0,-1.0",23.0,23.0,6.082762718200684,0,0,0,0,0,0,0,0.0,0.0,3.0,0.0,4.303977413243298e+21,3.725290298461914e-05,
0,navstack-1709204551778,navstack,Static,HandCrafted,,,1709204566,416345834,"builtin_interfaces.msg.Time(sec=1709204561, nanosec=716346263)",120.0,Handcrafted_LabStudy,1,3,"-12.0,-0.0,0.5","-0.0,0.0,-0.0,-1.0","11.0,-0.0,0.0","-0.0,0.0,-0.0,-1.0",23.0,23.0,6.082762718200684,0,0,0,0,0,0,0,0.0,0.0,3.0,0.0,4.304261741637032e+21,7.450580596923828e-05,
0,navstack-1709204551778,navstack,Static,HandCrafted,,,1709204566,416345834,"builtin_interfaces.msg.Time(sec=1709204561, nanosec=716346263)",120.0,Handcrafted_LabStudy,1,3,"-12.0,-0.0,0.5","-0.0,0.0,-0.0,-1.0","11.0,-0.0,0.0","-0.0,0.0,-0.0,-1.0",23.0,23.0,6.082762718200684,0,0,0,0,0,0,0,0.0,0.0,3.0,0.0,4.304261741637032e+21,3.725290298461914e-05,
0,navstack-1709204551778,navstack,Static,HandCrafted,,,1709204566,436346054,"builtin_interfaces.msg.Time(sec=1709204561, nanosec=716346263)",120.0,Handcrafted_LabStudy,1,3,"-12.0,-0.0,0.5","-0.0,0.0,-0.0,-1.0","11.0,-0.0,0.0","-0.0,0.0,-0.0,-1.0",23.0,23.0,6.082762718200684,0,0,0,0,0,0,0,0.0,0.0,3.0,0.0,4.303977413243298e+21,3.725290298461914e-05,
0,navstack-1709204551778,navstack,Static,HandCrafted,,,1709204566,456346035,"builtin_interfaces.msg.Time(sec=1709204561, nanosec=716346263)",120.0,Handcrafted_LabStudy,1,3,"-12.0,-0.0,0.5","-0.0,0.0,-0.0,-1.0","11.0,-0.0,0.0","-0.0,0.0,-0.0,-1.0",23.0,23.0,6.082762718200684,0,0,0,0,0,0,0,0.0,0.0,3.0,0.0,4.304261741637032e+21,7.450580596923828e-05,
0,navstack-1709204551778,navstack,Static,HandCrafted,,,1709204566,476346015,"builtin_interfaces.msg.Time(sec=1709204561, nanosec=716346263)",120.0,Handcrafted_LabStudy,1,3,"-12.0,-0.0,0.5","-0.0,0.0,-0.0,-1.0","11.0,-0.0,0.0","-0.0,0.0,-0.0,-1.0",23.0,23.0,6.082762718200684,0,0,0,0,0,0,0,0.0,0.0,3.0,0.0,4.303977413243298e+21,7.450580596923828e-05,
0,navstack-1709204551778,navstack,Static,HandCrafted,,,1709204566,476346015,"builtin_interfaces.msg.Time(sec=1709204561, nanosec=716346263)",120.0,Handcrafted_LabStudy,1,3,"-12.0,-0.0,0.5","-0.0,0.0,-0.0,-1.0","11.0,-0.0,0.0","-0.0,0.0,-0.0,-1.0",23.0,23.0,6.082762718200684,0,0,0,0,0,0,0,0.0,0.0,3.0,0.0,4.303977413243298e+21,3.725290298461914e-05,
0,navstack-1709204551778,navstack,Static,HandCrafted,,,1709204566,496345996,"builtin_interfaces.msg.Time(sec=1709204561, nanosec=716346263)",120.0,Handcrafted_LabStudy,1,3,"-12.0,-0.0,0.5","-0.0,0.0,-0.0,-1.0","11.0,-0.0,0.0","-0.0,0.0,-0.0,-1.0",23.0,23.0,6.082762718200684,0,0,0,0,0,0,0,0.0,0.0,3.0,0.0,4.304261741637032e+21,3.725290298461914e-05,
0,navstack-1709204551778,navstack,Static,HandCrafted,,,1709204566,496345996,"builtin_interfaces.msg.Time(sec=1709204561, nanosec=716346263)",120.0,Handcrafted_LabStudy,1,3,"-12.0,-0.0,0.5","-0.0,0.0,-0.0,-1.0","11.0,-0.0,0.0","-0.0,0.0,-0.0,-1.0",23.0,23.0,6.082762718200684,0,0,0,0,0,0,0,0.0,0.0,3.0,0.0,4.304261741637032e+21,3.725290298461914e-05,
0,navstack-1709204551778,navstack,Static,HandCrafted,,,1709204566,516345977,"builtin_interfaces.msg.Time(sec=1709204561, nanosec=716346263)",120.0,Handcrafted_LabStudy,1,3,"-12.0,-0.0,0.5","-0.0,0.0,-0.0,-1.0","11.0,-0.0,0.0","-0.0,0.0,-0.0,-1.0",23.0,23.0,6.082762718200684,0,0,0,0,0,0,0,0.0,0.0,3.0,0.0,4.303977413243298e+21,3.725290298461914e-05,
0,navstack-1709204551778,navstack,Static,HandCrafted,,,1709204566,536345958,"builtin_interfaces.msg.Time(sec=1709204561, nanosec=716346263)",120.0,Handcrafted_LabStudy,1,3,"-12.0,-0.0,0.5","-0.0,0.0,-0.0,-1.0","11.0,-0.0,0.0","-0.0,0.0,-0.0,-1.0",23.0,23.0,6.082762718200684,0,0,0,0,0,0,0,0.0,0.0,3.0,0.0,4.304261741637032e+21,7.450580596923828e-05,
0,navstack-1709204551778,navstack,Static,HandCrafted,,,1709204566,536345958,"builtin_interfaces.msg.Time(sec=1709204561, nanosec=716346263)",120.0,Handcrafted_LabStudy,1,3,"-12.0,-0.0,0.5","-0.0,0.0,-0.0,-1.0","11.0,-0.0,0.0","-0.0,0.0,-0.0,-1.0",23.0,23.0,6.082762718200684,0,0,0,0,0,0,0,0.0,0.0,3.0,0.0,4.304261741637032e+21,3.725290298461914e-05,
0,navstack-1709204551778,navstack,Static,HandCrafted,,,1709204566,556345939,"builtin_interfaces.msg.Time(sec=1709204561, nanosec=716346263)",120.0,Handcrafted_LabStudy,1,3,"-12.0,-0.0,0.5","-0.0,0.0,-0.0,-1.0","11.0,-0.0,0.0","-0.0,0.0,-0.0,-1.0",23.0,23.0,6.082762718200684,0,0,0,0,0,0,0,0.0,0.0,3.0,0.0,4.303977413243298e+21,3.725290298461914e-05,
0,navstack-1709204551778,navstack,Static,HandCrafted,,,1709204566,556345939,"builtin_interfaces.msg.Time(sec=1709204561, nanosec=716346263)",120.0,Handcrafted_LabStudy,1,3,"-12.0,-0.0,0.5","-0.0,0.0,-0.0,-1.0","11.0,-0.0,0.0","-0.0,0.0,-0.0,-1.0",23.0,23.0,6.082762718200684,0,0,0,0,0,0,0,0.0,0.0,3.0,0.0,4.303977413243298e+21,3.725290298461914e-05,
0,navstack-1709204551778,navstack,Static,HandCrafted,,,1709204566,576345920,"builtin_interfaces.msg.Time(sec=1709204561, nanosec=716346263)",120.0,Handcrafted_LabStudy,1,3,"-12.0,-0.0,0.5","-0.0,0.0,-0.0,-1.0","11.0,-0.0,0.0","-0.0,0.0,-0.0,-1.0",23.0,23.0,6.082762718200684,0,0,0,0,0,0,0,0.0,0.0,3.0,0.0,4.304261741637032e+21,3.725290298461914e-05,
0,navstack-1709204551778,navstack,Static,HandCrafted,,,1709204566,596346139,"builtin_interfaces.msg.Time(sec=1709204561, nanosec=716346263)",120.0,Handcrafted_LabStudy,1,3,"-12.0,-0.0,0.5","-0.0,0.0,-0.0,-1.0","11.0,-0.0,0.0","-0.0,0.0,-0.0,-1.0",23.0,23.0,6.082762718200684,0,0,0,0,0,0,0,0.0,0.0,3.0,0.0,4.303977413243298e+21,7.450580596923828e-05,
0,navstack-1709204551778,navstack,Static,HandCrafted,,,1709204566,596346139,"builtin_interfaces.msg.Time(sec=1709204561, nanosec=716346263)",120.0,Handcrafted_LabStudy,1,3,"-12.0,-0.0,0.5","-0.0,0.0,-0.0,-1.0","11.0,-0.0,0.0","-0.0,0.0,-0.0,-1.0",23.0,23.0,6.082762718200684,0,0,0,0,0,0,0,0.0,0.0,3.0,0.0,4.303977413243298e+21,3.725290298461914e-05,
0,navstack-1709204551778,navstack,Static,HandCrafted,,,1709204566,616346120,"builtin_interfaces.msg.Time(sec=1709204561, nanosec=716346263)",120.0,Handcrafted_LabStudy,1,3,"-12.0,-0.0,0.5","-0.0,0.0,-0.0,-1.0","11.0,-0.0,0.0","-0.0,0.0,-0.0,-1.0",23.0,23.0,6.082762718200684,0,0,0,0,0,0,0,0.0,0.0,3.0,0.0,4.304261741637032e+21,3.725290298461914e-05,
0,navstack-1709204551778,navstack,Static,HandCrafted,,,1709204566,616346120,"builtin_interfaces.msg.Time(sec=1709204561, nanosec=716346263)",120.0,Handcrafted_LabStudy,1,3,"-12.0,-0.0,0.5","-0.0,0.0,-0.0,-1.0","11.0,-0.0,0.0","-0.0,0.0,-0.0,-1.0",23.0,23.0,6.082762718200684,0,0,0,0,0,0,0,0.0,0.0,3.0,0.0,4.304261741637032e+21,3.725290298461914e-05,
0,navstack-1709204551778,navstack,Static,HandCrafted,,,1709204566,636346101,"builtin_interfaces.msg.Time(sec=1709204561, nanosec=716346263)",120.0,Handcrafted_LabStudy,1,3,"-12.0,-0.0,0.5","-0.0,0.0,-0.0,-1.0","11.0,-0.0,0.0","-0.0,0.0,-0.0,-1.0",23.0,23.0,6.082762718200684,0,0,0,0,0,0,0,0.0,0.0,3.0,0.0,4.303977413243298e+21,3.725290298461914e-05,
0,navstack-1709204551778,navstack,Static,HandCrafted,,,1709204566,636346101,"builtin_interfaces.msg.Time(sec=1709204561, nanosec=716346263)",120.0,Handcrafted_LabStudy,1,3,"-12.0,-0.0,0.5","-0.0,0.0,-0.0,-1.0","11.0,-0.0,0.0","-0.0,0.0,-0.0,-1.0",23.0,23.0,6.082762718200684,0,0,0,0,0,0,0,0.0,0.0,3.0,0.0,4.303977413243298e+21,3.725290298461914e-05,
0,navstack-1709204551778,navstack,Static,HandCrafted,,,1709204566,656346082,"builtin_interfaces.msg.Time(sec=1709204561, nanosec=716346263)",120.0,Handcrafted_LabStudy,1,3,"-12.0,-0.0,0.5","-0.0,0.0,-0.0,-1.0","11.0,-0.0,0.0","-0.0,0.0,-0.0,-1.0",23.0,23.0,6.082762718200684,0,0,0,0,0,0,0,0.0,0.0,3.0,0.0,4.304261741637032e+21,3.725290298461914e-05,
0,navstack-1709204551778,navstack,Static,HandCrafted,,,1709204566,656346082,"builtin_interfaces.msg.Time(sec=1709204561, nanosec=716346263)",120.0,Handcrafted_LabStudy,1,3,"-12.0,-0.0,0.5","-0.0,0.0,-0.0,-1.0","11.0,-0.0,0.0","-0.0,0.0,-0.0,-1.0",23.0,23.0,6.082762718200684,0,0,0,0,0,0,0,0.0,0.0,3.0,0.0,4.304261741637032e+21,3.725290298461914e-05,
0,navstack-1709204551778,navstack,Static,HandCrafted,,,1709204566,676346302,"builtin_interfaces.msg.Time(sec=1709204561, nanosec=716346263)",120.0,Handcrafted_LabStudy,1,3,"-12.0,-0.0,0.5","-0.0,0.0,-0.0,-1.0","11.0,-0.0,0.0","-0.0,0.0,-0.0,-1.0",23.0,23.0,6.082762718200684,0,0,0,0,0,0,0,0.0,0.0,3.0,0.0,4.303977413243298e+21,3.725290298461914e-05,
0,navstack-1709204551778,navstack,Static,HandCrafted,,,1709204566,676346302,"builtin_interfaces.msg.Time(sec=1709204561, nanosec=716346263)",120.0,Handcrafted_LabStudy,1,3,"-12.0,-0.0,0.5","-0.0,0.0,-0.0,-1.0","11.0,-0.0,0.0","-0.0,0.0,-0.0,-1.0",23.0,23.0,6.082762718200684,0,0,0,0,0,0,0,0.0,0.0,3.0,0.0,4.303977413243298e+21,3.725290298461914e-05,
0,navstack-1709204551778,navstack,Static,HandCrafted,,,1709204566,696346282,"builtin_interfaces.msg.Time(sec=1709204561, nanosec=716346263)",120.0,Handcrafted_LabStudy,1,3,"-12.0,-0.0,0.5","-0.0,0.0,-0.0,-1.0","11.0,-0.0,0.0","-0.0,0.0,-0.0,-1.0",23.0,23.0,6.082762718200684,0,0,0,0,0,0,0,0.0,0.0,3.0,0.0,4.304261741637032e+21,3.725290298461914e-05,
0,navstack-1709204551778,navstack,Static,HandCrafted,,,1709204566,696346282,"builtin_interfaces.msg.Time(sec=1709204561, nanosec=716346263)",120.0,Handcrafted_LabStudy,1,3,"-12.0,-0.0,0.5","-0.0,0.0,-0.0,-1.0","11.0,-0.0,0.0","-0.0,0.0,-0.0,-1.0",23.0,23.0,6.082762718200684,0,0,0,0,0,0,0,0.0,0.0,3.0,0.0,4.304261741637032e+21,3.725290298461914e-05,
0,navstack-1709204551778,navstack,Static,HandCrafted,,,1709204566,696346282,"builtin_interfaces.msg.Time(sec=1709204561, nanosec=716346263)",120.0,Handcrafted_LabStudy,1,3,"-12.0,-0.0,0.5","-0.0,0.0,-0.0,-1.0","11.0,-0.0,0.0","-0.0,0.0,-0.0,-1.0",23.0,23.0,6.082762718200684,0,0,0,0,0,0,0,0.0,0.0,3.0,0.0,4.304261741637032e+21,0.0,
0,navstack-1709204551778,navstack,Static,HandCrafted,,,1709204566,716346263,"builtin_interfaces.msg.Time(sec=1709204561, nanosec=716346263)",120.0,Handcrafted_LabStudy,1,3,"-12.0,-0.0,0.5","-0.0,0.0,-0.0,-1.0","11.0,-0.0,0.0","-0.0,0.0,-0.0,-1.0",23.0,23.0,6.082762718200684,0,0,0,0,0,0,0,0.0,0.0,3.0,0.0,4.303977413243298e+21,3.725290298461914e-05,
0,navstack-1709204551778,navstack,Static,HandCrafted,,,1709204566,716346263,"builtin_interfaces.msg.Time(sec=1709204561, nanosec=716346263)",120.0,Handcrafted_LabStudy,1,3,"-12.0,-0.0,0.5","-0.0,0.0,-0.0,-1.0","11.0,-0.0,0.0","-0.0,0.0,-0.0,-1.0",23.0,23.0,6.082762718200684,0,0,0,0,0,0,0,0.0,0.0,3.0,0.0,4.303977413243298e+21,3.725290298461914e-05,
0,navstack-1709204551778,navstack,Static,HandCrafted,,,1709204566,736346244,"builtin_interfaces.msg.Time(sec=1709204561, nanosec=716346263)",120.0,Handcrafted_LabStudy,1,3,"-12.0,-0.0,0.5","-0.0,0.0,-0.0,-1.0","11.0,-0.0,0.0","-0.0,0.0,-0.0,-1.0",23.0,23.0,6.082762718200684,0,0,0,0,0,0,0,0.0,0.0,3.0,0.0,4.304261741637032e+21,3.725290298461914e-05,
0,navstack-1709204551778,navstack,Static,HandCrafted,,,1709204566,736346244,"builtin_interfaces.msg.Time(sec=1709204561, nanosec=716346263)",120.0,Handcrafted_LabStudy,1,3,"-12.0,-0.0,0.5","-0.0,0.0,-0.0,-1.0","11.0,-0.0,0.0","-0.0,0.0,-0.0,-1.0",23.0,23.0,6.082762718200684,0,0,0,0,0,0,0,0.0,0.0,3.0,0.0,4.304261741637032e+21,3.725290298461914e-05,
0,navstack-1709204551778,navstack,Static,HandCrafted,,,1709204566,756346225,"builtin_interfaces.msg.Time(sec=1709204561, nanosec=716346263)",120.0,Handcrafted_LabStudy,1,3,"-12.0,-0.0,0.5","-0.0,0.0,-0.0,-1.0","11.0,-0.0,0.0","-0.0,0.0,-0.0,-1.0",23.0,23.0,6.082762718200684,0,0,0,0,0,0,0,0.0,0.0,3.0,0.0,4.303977413243298e+21,3.725290298461914e-05,
0,navstack-1709204551778,navstack,Static,HandCrafted,,,1709204566,776346206,"builtin_interfaces.msg.Time(sec=1709204561, nanosec=716346263)",120.0,Handcrafted_LabStudy,1,3,"-12.0,-0.0,0.5","-0.0,0.0,-0.0,-1.0","11.0,-0.0,0.0","-0.0,0.0,-0.0,-1.0",23.0,23.0,6.082762718200684,0,0,0,0,0,0,0,0.0,0.0,3.0,0.0,4.304261741637032e+21,7.450580596923828e-05,
0,navstack-1709204551778,navstack,Static,HandCrafted,,,1709204566,796346187,"builtin_interfaces.msg.Time(sec=1709204561, nanosec=716346263)",120.0,Handcrafted_LabStudy,1,3,"-12.0,-0.0,0.5","-0.0,0.0,-0.0,-1.0","11.0,-0.0,0.0","-0.0,0.0,-0.0,-1.0",23.0,23.0,6.082762718200684,0,0,0,0,0,0,0,0.0,0.0,4.0,0.0,4.303977413243298e+21,7.450580596923828e-05,
0,navstack-1709204551778,navstack,Static,HandCrafted,,,1709204566,816346168,"builtin_interfaces.msg.Time(sec=1709204561, nanosec=716346263)",120.0,Handcrafted_LabStudy,1,3,"-12.0,-0.0,0.5","-0.0,0.0,-0.0,-1.0","11.0,-0.0,0.0","-0.0,0.0,-0.0,-1.0",23.0,23.0,6.082762718200684,0,0,0,0,0,0,0,0.0,0.0,4.0,0.0,4.304261741637032e+21,7.450580596923828e-05,
0,navstack-1709204551778,navstack,Static,HandCrafted,,,1709204566,856345891,"builtin_interfaces.msg.Time(sec=1709204561, nanosec=716346263)",120.0,Handcrafted_LabStudy,1,3,"-12.0,-0.0,0.5","-0.0,0.0,-0.0,-1.0","11.0,-0.0,0.0","-0.0,0.0,-0.0,-1.0",23.0,23.0,6.082762718200684,0,0,0,0,0,0,0,0.0,0.0,4.0,0.0,4.304261741637032e+21,3.725290298461914e-05,
0,navstack-1709204551778,navstack,Static,HandCrafted,,,1709204566,856345891,"builtin_interfaces.msg.Time(sec=1709204561, nanosec=716346263)",120.0,Handcrafted_LabStudy,1,3,"-12.0,-0.0,0.5","-0.0,0.0,-0.0,-1.0","11.0,-0.0,0.0","-0.0,0.0,-0.0,-1.0",23.0,23.0,6.082762718200684,0,0,0,0,0,0,0,0.0,0.0,4.0,0.0,4.304261741637032e+21,0.0,
0,navstack-1709204551778,navstack,Static,HandCrafted,,,1709204566,876345872,"builtin_interfaces.msg.Time(sec=1709204561, nanosec=716346263)",120.0,Handcrafted_LabStudy,1,3,"-12.0,-0.0,0.5","-0.0,0.0,-0.0,-1.0","11.0,-0.0,0.0","-0.0,0.0,-0.0,-1.0",23.0,23.0,6.082762718200684,0,0,0,0,0,0,0,0.0,0.0,4.0,0.0,4.303977413243298e+21,3.725290298461914e-05,
0,navstack-1709204551778,navstack,Static,HandCrafted,,,1709204566,876345872,"builtin_interfaces.msg.Time(sec=1709204561, nanosec=716346263)",120.0,Handcrafted_LabStudy,1,3,"-12.0,-0.0,0.5","-0.0,0.0,-0.0,-1.0","11.0,-0.0,0.0","-0.0,0.0,-0.0,-1.0",23.0,23.0,6.082762718200684,0,0,0,0,0,0,0,0.0,0.0,4.0,0.0,4.303977413243298e+21,3.725290298461914e-05,
0,navstack-1709204551778,navstack,Static,HandCrafted,,,1709204566,896345853,"builtin_interfaces.msg.Time(sec=1709204561, nanosec=716346263)",120.0,Handcrafted_LabStudy,1,3,"-12.0,-0.0,0.5","-0.0,0.0,-0.0,-1.0","11.0,-0.0,0.0","-0.0,0.0,-0.0,-1.0",23.0,23.0,6.082762718200684,0,0,0,0,0,0,0,0.0,0.0,4.0,0.0,4.304261741637032e+21,3.725290298461914e-05,
0,navstack-1709204551778,navstack,Static,HandCrafted,,,1709204566,896345853,"builtin_interfaces.msg.Time(sec=1709204561, nanosec=716346263)",120.0,Handcrafted_LabStudy,1,3,"-12.0,-0.0,0.5","-0.0,0.0,-0.0,-1.0","11.0,-0.0,0.0","-0.0,0.0,-0.0,-1.0",23.0,23.0,6.082762718200684,0,0,0,0,0,0,0,0.0,0.0,4.0,0.0,4.304261741637032e+21,3.725290298461914e-05,
0,navstack-1709204551778,navstack,Static,HandCrafted,,,1709204566,896345853,"builtin_interfaces.msg.Time(sec=1709204561, nanosec=716346263)",120.0,Handcrafted_LabStudy,1,3,"-12.0,-0.0,0.5","-0.0,0.0,-0.0,-1.0","11.0,-0.0,0.0","-0.0,0.0,-0.0,-1.0",23.0,23.0,6.082762718200684,0,0,0,0,0,0,0,0.0,0.0,4.0,0.0,4.304261741637032e+21,0.0,
0,navstack-1709204551778,navstack,Static,HandCrafted,,,1709204566,916345834,"builtin_interfaces.msg.Time(sec=1709204561, nanosec=716346263)",120.0,Handcrafted_LabStudy,1,3,"-12.0,-0.0,0.5","-0.0,0.0,-0.0,-1.0","11.0,-0.0,0.0","-0.0,0.0,-0.0,-1.0",23.0,23.0,6.082762718200684,0,0,0,0,0,0,0,0.0,0.0,4.0,0.0,4.303977413243298e+21,3.725290298461914e-05,
0,navstack-1709204551778,navstack,Static,HandCrafted,,,1709204566,916345834,"builtin_interfaces.msg.Time(sec=1709204561, nanosec=716346263)",120.0,Handcrafted_LabStudy,1,3,"-12.0,-0.0,0.5","-0.0,0.0,-0.0,-1.0","11.0,-0.0,0.0","-0.0,0.0,-0.0,-1.0",23.0,23.0,6.082762718200684,0,0,0,0,0,0,0,0.0,0.0,4.0,0.0,4.303977413243298e+21,3.725290298461914e-05,
0,navstack-1709204551778,navstack,Static,HandCrafted,,,1709204566,936346054,"builtin_interfaces.msg.Time(sec=1709204561, nanosec=716346263)",120.0,Handcrafted_LabStudy,1,3,"-12.0,-0.0,0.5","-0.0,0.0,-0.0,-1.0","11.0,-0.0,0.0","-0.0,0.0,-0.0,-1.0",23.0,23.0,6.082762718200684,0,0,0,0,0,0,0,0.0,0.0,4.0,0.0,4.304261741637032e+21,3.725290298461914e-05,
0,navstack-1709204551778,navstack,Static,HandCrafted,,,1709204566,936346054,"builtin_interfaces.msg.Time(sec=1709204561, nanosec=716346263)",120.0,Handcrafted_LabStudy,1,3,"-12.0,-0.0,0.5","-0.0,0.0,-0.0,-1.0","11.0,-0.0,0.0","-0.0,0.0,-0.0,-1.0",23.0,23.0,6.082762718200684,0,0,0,0,0,0,0,0.0,0.0,4.0,0.0,4.304261741637032e+21,3.725290298461914e-05,
0,navstack-1709204551778,navstack,Static,HandCrafted,,,1709204566,956346035,"builtin_interfaces.msg.Time(sec=1709204561, nanosec=716346263)",120.0,Handcrafted_LabStudy,1,3,"-12.0,-0.0,0.5","-0.0,0.0,-0.0,-1.0","11.0,-0.0,0.0","-0.0,0.0,-0.0,-1.0",23.0,23.0,6.082762718200684,0,0,0,0,0,0,0,0.0,0.0,4.0,0.0,4.303977413243298e+21,3.725290298461914e-05,
0,navstack-1709204551778,navstack,Static,HandCrafted,,,1709204566,956346035,"builtin_interfaces.msg.Time(sec=1709204561, nanosec=716346263)",120.0,Handcrafted_LabStudy,1,3,"-12.0,-0.0,0.5","-0.0,0.0,-0.0,-1.0","11.0,-0.0,0.0","-0.0,0.0,-0.0,-1.0",23.0,23.0,6.082762718200684,0,0,0,0,0,0,0,0.0,0.0,4.0,0.0,4.303977413243298e+21,3.725290298461914e-05,
0,navstack-1709204551778,navstack,Static,HandCrafted,,,1709204566,976346015,"builtin_interfaces.msg.Time(sec=1709204561, nanosec=716346263)",120.0,Handcrafted_LabStudy,1,3,"-12.0,-0.0,0.5","-0.0,0.0,-0.0,-1.0","11.0,-0.0,0.0","-0.0,0.0,-0.0,-1.0",23.0,23.0,6.082762718200684,0,0,0,0,0,0,0,0.0,0.0,4.0,0.0,4.304261741637032e+21,3.725290298461914e-05,
0,navstack-1709204551778,navstack,Static,HandCrafted,,,1709204566,996345996,"builtin_interfaces.msg.Time(sec=1709204561, nanosec=716346263)",120.0,Handcrafted_LabStudy,1,3,"-12.0,-0.0,0.5","-0.0,0.0,-0.0,-1.0","11.0,-0.0,0.0","-0.0,0.0,-0.0,-1.0",23.0,23.0,6.082762718200684,0,0,0,0,0,0,0,0.0,0.0,4.0,0.0,4.303977413243298e+21,7.450580596923828e-05,
0,navstack-1709204551778,navstack,Static,HandCrafted,,,1709204566,996345996,"builtin_interfaces.msg.Time(sec=1709204561, nanosec=716346263)",120.0,Handcrafted_LabStudy,1,3,"-12.0,-0.0,0.5","-0.0,0.0,-0.0,-1.0","11.0,-0.0,0.0","-0.0,0.0,-0.0,-1.0",23.0,23.0,6.082762718200684,0,0,0,0,0,0,0,0.0,0.0,4.0,0.0,4.303977413243298e+21,3.725290298461914e-05,
0,navstack-1709204551778,navstack,Static,HandCrafted,,,1709204566,996345996,"builtin_interfaces.msg.Time(sec=1709204561, nanosec=716346263)",120.0,Handcrafted_LabStudy,1,3,"-12.0,-0.0,0.5","-0.0,0.0,-0.0,-1.0","11.0,-0.0,0.0","-0.0,0.0,-0.0,-1.0",23.0,23.0,6.082762718200684,0,0,0,0,0,0,0,0.0,0.0,4.0,0.0,4.303977413243298e+21,0.0,
0,navstack-1709204551778,navstack,Static,HandCrafted,,,1709204567,16345977,"builtin_interfaces.msg.Time(sec=1709204561, nanosec=716346263)",120.0,Handcrafted_LabStudy,1,3,"-12.0,-0.0,0.5","-0.0,0.0,-0.0,-1.0","11.0,-0.0,0.0","-0.0,0.0,-0.0,-1.0",23.0,23.0,6.082762718200684,0,0,0,0,0,0,0,0.0,0.0,4.0,0.0,4.304261741637032e+21,3.725290298461914e-05,
0,navstack-1709204551778,navstack,Static,HandCrafted,,,1709204567,16345977,"builtin_interfaces.msg.Time(sec=1709204561, nanosec=716346263)",120.0,Handcrafted_LabStudy,1,3,"-12.0,-0.0,0.5","-0.0,0.0,-0.0,-1.0","11.0,-0.0,0.0","-0.0,0.0,-0.0,-1.0",23.0,23.0,6.082762718200684,0,0,0,0,0,0,0,0.0,0.0,4.0,0.0,4.304261741637032e+21,3.725290298461914e-05,
0,navstack-1709204551778,navstack,Static,HandCrafted,,,1709204567,36345958,"builtin_interfaces.msg.Time(sec=1709204561, nanosec=716346263)",120.0,Handcrafted_LabStudy,1,3,"-12.0,-0.0,0.5","-0.0,0.0,-0.0,-1.0","11.0,-0.0,0.0","-0.0,0.0,-0.0,-1.0",23.0,23.0,6.082762718200684,0,0,0,0,0,0,0,0.0,0.0,4.0,0.0,4.303977413243298e+21,3.725290298461914e-05,
0,navstack-1709204551778,navstack,Static,HandCrafted,,,1709204567,36345958,"builtin_interfaces.msg.Time(sec=1709204561, nanosec=716346263)",120.0,Handcrafted_LabStudy,1,3,"-12.0,-0.0,0.5","-0.0,0.0,-0.0,-1.0","11.0,-0.0,0.0","-0.0,0.0,-0.0,-1.0",23.0,23.0,6.082762718200684,0,0,0,0,0,0,0,0.0,0.0,4.0,0.0,4.303977413243298e+21,3.725290298461914e-05,
0,navstack-1709204551778,navstack,Static,HandCrafted,,,1709204567,56345939,"builtin_interfaces.msg.Time(sec=1709204561, nanosec=716346263)",120.0,Handcrafted_LabStudy,1,3,"-12.0,-0.0,0.5","-0.0,0.0,-0.0,-1.0","11.0,-0.0,0.0","-0.0,0.0,-0.0,-1.0",23.0,23.0,6.082762718200684,0,0,0,0,0,0,0,0.0,0.0,4.0,0.0,4.304261741637032e+21,3.725290298461914e-05,
0,navstack-1709204551778,navstack,Static,HandCrafted,,,1709204567,56345939,"builtin_interfaces.msg.Time(sec=1709204561, nanosec=716346263)",120.0,Handcrafted_LabStudy,1,3,"-12.0,-0.0,0.5","-0.0,0.0,-0.0,-1.0","11.0,-0.0,0.0","-0.0,0.0,-0.0,-1.0",23.0,23.0,6.082762718200684,0,0,0,0,0,0,0,0.0,0.0,4.0,0.0,4.304261741637032e+21,3.725290298461914e-05,
0,navstack-1709204551778,navstack,Static,HandCrafted,,,1709204567,76345920,"builtin_interfaces.msg.Time(sec=1709204561, nanosec=716346263)",120.0,Handcrafted_LabStudy,1,3,"-12.0,-0.0,0.5","-0.0,0.0,-0.0,-1.0","11.0,-0.0,0.0","-0.0,0.0,-0.0,-1.0",23.0,23.0,6.082762718200684,0,0,0,0,0,0,0,0.0,0.0,4.0,0.0,4.303977413243298e+21,3.725290298461914e-05,
0,navstack-1709204551778,navstack,Static,HandCrafted,,,1709204567,76345920,"builtin_interfaces.msg.Time(sec=1709204561, nanosec=716346263)",120.0,Handcrafted_LabStudy,1,3,"-12.0,-0.0,0.5","-0.0,0.0,-0.0,-1.0","11.0,-0.0,0.0","-0.0,0.0,-0.0,-1.0",23.0,23.0,6.082762718200684,0,0,0,0,0,0,0,0.0,0.0,4.0,0.0,4.303977413243298e+21,3.725290298461914e-05,
0,navstack-1709204551778,navstack,Static,HandCrafted,,,1709204567,96346139,"builtin_interfaces.msg.Time(sec=1709204561, nanosec=716346263)",120.0,Handcrafted_LabStudy,1,3,"-12.0,-0.0,0.5","-0.0,0.0,-0.0,-1.0","11.0,-0.0,0.0","-0.0,0.0,-0.0,-1.0",23.0,23.0,6.082762718200684,0,0,0,0,0,0,0,0.0,0.0,4.0,0.0,4.304261741637032e+21,3.725290298461914e-05,
0,navstack-1709204551778,navstack,Static,HandCrafted,,,1709204567,116346120,"builtin_interfaces.msg.Time(sec=1709204561, nanosec=716346263)",120.0,Handcrafted_LabStudy,1,3,"-12.0,-0.0,0.5","-0.0,0.0,-0.0,-1.0","11.0,-0.0,0.0","-0.0,0.0,-0.0,-1.0",23.0,23.0,6.082762718200684,0,0,0,0,0,0,0,0.0,0.0,4.0,0.0,4.303977413243298e+21,7.450580596923828e-05,
0,navstack-1709204551778,navstack,Static,HandCrafted,,,1709204567,116346120,"builtin_interfaces.msg.Time(sec=1709204561, nanosec=716346263)",120.0,Handcrafted_LabStudy,1,3,"-12.0,-0.0,0.5","-0.0,0.0,-0.0,-1.0","11.0,-0.0,0.0","-0.0,0.0,-0.0,-1.0",23.0,23.0,6.082762718200684,0,0,0,0,0,0,0,0.0,0.0,4.0,0.0,4.303977413243298e+21,3.725290298461914e-05,
0,navstack-1709204551778,navstack,Static,HandCrafted,,,1709204567,136346101,"builtin_interfaces.msg.Time(sec=1709204561, nanosec=716346263)",120.0,Handcrafted_LabStudy,1,3,"-12.0,-0.0,0.5","-0.0,0.0,-0.0,-1.0","11.0,-0.0,0.0","-0.0,0.0,-0.0,-1.0",23.0,23.0,6.082762718200684,0,0,0,0,0,0,0,0.0,0.0,4.0,0.0,4.304261741637032e+21,3.725290298461914e-05,
0,navstack-1709204551778,navstack,Static,HandCrafted,,,1709204567,136346101,"builtin_interfaces.msg.Time(sec=1709204561, nanosec=716346263)",120.0,Handcrafted_LabStudy,1,3,"-12.0,-0.0,0.5","-0.0,0.0,-0.0,-1.0","11.0,-0.0,0.0","-0.0,0.0,-0.0,-1.0",23.0,23.0,6.082762718200684,0,0,0,0,0,0,0,0.0,0.0,4.0,0.0,4.304261741637032e+21,3.725290298461914e-05,
0,navstack-1709204551778,navstack,Static,HandCrafted,,,1709204567,136346101,"builtin_interfaces.msg.Time(sec=1709204561, nanosec=716346263)",120.0,Handcrafted_LabStudy,1,3,"-12.0,-0.0,0.5","-0.0,0.0,-0.0,-1.0","11.0,-0.0,0.0","-0.0,0.0,-0.0,-1.0",23.0,23.0,6.082762718200684,0,0,0,0,0,0,0,0.0,0.0,4.0,0.0,4.304261741637032e+21,0.0,
0,navstack-1709204551778,navstack,Static,HandCrafted,,,1709204567,156346082,"builtin_interfaces.msg.Time(sec=1709204561, nanosec=716346263)",120.0,Handcrafted_LabStudy,1,3,"-12.0,-0.0,0.5","-0.0,0.0,-0.0,-1.0","11.0,-0.0,0.0","-0.0,0.0,-0.0,-1.0",23.0,23.0,6.082762718200684,0,0,0,0,0,0,0,0.0,0.0,4.0,0.0,4.303977413243298e+21,3.725290298461914e-05,
0,navstack-1709204551778,navstack,Static,HandCrafted,,,1709204567,156346082,"builtin_interfaces.msg.Time(sec=1709204561, nanosec=716346263)",120.0,Handcrafted_LabStudy,1,3,"-12.0,-0.0,0.5","-0.0,0.0,-0.0,-1.0","11.0,-0.0,0.0","-0.0,0.0,-0.0,-1.0",23.0,23.0,6.082762718200684,0,0,0,0,0,0,0,0.0,0.0,4.0,0.0,4.303977413243298e+21,3.725290298461914e-05,
0,navstack-1709204551778,navstack,Static,HandCrafted,,,1709204567,176346302,"builtin_interfaces.msg.Time(sec=1709204561, nanosec=716346263)",120.0,Handcrafted_LabStudy,1,3,"-12.0,-0.0,0.5","-0.0,0.0,-0.0,-1.0","11.0,-0.0,0.0","-0.0,0.0,-0.0,-1.0",23.0,23.0,6.082762718200684,0,0,0,0,0,0,0,0.0,0.0,4.0,0.0,4.304261741637032e+21,3.725290298461914e-05,
0,navstack-1709204551778,navstack,Static,HandCrafted,,,1709204567,176346302,"builtin_interfaces.msg.Time(sec=1709204561, nanosec=716346263)",120.0,Handcrafted_LabStudy,1,3,"-12.0,-0.0,0.5","-0.0,0.0,-0.0,-1.0","11.0,-0.0,0.0","-0.0,0.0,-0.0,-1.0",23.0,23.0,6.082762718200684,0,0,0,0,0,0,0,0.0,0.0,4.0,0.0,4.304261741637032e+21,3.725290298461914e-05,
0,navstack-1709204551778,navstack,Static,HandCrafted,,,1709204567,196346282,"builtin_interfaces.msg.Time(sec=1709204561, nanosec=716346263)",120.0,Handcrafted_LabStudy,1,3,"-12.0,-0.0,0.5","-0.0,0.0,-0.0,-1.0","11.0,-0.0,0.0","-0.0,0.0,-0.0,-1.0",23.0,23.0,6.082762718200684,0,0,0,0,0,0,0,0.0,0.0,4.0,0.0,4.303977413243298e+21,3.725290298461914e-05,
0,navstack-1709204551778,navstack,Static,HandCrafted,,,1709204567,216346263,"builtin_interfaces.msg.Time(sec=1709204561, nanosec=716346263)",120.0,Handcrafted_LabStudy,1,3,"-12.0,-0.0,0.5","-0.0,0.0,-0.0,-1.0","11.0,-0.0,0.0","-0.0,0.0,-0.0,-1.0",23.0,23.0,6.082762718200684,0,0,0,0,0,0,0,0.0,0.0,4.0,0.0,4.304261741637032e+21,7.450580596923828e-05,
0,navstack-1709204551778,navstack,Static,HandCrafted,,,1709204567,216346263,"builtin_interfaces.msg.Time(sec=1709204561, nanosec=716346263)",120.0,Handcrafted_LabStudy,1,3,"-12.0,-0.0,0.5","-0.0,0.0,-0.0,-1.0","11.0,-0.0,0.0","-0.0,0.0,-0.0,-1.0",23.0,23.0,6.082762718200684,0,0,0,0,0,0,0,0.0,0.0,4.0,0.0,4.304261741637032e+21,3.725290298461914e-05,
0,navstack-1709204551778,navstack,Static,HandCrafted,,,1709204567,236346244,"builtin_interfaces.msg.Time(sec=1709204561, nanosec=716346263)",120.0,Handcrafted_LabStudy,1,3,"-12.0,-0.0,0.5","-0.0,0.0,-0.0,-1.0","11.0,-0.0,0.0","-0.0,0.0,-0.0,-1.0",23.0,23.0,6.082762718200684,0,0,0,0,0,0,0,0.0,0.0,4.0,0.0,4.303977413243298e+21,3.725290298461914e-05,
0,navstack-1709204551778,navstack,Static,HandCrafted,,,1709204567,236346244,"builtin_interfaces.msg.Time(sec=1709204561, nanosec=716346263)",120.0,Handcrafted_LabStudy,1,3,"-12.0,-0.0,0.5","-0.0,0.0,-0.0,-1.0","11.0,-0.0,0.0","-0.0,0.0,-0.0,-1.0",23.0,23.0,6.082762718200684,0,0,0,0,0,0,0,0.0,0.0,4.0,0.0,4.303977413243298e+21,3.725290298461914e-05,
0,navstack-1709204551778,navstack,Static,HandCrafted,,,1709204567,256346225,"builtin_interfaces.msg.Time(sec=1709204561, nanosec=716346263)",120.0,Handcrafted_LabStudy,1,3,"-12.0,-0.0,0.5","-0.0,0.0,-0.0,-1.0","11.0,-0.0,0.0","-0.0,0.0,-0.0,-1.0",23.0,23.0,6.082762718200684,0,0,0,0,0,0,0,0.0,0.0,4.0,0.0,4.304261741637032e+21,3.725290298461914e-05,
0,navstack-1709204551778,navstack,Static,HandCrafted,,,1709204567,276346206,"builtin_interfaces.msg.Time(sec=1709204561, nanosec=716346263)",120.0,Handcrafted_LabStudy,1,3,"-12.0,-0.0,0.5","-0.0,0.0,-0.0,-1.0","11.0,-0.0,0.0","-0.0,0.0,-0.0,-1.0",23.0,23.0,6.082762718200684,0,0,0,0,0,0,0,0.0,0.0,4.0,0.0,4.303977413243298e+21,7.450580596923828e-05,
0,navstack-1709204551778,navstack,Static,HandCrafted,,,1709204567,276346206,"builtin_interfaces.msg.Time(sec=1709204561, nanosec=716346263)",120.0,Handcrafted_LabStudy,1,3,"-12.0,-0.0,0.5","-0.0,0.0,-0.0,-1.0","11.0,-0.0,0.0","-0.0,0.0,-0.0,-1.0",23.0,23.0,6.082762718200684,0,0,0,0,0,0,0,0.0,0.0,4.0,0.0,4.303977413243298e+21,3.725290298461914e-05,
0,navstack-1709204551778,navstack,Static,HandCrafted,,,1709204567,296346187,"builtin_interfaces.msg.Time(sec=1709204561, nanosec=716346263)",120.0,Handcrafted_LabStudy,1,3,"-12.0,-0.0,0.5","-0.0,0.0,-0.0,-1.0","11.0,-0.0,0.0","-0.0,0.0,-0.0,-1.0",23.0,23.0,6.082762718200684,0,0,0,0,0,0,0,0.0,0.0,4.0,0.0,4.304261741637032e+21,3.725290298461914e-05,
0,navstack-1709204551778,navstack,Static,HandCrafted,,,1709204567,296346187,"builtin_interfaces.msg.Time(sec=1709204561, nanosec=716346263)",120.0,Handcrafted_LabStudy,1,3,"-12.0,-0.0,0.5","-0.0,0.0,-0.0,-1.0","11.0,-0.0,0.0","-0.0,0.0,-0.0,-1.0",23.0,23.0,6.082762718200684,0,0,0,0,0,0,0,0.0,0.0,4.0,0.0,4.304261741637032e+21,3.725290298461914e-05,
0,navstack-1709204551778,navstack,Static,HandCrafted,,,1709204567,316346168,"builtin_interfaces.msg.Time(sec=1709204561, nanosec=716346263)",120.0,Handcrafted_LabStudy,1,3,"-12.0,-0.0,0.5","-0.0,0.0,-0.0,-1.0","11.0,-0.0,0.0","-0.0,0.0,-0.0,-1.0",23.0,23.0,6.082762718200684,0,0,0,0,0,0,0,0.0,0.0,4.0,0.0,4.303977413243298e+21,3.725290298461914e-05,
0,navstack-1709204551778,navstack,Static,HandCrafted,,,1709204567,316346168,"builtin_interfaces.msg.Time(sec=1709204561, nanosec=716346263)",120.0,Handcrafted_LabStudy,1,3,"-12.0,-0.0,0.5","-0.0,0.0,-0.0,-1.0","11.0,-0.0,0.0","-0.0,0.0,-0.0,-1.0",23.0,23.0,6.082762718200684,0,0,0,0,0,0,0,0.0,0.0,4.0,0.0,4.303977413243298e+21,3.725290298461914e-05,
0,navstack-1709204551778,navstack,Static,HandCrafted,,,1709204567,336346149,"builtin_interfaces.msg.Time(sec=1709204561, nanosec=716346263)",120.0,Handcrafted_LabStudy,1,3,"-12.0,-0.0,0.5","-0.0,0.0,-0.0,-1.0","11.0,-0.0,0.0","-0.0,0.0,-0.0,-1.0",23.0,23.0,6.082762718200684,0,0,0,0,0,0,0,0.0,0.0,4.0,0.0,4.304261741637032e+21,3.725290298461914e-05,
0,navstack-1709204551778,navstack,Static,HandCrafted,,,1709204567,336346149,"builtin_interfaces.msg.Time(sec=1709204561, nanosec=716346263)",120.0,Handcrafted_LabStudy,1,3,"-12.0,-0.0,0.5","-0.0,0.0,-0.0,-1.0","11.0,-0.0,0.0","-0.0,0.0,-0.0,-1.0",23.0,23.0,6.082762718200684,0,0,0,0,0,0,0,0.0,0.0,4.0,0.0,4.304261741637032e+21,3.725290298461914e-05,
0,navstack-1709204551778,navstack,Static,HandCrafted,,,1709204567,356345891,"builtin_interfaces.msg.Time(sec=1709204561, nanosec=716346263)",120.0,Handcrafted_LabStudy,1,3,"-12.0,-0.0,0.5","-0.0,0.0,-0.0,-1.0","11.0,-0.0,0.0","-0.0,0.0,-0.0,-1.0",23.0,23.0,6.082762718200684,0,0,0,0,0,0,0,0.0,0.0,4.0,0.0,4.303977413243298e+21,3.725290298461914e-05,
0,navstack-1709204551778,navstack,Static,HandCrafted,,,1709204567,376345872,"builtin_interfaces.msg.Time(sec=1709204561, nanosec=716346263)",120.0,Handcrafted_LabStudy,1,3,"-12.0,-0.0,0.5","-0.0,0.0,-0.0,-1.0","11.0,-0.0,0.0","-0.0,0.0,-0.0,-1.0",23.0,23.0,6.082762718200684,0,0,0,0,0,0,0,0.0,0.0,4.0,0.0,4.304261741637032e+21,7.450580596923828e-05,
0,navstack-1709204551778,navstack,Static,HandCrafted,,,1709204567,376345872,"builtin_interfaces.msg.Time(sec=1709204561, nanosec=716346263)",120.0,Handcrafted_LabStudy,1,3,"-12.0,-0.0,0.5","-0.0,0.0,-0.0,-1.0","11.0,-0.0,0.0","-0.0,0.0,-0.0,-1.0",23.0,23.0,6.082762718200684,0,0,0,0,0,0,0,0.0,0.0,4.0,0.0,4.304261741637032e+21,3.725290298461914e-05,
0,navstack-1709204551778,navstack,Static,HandCrafted,,,1709204567,396345853,"builtin_interfaces.msg.Time(sec=1709204561, nanosec=716346263)",120.0,Handcrafted_LabStudy,1,3,"-12.0,-0.0,0.5","-0.0,0.0,-0.0,-1.0","11.0,-0.0,0.0","-0.0,0.0,-0.0,-1.0",23.0,23.0,6.082762718200684,0,0,0,0,0,0,0,0.0,0.0,4.0,0.0,4.303977413243298e+21,3.725290298461914e-05,
0,navstack-1709204551778,navstack,Static,HandCrafted,,,1709204567,416345834,"builtin_interfaces.msg.Time(sec=1709204561, nanosec=716346263)",120.0,Handcrafted_LabStudy,1,3,"-12.0,-0.0,0.5","-0.0,0.0,-0.0,-1.0","11.0,-0.0,0.0","-0.0,0.0,-0.0,-1.0",23.0,23.0,6.082762718200684,0,0,0,0,0,0,0,0.0,0.0,4.0,0.0,4.304261741637032e+21,7.450580596923828e-05,
0,navstack-1709204551778,navstack,Static,HandCrafted,,,1709204567,416345834,"builtin_interfaces.msg.Time(sec=1709204561, nanosec=716346263)",120.0,Handcrafted_LabStudy,1,3,"-12.0,-0.0,0.5","-0.0,0.0,-0.0,-1.0","11.0,-0.0,0.0","-0.0,0.0,-0.0,-1.0",23.0,23.0,6.082762718200684,0,0,0,0,0,0,0,0.0,0.0,4.0,0.0,4.304261741637032e+21,3.725290298461914e-05,
0,navstack-1709204551778,navstack,Static,HandCrafted,,,1709204567,436346054,"builtin_interfaces.msg.Time(sec=1709204561, nanosec=716346263)",120.0,Handcrafted_LabStudy,1,3,"-12.0,-0.0,0.5","-0.0,0.0,-0.0,-1.0","11.0,-0.0,0.0","-0.0,0.0,-0.0,-1.0",23.0,23.0,6.082762718200684,0,0,0,0,0,0,0,0.0,0.0,4.0,0.0,4.303977413243298e+21,3.725290298461914e-05,
0,navstack-1709204551778,navstack,Static,HandCrafted,,,1709204567,436346054,"builtin_interfaces.msg.Time(sec=1709204561, nanosec=716346263)",120.0,Handcrafted_LabStudy,1,3,"-12.0,-0.0,0.5","-0.0,0.0,-0.0,-1.0","11.0,-0.0,0.0","-0.0,0.0,-0.0,-1.0",23.0,23.0,6.082762718200684,0,0,0,0,0,0,0,0.0,0.0,4.0,0.0,4.303977413243298e+21,3.725290298461914e-05,
0,navstack-1709204551778,navstack,Static,HandCrafted,,,1709204567,456346035,"builtin_interfaces.msg.Time(sec=1709204561, nanosec=716346263)",120.0,Handcrafted_LabStudy,1,3,"-12.0,-0.0,0.5","-0.0,0.0,-0.0,-1.0","11.0,-0.0,0.0","-0.0,0.0,-0.0,-1.0",23.0,23.0,6.082762718200684,0,0,0,0,0,0,0,0.0,0.0,4.0,0.0,4.304261741637032e+21,3.725290298461914e-05,
0,navstack-1709204551778,navstack,Static,HandCrafted,,,1709204567,456346035,"builtin_interfaces.msg.Time(sec=1709204561, nanosec=716346263)",120.0,Handcrafted_LabStudy,1,3,"-12.0,-0.0,0.5","-0.0,0.0,-0.0,-1.0","11.0,-0.0,0.0","-0.0,0.0,-0.0,-1.0",23.0,23.0,6.082762718200684,0,0,0,0,0,0,0,0.0,0.0,4.0,0.0,4.304261741637032e+21,3.725290298461914e-05,
0,navstack-1709204551778,navstack,Static,HandCrafted,,,1709204567,476346015,"builtin_interfaces.msg.Time(sec=1709204561, nanosec=716346263)",120.0,Handcrafted_LabStudy,1,3,"-12.0,-0.0,0.5","-0.0,0.0,-0.0,-1.0","11.0,-0.0,0.0","-0.0,0.0,-0.0,-1.0",23.0,23.0,6.082762718200684,0,0,0,0,0,0,0,0.0,0.0,4.0,0.0,4.303977413243298e+21,3.725290298461914e-05,
0,navstack-1709204551778,navstack,Static,HandCrafted,,,1709204567,496345996,"builtin_interfaces.msg.Time(sec=1709204561, nanosec=716346263)",120.0,Handcrafted_LabStudy,1,3,"-12.0,-0.0,0.5","-0.0,0.0,-0.0,-1.0","11.0,-0.0,0.0","-0.0,0.0,-0.0,-1.0",23.0,23.0,6.082762718200684,0,0,0,0,0,0,0,0.0,0.0,4.0,0.0,4.304261741637032e+21,7.450580596923828e-05,
0,navstack-1709204551778,navstack,Static,HandCrafted,,,1709204567,536345958,"builtin_interfaces.msg.Time(sec=1709204561, nanosec=716346263)",120.0,Handcrafted_LabStudy,1,3,"-12.0,-0.0,0.5","-0.0,0.0,-0.0,-1.0","11.0,-0.0,0.0","-0.0,0.0,-0.0,-1.0",23.0,23.0,6.082762718200684,0,0,0,0,0,0,0,0.0,0.0,4.0,0.0,4.304261741637032e+21,3.725290298461914e-05,
0,navstack-1709204551778,navstack,Static,HandCrafted,,,1709204567,536345958,"builtin_interfaces.msg.Time(sec=1709204561, nanosec=716346263)",120.0,Handcrafted_LabStudy,1,3,"-12.0,-0.0,0.5","-0.0,0.0,-0.0,-1.0","11.0,-0.0,0.0","-0.0,0.0,-0.0,-1.0",23.0,23.0,6.082762718200684,0,0,0,0,0,0,0,0.0,0.0,4.0,0.0,4.304261741637032e+21,0.0,
0,navstack-1709204551778,navstack,Static,HandCrafted,,,1709204567,556345939,"builtin_interfaces.msg.Time(sec=1709204561, nanosec=716346263)",120.0,Handcrafted_LabStudy,1,3,"-12.0,-0.0,0.5","-0.0,0.0,-0.0,-1.0","11.0,-0.0,0.0","-0.0,0.0,-0.0,-1.0",23.0,23.0,6.082762718200684,0,0,0,0,0,0,0,0.0,0.0,4.0,0.0,4.303977413243298e+21,3.725290298461914e-05,
0,navstack-1709204551778,navstack,Static,HandCrafted,,,1709204567,556345939,"builtin_interfaces.msg.Time(sec=1709204561, nanosec=716346263)",120.0,Handcrafted_LabStudy,1,3,"-12.0,-0.0,0.5","-0.0,0.0,-0.0,-1.0","11.0,-0.0,0.0","-0.0,0.0,-0.0,-1.0",23.0,23.0,6.082762718200684,0,0,0,0,0,0,0,0.0,0.0,4.0,0.0,4.303977413243298e+21,3.725290298461914e-05,
0,navstack-1709204551778,navstack,Static,HandCrafted,,,1709204567,556345939,"builtin_interfaces.msg.Time(sec=1709204561, nanosec=716346263)",120.0,Handcrafted_LabStudy,1,3,"-12.0,-0.0,0.5","-0.0,0.0,-0.0,-1.0","11.0,-0.0,0.0","-0.0,0.0,-0.0,-1.0",23.0,23.0,6.082762718200684,0,0,0,0,0,0,0,0.0,0.0,4.0,0.0,4.303977413243298e+21,0.0,
0,navstack-1709204551778,navstack,Static,HandCrafted,,,1709204567,576345920,"builtin_interfaces.msg.Time(sec=1709204561, nanosec=716346263)",120.0,Handcrafted_LabStudy,1,3,"-12.0,-0.0,0.5","-0.0,0.0,-0.0,-1.0","11.0,-0.0,0.0","-0.0,0.0,-0.0,-1.0",23.0,23.0,6.082762718200684,0,0,0,0,0,0,0,0.0,0.0,4.0,0.0,4.304261741637032e+21,3.725290298461914e-05,
0,navstack-1709204551778,navstack,Static,HandCrafted,,,1709204567,576345920,"builtin_interfaces.msg.Time(sec=1709204561, nanosec=716346263)",120.0,Handcrafted_LabStudy,1,3,"-12.0,-0.0,0.5","-0.0,0.0,-0.0,-1.0","11.0,-0.0,0.0","-0.0,0.0,-0.0,-1.0",23.0,23.0,6.082762718200684,0,0,0,0,0,0,0,0.0,0.0,4.0,0.0,4.304261741637032e+21,3.725290298461914e-05,
0,navstack-1709204551778,navstack,Static,HandCrafted,,,1709204567,596345901,"builtin_interfaces.msg.Time(sec=1709204561, nanosec=716346263)",120.0,Handcrafted_LabStudy,1,3,"-12.0,-0.0,0.5","-0.0,0.0,-0.0,-1.0","11.0,-0.0,0.0","-0.0,0.0,-0.0,-1.0",23.0,23.0,6.082762718200684,0,0,0,0,0,0,0,0.0,0.0,4.0,0.0,4.303977413243298e+21,3.725290298461914e-05,
0,navstack-1709204551778,navstack,Static,HandCrafted,,,1709204567,616346120,"builtin_interfaces.msg.Time(sec=1709204561, nanosec=716346263)",120.0,Handcrafted_LabStudy,1,3,"-12.0,-0.0,0.5","-0.0,0.0,-0.0,-1.0","11.0,-0.0,0.0","-0.0,0.0,-0.0,-1.0",23.0,23.0,6.082762718200684,0,0,0,0,0,0,0,0.0,0.0,4.0,0.0,4.304261741637032e+21,7.450580596923828e-05,
0,navstack-1709204551778,navstack,Static,HandCrafted,,,1709204567,616346120,"builtin_interfaces.msg.Time(sec=1709204561, nanosec=716346263)",120.0,Handcrafted_LabStudy,1,3,"-12.0,-0.0,0.5","-0.0,0.0,-0.0,-1.0","11.0,-0.0,0.0","-0.0,0.0,-0.0,-1.0",23.0,23.0,6.082762718200684,0,0,0,0,0,0,0,0.0,0.0,4.0,0.0,4.304261741637032e+21,3.725290298461914e-05,
0,navstack-1709204551778,navstack,Static,HandCrafted,,,1709204567,636346101,"builtin_interfaces.msg.Time(sec=1709204561, nanosec=716346263)",120.0,Handcrafted_LabStudy,1,3,"-12.0,-0.0,0.5","-0.0,0.0,-0.0,-1.0","11.0,-0.0,0.0","-0.0,0.0,-0.0,-1.0",23.0,23.0,6.082762718200684,0,0,0,0,0,0,0,0.0,0.0,4.0,0.0,4.303977413243298e+21,3.725290298461914e-05,
0,navstack-1709204551778,navstack,Static,HandCrafted,,,1709204567,656346082,"builtin_interfaces.msg.Time(sec=1709204561, nanosec=716346263)",120.0,Handcrafted_LabStudy,1,3,"-12.0,-0.0,0.5","-0.0,0.0,-0.0,-1.0","11.0,-0.0,0.0","-0.0,0.0,-0.0,-1.0",23.0,23.0,6.082762718200684,0,0,0,0,0,0,0,0.0,0.0,4.0,0.0,4.304261741637032e+21,7.450580596923828e-05,
0,navstack-1709204551778,navstack,Static,HandCrafted,,,1709204567,656346082,"builtin_interfaces.msg.Time(sec=1709204561, nanosec=716346263)",120.0,Handcrafted_LabStudy,1,3,"-12.0,-0.0,0.5","-0.0,0.0,-0.0,-1.0","11.0,-0.0,0.0","-0.0,0.0,-0.0,-1.0",23.0,23.0,6.082762718200684,0,0,0,0,0,0,0,0.0,0.0,4.0,0.0,4.304261741637032e+21,3.725290298461914e-05,
0,navstack-1709204551778,navstack,Static,HandCrafted,,,1709204567,676346302,"builtin_interfaces.msg.Time(sec=1709204561, nanosec=716346263)",120.0,Handcrafted_LabStudy,1,3,"-12.0,-0.0,0.5","-0.0,0.0,-0.0,-1.0","11.0,-0.0,0.0","-0.0,0.0,-0.0,-1.0",23.0,23.0,6.082762718200684,0,0,0,0,0,0,0,0.0,0.0,4.0,0.0,4.303977413243298e+21,3.725290298461914e-05,
0,navstack-1709204551778,navstack,Static,HandCrafted,,,1709204567,676346302,"builtin_interfaces.msg.Time(sec=1709204561, nanosec=716346263)",120.0,Handcrafted_LabStudy,1,3,"-12.0,-0.0,0.5","-0.0,0.0,-0.0,-1.0","11.0,-0.0,0.0","-0.0,0.0,-0.0,-1.0",23.0,23.0,6.082762718200684,0,0,0,0,0,0,0,0.0,0.0,4.0,0.0,4.303977413243298e+21,3.725290298461914e-05,
0,navstack-1709204551778,navstack,Static,HandCrafted,,,1709204567,696346282,"builtin_interfaces.msg.Time(sec=1709204561, nanosec=716346263)",120.0,Handcrafted_LabStudy,1,3,"-12.0,-0.0,0.5","-0.0,0.0,-0.0,-1.0","11.0,-0.0,0.0","-0.0,0.0,-0.0,-1.0",23.0,23.0,6.082762718200684,0,0,0,0,0,0,0,0.0,0.0,4.0,0.0,4.304261741637032e+21,3.725290298461914e-05,
0,navstack-1709204551778,navstack,Static,HandCrafted,,,1709204567,696346282,"builtin_interfaces.msg.Time(sec=1709204561, nanosec=716346263)",120.0,Handcrafted_LabStudy,1,3,"-12.0,-0.0,0.5","-0.0,0.0,-0.0,-1.0","11.0,-0.0,0.0","-0.0,0.0,-0.0,-1.0",23.0,23.0,6.082762718200684,0,0,0,0,0,0,0,0.0,0.0,4.0,0.0,4.304261741637032e+21,3.725290298461914e-05,
0,navstack-1709204551778,navstack,Static,HandCrafted,,,1709204567,716346263,"builtin_interfaces.msg.Time(sec=1709204561, nanosec=716346263)",120.0,Handcrafted_LabStudy,1,3,"-12.0,-0.0,0.5","-0.0,0.0,-0.0,-1.0","11.0,-0.0,0.0","-0.0,0.0,-0.0,-1.0",23.0,23.0,6.082762718200684,0,0,0,0,0,0,0,0.0,0.0,4.0,0.0,4.303977413243298e+21,3.725290298461914e-05,
0,navstack-1709204551778,navstack,Static,HandCrafted,,,1709204567,716346263,"builtin_interfaces.msg.Time(sec=1709204561, nanosec=716346263)",120.0,Handcrafted_LabStudy,1,3,"-12.0,-0.0,0.5","-0.0,0.0,-0.0,-1.0","11.0,-0.0,0.0","-0.0,0.0,-0.0,-1.0",23.0,23.0,6.082762718200684,0,0,0,0,0,0,0,0.0,0.0,4.0,0.0,4.303977413243298e+21,3.725290298461914e-05,
0,navstack-1709204551778,navstack,Static,HandCrafted,,,1709204567,716346263,"builtin_interfaces.msg.Time(sec=1709204561, nanosec=716346263)",120.0,Handcrafted_LabStudy,1,3,"-12.0,-0.0,0.5","-0.0,0.0,-0.0,-1.0","11.0,-0.0,0.0","-0.0,0.0,-0.0,-1.0",23.0,23.0,6.082762718200684,0,0,0,0,0,0,0,0.0,0.0,4.0,0.0,4.303977413243298e+21,0.0,
0,navstack-1709204551778,navstack,Static,HandCrafted,,,1709204567,736346244,"builtin_interfaces.msg.Time(sec=1709204561, nanosec=716346263)",120.0,Handcrafted_LabStudy,1,3,"-12.0,-0.0,0.5","-0.0,0.0,-0.0,-1.0","11.0,-0.0,0.0","-0.0,0.0,-0.0,-1.0",23.0,23.0,6.082762718200684,0,0,0,0,0,0,0,0.0,0.0,4.0,0.0,4.304261741637032e+21,3.725290298461914e-05,
0,navstack-1709204551778,navstack,Static,HandCrafted,,,1709204567,736346244,"builtin_interfaces.msg.Time(sec=1709204561, nanosec=716346263)",120.0,Handcrafted_LabStudy,1,3,"-12.0,-0.0,0.5","-0.0,0.0,-0.0,-1.0","11.0,-0.0,0.0","-0.0,0.0,-0.0,-1.0",23.0,23.0,6.082762718200684,0,0,0,0,0,0,0,0.0,0.0,4.0,0.0,4.304261741637032e+21,3.725290298461914e-05,
0,navstack-1709204551778,navstack,Static,HandCrafted,,,1709204567,756346225,"builtin_interfaces.msg.Time(sec=1709204561, nanosec=716346263)",120.0,Handcrafted_LabStudy,1,3,"-12.0,-0.0,0.5","-0.0,0.0,-0.0,-1.0","11.0,-0.0,0.0","-0.0,0.0,-0.0,-1.0",23.0,23.0,6.082762718200684,0,0,0,0,0,0,0,0.0,0.0,4.0,0.0,4.303977413243298e+21,3.725290298461914e-05,
0,navstack-1709204551778,navstack,Static,HandCrafted,,,1709204567,756346225,"builtin_interfaces.msg.Time(sec=1709204561, nanosec=716346263)",120.0,Handcrafted_LabStudy,1,3,"-12.0,-0.0,0.5","-0.0,0.0,-0.0,-1.0","11.0,-0.0,0.0","-0.0,0.0,-0.0,-1.0",23.0,23.0,6.082762718200684,0,0,0,0,0,0,0,0.0,0.0,4.0,0.0,4.303977413243298e+21,3.725290298461914e-05,
0,navstack-1709204551778,navstack,Static,HandCrafted,,,1709204567,776346206,"builtin_interfaces.msg.Time(sec=1709204561, nanosec=716346263)",120.0,Handcrafted_LabStudy,1,3,"-12.0,-0.0,0.5","-0.0,0.0,-0.0,-1.0","11.0,-0.0,0.0","-0.0,0.0,-0.0,-1.0",23.0,23.0,6.082762718200684,0,0,0,0,0,0,0,0.0,0.0,4.0,0.0,4.304261741637032e+21,3.725290298461914e-05,
0,navstack-1709204551778,navstack,Static,HandCrafted,,,1709204567,776346206,"builtin_interfaces.msg.Time(sec=1709204561, nanosec=716346263)",120.0,Handcrafted_LabStudy,1,3,"-12.0,-0.0,0.5","-0.0,0.0,-0.0,-1.0","11.0,-0.0,0.0","-0.0,0.0,-0.0,-1.0",23.0,23.0,6.082762718200684,0,0,0,0,0,0,0,0.0,0.0,4.0,0.0,4.304261741637032e+21,3.725290298461914e-05,
0,navstack-1709204551778,navstack,Static,HandCrafted,,,1709204567,796346187,"builtin_interfaces.msg.Time(sec=1709204561, nanosec=716346263)",120.0,Handcrafted_LabStudy,1,3,"-12.0,-0.0,0.5","-0.0,0.0,-0.0,-1.0","11.0,-0.0,0.0","-0.0,0.0,-0.0,-1.0",23.0,23.0,6.082762718200684,0,0,0,0,0,0,0,0.0,0.0,4.0,0.0,4.303977413243298e+21,3.725290298461914e-05,
0,navstack-1709204551778,navstack,Static,HandCrafted,,,1709204567,816346168,"builtin_interfaces.msg.Time(sec=1709204561, nanosec=716346263)",120.0,Handcrafted_LabStudy,1,3,"-12.0,-0.0,0.5","-0.0,0.0,-0.0,-1.0","11.0,-0.0,0.0","-0.0,0.0,-0.0,-1.0",23.0,23.0,6.082762718200684,0,0,0,0,0,0,0,0.0,0.0,5.0,0.0,4.304261741637032e+21,7.450580596923828e-05,
0,navstack-1709204551778,navstack,Static,HandCrafted,,,1709204567,816346168,"builtin_interfaces.msg.Time(sec=1709204561, nanosec=716346263)",120.0,Handcrafted_LabStudy,1,3,"-12.0,-0.0,0.5","-0.0,0.0,-0.0,-1.0","11.0,-0.0,0.0","-0.0,0.0,-0.0,-1.0",23.0,23.0,6.082762718200684,0,0,0,0,0,0,0,0.0,0.0,5.0,0.0,4.304261741637032e+21,3.725290298461914e-05,
0,navstack-1709204551778,navstack,Static,HandCrafted,,,1709204567,836346149,"builtin_interfaces.msg.Time(sec=1709204561, nanosec=716346263)",120.0,Handcrafted_LabStudy,1,3,"-12.0,-0.0,0.5","-0.0,0.0,-0.0,-1.0","11.0,-0.0,0.0","-0.0,0.0,-0.0,-1.0",23.0,23.0,6.082762718200684,0,0,0,0,0,0,0,0.0,0.0,5.0,0.0,4.303977413243298e+21,3.725290298461914e-05,
0,navstack-1709204551778,navstack,Static,HandCrafted,,,1709204567,836346149,"builtin_interfaces.msg.Time(sec=1709204561, nanosec=716346263)",120.0,Handcrafted_LabStudy,1,3,"-12.0,-0.0,0.5","-0.0,0.0,-0.0,-1.0","11.0,-0.0,0.0","-0.0,0.0,-0.0,-1.0",23.0,23.0,6.082762718200684,0,0,0,0,0,0,0,0.0,0.0,5.0,0.0,4.303977413243298e+21,3.725290298461914e-05,
0,navstack-1709204551778,navstack,Static,HandCrafted,,,1709204567,856345891,"builtin_interfaces.msg.Time(sec=1709204561, nanosec=716346263)",120.0,Handcrafted_LabStudy,1,3,"-12.0,-0.0,0.5","-0.0,0.0,-0.0,-1.0","11.0,-0.0,0.0","-0.0,0.0,-0.0,-1.0",23.0,23.0,6.082762718200684,0,0,0,0,0,0,0,0.0,0.0,5.0,0.0,4.304261741637032e+21,3.725290298461914e-05,
0,navstack-1709204551778,navstack,Static,HandCrafted,,,1709204567,856345891,"builtin_interfaces.msg.Time(sec=1709204561, nanosec=716346263)",120.0,Handcrafted_LabStudy,1,3,"-12.0,-0.0,0.5","-0.0,0.0,-0.0,-1.0","11.0,-0.0,0.0","-0.0,0.0,-0.0,-1.0",23.0,23.0,6.082762718200684,0,0,0,0,0,0,0,0.0,0.0,5.0,0.0,4.304261741637032e+21,3.725290298461914e-05,
0,navstack-1709204551778,navstack,Static,HandCrafted,,,1709204567,876345872,"builtin_interfaces.msg.Time(sec=1709204561, nanosec=716346263)",120.0,Handcrafted_LabStudy,1,3,"-12.0,-0.0,0.5","-0.0,0.0,-0.0,-1.0","11.0,-0.0,0.0","-0.0,0.0,-0.0,-1.0",23.0,23.0,6.082762718200684,0,0,0,0,0,0,0,0.0,0.0,5.0,0.0,4.303977413243298e+21,3.725290298461914e-05,
0,navstack-1709204551778,navstack,Static,HandCrafted,,,1709204567,876345872,"builtin_interfaces.msg.Time(sec=1709204561, nanosec=716346263)",120.0,Handcrafted_LabStudy,1,3,"-12.0,-0.0,0.5","-0.0,0.0,-0.0,-1.0","11.0,-0.0,0.0","-0.0,0.0,-0.0,-1.0",23.0,23.0,6.082762718200684,0,0,0,0,0,0,0,0.0,0.0,5.0,0.0,4.303977413243298e+21,3.725290298461914e-05,
0,navstack-1709204551778,navstack,Static,HandCrafted,,,1709204567,896345853,"builtin_interfaces.msg.Time(sec=1709204561, nanosec=716346263)",120.0,Handcrafted_LabStudy,1,3,"-12.0,-0.0,0.5","-0.0,0.0,-0.0,-1.0","11.0,-0.0,0.0","-0.0,0.0,-0.0,-1.0",23.0,23.0,6.082762718200684,0,0,0,0,0,0,0,0.0,0.0,5.0,0.0,4.304261741637032e+21,3.725290298461914e-05,
0,navstack-1709204551778,navstack,Static,HandCrafted,,,1709204567,896345853,"builtin_interfaces.msg.Time(sec=1709204561, nanosec=716346263)",120.0,Handcrafted_LabStudy,1,3,"-12.0,-0.0,0.5","-0.0,0.0,-0.0,-1.0","11.0,-0.0,0.0","-0.0,0.0,-0.0,-1.0",23.0,23.0,6.082762718200684,0,0,0,0,0,0,0,0.0,0.0,5.0,0.0,4.304261741637032e+21,3.725290298461914e-05,
0,navstack-1709204551778,navstack,Static,HandCrafted,,,1709204567,916345834,"builtin_interfaces.msg.Time(sec=1709204561, nanosec=716346263)",120.0,Handcrafted_LabStudy,1,3,"-12.0,-0.0,0.5","-0.0,0.0,-0.0,-1.0","11.0,-0.0,0.0","-0.0,0.0,-0.0,-1.0",23.0,23.0,6.082762718200684,0,0,0,0,0,0,0,0.0,0.0,5.0,0.0,4.303977413243298e+21,3.725290298461914e-05,
0,navstack-1709204551778,navstack,Static,HandCrafted,,,1709204567,916345834,"builtin_interfaces.msg.Time(sec=1709204561, nanosec=716346263)",120.0,Handcrafted_LabStudy,1,3,"-12.0,-0.0,0.5","-0.0,0.0,-0.0,-1.0","11.0,-0.0,0.0","-0.0,0.0,-0.0,-1.0",23.0,23.0,6.082762718200684,0,0,0,0,0,0,0,0.0,0.0,5.0,0.0,4.303977413243298e+21,3.725290298461914e-05,
0,navstack-1709204551778,navstack,Static,HandCrafted,,,1709204567,936346054,"builtin_interfaces.msg.Time(sec=1709204561, nanosec=716346263)",120.0,Handcrafted_LabStudy,1,3,"-12.0,-0.0,0.5","-0.0,0.0,-0.0,-1.0","11.0,-0.0,0.0","-0.0,0.0,-0.0,-1.0",23.0,23.0,6.082762718200684,0,0,0,0,0,0,0,0.0,0.0,5.0,0.0,4.304261741637032e+21,3.725290298461914e-05,
0,navstack-1709204551778,navstack,Static,HandCrafted,,,1709204567,936346054,"builtin_interfaces.msg.Time(sec=1709204561, nanosec=716346263)",120.0,Handcrafted_LabStudy,1,3,"-12.0,-0.0,0.5","-0.0,0.0,-0.0,-1.0","11.0,-0.0,0.0","-0.0,0.0,-0.0,-1.0",23.0,23.0,6.082762718200684,0,0,0,0,0,0,0,0.0,0.0,5.0,0.0,4.304261741637032e+21,3.725290298461914e-05,
0,navstack-1709204551778,navstack,Static,HandCrafted,,,1709204567,956346035,"builtin_interfaces.msg.Time(sec=1709204561, nanosec=716346263)",120.0,Handcrafted_LabStudy,1,3,"-12.0,-0.0,0.5","-0.0,0.0,-0.0,-1.0","11.0,-0.0,0.0","-0.0,0.0,-0.0,-1.0",23.0,23.0,6.082762718200684,0,0,0,0,0,0,0,0.0,0.0,5.0,0.0,4.303977413243298e+21,3.725290298461914e-05,
0,navstack-1709204551778,navstack,Static,HandCrafted,,,1709204567,956346035,"builtin_interfaces.msg.Time(sec=1709204561, nanosec=716346263)",120.0,Handcrafted_LabStudy,1,3,"-12.0,-0.0,0.5","-0.0,0.0,-0.0,-1.0","11.0,-0.0,0.0","-0.0,0.0,-0.0,-1.0",23.0,23.0,6.082762718200684,0,0,0,0,0,0,0,0.0,0.0,5.0,0.0,4.303977413243298e+21,3.725290298461914e-05,
0,navstack-1709204551778,navstack,Static,HandCrafted,,,1709204567,956346035,"builtin_interfaces.msg.Time(sec=1709204561, nanosec=716346263)",120.0,Handcrafted_LabStudy,1,3,"-12.0,-0.0,0.5","-0.0,0.0,-0.0,-1.0","11.0,-0.0,0.0","-0.0,0.0,-0.0,-1.0",23.0,23.0,6.082762718200684,0,0,0,0,0,0,0,0.0,0.0,5.0,0.0,4.303977413243298e+21,0.0,
0,navstack-1709204551778,navstack,Static,HandCrafted,,,1709204567,976346015,"builtin_interfaces.msg.Time(sec=1709204561, nanosec=716346263)",120.0,Handcrafted_LabStudy,1,3,"-12.0,-0.0,0.5","-0.0,0.0,-0.0,-1.0","11.0,-0.0,0.0","-0.0,0.0,-0.0,-1.0",23.0,23.0,6.082762718200684,0,0,0,0,0,0,0,0.0,0.0,5.0,0.0,4.304261741637032e+21,3.725290298461914e-05,
0,navstack-1709204551778,navstack,Static,HandCrafted,,,1709204567,976346015,"builtin_interfaces.msg.Time(sec=1709204561, nanosec=716346263)",120.0,Handcrafted_LabStudy,1,3,"-12.0,-0.0,0.5","-0.0,0.0,-0.0,-1.0","11.0,-0.0,0.0","-0.0,0.0,-0.0,-1.0",23.0,23.0,6.082762718200684,0,0,0,0,0,0,0,0.0,0.0,5.0,0.0,4.304261741637032e+21,3.725290298461914e-05,
0,navstack-1709204551778,navstack,Static,HandCrafted,,,1709204567,996345996,"builtin_interfaces.msg.Time(sec=1709204561, nanosec=716346263)",120.0,Handcrafted_LabStudy,1,3,"-12.0,-0.0,0.5","-0.0,0.0,-0.0,-1.0","11.0,-0.0,0.0","-0.0,0.0,-0.0,-1.0",23.0,23.0,6.082762718200684,0,0,0,0,0,0,0,0.0,0.0,5.0,0.0,4.303977413243298e+21,3.725290298461914e-05,
0,navstack-1709204551778,navstack,Static,HandCrafted,,,1709204567,996345996,"builtin_interfaces.msg.Time(sec=1709204561, nanosec=716346263)",120.0,Handcrafted_LabStudy,1,3,"-12.0,-0.0,0.5","-0.0,0.0,-0.0,-1.0","11.0,-0.0,0.0","-0.0,0.0,-0.0,-1.0",23.0,23.0,6.082762718200684,0,0,0,0,0,0,0,0.0,0.0,5.0,0.0,4.303977413243298e+21,3.725290298461914e-05,
0,navstack-1709204551778,navstack,Static,HandCrafted,,,1709204567,996345996,"builtin_interfaces.msg.Time(sec=1709204561, nanosec=716346263)",120.0,Handcrafted_LabStudy,1,3,"-12.0,-0.0,0.5","-0.0,0.0,-0.0,-1.0","11.0,-0.0,0.0","-0.0,0.0,-0.0,-1.0",23.0,23.0,6.082762718200684,0,0,0,0,0,0,0,0.0,0.0,5.0,0.0,4.303977413243298e+21,0.0,
0,navstack-1709204551778,navstack,Static,HandCrafted,,,1709204568,16345977,"builtin_interfaces.msg.Time(sec=1709204561, nanosec=716346263)",120.0,Handcrafted_LabStudy,1,3,"-12.0,-0.0,0.5","-0.0,0.0,-0.0,-1.0","11.0,-0.0,0.0","-0.0,0.0,-0.0,-1.0",23.0,23.0,6.082762718200684,0,0,0,0,0,0,0,0.0,0.0,5.0,0.0,4.304261741637032e+21,3.725290298461914e-05,
0,navstack-1709204551778,navstack,Static,HandCrafted,,,1709204568,16345977,"builtin_interfaces.msg.Time(sec=1709204561, nanosec=716346263)",120.0,Handcrafted_LabStudy,1,3,"-12.0,-0.0,0.5","-0.0,0.0,-0.0,-1.0","11.0,-0.0,0.0","-0.0,0.0,-0.0,-1.0",23.0,23.0,6.082762718200684,0,0,0,0,0,0,0,0.0,0.0,5.0,0.0,4.304261741637032e+21,3.725290298461914e-05,
0,navstack-1709204551778,navstack,Static,HandCrafted,,,1709204568,36345958,"builtin_interfaces.msg.Time(sec=1709204561, nanosec=716346263)",120.0,Handcrafted_LabStudy,1,3,"-12.0,-0.0,0.5","-0.0,0.0,-0.0,-1.0","11.0,-0.0,0.0","-0.0,0.0,-0.0,-1.0",23.0,23.0,6.082762718200684,0,0,0,0,0,0,0,0.0,0.0,5.0,0.0,4.303977413243298e+21,3.725290298461914e-05,
0,navstack-1709204551778,navstack,Static,HandCrafted,,,1709204568,36345958,"builtin_interfaces.msg.Time(sec=1709204561, nanosec=716346263)",120.0,Handcrafted_LabStudy,1,3,"-12.0,-0.0,0.5","-0.0,0.0,-0.0,-1.0","11.0,-0.0,0.0","-0.0,0.0,-0.0,-1.0",23.0,23.0,6.082762718200684,0,0,0,0,0,0,0,0.0,0.0,5.0,0.0,4.303977413243298e+21,3.725290298461914e-05,
0,navstack-1709204551778,navstack,Static,HandCrafted,,,1709204568,36345958,"builtin_interfaces.msg.Time(sec=1709204561, nanosec=716346263)",120.0,Handcrafted_LabStudy,1,3,"-12.0,-0.0,0.5","-0.0,0.0,-0.0,-1.0","11.0,-0.0,0.0","-0.0,0.0,-0.0,-1.0",23.0,23.0,6.082762718200684,0,0,0,0,0,0,0,0.0,0.0,5.0,0.0,4.303977413243298e+21,0.0,
0,navstack-1709204551778,navstack,Static,HandCrafted,,,1709204568,56345939,"builtin_interfaces.msg.Time(sec=1709204561, nanosec=716346263)",120.0,Handcrafted_LabStudy,1,3,"-12.0,-0.0,0.5","-0.0,0.0,-0.0,-1.0","11.0,-0.0,0.0","-0.0,0.0,-0.0,-1.0",23.0,23.0,6.082762718200684,0,0,0,0,0,0,0,0.0,0.0,5.0,0.0,4.304261741637032e+21,3.725290298461914e-05,
0,navstack-1709204551778,navstack,Static,HandCrafted,,,1709204568,76345920,"builtin_interfaces.msg.Time(sec=1709204561, nanosec=716346263)",120.0,Handcrafted_LabStudy,1,3,"-12.0,-0.0,0.5","-0.0,0.0,-0.0,-1.0","11.0,-0.0,0.0","-0.0,0.0,-0.0,-1.0",23.0,23.0,6.082762718200684,0,0,0,0,0,0,0,0.0,0.0,5.0,0.0,4.303977413243298e+21,7.450580596923828e-05,
0,navstack-1709204551778,navstack,Static,HandCrafted,,,1709204568,96345901,"builtin_interfaces.msg.Time(sec=1709204561, nanosec=716346263)",120.0,Handcrafted_LabStudy,1,3,"-12.0,-0.0,0.5","-0.0,0.0,-0.0,-1.0","11.0,-0.0,0.0","-0.0,0.0,-0.0,-1.0",23.0,23.0,6.082762718200684,0,0,0,0,0,0,0,0.0,0.0,5.0,0.0,4.304261741637032e+21,7.450580596923828e-05,
0,navstack-1709204551778,navstack,Static,HandCrafted,,,1709204568,96345901,"builtin_interfaces.msg.Time(sec=1709204561, nanosec=716346263)",120.0,Handcrafted_LabStudy,1,3,"-12.0,-0.0,0.5","-0.0,0.0,-0.0,-1.0","11.0,-0.0,0.0","-0.0,0.0,-0.0,-1.0",23.0,23.0,6.082762718200684,0,0,0,0,0,0,0,0.0,0.0,5.0,0.0,4.304261741637032e+21,3.725290298461914e-05,
0,navstack-1709204551778,navstack,Static,HandCrafted,,,1709204568,96345901,"builtin_interfaces.msg.Time(sec=1709204561, nanosec=716346263)",120.0,Handcrafted_LabStudy,1,3,"-12.0,-0.0,0.5","-0.0,0.0,-0.0,-1.0","11.0,-0.0,0.0","-0.0,0.0,-0.0,-1.0",23.0,23.0,6.082762718200684,0,0,0,0,0,0,0,0.0,0.0,5.0,0.0,4.304261741637032e+21,0.0,
0,navstack-1709204551778,navstack,Static,HandCrafted,,,1709204568,116345643,"builtin_interfaces.msg.Time(sec=1709204561, nanosec=716346263)",120.0,Handcrafted_LabStudy,1,3,"-12.0,-0.0,0.5","-0.0,0.0,-0.0,-1.0","11.0,-0.0,0.0","-0.0,0.0,-0.0,-1.0",23.0,23.0,6.082762718200684,0,0,0,0,0,0,0,0.0,0.0,5.0,0.0,4.303977413243298e+21,3.725290298461914e-05,
0,navstack-1709204551778,navstack,Static,HandCrafted,,,1709204568,116345643,"builtin_interfaces.msg.Time(sec=1709204561, nanosec=716346263)",120.0,Handcrafted_LabStudy,1,3,"-12.0,-0.0,0.5","-0.0,0.0,-0.0,-1.0","11.0,-0.0,0.0","-0.0,0.0,-0.0,-1.0",23.0,23.0,6.082762718200684,0,0,0,0,0,0,0,0.0,0.0,5.0,0.0,4.303977413243298e+21,3.725290298461914e-05,
0,navstack-1709204551778,navstack,Static,HandCrafted,,,1709204568,136346101,"builtin_interfaces.msg.Time(sec=1709204561, nanosec=716346263)",120.0,Handcrafted_LabStudy,1,3,"-12.0,-0.0,0.5","-0.0,0.0,-0.0,-1.0","11.0,-0.0,0.0","-0.0,0.0,-0.0,-1.0",23.0,23.0,6.082762718200684,0,0,0,0,0,0,0,0.0,0.0,5.0,0.0,4.304261741637032e+21,3.725290298461914e-05,
0,navstack-1709204551778,navstack,Static,HandCrafted,,,1709204568,136346101,"builtin_interfaces.msg.Time(sec=1709204561, nanosec=716346263)",120.0,Handcrafted_LabStudy,1,3,"-12.0,-0.0,0.5","-0.0,0.0,-0.0,-1.0","11.0,-0.0,0.0","-0.0,0.0,-0.0,-1.0",23.0,23.0,6.082762718200684,0,0,0,0,0,0,0,0.0,0.0,5.0,0.0,4.304261741637032e+21,3.725290298461914e-05,
0,navstack-1709204551778,navstack,Static,HandCrafted,,,1709204568,156346082,"builtin_interfaces.msg.Time(sec=1709204561, nanosec=716346263)",120.0,Handcrafted_LabStudy,1,3,"-12.0,-0.0,0.5","-0.0,0.0,-0.0,-1.0","11.0,-0.0,0.0","-0.0,0.0,-0.0,-1.0",23.0,23.0,6.082762718200684,0,0,0,0,0,0,0,0.0,0.0,5.0,0.0,4.303977413243298e+21,3.725290298461914e-05,
0,navstack-1709204551778,navstack,Static,HandCrafted,,,1709204568,156346082,"builtin_interfaces.msg.Time(sec=1709204561, nanosec=716346263)",120.0,Handcrafted_LabStudy,1,3,"-12.0,-0.0,0.5","-0.0,0.0,-0.0,-1.0","11.0,-0.0,0.0","-0.0,0.0,-0.0,-1.0",23.0,23.0,6.082762718200684,0,0,0,0,0,0,0,0.0,0.0,5.0,0.0,4.303977413243298e+21,3.725290298461914e-05,
0,navstack-1709204551778,navstack,Static,HandCrafted,,,1709204568,176346302,"builtin_interfaces.msg.Time(sec=1709204561, nanosec=716346263)",120.0,Handcrafted_LabStudy,1,3,"-12.0,-0.0,0.5","-0.0,0.0,-0.0,-1.0","11.0,-0.0,0.0","-0.0,0.0,-0.0,-1.0",23.0,23.0,6.082762718200684,0,0,0,0,0,0,0,0.0,0.0,5.0,0.0,4.304261741637032e+21,3.725290298461914e-05,
0,navstack-1709204551778,navstack,Static,HandCrafted,,,1709204568,176346302,"builtin_interfaces.msg.Time(sec=1709204561, nanosec=716346263)",120.0,Handcrafted_LabStudy,1,3,"-12.0,-0.0,0.5","-0.0,0.0,-0.0,-1.0","11.0,-0.0,0.0","-0.0,0.0,-0.0,-1.0",23.0,23.0,6.082762718200684,0,0,0,0,0,0,0,0.0,0.0,5.0,0.0,4.304261741637032e+21,3.725290298461914e-05,
0,navstack-1709204551778,navstack,Static,HandCrafted,,,1709204568,176346302,"builtin_interfaces.msg.Time(sec=1709204561, nanosec=716346263)",120.0,Handcrafted_LabStudy,1,3,"-12.0,-0.0,0.5","-0.0,0.0,-0.0,-1.0","11.0,-0.0,0.0","-0.0,0.0,-0.0,-1.0",23.0,23.0,6.082762718200684,0,0,0,0,0,0,0,0.0,0.0,5.0,0.0,4.304261741637032e+21,0.0,
0,navstack-1709204551778,navstack,Static,HandCrafted,,,1709204568,196346282,"builtin_interfaces.msg.Time(sec=1709204561, nanosec=716346263)",120.0,Handcrafted_LabStudy,1,3,"-12.0,-0.0,0.5","-0.0,0.0,-0.0,-1.0","11.0,-0.0,0.0","-0.0,0.0,-0.0,-1.0",23.0,23.0,6.082762718200684,0,0,0,0,0,0,0,0.0,0.0,5.0,0.0,4.303977413243298e+21,3.725290298461914e-05,
0,navstack-1709204551778,navstack,Static,HandCrafted,,,1709204568,196346282,"builtin_interfaces.msg.Time(sec=1709204561, nanosec=716346263)",120.0,Handcrafted_LabStudy,1,3,"-12.0,-0.0,0.5","-0.0,0.0,-0.0,-1.0","11.0,-0.0,0.0","-0.0,0.0,-0.0,-1.0",23.0,23.0,6.082762718200684,0,0,0,0,0,0,0,0.0,0.0,5.0,0.0,4.303977413243298e+21,3.725290298461914e-05,
0,navstack-1709204551778,navstack,Static,HandCrafted,,,1709204568,216346263,"builtin_interfaces.msg.Time(sec=1709204561, nanosec=716346263)",120.0,Handcrafted_LabStudy,1,3,"-12.0,-0.0,0.5","-0.0,0.0,-0.0,-1.0","11.0,-0.0,0.0","-0.0,0.0,-0.0,-1.0",23.0,23.0,6.082762718200684,0,0,0,0,0,0,0,0.0,0.0,5.0,0.0,4.304261741637032e+21,3.725290298461914e-05,
0,navstack-1709204551778,navstack,Static,HandCrafted,,,1709204568,216346263,"builtin_interfaces.msg.Time(sec=1709204561, nanosec=716346263)",120.0,Handcrafted_LabStudy,1,3,"-12.0,-0.0,0.5","-0.0,0.0,-0.0,-1.0","11.0,-0.0,0.0","-0.0,0.0,-0.0,-1.0",23.0,23.0,6.082762718200684,0,0,0,0,0,0,0,0.0,0.0,5.0,0.0,4.304261741637032e+21,3.725290298461914e-05,
0,navstack-1709204551778,navstack,Static,HandCrafted,,,1709204568,216346263,"builtin_interfaces.msg.Time(sec=1709204561, nanosec=716346263)",120.0,Handcrafted_LabStudy,1,3,"-12.0,-0.0,0.5","-0.0,0.0,-0.0,-1.0","11.0,-0.0,0.0","-0.0,0.0,-0.0,-1.0",23.0,23.0,6.082762718200684,0,0,0,0,0,0,0,0.0,0.0,5.0,0.0,4.304261741637032e+21,0.0,
0,navstack-1709204551778,navstack,Static,HandCrafted,,,1709204568,236346244,"builtin_interfaces.msg.Time(sec=1709204561, nanosec=716346263)",120.0,Handcrafted_LabStudy,1,3,"-12.0,-0.0,0.5","-0.0,0.0,-0.0,-1.0","11.0,-0.0,0.0","-0.0,0.0,-0.0,-1.0",23.0,23.0,6.082762718200684,0,0,0,0,0,0,0,0.0,0.0,5.0,0.0,4.303977413243298e+21,3.725290298461914e-05,
0,navstack-1709204551778,navstack,Static,HandCrafted,,,1709204568,236346244,"builtin_interfaces.msg.Time(sec=1709204561, nanosec=716346263)",120.0,Handcrafted_LabStudy,1,3,"-12.0,-0.0,0.5","-0.0,0.0,-0.0,-1.0","11.0,-0.0,0.0","-0.0,0.0,-0.0,-1.0",23.0,23.0,6.082762718200684,0,0,0,0,0,0,0,0.0,0.0,5.0,0.0,4.303977413243298e+21,3.725290298461914e-05,
0,navstack-1709204551778,navstack,Static,HandCrafted,,,1709204568,256346225,"builtin_interfaces.msg.Time(sec=1709204561, nanosec=716346263)",120.0,Handcrafted_LabStudy,1,3,"-12.0,-0.0,0.5","-0.0,0.0,-0.0,-1.0","11.0,-0.0,0.0","-0.0,0.0,-0.0,-1.0",23.0,23.0,6.082762718200684,0,0,0,0,0,0,0,0.0,0.0,5.0,0.0,4.304261741637032e+21,3.725290298461914e-05,
0,navstack-1709204551778,navstack,Static,HandCrafted,,,1709204568,256346225,"builtin_interfaces.msg.Time(sec=1709204561, nanosec=716346263)",120.0,Handcrafted_LabStudy,1,3,"-12.0,-0.0,0.5","-0.0,0.0,-0.0,-1.0","11.0,-0.0,0.0","-0.0,0.0,-0.0,-1.0",23.0,23.0,6.082762718200684,0,0,0,0,0,0,0,0.0,0.0,5.0,0.0,4.304261741637032e+21,3.725290298461914e-05,
0,navstack-1709204551778,navstack,Static,HandCrafted,,,1709204568,256346225,"builtin_interfaces.msg.Time(sec=1709204561, nanosec=716346263)",120.0,Handcrafted_LabStudy,1,3,"-12.0,-0.0,0.5","-0.0,0.0,-0.0,-1.0","11.0,-0.0,0.0","-0.0,0.0,-0.0,-1.0",23.0,23.0,6.082762718200684,0,0,0,0,0,0,0,0.0,0.0,5.0,0.0,4.304261741637032e+21,0.0,
0,navstack-1709204551778,navstack,Static,HandCrafted,,,1709204568,276346206,"builtin_interfaces.msg.Time(sec=1709204561, nanosec=716346263)",120.0,Handcrafted_LabStudy,1,3,"-12.0,-0.0,0.5","-0.0,0.0,-0.0,-1.0","11.0,-0.0,0.0","-0.0,0.0,-0.0,-1.0",23.0,23.0,6.082762718200684,0,0,0,0,0,0,0,0.0,0.0,5.0,0.0,4.303977413243298e+21,3.725290298461914e-05,
0,navstack-1709204551778,navstack,Static,HandCrafted,,,1709204568,276346206,"builtin_interfaces.msg.Time(sec=1709204561, nanosec=716346263)",120.0,Handcrafted_LabStudy,1,3,"-12.0,-0.0,0.5","-0.0,0.0,-0.0,-1.0","11.0,-0.0,0.0","-0.0,0.0,-0.0,-1.0",23.0,23.0,6.082762718200684,0,0,0,0,0,0,0,0.0,0.0,5.0,0.0,4.303977413243298e+21,3.725290298461914e-05,
0,navstack-1709204551778,navstack,Static,HandCrafted,,,1709204568,296346187,"builtin_interfaces.msg.Time(sec=1709204561, nanosec=716346263)",120.0,Handcrafted_LabStudy,1,3,"-12.0,-0.0,0.5","-0.0,0.0,-0.0,-1.0","11.0,-0.0,0.0","-0.0,0.0,-0.0,-1.0",23.0,23.0,6.082762718200684,0,0,0,0,0,0,0,0.0,0.0,5.0,0.0,4.304261741637032e+21,3.725290298461914e-05,
0,navstack-1709204551778,navstack,Static,HandCrafted,,,1709204568,296346187,"builtin_interfaces.msg.Time(sec=1709204561, nanosec=716346263)",120.0,Handcrafted_LabStudy,1,3,"-12.0,-0.0,0.5","-0.0,0.0,-0.0,-1.0","11.0,-0.0,0.0","-0.0,0.0,-0.0,-1.0",23.0,23.0,6.082762718200684,0,0,0,0,0,0,0,0.0,0.0,5.0,0.0,4.304261741637032e+21,3.725290298461914e-05,
0,navstack-1709204551778,navstack,Static,HandCrafted,,,1709204568,316346168,"builtin_interfaces.msg.Time(sec=1709204561, nanosec=716346263)",120.0,Handcrafted_LabStudy,1,3,"-12.0,-0.0,0.5","-0.0,0.0,-0.0,-1.0","11.0,-0.0,0.0","-0.0,0.0,-0.0,-1.0",23.0,23.0,6.082762718200684,0,0,0,0,0,0,0,0.0,0.0,5.0,0.0,4.303977413243298e+21,3.725290298461914e-05,
0,navstack-1709204551778,navstack,Static,HandCrafted,,,1709204568,316346168,"builtin_interfaces.msg.Time(sec=1709204561, nanosec=716346263)",120.0,Handcrafted_LabStudy,1,3,"-12.0,-0.0,0.5","-0.0,0.0,-0.0,-1.0","11.0,-0.0,0.0","-0.0,0.0,-0.0,-1.0",23.0,23.0,6.082762718200684,0,0,0,0,0,0,0,0.0,0.0,5.0,0.0,4.303977413243298e+21,3.725290298461914e-05,
0,navstack-1709204551778,navstack,Static,HandCrafted,,,1709204568,336346149,"builtin_interfaces.msg.Time(sec=1709204561, nanosec=716346263)",120.0,Handcrafted_LabStudy,1,3,"-12.0,-0.0,0.5","-0.0,0.0,-0.0,-1.0","11.0,-0.0,0.0","-0.0,0.0,-0.0,-1.0",23.0,23.0,6.082762718200684,0,0,0,0,0,0,0,0.0,0.0,5.0,0.0,4.304261741637032e+21,3.725290298461914e-05,
0,navstack-1709204551778,navstack,Static,HandCrafted,,,1709204568,336346149,"builtin_interfaces.msg.Time(sec=1709204561, nanosec=716346263)",120.0,Handcrafted_LabStudy,1,3,"-12.0,-0.0,0.5","-0.0,0.0,-0.0,-1.0","11.0,-0.0,0.0","-0.0,0.0,-0.0,-1.0",23.0,23.0,6.082762718200684,0,0,0,0,0,0,0,0.0,0.0,5.0,0.0,4.304261741637032e+21,3.725290298461914e-05,
0,navstack-1709204551778,navstack,Static,HandCrafted,,,1709204568,356345891,"builtin_interfaces.msg.Time(sec=1709204561, nanosec=716346263)",120.0,Handcrafted_LabStudy,1,3,"-12.0,-0.0,0.5","-0.0,0.0,-0.0,-1.0","11.0,-0.0,0.0","-0.0,0.0,-0.0,-1.0",23.0,23.0,6.082762718200684,0,0,0,0,0,0,0,0.0,0.0,5.0,0.0,4.303977413243298e+21,3.725290298461914e-05,
0,navstack-1709204551778,navstack,Static,HandCrafted,,,1709204568,356345891,"builtin_interfaces.msg.Time(sec=1709204561, nanosec=716346263)",120.0,Handcrafted_LabStudy,1,3,"-12.0,-0.0,0.5","-0.0,0.0,-0.0,-1.0","11.0,-0.0,0.0","-0.0,0.0,-0.0,-1.0",23.0,23.0,6.082762718200684,0,0,0,0,0,0,0,0.0,0.0,5.0,0.0,4.303977413243298e+21,3.725290298461914e-05,
0,navstack-1709204551778,navstack,Static,HandCrafted,,,1709204568,356345891,"builtin_interfaces.msg.Time(sec=1709204561, nanosec=716346263)",120.0,Handcrafted_LabStudy,1,3,"-12.0,-0.0,0.5","-0.0,0.0,-0.0,-1.0","11.0,-0.0,0.0","-0.0,0.0,-0.0,-1.0",23.0,23.0,6.082762718200684,0,0,0,0,0,0,0,0.0,0.0,5.0,0.0,4.303977413243298e+21,0.0,
0,navstack-1709204551778,navstack,Static,HandCrafted,,,1709204568,376345872,"builtin_interfaces.msg.Time(sec=1709204561, nanosec=716346263)",120.0,Handcrafted_LabStudy,1,3,"-12.0,-0.0,0.5","-0.0,0.0,-0.0,-1.0","11.0,-0.0,0.0","-0.0,0.0,-0.0,-1.0",23.0,23.0,6.082762718200684,0,0,0,0,0,0,0,0.0,0.0,5.0,0.0,4.304261741637032e+21,3.725290298461914e-05,
0,navstack-1709204551778,navstack,Static,HandCrafted,,,1709204568,376345872,"builtin_interfaces.msg.Time(sec=1709204561, nanosec=716346263)",120.0,Handcrafted_LabStudy,1,3,"-12.0,-0.0,0.5","-0.0,0.0,-0.0,-1.0","11.0,-0.0,0.0","-0.0,0.0,-0.0,-1.0",23.0,23.0,6.082762718200684,0,0,0,0,0,0,0,0.0,0.0,5.0,0.0,4.304261741637032e+21,3.725290298461914e-05,
0,navstack-1709204551778,navstack,Static,HandCrafted,,,1709204568,396345853,"builtin_interfaces.msg.Time(sec=1709204561, nanosec=716346263)",120.0,Handcrafted_LabStudy,1,3,"-12.0,-0.0,0.5","-0.0,0.0,-0.0,-1.0","11.0,-0.0,0.0","-0.0,0.0,-0.0,-1.0",23.0,23.0,6.082762718200684,0,0,0,0,0,0,0,0.0,0.0,5.0,0.0,4.303977413243298e+21,3.725290298461914e-05,
0,navstack-1709204551778,navstack,Static,HandCrafted,,,1709204568,396345853,"builtin_interfaces.msg.Time(sec=1709204561, nanosec=716346263)",120.0,Handcrafted_LabStudy,1,3,"-12.0,-0.0,0.5","-0.0,0.0,-0.0,-1.0","11.0,-0.0,0.0","-0.0,0.0,-0.0,-1.0",23.0,23.0,6.082762718200684,0,0,0,0,0,0,0,0.0,0.0,5.0,0.0,4.303977413243298e+21,3.725290298461914e-05,
0,navstack-1709204551778,navstack,Static,HandCrafted,,,1709204568,396345853,"builtin_interfaces.msg.Time(sec=1709204561, nanosec=716346263)",120.0,Handcrafted_LabStudy,1,3,"-12.0,-0.0,0.5","-0.0,0.0,-0.0,-1.0","11.0,-0.0,0.0","-0.0,0.0,-0.0,-1.0",23.0,23.0,6.082762718200684,0,0,0,0,0,0,0,0.0,0.0,5.0,0.0,4.303977413243298e+21,0.0,
0,navstack-1709204551778,navstack,Static,HandCrafted,,,1709204568,416345834,"builtin_interfaces.msg.Time(sec=1709204561, nanosec=716346263)",120.0,Handcrafted_LabStudy,1,3,"-12.0,-0.0,0.5","-0.0,0.0,-0.0,-1.0","11.0,-0.0,0.0","-0.0,0.0,-0.0,-1.0",23.0,23.0,6.082762718200684,0,0,0,0,0,0,0,0.0,0.0,5.0,0.0,4.304261741637032e+21,3.725290298461914e-05,
0,navstack-1709204551778,navstack,Static,HandCrafted,,,1709204568,416345834,"builtin_interfaces.msg.Time(sec=1709204561, nanosec=716346263)",120.0,Handcrafted_LabStudy,1,3,"-12.0,-0.0,0.5","-0.0,0.0,-0.0,-1.0","11.0,-0.0,0.0","-0.0,0.0,-0.0,-1.0",23.0,23.0,6.082762718200684,0,0,0,0,0,0,0,0.0,0.0,5.0,0.0,4.304261741637032e+21,3.725290298461914e-05,
0,navstack-1709204551778,navstack,Static,HandCrafted,,,1709204568,436346054,"builtin_interfaces.msg.Time(sec=1709204561, nanosec=716346263)",120.0,Handcrafted_LabStudy,1,3,"-12.0,-0.0,0.5","-0.0,0.0,-0.0,-1.0","11.0,-0.0,0.0","-0.0,0.0,-0.0,-1.0",23.0,23.0,6.082762718200684,0,0,0,0,0,0,0,0.0,0.0,5.0,0.0,4.303977413243298e+21,3.725290298461914e-05,
0,navstack-1709204551778,navstack,Static,HandCrafted,,,1709204568,436346054,"builtin_interfaces.msg.Time(sec=1709204561, nanosec=716346263)",120.0,Handcrafted_LabStudy,1,3,"-12.0,-0.0,0.5","-0.0,0.0,-0.0,-1.0","11.0,-0.0,0.0","-0.0,0.0,-0.0,-1.0",23.0,23.0,6.082762718200684,0,0,0,0,0,0,0,0.0,0.0,5.0,0.0,4.303977413243298e+21,3.725290298461914e-05,
0,navstack-1709204551778,navstack,Static,HandCrafted,,,1709204568,456346035,"builtin_interfaces.msg.Time(sec=1709204561, nanosec=716346263)",120.0,Handcrafted_LabStudy,1,3,"-12.0,-0.0,0.5","-0.0,0.0,-0.0,-1.0","11.0,-0.0,0.0","-0.0,0.0,-0.0,-1.0",23.0,23.0,6.082762718200684,0,0,0,0,0,0,0,0.0,0.0,5.0,0.0,4.304261741637032e+21,3.725290298461914e-05,
0,navstack-1709204551778,navstack,Static,HandCrafted,,,1709204568,456346035,"builtin_interfaces.msg.Time(sec=1709204561, nanosec=716346263)",120.0,Handcrafted_LabStudy,1,3,"-12.0,-0.0,0.5","-0.0,0.0,-0.0,-1.0","11.0,-0.0,0.0","-0.0,0.0,-0.0,-1.0",23.0,23.0,6.082762718200684,0,0,0,0,0,0,0,0.0,0.0,5.0,0.0,4.304261741637032e+21,3.725290298461914e-05,
0,navstack-1709204551778,navstack,Static,HandCrafted,,,1709204568,456346035,"builtin_interfaces.msg.Time(sec=1709204561, nanosec=716346263)",120.0,Handcrafted_LabStudy,1,3,"-12.0,-0.0,0.5","-0.0,0.0,-0.0,-1.0","11.0,-0.0,0.0","-0.0,0.0,-0.0,-1.0",23.0,23.0,6.082762718200684,0,0,0,0,0,0,0,0.0,0.0,5.0,0.0,4.304261741637032e+21,0.0,
0,navstack-1709204551778,navstack,Static,HandCrafted,,,1709204568,476346015,"builtin_interfaces.msg.Time(sec=1709204561, nanosec=716346263)",120.0,Handcrafted_LabStudy,1,3,"-12.0,-0.0,0.5","-0.0,0.0,-0.0,-1.0","11.0,-0.0,0.0","-0.0,0.0,-0.0,-1.0",23.0,23.0,6.082762718200684,0,0,0,0,0,0,0,0.0,0.0,5.0,0.0,4.303977413243298e+21,3.725290298461914e-05,
0,navstack-1709204551778,navstack,Static,HandCrafted,,,1709204568,476346015,"builtin_interfaces.msg.Time(sec=1709204561, nanosec=716346263)",120.0,Handcrafted_LabStudy,1,3,"-12.0,-0.0,0.5","-0.0,0.0,-0.0,-1.0","11.0,-0.0,0.0","-0.0,0.0,-0.0,-1.0",23.0,23.0,6.082762718200684,0,0,0,0,0,0,0,0.0,0.0,5.0,0.0,4.303977413243298e+21,3.725290298461914e-05,
0,navstack-1709204551778,navstack,Static,HandCrafted,,,1709204568,496345996,"builtin_interfaces.msg.Time(sec=1709204561, nanosec=716346263)",120.0,Handcrafted_LabStudy,1,3,"-12.0,-0.0,0.5","-0.0,0.0,-0.0,-1.0","11.0,-0.0,0.0","-0.0,0.0,-0.0,-1.0",23.0,23.0,6.082762718200684,0,0,0,0,0,0,0,0.0,0.0,5.0,0.0,4.304261741637032e+21,3.725290298461914e-05,
0,navstack-1709204551778,navstack,Static,HandCrafted,,,1709204568,496345996,"builtin_interfaces.msg.Time(sec=1709204561, nanosec=716346263)",120.0,Handcrafted_LabStudy,1,3,"-12.0,-0.0,0.5","-0.0,0.0,-0.0,-1.0","11.0,-0.0,0.0","-0.0,0.0,-0.0,-1.0",23.0,23.0,6.082762718200684,0,0,0,0,0,0,0,0.0,0.0,5.0,0.0,4.304261741637032e+21,3.725290298461914e-05,
0,navstack-1709204551778,navstack,Static,HandCrafted,,,1709204568,496345996,"builtin_interfaces.msg.Time(sec=1709204561, nanosec=716346263)",120.0,Handcrafted_LabStudy,1,3,"-12.0,-0.0,0.5","-0.0,0.0,-0.0,-1.0","11.0,-0.0,0.0","-0.0,0.0,-0.0,-1.0",23.0,23.0,6.082762718200684,0,0,0,0,0,0,0,0.0,0.0,5.0,0.0,4.304261741637032e+21,0.0,
0,navstack-1709204551778,navstack,Static,HandCrafted,,,1709204568,516345977,"builtin_interfaces.msg.Time(sec=1709204561, nanosec=716346263)",120.0,Handcrafted_LabStudy,1,3,"-12.0,-0.0,0.5","-0.0,0.0,-0.0,-1.0","11.0,-0.0,0.0","-0.0,0.0,-0.0,-1.0",23.0,23.0,6.082762718200684,0,0,0,0,0,0,0,0.0,0.0,5.0,0.0,4.303977413243298e+21,3.725290298461914e-05,
0,navstack-1709204551778,navstack,Static,HandCrafted,,,1709204568,516345977,"builtin_interfaces.msg.Time(sec=1709204561, nanosec=716346263)",120.0,Handcrafted_LabStudy,1,3,"-12.0,-0.0,0.5","-0.0,0.0,-0.0,-1.0","11.0,-0.0,0.0","-0.0,0.0,-0.0,-1.0",23.0,23.0,6.082762718200684,0,0,0,0,0,0,0,0.0,0.0,5.0,0.0,4.303977413243298e+21,3.725290298461914e-05,
0,navstack-1709204551778,navstack,Static,HandCrafted,,,1709204568,536345958,"builtin_interfaces.msg.Time(sec=1709204561, nanosec=716346263)",120.0,Handcrafted_LabStudy,1,3,"-12.0,-0.0,0.5","-0.0,0.0,-0.0,-1.0","11.0,-0.0,0.0","-0.0,0.0,-0.0,-1.0",23.0,23.0,6.082762718200684,0,0,0,0,0,0,0,0.0,0.0,5.0,0.0,4.304261741637032e+21,3.725290298461914e-05,
0,navstack-1709204551778,navstack,Static,HandCrafted,,,1709204568,536345958,"builtin_interfaces.msg.Time(sec=1709204561, nanosec=716346263)",120.0,Handcrafted_LabStudy,1,3,"-12.0,-0.0,0.5","-0.0,0.0,-0.0,-1.0","11.0,-0.0,0.0","-0.0,0.0,-0.0,-1.0",23.0,23.0,6.082762718200684,0,0,0,0,0,0,0,0.0,0.0,5.0,0.0,4.304261741637032e+21,3.725290298461914e-05,
0,navstack-1709204551778,navstack,Static,HandCrafted,,,1709204568,556345939,"builtin_interfaces.msg.Time(sec=1709204561, nanosec=716346263)",120.0,Handcrafted_LabStudy,1,3,"-12.0,-0.0,0.5","-0.0,0.0,-0.0,-1.0","11.0,-0.0,0.0","-0.0,0.0,-0.0,-1.0",23.0,23.0,6.082762718200684,0,0,0,0,0,0,0,0.0,0.0,5.0,0.0,4.303977413243298e+21,3.725290298461914e-05,
0,navstack-1709204551778,navstack,Static,HandCrafted,,,1709204568,556345939,"builtin_interfaces.msg.Time(sec=1709204561, nanosec=716346263)",120.0,Handcrafted_LabStudy,1,3,"-12.0,-0.0,0.5","-0.0,0.0,-0.0,-1.0","11.0,-0.0,0.0","-0.0,0.0,-0.0,-1.0",23.0,23.0,6.082762718200684,0,0,0,0,0,0,0,0.0,0.0,5.0,0.0,4.303977413243298e+21,3.725290298461914e-05,
0,navstack-1709204551778,navstack,Static,HandCrafted,,,1709204568,576345920,"builtin_interfaces.msg.Time(sec=1709204561, nanosec=716346263)",120.0,Handcrafted_LabStudy,1,3,"-12.0,-0.0,0.5","-0.0,0.0,-0.0,-1.0","11.0,-0.0,0.0","-0.0,0.0,-0.0,-1.0",23.0,23.0,6.082762718200684,0,0,0,0,0,0,0,0.0,0.0,5.0,0.0,4.304261741637032e+21,3.725290298461914e-05,
0,navstack-1709204551778,navstack,Static,HandCrafted,,,1709204568,576345920,"builtin_interfaces.msg.Time(sec=1709204561, nanosec=716346263)",120.0,Handcrafted_LabStudy,1,3,"-12.0,-0.0,0.5","-0.0,0.0,-0.0,-1.0","11.0,-0.0,0.0","-0.0,0.0,-0.0,-1.0",23.0,23.0,6.082762718200684,0,0,0,0,0,0,0,0.0,0.0,5.0,0.0,4.304261741637032e+21,3.725290298461914e-05,
0,navstack-1709204551778,navstack,Static,HandCrafted,,,1709204568,596345901,"builtin_interfaces.msg.Time(sec=1709204561, nanosec=716346263)",120.0,Handcrafted_LabStudy,1,3,"-12.0,-0.0,0.5","-0.0,0.0,-0.0,-1.0","11.0,-0.0,0.0","-0.0,0.0,-0.0,-1.0",23.0,23.0,6.082762718200684,0,0,0,0,0,0,0,0.0,0.0,5.0,0.0,4.303977413243298e+21,3.725290298461914e-05,
0,navstack-1709204551778,navstack,Static,HandCrafted,,,1709204568,616345643,"builtin_interfaces.msg.Time(sec=1709204561, nanosec=716346263)",120.0,Handcrafted_LabStudy,1,3,"-12.0,-0.0,0.5","-0.0,0.0,-0.0,-1.0","11.0,-0.0,0.0","-0.0,0.0,-0.0,-1.0",23.0,23.0,6.082762718200684,0,0,0,0,0,0,0,0.0,0.0,5.0,0.0,4.304261741637032e+21,7.450580596923828e-05,
0,navstack-1709204551778,navstack,Static,HandCrafted,,,1709204568,616345643,"builtin_interfaces.msg.Time(sec=1709204561, nanosec=716346263)",120.0,Handcrafted_LabStudy,1,3,"-12.0,-0.0,0.5","-0.0,0.0,-0.0,-1.0","11.0,-0.0,0.0","-0.0,0.0,-0.0,-1.0",23.0,23.0,6.082762718200684,0,0,0,0,0,0,0,0.0,0.0,5.0,0.0,4.304261741637032e+21,3.725290298461914e-05,
0,navstack-1709204551778,navstack,Static,HandCrafted,,,1709204568,636346101,"builtin_interfaces.msg.Time(sec=1709204561, nanosec=716346263)",120.0,Handcrafted_LabStudy,1,3,"-12.0,-0.0,0.5","-0.0,0.0,-0.0,-1.0","11.0,-0.0,0.0","-0.0,0.0,-0.0,-1.0",23.0,23.0,6.082762718200684,0,0,0,0,0,0,0,0.0,0.0,5.0,0.0,4.303977413243298e+21,3.725290298461914e-05,
0,navstack-1709204551778,navstack,Static,HandCrafted,,,1709204568,636346101,"builtin_interfaces.msg.Time(sec=1709204561, nanosec=716346263)",120.0,Handcrafted_LabStudy,1,3,"-12.0,-0.0,0.5","-0.0,0.0,-0.0,-1.0","11.0,-0.0,0.0","-0.0,0.0,-0.0,-1.0",23.0,23.0,6.082762718200684,0,0,0,0,0,0,0,0.0,0.0,5.0,0.0,4.303977413243298e+21,3.725290298461914e-05,
0,navstack-1709204551778,navstack,Static,HandCrafted,,,1709204568,636346101,"builtin_interfaces.msg.Time(sec=1709204561, nanosec=716346263)",120.0,Handcrafted_LabStudy,1,3,"-12.0,-0.0,0.5","-0.0,0.0,-0.0,-1.0","11.0,-0.0,0.0","-0.0,0.0,-0.0,-1.0",23.0,23.0,6.082762718200684,0,0,0,0,0,0,0,0.0,0.0,5.0,0.0,4.303977413243298e+21,0.0,
0,navstack-1709204551778,navstack,Static,HandCrafted,,,1709204568,656346082,"builtin_interfaces.msg.Time(sec=1709204561, nanosec=716346263)",120.0,Handcrafted_LabStudy,1,3,"-12.0,-0.0,0.5","-0.0,0.0,-0.0,-1.0","11.0,-0.0,0.0","-0.0,0.0,-0.0,-1.0",23.0,23.0,6.082762718200684,0,0,0,0,0,0,0,0.0,0.0,5.0,0.0,4.304261741637032e+21,3.725290298461914e-05,
0,navstack-1709204551778,navstack,Static,HandCrafted,,,1709204568,656346082,"builtin_interfaces.msg.Time(sec=1709204561, nanosec=716346263)",120.0,Handcrafted_LabStudy,1,3,"-12.0,-0.0,0.5","-0.0,0.0,-0.0,-1.0","11.0,-0.0,0.0","-0.0,0.0,-0.0,-1.0",23.0,23.0,6.082762718200684,0,0,0,0,0,0,0,0.0,0.0,5.0,0.0,4.304261741637032e+21,3.725290298461914e-05,
0,navstack-1709204551778,navstack,Static,HandCrafted,,,1709204568,676346302,"builtin_interfaces.msg.Time(sec=1709204561, nanosec=716346263)",120.0,Handcrafted_LabStudy,1,3,"-12.0,-0.0,0.5","-0.0,0.0,-0.0,-1.0","11.0,-0.0,0.0","-0.0,0.0,-0.0,-1.0",23.0,23.0,6.082762718200684,0,0,0,0,0,0,0,0.0,0.0,5.0,0.0,4.303977413243298e+21,3.725290298461914e-05,
0,navstack-1709204551778,navstack,Static,HandCrafted,,,1709204568,676346302,"builtin_interfaces.msg.Time(sec=1709204561, nanosec=716346263)",120.0,Handcrafted_LabStudy,1,3,"-12.0,-0.0,0.5","-0.0,0.0,-0.0,-1.0","11.0,-0.0,0.0","-0.0,0.0,-0.0,-1.0",23.0,23.0,6.082762718200684,0,0,0,0,0,0,0,0.0,0.0,5.0,0.0,4.303977413243298e+21,3.725290298461914e-05,
0,navstack-1709204551778,navstack,Static,HandCrafted,,,1709204568,696346282,"builtin_interfaces.msg.Time(sec=1709204561, nanosec=716346263)",120.0,Handcrafted_LabStudy,1,3,"-12.0,-0.0,0.5","-0.0,0.0,-0.0,-1.0","11.0,-0.0,0.0","-0.0,0.0,-0.0,-1.0",23.0,23.0,6.082762718200684,0,0,0,0,0,0,0,0.0,0.0,5.0,0.0,4.304261741637032e+21,3.725290298461914e-05,
0,navstack-1709204551778,navstack,Static,HandCrafted,,,1709204568,696346282,"builtin_interfaces.msg.Time(sec=1709204561, nanosec=716346263)",120.0,Handcrafted_LabStudy,1,3,"-12.0,-0.0,0.5","-0.0,0.0,-0.0,-1.0","11.0,-0.0,0.0","-0.0,0.0,-0.0,-1.0",23.0,23.0,6.082762718200684,0,0,0,0,0,0,0,0.0,0.0,5.0,0.0,4.304261741637032e+21,3.725290298461914e-05,
0,navstack-1709204551778,navstack,Static,HandCrafted,,,1709204568,696346282,"builtin_interfaces.msg.Time(sec=1709204561, nanosec=716346263)",120.0,Handcrafted_LabStudy,1,3,"-12.0,-0.0,0.5","-0.0,0.0,-0.0,-1.0","11.0,-0.0,0.0","-0.0,0.0,-0.0,-1.0",23.0,23.0,6.082762718200684,0,0,0,0,0,0,0,0.0,0.0,5.0,0.0,4.304261741637032e+21,0.0,
0,navstack-1709204551778,navstack,Static,HandCrafted,,,1709204568,716346263,"builtin_interfaces.msg.Time(sec=1709204561, nanosec=716346263)",120.0,Handcrafted_LabStudy,1,3,"-12.0,-0.0,0.5","-0.0,0.0,-0.0,-1.0","11.0,-0.0,0.0","-0.0,0.0,-0.0,-1.0",23.0,23.0,6.082762718200684,0,0,0,0,0,0,0,0.0,0.0,5.0,0.0,4.303977413243298e+21,3.725290298461914e-05,
0,navstack-1709204551778,navstack,Static,HandCrafted,,,1709204568,716346263,"builtin_interfaces.msg.Time(sec=1709204561, nanosec=716346263)",120.0,Handcrafted_LabStudy,1,3,"-12.0,-0.0,0.5","-0.0,0.0,-0.0,-1.0","11.0,-0.0,0.0","-0.0,0.0,-0.0,-1.0",23.0,23.0,6.082762718200684,0,0,0,0,0,0,0,0.0,0.0,5.0,0.0,4.303977413243298e+21,3.725290298461914e-05,
0,navstack-1709204551778,navstack,Static,HandCrafted,,,1709204568,736346244,"builtin_interfaces.msg.Time(sec=1709204561, nanosec=716346263)",120.0,Handcrafted_LabStudy,1,3,"-12.0,-0.0,0.5","-0.0,0.0,-0.0,-1.0","11.0,-0.0,0.0","-0.0,0.0,-0.0,-1.0",23.0,23.0,6.082762718200684,0,0,0,0,0,0,0,0.0,0.0,5.0,0.0,4.304261741637032e+21,3.725290298461914e-05,
0,navstack-1709204551778,navstack,Static,HandCrafted,,,1709204568,736346244,"builtin_interfaces.msg.Time(sec=1709204561, nanosec=716346263)",120.0,Handcrafted_LabStudy,1,3,"-12.0,-0.0,0.5","-0.0,0.0,-0.0,-1.0","11.0,-0.0,0.0","-0.0,0.0,-0.0,-1.0",23.0,23.0,6.082762718200684,0,0,0,0,0,0,0,0.0,0.0,5.0,0.0,4.304261741637032e+21,3.725290298461914e-05,
0,navstack-1709204551778,navstack,Static,HandCrafted,,,1709204568,756346225,"builtin_interfaces.msg.Time(sec=1709204561, nanosec=716346263)",120.0,Handcrafted_LabStudy,1,3,"-12.0,-0.0,0.5","-0.0,0.0,-0.0,-1.0","11.0,-0.0,0.0","-0.0,0.0,-0.0,-1.0",23.0,23.0,6.082762718200684,0,0,0,0,0,0,0,0.0,0.0,5.0,0.0,4.303977413243298e+21,3.725290298461914e-05,
0,navstack-1709204551778,navstack,Static,HandCrafted,,,1709204568,756346225,"builtin_interfaces.msg.Time(sec=1709204561, nanosec=716346263)",120.0,Handcrafted_LabStudy,1,3,"-12.0,-0.0,0.5","-0.0,0.0,-0.0,-1.0","11.0,-0.0,0.0","-0.0,0.0,-0.0,-1.0",23.0,23.0,6.082762718200684,0,0,0,0,0,0,0,0.0,0.0,5.0,0.0,4.303977413243298e+21,3.725290298461914e-05,
0,navstack-1709204551778,navstack,Static,HandCrafted,,,1709204568,756346225,"builtin_interfaces.msg.Time(sec=1709204561, nanosec=716346263)",120.0,Handcrafted_LabStudy,1,3,"-12.0,-0.0,0.5","-0.0,0.0,-0.0,-1.0","11.0,-0.0,0.0","-0.0,0.0,-0.0,-1.0",23.0,23.0,6.082762718200684,0,0,0,0,0,0,0,0.0,0.0,5.0,0.0,4.303977413243298e+21,0.0,
0,navstack-1709204551778,navstack,Static,HandCrafted,,,1709204568,776346206,"builtin_interfaces.msg.Time(sec=1709204561, nanosec=716346263)",120.0,Handcrafted_LabStudy,1,3,"-12.0,-0.0,0.5","-0.0,0.0,-0.0,-1.0","11.0,-0.0,0.0","-0.0,0.0,-0.0,-1.0",23.0,23.0,6.082762718200684,0,0,0,0,0,0,0,0.0,0.0,5.0,0.0,4.304261741637032e+21,3.725290298461914e-05,
0,navstack-1709204551778,navstack,Static,HandCrafted,,,1709204568,776346206,"builtin_interfaces.msg.Time(sec=1709204561, nanosec=716346263)",120.0,Handcrafted_LabStudy,1,3,"-12.0,-0.0,0.5","-0.0,0.0,-0.0,-1.0","11.0,-0.0,0.0","-0.0,0.0,-0.0,-1.0",23.0,23.0,6.082762718200684,0,0,0,0,0,0,0,0.0,0.0,5.0,0.0,4.304261741637032e+21,3.725290298461914e-05,
0,navstack-1709204551778,navstack,Static,HandCrafted,,,1709204568,796346187,"builtin_interfaces.msg.Time(sec=1709204561, nanosec=716346263)",120.0,Handcrafted_LabStudy,1,3,"-12.0,-0.0,0.5","-0.0,0.0,-0.0,-1.0","11.0,-0.0,0.0","-0.0,0.0,-0.0,-1.0",23.0,23.0,6.082762718200684,0,0,0,0,0,0,0,0.0,0.0,5.0,0.0,4.303977413243298e+21,3.725290298461914e-05,
0,navstack-1709204551778,navstack,Static,HandCrafted,,,1709204568,796346187,"builtin_interfaces.msg.Time(sec=1709204561, nanosec=716346263)",120.0,Handcrafted_LabStudy,1,3,"-12.0,-0.0,0.5","-0.0,0.0,-0.0,-1.0","11.0,-0.0,0.0","-0.0,0.0,-0.0,-1.0",23.0,23.0,6.082762718200684,0,0,0,0,0,0,0,0.0,0.0,6.0,0.0,4.303977413243298e+21,3.725290298461914e-05,
0,navstack-1709204551778,navstack,Static,HandCrafted,,,1709204568,816346168,"builtin_interfaces.msg.Time(sec=1709204561, nanosec=716346263)",120.0,Handcrafted_LabStudy,1,3,"-12.0,-0.0,0.5","-0.0,0.0,-0.0,-1.0","11.0,-0.0,0.0","-0.0,0.0,-0.0,-1.0",23.0,23.0,6.082762718200684,0,0,0,0,0,0,0,0.0,0.0,6.0,0.0,4.304261741637032e+21,3.725290298461914e-05,
0,navstack-1709204551778,navstack,Static,HandCrafted,,,1709204568,816346168,"builtin_interfaces.msg.Time(sec=1709204561, nanosec=716346263)",120.0,Handcrafted_LabStudy,1,3,"-12.0,-0.0,0.5","-0.0,0.0,-0.0,-1.0","11.0,-0.0,0.0","-0.0,0.0,-0.0,-1.0",23.0,23.0,6.082762718200684,0,0,0,0,0,0,0,0.0,0.0,6.0,0.0,4.304261741637032e+21,3.725290298461914e-05,
0,navstack-1709204551778,navstack,Static,HandCrafted,,,1709204568,816346168,"builtin_interfaces.msg.Time(sec=1709204561, nanosec=716346263)",120.0,Handcrafted_LabStudy,1,3,"-12.0,-0.0,0.5","-0.0,0.0,-0.0,-1.0","11.0,-0.0,0.0","-0.0,0.0,-0.0,-1.0",23.0,23.0,6.082762718200684,0,0,0,0,0,0,0,0.0,0.0,6.0,0.0,4.304261741637032e+21,0.0,
0,navstack-1709204551778,navstack,Static,HandCrafted,,,1709204568,836346149,"builtin_interfaces.msg.Time(sec=1709204561, nanosec=716346263)",120.0,Handcrafted_LabStudy,1,3,"-12.0,-0.0,0.5","-0.0,0.0,-0.0,-1.0","11.0,-0.0,0.0","-0.0,0.0,-0.0,-1.0",23.0,23.0,6.082762718200684,0,0,0,0,0,0,0,0.0,0.0,6.0,0.0,4.303977413243298e+21,3.725290298461914e-05,
0,navstack-1709204551778,navstack,Static,HandCrafted,,,1709204568,836346149,"builtin_interfaces.msg.Time(sec=1709204561, nanosec=716346263)",120.0,Handcrafted_LabStudy,1,3,"-12.0,-0.0,0.5","-0.0,0.0,-0.0,-1.0","11.0,-0.0,0.0","-0.0,0.0,-0.0,-1.0",23.0,23.0,6.082762718200684,0,0,0,0,0,0,0,0.0,0.0,6.0,0.0,4.303977413243298e+21,3.725290298461914e-05,
0,navstack-1709204551778,navstack,Static,HandCrafted,,,1709204568,856345891,"builtin_interfaces.msg.Time(sec=1709204561, nanosec=716346263)",120.0,Handcrafted_LabStudy,1,3,"-12.0,-0.0,0.5","-0.0,0.0,-0.0,-1.0","11.0,-0.0,0.0","-0.0,0.0,-0.0,-1.0",23.0,23.0,6.082762718200684,0,0,0,0,0,0,0,0.0,0.0,6.0,0.0,4.304261741637032e+21,3.725290298461914e-05,
0,navstack-1709204551778,navstack,Static,HandCrafted,,,1709204568,856345891,"builtin_interfaces.msg.Time(sec=1709204561, nanosec=716346263)",120.0,Handcrafted_LabStudy,1,3,"-12.0,-0.0,0.5","-0.0,0.0,-0.0,-1.0","11.0,-0.0,0.0","-0.0,0.0,-0.0,-1.0",23.0,23.0,6.082762718200684,0,0,0,0,0,0,0,0.0,0.0,6.0,0.0,4.304261741637032e+21,3.725290298461914e-05,
0,navstack-1709204551778,navstack,Static,HandCrafted,,,1709204568,876345872,"builtin_interfaces.msg.Time(sec=1709204561, nanosec=716346263)",120.0,Handcrafted_LabStudy,1,3,"-12.0,-0.0,0.5","-0.0,0.0,-0.0,-1.0","11.0,-0.0,0.0","-0.0,0.0,-0.0,-1.0",23.0,23.0,6.082762718200684,0,0,0,0,0,0,0,0.0,0.0,6.0,0.0,4.303977413243298e+21,3.725290298461914e-05,
0,navstack-1709204551778,navstack,Static,HandCrafted,,,1709204568,876345872,"builtin_interfaces.msg.Time(sec=1709204561, nanosec=716346263)",120.0,Handcrafted_LabStudy,1,3,"-12.0,-0.0,0.5","-0.0,0.0,-0.0,-1.0","11.0,-0.0,0.0","-0.0,0.0,-0.0,-1.0",23.0,23.0,6.082762718200684,0,0,0,0,0,0,0,0.0,0.0,6.0,0.0,4.303977413243298e+21,3.725290298461914e-05,
0,navstack-1709204551778,navstack,Static,HandCrafted,,,1709204568,876345872,"builtin_interfaces.msg.Time(sec=1709204561, nanosec=716346263)",120.0,Handcrafted_LabStudy,1,3,"-12.0,-0.0,0.5","-0.0,0.0,-0.0,-1.0","11.0,-0.0,0.0","-0.0,0.0,-0.0,-1.0",23.0,23.0,6.082762718200684,0,0,0,0,0,0,0,0.0,0.0,6.0,0.0,4.303977413243298e+21,0.0,
0,navstack-1709204551778,navstack,Static,HandCrafted,,,1709204568,896345853,"builtin_interfaces.msg.Time(sec=1709204561, nanosec=716346263)",120.0,Handcrafted_LabStudy,1,3,"-12.0,-0.0,0.5","-0.0,0.0,-0.0,-1.0","11.0,-0.0,0.0","-0.0,0.0,-0.0,-1.0",23.0,23.0,6.082762718200684,0,0,0,0,0,0,0,0.0,0.0,6.0,0.0,4.304261741637032e+21,3.725290298461914e-05,
0,navstack-1709204551778,navstack,Static,HandCrafted,,,1709204568,916345834,"builtin_interfaces.msg.Time(sec=1709204561, nanosec=716346263)",120.0,Handcrafted_LabStudy,1,3,"-12.0,-0.0,0.5","-0.0,0.0,-0.0,-1.0","11.0,-0.0,0.0","-0.0,0.0,-0.0,-1.0",23.0,23.0,6.082762718200684,0,0,0,0,0,0,0,0.0,0.0,6.0,0.0,4.303977413243298e+21,7.450580596923828e-05,
0,navstack-1709204551778,navstack,Static,HandCrafted,,,1709204568,936346054,"builtin_interfaces.msg.Time(sec=1709204561, nanosec=716346263)",120.0,Handcrafted_LabStudy,1,3,"-12.0,-0.0,0.5","-0.0,0.0,-0.0,-1.0","11.0,-0.0,0.0","-0.0,0.0,-0.0,-1.0",23.0,23.0,6.082762718200684,0,0,0,0,0,0,0,0.0,0.0,6.0,0.0,4.304261741637032e+21,7.450580596923828e-05,
0,navstack-1709204551778,navstack,Static,HandCrafted,,,1709204568,956346035,"builtin_interfaces.msg.Time(sec=1709204561, nanosec=716346263)",120.0,Handcrafted_LabStudy,1,3,"-12.0,-0.0,0.5","-0.0,0.0,-0.0,-1.0","11.0,-0.0,0.0","-0.0,0.0,-0.0,-1.0",23.0,23.0,6.082762718200684,0,0,0,0,0,0,0,0.0,0.0,6.0,0.0,4.303977413243298e+21,7.450580596923828e-05,
0,navstack-1709204551778,navstack,Static,HandCrafted,,,1709204568,956346035,"builtin_interfaces.msg.Time(sec=1709204561, nanosec=716346263)",120.0,Handcrafted_LabStudy,1,3,"-12.0,-0.0,0.5","-0.0,0.0,-0.0,-1.0","11.0,-0.0,0.0","-0.0,0.0,-0.0,-1.0",23.0,23.0,6.082762718200684,0,0,0,0,0,0,0,0.0,0.0,6.0,0.0,4.303977413243298e+21,3.725290298461914e-05,
0,navstack-1709204551778,navstack,Static,HandCrafted,,,1709204568,976346015,"builtin_interfaces.msg.Time(sec=1709204561, nanosec=716346263)",120.0,Handcrafted_LabStudy,1,3,"-12.0,-0.0,0.5","-0.0,0.0,-0.0,-1.0","11.0,-0.0,0.0","-0.0,0.0,-0.0,-1.0",23.0,23.0,6.082762718200684,0,0,0,0,0,0,0,0.0,0.0,6.0,0.0,4.304261741637032e+21,3.725290298461914e-05,
0,navstack-1709204551778,navstack,Static,HandCrafted,,,1709204568,996345996,"builtin_interfaces.msg.Time(sec=1709204561, nanosec=716346263)",120.0,Handcrafted_LabStudy,1,3,"-12.0,-0.0,0.5","-0.0,0.0,-0.0,-1.0","11.0,-0.0,0.0","-0.0,0.0,-0.0,-1.0",23.0,23.0,6.082762718200684,0,0,0,0,0,0,0,0.0,0.0,6.0,0.0,4.303977413243298e+21,7.450580596923828e-05,
0,navstack-1709204551778,navstack,Static,HandCrafted,,,1709204569,16345977,"builtin_interfaces.msg.Time(sec=1709204561, nanosec=716346263)",120.0,Handcrafted_LabStudy,1,3,"-12.0,-0.0,0.5","-0.0,0.0,-0.0,-1.0","11.0,-0.0,0.0","-0.0,0.0,-0.0,-1.0",23.0,23.0,6.082762718200684,0,0,0,0,0,0,0,0.0,0.0,6.0,0.0,4.304261741637032e+21,7.450580596923828e-05,
0,navstack-1709204551778,navstack,Static,HandCrafted,,,1709204569,36345958,"builtin_interfaces.msg.Time(sec=1709204561, nanosec=716346263)",120.0,Handcrafted_LabStudy,1,3,"-12.0,-0.0,0.5","-0.0,0.0,-0.0,-1.0","11.0,-0.0,0.0","-0.0,0.0,-0.0,-1.0",23.0,23.0,6.082762718200684,0,0,0,0,0,0,0,0.0,0.0,6.0,0.0,4.303977413243298e+21,7.450580596923828e-05,
0,navstack-1709204551778,navstack,Static,HandCrafted,,,1709204569,56345939,"builtin_interfaces.msg.Time(sec=1709204561, nanosec=716346263)",120.0,Handcrafted_LabStudy,1,3,"-12.0,-0.0,0.5","-0.0,0.0,-0.0,-1.0","11.0,-0.0,0.0","-0.0,0.0,-0.0,-1.0",23.0,23.0,6.082762718200684,0,0,0,0,0,0,0,0.0,0.0,6.0,0.0,4.304261741637032e+21,7.450580596923828e-05,
0,navstack-1709204551778,navstack,Static,HandCrafted,,,1709204569,76345920,"builtin_interfaces.msg.Time(sec=1709204561, nanosec=716346263)",120.0,Handcrafted_LabStudy,1,3,"-12.0,-0.0,0.5","-0.0,0.0,-0.0,-1.0","11.0,-0.0,0.0","-0.0,0.0,-0.0,-1.0",23.0,23.0,6.082762718200684,0,0,0,0,0,0,0,0.0,0.0,6.0,0.0,4.303977413243298e+21,7.450580596923828e-05,
0,navstack-1709204551778,navstack,Static,HandCrafted,,,1709204569,96345901,"builtin_interfaces.msg.Time(sec=1709204561, nanosec=716346263)",120.0,Handcrafted_LabStudy,1,3,"-12.0,-0.0,0.5","-0.0,0.0,-0.0,-1.0","11.0,-0.0,0.0","-0.0,0.0,-0.0,-1.0",23.0,23.0,6.082762718200684,0,0,0,0,0,0,0,0.0,0.0,6.0,0.0,4.304261741637032e+21,7.450580596923828e-05,
0,navstack-1709204551778,navstack,Static,HandCrafted,,,1709204569,116345643,"builtin_interfaces.msg.Time(sec=1709204561, nanosec=716346263)",120.0,Handcrafted_LabStudy,1,3,"-12.0,-0.0,0.5","-0.0,0.0,-0.0,-1.0","11.0,-0.0,0.0","-0.0,0.0,-0.0,-1.0",23.0,23.0,6.082762718200684,0,0,0,0,0,0,0,0.0,0.0,6.0,0.0,4.303977413243298e+21,7.450580596923828e-05,
0,navstack-1709204551778,navstack,Static,HandCrafted,,,1709204569,136345624,"builtin_interfaces.msg.Time(sec=1709204561, nanosec=716346263)",120.0,Handcrafted_LabStudy,1,3,"-12.0,-0.0,0.5","-0.0,0.0,-0.0,-1.0","11.0,-0.0,0.0","-0.0,0.0,-0.0,-1.0",23.0,23.0,6.082762718200684,0,0,0,0,0,0,0,0.0,0.0,6.0,0.0,4.304261741637032e+21,7.450580596923828e-05,
0,navstack-1709204551778,navstack,Static,HandCrafted,,,1709204569,136345624,"builtin_interfaces.msg.Time(sec=1709204561, nanosec=716346263)",120.0,Handcrafted_LabStudy,1,3,"-12.0,-0.0,0.5","-0.0,0.0,-0.0,-1.0","11.0,-0.0,0.0","-0.0,0.0,-0.0,-1.0",23.0,23.0,6.082762718200684,0,0,0,0,0,0,0,0.0,0.0,6.0,0.0,4.304261741637032e+21,3.725290298461914e-05,
0,navstack-1709204551778,navstack,Static,HandCrafted,,,1709204569,156346082,"builtin_interfaces.msg.Time(sec=1709204561, nanosec=716346263)",120.0,Handcrafted_LabStudy,1,3,"-12.0,-0.0,0.5","-0.0,0.0,-0.0,-1.0","11.0,-0.0,0.0","-0.0,0.0,-0.0,-1.0",23.0,23.0,6.082762718200684,0,0,0,0,0,0,0,0.0,0.0,6.0,0.0,4.303977413243298e+21,3.725290298461914e-05,
0,navstack-1709204551778,navstack,Static,HandCrafted,,,1709204569,156346082,"builtin_interfaces.msg.Time(sec=1709204561, nanosec=716346263)",120.0,Handcrafted_LabStudy,1,3,"-12.0,-0.0,0.5","-0.0,0.0,-0.0,-1.0","11.0,-0.0,0.0","-0.0,0.0,-0.0,-1.0",23.0,23.0,6.082762718200684,0,0,0,0,0,0,0,0.0,0.0,6.0,0.0,4.303977413243298e+21,3.725290298461914e-05,
0,navstack-1709204551778,navstack,Static,HandCrafted,,,1709204569,176346302,"builtin_interfaces.msg.Time(sec=1709204561, nanosec=716346263)",120.0,Handcrafted_LabStudy,1,3,"-12.0,-0.0,0.5","-0.0,0.0,-0.0,-1.0","11.0,-0.0,0.0","-0.0,0.0,-0.0,-1.0",23.0,23.0,6.082762718200684,0,0,0,0,0,0,0,0.0,0.0,6.0,0.0,4.304261741637032e+21,3.725290298461914e-05,
0,navstack-1709204551778,navstack,Static,HandCrafted,,,1709204569,176346302,"builtin_interfaces.msg.Time(sec=1709204561, nanosec=716346263)",120.0,Handcrafted_LabStudy,1,3,"-12.0,-0.0,0.5","-0.0,0.0,-0.0,-1.0","11.0,-0.0,0.0","-0.0,0.0,-0.0,-1.0",23.0,23.0,6.082762718200684,0,0,0,0,0,0,0,0.0,0.0,6.0,0.0,4.304261741637032e+21,3.725290298461914e-05,
0,navstack-1709204551778,navstack,Static,HandCrafted,,,1709204569,196346282,"builtin_interfaces.msg.Time(sec=1709204561, nanosec=716346263)",120.0,Handcrafted_LabStudy,1,3,"-12.0,-0.0,0.5","-0.0,0.0,-0.0,-1.0","11.0,-0.0,0.0","-0.0,0.0,-0.0,-1.0",23.0,23.0,6.082762718200684,0,0,0,0,0,0,0,0.0,0.0,6.0,0.0,4.303977413243298e+21,3.725290298461914e-05,
0,navstack-1709204551778,navstack,Static,HandCrafted,,,1709204569,196346282,"builtin_interfaces.msg.Time(sec=1709204561, nanosec=716346263)",120.0,Handcrafted_LabStudy,1,3,"-12.0,-0.0,0.5","-0.0,0.0,-0.0,-1.0","11.0,-0.0,0.0","-0.0,0.0,-0.0,-1.0",23.0,23.0,6.082762718200684,0,0,0,0,0,0,0,0.0,0.0,6.0,0.0,4.303977413243298e+21,3.725290298461914e-05,
0,navstack-1709204551778,navstack,Static,HandCrafted,,,1709204569,216346263,"builtin_interfaces.msg.Time(sec=1709204561, nanosec=716346263)",120.0,Handcrafted_LabStudy,1,3,"-12.0,-0.0,0.5","-0.0,0.0,-0.0,-1.0","11.0,-0.0,0.0","-0.0,0.0,-0.0,-1.0",23.0,23.0,6.082762718200684,0,0,0,0,0,0,0,0.0,0.0,6.0,0.0,4.304261741637032e+21,3.725290298461914e-05,
0,navstack-1709204551778,navstack,Static,HandCrafted,,,1709204569,216346263,"builtin_interfaces.msg.Time(sec=1709204561, nanosec=716346263)",120.0,Handcrafted_LabStudy,1,3,"-12.0,-0.0,0.5","-0.0,0.0,-0.0,-1.0","11.0,-0.0,0.0","-0.0,0.0,-0.0,-1.0",23.0,23.0,6.082762718200684,0,0,0,0,0,0,0,0.0,0.0,6.0,0.0,4.304261741637032e+21,3.725290298461914e-05,
0,navstack-1709204551778,navstack,Static,HandCrafted,,,1709204569,236346244,"builtin_interfaces.msg.Time(sec=1709204561, nanosec=716346263)",120.0,Handcrafted_LabStudy,1,3,"-12.0,-0.0,0.5","-0.0,0.0,-0.0,-1.0","11.0,-0.0,0.0","-0.0,0.0,-0.0,-1.0",23.0,23.0,6.082762718200684,0,0,0,0,0,0,0,0.0,0.0,6.0,0.0,4.303977413243298e+21,3.725290298461914e-05,
0,navstack-1709204551778,navstack,Static,HandCrafted,,,1709204569,256346225,"builtin_interfaces.msg.Time(sec=1709204561, nanosec=716346263)",120.0,Handcrafted_LabStudy,1,3,"-12.0,-0.0,0.5","-0.0,0.0,-0.0,-1.0","11.0,-0.0,0.0","-0.0,0.0,-0.0,-1.0",23.0,23.0,6.082762718200684,0,0,0,0,0,0,0,0.0,0.0,6.0,0.0,4.304261741637032e+21,7.450580596923828e-05,
0,navstack-1709204551778,navstack,Static,HandCrafted,,,1709204569,276346206,"builtin_interfaces.msg.Time(sec=1709204561, nanosec=716346263)",120.0,Handcrafted_LabStudy,1,3,"-12.0,-0.0,0.5","-0.0,0.0,-0.0,-1.0","11.0,-0.0,0.0","-0.0,0.0,-0.0,-1.0",23.0,23.0,6.082762718200684,0,0,0,0,0,0,0,0.0,0.0,6.0,0.0,4.303977413243298e+21,7.450580596923828e-05,
0,navstack-1709204551778,navstack,Static,HandCrafted,,,1709204569,296346187,"builtin_interfaces.msg.Time(sec=1709204561, nanosec=716346263)",120.0,Handcrafted_LabStudy,1,3,"-12.0,-0.0,0.5","-0.0,0.0,-0.0,-1.0","11.0,-0.0,0.0","-0.0,0.0,-0.0,-1.0",23.0,23.0,6.082762718200684,0,0,0,0,0,0,0,0.0,0.0,6.0,0.0,4.304261741637032e+21,7.450580596923828e-05,
0,navstack-1709204551778,navstack,Static,HandCrafted,,,1709204569,296346187,"builtin_interfaces.msg.Time(sec=1709204561, nanosec=716346263)",120.0,Handcrafted_LabStudy,1,3,"-12.0,-0.0,0.5","-0.0,0.0,-0.0,-1.0","11.0,-0.0,0.0","-0.0,0.0,-0.0,-1.0",23.0,23.0,6.082762718200684,0,0,0,0,0,0,0,0.0,0.0,6.0,0.0,4.304261741637032e+21,3.725290298461914e-05,
0,navstack-1709204551778,navstack,Static,HandCrafted,,,1709204569,316346168,"builtin_interfaces.msg.Time(sec=1709204561, nanosec=716346263)",120.0,Handcrafted_LabStudy,1,3,"-12.0,-0.0,0.5","-0.0,0.0,-0.0,-1.0","11.0,-0.0,0.0","-0.0,0.0,-0.0,-1.0",23.0,23.0,6.082762718200684,0,0,0,0,0,0,0,0.0,0.0,6.0,0.0,4.303977413243298e+21,3.725290298461914e-05,
0,navstack-1709204551778,navstack,Static,HandCrafted,,,1709204569,316346168,"builtin_interfaces.msg.Time(sec=1709204561, nanosec=716346263)",120.0,Handcrafted_LabStudy,1,3,"-12.0,-0.0,0.5","-0.0,0.0,-0.0,-1.0","11.0,-0.0,0.0","-0.0,0.0,-0.0,-1.0",23.0,23.0,6.082762718200684,0,0,0,0,0,0,0,0.0,0.0,6.0,0.0,4.303977413243298e+21,3.725290298461914e-05,
0,navstack-1709204551778,navstack,Static,HandCrafted,,,1709204569,336346149,"builtin_interfaces.msg.Time(sec=1709204561, nanosec=716346263)",120.0,Handcrafted_LabStudy,1,3,"-12.0,-0.0,0.5","-0.0,0.0,-0.0,-1.0","11.0,-0.0,0.0","-0.0,0.0,-0.0,-1.0",23.0,23.0,6.082762718200684,0,0,0,0,0,0,0,0.0,0.0,6.0,0.0,4.304261741637032e+21,3.725290298461914e-05,
0,navstack-1709204551778,navstack,Static,HandCrafted,,,1709204569,336346149,"builtin_interfaces.msg.Time(sec=1709204561, nanosec=716346263)",120.0,Handcrafted_LabStudy,1,3,"-12.0,-0.0,0.5","-0.0,0.0,-0.0,-1.0","11.0,-0.0,0.0","-0.0,0.0,-0.0,-1.0",23.0,23.0,6.082762718200684,0,0,0,0,0,0,0,0.0,0.0,6.0,0.0,4.304261741637032e+21,3.725290298461914e-05,
0,navstack-1709204551778,navstack,Static,HandCrafted,,,1709204569,356345891,"builtin_interfaces.msg.Time(sec=1709204561, nanosec=716346263)",120.0,Handcrafted_LabStudy,1,3,"-12.0,-0.0,0.5","-0.0,0.0,-0.0,-1.0","11.0,-0.0,0.0","-0.0,0.0,-0.0,-1.0",23.0,23.0,6.082762718200684,0,0,0,0,0,0,0,0.0,0.0,6.0,0.0,4.303977413243298e+21,3.725290298461914e-05,
0,navstack-1709204551778,navstack,Static,HandCrafted,,,1709204569,356345891,"builtin_interfaces.msg.Time(sec=1709204561, nanosec=716346263)",120.0,Handcrafted_LabStudy,1,3,"-12.0,-0.0,0.5","-0.0,0.0,-0.0,-1.0","11.0,-0.0,0.0","-0.0,0.0,-0.0,-1.0",23.0,23.0,6.082762718200684,0,0,0,0,0,0,0,0.0,0.0,6.0,0.0,4.303977413243298e+21,3.725290298461914e-05,
0,navstack-1709204551778,navstack,Static,HandCrafted,,,1709204569,376345872,"builtin_interfaces.msg.Time(sec=1709204561, nanosec=716346263)",120.0,Handcrafted_LabStudy,1,3,"-12.0,-0.0,0.5","-0.0,0.0,-0.0,-1.0","11.0,-0.0,0.0","-0.0,0.0,-0.0,-1.0",23.0,23.0,6.082762718200684,0,0,0,0,0,0,0,0.0,0.0,6.0,0.0,4.304261741637032e+21,3.725290298461914e-05,
0,navstack-1709204551778,navstack,Static,HandCrafted,,,1709204569,376345872,"builtin_interfaces.msg.Time(sec=1709204561, nanosec=716346263)",120.0,Handcrafted_LabStudy,1,3,"-12.0,-0.0,0.5","-0.0,0.0,-0.0,-1.0","11.0,-0.0,0.0","-0.0,0.0,-0.0,-1.0",23.0,23.0,6.082762718200684,0,0,0,0,0,0,0,0.0,0.0,6.0,0.0,4.304261741637032e+21,3.725290298461914e-05,
0,navstack-1709204551778,navstack,Static,HandCrafted,,,1709204569,396345853,"builtin_interfaces.msg.Time(sec=1709204561, nanosec=716346263)",120.0,Handcrafted_LabStudy,1,3,"-12.0,-0.0,0.5","-0.0,0.0,-0.0,-1.0","11.0,-0.0,0.0","-0.0,0.0,-0.0,-1.0",23.0,23.0,6.082762718200684,0,0,0,0,0,0,0,0.0,0.0,6.0,0.0,4.303977413243298e+21,3.725290298461914e-05,
0,navstack-1709204551778,navstack,Static,HandCrafted,,,1709204569,396345853,"builtin_interfaces.msg.Time(sec=1709204561, nanosec=716346263)",120.0,Handcrafted_LabStudy,1,3,"-12.0,-0.0,0.5","-0.0,0.0,-0.0,-1.0","11.0,-0.0,0.0","-0.0,0.0,-0.0,-1.0",23.0,23.0,6.082762718200684,0,0,0,0,0,0,0,0.0,0.0,6.0,0.0,4.303977413243298e+21,3.725290298461914e-05,
0,navstack-1709204551778,navstack,Static,HandCrafted,,,1709204569,416345834,"builtin_interfaces.msg.Time(sec=1709204561, nanosec=716346263)",120.0,Handcrafted_LabStudy,1,3,"-12.0,-0.0,0.5","-0.0,0.0,-0.0,-1.0","11.0,-0.0,0.0","-0.0,0.0,-0.0,-1.0",23.0,23.0,6.082762718200684,0,0,0,0,0,0,0,0.0,0.0,6.0,0.0,4.304261741637032e+21,3.725290298461914e-05,
0,navstack-1709204551778,navstack,Static,HandCrafted,,,1709204569,416345834,"builtin_interfaces.msg.Time(sec=1709204561, nanosec=716346263)",120.0,Handcrafted_LabStudy,1,3,"-12.0,-0.0,0.5","-0.0,0.0,-0.0,-1.0","11.0,-0.0,0.0","-0.0,0.0,-0.0,-1.0",23.0,23.0,6.082762718200684,0,0,0,0,0,0,0,0.0,0.0,6.0,0.0,4.304261741637032e+21,3.725290298461914e-05,
0,navstack-1709204551778,navstack,Static,HandCrafted,,,1709204569,436346054,"builtin_interfaces.msg.Time(sec=1709204561, nanosec=716346263)",120.0,Handcrafted_LabStudy,1,3,"-12.0,-0.0,0.5","-0.0,0.0,-0.0,-1.0","11.0,-0.0,0.0","-0.0,0.0,-0.0,-1.0",23.0,23.0,6.082762718200684,0,0,0,0,0,0,0,0.0,0.0,6.0,0.0,4.303977413243298e+21,3.725290298461914e-05,
0,navstack-1709204551778,navstack,Static,HandCrafted,,,1709204569,436346054,"builtin_interfaces.msg.Time(sec=1709204561, nanosec=716346263)",120.0,Handcrafted_LabStudy,1,3,"-12.0,-0.0,0.5","-0.0,0.0,-0.0,-1.0","11.0,-0.0,0.0","-0.0,0.0,-0.0,-1.0",23.0,23.0,6.082762718200684,0,0,0,0,0,0,0,0.0,0.0,6.0,0.0,4.303977413243298e+21,3.725290298461914e-05,
0,navstack-1709204551778,navstack,Static,HandCrafted,,,1709204569,436346054,"builtin_interfaces.msg.Time(sec=1709204561, nanosec=716346263)",120.0,Handcrafted_LabStudy,1,3,"-12.0,-0.0,0.5","-0.0,0.0,-0.0,-1.0","11.0,-0.0,0.0","-0.0,0.0,-0.0,-1.0",23.0,23.0,6.082762718200684,0,0,0,0,0,0,0,0.0,0.0,6.0,0.0,4.303977413243298e+21,0.0,
0,navstack-1709204551778,navstack,Static,HandCrafted,,,1709204569,456346035,"builtin_interfaces.msg.Time(sec=1709204561, nanosec=716346263)",120.0,Handcrafted_LabStudy,1,3,"-12.0,-0.0,0.5","-0.0,0.0,-0.0,-1.0","11.0,-0.0,0.0","-0.0,0.0,-0.0,-1.0",23.0,23.0,6.082762718200684,0,0,0,0,0,0,0,0.0,0.0,6.0,0.0,4.304261741637032e+21,3.725290298461914e-05,
0,navstack-1709204551778,navstack,Static,HandCrafted,,,1709204569,476346015,"builtin_interfaces.msg.Time(sec=1709204561, nanosec=716346263)",120.0,Handcrafted_LabStudy,1,3,"-12.0,-0.0,0.5","-0.0,0.0,-0.0,-1.0","11.0,-0.0,0.0","-0.0,0.0,-0.0,-1.0",23.0,23.0,6.082762718200684,0,0,0,0,0,0,0,0.0,0.0,6.0,0.0,4.303977413243298e+21,7.450580596923828e-05,
0,navstack-1709204551778,navstack,Static,HandCrafted,,,1709204569,476346015,"builtin_interfaces.msg.Time(sec=1709204561, nanosec=716346263)",120.0,Handcrafted_LabStudy,1,3,"-12.0,-0.0,0.5","-0.0,0.0,-0.0,-1.0","11.0,-0.0,0.0","-0.0,0.0,-0.0,-1.0",23.0,23.0,6.082762718200684,0,0,0,0,0,0,0,0.0,0.0,6.0,0.0,4.303977413243298e+21,3.725290298461914e-05,
0,navstack-1709204551778,navstack,Static,HandCrafted,,,1709204569,496345996,"builtin_interfaces.msg.Time(sec=1709204561, nanosec=716346263)",120.0,Handcrafted_LabStudy,1,3,"-12.0,-0.0,0.5","-0.0,0.0,-0.0,-1.0","11.0,-0.0,0.0","-0.0,0.0,-0.0,-1.0",23.0,23.0,6.082762718200684,0,0,0,0,0,0,0,0.0,0.0,6.0,0.0,4.304261741637032e+21,3.725290298461914e-05,
0,navstack-1709204551778,navstack,Static,HandCrafted,,,1709204569,516345977,"builtin_interfaces.msg.Time(sec=1709204561, nanosec=716346263)",120.0,Handcrafted_LabStudy,1,3,"-12.0,-0.0,0.5","-0.0,0.0,-0.0,-1.0","11.0,-0.0,0.0","-0.0,0.0,-0.0,-1.0",23.0,23.0,6.082762718200684,0,0,0,0,0,0,0,0.0,0.0,6.0,0.0,4.303977413243298e+21,7.450580596923828e-05,
0,navstack-1709204551778,navstack,Static,HandCrafted,,,1709204569,516345977,"builtin_interfaces.msg.Time(sec=1709204561, nanosec=716346263)",120.0,Handcrafted_LabStudy,1,3,"-12.0,-0.0,0.5","-0.0,0.0,-0.0,-1.0","11.0,-0.0,0.0","-0.0,0.0,-0.0,-1.0",23.0,23.0,6.082762718200684,0,0,0,0,0,0,0,0.0,0.0,6.0,0.0,4.303977413243298e+21,3.725290298461914e-05,
0,navstack-1709204551778,navstack,Static,HandCrafted,,,1709204569,536345958,"builtin_interfaces.msg.Time(sec=1709204561, nanosec=716346263)",120.0,Handcrafted_LabStudy,1,3,"-12.0,-0.0,0.5","-0.0,0.0,-0.0,-1.0","11.0,-0.0,0.0","-0.0,0.0,-0.0,-1.0",23.0,23.0,6.082762718200684,0,0,0,0,0,0,0,0.0,0.0,6.0,0.0,4.304261741637032e+21,3.725290298461914e-05,
0,navstack-1709204551778,navstack,Static,HandCrafted,,,1709204569,556345939,"builtin_interfaces.msg.Time(sec=1709204561, nanosec=716346263)",120.0,Handcrafted_LabStudy,1,3,"-12.0,-0.0,0.5","-0.0,0.0,-0.0,-1.0","11.0,-0.0,0.0","-0.0,0.0,-0.0,-1.0",23.0,23.0,6.082762718200684,0,0,0,0,0,0,0,0.0,0.0,6.0,0.0,4.303977413243298e+21,7.450580596923828e-05,
0,navstack-1709204551778,navstack,Static,HandCrafted,,,1709204569,556345939,"builtin_interfaces.msg.Time(sec=1709204561, nanosec=716346263)",120.0,Handcrafted_LabStudy,1,3,"-12.0,-0.0,0.5","-0.0,0.0,-0.0,-1.0","11.0,-0.0,0.0","-0.0,0.0,-0.0,-1.0",23.0,23.0,6.082762718200684,0,0,0,0,0,0,0,0.0,0.0,6.0,0.0,4.303977413243298e+21,3.725290298461914e-05,
0,navstack-1709204551778,navstack,Static,HandCrafted,,,1709204569,576345920,"builtin_interfaces.msg.Time(sec=1709204561, nanosec=716346263)",120.0,Handcrafted_LabStudy,1,3,"-12.0,-0.0,0.5","-0.0,0.0,-0.0,-1.0","11.0,-0.0,0.0","-0.0,0.0,-0.0,-1.0",23.0,23.0,6.082762718200684,0,0,0,0,0,0,0,0.0,0.0,6.0,0.0,4.304261741637032e+21,3.725290298461914e-05,
0,navstack-1709204551778,navstack,Static,HandCrafted,,,1709204569,596345901,"builtin_interfaces.msg.Time(sec=1709204561, nanosec=716346263)",120.0,Handcrafted_LabStudy,1,3,"-12.0,-0.0,0.5","-0.0,0.0,-0.0,-1.0","11.0,-0.0,0.0","-0.0,0.0,-0.0,-1.0",23.0,23.0,6.082762718200684,0,0,0,0,0,0,0,0.0,0.0,6.0,0.0,4.303977413243298e+21,7.450580596923828e-05,
0,navstack-1709204551778,navstack,Static,HandCrafted,,,1709204569,616345643,"builtin_interfaces.msg.Time(sec=1709204561, nanosec=716346263)",120.0,Handcrafted_LabStudy,1,3,"-12.0,-0.0,0.5","-0.0,0.0,-0.0,-1.0","11.0,-0.0,0.0","-0.0,0.0,-0.0,-1.0",23.0,23.0,6.082762718200684,0,0,0,0,0,0,0,0.0,0.0,6.0,0.0,4.304261741637032e+21,7.450580596923828e-05,
0,navstack-1709204551778,navstack,Static,HandCrafted,,,1709204569,616345643,"builtin_interfaces.msg.Time(sec=1709204561, nanosec=716346263)",120.0,Handcrafted_LabStudy,1,3,"-12.0,-0.0,0.5","-0.0,0.0,-0.0,-1.0","11.0,-0.0,0.0","-0.0,0.0,-0.0,-1.0",23.0,23.0,6.082762718200684,0,0,0,0,0,0,0,0.0,0.0,6.0,0.0,4.304261741637032e+21,3.725290298461914e-05,
0,navstack-1709204551778,navstack,Static,HandCrafted,,,1709204569,636345624,"builtin_interfaces.msg.Time(sec=1709204561, nanosec=716346263)",120.0,Handcrafted_LabStudy,1,3,"-12.0,-0.0,0.5","-0.0,0.0,-0.0,-1.0","11.0,-0.0,0.0","-0.0,0.0,-0.0,-1.0",23.0,23.0,6.082762718200684,0,0,0,0,0,0,0,0.0,0.0,6.0,0.0,4.303977413243298e+21,3.725290298461914e-05,
0,navstack-1709204551778,navstack,Static,HandCrafted,,,1709204569,636345624,"builtin_interfaces.msg.Time(sec=1709204561, nanosec=716346263)",120.0,Handcrafted_LabStudy,1,3,"-12.0,-0.0,0.5","-0.0,0.0,-0.0,-1.0","11.0,-0.0,0.0","-0.0,0.0,-0.0,-1.0",23.0,23.0,6.082762718200684,0,0,0,0,0,0,0,0.0,0.0,6.0,0.0,4.303977413243298e+21,3.725290298461914e-05,
0,navstack-1709204551778,navstack,Static,HandCrafted,,,1709204569,656346082,"builtin_interfaces.msg.Time(sec=1709204561, nanosec=716346263)",120.0,Handcrafted_LabStudy,1,3,"-12.0,-0.0,0.5","-0.0,0.0,-0.0,-1.0","11.0,-0.0,0.0","-0.0,0.0,-0.0,-1.0",23.0,23.0,6.082762718200684,0,0,0,0,0,0,0,0.0,0.0,6.0,0.0,4.304261741637032e+21,3.725290298461914e-05,
0,navstack-1709204551778,navstack,Static,HandCrafted,,,1709204569,656346082,"builtin_interfaces.msg.Time(sec=1709204561, nanosec=716346263)",120.0,Handcrafted_LabStudy,1,3,"-12.0,-0.0,0.5","-0.0,0.0,-0.0,-1.0","11.0,-0.0,0.0","-0.0,0.0,-0.0,-1.0",23.0,23.0,6.082762718200684,0,0,0,0,0,0,0,0.0,0.0,6.0,0.0,4.304261741637032e+21,3.725290298461914e-05,
0,navstack-1709204551778,navstack,Static,HandCrafted,,,1709204569,676346302,"builtin_interfaces.msg.Time(sec=1709204561, nanosec=716346263)",120.0,Handcrafted_LabStudy,1,3,"-12.0,-0.0,0.5","-0.0,0.0,-0.0,-1.0","11.0,-0.0,0.0","-0.0,0.0,-0.0,-1.0",23.0,23.0,6.082762718200684,0,0,0,0,0,0,0,0.0,0.0,6.0,0.0,4.303977413243298e+21,3.725290298461914e-05,
0,navstack-1709204551778,navstack,Static,HandCrafted,,,1709204569,676346302,"builtin_interfaces.msg.Time(sec=1709204561, nanosec=716346263)",120.0,Handcrafted_LabStudy,1,3,"-12.0,-0.0,0.5","-0.0,0.0,-0.0,-1.0","11.0,-0.0,0.0","-0.0,0.0,-0.0,-1.0",23.0,23.0,6.082762718200684,0,0,0,0,0,0,0,0.0,0.0,6.0,0.0,4.303977413243298e+21,3.725290298461914e-05,
0,navstack-1709204551778,navstack,Static,HandCrafted,,,1709204569,696346282,"builtin_interfaces.msg.Time(sec=1709204561, nanosec=716346263)",120.0,Handcrafted_LabStudy,1,3,"-12.0,-0.0,0.5","-0.0,0.0,-0.0,-1.0","11.0,-0.0,0.0","-0.0,0.0,-0.0,-1.0",23.0,23.0,6.082762718200684,0,0,0,0,0,0,0,0.0,0.0,6.0,0.0,4.304261741637032e+21,3.725290298461914e-05,
0,navstack-1709204551778,navstack,Static,HandCrafted,,,1709204569,696346282,"builtin_interfaces.msg.Time(sec=1709204561, nanosec=716346263)",120.0,Handcrafted_LabStudy,1,3,"-12.0,-0.0,0.5","-0.0,0.0,-0.0,-1.0","11.0,-0.0,0.0","-0.0,0.0,-0.0,-1.0",23.0,23.0,6.082762718200684,0,0,0,0,0,0,0,0.0,0.0,6.0,0.0,4.304261741637032e+21,3.725290298461914e-05,
0,navstack-1709204551778,navstack,Static,HandCrafted,,,1709204569,716346263,"builtin_interfaces.msg.Time(sec=1709204561, nanosec=716346263)",120.0,Handcrafted_LabStudy,1,3,"-12.0,-0.0,0.5","-0.0,0.0,-0.0,-1.0","11.0,-0.0,0.0","-0.0,0.0,-0.0,-1.0",23.0,23.0,6.082762718200684,0,0,0,0,0,0,0,0.0,0.0,6.0,0.0,4.303977413243298e+21,3.725290298461914e-05,
0,navstack-1709204551778,navstack,Static,HandCrafted,,,1709204569,716346263,"builtin_interfaces.msg.Time(sec=1709204561, nanosec=716346263)",120.0,Handcrafted_LabStudy,1,3,"-12.0,-0.0,0.5","-0.0,0.0,-0.0,-1.0","11.0,-0.0,0.0","-0.0,0.0,-0.0,-1.0",23.0,23.0,6.082762718200684,0,0,0,0,0,0,0,0.0,0.0,6.0,0.0,4.303977413243298e+21,3.725290298461914e-05,
0,navstack-1709204551778,navstack,Static,HandCrafted,,,1709204569,736345767,"builtin_interfaces.msg.Time(sec=1709204561, nanosec=716346263)",120.0,Handcrafted_LabStudy,1,3,"-12.0,-0.0,0.5","-0.0,0.0,-0.0,-1.0","11.0,-0.0,0.0","-0.0,0.0,-0.0,-1.0",23.0,23.0,6.082762718200684,0,0,0,0,0,0,0,0.0,0.0,6.0,0.0,4.304261741637032e+21,3.725290298461914e-05,
0,navstack-1709204551778,navstack,Static,HandCrafted,,,1709204569,736345767,"builtin_interfaces.msg.Time(sec=1709204561, nanosec=716346263)",120.0,Handcrafted_LabStudy,1,3,"-12.0,-0.0,0.5","-0.0,0.0,-0.0,-1.0","11.0,-0.0,0.0","-0.0,0.0,-0.0,-1.0",23.0,23.0,6.082762718200684,0,0,0,0,0,0,0,0.0,0.0,6.0,0.0,4.304261741637032e+21,3.725290298461914e-05,
0,navstack-1709204551778,navstack,Static,HandCrafted,,,1709204569,756346225,"builtin_interfaces.msg.Time(sec=1709204561, nanosec=716346263)",120.0,Handcrafted_LabStudy,1,3,"-12.0,-0.0,0.5","-0.0,0.0,-0.0,-1.0","11.0,-0.0,0.0","-0.0,0.0,-0.0,-1.0",23.0,23.0,6.082762718200684,0,0,0,0,0,0,0,0.0,0.0,6.0,0.0,4.303977413243298e+21,3.725290298461914e-05,
0,navstack-1709204551778,navstack,Static,HandCrafted,,,1709204569,756346225,"builtin_interfaces.msg.Time(sec=1709204561, nanosec=716346263)",120.0,Handcrafted_LabStudy,1,3,"-12.0,-0.0,0.5","-0.0,0.0,-0.0,-1.0","11.0,-0.0,0.0","-0.0,0.0,-0.0,-1.0",23.0,23.0,6.082762718200684,0,0,0,0,0,0,0,0.0,0.0,6.0,0.0,4.303977413243298e+21,3.725290298461914e-05,
0,navstack-1709204551778,navstack,Static,HandCrafted,,,1709204569,776345729,"builtin_interfaces.msg.Time(sec=1709204561, nanosec=716346263)",120.0,Handcrafted_LabStudy,1,3,"-12.0,-0.0,0.5","-0.0,0.0,-0.0,-1.0","11.0,-0.0,0.0","-0.0,0.0,-0.0,-1.0",23.0,23.0,6.082762718200684,0,0,0,0,0,0,0,0.0,0.0,6.0,0.0,4.304261741637032e+21,3.725290298461914e-05,
0,navstack-1709204551778,navstack,Static,HandCrafted,,,1709204569,796346187,"builtin_interfaces.msg.Time(sec=1709204561, nanosec=716346263)",120.0,Handcrafted_LabStudy,1,3,"-12.0,-0.0,0.5","-0.0,0.0,-0.0,-1.0","11.0,-0.0,0.0","-0.0,0.0,-0.0,-1.0",23.0,23.0,6.082762718200684,0,0,0,0,0,0,0,0.0,0.0,6.0,0.0,4.303977413243298e+21,7.450580596923828e-05,
0,navstack-1709204551778,navstack,Static,HandCrafted,,,1709204569,796346187,"builtin_interfaces.msg.Time(sec=1709204561, nanosec=716346263)",120.0,Handcrafted_LabStudy,1,3,"-12.0,-0.0,0.5","-0.0,0.0,-0.0,-1.0","11.0,-0.0,0.0","-0.0,0.0,-0.0,-1.0",23.0,23.0,6.082762718200684,0,0,0,0,0,0,0,0.0,0.0,6.0,0.0,4.303977413243298e+21,3.725290298461914e-05,
0,navstack-1709204551778,navstack,Static,HandCrafted,,,1709204569,796346187,"builtin_interfaces.msg.Time(sec=1709204561, nanosec=716346263)",120.0,Handcrafted_LabStudy,1,3,"-12.0,-0.0,0.5","-0.0,0.0,-0.0,-1.0","11.0,-0.0,0.0","-0.0,0.0,-0.0,-1.0",23.0,23.0,6.082762718200684,0,0,0,0,0,0,0,0.0,0.0,7.0,0.0,4.303977413243298e+21,0.0,
0,navstack-1709204551778,navstack,Static,HandCrafted,,,1709204569,816345691,"builtin_interfaces.msg.Time(sec=1709204561, nanosec=716346263)",120.0,Handcrafted_LabStudy,1,3,"-12.0,-0.0,0.5","-0.0,0.0,-0.0,-1.0","11.0,-0.0,0.0","-0.0,0.0,-0.0,-1.0",23.0,23.0,6.082762718200684,0,0,0,0,0,0,0,0.0,0.0,7.0,0.0,4.304261741637032e+21,3.725290298461914e-05,
0,navstack-1709204551778,navstack,Static,HandCrafted,,,1709204569,836346149,"builtin_interfaces.msg.Time(sec=1709204561, nanosec=716346263)",120.0,Handcrafted_LabStudy,1,3,"-12.0,-0.0,0.5","-0.0,0.0,-0.0,-1.0","11.0,-0.0,0.0","-0.0,0.0,-0.0,-1.0",23.0,23.0,6.082762718200684,0,0,0,0,0,0,0,0.0,0.0,7.0,0.0,4.303977413243298e+21,7.450580596923828e-05,
0,navstack-1709204551778,navstack,Static,HandCrafted,,,1709204569,856345653,"builtin_interfaces.msg.Time(sec=1709204561, nanosec=716346263)",120.0,Handcrafted_LabStudy,1,3,"-12.0,-0.0,0.5","-0.0,0.0,-0.0,-1.0","11.0,-0.0,0.0","-0.0,0.0,-0.0,-1.0",23.0,23.0,6.082762718200684,0,0,0,0,0,0,0,0.0,0.0,7.0,0.0,4.304261741637032e+21,7.450580596923828e-05,
0,navstack-1709204551778,navstack,Static,HandCrafted,,,1709204569,856345653,"builtin_interfaces.msg.Time(sec=1709204561, nanosec=716346263)",120.0,Handcrafted_LabStudy,1,3,"-12.0,-0.0,0.5","-0.0,0.0,-0.0,-1.0","11.0,-0.0,0.0","-0.0,0.0,-0.0,-1.0",23.0,23.0,6.082762718200684,0,0,0,0,0,0,0,0.0,0.0,7.0,0.0,4.304261741637032e+21,3.725290298461914e-05,
0,navstack-1709204551778,navstack,Static,HandCrafted,,,1709204569,876345872,"builtin_interfaces.msg.Time(sec=1709204561, nanosec=716346263)",120.0,Handcrafted_LabStudy,1,3,"-12.0,-0.0,0.5","-0.0,0.0,-0.0,-1.0","11.0,-0.0,0.0","-0.0,0.0,-0.0,-1.0",23.0,23.0,6.082762718200684,0,0,0,0,0,0,0,0.0,0.0,7.0,0.0,4.303977413243298e+21,3.725290298461914e-05,
0,navstack-1709204551778,navstack,Static,HandCrafted,,,1709204569,896345376,"builtin_interfaces.msg.Time(sec=1709204561, nanosec=716346263)",120.0,Handcrafted_LabStudy,1,3,"-12.0,-0.0,0.5","-0.0,0.0,-0.0,-1.0","11.0,-0.0,0.0","-0.0,0.0,-0.0,-1.0",23.0,23.0,6.082762718200684,0,0,0,0,0,0,0,0.0,0.0,7.0,0.0,4.304261741637032e+21,7.450580596923828e-05,
0,navstack-1709204551778,navstack,Static,HandCrafted,,,1709204569,896345376,"builtin_interfaces.msg.Time(sec=1709204561, nanosec=716346263)",120.0,Handcrafted_LabStudy,1,3,"-12.0,-0.0,0.5","-0.0,0.0,-0.0,-1.0","11.0,-0.0,0.0","-0.0,0.0,-0.0,-1.0",23.0,23.0,6.082762718200684,0,0,0,0,0,0,0,0.0,0.0,7.0,0.0,4.304261741637032e+21,3.725290298461914e-05,
0,navstack-1709204551778,navstack,Static,HandCrafted,,,1709204569,916345834,"builtin_interfaces.msg.Time(sec=1709204561, nanosec=716346263)",120.0,Handcrafted_LabStudy,1,3,"-12.0,-0.0,0.5","-0.0,0.0,-0.0,-1.0","11.0,-0.0,0.0","-0.0,0.0,-0.0,-1.0",23.0,23.0,6.082762718200684,0,0,0,0,0,0,0,0.0,0.0,7.0,0.0,4.303977413243298e+21,3.725290298461914e-05,
0,navstack-1709204551778,navstack,Static,HandCrafted,,,1709204569,916345834,"builtin_interfaces.msg.Time(sec=1709204561, nanosec=716346263)",120.0,Handcrafted_LabStudy,1,3,"-12.0,-0.0,0.5","-0.0,0.0,-0.0,-1.0","11.0,-0.0,0.0","-0.0,0.0,-0.0,-1.0",23.0,23.0,6.082762718200684,0,0,0,0,0,0,0,0.0,0.0,7.0,0.0,4.303977413243298e+21,3.725290298461914e-05,
0,navstack-1709204551778,navstack,Static,HandCrafted,,,1709204569,936346530,"builtin_interfaces.msg.Time(sec=1709204561, nanosec=716346263)",120.0,Handcrafted_LabStudy,1,3,"-12.0,-0.0,0.5","-0.0,0.0,-0.0,-1.0","11.0,-0.0,0.0","-0.0,0.0,-0.0,-1.0",23.0,23.0,6.082762718200684,0,0,0,0,0,0,0,0.0,0.0,7.0,0.0,4.304261741637032e+21,3.725290298461914e-05,
0,navstack-1709204551778,navstack,Static,HandCrafted,,,1709204569,936346530,"builtin_interfaces.msg.Time(sec=1709204561, nanosec=716346263)",120.0,Handcrafted_LabStudy,1,3,"-12.0,-0.0,0.5","-0.0,0.0,-0.0,-1.0","11.0,-0.0,0.0","-0.0,0.0,-0.0,-1.0",23.0,23.0,6.082762718200684,0,0,0,0,0,0,0,0.0,0.0,7.0,0.0,4.304261741637032e+21,3.725290298461914e-05,
0,navstack-1709204551778,navstack,Static,HandCrafted,,,1709204569,956346035,"builtin_interfaces.msg.Time(sec=1709204561, nanosec=716346263)",120.0,Handcrafted_LabStudy,1,3,"-12.0,-0.0,0.5","-0.0,0.0,-0.0,-1.0","11.0,-0.0,0.0","-0.0,0.0,-0.0,-1.0",23.0,23.0,6.082762718200684,0,0,0,0,0,0,0,0.0,0.0,7.0,0.0,4.303977413243298e+21,3.725290298461914e-05,
0,navstack-1709204551778,navstack,Static,HandCrafted,,,1709204569,956346035,"builtin_interfaces.msg.Time(sec=1709204561, nanosec=716346263)",120.0,Handcrafted_LabStudy,1,3,"-12.0,-0.0,0.5","-0.0,0.0,-0.0,-1.0","11.0,-0.0,0.0","-0.0,0.0,-0.0,-1.0",23.0,23.0,6.082762718200684,0,0,0,0,0,0,0,0.0,0.0,7.0,0.0,4.303977413243298e+21,3.725290298461914e-05,
0,navstack-1709204551778,navstack,Static,HandCrafted,,,1709204569,976346492,"builtin_interfaces.msg.Time(sec=1709204561, nanosec=716346263)",120.0,Handcrafted_LabStudy,1,3,"-12.0,-0.0,0.5","-0.0,0.0,-0.0,-1.0","11.0,-0.0,0.0","-0.0,0.0,-0.0,-1.0",23.0,23.0,6.082762718200684,0,0,0,0,0,0,0,0.0,0.0,7.0,0.0,4.304261741637032e+21,3.725290298461914e-05,
0,navstack-1709204551778,navstack,Static,HandCrafted,,,1709204569,976346492,"builtin_interfaces.msg.Time(sec=1709204561, nanosec=716346263)",120.0,Handcrafted_LabStudy,1,3,"-12.0,-0.0,0.5","-0.0,0.0,-0.0,-1.0","11.0,-0.0,0.0","-0.0,0.0,-0.0,-1.0",23.0,23.0,6.082762718200684,0,0,0,0,0,0,0,0.0,0.0,7.0,0.0,4.304261741637032e+21,3.725290298461914e-05,
0,navstack-1709204551778,navstack,Static,HandCrafted,,,1709204569,996345996,"builtin_interfaces.msg.Time(sec=1709204561, nanosec=716346263)",120.0,Handcrafted_LabStudy,1,3,"-12.0,-0.0,0.5","-0.0,0.0,-0.0,-1.0","11.0,-0.0,0.0","-0.0,0.0,-0.0,-1.0",23.0,23.0,6.082762718200684,0,0,0,0,0,0,0,0.0,0.0,7.0,0.0,4.303977413243298e+21,3.725290298461914e-05,
0,navstack-1709204551778,navstack,Static,HandCrafted,,,1709204569,996345996,"builtin_interfaces.msg.Time(sec=1709204561, nanosec=716346263)",120.0,Handcrafted_LabStudy,1,3,"-12.0,-0.0,0.5","-0.0,0.0,-0.0,-1.0","11.0,-0.0,0.0","-0.0,0.0,-0.0,-1.0",23.0,23.0,6.082762718200684,0,0,0,0,0,0,0,0.0,0.0,7.0,0.0,4.303977413243298e+21,3.725290298461914e-05,
0,navstack-1709204551778,navstack,Static,HandCrafted,,,1709204569,996345996,"builtin_interfaces.msg.Time(sec=1709204561, nanosec=716346263)",120.0,Handcrafted_LabStudy,1,3,"-12.0,-0.0,0.5","-0.0,0.0,-0.0,-1.0","11.0,-0.0,0.0","-0.0,0.0,-0.0,-1.0",23.0,23.0,6.082762718200684,0,0,0,0,0,0,0,0.0,0.0,7.0,0.0,4.303977413243298e+21,0.0,
0,navstack-1709204551778,navstack,Static,HandCrafted,,,1709204570,16346454,"builtin_interfaces.msg.Time(sec=1709204561, nanosec=716346263)",120.0,Handcrafted_LabStudy,1,3,"-12.0,-0.0,0.5","-0.0,0.0,-0.0,-1.0","11.0,-0.0,0.0","-0.0,0.0,-0.0,-1.0",23.0,23.0,6.082762718200684,0,0,0,0,0,0,0,0.0,0.0,7.0,0.0,4.304261741637032e+21,3.725290298461914e-05,
0,navstack-1709204551778,navstack,Static,HandCrafted,,,1709204570,36345958,"builtin_interfaces.msg.Time(sec=1709204561, nanosec=716346263)",120.0,Handcrafted_LabStudy,1,3,"-12.0,-0.0,0.5","-0.0,0.0,-0.0,-1.0","11.0,-0.0,0.0","-0.0,0.0,-0.0,-1.0",23.0,23.0,6.082762718200684,0,0,0,0,0,0,0,0.0,0.0,7.0,0.0,4.303977413243298e+21,7.450580596923828e-05,
0,navstack-1709204551778,navstack,Static,HandCrafted,,,1709204570,36345958,"builtin_interfaces.msg.Time(sec=1709204561, nanosec=716346263)",120.0,Handcrafted_LabStudy,1,3,"-12.0,-0.0,0.5","-0.0,0.0,-0.0,-1.0","11.0,-0.0,0.0","-0.0,0.0,-0.0,-1.0",23.0,23.0,6.082762718200684,0,0,0,0,0,0,0,0.0,0.0,7.0,0.0,4.303977413243298e+21,3.725290298461914e-05,
0,navstack-1709204551778,navstack,Static,HandCrafted,,,1709204570,56346416,"builtin_interfaces.msg.Time(sec=1709204561, nanosec=716346263)",120.0,Handcrafted_LabStudy,1,3,"-12.0,-0.0,0.5","-0.0,0.0,-0.0,-1.0","11.0,-0.0,0.0","-0.0,0.0,-0.0,-1.0",23.0,23.0,6.082762718200684,0,0,0,0,0,0,0,0.0,0.0,7.0,0.0,4.304261741637032e+21,3.725290298461914e-05,
0,navstack-1709204551778,navstack,Static,HandCrafted,,,1709204570,56346416,"builtin_interfaces.msg.Time(sec=1709204561, nanosec=716346263)",120.0,Handcrafted_LabStudy,1,3,"-12.0,-0.0,0.5","-0.0,0.0,-0.0,-1.0","11.0,-0.0,0.0","-0.0,0.0,-0.0,-1.0",23.0,23.0,6.082762718200684,0,0,0,0,0,0,0,0.0,0.0,7.0,0.0,4.304261741637032e+21,3.725290298461914e-05,
0,navstack-1709204551778,navstack,Static,HandCrafted,,,1709204570,76345920,"builtin_interfaces.msg.Time(sec=1709204561, nanosec=716346263)",120.0,Handcrafted_LabStudy,1,3,"-12.0,-0.0,0.5","-0.0,0.0,-0.0,-1.0","11.0,-0.0,0.0","-0.0,0.0,-0.0,-1.0",23.0,23.0,6.082762718200684,0,0,0,0,0,0,0,0.0,0.0,7.0,0.0,4.303977413243298e+21,3.725290298461914e-05,
0,navstack-1709204551778,navstack,Static,HandCrafted,,,1709204570,76345920,"builtin_interfaces.msg.Time(sec=1709204561, nanosec=716346263)",120.0,Handcrafted_LabStudy,1,3,"-12.0,-0.0,0.5","-0.0,0.0,-0.0,-1.0","11.0,-0.0,0.0","-0.0,0.0,-0.0,-1.0",23.0,23.0,6.082762718200684,0,0,0,0,0,0,0,0.0,0.0,7.0,0.0,4.303977413243298e+21,3.725290298461914e-05,
0,navstack-1709204551778,navstack,Static,HandCrafted,,,1709204570,76345920,"builtin_interfaces.msg.Time(sec=1709204561, nanosec=716346263)",120.0,Handcrafted_LabStudy,1,3,"-12.0,-0.0,0.5","-0.0,0.0,-0.0,-1.0","11.0,-0.0,0.0","-0.0,0.0,-0.0,-1.0",23.0,23.0,6.082762718200684,0,0,0,0,0,0,0,0.0,0.0,7.0,0.0,4.303977413243298e+21,0.0,
0,navstack-1709204551778,navstack,Static,HandCrafted,,,1709204570,96346139,"builtin_interfaces.msg.Time(sec=1709204561, nanosec=716346263)",120.0,Handcrafted_LabStudy,1,3,"-12.0,-0.0,0.5","-0.0,0.0,-0.0,-1.0","11.0,-0.0,0.0","-0.0,0.0,-0.0,-1.0",23.0,23.0,6.082762718200684,0,0,0,0,0,0,0,0.0,0.0,7.0,0.0,4.304261741637032e+21,3.725290298461914e-05,
0,navstack-1709204551778,navstack,Static,HandCrafted,,,1709204570,116345643,"builtin_interfaces.msg.Time(sec=1709204561, nanosec=716346263)",120.0,Handcrafted_LabStudy,1,3,"-12.0,-0.0,0.5","-0.0,0.0,-0.0,-1.0","11.0,-0.0,0.0","-0.0,0.0,-0.0,-1.0",23.0,23.0,6.082762718200684,0,0,0,0,0,0,0,0.0,0.0,7.0,0.0,4.303977413243298e+21,7.450580596923828e-05,
0,navstack-1709204551778,navstack,Static,HandCrafted,,,1709204570,116345643,"builtin_interfaces.msg.Time(sec=1709204561, nanosec=716346263)",120.0,Handcrafted_LabStudy,1,3,"-12.0,-0.0,0.5","-0.0,0.0,-0.0,-1.0","11.0,-0.0,0.0","-0.0,0.0,-0.0,-1.0",23.0,23.0,6.082762718200684,0,0,0,0,0,0,0,0.0,0.0,7.0,0.0,4.303977413243298e+21,3.725290298461914e-05,
0,navstack-1709204551778,navstack,Static,HandCrafted,,,1709204570,136346101,"builtin_interfaces.msg.Time(sec=1709204561, nanosec=716346263)",120.0,Handcrafted_LabStudy,1,3,"-12.0,-0.0,0.5","-0.0,0.0,-0.0,-1.0","11.0,-0.0,0.0","-0.0,0.0,-0.0,-1.0",23.0,23.0,6.082762718200684,0,0,0,0,0,0,0,0.0,0.0,7.0,0.0,4.304261741637032e+21,3.725290298461914e-05,
0,navstack-1709204551778,navstack,Static,HandCrafted,,,1709204570,156345605,"builtin_interfaces.msg.Time(sec=1709204561, nanosec=716346263)",120.0,Handcrafted_LabStudy,1,3,"-12.0,-0.0,0.5","-0.0,0.0,-0.0,-1.0","11.0,-0.0,0.0","-0.0,0.0,-0.0,-1.0",23.0,23.0,6.082762718200684,0,0,0,0,0,0,0,0.0,0.0,7.0,0.0,4.303977413243298e+21,7.450580596923828e-05,
0,navstack-1709204551778,navstack,Static,HandCrafted,,,1709204570,176346302,"builtin_interfaces.msg.Time(sec=1709204561, nanosec=716346263)",120.0,Handcrafted_LabStudy,1,3,"-12.0,-0.0,0.5","-0.0,0.0,-0.0,-1.0","11.0,-0.0,0.0","-0.0,0.0,-0.0,-1.0",23.0,23.0,6.082762718200684,0,0,0,0,0,0,0,0.0,0.0,7.0,0.0,4.304261741637032e+21,7.450580596923828e-05,
0,navstack-1709204551778,navstack,Static,HandCrafted,,,1709204570,196345806,"builtin_interfaces.msg.Time(sec=1709204561, nanosec=716346263)",120.0,Handcrafted_LabStudy,1,3,"-12.0,-0.0,0.5","-0.0,0.0,-0.0,-1.0","11.0,-0.0,0.0","-0.0,0.0,-0.0,-1.0",23.0,23.0,6.082762718200684,0,0,0,0,0,0,0,0.0,0.0,7.0,0.0,4.303977413243298e+21,7.450580596923828e-05,
0,navstack-1709204551778,navstack,Static,HandCrafted,,,1709204570,196345806,"builtin_interfaces.msg.Time(sec=1709204561, nanosec=716346263)",120.0,Handcrafted_LabStudy,1,3,"-12.0,-0.0,0.5","-0.0,0.0,-0.0,-1.0","11.0,-0.0,0.0","-0.0,0.0,-0.0,-1.0",23.0,23.0,6.082762718200684,0,0,0,0,0,0,0,0.0,0.0,7.0,0.0,4.303977413243298e+21,3.725290298461914e-05,
0,navstack-1709204551778,navstack,Static,HandCrafted,,,1709204570,216346263,"builtin_interfaces.msg.Time(sec=1709204561, nanosec=716346263)",120.0,Handcrafted_LabStudy,1,3,"-12.0,-0.0,0.5","-0.0,0.0,-0.0,-1.0","11.0,-0.0,0.0","-0.0,0.0,-0.0,-1.0",23.0,23.0,6.082762718200684,0,0,0,0,0,0,0,0.0,0.0,7.0,0.0,4.304261741637032e+21,3.725290298461914e-05,
0,navstack-1709204551778,navstack,Static,HandCrafted,,,1709204570,236345767,"builtin_interfaces.msg.Time(sec=1709204561, nanosec=716346263)",120.0,Handcrafted_LabStudy,1,3,"-12.0,-0.0,0.5","-0.0,0.0,-0.0,-1.0","11.0,-0.0,0.0","-0.0,0.0,-0.0,-1.0",23.0,23.0,6.082762718200684,0,0,0,0,0,0,0,0.0,0.0,7.0,0.0,4.303977413243298e+21,7.450580596923828e-05,
0,navstack-1709204551778,navstack,Static,HandCrafted,,,1709204570,256346225,"builtin_interfaces.msg.Time(sec=1709204561, nanosec=716346263)",120.0,Handcrafted_LabStudy,1,3,"-12.0,-0.0,0.5","-0.0,0.0,-0.0,-1.0","11.0,-0.0,0.0","-0.0,0.0,-0.0,-1.0",23.0,23.0,6.082762718200684,0,0,0,0,0,0,0,0.0,0.0,7.0,0.0,4.304261741637032e+21,7.450580596923828e-05,
0,navstack-1709204551778,navstack,Static,HandCrafted,,,1709204570,276345729,"builtin_interfaces.msg.Time(sec=1709204561, nanosec=716346263)",120.0,Handcrafted_LabStudy,1,3,"-12.0,-0.0,0.5","-0.0,0.0,-0.0,-1.0","11.0,-0.0,0.0","-0.0,0.0,-0.0,-1.0",23.0,23.0,6.082762718200684,0,0,0,0,0,0,0,0.0,0.0,7.0,0.0,4.303977413243298e+21,7.450580596923828e-05,
0,navstack-1709204551778,navstack,Static,HandCrafted,,,1709204570,276345729,"builtin_interfaces.msg.Time(sec=1709204561, nanosec=716346263)",120.0,Handcrafted_LabStudy,1,3,"-12.0,-0.0,0.5","-0.0,0.0,-0.0,-1.0","11.0,-0.0,0.0","-0.0,0.0,-0.0,-1.0",23.0,23.0,6.082762718200684,0,0,0,0,0,0,0,0.0,0.0,7.0,0.0,4.303977413243298e+21,3.725290298461914e-05,
0,navstack-1709204551778,navstack,Static,HandCrafted,,,1709204570,296346187,"builtin_interfaces.msg.Time(sec=1709204561, nanosec=716346263)",120.0,Handcrafted_LabStudy,1,3,"-12.0,-0.0,0.5","-0.0,0.0,-0.0,-1.0","11.0,-0.0,0.0","-0.0,0.0,-0.0,-1.0",23.0,23.0,6.082762718200684,0,0,0,0,0,0,0,0.0,0.0,7.0,0.0,4.304261741637032e+21,3.725290298461914e-05,
0,navstack-1709204551778,navstack,Static,HandCrafted,,,1709204570,296346187,"builtin_interfaces.msg.Time(sec=1709204561, nanosec=716346263)",120.0,Handcrafted_LabStudy,1,3,"-12.0,-0.0,0.5","-0.0,0.0,-0.0,-1.0","11.0,-0.0,0.0","-0.0,0.0,-0.0,-1.0",23.0,23.0,6.082762718200684,0,0,0,0,0,0,0,0.0,0.0,7.0,0.0,4.304261741637032e+21,3.725290298461914e-05,
0,navstack-1709204551778,navstack,Static,HandCrafted,,,1709204570,316345691,"builtin_interfaces.msg.Time(sec=1709204561, nanosec=716346263)",120.0,Handcrafted_LabStudy,1,3,"-12.0,-0.0,0.5","-0.0,0.0,-0.0,-1.0","11.0,-0.0,0.0","-0.0,0.0,-0.0,-1.0",23.0,23.0,6.082762718200684,0,0,0,0,0,0,0,0.0,0.0,7.0,0.0,4.303977413243298e+21,3.725290298461914e-05,
0,navstack-1709204551778,navstack,Static,HandCrafted,,,1709204570,316345691,"builtin_interfaces.msg.Time(sec=1709204561, nanosec=716346263)",120.0,Handcrafted_LabStudy,1,3,"-12.0,-0.0,0.5","-0.0,0.0,-0.0,-1.0","11.0,-0.0,0.0","-0.0,0.0,-0.0,-1.0",23.0,23.0,6.082762718200684,0,0,0,0,0,0,0,0.0,0.0,7.0,0.0,4.303977413243298e+21,3.725290298461914e-05,
0,navstack-1709204551778,navstack,Static,HandCrafted,,,1709204570,336346149,"builtin_interfaces.msg.Time(sec=1709204561, nanosec=716346263)",120.0,Handcrafted_LabStudy,1,3,"-12.0,-0.0,0.5","-0.0,0.0,-0.0,-1.0","11.0,-0.0,0.0","-0.0,0.0,-0.0,-1.0",23.0,23.0,6.082762718200684,0,0,0,0,0,0,0,0.0,0.0,7.0,0.0,4.304261741637032e+21,3.725290298461914e-05,
0,navstack-1709204551778,navstack,Static,HandCrafted,,,1709204570,336346149,"builtin_interfaces.msg.Time(sec=1709204561, nanosec=716346263)",120.0,Handcrafted_LabStudy,1,3,"-12.0,-0.0,0.5","-0.0,0.0,-0.0,-1.0","11.0,-0.0,0.0","-0.0,0.0,-0.0,-1.0",23.0,23.0,6.082762718200684,0,0,0,0,0,0,0,0.0,0.0,7.0,0.0,4.304261741637032e+21,3.725290298461914e-05,
0,navstack-1709204551778,navstack,Static,HandCrafted,,,1709204570,356345653,"builtin_interfaces.msg.Time(sec=1709204561, nanosec=716346263)",120.0,Handcrafted_LabStudy,1,3,"-12.0,-0.0,0.5","-0.0,0.0,-0.0,-1.0","11.0,-0.0,0.0","-0.0,0.0,-0.0,-1.0",23.0,23.0,6.082762718200684,0,0,0,0,0,0,0,0.0,0.0,7.0,0.0,4.303977413243298e+21,3.725290298461914e-05,
0,navstack-1709204551778,navstack,Static,HandCrafted,,,1709204570,356345653,"builtin_interfaces.msg.Time(sec=1709204561, nanosec=716346263)",120.0,Handcrafted_LabStudy,1,3,"-12.0,-0.0,0.5","-0.0,0.0,-0.0,-1.0","11.0,-0.0,0.0","-0.0,0.0,-0.0,-1.0",23.0,23.0,6.082762718200684,0,0,0,0,0,0,0,0.0,0.0,7.0,0.0,4.303977413243298e+21,3.725290298461914e-05,
0,navstack-1709204551778,navstack,Static,HandCrafted,,,1709204570,356345653,"builtin_interfaces.msg.Time(sec=1709204561, nanosec=716346263)",120.0,Handcrafted_LabStudy,1,3,"-12.0,-0.0,0.5","-0.0,0.0,-0.0,-1.0","11.0,-0.0,0.0","-0.0,0.0,-0.0,-1.0",23.0,23.0,6.082762718200684,0,0,0,0,0,0,0,0.0,0.0,7.0,0.0,4.303977413243298e+21,0.0,
0,navstack-1709204551778,navstack,Static,HandCrafted,,,1709204570,376345872,"builtin_interfaces.msg.Time(sec=1709204561, nanosec=716346263)",120.0,Handcrafted_LabStudy,1,3,"-12.0,-0.0,0.5","-0.0,0.0,-0.0,-1.0","11.0,-0.0,0.0","-0.0,0.0,-0.0,-1.0",23.0,23.0,6.082762718200684,0,0,0,0,0,0,0,0.0,0.0,7.0,0.0,4.304261741637032e+21,3.725290298461914e-05,
0,navstack-1709204551778,navstack,Static,HandCrafted,,,1709204570,376345872,"builtin_interfaces.msg.Time(sec=1709204561, nanosec=716346263)",120.0,Handcrafted_LabStudy,1,3,"-12.0,-0.0,0.5","-0.0,0.0,-0.0,-1.0","11.0,-0.0,0.0","-0.0,0.0,-0.0,-1.0",23.0,23.0,6.082762718200684,0,0,0,0,0,0,0,0.0,0.0,7.0,0.0,4.304261741637032e+21,3.725290298461914e-05,
0,navstack-1709204551778,navstack,Static,HandCrafted,,,1709204570,396345376,"builtin_interfaces.msg.Time(sec=1709204561, nanosec=716346263)",120.0,Handcrafted_LabStudy,1,3,"-12.0,-0.0,0.5","-0.0,0.0,-0.0,-1.0","11.0,-0.0,0.0","-0.0,0.0,-0.0,-1.0",23.0,23.0,6.082762718200684,0,0,0,0,0,0,0,0.0,0.0,7.0,0.0,4.303977413243298e+21,3.725290298461914e-05,
0,navstack-1709204551778,navstack,Static,HandCrafted,,,1709204570,396345376,"builtin_interfaces.msg.Time(sec=1709204561, nanosec=716346263)",120.0,Handcrafted_LabStudy,1,3,"-12.0,-0.0,0.5","-0.0,0.0,-0.0,-1.0","11.0,-0.0,0.0","-0.0,0.0,-0.0,-1.0",23.0,23.0,6.082762718200684,0,0,0,0,0,0,0,0.0,0.0,7.0,0.0,4.303977413243298e+21,3.725290298461914e-05,
0,navstack-1709204551778,navstack,Static,HandCrafted,,,1709204570,416345834,"builtin_interfaces.msg.Time(sec=1709204561, nanosec=716346263)",120.0,Handcrafted_LabStudy,1,3,"-12.0,-0.0,0.5","-0.0,0.0,-0.0,-1.0","11.0,-0.0,0.0","-0.0,0.0,-0.0,-1.0",23.0,23.0,6.082762718200684,0,0,0,0,0,0,0,0.0,0.0,7.0,0.0,4.304261741637032e+21,3.725290298461914e-05,
0,navstack-1709204551778,navstack,Static,HandCrafted,,,1709204570,416345834,"builtin_interfaces.msg.Time(sec=1709204561, nanosec=716346263)",120.0,Handcrafted_LabStudy,1,3,"-12.0,-0.0,0.5","-0.0,0.0,-0.0,-1.0","11.0,-0.0,0.0","-0.0,0.0,-0.0,-1.0",23.0,23.0,6.082762718200684,0,0,0,0,0,0,0,0.0,0.0,7.0,0.0,4.304261741637032e+21,3.725290298461914e-05,
0,navstack-1709204551778,navstack,Static,HandCrafted,,,1709204570,436346530,"builtin_interfaces.msg.Time(sec=1709204561, nanosec=716346263)",120.0,Handcrafted_LabStudy,1,3,"-12.0,-0.0,0.5","-0.0,0.0,-0.0,-1.0","11.0,-0.0,0.0","-0.0,0.0,-0.0,-1.0",23.0,23.0,6.082762718200684,0,0,0,0,0,0,0,0.0,0.0,7.0,0.0,4.303977413243298e+21,3.725290298461914e-05,
0,navstack-1709204551778,navstack,Static,HandCrafted,,,1709204570,436346530,"builtin_interfaces.msg.Time(sec=1709204561, nanosec=716346263)",120.0,Handcrafted_LabStudy,1,3,"-12.0,-0.0,0.5","-0.0,0.0,-0.0,-1.0","11.0,-0.0,0.0","-0.0,0.0,-0.0,-1.0",23.0,23.0,6.082762718200684,0,0,0,0,0,0,0,0.0,0.0,7.0,0.0,4.303977413243298e+21,3.725290298461914e-05,
0,navstack-1709204551778,navstack,Static,HandCrafted,,,1709204570,456346035,"builtin_interfaces.msg.Time(sec=1709204561, nanosec=716346263)",120.0,Handcrafted_LabStudy,1,3,"-12.0,-0.0,0.5","-0.0,0.0,-0.0,-1.0","11.0,-0.0,0.0","-0.0,0.0,-0.0,-1.0",23.0,23.0,6.082762718200684,0,0,0,0,0,0,0,0.0,0.0,7.0,0.0,4.304261741637032e+21,3.725290298461914e-05,
0,navstack-1709204551778,navstack,Static,HandCrafted,,,1709204570,456346035,"builtin_interfaces.msg.Time(sec=1709204561, nanosec=716346263)",120.0,Handcrafted_LabStudy,1,3,"-12.0,-0.0,0.5","-0.0,0.0,-0.0,-1.0","11.0,-0.0,0.0","-0.0,0.0,-0.0,-1.0",23.0,23.0,6.082762718200684,0,0,0,0,0,0,0,0.0,0.0,7.0,0.0,4.304261741637032e+21,3.725290298461914e-05,
0,navstack-1709204551778,navstack,Static,HandCrafted,,,1709204570,476346492,"builtin_interfaces.msg.Time(sec=1709204561, nanosec=716346263)",120.0,Handcrafted_LabStudy,1,3,"-12.0,-0.0,0.5","-0.0,0.0,-0.0,-1.0","11.0,-0.0,0.0","-0.0,0.0,-0.0,-1.0",23.0,23.0,6.082762718200684,0,0,0,0,0,0,0,0.0,0.0,7.0,0.0,4.303977413243298e+21,3.725290298461914e-05,
0,navstack-1709204551778,navstack,Static,HandCrafted,,,1709204570,476346492,"builtin_interfaces.msg.Time(sec=1709204561, nanosec=716346263)",120.0,Handcrafted_LabStudy,1,3,"-12.0,-0.0,0.5","-0.0,0.0,-0.0,-1.0","11.0,-0.0,0.0","-0.0,0.0,-0.0,-1.0",23.0,23.0,6.082762718200684,0,0,0,0,0,0,0,0.0,0.0,7.0,0.0,4.303977413243298e+21,3.725290298461914e-05,
0,navstack-1709204551778,navstack,Static,HandCrafted,,,1709204570,476346492,"builtin_interfaces.msg.Time(sec=1709204561, nanosec=716346263)",120.0,Handcrafted_LabStudy,1,3,"-12.0,-0.0,0.5","-0.0,0.0,-0.0,-1.0","11.0,-0.0,0.0","-0.0,0.0,-0.0,-1.0",23.0,23.0,6.082762718200684,0,0,0,0,0,0,0,0.0,0.0,7.0,0.0,4.303977413243298e+21,0.0,
0,navstack-1709204551778,navstack,Static,HandCrafted,,,1709204570,496345996,"builtin_interfaces.msg.Time(sec=1709204561, nanosec=716346263)",120.0,Handcrafted_LabStudy,1,3,"-12.0,-0.0,0.5","-0.0,0.0,-0.0,-1.0","11.0,-0.0,0.0","-0.0,0.0,-0.0,-1.0",23.0,23.0,6.082762718200684,0,0,0,0,0,0,0,0.0,0.0,7.0,0.0,4.304261741637032e+21,3.725290298461914e-05,
0,navstack-1709204551778,navstack,Static,HandCrafted,,,1709204570,496345996,"builtin_interfaces.msg.Time(sec=1709204561, nanosec=716346263)",120.0,Handcrafted_LabStudy,1,3,"-12.0,-0.0,0.5","-0.0,0.0,-0.0,-1.0","11.0,-0.0,0.0","-0.0,0.0,-0.0,-1.0",23.0,23.0,6.082762718200684,0,0,0,0,0,0,0,0.0,0.0,7.0,0.0,4.304261741637032e+21,3.725290298461914e-05,
0,navstack-1709204551778,navstack,Static,HandCrafted,,,1709204570,516346454,"builtin_interfaces.msg.Time(sec=1709204561, nanosec=716346263)",120.0,Handcrafted_LabStudy,1,3,"-12.0,-0.0,0.5","-0.0,0.0,-0.0,-1.0","11.0,-0.0,0.0","-0.0,0.0,-0.0,-1.0",23.0,23.0,6.082762718200684,0,0,0,0,0,0,0,0.0,0.0,7.0,0.0,4.303977413243298e+21,3.725290298461914e-05,
0,navstack-1709204551778,navstack,Static,HandCrafted,,,1709204570,516346454,"builtin_interfaces.msg.Time(sec=1709204561, nanosec=716346263)",120.0,Handcrafted_LabStudy,1,3,"-12.0,-0.0,0.5","-0.0,0.0,-0.0,-1.0","11.0,-0.0,0.0","-0.0,0.0,-0.0,-1.0",23.0,23.0,6.082762718200684,0,0,0,0,0,0,0,0.0,0.0,7.0,0.0,4.303977413243298e+21,3.725290298461914e-05,
0,navstack-1709204551778,navstack,Static,HandCrafted,,,1709204570,536345958,"builtin_interfaces.msg.Time(sec=1709204561, nanosec=716346263)",120.0,Handcrafted_LabStudy,1,3,"-12.0,-0.0,0.5","-0.0,0.0,-0.0,-1.0","11.0,-0.0,0.0","-0.0,0.0,-0.0,-1.0",23.0,23.0,6.082762718200684,0,0,0,0,0,0,0,0.0,0.0,7.0,0.0,4.304261741637032e+21,3.725290298461914e-05,
0,navstack-1709204551778,navstack,Static,HandCrafted,,,1709204570,536345958,"builtin_interfaces.msg.Time(sec=1709204561, nanosec=716346263)",120.0,Handcrafted_LabStudy,1,3,"-12.0,-0.0,0.5","-0.0,0.0,-0.0,-1.0","11.0,-0.0,0.0","-0.0,0.0,-0.0,-1.0",23.0,23.0,6.082762718200684,0,0,0,0,0,0,0,0.0,0.0,7.0,0.0,4.304261741637032e+21,3.725290298461914e-05,
0,navstack-1709204551778,navstack,Static,HandCrafted,,,1709204570,556346416,"builtin_interfaces.msg.Time(sec=1709204561, nanosec=716346263)",120.0,Handcrafted_LabStudy,1,3,"-12.0,-0.0,0.5","-0.0,0.0,-0.0,-1.0","11.0,-0.0,0.0","-0.0,0.0,-0.0,-1.0",23.0,23.0,6.082762718200684,0,0,0,0,0,0,0,0.0,0.0,7.0,0.0,4.303977413243298e+21,3.725290298461914e-05,
0,navstack-1709204551778,navstack,Static,HandCrafted,,,1709204570,556346416,"builtin_interfaces.msg.Time(sec=1709204561, nanosec=716346263)",120.0,Handcrafted_LabStudy,1,3,"-12.0,-0.0,0.5","-0.0,0.0,-0.0,-1.0","11.0,-0.0,0.0","-0.0,0.0,-0.0,-1.0",23.0,23.0,6.082762718200684,0,0,0,0,0,0,0,0.0,0.0,7.0,0.0,4.303977413243298e+21,3.725290298461914e-05,
0,navstack-1709204551778,navstack,Static,HandCrafted,,,1709204570,556346416,"builtin_interfaces.msg.Time(sec=1709204561, nanosec=716346263)",120.0,Handcrafted_LabStudy,1,3,"-12.0,-0.0,0.5","-0.0,0.0,-0.0,-1.0","11.0,-0.0,0.0","-0.0,0.0,-0.0,-1.0",23.0,23.0,6.082762718200684,0,0,0,0,0,0,0,0.0,0.0,7.0,0.0,4.303977413243298e+21,0.0,
0,navstack-1709204551778,navstack,Static,HandCrafted,,,1709204570,576345920,"builtin_interfaces.msg.Time(sec=1709204561, nanosec=716346263)",120.0,Handcrafted_LabStudy,1,3,"-12.0,-0.0,0.5","-0.0,0.0,-0.0,-1.0","11.0,-0.0,0.0","-0.0,0.0,-0.0,-1.0",23.0,23.0,6.082762718200684,0,0,0,0,0,0,0,0.0,0.0,7.0,0.0,4.304261741637032e+21,3.725290298461914e-05,
0,navstack-1709204551778,navstack,Static,HandCrafted,,,1709204570,576345920,"builtin_interfaces.msg.Time(sec=1709204561, nanosec=716346263)",120.0,Handcrafted_LabStudy,1,3,"-12.0,-0.0,0.5","-0.0,0.0,-0.0,-1.0","11.0,-0.0,0.0","-0.0,0.0,-0.0,-1.0",23.0,23.0,6.082762718200684,0,0,0,0,0,0,0,0.0,0.0,7.0,0.0,4.304261741637032e+21,3.725290298461914e-05,
0,navstack-1709204551778,navstack,Static,HandCrafted,,,1709204570,596346139,"builtin_interfaces.msg.Time(sec=1709204561, nanosec=716346263)",120.0,Handcrafted_LabStudy,1,3,"-12.0,-0.0,0.5","-0.0,0.0,-0.0,-1.0","11.0,-0.0,0.0","-0.0,0.0,-0.0,-1.0",23.0,23.0,6.082762718200684,0,0,0,0,0,0,0,0.0,0.0,7.0,0.0,4.303977413243298e+21,3.725290298461914e-05,
0,navstack-1709204551778,navstack,Static,HandCrafted,,,1709204570,596346139,"builtin_interfaces.msg.Time(sec=1709204561, nanosec=716346263)",120.0,Handcrafted_LabStudy,1,3,"-12.0,-0.0,0.5","-0.0,0.0,-0.0,-1.0","11.0,-0.0,0.0","-0.0,0.0,-0.0,-1.0",23.0,23.0,6.082762718200684,0,0,0,0,0,0,0,0.0,0.0,7.0,0.0,4.303977413243298e+21,3.725290298461914e-05,
0,navstack-1709204551778,navstack,Static,HandCrafted,,,1709204570,616345643,"builtin_interfaces.msg.Time(sec=1709204561, nanosec=716346263)",120.0,Handcrafted_LabStudy,1,3,"-12.0,-0.0,0.5","-0.0,0.0,-0.0,-1.0","11.0,-0.0,0.0","-0.0,0.0,-0.0,-1.0",23.0,23.0,6.082762718200684,0,0,0,0,0,0,0,0.0,0.0,7.0,0.0,4.304261741637032e+21,3.725290298461914e-05,
0,navstack-1709204551778,navstack,Static,HandCrafted,,,1709204570,616345643,"builtin_interfaces.msg.Time(sec=1709204561, nanosec=716346263)",120.0,Handcrafted_LabStudy,1,3,"-12.0,-0.0,0.5","-0.0,0.0,-0.0,-1.0","11.0,-0.0,0.0","-0.0,0.0,-0.0,-1.0",23.0,23.0,6.082762718200684,0,0,0,0,0,0,0,0.0,0.0,7.0,0.0,4.304261741637032e+21,3.725290298461914e-05,
0,navstack-1709204551778,navstack,Static,HandCrafted,,,1709204570,636346101,"builtin_interfaces.msg.Time(sec=1709204561, nanosec=716346263)",120.0,Handcrafted_LabStudy,1,3,"-12.0,-0.0,0.5","-0.0,0.0,-0.0,-1.0","11.0,-0.0,0.0","-0.0,0.0,-0.0,-1.0",23.0,23.0,6.082762718200684,0,0,0,0,0,0,0,0.0,0.0,7.0,0.0,4.303977413243298e+21,3.725290298461914e-05,
0,navstack-1709204551778,navstack,Static,HandCrafted,,,1709204570,656345605,"builtin_interfaces.msg.Time(sec=1709204561, nanosec=716346263)",120.0,Handcrafted_LabStudy,1,3,"-12.0,-0.0,0.5","-0.0,0.0,-0.0,-1.0","11.0,-0.0,0.0","-0.0,0.0,-0.0,-1.0",23.0,23.0,6.082762718200684,0,0,0,0,0,0,0,0.0,0.0,7.0,0.0,4.304261741637032e+21,7.450580596923828e-05,
0,navstack-1709204551778,navstack,Static,HandCrafted,,,1709204570,656345605,"builtin_interfaces.msg.Time(sec=1709204561, nanosec=716346263)",120.0,Handcrafted_LabStudy,1,3,"-12.0,-0.0,0.5","-0.0,0.0,-0.0,-1.0","11.0,-0.0,0.0","-0.0,0.0,-0.0,-1.0",23.0,23.0,6.082762718200684,0,0,0,0,0,0,0,0.0,0.0,7.0,0.0,4.304261741637032e+21,3.725290298461914e-05,
0,navstack-1709204551778,navstack,Static,HandCrafted,,,1709204570,676346302,"builtin_interfaces.msg.Time(sec=1709204561, nanosec=716346263)",120.0,Handcrafted_LabStudy,1,3,"-12.0,-0.0,0.5","-0.0,0.0,-0.0,-1.0","11.0,-0.0,0.0","-0.0,0.0,-0.0,-1.0",23.0,23.0,6.082762718200684,0,0,0,0,0,0,0,0.0,0.0,7.0,0.0,4.303977413243298e+21,3.725290298461914e-05,
0,navstack-1709204551778,navstack,Static,HandCrafted,,,1709204570,676346302,"builtin_interfaces.msg.Time(sec=1709204561, nanosec=716346263)",120.0,Handcrafted_LabStudy,1,3,"-12.0,-0.0,0.5","-0.0,0.0,-0.0,-1.0","11.0,-0.0,0.0","-0.0,0.0,-0.0,-1.0",23.0,23.0,6.082762718200684,0,0,0,0,0,0,0,0.0,0.0,7.0,0.0,4.303977413243298e+21,3.725290298461914e-05,
0,navstack-1709204551778,navstack,Static,HandCrafted,,,1709204570,696345806,"builtin_interfaces.msg.Time(sec=1709204561, nanosec=716346263)",120.0,Handcrafted_LabStudy,1,3,"-12.0,-0.0,0.5","-0.0,0.0,-0.0,-1.0","11.0,-0.0,0.0","-0.0,0.0,-0.0,-1.0",23.0,23.0,6.082762718200684,0,0,0,0,0,0,0,0.0,0.0,7.0,0.0,4.304261741637032e+21,3.725290298461914e-05,
0,navstack-1709204551778,navstack,Static,HandCrafted,,,1709204570,696345806,"builtin_interfaces.msg.Time(sec=1709204561, nanosec=716346263)",120.0,Handcrafted_LabStudy,1,3,"-12.0,-0.0,0.5","-0.0,0.0,-0.0,-1.0","11.0,-0.0,0.0","-0.0,0.0,-0.0,-1.0",23.0,23.0,6.082762718200684,0,0,0,0,0,0,0,0.0,0.0,7.0,0.0,4.304261741637032e+21,3.725290298461914e-05,
0,navstack-1709204551778,navstack,Static,HandCrafted,,,1709204570,716346263,"builtin_interfaces.msg.Time(sec=1709204561, nanosec=716346263)",120.0,Handcrafted_LabStudy,1,3,"-12.0,-0.0,0.5","-0.0,0.0,-0.0,-1.0","11.0,-0.0,0.0","-0.0,0.0,-0.0,-1.0",23.0,23.0,6.082762718200684,0,0,0,0,0,0,0,0.0,0.0,7.0,0.0,4.303977413243298e+21,3.725290298461914e-05,
0,navstack-1709204551778,navstack,Static,HandCrafted,,,1709204570,716346263,"builtin_interfaces.msg.Time(sec=1709204561, nanosec=716346263)",120.0,Handcrafted_LabStudy,1,3,"-12.0,-0.0,0.5","-0.0,0.0,-0.0,-1.0","11.0,-0.0,0.0","-0.0,0.0,-0.0,-1.0",23.0,23.0,6.082762718200684,0,0,0,0,0,0,0,0.0,0.0,7.0,0.0,4.303977413243298e+21,3.725290298461914e-05,
0,navstack-1709204551778,navstack,Static,HandCrafted,,,1709204570,736345767,"builtin_interfaces.msg.Time(sec=1709204561, nanosec=716346263)",120.0,Handcrafted_LabStudy,1,3,"-12.0,-0.0,0.5","-0.0,0.0,-0.0,-1.0","11.0,-0.0,0.0","-0.0,0.0,-0.0,-1.0",23.0,23.0,6.082762718200684,0,0,0,0,0,0,0,0.0,0.0,7.0,0.0,4.304261741637032e+21,3.725290298461914e-05,
0,navstack-1709204551778,navstack,Static,HandCrafted,,,1709204570,736345767,"builtin_interfaces.msg.Time(sec=1709204561, nanosec=716346263)",120.0,Handcrafted_LabStudy,1,3,"-12.0,-0.0,0.5","-0.0,0.0,-0.0,-1.0","11.0,-0.0,0.0","-0.0,0.0,-0.0,-1.0",23.0,23.0,6.082762718200684,0,0,0,0,0,0,0,0.0,0.0,7.0,0.0,4.304261741637032e+21,3.725290298461914e-05,
0,navstack-1709204551778,navstack,Static,HandCrafted,,,1709204570,756346225,"builtin_interfaces.msg.Time(sec=1709204561, nanosec=716346263)",120.0,Handcrafted_LabStudy,1,3,"-12.0,-0.0,0.5","-0.0,0.0,-0.0,-1.0","11.0,-0.0,0.0","-0.0,0.0,-0.0,-1.0",23.0,23.0,6.082762718200684,0,0,0,0,0,0,0,0.0,0.0,7.0,0.0,4.303977413243298e+21,3.725290298461914e-05,
0,navstack-1709204551778,navstack,Static,HandCrafted,,,1709204570,756346225,"builtin_interfaces.msg.Time(sec=1709204561, nanosec=716346263)",120.0,Handcrafted_LabStudy,1,3,"-12.0,-0.0,0.5","-0.0,0.0,-0.0,-1.0","11.0,-0.0,0.0","-0.0,0.0,-0.0,-1.0",23.0,23.0,6.082762718200684,0,0,0,0,0,0,0,0.0,0.0,7.0,0.0,4.303977413243298e+21,3.725290298461914e-05,
0,navstack-1709204551778,navstack,Static,HandCrafted,,,1709204570,756346225,"builtin_interfaces.msg.Time(sec=1709204561, nanosec=716346263)",120.0,Handcrafted_LabStudy,1,3,"-12.0,-0.0,0.5","-0.0,0.0,-0.0,-1.0","11.0,-0.0,0.0","-0.0,0.0,-0.0,-1.0",23.0,23.0,6.082762718200684,0,0,0,0,0,0,0,0.0,0.0,7.0,0.0,4.303977413243298e+21,0.0,
0,navstack-1709204551778,navstack,Static,HandCrafted,,,1709204570,776345729,"builtin_interfaces.msg.Time(sec=1709204561, nanosec=716346263)",120.0,Handcrafted_LabStudy,1,3,"-12.0,-0.0,0.5","-0.0,0.0,-0.0,-1.0","11.0,-0.0,0.0","-0.0,0.0,-0.0,-1.0",23.0,23.0,6.082762718200684,0,0,0,0,0,0,0,0.0,0.0,7.0,0.0,4.304261741637032e+21,3.725290298461914e-05,
0,navstack-1709204551778,navstack,Static,HandCrafted,,,1709204570,776345729,"builtin_interfaces.msg.Time(sec=1709204561, nanosec=716346263)",120.0,Handcrafted_LabStudy,1,3,"-12.0,-0.0,0.5","-0.0,0.0,-0.0,-1.0","11.0,-0.0,0.0","-0.0,0.0,-0.0,-1.0",23.0,23.0,6.082762718200684,0,0,0,0,0,0,0,0.0,0.0,7.0,0.0,4.304261741637032e+21,3.725290298461914e-05,
0,navstack-1709204551778,navstack,Static,HandCrafted,,,1709204570,796346187,"builtin_interfaces.msg.Time(sec=1709204561, nanosec=716346263)",120.0,Handcrafted_LabStudy,1,3,"-12.0,-0.0,0.5","-0.0,0.0,-0.0,-1.0","11.0,-0.0,0.0","-0.0,0.0,-0.0,-1.0",23.0,23.0,6.082762718200684,0,0,0,0,0,0,0,0.0,0.0,7.0,0.0,4.303977413243298e+21,3.725290298461914e-05,
0,navstack-1709204551778,navstack,Static,HandCrafted,,,1709204570,796346187,"builtin_interfaces.msg.Time(sec=1709204561, nanosec=716346263)",120.0,Handcrafted_LabStudy,1,3,"-12.0,-0.0,0.5","-0.0,0.0,-0.0,-1.0","11.0,-0.0,0.0","-0.0,0.0,-0.0,-1.0",23.0,23.0,6.082762718200684,0,0,0,0,0,0,0,0.0,0.0,7.0,0.0,4.303977413243298e+21,3.725290298461914e-05,
0,navstack-1709204551778,navstack,Static,HandCrafted,,,1709204570,816345691,"builtin_interfaces.msg.Time(sec=1709204561, nanosec=716346263)",120.0,Handcrafted_LabStudy,1,3,"-12.0,-0.0,0.5","-0.0,0.0,-0.0,-1.0","11.0,-0.0,0.0","-0.0,0.0,-0.0,-1.0",23.0,23.0,6.082762718200684,0,0,0,0,0,0,0,0.0,0.0,8.0,0.0,4.304261741637032e+21,3.725290298461914e-05,
0,navstack-1709204551778,navstack,Static,HandCrafted,,,1709204570,816345691,"builtin_interfaces.msg.Time(sec=1709204561, nanosec=716346263)",120.0,Handcrafted_LabStudy,1,3,"-12.0,-0.0,0.5","-0.0,0.0,-0.0,-1.0","11.0,-0.0,0.0","-0.0,0.0,-0.0,-1.0",23.0,23.0,6.082762718200684,0,0,0,0,0,0,0,0.0,0.0,8.0,0.0,4.304261741637032e+21,3.725290298461914e-05,
0,navstack-1709204551778,navstack,Static,HandCrafted,,,1709204570,836346149,"builtin_interfaces.msg.Time(sec=1709204561, nanosec=716346263)",120.0,Handcrafted_LabStudy,1,3,"-12.0,-0.0,0.5","-0.0,0.0,-0.0,-1.0","11.0,-0.0,0.0","-0.0,0.0,-0.0,-1.0",23.0,23.0,6.082762718200684,0,0,0,0,0,0,0,0.0,0.0,8.0,0.0,4.303977413243298e+21,3.725290298461914e-05,
0,navstack-1709204551778,navstack,Static,HandCrafted,,,1709204570,856345653,"builtin_interfaces.msg.Time(sec=1709204561, nanosec=716346263)",120.0,Handcrafted_LabStudy,1,3,"-12.0,-0.0,0.5","-0.0,0.0,-0.0,-1.0","11.0,-0.0,0.0","-0.0,0.0,-0.0,-1.0",23.0,23.0,6.082762718200684,0,0,0,0,0,0,0,0.0,0.0,8.0,0.0,4.304261741637032e+21,7.450580596923828e-05,
0,navstack-1709204551778,navstack,Static,HandCrafted,,,1709204570,876345872,"builtin_interfaces.msg.Time(sec=1709204561, nanosec=716346263)",120.0,Handcrafted_LabStudy,1,3,"-12.0,-0.0,0.5","-0.0,0.0,-0.0,-1.0","11.0,-0.0,0.0","-0.0,0.0,-0.0,-1.0",23.0,23.0,6.082762718200684,0,0,0,0,0,0,0,0.0,0.0,8.0,0.0,4.303977413243298e+21,7.450580596923828e-05,
0,navstack-1709204551778,navstack,Static,HandCrafted,,,1709204570,896345376,"builtin_interfaces.msg.Time(sec=1709204561, nanosec=716346263)",120.0,Handcrafted_LabStudy,1,3,"-12.0,-0.0,0.5","-0.0,0.0,-0.0,-1.0","11.0,-0.0,0.0","-0.0,0.0,-0.0,-1.0",23.0,23.0,6.082762718200684,0,0,0,0,0,0,0,0.0,0.0,8.0,0.0,4.304261741637032e+21,7.450580596923828e-05,
0,navstack-1709204551778,navstack,Static,HandCrafted,,,1709204570,896345376,"builtin_interfaces.msg.Time(sec=1709204561, nanosec=716346263)",120.0,Handcrafted_LabStudy,1,3,"-12.0,-0.0,0.5","-0.0,0.0,-0.0,-1.0","11.0,-0.0,0.0","-0.0,0.0,-0.0,-1.0",23.0,23.0,6.082762718200684,0,0,0,0,0,0,0,0.0,0.0,8.0,0.0,4.304261741637032e+21,3.725290298461914e-05,
0,navstack-1709204551778,navstack,Static,HandCrafted,,,1709204570,916345834,"builtin_interfaces.msg.Time(sec=1709204561, nanosec=716346263)",120.0,Handcrafted_LabStudy,1,3,"-12.0,-0.0,0.5","-0.0,0.0,-0.0,-1.0","11.0,-0.0,0.0","-0.0,0.0,-0.0,-1.0",23.0,23.0,6.082762718200684,0,0,0,0,0,0,0,0.0,0.0,8.0,0.0,4.303977413243298e+21,3.725290298461914e-05,
0,navstack-1709204551778,navstack,Static,HandCrafted,,,1709204570,916345834,"builtin_interfaces.msg.Time(sec=1709204561, nanosec=716346263)",120.0,Handcrafted_LabStudy,1,3,"-12.0,-0.0,0.5","-0.0,0.0,-0.0,-1.0","11.0,-0.0,0.0","-0.0,0.0,-0.0,-1.0",23.0,23.0,6.082762718200684,0,0,0,0,0,0,0,0.0,0.0,8.0,0.0,4.303977413243298e+21,3.725290298461914e-05,
0,navstack-1709204551778,navstack,Static,HandCrafted,,,1709204570,936346530,"builtin_interfaces.msg.Time(sec=1709204561, nanosec=716346263)",120.0,Handcrafted_LabStudy,1,3,"-12.0,-0.0,0.5","-0.0,0.0,-0.0,-1.0","11.0,-0.0,0.0","-0.0,0.0,-0.0,-1.0",23.0,23.0,6.082762718200684,0,0,0,0,0,0,0,0.0,0.0,8.0,0.0,4.304261741637032e+21,3.725290298461914e-05,
0,navstack-1709204551778,navstack,Static,HandCrafted,,,1709204570,956346035,"builtin_interfaces.msg.Time(sec=1709204561, nanosec=716346263)",120.0,Handcrafted_LabStudy,1,3,"-12.0,-0.0,0.5","-0.0,0.0,-0.0,-1.0","11.0,-0.0,0.0","-0.0,0.0,-0.0,-1.0",23.0,23.0,6.082762718200684,0,0,0,0,0,0,0,0.0,0.0,8.0,0.0,4.303977413243298e+21,7.450580596923828e-05,
0,navstack-1709204551778,navstack,Static,HandCrafted,,,1709204570,956346035,"builtin_interfaces.msg.Time(sec=1709204561, nanosec=716346263)",120.0,Handcrafted_LabStudy,1,3,"-12.0,-0.0,0.5","-0.0,0.0,-0.0,-1.0","11.0,-0.0,0.0","-0.0,0.0,-0.0,-1.0",23.0,23.0,6.082762718200684,0,0,0,0,0,0,0,0.0,0.0,8.0,0.0,4.303977413243298e+21,3.725290298461914e-05,
0,navstack-1709204551778,navstack,Static,HandCrafted,,,1709204570,956346035,"builtin_interfaces.msg.Time(sec=1709204561, nanosec=716346263)",120.0,Handcrafted_LabStudy,1,3,"-12.0,-0.0,0.5","-0.0,0.0,-0.0,-1.0","11.0,-0.0,0.0","-0.0,0.0,-0.0,-1.0",23.0,23.0,6.082762718200684,0,0,0,0,0,0,0,0.0,0.0,8.0,0.0,4.303977413243298e+21,0.0,
0,navstack-1709204551778,navstack,Static,HandCrafted,,,1709204570,976346492,"builtin_interfaces.msg.Time(sec=1709204561, nanosec=716346263)",120.0,Handcrafted_LabStudy,1,3,"-12.0,-0.0,0.5","-0.0,0.0,-0.0,-1.0","11.0,-0.0,0.0","-0.0,0.0,-0.0,-1.0",23.0,23.0,6.082762718200684,0,0,0,0,0,0,0,0.0,0.0,8.0,0.0,4.304261741637032e+21,3.725290298461914e-05,
0,navstack-1709204551778,navstack,Static,HandCrafted,,,1709204570,976346492,"builtin_interfaces.msg.Time(sec=1709204561, nanosec=716346263)",120.0,Handcrafted_LabStudy,1,3,"-12.0,-0.0,0.5","-0.0,0.0,-0.0,-1.0","11.0,-0.0,0.0","-0.0,0.0,-0.0,-1.0",23.0,23.0,6.082762718200684,0,0,0,0,0,0,0,0.0,0.0,8.0,0.0,4.304261741637032e+21,3.725290298461914e-05,
0,navstack-1709204551778,navstack,Static,HandCrafted,,,1709204570,996345996,"builtin_interfaces.msg.Time(sec=1709204561, nanosec=716346263)",120.0,Handcrafted_LabStudy,1,3,"-12.0,-0.0,0.5","-0.0,0.0,-0.0,-1.0","11.0,-0.0,0.0","-0.0,0.0,-0.0,-1.0",23.0,23.0,6.082762718200684,0,0,0,0,0,0,0,0.0,0.0,8.0,0.0,4.303977413243298e+21,3.725290298461914e-05,
0,navstack-1709204551778,navstack,Static,HandCrafted,,,1709204570,996345996,"builtin_interfaces.msg.Time(sec=1709204561, nanosec=716346263)",120.0,Handcrafted_LabStudy,1,3,"-12.0,-0.0,0.5","-0.0,0.0,-0.0,-1.0","11.0,-0.0,0.0","-0.0,0.0,-0.0,-1.0",23.0,23.0,6.082762718200684,0,0,0,0,0,0,0,0.0,0.0,8.0,0.0,4.303977413243298e+21,3.725290298461914e-05,
0,navstack-1709204551778,navstack,Static,HandCrafted,,,1709204571,16346454,"builtin_interfaces.msg.Time(sec=1709204561, nanosec=716346263)",120.0,Handcrafted_LabStudy,1,3,"-12.0,-0.0,0.5","-0.0,0.0,-0.0,-1.0","11.0,-0.0,0.0","-0.0,0.0,-0.0,-1.0",23.0,23.0,6.082762718200684,0,0,0,0,0,0,0,0.0,0.0,8.0,0.0,4.304261741637032e+21,3.725290298461914e-05,
0,navstack-1709204551778,navstack,Static,HandCrafted,,,1709204571,16346454,"builtin_interfaces.msg.Time(sec=1709204561, nanosec=716346263)",120.0,Handcrafted_LabStudy,1,3,"-12.0,-0.0,0.5","-0.0,0.0,-0.0,-1.0","11.0,-0.0,0.0","-0.0,0.0,-0.0,-1.0",23.0,23.0,6.082762718200684,0,0,0,0,0,0,0,0.0,0.0,8.0,0.0,4.304261741637032e+21,3.725290298461914e-05,
0,navstack-1709204551778,navstack,Static,HandCrafted,,,1709204571,36345958,"builtin_interfaces.msg.Time(sec=1709204561, nanosec=716346263)",120.0,Handcrafted_LabStudy,1,3,"-12.0,-0.0,0.5","-0.0,0.0,-0.0,-1.0","11.0,-0.0,0.0","-0.0,0.0,-0.0,-1.0",23.0,23.0,6.082762718200684,0,0,0,0,0,0,0,0.0,0.0,8.0,0.0,4.303977413243298e+21,3.725290298461914e-05,
0,navstack-1709204551778,navstack,Static,HandCrafted,,,1709204571,36345958,"builtin_interfaces.msg.Time(sec=1709204561, nanosec=716346263)",120.0,Handcrafted_LabStudy,1,3,"-12.0,-0.0,0.5","-0.0,0.0,-0.0,-1.0","11.0,-0.0,0.0","-0.0,0.0,-0.0,-1.0",23.0,23.0,6.082762718200684,0,0,0,0,0,0,0,0.0,0.0,8.0,0.0,4.303977413243298e+21,3.725290298461914e-05,
0,navstack-1709204551778,navstack,Static,HandCrafted,,,1709204571,56346416,"builtin_interfaces.msg.Time(sec=1709204561, nanosec=716346263)",120.0,Handcrafted_LabStudy,1,3,"-12.0,-0.0,0.5","-0.0,0.0,-0.0,-1.0","11.0,-0.0,0.0","-0.0,0.0,-0.0,-1.0",23.0,23.0,6.082762718200684,0,0,0,0,0,0,0,0.0,0.0,8.0,0.0,4.304261741637032e+21,3.725290298461914e-05,
0,navstack-1709204551778,navstack,Static,HandCrafted,,,1709204571,56346416,"builtin_interfaces.msg.Time(sec=1709204561, nanosec=716346263)",120.0,Handcrafted_LabStudy,1,3,"-12.0,-0.0,0.5","-0.0,0.0,-0.0,-1.0","11.0,-0.0,0.0","-0.0,0.0,-0.0,-1.0",23.0,23.0,6.082762718200684,0,0,0,0,0,0,0,0.0,0.0,8.0,0.0,4.304261741637032e+21,3.725290298461914e-05,
0,navstack-1709204551778,navstack,Static,HandCrafted,,,1709204571,56346416,"builtin_interfaces.msg.Time(sec=1709204561, nanosec=716346263)",120.0,Handcrafted_LabStudy,1,3,"-12.0,-0.0,0.5","-0.0,0.0,-0.0,-1.0","11.0,-0.0,0.0","-0.0,0.0,-0.0,-1.0",23.0,23.0,6.082762718200684,0,0,0,0,0,0,0,0.0,0.0,8.0,0.0,4.304261741637032e+21,0.0,
0,navstack-1709204551778,navstack,Static,HandCrafted,,,1709204571,76345920,"builtin_interfaces.msg.Time(sec=1709204561, nanosec=716346263)",120.0,Handcrafted_LabStudy,1,3,"-12.0,-0.0,0.5","-0.0,0.0,-0.0,-1.0","11.0,-0.0,0.0","-0.0,0.0,-0.0,-1.0",23.0,23.0,6.082762718200684,0,0,0,0,0,0,0,0.0,0.0,8.0,0.0,4.303977413243298e+21,3.725290298461914e-05,
0,navstack-1709204551778,navstack,Static,HandCrafted,,,1709204571,96346139,"builtin_interfaces.msg.Time(sec=1709204561, nanosec=716346263)",120.0,Handcrafted_LabStudy,1,3,"-12.0,-0.0,0.5","-0.0,0.0,-0.0,-1.0","11.0,-0.0,0.0","-0.0,0.0,-0.0,-1.0",23.0,23.0,6.082762718200684,0,0,0,0,0,0,0,0.0,0.0,8.0,0.0,4.304261741637032e+21,7.450580596923828e-05,
0,navstack-1709204551778,navstack,Static,HandCrafted,,,1709204571,116345643,"builtin_interfaces.msg.Time(sec=1709204561, nanosec=716346263)",120.0,Handcrafted_LabStudy,1,3,"-12.0,-0.0,0.5","-0.0,0.0,-0.0,-1.0","11.0,-0.0,0.0","-0.0,0.0,-0.0,-1.0",23.0,23.0,6.082762718200684,0,0,0,0,0,0,0,0.0,0.0,8.0,0.0,4.303977413243298e+21,7.450580596923828e-05,
0,navstack-1709204551778,navstack,Static,HandCrafted,,,1709204571,116345643,"builtin_interfaces.msg.Time(sec=1709204561, nanosec=716346263)",120.0,Handcrafted_LabStudy,1,3,"-12.0,-0.0,0.5","-0.0,0.0,-0.0,-1.0","11.0,-0.0,0.0","-0.0,0.0,-0.0,-1.0",23.0,23.0,6.082762718200684,0,0,0,0,0,0,0,0.0,0.0,8.0,0.0,4.303977413243298e+21,3.725290298461914e-05,
0,navstack-1709204551778,navstack,Static,HandCrafted,,,1709204571,136346101,"builtin_interfaces.msg.Time(sec=1709204561, nanosec=716346263)",120.0,Handcrafted_LabStudy,1,3,"-12.0,-0.0,0.5","-0.0,0.0,-0.0,-1.0","11.0,-0.0,0.0","-0.0,0.0,-0.0,-1.0",23.0,23.0,6.082762718200684,0,0,0,0,0,0,0,0.0,0.0,8.0,0.0,4.304261741637032e+21,3.725290298461914e-05,
0,navstack-1709204551778,navstack,Static,HandCrafted,,,1709204571,136346101,"builtin_interfaces.msg.Time(sec=1709204561, nanosec=716346263)",120.0,Handcrafted_LabStudy,1,3,"-12.0,-0.0,0.5","-0.0,0.0,-0.0,-1.0","11.0,-0.0,0.0","-0.0,0.0,-0.0,-1.0",23.0,23.0,6.082762718200684,0,0,0,0,0,0,0,0.0,0.0,8.0,0.0,4.304261741637032e+21,3.725290298461914e-05,
0,navstack-1709204551778,navstack,Static,HandCrafted,,,1709204571,156345605,"builtin_interfaces.msg.Time(sec=1709204561, nanosec=716346263)",120.0,Handcrafted_LabStudy,1,3,"-12.0,-0.0,0.5","-0.0,0.0,-0.0,-1.0","11.0,-0.0,0.0","-0.0,0.0,-0.0,-1.0",23.0,23.0,6.082762718200684,0,0,0,0,0,0,0,0.0,0.0,8.0,0.0,4.303977413243298e+21,3.725290298461914e-05,
0,navstack-1709204551778,navstack,Static,HandCrafted,,,1709204571,156345605,"builtin_interfaces.msg.Time(sec=1709204561, nanosec=716346263)",120.0,Handcrafted_LabStudy,1,3,"-12.0,-0.0,0.5","-0.0,0.0,-0.0,-1.0","11.0,-0.0,0.0","-0.0,0.0,-0.0,-1.0",23.0,23.0,6.082762718200684,0,0,0,0,0,0,0,0.0,0.0,8.0,0.0,4.303977413243298e+21,3.725290298461914e-05,
0,navstack-1709204551778,navstack,Static,HandCrafted,,,1709204571,176346302,"builtin_interfaces.msg.Time(sec=1709204561, nanosec=716346263)",120.0,Handcrafted_LabStudy,1,3,"-12.0,-0.0,0.5","-0.0,0.0,-0.0,-1.0","11.0,-0.0,0.0","-0.0,0.0,-0.0,-1.0",23.0,23.0,6.082762718200684,0,0,0,0,0,0,0,0.0,0.0,8.0,0.0,4.304261741637032e+21,3.725290298461914e-05,
0,navstack-1709204551778,navstack,Static,HandCrafted,,,1709204571,176346302,"builtin_interfaces.msg.Time(sec=1709204561, nanosec=716346263)",120.0,Handcrafted_LabStudy,1,3,"-12.0,-0.0,0.5","-0.0,0.0,-0.0,-1.0","11.0,-0.0,0.0","-0.0,0.0,-0.0,-1.0",23.0,23.0,6.082762718200684,0,0,0,0,0,0,0,0.0,0.0,8.0,0.0,4.304261741637032e+21,3.725290298461914e-05,
0,navstack-1709204551778,navstack,Static,HandCrafted,,,1709204571,196345806,"builtin_interfaces.msg.Time(sec=1709204561, nanosec=716346263)",120.0,Handcrafted_LabStudy,1,3,"-12.0,-0.0,0.5","-0.0,0.0,-0.0,-1.0","11.0,-0.0,0.0","-0.0,0.0,-0.0,-1.0",23.0,23.0,6.082762718200684,0,0,0,0,0,0,0,0.0,0.0,8.0,0.0,4.303977413243298e+21,3.725290298461914e-05,
0,navstack-1709204551778,navstack,Static,HandCrafted,,,1709204571,196345806,"builtin_interfaces.msg.Time(sec=1709204561, nanosec=716346263)",120.0,Handcrafted_LabStudy,1,3,"-12.0,-0.0,0.5","-0.0,0.0,-0.0,-1.0","11.0,-0.0,0.0","-0.0,0.0,-0.0,-1.0",23.0,23.0,6.082762718200684,0,0,0,0,0,0,0,0.0,0.0,8.0,0.0,4.303977413243298e+21,3.725290298461914e-05,
0,navstack-1709204551778,navstack,Static,HandCrafted,,,1709204571,216346263,"builtin_interfaces.msg.Time(sec=1709204561, nanosec=716346263)",120.0,Handcrafted_LabStudy,1,3,"-12.0,-0.0,0.5","-0.0,0.0,-0.0,-1.0","11.0,-0.0,0.0","-0.0,0.0,-0.0,-1.0",23.0,23.0,6.082762718200684,0,0,0,0,0,0,0,0.0,0.0,8.0,0.0,4.304261741637032e+21,3.725290298461914e-05,
0,navstack-1709204551778,navstack,Static,HandCrafted,,,1709204571,236345767,"builtin_interfaces.msg.Time(sec=1709204561, nanosec=716346263)",120.0,Handcrafted_LabStudy,1,3,"-12.0,-0.0,0.5","-0.0,0.0,-0.0,-1.0","11.0,-0.0,0.0","-0.0,0.0,-0.0,-1.0",23.0,23.0,6.082762718200684,0,0,0,0,0,0,0,0.0,0.0,8.0,0.0,4.303977413243298e+21,7.450580596923828e-05,
0,navstack-1709204551778,navstack,Static,HandCrafted,,,1709204571,256346225,"builtin_interfaces.msg.Time(sec=1709204561, nanosec=716346263)",120.0,Handcrafted_LabStudy,1,3,"-12.0,-0.0,0.5","-0.0,0.0,-0.0,-1.0","11.0,-0.0,0.0","-0.0,0.0,-0.0,-1.0",23.0,23.0,6.082762718200684,0,0,0,0,0,0,0,0.0,0.0,8.0,0.0,4.304261741637032e+21,7.450580596923828e-05,
0,navstack-1709204551778,navstack,Static,HandCrafted,,,1709204571,256346225,"builtin_interfaces.msg.Time(sec=1709204561, nanosec=716346263)",120.0,Handcrafted_LabStudy,1,3,"-12.0,-0.0,0.5","-0.0,0.0,-0.0,-1.0","11.0,-0.0,0.0","-0.0,0.0,-0.0,-1.0",23.0,23.0,6.082762718200684,0,0,0,0,0,0,0,0.0,0.0,8.0,0.0,4.304261741637032e+21,3.725290298461914e-05,
0,navstack-1709204551778,navstack,Static,HandCrafted,,,1709204571,276345729,"builtin_interfaces.msg.Time(sec=1709204561, nanosec=716346263)",120.0,Handcrafted_LabStudy,1,3,"-12.0,-0.0,0.5","-0.0,0.0,-0.0,-1.0","11.0,-0.0,0.0","-0.0,0.0,-0.0,-1.0",23.0,23.0,6.082762718200684,0,0,0,0,0,0,0,0.0,0.0,8.0,0.0,4.303977413243298e+21,3.725290298461914e-05,
0,navstack-1709204551778,navstack,Static,HandCrafted,,,1709204571,276345729,"builtin_interfaces.msg.Time(sec=1709204561, nanosec=716346263)",120.0,Handcrafted_LabStudy,1,3,"-12.0,-0.0,0.5","-0.0,0.0,-0.0,-1.0","11.0,-0.0,0.0","-0.0,0.0,-0.0,-1.0",23.0,23.0,6.082762718200684,0,0,0,0,0,0,0,0.0,0.0,8.0,0.0,4.303977413243298e+21,3.725290298461914e-05,
0,navstack-1709204551778,navstack,Static,HandCrafted,,,1709204571,296346187,"builtin_interfaces.msg.Time(sec=1709204561, nanosec=716346263)",120.0,Handcrafted_LabStudy,1,3,"-12.0,-0.0,0.5","-0.0,0.0,-0.0,-1.0","11.0,-0.0,0.0","-0.0,0.0,-0.0,-1.0",23.0,23.0,6.082762718200684,0,0,0,0,0,0,0,0.0,0.0,8.0,0.0,4.304261741637032e+21,3.725290298461914e-05,
0,navstack-1709204551778,navstack,Static,HandCrafted,,,1709204571,316345691,"builtin_interfaces.msg.Time(sec=1709204561, nanosec=716346263)",120.0,Handcrafted_LabStudy,1,3,"-12.0,-0.0,0.5","-0.0,0.0,-0.0,-1.0","11.0,-0.0,0.0","-0.0,0.0,-0.0,-1.0",23.0,23.0,6.082762718200684,0,0,0,0,0,0,0,0.0,0.0,8.0,0.0,4.303977413243298e+21,7.450580596923828e-05,
0,navstack-1709204551778,navstack,Static,HandCrafted,,,1709204571,316345691,"builtin_interfaces.msg.Time(sec=1709204561, nanosec=716346263)",120.0,Handcrafted_LabStudy,1,3,"-12.0,-0.0,0.5","-0.0,0.0,-0.0,-1.0","11.0,-0.0,0.0","-0.0,0.0,-0.0,-1.0",23.0,23.0,6.082762718200684,0,0,0,0,0,0,0,0.0,0.0,8.0,0.0,4.303977413243298e+21,3.725290298461914e-05,
0,navstack-1709204551778,navstack,Static,HandCrafted,,,1709204571,316345691,"builtin_interfaces.msg.Time(sec=1709204561, nanosec=716346263)",120.0,Handcrafted_LabStudy,1,3,"-12.0,-0.0,0.5","-0.0,0.0,-0.0,-1.0","11.0,-0.0,0.0","-0.0,0.0,-0.0,-1.0",23.0,23.0,6.082762718200684,0,0,0,0,0,0,0,0.0,0.0,8.0,0.0,4.303977413243298e+21,0.0,
0,navstack-1709204551778,navstack,Static,HandCrafted,,,1709204571,336346149,"builtin_interfaces.msg.Time(sec=1709204561, nanosec=716346263)",120.0,Handcrafted_LabStudy,1,3,"-12.0,-0.0,0.5","-0.0,0.0,-0.0,-1.0","11.0,-0.0,0.0","-0.0,0.0,-0.0,-1.0",23.0,23.0,6.082762718200684,0,0,0,0,0,0,0,0.0,0.0,8.0,0.0,4.304261741637032e+21,3.725290298461914e-05,
0,navstack-1709204551778,navstack,Static,HandCrafted,,,1709204571,356345653,"builtin_interfaces.msg.Time(sec=1709204561, nanosec=716346263)",120.0,Handcrafted_LabStudy,1,3,"-12.0,-0.0,0.5","-0.0,0.0,-0.0,-1.0","11.0,-0.0,0.0","-0.0,0.0,-0.0,-1.0",23.0,23.0,6.082762718200684,0,0,0,0,0,0,0,0.0,0.0,8.0,0.0,4.303977413243298e+21,7.450580596923828e-05,
0,navstack-1709204551778,navstack,Static,HandCrafted,,,1709204571,356345653,"builtin_interfaces.msg.Time(sec=1709204561, nanosec=716346263)",120.0,Handcrafted_LabStudy,1,3,"-12.0,-0.0,0.5","-0.0,0.0,-0.0,-1.0","11.0,-0.0,0.0","-0.0,0.0,-0.0,-1.0",23.0,23.0,6.082762718200684,0,0,0,0,0,0,0,0.0,0.0,8.0,0.0,4.303977413243298e+21,3.725290298461914e-05,
0,navstack-1709204551778,navstack,Static,HandCrafted,,,1709204571,376345872,"builtin_interfaces.msg.Time(sec=1709204561, nanosec=716346263)",120.0,Handcrafted_LabStudy,1,3,"-12.0,-0.0,0.5","-0.0,0.0,-0.0,-1.0","11.0,-0.0,0.0","-0.0,0.0,-0.0,-1.0",23.0,23.0,6.082762718200684,0,0,0,0,0,0,0,0.0,0.0,8.0,0.0,4.304261741637032e+21,3.725290298461914e-05,
0,navstack-1709204551778,navstack,Static,HandCrafted,,,1709204571,396345376,"builtin_interfaces.msg.Time(sec=1709204561, nanosec=716346263)",120.0,Handcrafted_LabStudy,1,3,"-12.0,-0.0,0.5","-0.0,0.0,-0.0,-1.0","11.0,-0.0,0.0","-0.0,0.0,-0.0,-1.0",23.0,23.0,6.082762718200684,0,0,0,0,0,0,0,0.0,0.0,8.0,0.0,4.303977413243298e+21,7.450580596923828e-05,
0,navstack-1709204551778,navstack,Static,HandCrafted,,,1709204571,416345834,"builtin_interfaces.msg.Time(sec=1709204561, nanosec=716346263)",120.0,Handcrafted_LabStudy,1,3,"-12.0,-0.0,0.5","-0.0,0.0,-0.0,-1.0","11.0,-0.0,0.0","-0.0,0.0,-0.0,-1.0",23.0,23.0,6.082762718200684,0,0,0,0,0,0,0,0.0,0.0,8.0,0.0,4.304261741637032e+21,7.450580596923828e-05,
0,navstack-1709204551778,navstack,Static,HandCrafted,,,1709204571,416345834,"builtin_interfaces.msg.Time(sec=1709204561, nanosec=716346263)",120.0,Handcrafted_LabStudy,1,3,"-12.0,-0.0,0.5","-0.0,0.0,-0.0,-1.0","11.0,-0.0,0.0","-0.0,0.0,-0.0,-1.0",23.0,23.0,6.082762718200684,0,0,0,0,0,0,0,0.0,0.0,8.0,0.0,4.304261741637032e+21,3.725290298461914e-05,
0,navstack-1709204551778,navstack,Static,HandCrafted,,,1709204571,436345577,"builtin_interfaces.msg.Time(sec=1709204561, nanosec=716346263)",120.0,Handcrafted_LabStudy,1,3,"-12.0,-0.0,0.5","-0.0,0.0,-0.0,-1.0","11.0,-0.0,0.0","-0.0,0.0,-0.0,-1.0",23.0,23.0,6.082762718200684,0,0,0,0,0,0,0,0.0,0.0,8.0,0.0,4.303977413243298e+21,3.725290298461914e-05,
0,navstack-1709204551778,navstack,Static,HandCrafted,,,1709204571,436345577,"builtin_interfaces.msg.Time(sec=1709204561, nanosec=716346263)",120.0,Handcrafted_LabStudy,1,3,"-12.0,-0.0,0.5","-0.0,0.0,-0.0,-1.0","11.0,-0.0,0.0","-0.0,0.0,-0.0,-1.0",23.0,23.0,6.082762718200684,0,0,0,0,0,0,0,0.0,0.0,8.0,0.0,4.303977413243298e+21,3.725290298461914e-05,
0,navstack-1709204551778,navstack,Static,HandCrafted,,,1709204571,456346035,"builtin_interfaces.msg.Time(sec=1709204561, nanosec=716346263)",120.0,Handcrafted_LabStudy,1,3,"-12.0,-0.0,0.5","-0.0,0.0,-0.0,-1.0","11.0,-0.0,0.0","-0.0,0.0,-0.0,-1.0",23.0,23.0,6.082762718200684,0,0,0,0,0,0,0,0.0,0.0,8.0,0.0,4.304261741637032e+21,3.725290298461914e-05,
0,navstack-1709204551778,navstack,Static,HandCrafted,,,1709204571,456346035,"builtin_interfaces.msg.Time(sec=1709204561, nanosec=716346263)",120.0,Handcrafted_LabStudy,1,3,"-12.0,-0.0,0.5","-0.0,0.0,-0.0,-1.0","11.0,-0.0,0.0","-0.0,0.0,-0.0,-1.0",23.0,23.0,6.082762718200684,0,0,0,0,0,0,0,0.0,0.0,8.0,0.0,4.304261741637032e+21,3.725290298461914e-05,
0,navstack-1709204551778,navstack,Static,HandCrafted,,,1709204571,476346492,"builtin_interfaces.msg.Time(sec=1709204561, nanosec=716346263)",120.0,Handcrafted_LabStudy,1,3,"-12.0,-0.0,0.5","-0.0,0.0,-0.0,-1.0","11.0,-0.0,0.0","-0.0,0.0,-0.0,-1.0",23.0,23.0,6.082762718200684,0,0,0,0,0,0,0,0.0,0.0,8.0,0.0,4.303977413243298e+21,3.725290298461914e-05,
0,navstack-1709204551778,navstack,Static,HandCrafted,,,1709204571,496345996,"builtin_interfaces.msg.Time(sec=1709204561, nanosec=716346263)",120.0,Handcrafted_LabStudy,1,3,"-12.0,-0.0,0.5","-0.0,0.0,-0.0,-1.0","11.0,-0.0,0.0","-0.0,0.0,-0.0,-1.0",23.0,23.0,6.082762718200684,0,0,0,0,0,0,0,0.0,0.0,8.0,0.0,4.304261741637032e+21,7.450580596923828e-05,
0,navstack-1709204551778,navstack,Static,HandCrafted,,,1709204571,496345996,"builtin_interfaces.msg.Time(sec=1709204561, nanosec=716346263)",120.0,Handcrafted_LabStudy,1,3,"-12.0,-0.0,0.5","-0.0,0.0,-0.0,-1.0","11.0,-0.0,0.0","-0.0,0.0,-0.0,-1.0",23.0,23.0,6.082762718200684,0,0,0,0,0,0,0,0.0,0.0,8.0,0.0,4.304261741637032e+21,3.725290298461914e-05,
0,navstack-1709204551778,navstack,Static,HandCrafted,,,1709204571,516346454,"builtin_interfaces.msg.Time(sec=1709204561, nanosec=716346263)",120.0,Handcrafted_LabStudy,1,3,"-12.0,-0.0,0.5","-0.0,0.0,-0.0,-1.0","11.0,-0.0,0.0","-0.0,0.0,-0.0,-1.0",23.0,23.0,6.082762718200684,0,0,0,0,0,0,0,0.0,0.0,8.0,0.0,4.303977413243298e+21,3.725290298461914e-05,
0,navstack-1709204551778,navstack,Static,HandCrafted,,,1709204571,516346454,"builtin_interfaces.msg.Time(sec=1709204561, nanosec=716346263)",120.0,Handcrafted_LabStudy,1,3,"-12.0,-0.0,0.5","-0.0,0.0,-0.0,-1.0","11.0,-0.0,0.0","-0.0,0.0,-0.0,-1.0",23.0,23.0,6.082762718200684,0,0,0,0,0,0,0,0.0,0.0,8.0,0.0,4.303977413243298e+21,3.725290298461914e-05,
0,navstack-1709204551778,navstack,Static,HandCrafted,,,1709204571,536345958,"builtin_interfaces.msg.Time(sec=1709204561, nanosec=716346263)",120.0,Handcrafted_LabStudy,1,3,"-12.0,-0.0,0.5","-0.0,0.0,-0.0,-1.0","11.0,-0.0,0.0","-0.0,0.0,-0.0,-1.0",23.0,23.0,6.082762718200684,0,0,0,0,0,0,0,0.0,0.0,8.0,0.0,4.304261741637032e+21,3.725290298461914e-05,
0,navstack-1709204551778,navstack,Static,HandCrafted,,,1709204571,536345958,"builtin_interfaces.msg.Time(sec=1709204561, nanosec=716346263)",120.0,Handcrafted_LabStudy,1,3,"-12.0,-0.0,0.5","-0.0,0.0,-0.0,-1.0","11.0,-0.0,0.0","-0.0,0.0,-0.0,-1.0",23.0,23.0,6.082762718200684,0,0,0,0,0,0,0,0.0,0.0,8.0,0.0,4.304261741637032e+21,3.725290298461914e-05,
0,navstack-1709204551778,navstack,Static,HandCrafted,,,1709204571,556346416,"builtin_interfaces.msg.Time(sec=1709204561, nanosec=716346263)",120.0,Handcrafted_LabStudy,1,3,"-12.0,-0.0,0.5","-0.0,0.0,-0.0,-1.0","11.0,-0.0,0.0","-0.0,0.0,-0.0,-1.0",23.0,23.0,6.082762718200684,0,0,0,0,0,0,0,0.0,0.0,8.0,0.0,4.303977413243298e+21,3.725290298461914e-05,
0,navstack-1709204551778,navstack,Static,HandCrafted,,,1709204571,576345920,"builtin_interfaces.msg.Time(sec=1709204561, nanosec=716346263)",120.0,Handcrafted_LabStudy,1,3,"-12.0,-0.0,0.5","-0.0,0.0,-0.0,-1.0","11.0,-0.0,0.0","-0.0,0.0,-0.0,-1.0",23.0,23.0,6.082762718200684,0,0,0,0,0,0,0,0.0,0.0,8.0,0.0,4.304261741637032e+21,7.450580596923828e-05,
0,navstack-1709204551778,navstack,Static,HandCrafted,,,1709204571,596346139,"builtin_interfaces.msg.Time(sec=1709204561, nanosec=716346263)",120.0,Handcrafted_LabStudy,1,3,"-12.0,-0.0,0.5","-0.0,0.0,-0.0,-1.0","11.0,-0.0,0.0","-0.0,0.0,-0.0,-1.0",23.0,23.0,6.082762718200684,0,0,0,0,0,0,0,0.0,0.0,8.0,0.0,4.303977413243298e+21,7.450580596923828e-05,
0,navstack-1709204551778,navstack,Static,HandCrafted,,,1709204571,616345643,"builtin_interfaces.msg.Time(sec=1709204561, nanosec=716346263)",120.0,Handcrafted_LabStudy,1,3,"-12.0,-0.0,0.5","-0.0,0.0,-0.0,-1.0","11.0,-0.0,0.0","-0.0,0.0,-0.0,-1.0",23.0,23.0,6.082762718200684,0,0,0,0,0,0,0,0.0,0.0,8.0,0.0,4.304261741637032e+21,7.450580596923828e-05,
0,navstack-1709204551778,navstack,Static,HandCrafted,,,1709204571,616345643,"builtin_interfaces.msg.Time(sec=1709204561, nanosec=716346263)",120.0,Handcrafted_LabStudy,1,3,"-12.0,-0.0,0.5","-0.0,0.0,-0.0,-1.0","11.0,-0.0,0.0","-0.0,0.0,-0.0,-1.0",23.0,23.0,6.082762718200684,0,0,0,0,0,0,0,0.0,0.0,8.0,0.0,4.304261741637032e+21,3.725290298461914e-05,
0,navstack-1709204551778,navstack,Static,HandCrafted,,,1709204571,636346101,"builtin_interfaces.msg.Time(sec=1709204561, nanosec=716346263)",120.0,Handcrafted_LabStudy,1,3,"-12.0,-0.0,0.5","-0.0,0.0,-0.0,-1.0","11.0,-0.0,0.0","-0.0,0.0,-0.0,-1.0",23.0,23.0,6.082762718200684,0,0,0,0,0,0,0,0.0,0.0,8.0,0.0,4.303977413243298e+21,3.725290298461914e-05,
0,navstack-1709204551778,navstack,Static,HandCrafted,,,1709204571,636346101,"builtin_interfaces.msg.Time(sec=1709204561, nanosec=716346263)",120.0,Handcrafted_LabStudy,1,3,"-12.0,-0.0,0.5","-0.0,0.0,-0.0,-1.0","11.0,-0.0,0.0","-0.0,0.0,-0.0,-1.0",23.0,23.0,6.082762718200684,0,0,0,0,0,0,0,0.0,0.0,8.0,0.0,4.303977413243298e+21,3.725290298461914e-05,
0,navstack-1709204551778,navstack,Static,HandCrafted,,,1709204571,656345605,"builtin_interfaces.msg.Time(sec=1709204561, nanosec=716346263)",120.0,Handcrafted_LabStudy,1,3,"-12.0,-0.0,0.5","-0.0,0.0,-0.0,-1.0","11.0,-0.0,0.0","-0.0,0.0,-0.0,-1.0",23.0,23.0,6.082762718200684,0,0,0,0,0,0,0,0.0,0.0,8.0,0.0,4.304261741637032e+21,3.725290298461914e-05,
0,navstack-1709204551778,navstack,Static,HandCrafted,,,1709204571,676346302,"builtin_interfaces.msg.Time(sec=1709204561, nanosec=716346263)",120.0,Handcrafted_LabStudy,1,3,"-12.0,-0.0,0.5","-0.0,0.0,-0.0,-1.0","11.0,-0.0,0.0","-0.0,0.0,-0.0,-1.0",23.0,23.0,6.082762718200684,0,0,0,0,0,0,0,0.0,0.0,8.0,0.0,4.303977413243298e+21,7.450580596923828e-05,
0,navstack-1709204551778,navstack,Static,HandCrafted,,,1709204571,676346302,"builtin_interfaces.msg.Time(sec=1709204561, nanosec=716346263)",120.0,Handcrafted_LabStudy,1,3,"-12.0,-0.0,0.5","-0.0,0.0,-0.0,-1.0","11.0,-0.0,0.0","-0.0,0.0,-0.0,-1.0",23.0,23.0,6.082762718200684,0,0,0,0,0,0,0,0.0,0.0,8.0,0.0,4.303977413243298e+21,3.725290298461914e-05,
0,navstack-1709204551778,navstack,Static,HandCrafted,,,1709204571,696345806,"builtin_interfaces.msg.Time(sec=1709204561, nanosec=716346263)",120.0,Handcrafted_LabStudy,1,3,"-12.0,-0.0,0.5","-0.0,0.0,-0.0,-1.0","11.0,-0.0,0.0","-0.0,0.0,-0.0,-1.0",23.0,23.0,6.082762718200684,0,0,0,0,0,0,0,0.0,0.0,8.0,0.0,4.304261741637032e+21,3.725290298461914e-05,
0,navstack-1709204551778,navstack,Static,HandCrafted,,,1709204571,696345806,"builtin_interfaces.msg.Time(sec=1709204561, nanosec=716346263)",120.0,Handcrafted_LabStudy,1,3,"-12.0,-0.0,0.5","-0.0,0.0,-0.0,-1.0","11.0,-0.0,0.0","-0.0,0.0,-0.0,-1.0",23.0,23.0,6.082762718200684,0,0,0,0,0,0,0,0.0,0.0,8.0,0.0,4.304261741637032e+21,3.725290298461914e-05,
0,navstack-1709204551778,navstack,Static,HandCrafted,,,1709204571,716346263,"builtin_interfaces.msg.Time(sec=1709204561, nanosec=716346263)",120.0,Handcrafted_LabStudy,1,3,"-12.0,-0.0,0.5","-0.0,0.0,-0.0,-1.0","11.0,-0.0,0.0","-0.0,0.0,-0.0,-1.0",23.0,23.0,6.082762718200684,0,0,0,0,0,0,0,0.0,0.0,8.0,0.0,4.303977413243298e+21,3.725290298461914e-05,
0,navstack-1709204551778,navstack,Static,HandCrafted,,,1709204571,716346263,"builtin_interfaces.msg.Time(sec=1709204561, nanosec=716346263)",120.0,Handcrafted_LabStudy,1,3,"-12.0,-0.0,0.5","-0.0,0.0,-0.0,-1.0","11.0,-0.0,0.0","-0.0,0.0,-0.0,-1.0",23.0,23.0,6.082762718200684,0,0,0,0,0,0,0,0.0,0.0,8.0,0.0,4.303977413243298e+21,3.725290298461914e-05,
0,navstack-1709204551778,navstack,Static,HandCrafted,,,1709204571,716346263,"builtin_interfaces.msg.Time(sec=1709204561, nanosec=716346263)",120.0,Handcrafted_LabStudy,1,3,"-12.0,-0.0,0.5","-0.0,0.0,-0.0,-1.0","11.0,-0.0,0.0","-0.0,0.0,-0.0,-1.0",23.0,23.0,6.082762718200684,0,0,0,0,0,0,0,0.0,0.0,8.0,0.0,4.303977413243298e+21,0.0,
0,navstack-1709204551778,navstack,Static,HandCrafted,,,1709204571,736345767,"builtin_interfaces.msg.Time(sec=1709204561, nanosec=716346263)",120.0,Handcrafted_LabStudy,1,3,"-12.0,-0.0,0.5","-0.0,0.0,-0.0,-1.0","11.0,-0.0,0.0","-0.0,0.0,-0.0,-1.0",23.0,23.0,6.082762718200684,0,0,0,0,0,0,0,0.0,0.0,8.0,0.0,4.304261741637032e+21,3.725290298461914e-05,
0,navstack-1709204551778,navstack,Static,HandCrafted,,,1709204571,736345767,"builtin_interfaces.msg.Time(sec=1709204561, nanosec=716346263)",120.0,Handcrafted_LabStudy,1,3,"-12.0,-0.0,0.5","-0.0,0.0,-0.0,-1.0","11.0,-0.0,0.0","-0.0,0.0,-0.0,-1.0",23.0,23.0,6.082762718200684,0,0,0,0,0,0,0,0.0,0.0,8.0,0.0,4.304261741637032e+21,3.725290298461914e-05,
0,navstack-1709204551778,navstack,Static,HandCrafted,,,1709204571,756346225,"builtin_interfaces.msg.Time(sec=1709204561, nanosec=716346263)",120.0,Handcrafted_LabStudy,1,3,"-12.0,-0.0,0.5","-0.0,0.0,-0.0,-1.0","11.0,-0.0,0.0","-0.0,0.0,-0.0,-1.0",23.0,23.0,6.082762718200684,0,0,0,0,0,0,0,0.0,0.0,8.0,0.0,4.303977413243298e+21,3.725290298461914e-05,
0,navstack-1709204551778,navstack,Static,HandCrafted,,,1709204571,756346225,"builtin_interfaces.msg.Time(sec=1709204561, nanosec=716346263)",120.0,Handcrafted_LabStudy,1,3,"-12.0,-0.0,0.5","-0.0,0.0,-0.0,-1.0","11.0,-0.0,0.0","-0.0,0.0,-0.0,-1.0",23.0,23.0,6.082762718200684,0,0,0,0,0,0,0,0.0,0.0,8.0,0.0,4.303977413243298e+21,3.725290298461914e-05,
0,navstack-1709204551778,navstack,Static,HandCrafted,,,1709204571,776345729,"builtin_interfaces.msg.Time(sec=1709204561, nanosec=716346263)",120.0,Handcrafted_LabStudy,1,3,"-12.0,-0.0,0.5","-0.0,0.0,-0.0,-1.0","11.0,-0.0,0.0","-0.0,0.0,-0.0,-1.0",23.0,23.0,6.082762718200684,0,0,0,0,0,0,0,0.0,0.0,8.0,0.0,4.304261741637032e+21,3.725290298461914e-05,
0,navstack-1709204551778,navstack,Static,HandCrafted,,,1709204571,776345729,"builtin_interfaces.msg.Time(sec=1709204561, nanosec=716346263)",120.0,Handcrafted_LabStudy,1,3,"-12.0,-0.0,0.5","-0.0,0.0,-0.0,-1.0","11.0,-0.0,0.0","-0.0,0.0,-0.0,-1.0",23.0,23.0,6.082762718200684,0,0,0,0,0,0,0,0.0,0.0,8.0,0.0,4.304261741637032e+21,3.725290298461914e-05,
0,navstack-1709204551778,navstack,Static,HandCrafted,,,1709204571,776345729,"builtin_interfaces.msg.Time(sec=1709204561, nanosec=716346263)",120.0,Handcrafted_LabStudy,1,3,"-12.0,-0.0,0.5","-0.0,0.0,-0.0,-1.0","11.0,-0.0,0.0","-0.0,0.0,-0.0,-1.0",23.0,23.0,6.082762718200684,0,0,0,0,0,0,0,0.0,0.0,8.0,0.0,4.304261741637032e+21,0.0,
0,navstack-1709204551778,navstack,Static,HandCrafted,,,1709204571,796346187,"builtin_interfaces.msg.Time(sec=1709204561, nanosec=716346263)",120.0,Handcrafted_LabStudy,1,3,"-12.0,-0.0,0.5","-0.0,0.0,-0.0,-1.0","11.0,-0.0,0.0","-0.0,0.0,-0.0,-1.0",23.0,23.0,6.082762718200684,0,0,0,0,0,0,0,0.0,0.0,8.0,0.0,4.303977413243298e+21,3.725290298461914e-05,
0,navstack-1709204551778,navstack,Static,HandCrafted,,,1709204571,796346187,"builtin_interfaces.msg.Time(sec=1709204561, nanosec=716346263)",120.0,Handcrafted_LabStudy,1,3,"-12.0,-0.0,0.5","-0.0,0.0,-0.0,-1.0","11.0,-0.0,0.0","-0.0,0.0,-0.0,-1.0",23.0,23.0,6.082762718200684,0,0,0,0,0,0,0,0.0,0.0,8.0,0.0,4.303977413243298e+21,3.725290298461914e-05,
0,navstack-1709204551778,navstack,Static,HandCrafted,,,1709204571,816345691,"builtin_interfaces.msg.Time(sec=1709204561, nanosec=716346263)",120.0,Handcrafted_LabStudy,1,3,"-12.0,-0.0,0.5","-0.0,0.0,-0.0,-1.0","11.0,-0.0,0.0","-0.0,0.0,-0.0,-1.0",23.0,23.0,6.082762718200684,0,0,0,0,0,0,0,0.0,0.0,8.0,0.0,4.304261741637032e+21,3.725290298461914e-05,
0,navstack-1709204551778,navstack,Static,HandCrafted,,,1709204571,836346149,"builtin_interfaces.msg.Time(sec=1709204561, nanosec=716346263)",120.0,Handcrafted_LabStudy,1,3,"-12.0,-0.0,0.5","-0.0,0.0,-0.0,-1.0","11.0,-0.0,0.0","-0.0,0.0,-0.0,-1.0",23.0,23.0,6.082762718200684,0,0,0,0,0,0,0,0.0,0.0,9.0,0.0,4.303977413243298e+21,7.450580596923828e-05,
0,navstack-1709204551778,navstack,Static,HandCrafted,,,1709204571,856345653,"builtin_interfaces.msg.Time(sec=1709204561, nanosec=716346263)",120.0,Handcrafted_LabStudy,1,3,"-12.0,-0.0,0.5","-0.0,0.0,-0.0,-1.0","11.0,-0.0,0.0","-0.0,0.0,-0.0,-1.0",23.0,23.0,6.082762718200684,0,0,0,0,0,0,0,0.0,0.0,9.0,0.0,4.304261741637032e+21,7.450580596923828e-05,
0,navstack-1709204551778,navstack,Static,HandCrafted,,,1709204571,856345653,"builtin_interfaces.msg.Time(sec=1709204561, nanosec=716346263)",120.0,Handcrafted_LabStudy,1,3,"-12.0,-0.0,0.5","-0.0,0.0,-0.0,-1.0","11.0,-0.0,0.0","-0.0,0.0,-0.0,-1.0",23.0,23.0,6.082762718200684,0,0,0,0,0,0,0,0.0,0.0,9.0,0.0,4.304261741637032e+21,3.725290298461914e-05,
0,navstack-1709204551778,navstack,Static,HandCrafted,,,1709204571,876345872,"builtin_interfaces.msg.Time(sec=1709204561, nanosec=716346263)",120.0,Handcrafted_LabStudy,1,3,"-12.0,-0.0,0.5","-0.0,0.0,-0.0,-1.0","11.0,-0.0,0.0","-0.0,0.0,-0.0,-1.0",23.0,23.0,6.082762718200684,0,0,0,0,0,0,0,0.0,0.0,9.0,0.0,4.303977413243298e+21,3.725290298461914e-05,
0,navstack-1709204551778,navstack,Static,HandCrafted,,,1709204571,876345872,"builtin_interfaces.msg.Time(sec=1709204561, nanosec=716346263)",120.0,Handcrafted_LabStudy,1,3,"-12.0,-0.0,0.5","-0.0,0.0,-0.0,-1.0","11.0,-0.0,0.0","-0.0,0.0,-0.0,-1.0",23.0,23.0,6.082762718200684,0,0,0,0,0,0,0,0.0,0.0,9.0,0.0,4.303977413243298e+21,3.725290298461914e-05,
0,navstack-1709204551778,navstack,Static,HandCrafted,,,1709204571,876345872,"builtin_interfaces.msg.Time(sec=1709204561, nanosec=716346263)",120.0,Handcrafted_LabStudy,1,3,"-12.0,-0.0,0.5","-0.0,0.0,-0.0,-1.0","11.0,-0.0,0.0","-0.0,0.0,-0.0,-1.0",23.0,23.0,6.082762718200684,0,0,0,0,0,0,0,0.0,0.0,9.0,0.0,4.303977413243298e+21,0.0,
0,navstack-1709204551778,navstack,Static,HandCrafted,,,1709204571,896345376,"builtin_interfaces.msg.Time(sec=1709204561, nanosec=716346263)",120.0,Handcrafted_LabStudy,1,3,"-12.0,-0.0,0.5","-0.0,0.0,-0.0,-1.0","11.0,-0.0,0.0","-0.0,0.0,-0.0,-1.0",23.0,23.0,6.082762718200684,0,0,0,0,0,0,0,0.0,0.0,9.0,0.0,4.304261741637032e+21,3.725290298461914e-05,
0,navstack-1709204551778,navstack,Static,HandCrafted,,,1709204571,896345376,"builtin_interfaces.msg.Time(sec=1709204561, nanosec=716346263)",120.0,Handcrafted_LabStudy,1,3,"-12.0,-0.0,0.5","-0.0,0.0,-0.0,-1.0","11.0,-0.0,0.0","-0.0,0.0,-0.0,-1.0",23.0,23.0,6.082762718200684,0,0,0,0,0,0,0,0.0,0.0,9.0,0.0,4.304261741637032e+21,3.725290298461914e-05,
0,navstack-1709204551778,navstack,Static,HandCrafted,,,1709204571,916345834,"builtin_interfaces.msg.Time(sec=1709204561, nanosec=716346263)",120.0,Handcrafted_LabStudy,1,3,"-12.0,-0.0,0.5","-0.0,0.0,-0.0,-1.0","11.0,-0.0,0.0","-0.0,0.0,-0.0,-1.0",23.0,23.0,6.082762718200684,0,0,0,0,0,0,0,0.0,0.0,9.0,0.0,4.303977413243298e+21,3.725290298461914e-05,
0,navstack-1709204551778,navstack,Static,HandCrafted,,,1709204571,936345577,"builtin_interfaces.msg.Time(sec=1709204561, nanosec=716346263)",120.0,Handcrafted_LabStudy,1,3,"-12.0,-0.0,0.5","-0.0,0.0,-0.0,-1.0","11.0,-0.0,0.0","-0.0,0.0,-0.0,-1.0",23.0,23.0,6.082762718200684,0,0,0,0,0,0,0,0.0,0.0,9.0,0.0,4.304261741637032e+21,7.450580596923828e-05,
0,navstack-1709204551778,navstack,Static,HandCrafted,,,1709204571,936345577,"builtin_interfaces.msg.Time(sec=1709204561, nanosec=716346263)",120.0,Handcrafted_LabStudy,1,3,"-12.0,-0.0,0.5","-0.0,0.0,-0.0,-1.0","11.0,-0.0,0.0","-0.0,0.0,-0.0,-1.0",23.0,23.0,6.082762718200684,0,0,0,0,0,0,0,0.0,0.0,9.0,0.0,4.304261741637032e+21,3.725290298461914e-05,
0,navstack-1709204551778,navstack,Static,HandCrafted,,,1709204571,956346035,"builtin_interfaces.msg.Time(sec=1709204561, nanosec=716346263)",120.0,Handcrafted_LabStudy,1,3,"-12.0,-0.0,0.5","-0.0,0.0,-0.0,-1.0","11.0,-0.0,0.0","-0.0,0.0,-0.0,-1.0",23.0,23.0,6.082762718200684,0,0,0,0,0,0,0,0.0,0.0,9.0,0.0,4.303977413243298e+21,3.725290298461914e-05,
0,navstack-1709204551778,navstack,Static,HandCrafted,,,1709204571,956346035,"builtin_interfaces.msg.Time(sec=1709204561, nanosec=716346263)",120.0,Handcrafted_LabStudy,1,3,"-12.0,-0.0,0.5","-0.0,0.0,-0.0,-1.0","11.0,-0.0,0.0","-0.0,0.0,-0.0,-1.0",23.0,23.0,6.082762718200684,0,0,0,0,0,0,0,0.0,0.0,9.0,0.0,4.303977413243298e+21,3.725290298461914e-05,
0,navstack-1709204551778,navstack,Static,HandCrafted,,,1709204571,976346492,"builtin_interfaces.msg.Time(sec=1709204561, nanosec=716346263)",120.0,Handcrafted_LabStudy,1,3,"-12.0,-0.0,0.5","-0.0,0.0,-0.0,-1.0","11.0,-0.0,0.0","-0.0,0.0,-0.0,-1.0",23.0,23.0,6.082762718200684,0,0,0,0,0,0,0,0.0,0.0,9.0,0.0,4.304261741637032e+21,3.725290298461914e-05,
0,navstack-1709204551778,navstack,Static,HandCrafted,,,1709204571,996345996,"builtin_interfaces.msg.Time(sec=1709204561, nanosec=716346263)",120.0,Handcrafted_LabStudy,1,3,"-12.0,-0.0,0.5","-0.0,0.0,-0.0,-1.0","11.0,-0.0,0.0","-0.0,0.0,-0.0,-1.0",23.0,23.0,6.082762718200684,0,0,0,0,0,0,0,0.0,0.0,9.0,0.0,4.303977413243298e+21,7.450580596923828e-05,
0,navstack-1709204551778,navstack,Static,HandCrafted,,,1709204571,996345996,"builtin_interfaces.msg.Time(sec=1709204561, nanosec=716346263)",120.0,Handcrafted_LabStudy,1,3,"-12.0,-0.0,0.5","-0.0,0.0,-0.0,-1.0","11.0,-0.0,0.0","-0.0,0.0,-0.0,-1.0",23.0,23.0,6.082762718200684,0,0,0,0,0,0,0,0.0,0.0,9.0,0.0,4.303977413243298e+21,3.725290298461914e-05,
0,navstack-1709204551778,navstack,Static,HandCrafted,,,1709204572,16346454,"builtin_interfaces.msg.Time(sec=1709204561, nanosec=716346263)",120.0,Handcrafted_LabStudy,1,3,"-12.0,-0.0,0.5","-0.0,0.0,-0.0,-1.0","11.0,-0.0,0.0","-0.0,0.0,-0.0,-1.0",23.0,23.0,6.082762718200684,0,0,0,0,0,0,0,0.0,0.0,9.0,0.0,4.304261741637032e+21,3.725290298461914e-05,
0,navstack-1709204551778,navstack,Static,HandCrafted,,,1709204572,16346454,"builtin_interfaces.msg.Time(sec=1709204561, nanosec=716346263)",120.0,Handcrafted_LabStudy,1,3,"-12.0,-0.0,0.5","-0.0,0.0,-0.0,-1.0","11.0,-0.0,0.0","-0.0,0.0,-0.0,-1.0",23.0,23.0,6.082762718200684,0,0,0,0,0,0,0,0.0,0.0,9.0,0.0,4.304261741637032e+21,3.725290298461914e-05,
0,navstack-1709204551778,navstack,Static,HandCrafted,,,1709204572,16346454,"builtin_interfaces.msg.Time(sec=1709204561, nanosec=716346263)",120.0,Handcrafted_LabStudy,1,3,"-12.0,-0.0,0.5","-0.0,0.0,-0.0,-1.0","11.0,-0.0,0.0","-0.0,0.0,-0.0,-1.0",23.0,23.0,6.082762718200684,0,0,0,0,0,0,0,0.0,0.0,9.0,0.0,4.304261741637032e+21,0.0,
0,navstack-1709204551778,navstack,Static,HandCrafted,,,1709204572,36345958,"builtin_interfaces.msg.Time(sec=1709204561, nanosec=716346263)",120.0,Handcrafted_LabStudy,1,3,"-12.0,-0.0,0.5","-0.0,0.0,-0.0,-1.0","11.0,-0.0,0.0","-0.0,0.0,-0.0,-1.0",23.0,23.0,6.082762718200684,0,0,0,0,0,0,0,0.0,0.0,9.0,0.0,4.303977413243298e+21,3.725290298461914e-05,
0,navstack-1709204551778,navstack,Static,HandCrafted,,,1709204572,36345958,"builtin_interfaces.msg.Time(sec=1709204561, nanosec=716346263)",120.0,Handcrafted_LabStudy,1,3,"-12.0,-0.0,0.5","-0.0,0.0,-0.0,-1.0","11.0,-0.0,0.0","-0.0,0.0,-0.0,-1.0",23.0,23.0,6.082762718200684,0,0,0,0,0,0,0,0.0,0.0,9.0,0.0,4.303977413243298e+21,3.725290298461914e-05,
0,navstack-1709204551778,navstack,Static,HandCrafted,,,1709204572,56346416,"builtin_interfaces.msg.Time(sec=1709204561, nanosec=716346263)",120.0,Handcrafted_LabStudy,1,3,"-12.0,-0.0,0.5","-0.0,0.0,-0.0,-1.0","11.0,-0.0,0.0","-0.0,0.0,-0.0,-1.0",23.0,23.0,6.082762718200684,0,0,0,0,0,0,0,0.0,0.0,9.0,0.0,4.304261741637032e+21,3.725290298461914e-05,
0,navstack-1709204551778,navstack,Static,HandCrafted,,,1709204572,56346416,"builtin_interfaces.msg.Time(sec=1709204561, nanosec=716346263)",120.0,Handcrafted_LabStudy,1,3,"-12.0,-0.0,0.5","-0.0,0.0,-0.0,-1.0","11.0,-0.0,0.0","-0.0,0.0,-0.0,-1.0",23.0,23.0,6.082762718200684,0,0,0,0,0,0,0,0.0,0.0,9.0,0.0,4.304261741637032e+21,3.725290298461914e-05,
0,navstack-1709204551778,navstack,Static,HandCrafted,,,1709204572,76345920,"builtin_interfaces.msg.Time(sec=1709204561, nanosec=716346263)",120.0,Handcrafted_LabStudy,1,3,"-12.0,-0.0,0.5","-0.0,0.0,-0.0,-1.0","11.0,-0.0,0.0","-0.0,0.0,-0.0,-1.0",23.0,23.0,6.082762718200684,0,0,0,0,0,0,0,0.0,0.0,9.0,0.0,4.303977413243298e+21,3.725290298461914e-05,
0,navstack-1709204551778,navstack,Static,HandCrafted,,,1709204572,76345920,"builtin_interfaces.msg.Time(sec=1709204561, nanosec=716346263)",120.0,Handcrafted_LabStudy,1,3,"-12.0,-0.0,0.5","-0.0,0.0,-0.0,-1.0","11.0,-0.0,0.0","-0.0,0.0,-0.0,-1.0",23.0,23.0,6.082762718200684,0,0,0,0,0,0,0,0.0,0.0,9.0,0.0,4.303977413243298e+21,3.725290298461914e-05,
0,navstack-1709204551778,navstack,Static,HandCrafted,,,1709204572,96346139,"builtin_interfaces.msg.Time(sec=1709204561, nanosec=716346263)",120.0,Handcrafted_LabStudy,1,3,"-12.0,-0.0,0.5","-0.0,0.0,-0.0,-1.0","11.0,-0.0,0.0","-0.0,0.0,-0.0,-1.0",23.0,23.0,6.082762718200684,0,0,0,0,0,0,0,0.0,0.0,9.0,0.0,4.304261741637032e+21,3.725290298461914e-05,
0,navstack-1709204551778,navstack,Static,HandCrafted,,,1709204572,96346139,"builtin_interfaces.msg.Time(sec=1709204561, nanosec=716346263)",120.0,Handcrafted_LabStudy,1,3,"-12.0,-0.0,0.5","-0.0,0.0,-0.0,-1.0","11.0,-0.0,0.0","-0.0,0.0,-0.0,-1.0",23.0,23.0,6.082762718200684,0,0,0,0,0,0,0,0.0,0.0,9.0,0.0,4.304261741637032e+21,3.725290298461914e-05,
0,navstack-1709204551778,navstack,Static,HandCrafted,,,1709204572,116345643,"builtin_interfaces.msg.Time(sec=1709204561, nanosec=716346263)",120.0,Handcrafted_LabStudy,1,3,"-12.0,-0.0,0.5","-0.0,0.0,-0.0,-1.0","11.0,-0.0,0.0","-0.0,0.0,-0.0,-1.0",23.0,23.0,6.082762718200684,0,0,0,0,0,0,0,0.0,0.0,9.0,0.0,4.303977413243298e+21,3.725290298461914e-05,
0,navstack-1709204551778,navstack,Static,HandCrafted,,,1709204572,136346101,"builtin_interfaces.msg.Time(sec=1709204561, nanosec=716346263)",120.0,Handcrafted_LabStudy,1,3,"-12.0,-0.0,0.5","-0.0,0.0,-0.0,-1.0","11.0,-0.0,0.0","-0.0,0.0,-0.0,-1.0",23.0,23.0,6.082762718200684,0,0,0,0,0,0,0,0.0,0.0,9.0,0.0,4.304261741637032e+21,7.450580596923828e-05,
0,navstack-1709204551778,navstack,Static,HandCrafted,,,1709204572,136346101,"builtin_interfaces.msg.Time(sec=1709204561, nanosec=716346263)",120.0,Handcrafted_LabStudy,1,3,"-12.0,-0.0,0.5","-0.0,0.0,-0.0,-1.0","11.0,-0.0,0.0","-0.0,0.0,-0.0,-1.0",23.0,23.0,6.082762718200684,0,0,0,0,0,0,0,0.0,0.0,9.0,0.0,4.304261741637032e+21,3.725290298461914e-05,
0,navstack-1709204551778,navstack,Static,HandCrafted,,,1709204572,156345605,"builtin_interfaces.msg.Time(sec=1709204561, nanosec=716346263)",120.0,Handcrafted_LabStudy,1,3,"-12.0,-0.0,0.5","-0.0,0.0,-0.0,-1.0","11.0,-0.0,0.0","-0.0,0.0,-0.0,-1.0",23.0,23.0,6.082762718200684,0,0,0,0,0,0,0,0.0,0.0,9.0,0.0,4.303977413243298e+21,3.725290298461914e-05,
0,navstack-1709204551778,navstack,Static,HandCrafted,,,1709204572,156345605,"builtin_interfaces.msg.Time(sec=1709204561, nanosec=716346263)",120.0,Handcrafted_LabStudy,1,3,"-12.0,-0.0,0.5","-0.0,0.0,-0.0,-1.0","11.0,-0.0,0.0","-0.0,0.0,-0.0,-1.0",23.0,23.0,6.082762718200684,0,0,0,0,0,0,0,0.0,0.0,9.0,0.0,4.303977413243298e+21,3.725290298461914e-05,
0,navstack-1709204551778,navstack,Static,HandCrafted,,,1709204572,176346302,"builtin_interfaces.msg.Time(sec=1709204561, nanosec=716346263)",120.0,Handcrafted_LabStudy,1,3,"-12.0,-0.0,0.5","-0.0,0.0,-0.0,-1.0","11.0,-0.0,0.0","-0.0,0.0,-0.0,-1.0",23.0,23.0,6.082762718200684,0,0,0,0,0,0,0,0.0,0.0,9.0,0.0,4.304261741637032e+21,3.725290298461914e-05,
0,navstack-1709204551778,navstack,Static,HandCrafted,,,1709204572,196345806,"builtin_interfaces.msg.Time(sec=1709204561, nanosec=716346263)",120.0,Handcrafted_LabStudy,1,3,"-12.0,-0.0,0.5","-0.0,0.0,-0.0,-1.0","11.0,-0.0,0.0","-0.0,0.0,-0.0,-1.0",23.0,23.0,6.082762718200684,0,0,0,0,0,0,0,0.0,0.0,9.0,0.0,4.303977413243298e+21,7.450580596923828e-05,
0,navstack-1709204551778,navstack,Static,HandCrafted,,,1709204572,196345806,"builtin_interfaces.msg.Time(sec=1709204561, nanosec=716346263)",120.0,Handcrafted_LabStudy,1,3,"-12.0,-0.0,0.5","-0.0,0.0,-0.0,-1.0","11.0,-0.0,0.0","-0.0,0.0,-0.0,-1.0",23.0,23.0,6.082762718200684,0,0,0,0,0,0,0,0.0,0.0,9.0,0.0,4.303977413243298e+21,3.725290298461914e-05,
0,navstack-1709204551778,navstack,Static,HandCrafted,,,1709204572,216346263,"builtin_interfaces.msg.Time(sec=1709204561, nanosec=716346263)",120.0,Handcrafted_LabStudy,1,3,"-12.0,-0.0,0.5","-0.0,0.0,-0.0,-1.0","11.0,-0.0,0.0","-0.0,0.0,-0.0,-1.0",23.0,23.0,6.082762718200684,0,0,0,0,0,0,0,0.0,0.0,9.0,0.0,4.304261741637032e+21,3.725290298461914e-05,
0,navstack-1709204551778,navstack,Static,HandCrafted,,,1709204572,216346263,"builtin_interfaces.msg.Time(sec=1709204561, nanosec=716346263)",120.0,Handcrafted_LabStudy,1,3,"-12.0,-0.0,0.5","-0.0,0.0,-0.0,-1.0","11.0,-0.0,0.0","-0.0,0.0,-0.0,-1.0",23.0,23.0,6.082762718200684,0,0,0,0,0,0,0,0.0,0.0,9.0,0.0,4.304261741637032e+21,3.725290298461914e-05,
0,navstack-1709204551778,navstack,Static,HandCrafted,,,1709204572,236345767,"builtin_interfaces.msg.Time(sec=1709204561, nanosec=716346263)",120.0,Handcrafted_LabStudy,1,3,"-12.0,-0.0,0.5","-0.0,0.0,-0.0,-1.0","11.0,-0.0,0.0","-0.0,0.0,-0.0,-1.0",23.0,23.0,6.082762718200684,0,0,0,0,0,0,0,0.0,0.0,9.0,0.0,4.303977413243298e+21,3.725290298461914e-05,
0,navstack-1709204551778,navstack,Static,HandCrafted,,,1709204572,236345767,"builtin_interfaces.msg.Time(sec=1709204561, nanosec=716346263)",120.0,Handcrafted_LabStudy,1,3,"-12.0,-0.0,0.5","-0.0,0.0,-0.0,-1.0","11.0,-0.0,0.0","-0.0,0.0,-0.0,-1.0",23.0,23.0,6.082762718200684,0,0,0,0,0,0,0,0.0,0.0,9.0,0.0,4.303977413243298e+21,3.725290298461914e-05,
0,navstack-1709204551778,navstack,Static,HandCrafted,,,1709204572,256346225,"builtin_interfaces.msg.Time(sec=1709204561, nanosec=716346263)",120.0,Handcrafted_LabStudy,1,3,"-12.0,-0.0,0.5","-0.0,0.0,-0.0,-1.0","11.0,-0.0,0.0","-0.0,0.0,-0.0,-1.0",23.0,23.0,6.082762718200684,0,0,0,0,0,0,0,0.0,0.0,9.0,0.0,4.304261741637032e+21,3.725290298461914e-05,
0,navstack-1709204551778,navstack,Static,HandCrafted,,,1709204572,256346225,"builtin_interfaces.msg.Time(sec=1709204561, nanosec=716346263)",120.0,Handcrafted_LabStudy,1,3,"-12.0,-0.0,0.5","-0.0,0.0,-0.0,-1.0","11.0,-0.0,0.0","-0.0,0.0,-0.0,-1.0",23.0,23.0,6.082762718200684,0,0,0,0,0,0,0,0.0,0.0,9.0,0.0,4.304261741637032e+21,3.725290298461914e-05,
0,navstack-1709204551778,navstack,Static,HandCrafted,,,1709204572,276345729,"builtin_interfaces.msg.Time(sec=1709204561, nanosec=716346263)",120.0,Handcrafted_LabStudy,1,3,"-12.0,-0.0,0.5","-0.0,0.0,-0.0,-1.0","11.0,-0.0,0.0","-0.0,0.0,-0.0,-1.0",23.0,23.0,6.082762718200684,0,0,0,0,0,0,0,0.0,0.0,9.0,0.0,4.303977413243298e+21,3.725290298461914e-05,
0,navstack-1709204551778,navstack,Static,HandCrafted,,,1709204572,276345729,"builtin_interfaces.msg.Time(sec=1709204561, nanosec=716346263)",120.0,Handcrafted_LabStudy,1,3,"-12.0,-0.0,0.5","-0.0,0.0,-0.0,-1.0","11.0,-0.0,0.0","-0.0,0.0,-0.0,-1.0",23.0,23.0,6.082762718200684,0,0,0,0,0,0,0,0.0,0.0,9.0,0.0,4.303977413243298e+21,3.725290298461914e-05,
0,navstack-1709204551778,navstack,Static,HandCrafted,,,1709204572,276345729,"builtin_interfaces.msg.Time(sec=1709204561, nanosec=716346263)",120.0,Handcrafted_LabStudy,1,3,"-12.0,-0.0,0.5","-0.0,0.0,-0.0,-1.0","11.0,-0.0,0.0","-0.0,0.0,-0.0,-1.0",23.0,23.0,6.082762718200684,0,0,0,0,0,0,0,0.0,0.0,9.0,0.0,4.303977413243298e+21,0.0,
0,navstack-1709204551778,navstack,Static,HandCrafted,,,1709204572,296346187,"builtin_interfaces.msg.Time(sec=1709204561, nanosec=716346263)",120.0,Handcrafted_LabStudy,1,3,"-12.0,-0.0,0.5","-0.0,0.0,-0.0,-1.0","11.0,-0.0,0.0","-0.0,0.0,-0.0,-1.0",23.0,23.0,6.082762718200684,0,0,0,0,0,0,0,0.0,0.0,9.0,0.0,4.304261741637032e+21,3.725290298461914e-05,
0,navstack-1709204551778,navstack,Static,HandCrafted,,,1709204572,316345691,"builtin_interfaces.msg.Time(sec=1709204561, nanosec=716346263)",120.0,Handcrafted_LabStudy,1,3,"-12.0,-0.0,0.5","-0.0,0.0,-0.0,-1.0","11.0,-0.0,0.0","-0.0,0.0,-0.0,-1.0",23.0,23.0,6.082762718200684,0,0,0,0,0,0,0,0.0,0.0,9.0,0.0,4.303977413243298e+21,7.450580596923828e-05,
0,navstack-1709204551778,navstack,Static,HandCrafted,,,1709204572,316345691,"builtin_interfaces.msg.Time(sec=1709204561, nanosec=716346263)",120.0,Handcrafted_LabStudy,1,3,"-12.0,-0.0,0.5","-0.0,0.0,-0.0,-1.0","11.0,-0.0,0.0","-0.0,0.0,-0.0,-1.0",23.0,23.0,6.082762718200684,0,0,0,0,0,0,0,0.0,0.0,9.0,0.0,4.303977413243298e+21,3.725290298461914e-05,
0,navstack-1709204551778,navstack,Static,HandCrafted,,,1709204572,336346149,"builtin_interfaces.msg.Time(sec=1709204561, nanosec=716346263)",120.0,Handcrafted_LabStudy,1,3,"-12.0,-0.0,0.5","-0.0,0.0,-0.0,-1.0","11.0,-0.0,0.0","-0.0,0.0,-0.0,-1.0",23.0,23.0,6.082762718200684,0,0,0,0,0,0,0,0.0,0.0,9.0,0.0,4.304261741637032e+21,3.725290298461914e-05,
0,navstack-1709204551778,navstack,Static,HandCrafted,,,1709204572,336346149,"builtin_interfaces.msg.Time(sec=1709204561, nanosec=716346263)",120.0,Handcrafted_LabStudy,1,3,"-12.0,-0.0,0.5","-0.0,0.0,-0.0,-1.0","11.0,-0.0,0.0","-0.0,0.0,-0.0,-1.0",23.0,23.0,6.082762718200684,0,0,0,0,0,0,0,0.0,0.0,9.0,0.0,4.304261741637032e+21,3.725290298461914e-05,
0,navstack-1709204551778,navstack,Static,HandCrafted,,,1709204572,356345653,"builtin_interfaces.msg.Time(sec=1709204561, nanosec=716346263)",120.0,Handcrafted_LabStudy,1,3,"-12.0,-0.0,0.5","-0.0,0.0,-0.0,-1.0","11.0,-0.0,0.0","-0.0,0.0,-0.0,-1.0",23.0,23.0,6.082762718200684,0,0,0,0,0,0,0,0.0,0.0,9.0,0.0,4.303977413243298e+21,3.725290298461914e-05,
0,navstack-1709204551778,navstack,Static,HandCrafted,,,1709204572,356345653,"builtin_interfaces.msg.Time(sec=1709204561, nanosec=716346263)",120.0,Handcrafted_LabStudy,1,3,"-12.0,-0.0,0.5","-0.0,0.0,-0.0,-1.0","11.0,-0.0,0.0","-0.0,0.0,-0.0,-1.0",23.0,23.0,6.082762718200684,0,0,0,0,0,0,0,0.0,0.0,9.0,0.0,4.303977413243298e+21,3.725290298461914e-05,
0,navstack-1709204551778,navstack,Static,HandCrafted,,,1709204572,376345872,"builtin_interfaces.msg.Time(sec=1709204561, nanosec=716346263)",120.0,Handcrafted_LabStudy,1,3,"-12.0,-0.0,0.5","-0.0,0.0,-0.0,-1.0","11.0,-0.0,0.0","-0.0,0.0,-0.0,-1.0",23.0,23.0,6.082762718200684,0,0,0,0,0,0,0,0.0,0.0,9.0,0.0,4.304261741637032e+21,3.725290298461914e-05,
0,navstack-1709204551778,navstack,Static,HandCrafted,,,1709204572,376345872,"builtin_interfaces.msg.Time(sec=1709204561, nanosec=716346263)",120.0,Handcrafted_LabStudy,1,3,"-12.0,-0.0,0.5","-0.0,0.0,-0.0,-1.0","11.0,-0.0,0.0","-0.0,0.0,-0.0,-1.0",23.0,23.0,6.082762718200684,0,0,0,0,0,0,0,0.0,0.0,9.0,0.0,4.304261741637032e+21,3.725290298461914e-05,
0,navstack-1709204551778,navstack,Static,HandCrafted,,,1709204572,396345376,"builtin_interfaces.msg.Time(sec=1709204561, nanosec=716346263)",120.0,Handcrafted_LabStudy,1,3,"-12.0,-0.0,0.5","-0.0,0.0,-0.0,-1.0","11.0,-0.0,0.0","-0.0,0.0,-0.0,-1.0",23.0,23.0,6.082762718200684,0,0,0,0,0,0,0,0.0,0.0,9.0,0.0,4.303977413243298e+21,3.725290298461914e-05,
0,navstack-1709204551778,navstack,Static,HandCrafted,,,1709204572,416345834,"builtin_interfaces.msg.Time(sec=1709204561, nanosec=716346263)",120.0,Handcrafted_LabStudy,1,3,"-12.0,-0.0,0.5","-0.0,0.0,-0.0,-1.0","11.0,-0.0,0.0","-0.0,0.0,-0.0,-1.0",23.0,23.0,6.082762718200684,0,0,0,0,0,0,0,0.0,0.0,9.0,0.0,4.304261741637032e+21,7.450580596923828e-05,
0,navstack-1709204551778,navstack,Static,HandCrafted,,,1709204572,416345834,"builtin_interfaces.msg.Time(sec=1709204561, nanosec=716346263)",120.0,Handcrafted_LabStudy,1,3,"-12.0,-0.0,0.5","-0.0,0.0,-0.0,-1.0","11.0,-0.0,0.0","-0.0,0.0,-0.0,-1.0",23.0,23.0,6.082762718200684,0,0,0,0,0,0,0,0.0,0.0,9.0,0.0,4.304261741637032e+21,3.725290298461914e-05,
0,navstack-1709204551778,navstack,Static,HandCrafted,,,1709204572,436345577,"builtin_interfaces.msg.Time(sec=1709204561, nanosec=716346263)",120.0,Handcrafted_LabStudy,1,3,"-12.0,-0.0,0.5","-0.0,0.0,-0.0,-1.0","11.0,-0.0,0.0","-0.0,0.0,-0.0,-1.0",23.0,23.0,6.082762718200684,0,0,0,0,0,0,0,0.0,0.0,9.0,0.0,4.303977413243298e+21,3.725290298461914e-05,
0,navstack-1709204551778,navstack,Static,HandCrafted,,,1709204572,456346035,"builtin_interfaces.msg.Time(sec=1709204561, nanosec=716346263)",120.0,Handcrafted_LabStudy,1,3,"-12.0,-0.0,0.5","-0.0,0.0,-0.0,-1.0","11.0,-0.0,0.0","-0.0,0.0,-0.0,-1.0",23.0,23.0,6.082762718200684,0,0,0,0,0,0,0,0.0,0.0,9.0,0.0,4.304261741637032e+21,7.450580596923828e-05,
0,navstack-1709204551778,navstack,Static,HandCrafted,,,1709204572,476346492,"builtin_interfaces.msg.Time(sec=1709204561, nanosec=716346263)",120.0,Handcrafted_LabStudy,1,3,"-12.0,-0.0,0.5","-0.0,0.0,-0.0,-1.0","11.0,-0.0,0.0","-0.0,0.0,-0.0,-1.0",23.0,23.0,6.082762718200684,0,0,0,0,0,0,0,0.0,0.0,9.0,0.0,4.303977413243298e+21,7.450580596923828e-05,
0,navstack-1709204551778,navstack,Static,HandCrafted,,,1709204572,476346492,"builtin_interfaces.msg.Time(sec=1709204561, nanosec=716346263)",120.0,Handcrafted_LabStudy,1,3,"-12.0,-0.0,0.5","-0.0,0.0,-0.0,-1.0","11.0,-0.0,0.0","-0.0,0.0,-0.0,-1.0",23.0,23.0,6.082762718200684,0,0,0,0,0,0,0,0.0,0.0,9.0,0.0,4.303977413243298e+21,3.725290298461914e-05,
0,navstack-1709204551778,navstack,Static,HandCrafted,,,1709204572,496345996,"builtin_interfaces.msg.Time(sec=1709204561, nanosec=716346263)",120.0,Handcrafted_LabStudy,1,3,"-12.0,-0.0,0.5","-0.0,0.0,-0.0,-1.0","11.0,-0.0,0.0","-0.0,0.0,-0.0,-1.0",23.0,23.0,6.082762718200684,0,0,0,0,0,0,0,0.0,0.0,9.0,0.0,4.304261741637032e+21,3.725290298461914e-05,
0,navstack-1709204551778,navstack,Static,HandCrafted,,,1709204572,496345996,"builtin_interfaces.msg.Time(sec=1709204561, nanosec=716346263)",120.0,Handcrafted_LabStudy,1,3,"-12.0,-0.0,0.5","-0.0,0.0,-0.0,-1.0","11.0,-0.0,0.0","-0.0,0.0,-0.0,-1.0",23.0,23.0,6.082762718200684,0,0,0,0,0,0,0,0.0,0.0,9.0,0.0,4.304261741637032e+21,3.725290298461914e-05,
0,navstack-1709204551778,navstack,Static,HandCrafted,,,1709204572,516346454,"builtin_interfaces.msg.Time(sec=1709204561, nanosec=716346263)",120.0,Handcrafted_LabStudy,1,3,"-12.0,-0.0,0.5","-0.0,0.0,-0.0,-1.0","11.0,-0.0,0.0","-0.0,0.0,-0.0,-1.0",23.0,23.0,6.082762718200684,0,0,0,0,0,0,0,0.0,0.0,9.0,0.0,4.303977413243298e+21,3.725290298461914e-05,
0,navstack-1709204551778,navstack,Static,HandCrafted,,,1709204572,536345958,"builtin_interfaces.msg.Time(sec=1709204561, nanosec=716346263)",120.0,Handcrafted_LabStudy,1,3,"-12.0,-0.0,0.5","-0.0,0.0,-0.0,-1.0","11.0,-0.0,0.0","-0.0,0.0,-0.0,-1.0",23.0,23.0,6.082762718200684,0,0,0,0,0,0,0,0.0,0.0,9.0,0.0,4.304261741637032e+21,7.450580596923828e-05,
0,navstack-1709204551778,navstack,Static,HandCrafted,,,1709204572,536345958,"builtin_interfaces.msg.Time(sec=1709204561, nanosec=716346263)",120.0,Handcrafted_LabStudy,1,3,"-12.0,-0.0,0.5","-0.0,0.0,-0.0,-1.0","11.0,-0.0,0.0","-0.0,0.0,-0.0,-1.0",23.0,23.0,6.082762718200684,0,0,0,0,0,0,0,0.0,0.0,9.0,0.0,4.304261741637032e+21,3.725290298461914e-05,
0,navstack-1709204551778,navstack,Static,HandCrafted,,,1709204572,556346416,"builtin_interfaces.msg.Time(sec=1709204561, nanosec=716346263)",120.0,Handcrafted_LabStudy,1,3,"-12.0,-0.0,0.5","-0.0,0.0,-0.0,-1.0","11.0,-0.0,0.0","-0.0,0.0,-0.0,-1.0",23.0,23.0,6.082762718200684,0,0,0,0,0,0,0,0.0,0.0,9.0,0.0,4.303977413243298e+21,3.725290298461914e-05,
0,navstack-1709204551778,navstack,Static,HandCrafted,,,1709204572,556346416,"builtin_interfaces.msg.Time(sec=1709204561, nanosec=716346263)",120.0,Handcrafted_LabStudy,1,3,"-12.0,-0.0,0.5","-0.0,0.0,-0.0,-1.0","11.0,-0.0,0.0","-0.0,0.0,-0.0,-1.0",23.0,23.0,6.082762718200684,0,0,0,0,0,0,0,0.0,0.0,9.0,0.0,4.303977413243298e+21,3.725290298461914e-05,
0,navstack-1709204551778,navstack,Static,HandCrafted,,,1709204572,576345920,"builtin_interfaces.msg.Time(sec=1709204561, nanosec=716346263)",120.0,Handcrafted_LabStudy,1,3,"-12.0,-0.0,0.5","-0.0,0.0,-0.0,-1.0","11.0,-0.0,0.0","-0.0,0.0,-0.0,-1.0",23.0,23.0,6.082762718200684,0,0,0,0,0,0,0,0.0,0.0,9.0,0.0,4.304261741637032e+21,3.725290298461914e-05,
0,navstack-1709204551778,navstack,Static,HandCrafted,,,1709204572,576345920,"builtin_interfaces.msg.Time(sec=1709204561, nanosec=716346263)",120.0,Handcrafted_LabStudy,1,3,"-12.0,-0.0,0.5","-0.0,0.0,-0.0,-1.0","11.0,-0.0,0.0","-0.0,0.0,-0.0,-1.0",23.0,23.0,6.082762718200684,0,0,0,0,0,0,0,0.0,0.0,9.0,0.0,4.304261741637032e+21,3.725290298461914e-05,
0,navstack-1709204551778,navstack,Static,HandCrafted,,,1709204572,596346139,"builtin_interfaces.msg.Time(sec=1709204561, nanosec=716346263)",120.0,Handcrafted_LabStudy,1,3,"-12.0,-0.0,0.5","-0.0,0.0,-0.0,-1.0","11.0,-0.0,0.0","-0.0,0.0,-0.0,-1.0",23.0,23.0,6.082762718200684,0,0,0,0,0,0,0,0.0,0.0,9.0,0.0,4.303977413243298e+21,3.725290298461914e-05,
0,navstack-1709204551778,navstack,Static,HandCrafted,,,1709204572,596346139,"builtin_interfaces.msg.Time(sec=1709204561, nanosec=716346263)",120.0,Handcrafted_LabStudy,1,3,"-12.0,-0.0,0.5","-0.0,0.0,-0.0,-1.0","11.0,-0.0,0.0","-0.0,0.0,-0.0,-1.0",23.0,23.0,6.082762718200684,0,0,0,0,0,0,0,0.0,0.0,9.0,0.0,4.303977413243298e+21,3.725290298461914e-05,
0,navstack-1709204551778,navstack,Static,HandCrafted,,,1709204572,616345643,"builtin_interfaces.msg.Time(sec=1709204561, nanosec=716346263)",120.0,Handcrafted_LabStudy,1,3,"-12.0,-0.0,0.5","-0.0,0.0,-0.0,-1.0","11.0,-0.0,0.0","-0.0,0.0,-0.0,-1.0",23.0,23.0,6.082762718200684,0,0,0,0,0,0,0,0.0,0.0,9.0,0.0,4.304261741637032e+21,3.725290298461914e-05,
0,navstack-1709204551778,navstack,Static,HandCrafted,,,1709204572,616345643,"builtin_interfaces.msg.Time(sec=1709204561, nanosec=716346263)",120.0,Handcrafted_LabStudy,1,3,"-12.0,-0.0,0.5","-0.0,0.0,-0.0,-1.0","11.0,-0.0,0.0","-0.0,0.0,-0.0,-1.0",23.0,23.0,6.082762718200684,0,0,0,0,0,0,0,0.0,0.0,9.0,0.0,4.304261741637032e+21,3.725290298461914e-05,
0,navstack-1709204551778,navstack,Static,HandCrafted,,,1709204572,636346101,"builtin_interfaces.msg.Time(sec=1709204561, nanosec=716346263)",120.0,Handcrafted_LabStudy,1,3,"-12.0,-0.0,0.5","-0.0,0.0,-0.0,-1.0","11.0,-0.0,0.0","-0.0,0.0,-0.0,-1.0",23.0,23.0,6.082762718200684,0,0,0,0,0,0,0,0.0,0.0,9.0,0.0,4.303977413243298e+21,3.725290298461914e-05,
0,navstack-1709204551778,navstack,Static,HandCrafted,,,1709204572,636346101,"builtin_interfaces.msg.Time(sec=1709204561, nanosec=716346263)",120.0,Handcrafted_LabStudy,1,3,"-12.0,-0.0,0.5","-0.0,0.0,-0.0,-1.0","11.0,-0.0,0.0","-0.0,0.0,-0.0,-1.0",23.0,23.0,6.082762718200684,0,0,0,0,0,0,0,0.0,0.0,9.0,0.0,4.303977413243298e+21,3.725290298461914e-05,
0,navstack-1709204551778,navstack,Static,HandCrafted,,,1709204572,656345605,"builtin_interfaces.msg.Time(sec=1709204561, nanosec=716346263)",120.0,Handcrafted_LabStudy,1,3,"-12.0,-0.0,0.5","-0.0,0.0,-0.0,-1.0","11.0,-0.0,0.0","-0.0,0.0,-0.0,-1.0",23.0,23.0,6.082762718200684,0,0,0,0,0,0,0,0.0,0.0,9.0,0.0,4.304261741637032e+21,3.725290298461914e-05,
0,navstack-1709204551778,navstack,Static,HandCrafted,,,1709204572,656345605,"builtin_interfaces.msg.Time(sec=1709204561, nanosec=716346263)",120.0,Handcrafted_LabStudy,1,3,"-12.0,-0.0,0.5","-0.0,0.0,-0.0,-1.0","11.0,-0.0,0.0","-0.0,0.0,-0.0,-1.0",23.0,23.0,6.082762718200684,0,0,0,0,0,0,0,0.0,0.0,9.0,0.0,4.304261741637032e+21,3.725290298461914e-05,
0,navstack-1709204551778,navstack,Static,HandCrafted,,,1709204572,656345605,"builtin_interfaces.msg.Time(sec=1709204561, nanosec=716346263)",120.0,Handcrafted_LabStudy,1,3,"-12.0,-0.0,0.5","-0.0,0.0,-0.0,-1.0","11.0,-0.0,0.0","-0.0,0.0,-0.0,-1.0",23.0,23.0,6.082762718200684,0,0,0,0,0,0,0,0.0,0.0,9.0,0.0,4.304261741637032e+21,0.0,
0,navstack-1709204551778,navstack,Static,HandCrafted,,,1709204572,676346302,"builtin_interfaces.msg.Time(sec=1709204561, nanosec=716346263)",120.0,Handcrafted_LabStudy,1,3,"-12.0,-0.0,0.5","-0.0,0.0,-0.0,-1.0","11.0,-0.0,0.0","-0.0,0.0,-0.0,-1.0",23.0,23.0,6.082762718200684,0,0,0,0,0,0,0,0.0,0.0,9.0,0.0,4.303977413243298e+21,3.725290298461914e-05,
0,navstack-1709204551778,navstack,Static,HandCrafted,,,1709204572,676346302,"builtin_interfaces.msg.Time(sec=1709204561, nanosec=716346263)",120.0,Handcrafted_LabStudy,1,3,"-12.0,-0.0,0.5","-0.0,0.0,-0.0,-1.0","11.0,-0.0,0.0","-0.0,0.0,-0.0,-1.0",23.0,23.0,6.082762718200684,0,0,0,0,0,0,0,0.0,0.0,9.0,0.0,4.303977413243298e+21,3.725290298461914e-05,
0,navstack-1709204551778,navstack,Static,HandCrafted,,,1709204572,696345806,"builtin_interfaces.msg.Time(sec=1709204561, nanosec=716346263)",120.0,Handcrafted_LabStudy,1,3,"-12.0,-0.0,0.5","-0.0,0.0,-0.0,-1.0","11.0,-0.0,0.0","-0.0,0.0,-0.0,-1.0",23.0,23.0,6.082762718200684,0,0,0,0,0,0,0,0.0,0.0,9.0,0.0,4.304261741637032e+21,3.725290298461914e-05,
0,navstack-1709204551778,navstack,Static,HandCrafted,,,1709204572,716346263,"builtin_interfaces.msg.Time(sec=1709204561, nanosec=716346263)",120.0,Handcrafted_LabStudy,1,3,"-12.0,-0.0,0.5","-0.0,0.0,-0.0,-1.0","11.0,-0.0,0.0","-0.0,0.0,-0.0,-1.0",23.0,23.0,6.082762718200684,0,0,0,0,0,0,0,0.0,0.0,9.0,0.0,4.303977413243298e+21,7.450580596923828e-05,
0,navstack-1709204551778,navstack,Static,HandCrafted,,,1709204572,716346263,"builtin_interfaces.msg.Time(sec=1709204561, nanosec=716346263)",120.0,Handcrafted_LabStudy,1,3,"-12.0,-0.0,0.5","-0.0,0.0,-0.0,-1.0","11.0,-0.0,0.0","-0.0,0.0,-0.0,-1.0",23.0,23.0,6.082762718200684,0,0,0,0,0,0,0,0.0,0.0,9.0,0.0,4.303977413243298e+21,3.725290298461914e-05,
0,navstack-1709204551778,navstack,Static,HandCrafted,,,1709204572,736345767,"builtin_interfaces.msg.Time(sec=1709204561, nanosec=716346263)",120.0,Handcrafted_LabStudy,1,3,"-12.0,-0.0,0.5","-0.0,0.0,-0.0,-1.0","11.0,-0.0,0.0","-0.0,0.0,-0.0,-1.0",23.0,23.0,6.082762718200684,0,0,0,0,0,0,0,0.0,0.0,9.0,0.0,4.304261741637032e+21,3.725290298461914e-05,
0,navstack-1709204551778,navstack,Static,HandCrafted,,,1709204572,756346225,"builtin_interfaces.msg.Time(sec=1709204561, nanosec=716346263)",120.0,Handcrafted_LabStudy,1,3,"-12.0,-0.0,0.5","-0.0,0.0,-0.0,-1.0","11.0,-0.0,0.0","-0.0,0.0,-0.0,-1.0",23.0,23.0,6.082762718200684,0,0,0,0,0,0,0,0.0,0.0,9.0,0.0,4.303977413243298e+21,7.450580596923828e-05,
0,navstack-1709204551778,navstack,Static,HandCrafted,,,1709204572,756346225,"builtin_interfaces.msg.Time(sec=1709204561, nanosec=716346263)",120.0,Handcrafted_LabStudy,1,3,"-12.0,-0.0,0.5","-0.0,0.0,-0.0,-1.0","11.0,-0.0,0.0","-0.0,0.0,-0.0,-1.0",23.0,23.0,6.082762718200684,0,0,0,0,0,0,0,0.0,0.0,9.0,0.0,4.303977413243298e+21,3.725290298461914e-05,
0,navstack-1709204551778,navstack,Static,HandCrafted,,,1709204572,776345729,"builtin_interfaces.msg.Time(sec=1709204561, nanosec=716346263)",120.0,Handcrafted_LabStudy,1,3,"-12.0,-0.0,0.5","-0.0,0.0,-0.0,-1.0","11.0,-0.0,0.0","-0.0,0.0,-0.0,-1.0",23.0,23.0,6.082762718200684,0,0,0,0,0,0,0,0.0,0.0,9.0,0.0,4.304261741637032e+21,3.725290298461914e-05,
0,navstack-1709204551778,navstack,Static,HandCrafted,,,1709204572,776345729,"builtin_interfaces.msg.Time(sec=1709204561, nanosec=716346263)",120.0,Handcrafted_LabStudy,1,3,"-12.0,-0.0,0.5","-0.0,0.0,-0.0,-1.0","11.0,-0.0,0.0","-0.0,0.0,-0.0,-1.0",23.0,23.0,6.082762718200684,0,0,0,0,0,0,0,0.0,0.0,9.0,0.0,4.304261741637032e+21,3.725290298461914e-05,
0,navstack-1709204551778,navstack,Static,HandCrafted,,,1709204572,796346187,"builtin_interfaces.msg.Time(sec=1709204561, nanosec=716346263)",120.0,Handcrafted_LabStudy,1,3,"-12.0,-0.0,0.5","-0.0,0.0,-0.0,-1.0","11.0,-0.0,0.0","-0.0,0.0,-0.0,-1.0",23.0,23.0,6.082762718200684,0,0,0,0,0,0,0,0.0,0.0,9.0,0.0,4.303977413243298e+21,3.725290298461914e-05,
0,navstack-1709204551778,navstack,Static,HandCrafted,,,1709204572,796346187,"builtin_interfaces.msg.Time(sec=1709204561, nanosec=716346263)",120.0,Handcrafted_LabStudy,1,3,"-12.0,-0.0,0.5","-0.0,0.0,-0.0,-1.0","11.0,-0.0,0.0","-0.0,0.0,-0.0,-1.0",23.0,23.0,6.082762718200684,0,0,0,0,0,0,0,0.0,0.0,9.0,0.0,4.303977413243298e+21,3.725290298461914e-05,
0,navstack-1709204551778,navstack,Static,HandCrafted,,,1709204572,816345691,"builtin_interfaces.msg.Time(sec=1709204561, nanosec=716346263)",120.0,Handcrafted_LabStudy,1,3,"-12.0,-0.0,0.5","-0.0,0.0,-0.0,-1.0","11.0,-0.0,0.0","-0.0,0.0,-0.0,-1.0",23.0,23.0,6.082762718200684,0,0,0,0,0,0,0,0.0,0.0,9.0,0.0,4.304261741637032e+21,3.725290298461914e-05,
0,navstack-1709204551778,navstack,Static,HandCrafted,,,1709204572,816345691,"builtin_interfaces.msg.Time(sec=1709204561, nanosec=716346263)",120.0,Handcrafted_LabStudy,1,3,"-12.0,-0.0,0.5","-0.0,0.0,-0.0,-1.0","11.0,-0.0,0.0","-0.0,0.0,-0.0,-1.0",23.0,23.0,6.082762718200684,0,0,0,0,0,0,0,0.0,0.0,9.0,0.0,4.304261741637032e+21,3.725290298461914e-05,
0,navstack-1709204551778,navstack,Static,HandCrafted,,,1709204572,836346149,"builtin_interfaces.msg.Time(sec=1709204561, nanosec=716346263)",120.0,Handcrafted_LabStudy,1,3,"-12.0,-0.0,0.5","-0.0,0.0,-0.0,-1.0","11.0,-0.0,0.0","-0.0,0.0,-0.0,-1.0",23.0,23.0,6.082762718200684,0,0,0,0,0,0,0,0.0,0.0,10.0,0.0,4.303977413243298e+21,3.725290298461914e-05,
0,navstack-1709204551778,navstack,Static,HandCrafted,,,1709204572,836346149,"builtin_interfaces.msg.Time(sec=1709204561, nanosec=716346263)",120.0,Handcrafted_LabStudy,1,3,"-12.0,-0.0,0.5","-0.0,0.0,-0.0,-1.0","11.0,-0.0,0.0","-0.0,0.0,-0.0,-1.0",23.0,23.0,6.082762718200684,0,0,0,0,0,0,0,0.0,0.0,10.0,0.0,4.303977413243298e+21,3.725290298461914e-05,
0,navstack-1709204551778,navstack,Static,HandCrafted,,,1709204572,856345653,"builtin_interfaces.msg.Time(sec=1709204561, nanosec=716346263)",120.0,Handcrafted_LabStudy,1,3,"-12.0,-0.0,0.5","-0.0,0.0,-0.0,-1.0","11.0,-0.0,0.0","-0.0,0.0,-0.0,-1.0",23.0,23.0,6.082762718200684,0,0,0,0,0,0,0,0.0,0.0,10.0,0.0,4.304261741637032e+21,3.725290298461914e-05,
0,navstack-1709204551778,navstack,Static,HandCrafted,,,1709204572,856345653,"builtin_interfaces.msg.Time(sec=1709204561, nanosec=716346263)",120.0,Handcrafted_LabStudy,1,3,"-12.0,-0.0,0.5","-0.0,0.0,-0.0,-1.0","11.0,-0.0,0.0","-0.0,0.0,-0.0,-1.0",23.0,23.0,6.082762718200684,0,0,0,0,0,0,0,0.0,0.0,10.0,0.0,4.304261741637032e+21,3.725290298461914e-05,
0,navstack-1709204551778,navstack,Static,HandCrafted,,,1709204572,856345653,"builtin_interfaces.msg.Time(sec=1709204561, nanosec=716346263)",120.0,Handcrafted_LabStudy,1,3,"-12.0,-0.0,0.5","-0.0,0.0,-0.0,-1.0","11.0,-0.0,0.0","-0.0,0.0,-0.0,-1.0",23.0,23.0,6.082762718200684,0,0,0,0,0,0,0,0.0,0.0,10.0,0.0,4.304261741637032e+21,0.0,
0,navstack-1709204551778,navstack,Static,HandCrafted,,,1709204572,876345872,"builtin_interfaces.msg.Time(sec=1709204561, nanosec=716346263)",120.0,Handcrafted_LabStudy,1,3,"-12.0,-0.0,0.5","-0.0,0.0,-0.0,-1.0","11.0,-0.0,0.0","-0.0,0.0,-0.0,-1.0",23.0,23.0,6.082762718200684,0,0,0,0,0,0,0,0.0,0.0,10.0,0.0,4.303977413243298e+21,3.725290298461914e-05,
0,navstack-1709204551778,navstack,Static,HandCrafted,,,1709204572,876345872,"builtin_interfaces.msg.Time(sec=1709204561, nanosec=716346263)",120.0,Handcrafted_LabStudy,1,3,"-12.0,-0.0,0.5","-0.0,0.0,-0.0,-1.0","11.0,-0.0,0.0","-0.0,0.0,-0.0,-1.0",23.0,23.0,6.082762718200684,0,0,0,0,0,0,0,0.0,0.0,10.0,0.0,4.303977413243298e+21,3.725290298461914e-05,
0,navstack-1709204551778,navstack,Static,HandCrafted,,,1709204572,896345376,"builtin_interfaces.msg.Time(sec=1709204561, nanosec=716346263)",120.0,Handcrafted_LabStudy,1,3,"-12.0,-0.0,0.5","-0.0,0.0,-0.0,-1.0","11.0,-0.0,0.0","-0.0,0.0,-0.0,-1.0",23.0,23.0,6.082762718200684,0,0,0,0,0,0,0,0.0,0.0,10.0,0.0,4.304261741637032e+21,3.725290298461914e-05,
0,navstack-1709204551778,navstack,Static,HandCrafted,,,1709204572,896345376,"builtin_interfaces.msg.Time(sec=1709204561, nanosec=716346263)",120.0,Handcrafted_LabStudy,1,3,"-12.0,-0.0,0.5","-0.0,0.0,-0.0,-1.0","11.0,-0.0,0.0","-0.0,0.0,-0.0,-1.0",23.0,23.0,6.082762718200684,0,0,0,0,0,0,0,0.0,0.0,10.0,0.0,4.304261741637032e+21,3.725290298461914e-05,
0,navstack-1709204551778,navstack,Static,HandCrafted,,,1709204572,896345376,"builtin_interfaces.msg.Time(sec=1709204561, nanosec=716346263)",120.0,Handcrafted_LabStudy,1,3,"-12.0,-0.0,0.5","-0.0,0.0,-0.0,-1.0","11.0,-0.0,0.0","-0.0,0.0,-0.0,-1.0",23.0,23.0,6.082762718200684,0,0,0,0,0,0,0,0.0,0.0,10.0,0.0,4.304261741637032e+21,0.0,
0,navstack-1709204551778,navstack,Static,HandCrafted,,,1709204572,916345834,"builtin_interfaces.msg.Time(sec=1709204561, nanosec=716346263)",120.0,Handcrafted_LabStudy,1,3,"-12.0,-0.0,0.5","-0.0,0.0,-0.0,-1.0","11.0,-0.0,0.0","-0.0,0.0,-0.0,-1.0",23.0,23.0,6.082762718200684,0,0,0,0,0,0,0,0.0,0.0,10.0,0.0,4.303977413243298e+21,3.725290298461914e-05,
0,navstack-1709204551778,navstack,Static,HandCrafted,,,1709204572,916345834,"builtin_interfaces.msg.Time(sec=1709204561, nanosec=716346263)",120.0,Handcrafted_LabStudy,1,3,"-12.0,-0.0,0.5","-0.0,0.0,-0.0,-1.0","11.0,-0.0,0.0","-0.0,0.0,-0.0,-1.0",23.0,23.0,6.082762718200684,0,0,0,0,0,0,0,0.0,0.0,10.0,0.0,4.303977413243298e+21,3.725290298461914e-05,
0,navstack-1709204551778,navstack,Static,HandCrafted,,,1709204572,936345577,"builtin_interfaces.msg.Time(sec=1709204561, nanosec=716346263)",120.0,Handcrafted_LabStudy,1,3,"-12.0,-0.0,0.5","-0.0,0.0,-0.0,-1.0","11.0,-0.0,0.0","-0.0,0.0,-0.0,-1.0",23.0,23.0,6.082762718200684,0,0,0,0,0,0,0,0.0,0.0,10.0,0.0,4.304261741637032e+21,3.725290298461914e-05,
0,navstack-1709204551778,navstack,Static,HandCrafted,,,1709204572,936345577,"builtin_interfaces.msg.Time(sec=1709204561, nanosec=716346263)",120.0,Handcrafted_LabStudy,1,3,"-12.0,-0.0,0.5","-0.0,0.0,-0.0,-1.0","11.0,-0.0,0.0","-0.0,0.0,-0.0,-1.0",23.0,23.0,6.082762718200684,0,0,0,0,0,0,0,0.0,0.0,10.0,0.0,4.304261741637032e+21,3.725290298461914e-05,
0,navstack-1709204551778,navstack,Static,HandCrafted,,,1709204572,956346035,"builtin_interfaces.msg.Time(sec=1709204561, nanosec=716346263)",120.0,Handcrafted_LabStudy,1,3,"-12.0,-0.0,0.5","-0.0,0.0,-0.0,-1.0","11.0,-0.0,0.0","-0.0,0.0,-0.0,-1.0",23.0,23.0,6.082762718200684,0,0,0,0,0,0,0,0.0,0.0,10.0,0.0,4.303977413243298e+21,3.725290298461914e-05,
0,navstack-1709204551778,navstack,Static,HandCrafted,,,1709204572,956346035,"builtin_interfaces.msg.Time(sec=1709204561, nanosec=716346263)",120.0,Handcrafted_LabStudy,1,3,"-12.0,-0.0,0.5","-0.0,0.0,-0.0,-1.0","11.0,-0.0,0.0","-0.0,0.0,-0.0,-1.0",23.0,23.0,6.082762718200684,0,0,0,0,0,0,0,0.0,0.0,10.0,0.0,4.303977413243298e+21,3.725290298461914e-05,
0,navstack-1709204551778,navstack,Static,HandCrafted,,,1709204572,976345539,"builtin_interfaces.msg.Time(sec=1709204561, nanosec=716346263)",120.0,Handcrafted_LabStudy,1,3,"-12.0,-0.0,0.5","-0.0,0.0,-0.0,-1.0","11.0,-0.0,0.0","-0.0,0.0,-0.0,-1.0",23.0,23.0,6.082762718200684,0,0,0,0,0,0,0,0.0,0.0,10.0,0.0,4.304261741637032e+21,3.725290298461914e-05,
0,navstack-1709204551778,navstack,Static,HandCrafted,,,1709204572,976345539,"builtin_interfaces.msg.Time(sec=1709204561, nanosec=716346263)",120.0,Handcrafted_LabStudy,1,3,"-12.0,-0.0,0.5","-0.0,0.0,-0.0,-1.0","11.0,-0.0,0.0","-0.0,0.0,-0.0,-1.0",23.0,23.0,6.082762718200684,0,0,0,0,0,0,0,0.0,0.0,10.0,0.0,4.304261741637032e+21,3.725290298461914e-05,
0,navstack-1709204551778,navstack,Static,HandCrafted,,,1709204572,996345996,"builtin_interfaces.msg.Time(sec=1709204561, nanosec=716346263)",120.0,Handcrafted_LabStudy,1,3,"-12.0,-0.0,0.5","-0.0,0.0,-0.0,-1.0","11.0,-0.0,0.0","-0.0,0.0,-0.0,-1.0",23.0,23.0,6.082762718200684,0,0,0,0,0,0,0,0.0,0.0,10.0,0.0,4.303977413243298e+21,3.725290298461914e-05,
0,navstack-1709204551778,navstack,Static,HandCrafted,,,1709204572,996345996,"builtin_interfaces.msg.Time(sec=1709204561, nanosec=716346263)",120.0,Handcrafted_LabStudy,1,3,"-12.0,-0.0,0.5","-0.0,0.0,-0.0,-1.0","11.0,-0.0,0.0","-0.0,0.0,-0.0,-1.0",23.0,23.0,6.082762718200684,0,0,0,0,0,0,0,0.0,0.0,10.0,0.0,4.303977413243298e+21,3.725290298461914e-05,
0,navstack-1709204551778,navstack,Static,HandCrafted,,,1709204573,16346454,"builtin_interfaces.msg.Time(sec=1709204561, nanosec=716346263)",120.0,Handcrafted_LabStudy,1,3,"-12.0,-0.0,0.5","-0.0,0.0,-0.0,-1.0","11.0,-0.0,0.0","-0.0,0.0,-0.0,-1.0",23.0,23.0,6.082762718200684,0,0,0,0,0,0,0,0.0,0.0,10.0,0.0,4.304261741637032e+21,3.725290298461914e-05,
0,navstack-1709204551778,navstack,Static,HandCrafted,,,1709204573,36345958,"builtin_interfaces.msg.Time(sec=1709204561, nanosec=716346263)",120.0,Handcrafted_LabStudy,1,3,"-12.0,-0.0,0.5","-0.0,0.0,-0.0,-1.0","11.0,-0.0,0.0","-0.0,0.0,-0.0,-1.0",23.0,23.0,6.082762718200684,0,0,0,0,0,0,0,0.0,0.0,10.0,0.0,4.303977413243298e+21,7.450580596923828e-05,
0,navstack-1709204551778,navstack,Static,HandCrafted,,,1709204573,36345958,"builtin_interfaces.msg.Time(sec=1709204561, nanosec=716346263)",120.0,Handcrafted_LabStudy,1,3,"-12.0,-0.0,0.5","-0.0,0.0,-0.0,-1.0","11.0,-0.0,0.0","-0.0,0.0,-0.0,-1.0",23.0,23.0,6.082762718200684,0,0,0,0,0,0,0,0.0,0.0,10.0,0.0,4.303977413243298e+21,3.725290298461914e-05,
0,navstack-1709204551778,navstack,Static,HandCrafted,,,1709204573,56346416,"builtin_interfaces.msg.Time(sec=1709204561, nanosec=716346263)",120.0,Handcrafted_LabStudy,1,3,"-12.0,-0.0,0.5","-0.0,0.0,-0.0,-1.0","11.0,-0.0,0.0","-0.0,0.0,-0.0,-1.0",23.0,23.0,6.082762718200684,0,0,0,0,0,0,0,0.0,0.0,10.0,0.0,4.304261741637032e+21,3.725290298461914e-05,
0,navstack-1709204551778,navstack,Static,HandCrafted,,,1709204573,76345920,"builtin_interfaces.msg.Time(sec=1709204561, nanosec=716346263)",120.0,Handcrafted_LabStudy,1,3,"-12.0,-0.0,0.5","-0.0,0.0,-0.0,-1.0","11.0,-0.0,0.0","-0.0,0.0,-0.0,-1.0",23.0,23.0,6.082762718200684,0,0,0,0,0,0,0,0.0,0.0,10.0,0.0,4.303977413243298e+21,7.450580596923828e-05,
0,navstack-1709204551778,navstack,Static,HandCrafted,,,1709204573,76345920,"builtin_interfaces.msg.Time(sec=1709204561, nanosec=716346263)",120.0,Handcrafted_LabStudy,1,3,"-12.0,-0.0,0.5","-0.0,0.0,-0.0,-1.0","11.0,-0.0,0.0","-0.0,0.0,-0.0,-1.0",23.0,23.0,6.082762718200684,0,0,0,0,0,0,0,0.0,0.0,10.0,0.0,4.303977413243298e+21,3.725290298461914e-05,
0,navstack-1709204551778,navstack,Static,HandCrafted,,,1709204573,96346139,"builtin_interfaces.msg.Time(sec=1709204561, nanosec=716346263)",120.0,Handcrafted_LabStudy,1,3,"-12.0,-0.0,0.5","-0.0,0.0,-0.0,-1.0","11.0,-0.0,0.0","-0.0,0.0,-0.0,-1.0",23.0,23.0,6.082762718200684,0,0,0,0,0,0,0,0.0,0.0,10.0,0.0,4.304261741637032e+21,3.725290298461914e-05,
0,navstack-1709204551778,navstack,Static,HandCrafted,,,1709204573,96346139,"builtin_interfaces.msg.Time(sec=1709204561, nanosec=716346263)",120.0,Handcrafted_LabStudy,1,3,"-12.0,-0.0,0.5","-0.0,0.0,-0.0,-1.0","11.0,-0.0,0.0","-0.0,0.0,-0.0,-1.0",23.0,23.0,6.082762718200684,0,0,0,0,0,0,0,0.0,0.0,10.0,0.0,4.304261741637032e+21,3.725290298461914e-05,
0,navstack-1709204551778,navstack,Static,HandCrafted,,,1709204573,116345643,"builtin_interfaces.msg.Time(sec=1709204561, nanosec=716346263)",120.0,Handcrafted_LabStudy,1,3,"-12.0,-0.0,0.5","-0.0,0.0,-0.0,-1.0","11.0,-0.0,0.0","-0.0,0.0,-0.0,-1.0",23.0,23.0,6.082762718200684,0,0,0,0,0,0,0,0.0,0.0,10.0,0.0,4.303977413243298e+21,3.725290298461914e-05,
0,navstack-1709204551778,navstack,Static,HandCrafted,,,1709204573,116345643,"builtin_interfaces.msg.Time(sec=1709204561, nanosec=716346263)",120.0,Handcrafted_LabStudy,1,3,"-12.0,-0.0,0.5","-0.0,0.0,-0.0,-1.0","11.0,-0.0,0.0","-0.0,0.0,-0.0,-1.0",23.0,23.0,6.082762718200684,0,0,0,0,0,0,0,0.0,0.0,10.0,0.0,4.303977413243298e+21,3.725290298461914e-05,
0,navstack-1709204551778,navstack,Static,HandCrafted,,,1709204573,136346101,"builtin_interfaces.msg.Time(sec=1709204561, nanosec=716346263)",120.0,Handcrafted_LabStudy,1,3,"-12.0,-0.0,0.5","-0.0,0.0,-0.0,-1.0","11.0,-0.0,0.0","-0.0,0.0,-0.0,-1.0",23.0,23.0,6.082762718200684,0,0,0,0,0,0,0,0.0,0.0,10.0,0.0,4.304261741637032e+21,3.725290298461914e-05,
0,navstack-1709204551778,navstack,Static,HandCrafted,,,1709204573,136346101,"builtin_interfaces.msg.Time(sec=1709204561, nanosec=716346263)",120.0,Handcrafted_LabStudy,1,3,"-12.0,-0.0,0.5","-0.0,0.0,-0.0,-1.0","11.0,-0.0,0.0","-0.0,0.0,-0.0,-1.0",23.0,23.0,6.082762718200684,0,0,0,0,0,0,0,0.0,0.0,10.0,0.0,4.304261741637032e+21,3.725290298461914e-05,
0,navstack-1709204551778,navstack,Static,HandCrafted,,,1709204573,156345605,"builtin_interfaces.msg.Time(sec=1709204561, nanosec=716346263)",120.0,Handcrafted_LabStudy,1,3,"-12.0,-0.0,0.5","-0.0,0.0,-0.0,-1.0","11.0,-0.0,0.0","-0.0,0.0,-0.0,-1.0",23.0,23.0,6.082762718200684,0,0,0,0,0,0,0,0.0,0.0,10.0,0.0,4.303977413243298e+21,3.725290298461914e-05,
0,navstack-1709204551778,navstack,Static,HandCrafted,,,1709204573,156345605,"builtin_interfaces.msg.Time(sec=1709204561, nanosec=716346263)",120.0,Handcrafted_LabStudy,1,3,"-12.0,-0.0,0.5","-0.0,0.0,-0.0,-1.0","11.0,-0.0,0.0","-0.0,0.0,-0.0,-1.0",23.0,23.0,6.082762718200684,0,0,0,0,0,0,0,0.0,0.0,10.0,0.0,4.303977413243298e+21,3.725290298461914e-05,
0,navstack-1709204551778,navstack,Static,HandCrafted,,,1709204573,176346302,"builtin_interfaces.msg.Time(sec=1709204561, nanosec=716346263)",120.0,Handcrafted_LabStudy,1,3,"-12.0,-0.0,0.5","-0.0,0.0,-0.0,-1.0","11.0,-0.0,0.0","-0.0,0.0,-0.0,-1.0",23.0,23.0,6.082762718200684,0,0,0,0,0,0,0,0.0,0.0,10.0,0.0,4.304261741637032e+21,3.725290298461914e-05,
0,navstack-1709204551778,navstack,Static,HandCrafted,,,1709204573,196345806,"builtin_interfaces.msg.Time(sec=1709204561, nanosec=716346263)",120.0,Handcrafted_LabStudy,1,3,"-12.0,-0.0,0.5","-0.0,0.0,-0.0,-1.0","11.0,-0.0,0.0","-0.0,0.0,-0.0,-1.0",23.0,23.0,6.082762718200684,0,0,0,0,0,0,0,0.0,0.0,10.0,0.0,4.303977413243298e+21,7.450580596923828e-05,
0,navstack-1709204551778,navstack,Static,HandCrafted,,,1709204573,196345806,"builtin_interfaces.msg.Time(sec=1709204561, nanosec=716346263)",120.0,Handcrafted_LabStudy,1,3,"-12.0,-0.0,0.5","-0.0,0.0,-0.0,-1.0","11.0,-0.0,0.0","-0.0,0.0,-0.0,-1.0",23.0,23.0,6.082762718200684,0,0,0,0,0,0,0,0.0,0.0,10.0,0.0,4.303977413243298e+21,3.725290298461914e-05,
0,navstack-1709204551778,navstack,Static,HandCrafted,,,1709204573,216346263,"builtin_interfaces.msg.Time(sec=1709204561, nanosec=716346263)",120.0,Handcrafted_LabStudy,1,3,"-12.0,-0.0,0.5","-0.0,0.0,-0.0,-1.0","11.0,-0.0,0.0","-0.0,0.0,-0.0,-1.0",23.0,23.0,6.082762718200684,0,0,0,0,0,0,0,0.0,0.0,10.0,0.0,4.304261741637032e+21,3.725290298461914e-05,
0,navstack-1709204551778,navstack,Static,HandCrafted,,,1709204573,216346263,"builtin_interfaces.msg.Time(sec=1709204561, nanosec=716346263)",120.0,Handcrafted_LabStudy,1,3,"-12.0,-0.0,0.5","-0.0,0.0,-0.0,-1.0","11.0,-0.0,0.0","-0.0,0.0,-0.0,-1.0",23.0,23.0,6.082762718200684,0,0,0,0,0,0,0,0.0,0.0,10.0,0.0,4.304261741637032e+21,3.725290298461914e-05,
0,navstack-1709204551778,navstack,Static,HandCrafted,,,1709204573,236345767,"builtin_interfaces.msg.Time(sec=1709204561, nanosec=716346263)",120.0,Handcrafted_LabStudy,1,3,"-12.0,-0.0,0.5","-0.0,0.0,-0.0,-1.0","11.0,-0.0,0.0","-0.0,0.0,-0.0,-1.0",23.0,23.0,6.082762718200684,0,0,0,0,0,0,0,0.0,0.0,10.0,0.0,4.303977413243298e+21,3.725290298461914e-05,
0,navstack-1709204551778,navstack,Static,HandCrafted,,,1709204573,236345767,"builtin_interfaces.msg.Time(sec=1709204561, nanosec=716346263)",120.0,Handcrafted_LabStudy,1,3,"-12.0,-0.0,0.5","-0.0,0.0,-0.0,-1.0","11.0,-0.0,0.0","-0.0,0.0,-0.0,-1.0",23.0,23.0,6.082762718200684,0,0,0,0,0,0,0,0.0,0.0,10.0,0.0,4.303977413243298e+21,3.725290298461914e-05,
0,navstack-1709204551778,navstack,Static,HandCrafted,,,1709204573,236345767,"builtin_interfaces.msg.Time(sec=1709204561, nanosec=716346263)",120.0,Handcrafted_LabStudy,1,3,"-12.0,-0.0,0.5","-0.0,0.0,-0.0,-1.0","11.0,-0.0,0.0","-0.0,0.0,-0.0,-1.0",23.0,23.0,6.082762718200684,0,0,0,0,0,0,0,0.0,0.0,10.0,0.0,4.303977413243298e+21,0.0,
0,navstack-1709204551778,navstack,Static,HandCrafted,,,1709204573,256346225,"builtin_interfaces.msg.Time(sec=1709204561, nanosec=716346263)",120.0,Handcrafted_LabStudy,1,3,"-12.0,-0.0,0.5","-0.0,0.0,-0.0,-1.0","11.0,-0.0,0.0","-0.0,0.0,-0.0,-1.0",23.0,23.0,6.082762718200684,0,0,0,0,0,0,0,0.0,0.0,10.0,0.0,4.304261741637032e+21,3.725290298461914e-05,
0,navstack-1709204551778,navstack,Static,HandCrafted,,,1709204573,256346225,"builtin_interfaces.msg.Time(sec=1709204561, nanosec=716346263)",120.0,Handcrafted_LabStudy,1,3,"-12.0,-0.0,0.5","-0.0,0.0,-0.0,-1.0","11.0,-0.0,0.0","-0.0,0.0,-0.0,-1.0",23.0,23.0,6.082762718200684,0,0,0,0,0,0,0,0.0,0.0,10.0,0.0,4.304261741637032e+21,3.725290298461914e-05,
0,navstack-1709204551778,navstack,Static,HandCrafted,,,1709204573,276345729,"builtin_interfaces.msg.Time(sec=1709204561, nanosec=716346263)",120.0,Handcrafted_LabStudy,1,3,"-12.0,-0.0,0.5","-0.0,0.0,-0.0,-1.0","11.0,-0.0,0.0","-0.0,0.0,-0.0,-1.0",23.0,23.0,6.082762718200684,0,0,0,0,0,0,0,0.0,0.0,10.0,0.0,4.303977413243298e+21,3.725290298461914e-05,
0,navstack-1709204551778,navstack,Static,HandCrafted,,,1709204573,276345729,"builtin_interfaces.msg.Time(sec=1709204561, nanosec=716346263)",120.0,Handcrafted_LabStudy,1,3,"-12.0,-0.0,0.5","-0.0,0.0,-0.0,-1.0","11.0,-0.0,0.0","-0.0,0.0,-0.0,-1.0",23.0,23.0,6.082762718200684,0,0,0,0,0,0,0,0.0,0.0,10.0,0.0,4.303977413243298e+21,3.725290298461914e-05,
0,navstack-1709204551778,navstack,Static,HandCrafted,,,1709204573,276345729,"builtin_interfaces.msg.Time(sec=1709204561, nanosec=716346263)",120.0,Handcrafted_LabStudy,1,3,"-12.0,-0.0,0.5","-0.0,0.0,-0.0,-1.0","11.0,-0.0,0.0","-0.0,0.0,-0.0,-1.0",23.0,23.0,6.082762718200684,0,0,0,0,0,0,0,0.0,0.0,10.0,0.0,4.303977413243298e+21,0.0,
0,navstack-1709204551778,navstack,Static,HandCrafted,,,1709204573,296346187,"builtin_interfaces.msg.Time(sec=1709204561, nanosec=716346263)",120.0,Handcrafted_LabStudy,1,3,"-12.0,-0.0,0.5","-0.0,0.0,-0.0,-1.0","11.0,-0.0,0.0","-0.0,0.0,-0.0,-1.0",23.0,23.0,6.082762718200684,0,0,0,0,0,0,0,0.0,0.0,10.0,0.0,4.304261741637032e+21,3.725290298461914e-05,
0,navstack-1709204551778,navstack,Static,HandCrafted,,,1709204573,316345691,"builtin_interfaces.msg.Time(sec=1709204561, nanosec=716346263)",120.0,Handcrafted_LabStudy,1,3,"-12.0,-0.0,0.5","-0.0,0.0,-0.0,-1.0","11.0,-0.0,0.0","-0.0,0.0,-0.0,-1.0",23.0,23.0,6.082762718200684,0,0,0,0,0,0,0,0.0,0.0,10.0,0.0,4.303977413243298e+21,7.450580596923828e-05,
0,navstack-1709204551778,navstack,Static,HandCrafted,,,1709204573,316345691,"builtin_interfaces.msg.Time(sec=1709204561, nanosec=716346263)",120.0,Handcrafted_LabStudy,1,3,"-12.0,-0.0,0.5","-0.0,0.0,-0.0,-1.0","11.0,-0.0,0.0","-0.0,0.0,-0.0,-1.0",23.0,23.0,6.082762718200684,0,0,0,0,0,0,0,0.0,0.0,10.0,0.0,4.303977413243298e+21,3.725290298461914e-05,
0,navstack-1709204551778,navstack,Static,HandCrafted,,,1709204573,336346149,"builtin_interfaces.msg.Time(sec=1709204561, nanosec=716346263)",120.0,Handcrafted_LabStudy,1,3,"-12.0,-0.0,0.5","-0.0,0.0,-0.0,-1.0","11.0,-0.0,0.0","-0.0,0.0,-0.0,-1.0",23.0,23.0,6.082762718200684,0,0,0,0,0,0,0,0.0,0.0,10.0,0.0,4.304261741637032e+21,3.725290298461914e-05,
0,navstack-1709204551778,navstack,Static,HandCrafted,,,1709204573,336346149,"builtin_interfaces.msg.Time(sec=1709204561, nanosec=716346263)",120.0,Handcrafted_LabStudy,1,3,"-12.0,-0.0,0.5","-0.0,0.0,-0.0,-1.0","11.0,-0.0,0.0","-0.0,0.0,-0.0,-1.0",23.0,23.0,6.082762718200684,0,0,0,0,0,0,0,0.0,0.0,10.0,0.0,4.304261741637032e+21,3.725290298461914e-05,
0,navstack-1709204551778,navstack,Static,HandCrafted,,,1709204573,336346149,"builtin_interfaces.msg.Time(sec=1709204561, nanosec=716346263)",120.0,Handcrafted_LabStudy,1,3,"-12.0,-0.0,0.5","-0.0,0.0,-0.0,-1.0","11.0,-0.0,0.0","-0.0,0.0,-0.0,-1.0",23.0,23.0,6.082762718200684,0,0,0,0,0,0,0,0.0,0.0,10.0,0.0,4.304261741637032e+21,0.0,
0,navstack-1709204551778,navstack,Static,HandCrafted,,,1709204573,356345653,"builtin_interfaces.msg.Time(sec=1709204561, nanosec=716346263)",120.0,Handcrafted_LabStudy,1,3,"-12.0,-0.0,0.5","-0.0,0.0,-0.0,-1.0","11.0,-0.0,0.0","-0.0,0.0,-0.0,-1.0",23.0,23.0,6.082762718200684,0,0,0,0,0,0,0,0.0,0.0,10.0,0.0,4.303977413243298e+21,3.725290298461914e-05,
0,navstack-1709204551778,navstack,Static,HandCrafted,,,1709204573,376345872,"builtin_interfaces.msg.Time(sec=1709204561, nanosec=716346263)",120.0,Handcrafted_LabStudy,1,3,"-12.0,-0.0,0.5","-0.0,0.0,-0.0,-1.0","11.0,-0.0,0.0","-0.0,0.0,-0.0,-1.0",23.0,23.0,6.082762718200684,0,0,0,0,0,0,0,0.0,0.0,10.0,0.0,4.304261741637032e+21,7.450580596923828e-05,
0,navstack-1709204551778,navstack,Static,HandCrafted,,,1709204573,396345376,"builtin_interfaces.msg.Time(sec=1709204561, nanosec=716346263)",120.0,Handcrafted_LabStudy,1,3,"-12.0,-0.0,0.5","-0.0,0.0,-0.0,-1.0","11.0,-0.0,0.0","-0.0,0.0,-0.0,-1.0",23.0,23.0,6.082762718200684,0,0,0,0,0,0,0,0.0,0.0,10.0,0.0,4.303977413243298e+21,7.450580596923828e-05,
0,navstack-1709204551778,navstack,Static,HandCrafted,,,1709204573,396345376,"builtin_interfaces.msg.Time(sec=1709204561, nanosec=716346263)",120.0,Handcrafted_LabStudy,1,3,"-12.0,-0.0,0.5","-0.0,0.0,-0.0,-1.0","11.0,-0.0,0.0","-0.0,0.0,-0.0,-1.0",23.0,23.0,6.082762718200684,0,0,0,0,0,0,0,0.0,0.0,10.0,0.0,4.303977413243298e+21,3.725290298461914e-05,
0,navstack-1709204551778,navstack,Static,HandCrafted,,,1709204573,416345834,"builtin_interfaces.msg.Time(sec=1709204561, nanosec=716346263)",120.0,Handcrafted_LabStudy,1,3,"-12.0,-0.0,0.5","-0.0,0.0,-0.0,-1.0","11.0,-0.0,0.0","-0.0,0.0,-0.0,-1.0",23.0,23.0,6.082762718200684,0,0,0,0,0,0,0,0.0,0.0,10.0,0.0,4.304261741637032e+21,3.725290298461914e-05,
0,navstack-1709204551778,navstack,Static,HandCrafted,,,1709204573,416345834,"builtin_interfaces.msg.Time(sec=1709204561, nanosec=716346263)",120.0,Handcrafted_LabStudy,1,3,"-12.0,-0.0,0.5","-0.0,0.0,-0.0,-1.0","11.0,-0.0,0.0","-0.0,0.0,-0.0,-1.0",23.0,23.0,6.082762718200684,0,0,0,0,0,0,0,0.0,0.0,10.0,0.0,4.304261741637032e+21,3.725290298461914e-05,
0,navstack-1709204551778,navstack,Static,HandCrafted,,,1709204573,416345834,"builtin_interfaces.msg.Time(sec=1709204561, nanosec=716346263)",120.0,Handcrafted_LabStudy,1,3,"-12.0,-0.0,0.5","-0.0,0.0,-0.0,-1.0","11.0,-0.0,0.0","-0.0,0.0,-0.0,-1.0",23.0,23.0,6.082762718200684,0,0,0,0,0,0,0,0.0,0.0,10.0,0.0,4.304261741637032e+21,0.0,
0,navstack-1709204551778,navstack,Static,HandCrafted,,,1709204573,436345577,"builtin_interfaces.msg.Time(sec=1709204561, nanosec=716346263)",120.0,Handcrafted_LabStudy,1,3,"-12.0,-0.0,0.5","-0.0,0.0,-0.0,-1.0","11.0,-0.0,0.0","-0.0,0.0,-0.0,-1.0",23.0,23.0,6.082762718200684,0,0,0,0,0,0,0,0.0,0.0,10.0,0.0,4.303977413243298e+21,3.725290298461914e-05,
0,navstack-1709204551778,navstack,Static,HandCrafted,,,1709204573,436345577,"builtin_interfaces.msg.Time(sec=1709204561, nanosec=716346263)",120.0,Handcrafted_LabStudy,1,3,"-12.0,-0.0,0.5","-0.0,0.0,-0.0,-1.0","11.0,-0.0,0.0","-0.0,0.0,-0.0,-1.0",23.0,23.0,6.082762718200684,0,0,0,0,0,0,0,0.0,0.0,10.0,0.0,4.303977413243298e+21,3.725290298461914e-05,
0,navstack-1709204551778,navstack,Static,HandCrafted,,,1709204573,456346035,"builtin_interfaces.msg.Time(sec=1709204561, nanosec=716346263)",120.0,Handcrafted_LabStudy,1,3,"-12.0,-0.0,0.5","-0.0,0.0,-0.0,-1.0","11.0,-0.0,0.0","-0.0,0.0,-0.0,-1.0",23.0,23.0,6.082762718200684,0,0,0,0,0,0,0,0.0,0.0,10.0,0.0,4.304261741637032e+21,3.725290298461914e-05,
0,navstack-1709204551778,navstack,Static,HandCrafted,,,1709204573,456346035,"builtin_interfaces.msg.Time(sec=1709204561, nanosec=716346263)",120.0,Handcrafted_LabStudy,1,3,"-12.0,-0.0,0.5","-0.0,0.0,-0.0,-1.0","11.0,-0.0,0.0","-0.0,0.0,-0.0,-1.0",23.0,23.0,6.082762718200684,0,0,0,0,0,0,0,0.0,0.0,10.0,0.0,4.304261741637032e+21,3.725290298461914e-05,
0,navstack-1709204551778,navstack,Static,HandCrafted,,,1709204573,476345539,"builtin_interfaces.msg.Time(sec=1709204561, nanosec=716346263)",120.0,Handcrafted_LabStudy,1,3,"-12.0,-0.0,0.5","-0.0,0.0,-0.0,-1.0","11.0,-0.0,0.0","-0.0,0.0,-0.0,-1.0",23.0,23.0,6.082762718200684,0,0,0,0,0,0,0,0.0,0.0,10.0,0.0,4.303977413243298e+21,3.725290298461914e-05,
0,navstack-1709204551778,navstack,Static,HandCrafted,,,1709204573,476345539,"builtin_interfaces.msg.Time(sec=1709204561, nanosec=716346263)",120.0,Handcrafted_LabStudy,1,3,"-12.0,-0.0,0.5","-0.0,0.0,-0.0,-1.0","11.0,-0.0,0.0","-0.0,0.0,-0.0,-1.0",23.0,23.0,6.082762718200684,0,0,0,0,0,0,0,0.0,0.0,10.0,0.0,4.303977413243298e+21,3.725290298461914e-05,
0,navstack-1709204551778,navstack,Static,HandCrafted,,,1709204573,476345539,"builtin_interfaces.msg.Time(sec=1709204561, nanosec=716346263)",120.0,Handcrafted_LabStudy,1,3,"-12.0,-0.0,0.5","-0.0,0.0,-0.0,-1.0","11.0,-0.0,0.0","-0.0,0.0,-0.0,-1.0",23.0,23.0,6.082762718200684,0,0,0,0,0,0,0,0.0,0.0,10.0,0.0,4.303977413243298e+21,0.0,
0,navstack-1709204551778,navstack,Static,HandCrafted,,,1709204573,496345996,"builtin_interfaces.msg.Time(sec=1709204561, nanosec=716346263)",120.0,Handcrafted_LabStudy,1,3,"-12.0,-0.0,0.5","-0.0,0.0,-0.0,-1.0","11.0,-0.0,0.0","-0.0,0.0,-0.0,-1.0",23.0,23.0,6.082762718200684,0,0,0,0,0,0,0,0.0,0.0,10.0,0.0,4.304261741637032e+21,3.725290298461914e-05,
0,navstack-1709204551778,navstack,Static,HandCrafted,,,1709204573,496345996,"builtin_interfaces.msg.Time(sec=1709204561, nanosec=716346263)",120.0,Handcrafted_LabStudy,1,3,"-12.0,-0.0,0.5","-0.0,0.0,-0.0,-1.0","11.0,-0.0,0.0","-0.0,0.0,-0.0,-1.0",23.0,23.0,6.082762718200684,0,0,0,0,0,0,0,0.0,0.0,10.0,0.0,4.304261741637032e+21,3.725290298461914e-05,
0,navstack-1709204551778,navstack,Static,HandCrafted,,,1709204573,516346454,"builtin_interfaces.msg.Time(sec=1709204561, nanosec=716346263)",120.0,Handcrafted_LabStudy,1,3,"-12.0,-0.0,0.5","-0.0,0.0,-0.0,-1.0","11.0,-0.0,0.0","-0.0,0.0,-0.0,-1.0",23.0,23.0,6.082762718200684,0,0,0,0,0,0,0,0.0,0.0,10.0,0.0,4.303977413243298e+21,3.725290298461914e-05,
0,navstack-1709204551778,navstack,Static,HandCrafted,,,1709204573,516346454,"builtin_interfaces.msg.Time(sec=1709204561, nanosec=716346263)",120.0,Handcrafted_LabStudy,1,3,"-12.0,-0.0,0.5","-0.0,0.0,-0.0,-1.0","11.0,-0.0,0.0","-0.0,0.0,-0.0,-1.0",23.0,23.0,6.082762718200684,0,0,0,0,0,0,0,0.0,0.0,10.0,0.0,4.303977413243298e+21,3.725290298461914e-05,
0,navstack-1709204551778,navstack,Static,HandCrafted,,,1709204573,536345958,"builtin_interfaces.msg.Time(sec=1709204561, nanosec=716346263)",120.0,Handcrafted_LabStudy,1,3,"-12.0,-0.0,0.5","-0.0,0.0,-0.0,-1.0","11.0,-0.0,0.0","-0.0,0.0,-0.0,-1.0",23.0,23.0,6.082762718200684,0,0,0,0,0,0,0,0.0,0.0,10.0,0.0,4.304261741637032e+21,3.725290298461914e-05,
0,navstack-1709204551778,navstack,Static,HandCrafted,,,1709204573,556346416,"builtin_interfaces.msg.Time(sec=1709204561, nanosec=716346263)",120.0,Handcrafted_LabStudy,1,3,"-12.0,-0.0,0.5","-0.0,0.0,-0.0,-1.0","11.0,-0.0,0.0","-0.0,0.0,-0.0,-1.0",23.0,23.0,6.082762718200684,0,0,0,0,0,0,0,0.0,0.0,10.0,0.0,4.303977413243298e+21,7.450580596923828e-05,
0,navstack-1709204551778,navstack,Static,HandCrafted,,,1709204573,576345920,"builtin_interfaces.msg.Time(sec=1709204561, nanosec=716346263)",120.0,Handcrafted_LabStudy,1,3,"-12.0,-0.0,0.5","-0.0,0.0,-0.0,-1.0","11.0,-0.0,0.0","-0.0,0.0,-0.0,-1.0",23.0,23.0,6.082762718200684,0,0,0,0,0,0,0,0.0,0.0,10.0,0.0,4.304261741637032e+21,7.450580596923828e-05,
0,navstack-1709204551778,navstack,Static,HandCrafted,,,1709204573,576345920,"builtin_interfaces.msg.Time(sec=1709204561, nanosec=716346263)",120.0,Handcrafted_LabStudy,1,3,"-12.0,-0.0,0.5","-0.0,0.0,-0.0,-1.0","11.0,-0.0,0.0","-0.0,0.0,-0.0,-1.0",23.0,23.0,6.082762718200684,0,0,0,0,0,0,0,0.0,0.0,10.0,0.0,4.304261741637032e+21,3.725290298461914e-05,
0,navstack-1709204551778,navstack,Static,HandCrafted,,,1709204573,596346139,"builtin_interfaces.msg.Time(sec=1709204561, nanosec=716346263)",120.0,Handcrafted_LabStudy,1,3,"-12.0,-0.0,0.5","-0.0,0.0,-0.0,-1.0","11.0,-0.0,0.0","-0.0,0.0,-0.0,-1.0",23.0,23.0,6.082762718200684,0,0,0,0,0,0,0,0.0,0.0,10.0,0.0,4.303977413243298e+21,3.725290298461914e-05,
0,navstack-1709204551778,navstack,Static,HandCrafted,,,1709204573,596346139,"builtin_interfaces.msg.Time(sec=1709204561, nanosec=716346263)",120.0,Handcrafted_LabStudy,1,3,"-12.0,-0.0,0.5","-0.0,0.0,-0.0,-1.0","11.0,-0.0,0.0","-0.0,0.0,-0.0,-1.0",23.0,23.0,6.082762718200684,0,0,0,0,0,0,0,0.0,0.0,10.0,0.0,4.303977413243298e+21,3.725290298461914e-05,
0,navstack-1709204551778,navstack,Static,HandCrafted,,,1709204573,616345643,"builtin_interfaces.msg.Time(sec=1709204561, nanosec=716346263)",120.0,Handcrafted_LabStudy,1,3,"-12.0,-0.0,0.5","-0.0,0.0,-0.0,-1.0","11.0,-0.0,0.0","-0.0,0.0,-0.0,-1.0",23.0,23.0,6.082762718200684,0,0,0,0,0,0,0,0.0,0.0,10.0,0.0,4.304261741637032e+21,3.725290298461914e-05,
0,navstack-1709204551778,navstack,Static,HandCrafted,,,1709204573,636346101,"builtin_interfaces.msg.Time(sec=1709204561, nanosec=716346263)",120.0,Handcrafted_LabStudy,1,3,"-12.0,-0.0,0.5","-0.0,0.0,-0.0,-1.0","11.0,-0.0,0.0","-0.0,0.0,-0.0,-1.0",23.0,23.0,6.082762718200684,0,0,0,0,0,0,0,0.0,0.0,10.0,0.0,4.303977413243298e+21,7.450580596923828e-05,
0,navstack-1709204551778,navstack,Static,HandCrafted,,,1709204573,636346101,"builtin_interfaces.msg.Time(sec=1709204561, nanosec=716346263)",120.0,Handcrafted_LabStudy,1,3,"-12.0,-0.0,0.5","-0.0,0.0,-0.0,-1.0","11.0,-0.0,0.0","-0.0,0.0,-0.0,-1.0",23.0,23.0,6.082762718200684,0,0,0,0,0,0,0,0.0,0.0,10.0,0.0,4.303977413243298e+21,3.725290298461914e-05,
0,navstack-1709204551778,navstack,Static,HandCrafted,,,1709204573,656345605,"builtin_interfaces.msg.Time(sec=1709204561, nanosec=716346263)",120.0,Handcrafted_LabStudy,1,3,"-12.0,-0.0,0.5","-0.0,0.0,-0.0,-1.0","11.0,-0.0,0.0","-0.0,0.0,-0.0,-1.0",23.0,23.0,6.082762718200684,0,0,0,0,0,0,0,0.0,0.0,10.0,0.0,4.304261741637032e+21,3.725290298461914e-05,
0,navstack-1709204551778,navstack,Static,HandCrafted,,,1709204573,656345605,"builtin_interfaces.msg.Time(sec=1709204561, nanosec=716346263)",120.0,Handcrafted_LabStudy,1,3,"-12.0,-0.0,0.5","-0.0,0.0,-0.0,-1.0","11.0,-0.0,0.0","-0.0,0.0,-0.0,-1.0",23.0,23.0,6.082762718200684,0,0,0,0,0,0,0,0.0,0.0,10.0,0.0,4.304261741637032e+21,3.725290298461914e-05,
0,navstack-1709204551778,navstack,Static,HandCrafted,,,1709204573,676346302,"builtin_interfaces.msg.Time(sec=1709204561, nanosec=716346263)",120.0,Handcrafted_LabStudy,1,3,"-12.0,-0.0,0.5","-0.0,0.0,-0.0,-1.0","11.0,-0.0,0.0","-0.0,0.0,-0.0,-1.0",23.0,23.0,6.082762718200684,0,0,0,0,0,0,0,0.0,0.0,10.0,0.0,4.303977413243298e+21,3.725290298461914e-05,
0,navstack-1709204551778,navstack,Static,HandCrafted,,,1709204573,676346302,"builtin_interfaces.msg.Time(sec=1709204561, nanosec=716346263)",120.0,Handcrafted_LabStudy,1,3,"-12.0,-0.0,0.5","-0.0,0.0,-0.0,-1.0","11.0,-0.0,0.0","-0.0,0.0,-0.0,-1.0",23.0,23.0,6.082762718200684,0,0,0,0,0,0,0,0.0,0.0,10.0,0.0,4.303977413243298e+21,3.725290298461914e-05,
0,navstack-1709204551778,navstack,Static,HandCrafted,,,1709204573,696345806,"builtin_interfaces.msg.Time(sec=1709204561, nanosec=716346263)",120.0,Handcrafted_LabStudy,1,3,"-12.0,-0.0,0.5","-0.0,0.0,-0.0,-1.0","11.0,-0.0,0.0","-0.0,0.0,-0.0,-1.0",23.0,23.0,6.082762718200684,0,0,0,0,0,0,0,0.0,0.0,10.0,0.0,4.304261741637032e+21,3.725290298461914e-05,
0,navstack-1709204551778,navstack,Static,HandCrafted,,,1709204573,696345806,"builtin_interfaces.msg.Time(sec=1709204561, nanosec=716346263)",120.0,Handcrafted_LabStudy,1,3,"-12.0,-0.0,0.5","-0.0,0.0,-0.0,-1.0","11.0,-0.0,0.0","-0.0,0.0,-0.0,-1.0",23.0,23.0,6.082762718200684,0,0,0,0,0,0,0,0.0,0.0,10.0,0.0,4.304261741637032e+21,3.725290298461914e-05,
0,navstack-1709204551778,navstack,Static,HandCrafted,,,1709204573,716346263,"builtin_interfaces.msg.Time(sec=1709204561, nanosec=716346263)",120.0,Handcrafted_LabStudy,1,3,"-12.0,-0.0,0.5","-0.0,0.0,-0.0,-1.0","11.0,-0.0,0.0","-0.0,0.0,-0.0,-1.0",23.0,23.0,6.082762718200684,0,0,0,0,0,0,0,0.0,0.0,10.0,0.0,4.303977413243298e+21,3.725290298461914e-05,
0,navstack-1709204551778,navstack,Static,HandCrafted,,,1709204573,716346263,"builtin_interfaces.msg.Time(sec=1709204561, nanosec=716346263)",120.0,Handcrafted_LabStudy,1,3,"-12.0,-0.0,0.5","-0.0,0.0,-0.0,-1.0","11.0,-0.0,0.0","-0.0,0.0,-0.0,-1.0",23.0,23.0,6.082762718200684,0,0,0,0,0,0,0,0.0,0.0,10.0,0.0,4.303977413243298e+21,3.725290298461914e-05,
0,navstack-1709204551778,navstack,Static,HandCrafted,,,1709204573,716346263,"builtin_interfaces.msg.Time(sec=1709204561, nanosec=716346263)",120.0,Handcrafted_LabStudy,1,3,"-12.0,-0.0,0.5","-0.0,0.0,-0.0,-1.0","11.0,-0.0,0.0","-0.0,0.0,-0.0,-1.0",23.0,23.0,6.082762718200684,0,0,0,0,0,0,0,0.0,0.0,10.0,0.0,4.303977413243298e+21,0.0,
0,navstack-1709204551778,navstack,Static,HandCrafted,,,1709204573,736345767,"builtin_interfaces.msg.Time(sec=1709204561, nanosec=716346263)",120.0,Handcrafted_LabStudy,1,3,"-12.0,-0.0,0.5","-0.0,0.0,-0.0,-1.0","11.0,-0.0,0.0","-0.0,0.0,-0.0,-1.0",23.0,23.0,6.082762718200684,0,0,0,0,0,0,0,0.0,0.0,10.0,0.0,4.304261741637032e+21,3.725290298461914e-05,
0,navstack-1709204551778,navstack,Static,HandCrafted,,,1709204573,736345767,"builtin_interfaces.msg.Time(sec=1709204561, nanosec=716346263)",120.0,Handcrafted_LabStudy,1,3,"-12.0,-0.0,0.5","-0.0,0.0,-0.0,-1.0","11.0,-0.0,0.0","-0.0,0.0,-0.0,-1.0",23.0,23.0,6.082762718200684,0,0,0,0,0,0,0,0.0,0.0,10.0,0.0,4.304261741637032e+21,3.725290298461914e-05,
0,navstack-1709204551778,navstack,Static,HandCrafted,,,1709204573,756346225,"builtin_interfaces.msg.Time(sec=1709204561, nanosec=716346263)",120.0,Handcrafted_LabStudy,1,3,"-12.0,-0.0,0.5","-0.0,0.0,-0.0,-1.0","11.0,-0.0,0.0","-0.0,0.0,-0.0,-1.0",23.0,23.0,6.082762718200684,0,0,0,0,0,0,0,0.0,0.0,10.0,0.0,4.303977413243298e+21,3.725290298461914e-05,
0,navstack-1709204551778,navstack,Static,HandCrafted,,,1709204573,756346225,"builtin_interfaces.msg.Time(sec=1709204561, nanosec=716346263)",120.0,Handcrafted_LabStudy,1,3,"-12.0,-0.0,0.5","-0.0,0.0,-0.0,-1.0","11.0,-0.0,0.0","-0.0,0.0,-0.0,-1.0",23.0,23.0,6.082762718200684,0,0,0,0,0,0,0,0.0,0.0,10.0,0.0,4.303977413243298e+21,3.725290298461914e-05,
0,navstack-1709204551778,navstack,Static,HandCrafted,,,1709204573,776345729,"builtin_interfaces.msg.Time(sec=1709204561, nanosec=716346263)",120.0,Handcrafted_LabStudy,1,3,"-12.0,-0.0,0.5","-0.0,0.0,-0.0,-1.0","11.0,-0.0,0.0","-0.0,0.0,-0.0,-1.0",23.0,23.0,6.082762718200684,0,0,0,0,0,0,0,0.0,0.0,10.0,0.0,4.304261741637032e+21,3.725290298461914e-05,
0,navstack-1709204551778,navstack,Static,HandCrafted,,,1709204573,796346187,"builtin_interfaces.msg.Time(sec=1709204561, nanosec=716346263)",120.0,Handcrafted_LabStudy,1,3,"-12.0,-0.0,0.5","-0.0,0.0,-0.0,-1.0","11.0,-0.0,0.0","-0.0,0.0,-0.0,-1.0",23.0,23.0,6.082762718200684,0,0,0,0,0,0,0,0.0,0.0,10.0,0.0,4.303977413243298e+21,7.450580596923828e-05,
0,navstack-1709204551778,navstack,Static,HandCrafted,,,1709204573,796346187,"builtin_interfaces.msg.Time(sec=1709204561, nanosec=716346263)",120.0,Handcrafted_LabStudy,1,3,"-12.0,-0.0,0.5","-0.0,0.0,-0.0,-1.0","11.0,-0.0,0.0","-0.0,0.0,-0.0,-1.0",23.0,23.0,6.082762718200684,0,0,0,0,0,0,0,0.0,0.0,10.0,0.0,4.303977413243298e+21,3.725290298461914e-05,
0,navstack-1709204551778,navstack,Static,HandCrafted,,,1709204573,796346187,"builtin_interfaces.msg.Time(sec=1709204561, nanosec=716346263)",120.0,Handcrafted_LabStudy,1,3,"-12.0,-0.0,0.5","-0.0,0.0,-0.0,-1.0","11.0,-0.0,0.0","-0.0,0.0,-0.0,-1.0",23.0,23.0,6.082762718200684,0,0,0,0,0,0,0,0.0,0.0,10.0,0.0,4.303977413243298e+21,0.0,
0,navstack-1709204551778,navstack,Static,HandCrafted,,,1709204573,816345691,"builtin_interfaces.msg.Time(sec=1709204561, nanosec=716346263)",120.0,Handcrafted_LabStudy,1,3,"-12.0,-0.0,0.5","-0.0,0.0,-0.0,-1.0","11.0,-0.0,0.0","-0.0,0.0,-0.0,-1.0",23.0,23.0,6.082762718200684,0,0,0,0,0,0,0,0.0,0.0,10.0,0.0,4.304261741637032e+21,3.725290298461914e-05,
0,navstack-1709204551778,navstack,Static,HandCrafted,,,1709204573,816345691,"builtin_interfaces.msg.Time(sec=1709204561, nanosec=716346263)",120.0,Handcrafted_LabStudy,1,3,"-12.0,-0.0,0.5","-0.0,0.0,-0.0,-1.0","11.0,-0.0,0.0","-0.0,0.0,-0.0,-1.0",23.0,23.0,6.082762718200684,0,0,0,0,0,0,0,0.0,0.0,10.0,0.0,4.304261741637032e+21,3.725290298461914e-05,
0,navstack-1709204551778,navstack,Static,HandCrafted,,,1709204573,836346149,"builtin_interfaces.msg.Time(sec=1709204561, nanosec=716346263)",120.0,Handcrafted_LabStudy,1,3,"-12.0,-0.0,0.5","-0.0,0.0,-0.0,-1.0","11.0,-0.0,0.0","-0.0,0.0,-0.0,-1.0",23.0,23.0,6.082762718200684,0,0,0,0,0,0,0,0.0,0.0,11.0,0.0,4.303977413243298e+21,3.725290298461914e-05,
0,navstack-1709204551778,navstack,Static,HandCrafted,,,1709204573,856345653,"builtin_interfaces.msg.Time(sec=1709204561, nanosec=716346263)",120.0,Handcrafted_LabStudy,1,3,"-12.0,-0.0,0.5","-0.0,0.0,-0.0,-1.0","11.0,-0.0,0.0","-0.0,0.0,-0.0,-1.0",23.0,23.0,6.082762718200684,0,0,0,0,0,0,0,0.0,0.0,11.0,0.0,4.304261741637032e+21,7.450580596923828e-05,
0,navstack-1709204551778,navstack,Static,HandCrafted,,,1709204573,856345653,"builtin_interfaces.msg.Time(sec=1709204561, nanosec=716346263)",120.0,Handcrafted_LabStudy,1,3,"-12.0,-0.0,0.5","-0.0,0.0,-0.0,-1.0","11.0,-0.0,0.0","-0.0,0.0,-0.0,-1.0",23.0,23.0,6.082762718200684,0,0,0,0,0,0,0,0.0,0.0,11.0,0.0,4.304261741637032e+21,3.725290298461914e-05,
0,navstack-1709204551778,navstack,Static,HandCrafted,,,1709204573,876345872,"builtin_interfaces.msg.Time(sec=1709204561, nanosec=716346263)",120.0,Handcrafted_LabStudy,1,3,"-12.0,-0.0,0.5","-0.0,0.0,-0.0,-1.0","11.0,-0.0,0.0","-0.0,0.0,-0.0,-1.0",23.0,23.0,6.082762718200684,0,0,0,0,0,0,0,0.0,0.0,11.0,0.0,4.303977413243298e+21,3.725290298461914e-05,
0,navstack-1709204551778,navstack,Static,HandCrafted,,,1709204573,896345376,"builtin_interfaces.msg.Time(sec=1709204561, nanosec=716346263)",120.0,Handcrafted_LabStudy,1,3,"-12.0,-0.0,0.5","-0.0,0.0,-0.0,-1.0","11.0,-0.0,0.0","-0.0,0.0,-0.0,-1.0",23.0,23.0,6.082762718200684,0,0,0,0,0,0,0,0.0,0.0,11.0,0.0,4.304261741637032e+21,7.450580596923828e-05,
0,navstack-1709204551778,navstack,Static,HandCrafted,,,1709204573,916345834,"builtin_interfaces.msg.Time(sec=1709204561, nanosec=716346263)",120.0,Handcrafted_LabStudy,1,3,"-12.0,-0.0,0.5","-0.0,0.0,-0.0,-1.0","11.0,-0.0,0.0","-0.0,0.0,-0.0,-1.0",23.0,23.0,6.082762718200684,0,0,0,0,0,0,0,0.0,0.0,11.0,0.0,4.303977413243298e+21,7.450580596923828e-05,
0,navstack-1709204551778,navstack,Static,HandCrafted,,,1709204573,916345834,"builtin_interfaces.msg.Time(sec=1709204561, nanosec=716346263)",120.0,Handcrafted_LabStudy,1,3,"-12.0,-0.0,0.5","-0.0,0.0,-0.0,-1.0","11.0,-0.0,0.0","-0.0,0.0,-0.0,-1.0",23.0,23.0,6.082762718200684,0,0,0,0,0,0,0,0.0,0.0,11.0,0.0,4.303977413243298e+21,3.725290298461914e-05,
0,navstack-1709204551778,navstack,Static,HandCrafted,,,1709204573,936345577,"builtin_interfaces.msg.Time(sec=1709204561, nanosec=716346263)",120.0,Handcrafted_LabStudy,1,3,"-12.0,-0.0,0.5","-0.0,0.0,-0.0,-1.0","11.0,-0.0,0.0","-0.0,0.0,-0.0,-1.0",23.0,23.0,6.082762718200684,0,0,0,0,0,0,0,0.0,0.0,11.0,0.0,4.304261741637032e+21,3.725290298461914e-05,
0,navstack-1709204551778,navstack,Static,HandCrafted,,,1709204573,936345577,"builtin_interfaces.msg.Time(sec=1709204561, nanosec=716346263)",120.0,Handcrafted_LabStudy,1,3,"-12.0,-0.0,0.5","-0.0,0.0,-0.0,-1.0","11.0,-0.0,0.0","-0.0,0.0,-0.0,-1.0",23.0,23.0,6.082762718200684,0,0,0,0,0,0,0,0.0,0.0,11.0,0.0,4.304261741637032e+21,3.725290298461914e-05,
0,navstack-1709204551778,navstack,Static,HandCrafted,,,1709204573,956346035,"builtin_interfaces.msg.Time(sec=1709204561, nanosec=716346263)",120.0,Handcrafted_LabStudy,1,3,"-12.0,-0.0,0.5","-0.0,0.0,-0.0,-1.0","11.0,-0.0,0.0","-0.0,0.0,-0.0,-1.0",23.0,23.0,6.082762718200684,0,0,0,0,0,0,0,0.0,0.0,11.0,0.0,4.303977413243298e+21,3.725290298461914e-05,
0,navstack-1709204551778,navstack,Static,HandCrafted,,,1709204573,956346035,"builtin_interfaces.msg.Time(sec=1709204561, nanosec=716346263)",120.0,Handcrafted_LabStudy,1,3,"-12.0,-0.0,0.5","-0.0,0.0,-0.0,-1.0","11.0,-0.0,0.0","-0.0,0.0,-0.0,-1.0",23.0,23.0,6.082762718200684,0,0,0,0,0,0,0,0.0,0.0,11.0,0.0,4.303977413243298e+21,3.725290298461914e-05,
0,navstack-1709204551778,navstack,Static,HandCrafted,,,1709204573,976345539,"builtin_interfaces.msg.Time(sec=1709204561, nanosec=716346263)",120.0,Handcrafted_LabStudy,1,3,"-12.0,-0.0,0.5","-0.0,0.0,-0.0,-1.0","11.0,-0.0,0.0","-0.0,0.0,-0.0,-1.0",23.0,23.0,6.082762718200684,0,0,0,0,0,0,0,0.0,0.0,11.0,0.0,4.304261741637032e+21,3.725290298461914e-05,
0,navstack-1709204551778,navstack,Static,HandCrafted,,,1709204573,996345996,"builtin_interfaces.msg.Time(sec=1709204561, nanosec=716346263)",120.0,Handcrafted_LabStudy,1,3,"-12.0,-0.0,0.5","-0.0,0.0,-0.0,-1.0","11.0,-0.0,0.0","-0.0,0.0,-0.0,-1.0",23.0,23.0,6.082762718200684,0,0,0,0,0,0,0,0.0,0.0,11.0,0.0,4.303977413243298e+21,7.450580596923828e-05,
0,navstack-1709204551778,navstack,Static,HandCrafted,,,1709204573,996345996,"builtin_interfaces.msg.Time(sec=1709204561, nanosec=716346263)",120.0,Handcrafted_LabStudy,1,3,"-12.0,-0.0,0.5","-0.0,0.0,-0.0,-1.0","11.0,-0.0,0.0","-0.0,0.0,-0.0,-1.0",23.0,23.0,6.082762718200684,0,0,0,0,0,0,0,0.0,0.0,11.0,0.0,4.303977413243298e+21,3.725290298461914e-05,
0,navstack-1709204551778,navstack,Static,HandCrafted,,,1709204573,996345996,"builtin_interfaces.msg.Time(sec=1709204561, nanosec=716346263)",120.0,Handcrafted_LabStudy,1,3,"-12.0,-0.0,0.5","-0.0,0.0,-0.0,-1.0","11.0,-0.0,0.0","-0.0,0.0,-0.0,-1.0",23.0,23.0,6.082762718200684,0,0,0,0,0,0,0,0.0,0.0,11.0,0.0,4.303977413243298e+21,0.0,
0,navstack-1709204551778,navstack,Static,HandCrafted,,,1709204574,16346454,"builtin_interfaces.msg.Time(sec=1709204561, nanosec=716346263)",120.0,Handcrafted_LabStudy,1,3,"-12.0,-0.0,0.5","-0.0,0.0,-0.0,-1.0","11.0,-0.0,0.0","-0.0,0.0,-0.0,-1.0",23.0,23.0,6.082762718200684,0,0,0,0,0,0,0,0.0,0.0,11.0,0.0,4.304261741637032e+21,3.725290298461914e-05,
0,navstack-1709204551778,navstack,Static,HandCrafted,,,1709204574,16346454,"builtin_interfaces.msg.Time(sec=1709204561, nanosec=716346263)",120.0,Handcrafted_LabStudy,1,3,"-12.0,-0.0,0.5","-0.0,0.0,-0.0,-1.0","11.0,-0.0,0.0","-0.0,0.0,-0.0,-1.0",23.0,23.0,6.082762718200684,0,0,0,0,0,0,0,0.0,0.0,11.0,0.0,4.304261741637032e+21,3.725290298461914e-05,
0,navstack-1709204551778,navstack,Static,HandCrafted,,,1709204574,36345958,"builtin_interfaces.msg.Time(sec=1709204561, nanosec=716346263)",120.0,Handcrafted_LabStudy,1,3,"-12.0,-0.0,0.5","-0.0,0.0,-0.0,-1.0","11.0,-0.0,0.0","-0.0,0.0,-0.0,-1.0",23.0,23.0,6.082762718200684,0,0,0,0,0,0,0,0.0,0.0,11.0,0.0,4.303977413243298e+21,3.725290298461914e-05,
0,navstack-1709204551778,navstack,Static,HandCrafted,,,1709204574,36345958,"builtin_interfaces.msg.Time(sec=1709204561, nanosec=716346263)",120.0,Handcrafted_LabStudy,1,3,"-12.0,-0.0,0.5","-0.0,0.0,-0.0,-1.0","11.0,-0.0,0.0","-0.0,0.0,-0.0,-1.0",23.0,23.0,6.082762718200684,0,0,0,0,0,0,0,0.0,0.0,11.0,0.0,4.303977413243298e+21,3.725290298461914e-05,
0,navstack-1709204551778,navstack,Static,HandCrafted,,,1709204574,36345958,"builtin_interfaces.msg.Time(sec=1709204561, nanosec=716346263)",120.0,Handcrafted_LabStudy,1,3,"-12.0,-0.0,0.5","-0.0,0.0,-0.0,-1.0","11.0,-0.0,0.0","-0.0,0.0,-0.0,-1.0",23.0,23.0,6.082762718200684,0,0,0,0,0,0,0,0.0,0.0,11.0,0.0,4.303977413243298e+21,0.0,
0,navstack-1709204551778,navstack,Static,HandCrafted,,,1709204574,56346416,"builtin_interfaces.msg.Time(sec=1709204561, nanosec=716346263)",120.0,Handcrafted_LabStudy,1,3,"-12.0,-0.0,0.5","-0.0,0.0,-0.0,-1.0","11.0,-0.0,0.0","-0.0,0.0,-0.0,-1.0",23.0,23.0,6.082762718200684,0,0,0,0,0,0,0,0.0,0.0,11.0,0.0,4.304261741637032e+21,3.725290298461914e-05,
0,navstack-1709204551778,navstack,Static,HandCrafted,,,1709204574,76345920,"builtin_interfaces.msg.Time(sec=1709204561, nanosec=716346263)",120.0,Handcrafted_LabStudy,1,3,"-12.0,-0.0,0.5","-0.0,0.0,-0.0,-1.0","11.0,-0.0,0.0","-0.0,0.0,-0.0,-1.0",23.0,23.0,6.082762718200684,0,0,0,0,0,0,0,0.0,0.0,11.0,0.0,4.303977413243298e+21,7.450580596923828e-05,
0,navstack-1709204551778,navstack,Static,HandCrafted,,,1709204574,96346139,"builtin_interfaces.msg.Time(sec=1709204561, nanosec=716346263)",120.0,Handcrafted_LabStudy,1,3,"-12.0,-0.0,0.5","-0.0,0.0,-0.0,-1.0","11.0,-0.0,0.0","-0.0,0.0,-0.0,-1.0",23.0,23.0,6.082762718200684,0,0,0,0,0,0,0,0.0,0.0,11.0,0.0,4.304261741637032e+21,7.450580596923828e-05,
0,navstack-1709204551778,navstack,Static,HandCrafted,,,1709204574,96346139,"builtin_interfaces.msg.Time(sec=1709204561, nanosec=716346263)",120.0,Handcrafted_LabStudy,1,3,"-12.0,-0.0,0.5","-0.0,0.0,-0.0,-1.0","11.0,-0.0,0.0","-0.0,0.0,-0.0,-1.0",23.0,23.0,6.082762718200684,0,0,0,0,0,0,0,0.0,0.0,11.0,0.0,4.304261741637032e+21,3.725290298461914e-05,
0,navstack-1709204551778,navstack,Static,HandCrafted,,,1709204574,116345643,"builtin_interfaces.msg.Time(sec=1709204561, nanosec=716346263)",120.0,Handcrafted_LabStudy,1,3,"-12.0,-0.0,0.5","-0.0,0.0,-0.0,-1.0","11.0,-0.0,0.0","-0.0,0.0,-0.0,-1.0",23.0,23.0,6.082762718200684,0,0,0,0,0,0,0,0.0,0.0,11.0,0.0,4.303977413243298e+21,3.725290298461914e-05,
0,navstack-1709204551778,navstack,Static,HandCrafted,,,1709204574,116345643,"builtin_interfaces.msg.Time(sec=1709204561, nanosec=716346263)",120.0,Handcrafted_LabStudy,1,3,"-12.0,-0.0,0.5","-0.0,0.0,-0.0,-1.0","11.0,-0.0,0.0","-0.0,0.0,-0.0,-1.0",23.0,23.0,6.082762718200684,0,0,0,0,0,0,0,0.0,0.0,11.0,0.0,4.303977413243298e+21,3.725290298461914e-05,
0,navstack-1709204551778,navstack,Static,HandCrafted,,,1709204574,136346101,"builtin_interfaces.msg.Time(sec=1709204561, nanosec=716346263)",120.0,Handcrafted_LabStudy,1,3,"-12.0,-0.0,0.5","-0.0,0.0,-0.0,-1.0","11.0,-0.0,0.0","-0.0,0.0,-0.0,-1.0",23.0,23.0,6.082762718200684,0,0,0,0,0,0,0,0.0,0.0,11.0,0.0,4.304261741637032e+21,3.725290298461914e-05,
0,navstack-1709204551778,navstack,Static,HandCrafted,,,1709204574,136346101,"builtin_interfaces.msg.Time(sec=1709204561, nanosec=716346263)",120.0,Handcrafted_LabStudy,1,3,"-12.0,-0.0,0.5","-0.0,0.0,-0.0,-1.0","11.0,-0.0,0.0","-0.0,0.0,-0.0,-1.0",23.0,23.0,6.082762718200684,0,0,0,0,0,0,0,0.0,0.0,11.0,0.0,4.304261741637032e+21,3.725290298461914e-05,
0,navstack-1709204551778,navstack,Static,HandCrafted,,,1709204574,156345605,"builtin_interfaces.msg.Time(sec=1709204561, nanosec=716346263)",120.0,Handcrafted_LabStudy,1,3,"-12.0,-0.0,0.5","-0.0,0.0,-0.0,-1.0","11.0,-0.0,0.0","-0.0,0.0,-0.0,-1.0",23.0,23.0,6.082762718200684,0,0,0,0,0,0,0,0.0,0.0,11.0,0.0,4.303977413243298e+21,3.725290298461914e-05,
0,navstack-1709204551778,navstack,Static,HandCrafted,,,1709204574,156345605,"builtin_interfaces.msg.Time(sec=1709204561, nanosec=716346263)",120.0,Handcrafted_LabStudy,1,3,"-12.0,-0.0,0.5","-0.0,0.0,-0.0,-1.0","11.0,-0.0,0.0","-0.0,0.0,-0.0,-1.0",23.0,23.0,6.082762718200684,0,0,0,0,0,0,0,0.0,0.0,11.0,0.0,4.303977413243298e+21,3.725290298461914e-05,
0,navstack-1709204551778,navstack,Static,HandCrafted,,,1709204574,176346302,"builtin_interfaces.msg.Time(sec=1709204561, nanosec=716346263)",120.0,Handcrafted_LabStudy,1,3,"-12.0,-0.0,0.5","-0.0,0.0,-0.0,-1.0","11.0,-0.0,0.0","-0.0,0.0,-0.0,-1.0",23.0,23.0,6.082762718200684,0,0,0,0,0,0,0,0.0,0.0,11.0,0.0,4.304261741637032e+21,3.725290298461914e-05,
0,navstack-1709204551778,navstack,Static,HandCrafted,,,1709204574,196345806,"builtin_interfaces.msg.Time(sec=1709204561, nanosec=716346263)",120.0,Handcrafted_LabStudy,1,3,"-12.0,-0.0,0.5","-0.0,0.0,-0.0,-1.0","11.0,-0.0,0.0","-0.0,0.0,-0.0,-1.0",23.0,23.0,6.082762718200684,0,0,0,0,0,0,0,0.0,0.0,11.0,0.0,4.303977413243298e+21,7.450580596923828e-05,
0,navstack-1709204551778,navstack,Static,HandCrafted,,,1709204574,196345806,"builtin_interfaces.msg.Time(sec=1709204561, nanosec=716346263)",120.0,Handcrafted_LabStudy,1,3,"-12.0,-0.0,0.5","-0.0,0.0,-0.0,-1.0","11.0,-0.0,0.0","-0.0,0.0,-0.0,-1.0",23.0,23.0,6.082762718200684,0,0,0,0,0,0,0,0.0,0.0,11.0,0.0,4.303977413243298e+21,3.725290298461914e-05,
0,navstack-1709204551778,navstack,Static,HandCrafted,,,1709204574,216346263,"builtin_interfaces.msg.Time(sec=1709204561, nanosec=716346263)",120.0,Handcrafted_LabStudy,1,3,"-12.0,-0.0,0.5","-0.0,0.0,-0.0,-1.0","11.0,-0.0,0.0","-0.0,0.0,-0.0,-1.0",23.0,23.0,6.082762718200684,0,0,0,0,0,0,0,0.0,0.0,11.0,0.0,4.304261741637032e+21,3.725290298461914e-05,
0,navstack-1709204551778,navstack,Static,HandCrafted,,,1709204574,236345767,"builtin_interfaces.msg.Time(sec=1709204561, nanosec=716346263)",120.0,Handcrafted_LabStudy,1,3,"-12.0,-0.0,0.5","-0.0,0.0,-0.0,-1.0","11.0,-0.0,0.0","-0.0,0.0,-0.0,-1.0",23.0,23.0,6.082762718200684,0,0,0,0,0,0,0,0.0,0.0,11.0,0.0,4.303977413243298e+21,7.450580596923828e-05,
0,navstack-1709204551778,navstack,Static,HandCrafted,,,1709204574,236345767,"builtin_interfaces.msg.Time(sec=1709204561, nanosec=716346263)",120.0,Handcrafted_LabStudy,1,3,"-12.0,-0.0,0.5","-0.0,0.0,-0.0,-1.0","11.0,-0.0,0.0","-0.0,0.0,-0.0,-1.0",23.0,23.0,6.082762718200684,0,0,0,0,0,0,0,0.0,0.0,11.0,0.0,4.303977413243298e+21,3.725290298461914e-05,
0,navstack-1709204551778,navstack,Static,HandCrafted,,,1709204574,256346225,"builtin_interfaces.msg.Time(sec=1709204561, nanosec=716346263)",120.0,Handcrafted_LabStudy,1,3,"-12.0,-0.0,0.5","-0.0,0.0,-0.0,-1.0","11.0,-0.0,0.0","-0.0,0.0,-0.0,-1.0",23.0,23.0,6.082762718200684,0,0,0,0,0,0,0,0.0,0.0,11.0,0.0,4.304261741637032e+21,3.725290298461914e-05,
0,navstack-1709204551778,navstack,Static,HandCrafted,,,1709204574,256346225,"builtin_interfaces.msg.Time(sec=1709204561, nanosec=716346263)",120.0,Handcrafted_LabStudy,1,3,"-12.0,-0.0,0.5","-0.0,0.0,-0.0,-1.0","11.0,-0.0,0.0","-0.0,0.0,-0.0,-1.0",23.0,23.0,6.082762718200684,0,0,0,0,0,0,0,0.0,0.0,11.0,0.0,4.304261741637032e+21,3.725290298461914e-05,
0,navstack-1709204551778,navstack,Static,HandCrafted,,,1709204574,256346225,"builtin_interfaces.msg.Time(sec=1709204561, nanosec=716346263)",120.0,Handcrafted_LabStudy,1,3,"-12.0,-0.0,0.5","-0.0,0.0,-0.0,-1.0","11.0,-0.0,0.0","-0.0,0.0,-0.0,-1.0",23.0,23.0,6.082762718200684,0,0,0,0,0,0,0,0.0,0.0,11.0,0.0,4.304261741637032e+21,0.0,
0,navstack-1709204551778,navstack,Static,HandCrafted,,,1709204574,276345729,"builtin_interfaces.msg.Time(sec=1709204561, nanosec=716346263)",120.0,Handcrafted_LabStudy,1,3,"-12.0,-0.0,0.5","-0.0,0.0,-0.0,-1.0","11.0,-0.0,0.0","-0.0,0.0,-0.0,-1.0",23.0,23.0,6.082762718200684,0,0,0,0,0,0,0,0.0,0.0,11.0,0.0,4.303977413243298e+21,3.725290298461914e-05,
0,navstack-1709204551778,navstack,Static,HandCrafted,,,1709204574,296346187,"builtin_interfaces.msg.Time(sec=1709204561, nanosec=716346263)",120.0,Handcrafted_LabStudy,1,3,"-12.0,-0.0,0.5","-0.0,0.0,-0.0,-1.0","11.0,-0.0,0.0","-0.0,0.0,-0.0,-1.0",23.0,23.0,6.082762718200684,0,0,0,0,0,0,0,0.0,0.0,11.0,0.0,4.304261741637032e+21,7.450580596923828e-05,
0,navstack-1709204551778,navstack,Static,HandCrafted,,,1709204574,316345691,"builtin_interfaces.msg.Time(sec=1709204561, nanosec=716346263)",120.0,Handcrafted_LabStudy,1,3,"-12.0,-0.0,0.5","-0.0,0.0,-0.0,-1.0","11.0,-0.0,0.0","-0.0,0.0,-0.0,-1.0",23.0,23.0,6.082762718200684,0,0,0,0,0,0,0,0.0,0.0,11.0,0.0,4.303977413243298e+21,7.450580596923828e-05,
0,navstack-1709204551778,navstack,Static,HandCrafted,,,1709204574,336346149,"builtin_interfaces.msg.Time(sec=1709204561, nanosec=716346263)",120.0,Handcrafted_LabStudy,1,3,"-12.0,-0.0,0.5","-0.0,0.0,-0.0,-1.0","11.0,-0.0,0.0","-0.0,0.0,-0.0,-1.0",23.0,23.0,6.082762718200684,0,0,0,0,0,0,0,0.0,0.0,11.0,0.0,4.304261741637032e+21,7.450580596923828e-05,
0,navstack-1709204551778,navstack,Static,HandCrafted,,,1709204574,336346149,"builtin_interfaces.msg.Time(sec=1709204561, nanosec=716346263)",120.0,Handcrafted_LabStudy,1,3,"-12.0,-0.0,0.5","-0.0,0.0,-0.0,-1.0","11.0,-0.0,0.0","-0.0,0.0,-0.0,-1.0",23.0,23.0,6.082762718200684,0,0,0,0,0,0,0,0.0,0.0,11.0,0.0,4.304261741637032e+21,3.725290298461914e-05,
0,navstack-1709204551778,navstack,Static,HandCrafted,,,1709204574,336346149,"builtin_interfaces.msg.Time(sec=1709204561, nanosec=716346263)",120.0,Handcrafted_LabStudy,1,3,"-12.0,-0.0,0.5","-0.0,0.0,-0.0,-1.0","11.0,-0.0,0.0","-0.0,0.0,-0.0,-1.0",23.0,23.0,6.082762718200684,0,0,0,0,0,0,0,0.0,0.0,11.0,0.0,4.304261741637032e+21,0.0,
0,navstack-1709204551778,navstack,Static,HandCrafted,,,1709204574,356345653,"builtin_interfaces.msg.Time(sec=1709204561, nanosec=716346263)",120.0,Handcrafted_LabStudy,1,3,"-12.0,-0.0,0.5","-0.0,0.0,-0.0,-1.0","11.0,-0.0,0.0","-0.0,0.0,-0.0,-1.0",23.0,23.0,6.082762718200684,0,0,0,0,0,0,0,0.0,0.0,11.0,0.0,4.303977413243298e+21,3.725290298461914e-05,
0,navstack-1709204551778,navstack,Static,HandCrafted,,,1709204574,356345653,"builtin_interfaces.msg.Time(sec=1709204561, nanosec=716346263)",120.0,Handcrafted_LabStudy,1,3,"-12.0,-0.0,0.5","-0.0,0.0,-0.0,-1.0","11.0,-0.0,0.0","-0.0,0.0,-0.0,-1.0",23.0,23.0,6.082762718200684,0,0,0,0,0,0,0,0.0,0.0,11.0,0.0,4.303977413243298e+21,3.725290298461914e-05,
0,navstack-1709204551778,navstack,Static,HandCrafted,,,1709204574,376345872,"builtin_interfaces.msg.Time(sec=1709204561, nanosec=716346263)",120.0,Handcrafted_LabStudy,1,3,"-12.0,-0.0,0.5","-0.0,0.0,-0.0,-1.0","11.0,-0.0,0.0","-0.0,0.0,-0.0,-1.0",23.0,23.0,6.082762718200684,0,0,0,0,0,0,0,0.0,0.0,11.0,0.0,4.304261741637032e+21,3.725290298461914e-05,
0,navstack-1709204551778,navstack,Static,HandCrafted,,,1709204574,396345376,"builtin_interfaces.msg.Time(sec=1709204561, nanosec=716346263)",120.0,Handcrafted_LabStudy,1,3,"-12.0,-0.0,0.5","-0.0,0.0,-0.0,-1.0","11.0,-0.0,0.0","-0.0,0.0,-0.0,-1.0",23.0,23.0,6.082762718200684,0,0,0,0,0,0,0,0.0,0.0,11.0,0.0,4.303977413243298e+21,7.450580596923828e-05,
0,navstack-1709204551778,navstack,Static,HandCrafted,,,1709204574,396345376,"builtin_interfaces.msg.Time(sec=1709204561, nanosec=716346263)",120.0,Handcrafted_LabStudy,1,3,"-12.0,-0.0,0.5","-0.0,0.0,-0.0,-1.0","11.0,-0.0,0.0","-0.0,0.0,-0.0,-1.0",23.0,23.0,6.082762718200684,0,0,0,0,0,0,0,0.0,0.0,11.0,0.0,4.303977413243298e+21,3.725290298461914e-05,
0,navstack-1709204551778,navstack,Static,HandCrafted,,,1709204574,416345834,"builtin_interfaces.msg.Time(sec=1709204561, nanosec=716346263)",120.0,Handcrafted_LabStudy,1,3,"-12.0,-0.0,0.5","-0.0,0.0,-0.0,-1.0","11.0,-0.0,0.0","-0.0,0.0,-0.0,-1.0",23.0,23.0,6.082762718200684,0,0,0,0,0,0,0,0.0,0.0,11.0,0.0,4.304261741637032e+21,3.725290298461914e-05,
0,navstack-1709204551778,navstack,Static,HandCrafted,,,1709204574,436345577,"builtin_interfaces.msg.Time(sec=1709204561, nanosec=716346263)",120.0,Handcrafted_LabStudy,1,3,"-12.0,-0.0,0.5","-0.0,0.0,-0.0,-1.0","11.0,-0.0,0.0","-0.0,0.0,-0.0,-1.0",23.0,23.0,6.082762718200684,0,0,0,0,0,0,0,0.0,0.0,11.0,0.0,4.303977413243298e+21,7.450580596923828e-05,
0,navstack-1709204551778,navstack,Static,HandCrafted,,,1709204574,436345577,"builtin_interfaces.msg.Time(sec=1709204561, nanosec=716346263)",120.0,Handcrafted_LabStudy,1,3,"-12.0,-0.0,0.5","-0.0,0.0,-0.0,-1.0","11.0,-0.0,0.0","-0.0,0.0,-0.0,-1.0",23.0,23.0,6.082762718200684,0,0,0,0,0,0,0,0.0,0.0,11.0,0.0,4.303977413243298e+21,3.725290298461914e-05,
0,navstack-1709204551778,navstack,Static,HandCrafted,,,1709204574,436345577,"builtin_interfaces.msg.Time(sec=1709204561, nanosec=716346263)",120.0,Handcrafted_LabStudy,1,3,"-12.0,-0.0,0.5","-0.0,0.0,-0.0,-1.0","11.0,-0.0,0.0","-0.0,0.0,-0.0,-1.0",23.0,23.0,6.082762718200684,0,0,0,0,0,0,0,0.0,0.0,11.0,0.0,4.303977413243298e+21,0.0,
0,navstack-1709204551778,navstack,Static,HandCrafted,,,1709204574,456346035,"builtin_interfaces.msg.Time(sec=1709204561, nanosec=716346263)",120.0,Handcrafted_LabStudy,1,3,"-12.0,-0.0,0.5","-0.0,0.0,-0.0,-1.0","11.0,-0.0,0.0","-0.0,0.0,-0.0,-1.0",23.0,23.0,6.082762718200684,0,0,0,0,0,0,0,0.0,0.0,11.0,0.0,4.304261741637032e+21,3.725290298461914e-05,
0,navstack-1709204551778,navstack,Static,HandCrafted,,,1709204574,476345539,"builtin_interfaces.msg.Time(sec=1709204561, nanosec=716346263)",120.0,Handcrafted_LabStudy,1,3,"-12.0,-0.0,0.5","-0.0,0.0,-0.0,-1.0","11.0,-0.0,0.0","-0.0,0.0,-0.0,-1.0",23.0,23.0,6.082762718200684,0,0,0,0,0,0,0,0.0,0.0,11.0,0.0,4.303977413243298e+21,7.450580596923828e-05,
0,navstack-1709204551778,navstack,Static,HandCrafted,,,1709204574,476345539,"builtin_interfaces.msg.Time(sec=1709204561, nanosec=716346263)",120.0,Handcrafted_LabStudy,1,3,"-12.0,-0.0,0.5","-0.0,0.0,-0.0,-1.0","11.0,-0.0,0.0","-0.0,0.0,-0.0,-1.0",23.0,23.0,6.082762718200684,0,0,0,0,0,0,0,0.0,0.0,11.0,0.0,4.303977413243298e+21,3.725290298461914e-05,
0,navstack-1709204551778,navstack,Static,HandCrafted,,,1709204574,476345539,"builtin_interfaces.msg.Time(sec=1709204561, nanosec=716346263)",120.0,Handcrafted_LabStudy,1,3,"-12.0,-0.0,0.5","-0.0,0.0,-0.0,-1.0","11.0,-0.0,0.0","-0.0,0.0,-0.0,-1.0",23.0,23.0,6.082762718200684,0,0,0,0,0,0,0,0.0,0.0,11.0,0.0,4.303977413243298e+21,0.0,
0,navstack-1709204551778,navstack,Static,HandCrafted,,,1709204574,496345996,"builtin_interfaces.msg.Time(sec=1709204561, nanosec=716346263)",120.0,Handcrafted_LabStudy,1,3,"-12.0,-0.0,0.5","-0.0,0.0,-0.0,-1.0","11.0,-0.0,0.0","-0.0,0.0,-0.0,-1.0",23.0,23.0,6.082762718200684,0,0,0,0,0,0,0,0.0,0.0,11.0,0.0,4.304261741637032e+21,3.725290298461914e-05,
0,navstack-1709204551778,navstack,Static,HandCrafted,,,1709204574,516345500,"builtin_interfaces.msg.Time(sec=1709204561, nanosec=716346263)",120.0,Handcrafted_LabStudy,1,3,"-12.0,-0.0,0.5","-0.0,0.0,-0.0,-1.0","11.0,-0.0,0.0","-0.0,0.0,-0.0,-1.0",23.0,23.0,6.082762718200684,0,0,0,0,0,0,0,0.0,0.0,11.0,0.0,4.303977413243298e+21,7.450580596923828e-05,
0,navstack-1709204551778,navstack,Static,HandCrafted,,,1709204574,536345958,"builtin_interfaces.msg.Time(sec=1709204561, nanosec=716346263)",120.0,Handcrafted_LabStudy,1,3,"-12.0,-0.0,0.5","-0.0,0.0,-0.0,-1.0","11.0,-0.0,0.0","-0.0,0.0,-0.0,-1.0",23.0,23.0,6.082762718200684,0,0,0,0,0,0,0,0.0,0.0,11.0,0.0,4.304261741637032e+21,7.450580596923828e-05,
0,navstack-1709204551778,navstack,Static,HandCrafted,,,1709204574,556346416,"builtin_interfaces.msg.Time(sec=1709204561, nanosec=716346263)",120.0,Handcrafted_LabStudy,1,3,"-12.0,-0.0,0.5","-0.0,0.0,-0.0,-1.0","11.0,-0.0,0.0","-0.0,0.0,-0.0,-1.0",23.0,23.0,6.082762718200684,0,0,0,0,0,0,0,0.0,0.0,11.0,0.0,4.303977413243298e+21,7.450580596923828e-05,
0,navstack-1709204551778,navstack,Static,HandCrafted,,,1709204574,576345920,"builtin_interfaces.msg.Time(sec=1709204561, nanosec=716346263)",120.0,Handcrafted_LabStudy,1,3,"-12.0,-0.0,0.5","-0.0,0.0,-0.0,-1.0","11.0,-0.0,0.0","-0.0,0.0,-0.0,-1.0",23.0,23.0,6.082762718200684,0,0,0,0,0,0,0,0.0,0.0,11.0,0.0,4.304261741637032e+21,7.450580596923828e-05,
0,navstack-1709204551778,navstack,Static,HandCrafted,,,1709204574,576345920,"builtin_interfaces.msg.Time(sec=1709204561, nanosec=716346263)",120.0,Handcrafted_LabStudy,1,3,"-12.0,-0.0,0.5","-0.0,0.0,-0.0,-1.0","11.0,-0.0,0.0","-0.0,0.0,-0.0,-1.0",23.0,23.0,6.082762718200684,0,0,0,0,0,0,0,0.0,0.0,11.0,0.0,4.304261741637032e+21,3.725290298461914e-05,
0,navstack-1709204551778,navstack,Static,HandCrafted,,,1709204574,596346139,"builtin_interfaces.msg.Time(sec=1709204561, nanosec=716346263)",120.0,Handcrafted_LabStudy,1,3,"-12.0,-0.0,0.5","-0.0,0.0,-0.0,-1.0","11.0,-0.0,0.0","-0.0,0.0,-0.0,-1.0",23.0,23.0,6.082762718200684,0,0,0,0,0,0,0,0.0,0.0,11.0,0.0,4.303977413243298e+21,3.725290298461914e-05,
0,navstack-1709204551778,navstack,Static,HandCrafted,,,1709204574,596346139,"builtin_interfaces.msg.Time(sec=1709204561, nanosec=716346263)",120.0,Handcrafted_LabStudy,1,3,"-12.0,-0.0,0.5","-0.0,0.0,-0.0,-1.0","11.0,-0.0,0.0","-0.0,0.0,-0.0,-1.0",23.0,23.0,6.082762718200684,0,0,0,0,0,0,0,0.0,0.0,11.0,0.0,4.303977413243298e+21,3.725290298461914e-05,
0,navstack-1709204551778,navstack,Static,HandCrafted,,,1709204574,616345643,"builtin_interfaces.msg.Time(sec=1709204561, nanosec=716346263)",120.0,Handcrafted_LabStudy,1,3,"-12.0,-0.0,0.5","-0.0,0.0,-0.0,-1.0","11.0,-0.0,0.0","-0.0,0.0,-0.0,-1.0",23.0,23.0,6.082762718200684,0,0,0,0,0,0,0,0.0,0.0,11.0,0.0,4.304261741637032e+21,3.725290298461914e-05,
0,navstack-1709204551778,navstack,Static,HandCrafted,,,1709204574,616345643,"builtin_interfaces.msg.Time(sec=1709204561, nanosec=716346263)",120.0,Handcrafted_LabStudy,1,3,"-12.0,-0.0,0.5","-0.0,0.0,-0.0,-1.0","11.0,-0.0,0.0","-0.0,0.0,-0.0,-1.0",23.0,23.0,6.082762718200684,0,0,0,0,0,0,0,0.0,0.0,11.0,0.0,4.304261741637032e+21,3.725290298461914e-05,
0,navstack-1709204551778,navstack,Static,HandCrafted,,,1709204574,636346101,"builtin_interfaces.msg.Time(sec=1709204561, nanosec=716346263)",120.0,Handcrafted_LabStudy,1,3,"-12.0,-0.0,0.5","-0.0,0.0,-0.0,-1.0","11.0,-0.0,0.0","-0.0,0.0,-0.0,-1.0",23.0,23.0,6.082762718200684,0,0,0,0,0,0,0,0.0,0.0,11.0,0.0,4.303977413243298e+21,3.725290298461914e-05,
0,navstack-1709204551778,navstack,Static,HandCrafted,,,1709204574,636346101,"builtin_interfaces.msg.Time(sec=1709204561, nanosec=716346263)",120.0,Handcrafted_LabStudy,1,3,"-12.0,-0.0,0.5","-0.0,0.0,-0.0,-1.0","11.0,-0.0,0.0","-0.0,0.0,-0.0,-1.0",23.0,23.0,6.082762718200684,0,0,0,0,0,0,0,0.0,0.0,11.0,0.0,4.303977413243298e+21,3.725290298461914e-05,
0,navstack-1709204551778,navstack,Static,HandCrafted,,,1709204574,656345605,"builtin_interfaces.msg.Time(sec=1709204561, nanosec=716346263)",120.0,Handcrafted_LabStudy,1,3,"-12.0,-0.0,0.5","-0.0,0.0,-0.0,-1.0","11.0,-0.0,0.0","-0.0,0.0,-0.0,-1.0",23.0,23.0,6.082762718200684,0,0,0,0,0,0,0,0.0,0.0,11.0,0.0,4.304261741637032e+21,3.725290298461914e-05,
0,navstack-1709204551778,navstack,Static,HandCrafted,,,1709204574,656345605,"builtin_interfaces.msg.Time(sec=1709204561, nanosec=716346263)",120.0,Handcrafted_LabStudy,1,3,"-12.0,-0.0,0.5","-0.0,0.0,-0.0,-1.0","11.0,-0.0,0.0","-0.0,0.0,-0.0,-1.0",23.0,23.0,6.082762718200684,0,0,0,0,0,0,0,0.0,0.0,11.0,0.0,4.304261741637032e+21,3.725290298461914e-05,
0,navstack-1709204551778,navstack,Static,HandCrafted,,,1709204574,676346302,"builtin_interfaces.msg.Time(sec=1709204561, nanosec=716346263)",120.0,Handcrafted_LabStudy,1,3,"-12.0,-0.0,0.5","-0.0,0.0,-0.0,-1.0","11.0,-0.0,0.0","-0.0,0.0,-0.0,-1.0",23.0,23.0,6.082762718200684,0,0,0,0,0,0,0,0.0,0.0,11.0,0.0,4.303977413243298e+21,3.725290298461914e-05,
0,navstack-1709204551778,navstack,Static,HandCrafted,,,1709204574,676346302,"builtin_interfaces.msg.Time(sec=1709204561, nanosec=716346263)",120.0,Handcrafted_LabStudy,1,3,"-12.0,-0.0,0.5","-0.0,0.0,-0.0,-1.0","11.0,-0.0,0.0","-0.0,0.0,-0.0,-1.0",23.0,23.0,6.082762718200684,0,0,0,0,0,0,0,0.0,0.0,11.0,0.0,4.303977413243298e+21,3.725290298461914e-05,
0,navstack-1709204551778,navstack,Static,HandCrafted,,,1709204574,696345806,"builtin_interfaces.msg.Time(sec=1709204561, nanosec=716346263)",120.0,Handcrafted_LabStudy,1,3,"-12.0,-0.0,0.5","-0.0,0.0,-0.0,-1.0","11.0,-0.0,0.0","-0.0,0.0,-0.0,-1.0",23.0,23.0,6.082762718200684,0,0,0,0,0,0,0,0.0,0.0,11.0,0.0,4.304261741637032e+21,3.725290298461914e-05,
0,navstack-1709204551778,navstack,Static,HandCrafted,,,1709204574,696345806,"builtin_interfaces.msg.Time(sec=1709204561, nanosec=716346263)",120.0,Handcrafted_LabStudy,1,3,"-12.0,-0.0,0.5","-0.0,0.0,-0.0,-1.0","11.0,-0.0,0.0","-0.0,0.0,-0.0,-1.0",23.0,23.0,6.082762718200684,0,0,0,0,0,0,0,0.0,0.0,11.0,0.0,4.304261741637032e+21,3.725290298461914e-05,
0,navstack-1709204551778,navstack,Static,HandCrafted,,,1709204574,696345806,"builtin_interfaces.msg.Time(sec=1709204561, nanosec=716346263)",120.0,Handcrafted_LabStudy,1,3,"-12.0,-0.0,0.5","-0.0,0.0,-0.0,-1.0","11.0,-0.0,0.0","-0.0,0.0,-0.0,-1.0",23.0,23.0,6.082762718200684,0,0,0,0,0,0,0,0.0,0.0,11.0,0.0,4.304261741637032e+21,0.0,
0,navstack-1709204551778,navstack,Static,HandCrafted,,,1709204574,716346263,"builtin_interfaces.msg.Time(sec=1709204561, nanosec=716346263)",120.0,Handcrafted_LabStudy,1,3,"-12.0,-0.0,0.5","-0.0,0.0,-0.0,-1.0","11.0,-0.0,0.0","-0.0,0.0,-0.0,-1.0",23.0,23.0,6.082762718200684,0,0,0,0,0,0,0,0.0,0.0,11.0,0.0,4.303977413243298e+21,3.725290298461914e-05,
0,navstack-1709204551778,navstack,Static,HandCrafted,,,1709204574,716346263,"builtin_interfaces.msg.Time(sec=1709204561, nanosec=716346263)",120.0,Handcrafted_LabStudy,1,3,"-12.0,-0.0,0.5","-0.0,0.0,-0.0,-1.0","11.0,-0.0,0.0","-0.0,0.0,-0.0,-1.0",23.0,23.0,6.082762718200684,0,0,0,0,0,0,0,0.0,0.0,11.0,0.0,4.303977413243298e+21,3.725290298461914e-05,
0,navstack-1709204551778,navstack,Static,HandCrafted,,,1709204574,736345767,"builtin_interfaces.msg.Time(sec=1709204561, nanosec=716346263)",120.0,Handcrafted_LabStudy,1,3,"-12.0,-0.0,0.5","-0.0,0.0,-0.0,-1.0","11.0,-0.0,0.0","-0.0,0.0,-0.0,-1.0",23.0,23.0,6.082762718200684,0,0,0,0,0,0,0,0.0,0.0,11.0,0.0,4.304261741637032e+21,3.725290298461914e-05,
0,navstack-1709204551778,navstack,Static,HandCrafted,,,1709204574,736345767,"builtin_interfaces.msg.Time(sec=1709204561, nanosec=716346263)",120.0,Handcrafted_LabStudy,1,3,"-12.0,-0.0,0.5","-0.0,0.0,-0.0,-1.0","11.0,-0.0,0.0","-0.0,0.0,-0.0,-1.0",23.0,23.0,6.082762718200684,0,0,0,0,0,0,0,0.0,0.0,11.0,0.0,4.304261741637032e+21,3.725290298461914e-05,
0,navstack-1709204551778,navstack,Static,HandCrafted,,,1709204574,756346225,"builtin_interfaces.msg.Time(sec=1709204561, nanosec=716346263)",120.0,Handcrafted_LabStudy,1,3,"-12.0,-0.0,0.5","-0.0,0.0,-0.0,-1.0","11.0,-0.0,0.0","-0.0,0.0,-0.0,-1.0",23.0,23.0,6.082762718200684,0,0,0,0,0,0,0,0.0,0.0,11.0,0.0,4.303977413243298e+21,3.725290298461914e-05,
0,navstack-1709204551778,navstack,Static,HandCrafted,,,1709204574,756346225,"builtin_interfaces.msg.Time(sec=1709204561, nanosec=716346263)",120.0,Handcrafted_LabStudy,1,3,"-12.0,-0.0,0.5","-0.0,0.0,-0.0,-1.0","11.0,-0.0,0.0","-0.0,0.0,-0.0,-1.0",23.0,23.0,6.082762718200684,0,0,0,0,0,0,0,0.0,0.0,11.0,0.0,4.303977413243298e+21,3.725290298461914e-05,
0,navstack-1709204551778,navstack,Static,HandCrafted,,,1709204574,756346225,"builtin_interfaces.msg.Time(sec=1709204561, nanosec=716346263)",120.0,Handcrafted_LabStudy,1,3,"-12.0,-0.0,0.5","-0.0,0.0,-0.0,-1.0","11.0,-0.0,0.0","-0.0,0.0,-0.0,-1.0",23.0,23.0,6.082762718200684,0,0,0,0,0,0,0,0.0,0.0,11.0,0.0,4.303977413243298e+21,0.0,
0,navstack-1709204551778,navstack,Static,HandCrafted,,,1709204574,776345729,"builtin_interfaces.msg.Time(sec=1709204561, nanosec=716346263)",120.0,Handcrafted_LabStudy,1,3,"-12.0,-0.0,0.5","-0.0,0.0,-0.0,-1.0","11.0,-0.0,0.0","-0.0,0.0,-0.0,-1.0",23.0,23.0,6.082762718200684,0,0,0,0,0,0,0,0.0,0.0,11.0,0.0,4.304261741637032e+21,3.725290298461914e-05,
0,navstack-1709204551778,navstack,Static,HandCrafted,,,1709204574,776345729,"builtin_interfaces.msg.Time(sec=1709204561, nanosec=716346263)",120.0,Handcrafted_LabStudy,1,3,"-12.0,-0.0,0.5","-0.0,0.0,-0.0,-1.0","11.0,-0.0,0.0","-0.0,0.0,-0.0,-1.0",23.0,23.0,6.082762718200684,0,0,0,0,0,0,0,0.0,0.0,11.0,0.0,4.304261741637032e+21,3.725290298461914e-05,
0,navstack-1709204551778,navstack,Static,HandCrafted,,,1709204574,796346187,"builtin_interfaces.msg.Time(sec=1709204561, nanosec=716346263)",120.0,Handcrafted_LabStudy,1,3,"-12.0,-0.0,0.5","-0.0,0.0,-0.0,-1.0","11.0,-0.0,0.0","-0.0,0.0,-0.0,-1.0",23.0,23.0,6.082762718200684,0,0,0,0,0,0,0,0.0,0.0,11.0,0.0,4.303977413243298e+21,3.725290298461914e-05,
0,navstack-1709204551778,navstack,Static,HandCrafted,,,1709204574,796346187,"builtin_interfaces.msg.Time(sec=1709204561, nanosec=716346263)",120.0,Handcrafted_LabStudy,1,3,"-12.0,-0.0,0.5","-0.0,0.0,-0.0,-1.0","11.0,-0.0,0.0","-0.0,0.0,-0.0,-1.0",23.0,23.0,6.082762718200684,0,0,0,0,0,0,0,0.0,0.0,11.0,0.0,4.303977413243298e+21,3.725290298461914e-05,
0,navstack-1709204551778,navstack,Static,HandCrafted,,,1709204574,816345691,"builtin_interfaces.msg.Time(sec=1709204561, nanosec=716346263)",120.0,Handcrafted_LabStudy,1,3,"-12.0,-0.0,0.5","-0.0,0.0,-0.0,-1.0","11.0,-0.0,0.0","-0.0,0.0,-0.0,-1.0",23.0,23.0,6.082762718200684,0,0,0,0,0,0,0,0.0,0.0,11.0,0.0,4.304261741637032e+21,3.725290298461914e-05,
0,navstack-1709204551778,navstack,Static,HandCrafted,,,1709204574,816345691,"builtin_interfaces.msg.Time(sec=1709204561, nanosec=716346263)",120.0,Handcrafted_LabStudy,1,3,"-12.0,-0.0,0.5","-0.0,0.0,-0.0,-1.0","11.0,-0.0,0.0","-0.0,0.0,-0.0,-1.0",23.0,23.0,6.082762718200684,0,0,0,0,0,0,0,0.0,0.0,11.0,0.0,4.304261741637032e+21,3.725290298461914e-05,
0,navstack-1709204551778,navstack,Static,HandCrafted,,,1709204574,836346149,"builtin_interfaces.msg.Time(sec=1709204561, nanosec=716346263)",120.0,Handcrafted_LabStudy,1,3,"-12.0,-0.0,0.5","-0.0,0.0,-0.0,-1.0","11.0,-0.0,0.0","-0.0,0.0,-0.0,-1.0",23.0,23.0,6.082762718200684,0,0,0,0,0,0,0,0.0,0.0,11.0,0.0,4.303977413243298e+21,3.725290298461914e-05,
0,navstack-1709204551778,navstack,Static,HandCrafted,,,1709204574,836346149,"builtin_interfaces.msg.Time(sec=1709204561, nanosec=716346263)",120.0,Handcrafted_LabStudy,1,3,"-12.0,-0.0,0.5","-0.0,0.0,-0.0,-1.0","11.0,-0.0,0.0","-0.0,0.0,-0.0,-1.0",23.0,23.0,6.082762718200684,0,0,0,0,0,0,0,0.0,0.0,12.0,0.0,4.303977413243298e+21,3.725290298461914e-05,
0,navstack-1709204551778,navstack,Static,HandCrafted,,,1709204574,856345653,"builtin_interfaces.msg.Time(sec=1709204561, nanosec=716346263)",120.0,Handcrafted_LabStudy,1,3,"-12.0,-0.0,0.5","-0.0,0.0,-0.0,-1.0","11.0,-0.0,0.0","-0.0,0.0,-0.0,-1.0",23.0,23.0,6.082762718200684,0,0,0,0,0,0,0,0.0,0.0,12.0,0.0,4.304261741637032e+21,3.725290298461914e-05,
0,navstack-1709204551778,navstack,Static,HandCrafted,,,1709204574,856345653,"builtin_interfaces.msg.Time(sec=1709204561, nanosec=716346263)",120.0,Handcrafted_LabStudy,1,3,"-12.0,-0.0,0.5","-0.0,0.0,-0.0,-1.0","11.0,-0.0,0.0","-0.0,0.0,-0.0,-1.0",23.0,23.0,6.082762718200684,0,0,0,0,0,0,0,0.0,0.0,12.0,0.0,4.304261741637032e+21,3.725290298461914e-05,
0,navstack-1709204551778,navstack,Static,HandCrafted,,,1709204574,876345872,"builtin_interfaces.msg.Time(sec=1709204561, nanosec=716346263)",120.0,Handcrafted_LabStudy,1,3,"-12.0,-0.0,0.5","-0.0,0.0,-0.0,-1.0","11.0,-0.0,0.0","-0.0,0.0,-0.0,-1.0",23.0,23.0,6.082762718200684,0,0,0,0,0,0,0,0.0,0.0,12.0,0.0,4.303977413243298e+21,3.725290298461914e-05,
0,navstack-1709204551778,navstack,Static,HandCrafted,,,1709204574,876345872,"builtin_interfaces.msg.Time(sec=1709204561, nanosec=716346263)",120.0,Handcrafted_LabStudy,1,3,"-12.0,-0.0,0.5","-0.0,0.0,-0.0,-1.0","11.0,-0.0,0.0","-0.0,0.0,-0.0,-1.0",23.0,23.0,6.082762718200684,0,0,0,0,0,0,0,0.0,0.0,12.0,0.0,4.303977413243298e+21,3.725290298461914e-05,
0,navstack-1709204551778,navstack,Static,HandCrafted,,,1709204574,896345376,"builtin_interfaces.msg.Time(sec=1709204561, nanosec=716346263)",120.0,Handcrafted_LabStudy,1,3,"-12.0,-0.0,0.5","-0.0,0.0,-0.0,-1.0","11.0,-0.0,0.0","-0.0,0.0,-0.0,-1.0",23.0,23.0,6.082762718200684,0,0,0,0,0,0,0,0.0,0.0,12.0,0.0,4.304261741637032e+21,3.725290298461914e-05,
0,navstack-1709204551778,navstack,Static,HandCrafted,,,1709204574,896345376,"builtin_interfaces.msg.Time(sec=1709204561, nanosec=716346263)",120.0,Handcrafted_LabStudy,1,3,"-12.0,-0.0,0.5","-0.0,0.0,-0.0,-1.0","11.0,-0.0,0.0","-0.0,0.0,-0.0,-1.0",23.0,23.0,6.082762718200684,0,0,0,0,0,0,0,0.0,0.0,12.0,0.0,4.304261741637032e+21,3.725290298461914e-05,
0,navstack-1709204551778,navstack,Static,HandCrafted,,,1709204574,916345834,"builtin_interfaces.msg.Time(sec=1709204561, nanosec=716346263)",120.0,Handcrafted_LabStudy,1,3,"-12.0,-0.0,0.5","-0.0,0.0,-0.0,-1.0","11.0,-0.0,0.0","-0.0,0.0,-0.0,-1.0",23.0,23.0,6.082762718200684,0,0,0,0,0,0,0,0.0,0.0,12.0,0.0,4.303977413243298e+21,3.725290298461914e-05,
0,navstack-1709204551778,navstack,Static,HandCrafted,,,1709204574,916345834,"builtin_interfaces.msg.Time(sec=1709204561, nanosec=716346263)",120.0,Handcrafted_LabStudy,1,3,"-12.0,-0.0,0.5","-0.0,0.0,-0.0,-1.0","11.0,-0.0,0.0","-0.0,0.0,-0.0,-1.0",23.0,23.0,6.082762718200684,0,0,0,0,0,0,0,0.0,0.0,12.0,0.0,4.303977413243298e+21,3.725290298461914e-05,
0,navstack-1709204551778,navstack,Static,HandCrafted,,,1709204574,936345577,"builtin_interfaces.msg.Time(sec=1709204561, nanosec=716346263)",120.0,Handcrafted_LabStudy,1,3,"-12.0,-0.0,0.5","-0.0,0.0,-0.0,-1.0","11.0,-0.0,0.0","-0.0,0.0,-0.0,-1.0",23.0,23.0,6.082762718200684,0,0,0,0,0,0,0,0.0,0.0,12.0,0.0,4.304261741637032e+21,3.725290298461914e-05,
0,navstack-1709204551778,navstack,Static,HandCrafted,,,1709204574,936345577,"builtin_interfaces.msg.Time(sec=1709204561, nanosec=716346263)",120.0,Handcrafted_LabStudy,1,3,"-12.0,-0.0,0.5","-0.0,0.0,-0.0,-1.0","11.0,-0.0,0.0","-0.0,0.0,-0.0,-1.0",23.0,23.0,6.082762718200684,0,0,0,0,0,0,0,0.0,0.0,12.0,0.0,4.304261741637032e+21,3.725290298461914e-05,
0,navstack-1709204551778,navstack,Static,HandCrafted,,,1709204574,956346035,"builtin_interfaces.msg.Time(sec=1709204561, nanosec=716346263)",120.0,Handcrafted_LabStudy,1,3,"-12.0,-0.0,0.5","-0.0,0.0,-0.0,-1.0","11.0,-0.0,0.0","-0.0,0.0,-0.0,-1.0",23.0,23.0,6.082762718200684,0,0,0,0,0,0,0,0.0,0.0,12.0,0.0,4.303977413243298e+21,3.725290298461914e-05,
0,navstack-1709204551778,navstack,Static,HandCrafted,,,1709204574,956346035,"builtin_interfaces.msg.Time(sec=1709204561, nanosec=716346263)",120.0,Handcrafted_LabStudy,1,3,"-12.0,-0.0,0.5","-0.0,0.0,-0.0,-1.0","11.0,-0.0,0.0","-0.0,0.0,-0.0,-1.0",23.0,23.0,6.082762718200684,0,0,0,0,0,0,0,0.0,0.0,12.0,0.0,4.303977413243298e+21,3.725290298461914e-05,
0,navstack-1709204551778,navstack,Static,HandCrafted,,,1709204574,956346035,"builtin_interfaces.msg.Time(sec=1709204561, nanosec=716346263)",120.0,Handcrafted_LabStudy,1,3,"-12.0,-0.0,0.5","-0.0,0.0,-0.0,-1.0","11.0,-0.0,0.0","-0.0,0.0,-0.0,-1.0",23.0,23.0,6.082762718200684,0,0,0,0,0,0,0,0.0,0.0,12.0,0.0,4.303977413243298e+21,0.0,
0,navstack-1709204551778,navstack,Static,HandCrafted,,,1709204574,976345539,"builtin_interfaces.msg.Time(sec=1709204561, nanosec=716346263)",120.0,Handcrafted_LabStudy,1,3,"-12.0,-0.0,0.5","-0.0,0.0,-0.0,-1.0","11.0,-0.0,0.0","-0.0,0.0,-0.0,-1.0",23.0,23.0,6.082762718200684,0,0,0,0,0,0,0,0.0,0.0,12.0,0.0,4.304261741637032e+21,3.725290298461914e-05,
0,navstack-1709204551778,navstack,Static,HandCrafted,,,1709204574,976345539,"builtin_interfaces.msg.Time(sec=1709204561, nanosec=716346263)",120.0,Handcrafted_LabStudy,1,3,"-12.0,-0.0,0.5","-0.0,0.0,-0.0,-1.0","11.0,-0.0,0.0","-0.0,0.0,-0.0,-1.0",23.0,23.0,6.082762718200684,0,0,0,0,0,0,0,0.0,0.0,12.0,0.0,4.304261741637032e+21,3.725290298461914e-05,
0,navstack-1709204551778,navstack,Static,HandCrafted,,,1709204574,996345996,"builtin_interfaces.msg.Time(sec=1709204561, nanosec=716346263)",120.0,Handcrafted_LabStudy,1,3,"-12.0,-0.0,0.5","-0.0,0.0,-0.0,-1.0","11.0,-0.0,0.0","-0.0,0.0,-0.0,-1.0",23.0,23.0,6.082762718200684,0,0,0,0,0,0,0,0.0,0.0,12.0,0.0,4.303977413243298e+21,3.725290298461914e-05,
0,navstack-1709204551778,navstack,Static,HandCrafted,,,1709204574,996345996,"builtin_interfaces.msg.Time(sec=1709204561, nanosec=716346263)",120.0,Handcrafted_LabStudy,1,3,"-12.0,-0.0,0.5","-0.0,0.0,-0.0,-1.0","11.0,-0.0,0.0","-0.0,0.0,-0.0,-1.0",23.0,23.0,6.082762718200684,0,0,0,0,0,0,0,0.0,0.0,12.0,0.0,4.303977413243298e+21,3.725290298461914e-05,
0,navstack-1709204551778,navstack,Static,HandCrafted,,,1709204575,16345500,"builtin_interfaces.msg.Time(sec=1709204561, nanosec=716346263)",120.0,Handcrafted_LabStudy,1,3,"-12.0,-0.0,0.5","-0.0,0.0,-0.0,-1.0","11.0,-0.0,0.0","-0.0,0.0,-0.0,-1.0",23.0,23.0,6.082762718200684,0,0,0,0,0,0,0,0.0,0.0,12.0,0.0,4.304261741637032e+21,3.725290298461914e-05,
0,navstack-1709204551778,navstack,Static,HandCrafted,,,1709204575,16345500,"builtin_interfaces.msg.Time(sec=1709204561, nanosec=716346263)",120.0,Handcrafted_LabStudy,1,3,"-12.0,-0.0,0.5","-0.0,0.0,-0.0,-1.0","11.0,-0.0,0.0","-0.0,0.0,-0.0,-1.0",23.0,23.0,6.082762718200684,0,0,0,0,0,0,0,0.0,0.0,12.0,0.0,4.304261741637032e+21,3.725290298461914e-05,
0,navstack-1709204551778,navstack,Static,HandCrafted,,,1709204575,36345958,"builtin_interfaces.msg.Time(sec=1709204561, nanosec=716346263)",120.0,Handcrafted_LabStudy,1,3,"-12.0,-0.0,0.5","-0.0,0.0,-0.0,-1.0","11.0,-0.0,0.0","-0.0,0.0,-0.0,-1.0",23.0,23.0,6.082762718200684,0,0,0,0,0,0,0,0.0,0.0,12.0,0.0,4.303977413243298e+21,3.725290298461914e-05,
0,navstack-1709204551778,navstack,Static,HandCrafted,,,1709204575,36345958,"builtin_interfaces.msg.Time(sec=1709204561, nanosec=716346263)",120.0,Handcrafted_LabStudy,1,3,"-12.0,-0.0,0.5","-0.0,0.0,-0.0,-1.0","11.0,-0.0,0.0","-0.0,0.0,-0.0,-1.0",23.0,23.0,6.082762718200684,0,0,0,0,0,0,0,0.0,0.0,12.0,0.0,4.303977413243298e+21,3.725290298461914e-05,
0,navstack-1709204551778,navstack,Static,HandCrafted,,,1709204575,36345958,"builtin_interfaces.msg.Time(sec=1709204561, nanosec=716346263)",120.0,Handcrafted_LabStudy,1,3,"-12.0,-0.0,0.5","-0.0,0.0,-0.0,-1.0","11.0,-0.0,0.0","-0.0,0.0,-0.0,-1.0",23.0,23.0,6.082762718200684,0,0,0,0,0,0,0,0.0,0.0,12.0,0.0,4.303977413243298e+21,0.0,
0,navstack-1709204551778,navstack,Static,HandCrafted,,,1709204575,56346416,"builtin_interfaces.msg.Time(sec=1709204561, nanosec=716346263)",120.0,Handcrafted_LabStudy,1,3,"-12.0,-0.0,0.5","-0.0,0.0,-0.0,-1.0","11.0,-0.0,0.0","-0.0,0.0,-0.0,-1.0",23.0,23.0,6.082762718200684,0,0,0,0,0,0,0,0.0,0.0,12.0,0.0,4.304261741637032e+21,3.725290298461914e-05,
0,navstack-1709204551778,navstack,Static,HandCrafted,,,1709204575,56346416,"builtin_interfaces.msg.Time(sec=1709204561, nanosec=716346263)",120.0,Handcrafted_LabStudy,1,3,"-12.0,-0.0,0.5","-0.0,0.0,-0.0,-1.0","11.0,-0.0,0.0","-0.0,0.0,-0.0,-1.0",23.0,23.0,6.082762718200684,0,0,0,0,0,0,0,0.0,0.0,12.0,0.0,4.304261741637032e+21,3.725290298461914e-05,
0,navstack-1709204551778,navstack,Static,HandCrafted,,,1709204575,76345920,"builtin_interfaces.msg.Time(sec=1709204561, nanosec=716346263)",120.0,Handcrafted_LabStudy,1,3,"-12.0,-0.0,0.5","-0.0,0.0,-0.0,-1.0","11.0,-0.0,0.0","-0.0,0.0,-0.0,-1.0",23.0,23.0,6.082762718200684,0,0,0,0,0,0,0,0.0,0.0,12.0,0.0,4.303977413243298e+21,3.725290298461914e-05,
0,navstack-1709204551778,navstack,Static,HandCrafted,,,1709204575,76345920,"builtin_interfaces.msg.Time(sec=1709204561, nanosec=716346263)",120.0,Handcrafted_LabStudy,1,3,"-12.0,-0.0,0.5","-0.0,0.0,-0.0,-1.0","11.0,-0.0,0.0","-0.0,0.0,-0.0,-1.0",23.0,23.0,6.082762718200684,0,0,0,0,0,0,0,0.0,0.0,12.0,0.0,4.303977413243298e+21,3.725290298461914e-05,
0,navstack-1709204551778,navstack,Static,HandCrafted,,,1709204575,96346139,"builtin_interfaces.msg.Time(sec=1709204561, nanosec=716346263)",120.0,Handcrafted_LabStudy,1,3,"-12.0,-0.0,0.5","-0.0,0.0,-0.0,-1.0","11.0,-0.0,0.0","-0.0,0.0,-0.0,-1.0",23.0,23.0,6.082762718200684,0,0,0,0,0,0,0,0.0,0.0,12.0,0.0,4.304261741637032e+21,3.725290298461914e-05,
0,navstack-1709204551778,navstack,Static,HandCrafted,,,1709204575,116345643,"builtin_interfaces.msg.Time(sec=1709204561, nanosec=716346263)",120.0,Handcrafted_LabStudy,1,3,"-12.0,-0.0,0.5","-0.0,0.0,-0.0,-1.0","11.0,-0.0,0.0","-0.0,0.0,-0.0,-1.0",23.0,23.0,6.082762718200684,0,0,0,0,0,0,0,0.0,0.0,12.0,0.0,4.303977413243298e+21,7.450580596923828e-05,
0,navstack-1709204551778,navstack,Static,HandCrafted,,,1709204575,116345643,"builtin_interfaces.msg.Time(sec=1709204561, nanosec=716346263)",120.0,Handcrafted_LabStudy,1,3,"-12.0,-0.0,0.5","-0.0,0.0,-0.0,-1.0","11.0,-0.0,0.0","-0.0,0.0,-0.0,-1.0",23.0,23.0,6.082762718200684,0,0,0,0,0,0,0,0.0,0.0,12.0,0.0,4.303977413243298e+21,3.725290298461914e-05,
0,navstack-1709204551778,navstack,Static,HandCrafted,,,1709204575,136346101,"builtin_interfaces.msg.Time(sec=1709204561, nanosec=716346263)",120.0,Handcrafted_LabStudy,1,3,"-12.0,-0.0,0.5","-0.0,0.0,-0.0,-1.0","11.0,-0.0,0.0","-0.0,0.0,-0.0,-1.0",23.0,23.0,6.082762718200684,0,0,0,0,0,0,0,0.0,0.0,12.0,0.0,4.304261741637032e+21,3.725290298461914e-05,
0,navstack-1709204551778,navstack,Static,HandCrafted,,,1709204575,136346101,"builtin_interfaces.msg.Time(sec=1709204561, nanosec=716346263)",120.0,Handcrafted_LabStudy,1,3,"-12.0,-0.0,0.5","-0.0,0.0,-0.0,-1.0","11.0,-0.0,0.0","-0.0,0.0,-0.0,-1.0",23.0,23.0,6.082762718200684,0,0,0,0,0,0,0,0.0,0.0,12.0,0.0,4.304261741637032e+21,3.725290298461914e-05,
0,navstack-1709204551778,navstack,Static,HandCrafted,,,1709204575,136346101,"builtin_interfaces.msg.Time(sec=1709204561, nanosec=716346263)",120.0,Handcrafted_LabStudy,1,3,"-12.0,-0.0,0.5","-0.0,0.0,-0.0,-1.0","11.0,-0.0,0.0","-0.0,0.0,-0.0,-1.0",23.0,23.0,6.082762718200684,0,0,0,0,0,0,0,0.0,0.0,12.0,0.0,4.304261741637032e+21,0.0,
0,navstack-1709204551778,navstack,Static,HandCrafted,,,1709204575,156345605,"builtin_interfaces.msg.Time(sec=1709204561, nanosec=716346263)",120.0,Handcrafted_LabStudy,1,3,"-12.0,-0.0,0.5","-0.0,0.0,-0.0,-1.0","11.0,-0.0,0.0","-0.0,0.0,-0.0,-1.0",23.0,23.0,6.082762718200684,0,0,0,0,0,0,0,0.0,0.0,12.0,0.0,4.303977413243298e+21,3.725290298461914e-05,
0,navstack-1709204551778,navstack,Static,HandCrafted,,,1709204575,156345605,"builtin_interfaces.msg.Time(sec=1709204561, nanosec=716346263)",120.0,Handcrafted_LabStudy,1,3,"-12.0,-0.0,0.5","-0.0,0.0,-0.0,-1.0","11.0,-0.0,0.0","-0.0,0.0,-0.0,-1.0",23.0,23.0,6.082762718200684,0,0,0,0,0,0,0,0.0,0.0,12.0,0.0,4.303977413243298e+21,3.725290298461914e-05,
0,navstack-1709204551778,navstack,Static,HandCrafted,,,1709204575,176346302,"builtin_interfaces.msg.Time(sec=1709204561, nanosec=716346263)",120.0,Handcrafted_LabStudy,1,3,"-12.0,-0.0,0.5","-0.0,0.0,-0.0,-1.0","11.0,-0.0,0.0","-0.0,0.0,-0.0,-1.0",23.0,23.0,6.082762718200684,0,0,0,0,0,0,0,0.0,0.0,12.0,0.0,4.304261741637032e+21,3.725290298461914e-05,
0,navstack-1709204551778,navstack,Static,HandCrafted,,,1709204575,176346302,"builtin_interfaces.msg.Time(sec=1709204561, nanosec=716346263)",120.0,Handcrafted_LabStudy,1,3,"-12.0,-0.0,0.5","-0.0,0.0,-0.0,-1.0","11.0,-0.0,0.0","-0.0,0.0,-0.0,-1.0",23.0,23.0,6.082762718200684,0,0,0,0,0,0,0,0.0,0.0,12.0,0.0,4.304261741637032e+21,3.725290298461914e-05,
0,navstack-1709204551778,navstack,Static,HandCrafted,,,1709204575,196345806,"builtin_interfaces.msg.Time(sec=1709204561, nanosec=716346263)",120.0,Handcrafted_LabStudy,1,3,"-12.0,-0.0,0.5","-0.0,0.0,-0.0,-1.0","11.0,-0.0,0.0","-0.0,0.0,-0.0,-1.0",23.0,23.0,6.082762718200684,0,0,0,0,0,0,0,0.0,0.0,12.0,0.0,4.303977413243298e+21,3.725290298461914e-05,
0,navstack-1709204551778,navstack,Static,HandCrafted,,,1709204575,196345806,"builtin_interfaces.msg.Time(sec=1709204561, nanosec=716346263)",120.0,Handcrafted_LabStudy,1,3,"-12.0,-0.0,0.5","-0.0,0.0,-0.0,-1.0","11.0,-0.0,0.0","-0.0,0.0,-0.0,-1.0",23.0,23.0,6.082762718200684,0,0,0,0,0,0,0,0.0,0.0,12.0,0.0,4.303977413243298e+21,3.725290298461914e-05,
0,navstack-1709204551778,navstack,Static,HandCrafted,,,1709204575,216346263,"builtin_interfaces.msg.Time(sec=1709204561, nanosec=716346263)",120.0,Handcrafted_LabStudy,1,3,"-12.0,-0.0,0.5","-0.0,0.0,-0.0,-1.0","11.0,-0.0,0.0","-0.0,0.0,-0.0,-1.0",23.0,23.0,6.082762718200684,0,0,0,0,0,0,0,0.0,0.0,12.0,0.0,4.304261741637032e+21,3.725290298461914e-05,
0,navstack-1709204551778,navstack,Static,HandCrafted,,,1709204575,216346263,"builtin_interfaces.msg.Time(sec=1709204561, nanosec=716346263)",120.0,Handcrafted_LabStudy,1,3,"-12.0,-0.0,0.5","-0.0,0.0,-0.0,-1.0","11.0,-0.0,0.0","-0.0,0.0,-0.0,-1.0",23.0,23.0,6.082762718200684,0,0,0,0,0,0,0,0.0,0.0,12.0,0.0,4.304261741637032e+21,3.725290298461914e-05,
0,navstack-1709204551778,navstack,Static,HandCrafted,,,1709204575,216346263,"builtin_interfaces.msg.Time(sec=1709204561, nanosec=716346263)",120.0,Handcrafted_LabStudy,1,3,"-12.0,-0.0,0.5","-0.0,0.0,-0.0,-1.0","11.0,-0.0,0.0","-0.0,0.0,-0.0,-1.0",23.0,23.0,6.082762718200684,0,0,0,0,0,0,0,0.0,0.0,12.0,0.0,4.304261741637032e+21,0.0,
0,navstack-1709204551778,navstack,Static,HandCrafted,,,1709204575,236345767,"builtin_interfaces.msg.Time(sec=1709204561, nanosec=716346263)",120.0,Handcrafted_LabStudy,1,3,"-12.0,-0.0,0.5","-0.0,0.0,-0.0,-1.0","11.0,-0.0,0.0","-0.0,0.0,-0.0,-1.0",23.0,23.0,6.082762718200684,0,0,0,0,0,0,0,0.0,0.0,12.0,0.0,4.303977413243298e+21,3.725290298461914e-05,
0,navstack-1709204551778,navstack,Static,HandCrafted,,,1709204575,236345767,"builtin_interfaces.msg.Time(sec=1709204561, nanosec=716346263)",120.0,Handcrafted_LabStudy,1,3,"-12.0,-0.0,0.5","-0.0,0.0,-0.0,-1.0","11.0,-0.0,0.0","-0.0,0.0,-0.0,-1.0",23.0,23.0,6.082762718200684,0,0,0,0,0,0,0,0.0,0.0,12.0,0.0,4.303977413243298e+21,3.725290298461914e-05,
0,navstack-1709204551778,navstack,Static,HandCrafted,,,1709204575,256346225,"builtin_interfaces.msg.Time(sec=1709204561, nanosec=716346263)",120.0,Handcrafted_LabStudy,1,3,"-12.0,-0.0,0.5","-0.0,0.0,-0.0,-1.0","11.0,-0.0,0.0","-0.0,0.0,-0.0,-1.0",23.0,23.0,6.082762718200684,0,0,0,0,0,0,0,0.0,0.0,12.0,0.0,4.304261741637032e+21,3.725290298461914e-05,
0,navstack-1709204551778,navstack,Static,HandCrafted,,,1709204575,256346225,"builtin_interfaces.msg.Time(sec=1709204561, nanosec=716346263)",120.0,Handcrafted_LabStudy,1,3,"-12.0,-0.0,0.5","-0.0,0.0,-0.0,-1.0","11.0,-0.0,0.0","-0.0,0.0,-0.0,-1.0",23.0,23.0,6.082762718200684,0,0,0,0,0,0,0,0.0,0.0,12.0,0.0,4.304261741637032e+21,3.725290298461914e-05,
0,navstack-1709204551778,navstack,Static,HandCrafted,,,1709204575,256346225,"builtin_interfaces.msg.Time(sec=1709204561, nanosec=716346263)",120.0,Handcrafted_LabStudy,1,3,"-12.0,-0.0,0.5","-0.0,0.0,-0.0,-1.0","11.0,-0.0,0.0","-0.0,0.0,-0.0,-1.0",23.0,23.0,6.082762718200684,0,0,0,0,0,0,0,0.0,0.0,12.0,0.0,4.304261741637032e+21,0.0,
0,navstack-1709204551778,navstack,Static,HandCrafted,,,1709204575,276345729,"builtin_interfaces.msg.Time(sec=1709204561, nanosec=716346263)",120.0,Handcrafted_LabStudy,1,3,"-12.0,-0.0,0.5","-0.0,0.0,-0.0,-1.0","11.0,-0.0,0.0","-0.0,0.0,-0.0,-1.0",23.0,23.0,6.082762718200684,0,0,0,0,0,0,0,0.0,0.0,12.0,0.0,4.303977413243298e+21,3.725290298461914e-05,
0,navstack-1709204551778,navstack,Static,HandCrafted,,,1709204575,276345729,"builtin_interfaces.msg.Time(sec=1709204561, nanosec=716346263)",120.0,Handcrafted_LabStudy,1,3,"-12.0,-0.0,0.5","-0.0,0.0,-0.0,-1.0","11.0,-0.0,0.0","-0.0,0.0,-0.0,-1.0",23.0,23.0,6.082762718200684,0,0,0,0,0,0,0,0.0,0.0,12.0,0.0,4.303977413243298e+21,3.725290298461914e-05,
0,navstack-1709204551778,navstack,Static,HandCrafted,,,1709204575,296346187,"builtin_interfaces.msg.Time(sec=1709204561, nanosec=716346263)",120.0,Handcrafted_LabStudy,1,3,"-12.0,-0.0,0.5","-0.0,0.0,-0.0,-1.0","11.0,-0.0,0.0","-0.0,0.0,-0.0,-1.0",23.0,23.0,6.082762718200684,0,0,0,0,0,0,0,0.0,0.0,12.0,0.0,4.304261741637032e+21,3.725290298461914e-05,
0,navstack-1709204551778,navstack,Static,HandCrafted,,,1709204575,296346187,"builtin_interfaces.msg.Time(sec=1709204561, nanosec=716346263)",120.0,Handcrafted_LabStudy,1,3,"-12.0,-0.0,0.5","-0.0,0.0,-0.0,-1.0","11.0,-0.0,0.0","-0.0,0.0,-0.0,-1.0",23.0,23.0,6.082762718200684,0,0,0,0,0,0,0,0.0,0.0,12.0,0.0,4.304261741637032e+21,3.725290298461914e-05,
0,navstack-1709204551778,navstack,Static,HandCrafted,,,1709204575,296346187,"builtin_interfaces.msg.Time(sec=1709204561, nanosec=716346263)",120.0,Handcrafted_LabStudy,1,3,"-12.0,-0.0,0.5","-0.0,0.0,-0.0,-1.0","11.0,-0.0,0.0","-0.0,0.0,-0.0,-1.0",23.0,23.0,6.082762718200684,0,0,0,0,0,0,0,0.0,0.0,12.0,0.0,4.304261741637032e+21,0.0,
0,navstack-1709204551778,navstack,Static,HandCrafted,,,1709204575,316345691,"builtin_interfaces.msg.Time(sec=1709204561, nanosec=716346263)",120.0,Handcrafted_LabStudy,1,3,"-12.0,-0.0,0.5","-0.0,0.0,-0.0,-1.0","11.0,-0.0,0.0","-0.0,0.0,-0.0,-1.0",23.0,23.0,6.082762718200684,0,0,0,0,0,0,0,0.0,0.0,12.0,0.0,4.303977413243298e+21,3.725290298461914e-05,
0,navstack-1709204551778,navstack,Static,HandCrafted,,,1709204575,316345691,"builtin_interfaces.msg.Time(sec=1709204561, nanosec=716346263)",120.0,Handcrafted_LabStudy,1,3,"-12.0,-0.0,0.5","-0.0,0.0,-0.0,-1.0","11.0,-0.0,0.0","-0.0,0.0,-0.0,-1.0",23.0,23.0,6.082762718200684,0,0,0,0,0,0,0,0.0,0.0,12.0,0.0,4.303977413243298e+21,3.725290298461914e-05,
0,navstack-1709204551778,navstack,Static,HandCrafted,,,1709204575,336346149,"builtin_interfaces.msg.Time(sec=1709204561, nanosec=716346263)",120.0,Handcrafted_LabStudy,1,3,"-12.0,-0.0,0.5","-0.0,0.0,-0.0,-1.0","11.0,-0.0,0.0","-0.0,0.0,-0.0,-1.0",23.0,23.0,6.082762718200684,0,0,0,0,0,0,0,0.0,0.0,12.0,0.0,4.304261741637032e+21,3.725290298461914e-05,
0,navstack-1709204551778,navstack,Static,HandCrafted,,,1709204575,336346149,"builtin_interfaces.msg.Time(sec=1709204561, nanosec=716346263)",120.0,Handcrafted_LabStudy,1,3,"-12.0,-0.0,0.5","-0.0,0.0,-0.0,-1.0","11.0,-0.0,0.0","-0.0,0.0,-0.0,-1.0",23.0,23.0,6.082762718200684,0,0,0,0,0,0,0,0.0,0.0,12.0,0.0,4.304261741637032e+21,3.725290298461914e-05,
0,navstack-1709204551778,navstack,Static,HandCrafted,,,1709204575,356345653,"builtin_interfaces.msg.Time(sec=1709204561, nanosec=716346263)",120.0,Handcrafted_LabStudy,1,3,"-12.0,-0.0,0.5","-0.0,0.0,-0.0,-1.0","11.0,-0.0,0.0","-0.0,0.0,-0.0,-1.0",23.0,23.0,6.082762718200684,0,0,0,0,0,0,0,0.0,0.0,12.0,0.0,4.303977413243298e+21,3.725290298461914e-05,
0,navstack-1709204551778,navstack,Static,HandCrafted,,,1709204575,376345872,"builtin_interfaces.msg.Time(sec=1709204561, nanosec=716346263)",120.0,Handcrafted_LabStudy,1,3,"-12.0,-0.0,0.5","-0.0,0.0,-0.0,-1.0","11.0,-0.0,0.0","-0.0,0.0,-0.0,-1.0",23.0,23.0,6.082762718200684,0,0,0,0,0,0,0,0.0,0.0,12.0,0.0,4.304261741637032e+21,7.450580596923828e-05,
0,navstack-1709204551778,navstack,Static,HandCrafted,,,1709204575,376345872,"builtin_interfaces.msg.Time(sec=1709204561, nanosec=716346263)",120.0,Handcrafted_LabStudy,1,3,"-12.0,-0.0,0.5","-0.0,0.0,-0.0,-1.0","11.0,-0.0,0.0","-0.0,0.0,-0.0,-1.0",23.0,23.0,6.082762718200684,0,0,0,0,0,0,0,0.0,0.0,12.0,0.0,4.304261741637032e+21,3.725290298461914e-05,
0,navstack-1709204551778,navstack,Static,HandCrafted,,,1709204575,396345376,"builtin_interfaces.msg.Time(sec=1709204561, nanosec=716346263)",120.0,Handcrafted_LabStudy,1,3,"-12.0,-0.0,0.5","-0.0,0.0,-0.0,-1.0","11.0,-0.0,0.0","-0.0,0.0,-0.0,-1.0",23.0,23.0,6.082762718200684,0,0,0,0,0,0,0,0.0,0.0,12.0,0.0,4.303977413243298e+21,3.725290298461914e-05,
0,navstack-1709204551778,navstack,Static,HandCrafted,,,1709204575,396345376,"builtin_interfaces.msg.Time(sec=1709204561, nanosec=716346263)",120.0,Handcrafted_LabStudy,1,3,"-12.0,-0.0,0.5","-0.0,0.0,-0.0,-1.0","11.0,-0.0,0.0","-0.0,0.0,-0.0,-1.0",23.0,23.0,6.082762718200684,0,0,0,0,0,0,0,0.0,0.0,12.0,0.0,4.303977413243298e+21,3.725290298461914e-05,
0,navstack-1709204551778,navstack,Static,HandCrafted,,,1709204575,416345834,"builtin_interfaces.msg.Time(sec=1709204561, nanosec=716346263)",120.0,Handcrafted_LabStudy,1,3,"-12.0,-0.0,0.5","-0.0,0.0,-0.0,-1.0","11.0,-0.0,0.0","-0.0,0.0,-0.0,-1.0",23.0,23.0,6.082762718200684,0,0,0,0,0,0,0,0.0,0.0,12.0,0.0,4.304261741637032e+21,3.725290298461914e-05,
0,navstack-1709204551778,navstack,Static,HandCrafted,,,1709204575,416345834,"builtin_interfaces.msg.Time(sec=1709204561, nanosec=716346263)",120.0,Handcrafted_LabStudy,1,3,"-12.0,-0.0,0.5","-0.0,0.0,-0.0,-1.0","11.0,-0.0,0.0","-0.0,0.0,-0.0,-1.0",23.0,23.0,6.082762718200684,0,0,0,0,0,0,0,0.0,0.0,12.0,0.0,4.304261741637032e+21,3.725290298461914e-05,
0,navstack-1709204551778,navstack,Static,HandCrafted,,,1709204575,436345577,"builtin_interfaces.msg.Time(sec=1709204561, nanosec=716346263)",120.0,Handcrafted_LabStudy,1,3,"-12.0,-0.0,0.5","-0.0,0.0,-0.0,-1.0","11.0,-0.0,0.0","-0.0,0.0,-0.0,-1.0",23.0,23.0,6.082762718200684,0,0,0,0,0,0,0,0.0,0.0,12.0,0.0,4.303977413243298e+21,3.725290298461914e-05,
0,navstack-1709204551778,navstack,Static,HandCrafted,,,1709204575,436345577,"builtin_interfaces.msg.Time(sec=1709204561, nanosec=716346263)",120.0,Handcrafted_LabStudy,1,3,"-12.0,-0.0,0.5","-0.0,0.0,-0.0,-1.0","11.0,-0.0,0.0","-0.0,0.0,-0.0,-1.0",23.0,23.0,6.082762718200684,0,0,0,0,0,0,0,0.0,0.0,12.0,0.0,4.303977413243298e+21,3.725290298461914e-05,
0,navstack-1709204551778,navstack,Static,HandCrafted,,,1709204575,456346035,"builtin_interfaces.msg.Time(sec=1709204561, nanosec=716346263)",120.0,Handcrafted_LabStudy,1,3,"-12.0,-0.0,0.5","-0.0,0.0,-0.0,-1.0","11.0,-0.0,0.0","-0.0,0.0,-0.0,-1.0",23.0,23.0,6.082762718200684,0,0,0,0,0,0,0,0.0,0.0,12.0,0.0,4.304261741637032e+21,3.725290298461914e-05,
0,navstack-1709204551778,navstack,Static,HandCrafted,,,1709204575,456346035,"builtin_interfaces.msg.Time(sec=1709204561, nanosec=716346263)",120.0,Handcrafted_LabStudy,1,3,"-12.0,-0.0,0.5","-0.0,0.0,-0.0,-1.0","11.0,-0.0,0.0","-0.0,0.0,-0.0,-1.0",23.0,23.0,6.082762718200684,0,0,0,0,0,0,0,0.0,0.0,12.0,0.0,4.304261741637032e+21,3.725290298461914e-05,
0,navstack-1709204551778,navstack,Static,HandCrafted,,,1709204575,456346035,"builtin_interfaces.msg.Time(sec=1709204561, nanosec=716346263)",120.0,Handcrafted_LabStudy,1,3,"-12.0,-0.0,0.5","-0.0,0.0,-0.0,-1.0","11.0,-0.0,0.0","-0.0,0.0,-0.0,-1.0",23.0,23.0,6.082762718200684,0,0,0,0,0,0,0,0.0,0.0,12.0,0.0,4.304261741637032e+21,0.0,
0,navstack-1709204551778,navstack,Static,HandCrafted,,,1709204575,476345539,"builtin_interfaces.msg.Time(sec=1709204561, nanosec=716346263)",120.0,Handcrafted_LabStudy,1,3,"-12.0,-0.0,0.5","-0.0,0.0,-0.0,-1.0","11.0,-0.0,0.0","-0.0,0.0,-0.0,-1.0",23.0,23.0,6.082762718200684,0,0,0,0,0,0,0,0.0,0.0,12.0,0.0,4.303977413243298e+21,3.725290298461914e-05,
0,navstack-1709204551778,navstack,Static,HandCrafted,,,1709204575,476345539,"builtin_interfaces.msg.Time(sec=1709204561, nanosec=716346263)",120.0,Handcrafted_LabStudy,1,3,"-12.0,-0.0,0.5","-0.0,0.0,-0.0,-1.0","11.0,-0.0,0.0","-0.0,0.0,-0.0,-1.0",23.0,23.0,6.082762718200684,0,0,0,0,0,0,0,0.0,0.0,12.0,0.0,4.303977413243298e+21,3.725290298461914e-05,
0,navstack-1709204551778,navstack,Static,HandCrafted,,,1709204575,496345996,"builtin_interfaces.msg.Time(sec=1709204561, nanosec=716346263)",120.0,Handcrafted_LabStudy,1,3,"-12.0,-0.0,0.5","-0.0,0.0,-0.0,-1.0","11.0,-0.0,0.0","-0.0,0.0,-0.0,-1.0",23.0,23.0,6.082762718200684,0,0,0,0,0,0,0,0.0,0.0,12.0,0.0,4.304261741637032e+21,3.725290298461914e-05,
0,navstack-1709204551778,navstack,Static,HandCrafted,,,1709204575,496345996,"builtin_interfaces.msg.Time(sec=1709204561, nanosec=716346263)",120.0,Handcrafted_LabStudy,1,3,"-12.0,-0.0,0.5","-0.0,0.0,-0.0,-1.0","11.0,-0.0,0.0","-0.0,0.0,-0.0,-1.0",23.0,23.0,6.082762718200684,0,0,0,0,0,0,0,0.0,0.0,12.0,0.0,4.304261741637032e+21,3.725290298461914e-05,
0,navstack-1709204551778,navstack,Static,HandCrafted,,,1709204575,516345500,"builtin_interfaces.msg.Time(sec=1709204561, nanosec=716346263)",120.0,Handcrafted_LabStudy,1,3,"-12.0,-0.0,0.5","-0.0,0.0,-0.0,-1.0","11.0,-0.0,0.0","-0.0,0.0,-0.0,-1.0",23.0,23.0,6.082762718200684,0,0,0,0,0,0,0,0.0,0.0,12.0,0.0,4.303977413243298e+21,3.725290298461914e-05,
0,navstack-1709204551778,navstack,Static,HandCrafted,,,1709204575,516345500,"builtin_interfaces.msg.Time(sec=1709204561, nanosec=716346263)",120.0,Handcrafted_LabStudy,1,3,"-12.0,-0.0,0.5","-0.0,0.0,-0.0,-1.0","11.0,-0.0,0.0","-0.0,0.0,-0.0,-1.0",23.0,23.0,6.082762718200684,0,0,0,0,0,0,0,0.0,0.0,12.0,0.0,4.303977413243298e+21,3.725290298461914e-05,
0,navstack-1709204551778,navstack,Static,HandCrafted,,,1709204575,536345958,"builtin_interfaces.msg.Time(sec=1709204561, nanosec=716346263)",120.0,Handcrafted_LabStudy,1,3,"-12.0,-0.0,0.5","-0.0,0.0,-0.0,-1.0","11.0,-0.0,0.0","-0.0,0.0,-0.0,-1.0",23.0,23.0,6.082762718200684,0,0,0,0,0,0,0,0.0,0.0,12.0,0.0,4.304261741637032e+21,3.725290298461914e-05,
0,navstack-1709204551778,navstack,Static,HandCrafted,,,1709204575,536345958,"builtin_interfaces.msg.Time(sec=1709204561, nanosec=716346263)",120.0,Handcrafted_LabStudy,1,3,"-12.0,-0.0,0.5","-0.0,0.0,-0.0,-1.0","11.0,-0.0,0.0","-0.0,0.0,-0.0,-1.0",23.0,23.0,6.082762718200684,0,0,0,0,0,0,0,0.0,0.0,12.0,0.0,4.304261741637032e+21,3.725290298461914e-05,
0,navstack-1709204551778,navstack,Static,HandCrafted,,,1709204575,556346416,"builtin_interfaces.msg.Time(sec=1709204561, nanosec=716346263)",120.0,Handcrafted_LabStudy,1,3,"-12.0,-0.0,0.5","-0.0,0.0,-0.0,-1.0","11.0,-0.0,0.0","-0.0,0.0,-0.0,-1.0",23.0,23.0,6.082762718200684,0,0,0,0,0,0,0,0.0,0.0,12.0,0.0,4.303977413243298e+21,3.725290298461914e-05,
0,navstack-1709204551778,navstack,Static,HandCrafted,,,1709204575,556346416,"builtin_interfaces.msg.Time(sec=1709204561, nanosec=716346263)",120.0,Handcrafted_LabStudy,1,3,"-12.0,-0.0,0.5","-0.0,0.0,-0.0,-1.0","11.0,-0.0,0.0","-0.0,0.0,-0.0,-1.0",23.0,23.0,6.082762718200684,0,0,0,0,0,0,0,0.0,0.0,12.0,0.0,4.303977413243298e+21,3.725290298461914e-05,
0,navstack-1709204551778,navstack,Static,HandCrafted,,,1709204575,576345920,"builtin_interfaces.msg.Time(sec=1709204561, nanosec=716346263)",120.0,Handcrafted_LabStudy,1,3,"-12.0,-0.0,0.5","-0.0,0.0,-0.0,-1.0","11.0,-0.0,0.0","-0.0,0.0,-0.0,-1.0",23.0,23.0,6.082762718200684,0,0,0,0,0,0,0,0.0,0.0,12.0,0.0,4.304261741637032e+21,3.725290298461914e-05,
0,navstack-1709204551778,navstack,Static,HandCrafted,,,1709204575,756346225,"builtin_interfaces.msg.Time(sec=1709204561, nanosec=716346263)",120.0,Handcrafted_LabStudy,1,3,"-12.0,-0.0,0.5","-0.0,0.0,-0.0,-1.0","11.0,-0.0,0.0","-0.0,0.0,-0.0,-1.0",23.0,23.0,6.082762718200684,0,0,0,0,0,0,0,0.0,0.0,12.0,0.0,4.303977413243298e+21,7.450580596923828e-05,
0,navstack-1709204551778,navstack,Static,HandCrafted,,,1709204575,776345729,"builtin_interfaces.msg.Time(sec=1709204561, nanosec=716346263)",120.0,Handcrafted_LabStudy,1,3,"-12.0,-0.0,0.5","-0.0,0.0,-0.0,-1.0","11.0,-0.0,0.0","-0.0,0.0,-0.0,-1.0",23.0,23.0,6.082762718200684,0,0,0,0,0,0,0,0.0,0.0,12.0,0.0,4.304261741637032e+21,7.450580596923828e-05,
0,navstack-1709204551778,navstack,Static,HandCrafted,,,1709204575,776345729,"builtin_interfaces.msg.Time(sec=1709204561, nanosec=716346263)",120.0,Handcrafted_LabStudy,1,3,"-12.0,-0.0,0.5","-0.0,0.0,-0.0,-1.0","11.0,-0.0,0.0","-0.0,0.0,-0.0,-1.0",23.0,23.0,6.082762718200684,0,0,0,0,0,0,0,0.0,0.0,12.0,0.0,4.304261741637032e+21,3.725290298461914e-05,
0,navstack-1709204551778,navstack,Static,HandCrafted,,,1709204575,796346187,"builtin_interfaces.msg.Time(sec=1709204561, nanosec=716346263)",120.0,Handcrafted_LabStudy,1,3,"-12.0,-0.0,0.5","-0.0,0.0,-0.0,-1.0","11.0,-0.0,0.0","-0.0,0.0,-0.0,-1.0",23.0,23.0,6.082762718200684,0,0,0,0,0,0,0,0.0,0.0,12.0,0.0,4.303977413243298e+21,3.725290298461914e-05,
0,navstack-1709204551778,navstack,Static,HandCrafted,,,1709204575,816345691,"builtin_interfaces.msg.Time(sec=1709204561, nanosec=716346263)",120.0,Handcrafted_LabStudy,1,3,"-12.0,-0.0,0.5","-0.0,0.0,-0.0,-1.0","11.0,-0.0,0.0","-0.0,0.0,-0.0,-1.0",23.0,23.0,6.082762718200684,0,0,0,0,0,0,0,0.0,0.0,12.0,0.0,4.304261741637032e+21,7.450580596923828e-05,
0,navstack-1709204551778,navstack,Static,HandCrafted,,,1709204575,836346149,"builtin_interfaces.msg.Time(sec=1709204561, nanosec=716346263)",120.0,Handcrafted_LabStudy,1,3,"-12.0,-0.0,0.5","-0.0,0.0,-0.0,-1.0","11.0,-0.0,0.0","-0.0,0.0,-0.0,-1.0",23.0,23.0,6.082762718200684,0,0,0,0,0,0,0,0.0,0.0,12.0,0.0,4.303977413243298e+21,7.450580596923828e-05,
0,navstack-1709204551778,navstack,Static,HandCrafted,,,1709204575,836346149,"builtin_interfaces.msg.Time(sec=1709204561, nanosec=716346263)",120.0,Handcrafted_LabStudy,1,3,"-12.0,-0.0,0.5","-0.0,0.0,-0.0,-1.0","11.0,-0.0,0.0","-0.0,0.0,-0.0,-1.0",23.0,23.0,6.082762718200684,0,0,0,0,0,0,0,0.0,0.0,12.0,0.0,4.303977413243298e+21,3.725290298461914e-05,
0,navstack-1709204551778,navstack,Static,HandCrafted,,,1709204575,856345653,"builtin_interfaces.msg.Time(sec=1709204561, nanosec=716346263)",120.0,Handcrafted_LabStudy,1,3,"-12.0,-0.0,0.5","-0.0,0.0,-0.0,-1.0","11.0,-0.0,0.0","-0.0,0.0,-0.0,-1.0",23.0,23.0,6.082762718200684,0,0,0,0,0,0,0,0.0,0.0,13.0,0.0,4.304261741637032e+21,3.725290298461914e-05,
0,navstack-1709204551778,navstack,Static,HandCrafted,,,1709204575,856345653,"builtin_interfaces.msg.Time(sec=1709204561, nanosec=716346263)",120.0,Handcrafted_LabStudy,1,3,"-12.0,-0.0,0.5","-0.0,0.0,-0.0,-1.0","11.0,-0.0,0.0","-0.0,0.0,-0.0,-1.0",23.0,23.0,6.082762718200684,0,0,0,0,0,0,0,0.0,0.0,13.0,0.0,4.304261741637032e+21,3.725290298461914e-05,
0,navstack-1709204551778,navstack,Static,HandCrafted,,,1709204575,856345653,"builtin_interfaces.msg.Time(sec=1709204561, nanosec=716346263)",120.0,Handcrafted_LabStudy,1,3,"-12.0,-0.0,0.5","-0.0,0.0,-0.0,-1.0","11.0,-0.0,0.0","-0.0,0.0,-0.0,-1.0",23.0,23.0,6.082762718200684,0,0,0,0,0,0,0,0.0,0.0,13.0,0.0,4.304261741637032e+21,0.0,
0,navstack-1709204551778,navstack,Static,HandCrafted,,,1709204575,876345872,"builtin_interfaces.msg.Time(sec=1709204561, nanosec=716346263)",120.0,Handcrafted_LabStudy,1,3,"-12.0,-0.0,0.5","-0.0,0.0,-0.0,-1.0","11.0,-0.0,0.0","-0.0,0.0,-0.0,-1.0",23.0,23.0,6.082762718200684,0,0,0,0,0,0,0,0.0,0.0,13.0,0.0,4.303977413243298e+21,3.725290298461914e-05,
0,navstack-1709204551778,navstack,Static,HandCrafted,,,1709204575,876345872,"builtin_interfaces.msg.Time(sec=1709204561, nanosec=716346263)",120.0,Handcrafted_LabStudy,1,3,"-12.0,-0.0,0.5","-0.0,0.0,-0.0,-1.0","11.0,-0.0,0.0","-0.0,0.0,-0.0,-1.0",23.0,23.0,6.082762718200684,0,0,0,0,0,0,0,0.0,0.0,13.0,0.0,4.303977413243298e+21,3.725290298461914e-05,
0,navstack-1709204551778,navstack,Static,HandCrafted,,,1709204575,896345376,"builtin_interfaces.msg.Time(sec=1709204561, nanosec=716346263)",120.0,Handcrafted_LabStudy,1,3,"-12.0,-0.0,0.5","-0.0,0.0,-0.0,-1.0","11.0,-0.0,0.0","-0.0,0.0,-0.0,-1.0",23.0,23.0,6.082762718200684,0,0,0,0,0,0,0,0.0,0.0,13.0,0.0,4.304261741637032e+21,3.725290298461914e-05,
0,navstack-1709204551778,navstack,Static,HandCrafted,,,1709204575,896345376,"builtin_interfaces.msg.Time(sec=1709204561, nanosec=716346263)",120.0,Handcrafted_LabStudy,1,3,"-12.0,-0.0,0.5","-0.0,0.0,-0.0,-1.0","11.0,-0.0,0.0","-0.0,0.0,-0.0,-1.0",23.0,23.0,6.082762718200684,0,0,0,0,0,0,0,0.0,0.0,13.0,0.0,4.304261741637032e+21,3.725290298461914e-05,
0,navstack-1709204551778,navstack,Static,HandCrafted,,,1709204575,916345834,"builtin_interfaces.msg.Time(sec=1709204561, nanosec=716346263)",120.0,Handcrafted_LabStudy,1,3,"-12.0,-0.0,0.5","-0.0,0.0,-0.0,-1.0","11.0,-0.0,0.0","-0.0,0.0,-0.0,-1.0",23.0,23.0,6.082762718200684,0,0,0,0,0,0,0,0.0,0.0,13.0,0.0,4.303977413243298e+21,3.725290298461914e-05,
0,navstack-1709204551778,navstack,Static,HandCrafted,,,1709204575,916345834,"builtin_interfaces.msg.Time(sec=1709204561, nanosec=716346263)",120.0,Handcrafted_LabStudy,1,3,"-12.0,-0.0,0.5","-0.0,0.0,-0.0,-1.0","11.0,-0.0,0.0","-0.0,0.0,-0.0,-1.0",23.0,23.0,6.082762718200684,0,0,0,0,0,0,0,0.0,0.0,13.0,0.0,4.303977413243298e+21,3.725290298461914e-05,
0,navstack-1709204551778,navstack,Static,HandCrafted,,,1709204575,936345577,"builtin_interfaces.msg.Time(sec=1709204561, nanosec=716346263)",120.0,Handcrafted_LabStudy,1,3,"-12.0,-0.0,0.5","-0.0,0.0,-0.0,-1.0","11.0,-0.0,0.0","-0.0,0.0,-0.0,-1.0",23.0,23.0,6.082762718200684,0,0,0,0,0,0,0,0.0,0.0,13.0,0.0,4.304261741637032e+21,3.725290298461914e-05,
0,navstack-1709204551778,navstack,Static,HandCrafted,,,1709204575,936345577,"builtin_interfaces.msg.Time(sec=1709204561, nanosec=716346263)",120.0,Handcrafted_LabStudy,1,3,"-12.0,-0.0,0.5","-0.0,0.0,-0.0,-1.0","11.0,-0.0,0.0","-0.0,0.0,-0.0,-1.0",23.0,23.0,6.082762718200684,0,0,0,0,0,0,0,0.0,0.0,13.0,0.0,4.304261741637032e+21,3.725290298461914e-05,
0,navstack-1709204551778,navstack,Static,HandCrafted,,,1709204575,936345577,"builtin_interfaces.msg.Time(sec=1709204561, nanosec=716346263)",120.0,Handcrafted_LabStudy,1,3,"-12.0,-0.0,0.5","-0.0,0.0,-0.0,-1.0","11.0,-0.0,0.0","-0.0,0.0,-0.0,-1.0",23.0,23.0,6.082762718200684,0,0,0,0,0,0,0,0.0,0.0,13.0,0.0,4.304261741637032e+21,0.0,
0,navstack-1709204551778,navstack,Static,HandCrafted,,,1709204575,956346035,"builtin_interfaces.msg.Time(sec=1709204561, nanosec=716346263)",120.0,Handcrafted_LabStudy,1,3,"-12.0,-0.0,0.5","-0.0,0.0,-0.0,-1.0","11.0,-0.0,0.0","-0.0,0.0,-0.0,-1.0",23.0,23.0,6.082762718200684,0,0,0,0,0,0,0,0.0,0.0,13.0,0.0,4.303977413243298e+21,3.725290298461914e-05,
0,navstack-1709204551778,navstack,Static,HandCrafted,,,1709204575,956346035,"builtin_interfaces.msg.Time(sec=1709204561, nanosec=716346263)",120.0,Handcrafted_LabStudy,1,3,"-12.0,-0.0,0.5","-0.0,0.0,-0.0,-1.0","11.0,-0.0,0.0","-0.0,0.0,-0.0,-1.0",23.0,23.0,6.082762718200684,0,0,0,0,0,0,0,0.0,0.0,13.0,0.0,4.303977413243298e+21,3.725290298461914e-05,
0,navstack-1709204551778,navstack,Static,HandCrafted,,,1709204575,976345539,"builtin_interfaces.msg.Time(sec=1709204561, nanosec=716346263)",120.0,Handcrafted_LabStudy,1,3,"-12.0,-0.0,0.5","-0.0,0.0,-0.0,-1.0","11.0,-0.0,0.0","-0.0,0.0,-0.0,-1.0",23.0,23.0,6.082762718200684,0,0,0,0,0,0,0,0.0,0.0,13.0,0.0,4.304261741637032e+21,3.725290298461914e-05,
0,navstack-1709204551778,navstack,Static,HandCrafted,,,1709204575,976345539,"builtin_interfaces.msg.Time(sec=1709204561, nanosec=716346263)",120.0,Handcrafted_LabStudy,1,3,"-12.0,-0.0,0.5","-0.0,0.0,-0.0,-1.0","11.0,-0.0,0.0","-0.0,0.0,-0.0,-1.0",23.0,23.0,6.082762718200684,0,0,0,0,0,0,0,0.0,0.0,13.0,0.0,4.304261741637032e+21,3.725290298461914e-05,
0,navstack-1709204551778,navstack,Static,HandCrafted,,,1709204575,996345996,"builtin_interfaces.msg.Time(sec=1709204561, nanosec=716346263)",120.0,Handcrafted_LabStudy,1,3,"-12.0,-0.0,0.5","-0.0,0.0,-0.0,-1.0","11.0,-0.0,0.0","-0.0,0.0,-0.0,-1.0",23.0,23.0,6.082762718200684,0,0,0,0,0,0,0,0.0,0.0,13.0,0.0,4.303977413243298e+21,3.725290298461914e-05,
0,navstack-1709204551778,navstack,Static,HandCrafted,,,1709204575,996345996,"builtin_interfaces.msg.Time(sec=1709204561, nanosec=716346263)",120.0,Handcrafted_LabStudy,1,3,"-12.0,-0.0,0.5","-0.0,0.0,-0.0,-1.0","11.0,-0.0,0.0","-0.0,0.0,-0.0,-1.0",23.0,23.0,6.082762718200684,0,0,0,0,0,0,0,0.0,0.0,13.0,0.0,4.303977413243298e+21,3.725290298461914e-05,
0,navstack-1709204551778,navstack,Static,HandCrafted,,,1709204576,16345500,"builtin_interfaces.msg.Time(sec=1709204561, nanosec=716346263)",120.0,Handcrafted_LabStudy,1,3,"-12.0,-0.0,0.5","-0.0,0.0,-0.0,-1.0","11.0,-0.0,0.0","-0.0,0.0,-0.0,-1.0",23.0,23.0,6.082762718200684,0,0,0,0,0,0,0,0.0,0.0,13.0,0.0,4.304261741637032e+21,3.725290298461914e-05,
0,navstack-1709204551778,navstack,Static,HandCrafted,,,1709204576,16345500,"builtin_interfaces.msg.Time(sec=1709204561, nanosec=716346263)",120.0,Handcrafted_LabStudy,1,3,"-12.0,-0.0,0.5","-0.0,0.0,-0.0,-1.0","11.0,-0.0,0.0","-0.0,0.0,-0.0,-1.0",23.0,23.0,6.082762718200684,0,0,0,0,0,0,0,0.0,0.0,13.0,0.0,4.304261741637032e+21,3.725290298461914e-05,
0,navstack-1709204551778,navstack,Static,HandCrafted,,,1709204576,36345958,"builtin_interfaces.msg.Time(sec=1709204561, nanosec=716346263)",120.0,Handcrafted_LabStudy,1,3,"-12.0,-0.0,0.5","-0.0,0.0,-0.0,-1.0","11.0,-0.0,0.0","-0.0,0.0,-0.0,-1.0",23.0,23.0,6.082762718200684,0,0,0,0,0,0,0,0.0,0.0,13.0,0.0,4.303977413243298e+21,3.725290298461914e-05,
0,navstack-1709204551778,navstack,Static,HandCrafted,,,1709204576,36345958,"builtin_interfaces.msg.Time(sec=1709204561, nanosec=716346263)",120.0,Handcrafted_LabStudy,1,3,"-12.0,-0.0,0.5","-0.0,0.0,-0.0,-1.0","11.0,-0.0,0.0","-0.0,0.0,-0.0,-1.0",23.0,23.0,6.082762718200684,0,0,0,0,0,0,0,0.0,0.0,13.0,0.0,4.303977413243298e+21,3.725290298461914e-05,
0,navstack-1709204551778,navstack,Static,HandCrafted,,,1709204576,56346416,"builtin_interfaces.msg.Time(sec=1709204561, nanosec=716346263)",120.0,Handcrafted_LabStudy,1,3,"-12.0,-0.0,0.5","-0.0,0.0,-0.0,-1.0","11.0,-0.0,0.0","-0.0,0.0,-0.0,-1.0",23.0,23.0,6.082762718200684,0,0,0,0,0,0,0,0.0,0.0,13.0,0.0,4.304261741637032e+21,3.725290298461914e-05,
0,navstack-1709204551778,navstack,Static,HandCrafted,,,1709204576,56346416,"builtin_interfaces.msg.Time(sec=1709204561, nanosec=716346263)",120.0,Handcrafted_LabStudy,1,3,"-12.0,-0.0,0.5","-0.0,0.0,-0.0,-1.0","11.0,-0.0,0.0","-0.0,0.0,-0.0,-1.0",23.0,23.0,6.082762718200684,0,0,0,0,0,0,0,0.0,0.0,13.0,0.0,4.304261741637032e+21,3.725290298461914e-05,
0,navstack-1709204551778,navstack,Static,HandCrafted,,,1709204576,76345920,"builtin_interfaces.msg.Time(sec=1709204561, nanosec=716346263)",120.0,Handcrafted_LabStudy,1,3,"-12.0,-0.0,0.5","-0.0,0.0,-0.0,-1.0","11.0,-0.0,0.0","-0.0,0.0,-0.0,-1.0",23.0,23.0,6.082762718200684,0,0,0,0,0,0,0,0.0,0.0,13.0,0.0,4.303977413243298e+21,3.725290298461914e-05,
0,navstack-1709204551778,navstack,Static,HandCrafted,,,1709204576,96346139,"builtin_interfaces.msg.Time(sec=1709204561, nanosec=716346263)",120.0,Handcrafted_LabStudy,1,3,"-12.0,-0.0,0.5","-0.0,0.0,-0.0,-1.0","11.0,-0.0,0.0","-0.0,0.0,-0.0,-1.0",23.0,23.0,6.082762718200684,0,0,0,0,0,0,0,0.0,0.0,13.0,0.0,4.304261741637032e+21,7.450580596923828e-05,
0,navstack-1709204551778,navstack,Static,HandCrafted,,,1709204576,96346139,"builtin_interfaces.msg.Time(sec=1709204561, nanosec=716346263)",120.0,Handcrafted_LabStudy,1,3,"-12.0,-0.0,0.5","-0.0,0.0,-0.0,-1.0","11.0,-0.0,0.0","-0.0,0.0,-0.0,-1.0",23.0,23.0,6.082762718200684,0,0,0,0,0,0,0,0.0,0.0,13.0,0.0,4.304261741637032e+21,3.725290298461914e-05,
0,navstack-1709204551778,navstack,Static,HandCrafted,,,1709204576,96346139,"builtin_interfaces.msg.Time(sec=1709204561, nanosec=716346263)",120.0,Handcrafted_LabStudy,1,3,"-12.0,-0.0,0.5","-0.0,0.0,-0.0,-1.0","11.0,-0.0,0.0","-0.0,0.0,-0.0,-1.0",23.0,23.0,6.082762718200684,0,0,0,0,0,0,0,0.0,0.0,13.0,0.0,4.304261741637032e+21,0.0,
0,navstack-1709204551778,navstack,Static,HandCrafted,,,1709204576,116345643,"builtin_interfaces.msg.Time(sec=1709204561, nanosec=716346263)",120.0,Handcrafted_LabStudy,1,3,"-12.0,-0.0,0.5","-0.0,0.0,-0.0,-1.0","11.0,-0.0,0.0","-0.0,0.0,-0.0,-1.0",23.0,23.0,6.082762718200684,0,0,0,0,0,0,0,0.0,0.0,13.0,0.0,4.303977413243298e+21,3.725290298461914e-05,
0,navstack-1709204551778,navstack,Static,HandCrafted,,,1709204576,116345643,"builtin_interfaces.msg.Time(sec=1709204561, nanosec=716346263)",120.0,Handcrafted_LabStudy,1,3,"-12.0,-0.0,0.5","-0.0,0.0,-0.0,-1.0","11.0,-0.0,0.0","-0.0,0.0,-0.0,-1.0",23.0,23.0,6.082762718200684,0,0,0,0,0,0,0,0.0,0.0,13.0,0.0,4.303977413243298e+21,3.725290298461914e-05,
0,navstack-1709204551778,navstack,Static,HandCrafted,,,1709204576,136346101,"builtin_interfaces.msg.Time(sec=1709204561, nanosec=716346263)",120.0,Handcrafted_LabStudy,1,3,"-12.0,-0.0,0.5","-0.0,0.0,-0.0,-1.0","11.0,-0.0,0.0","-0.0,0.0,-0.0,-1.0",23.0,23.0,6.082762718200684,0,0,0,0,0,0,0,0.0,0.0,13.0,0.0,4.304261741637032e+21,3.725290298461914e-05,
0,navstack-1709204551778,navstack,Static,HandCrafted,,,1709204576,136346101,"builtin_interfaces.msg.Time(sec=1709204561, nanosec=716346263)",120.0,Handcrafted_LabStudy,1,3,"-12.0,-0.0,0.5","-0.0,0.0,-0.0,-1.0","11.0,-0.0,0.0","-0.0,0.0,-0.0,-1.0",23.0,23.0,6.082762718200684,0,0,0,0,0,0,0,0.0,0.0,13.0,0.0,4.304261741637032e+21,3.725290298461914e-05,
0,navstack-1709204551778,navstack,Static,HandCrafted,,,1709204576,156345605,"builtin_interfaces.msg.Time(sec=1709204561, nanosec=716346263)",120.0,Handcrafted_LabStudy,1,3,"-12.0,-0.0,0.5","-0.0,0.0,-0.0,-1.0","11.0,-0.0,0.0","-0.0,0.0,-0.0,-1.0",23.0,23.0,6.082762718200684,0,0,0,0,0,0,0,0.0,0.0,13.0,0.0,4.303977413243298e+21,3.725290298461914e-05,
0,navstack-1709204551778,navstack,Static,HandCrafted,,,1709204576,156345605,"builtin_interfaces.msg.Time(sec=1709204561, nanosec=716346263)",120.0,Handcrafted_LabStudy,1,3,"-12.0,-0.0,0.5","-0.0,0.0,-0.0,-1.0","11.0,-0.0,0.0","-0.0,0.0,-0.0,-1.0",23.0,23.0,6.082762718200684,0,0,0,0,0,0,0,0.0,0.0,13.0,0.0,4.303977413243298e+21,3.725290298461914e-05,
0,navstack-1709204551778,navstack,Static,HandCrafted,,,1709204576,176346302,"builtin_interfaces.msg.Time(sec=1709204561, nanosec=716346263)",120.0,Handcrafted_LabStudy,1,3,"-12.0,-0.0,0.5","-0.0,0.0,-0.0,-1.0","11.0,-0.0,0.0","-0.0,0.0,-0.0,-1.0",23.0,23.0,6.082762718200684,0,0,0,0,0,0,0,0.0,0.0,13.0,0.0,4.304261741637032e+21,3.725290298461914e-05,
0,navstack-1709204551778,navstack,Static,HandCrafted,,,1709204576,176346302,"builtin_interfaces.msg.Time(sec=1709204561, nanosec=716346263)",120.0,Handcrafted_LabStudy,1,3,"-12.0,-0.0,0.5","-0.0,0.0,-0.0,-1.0","11.0,-0.0,0.0","-0.0,0.0,-0.0,-1.0",23.0,23.0,6.082762718200684,0,0,0,0,0,0,0,0.0,0.0,13.0,0.0,4.304261741637032e+21,3.725290298461914e-05,
0,navstack-1709204551778,navstack,Static,HandCrafted,,,1709204576,176346302,"builtin_interfaces.msg.Time(sec=1709204561, nanosec=716346263)",120.0,Handcrafted_LabStudy,1,3,"-12.0,-0.0,0.5","-0.0,0.0,-0.0,-1.0","11.0,-0.0,0.0","-0.0,0.0,-0.0,-1.0",23.0,23.0,6.082762718200684,0,0,0,0,0,0,0,0.0,0.0,13.0,0.0,4.304261741637032e+21,0.0,
0,navstack-1709204551778,navstack,Static,HandCrafted,,,1709204576,196345806,"builtin_interfaces.msg.Time(sec=1709204561, nanosec=716346263)",120.0,Handcrafted_LabStudy,1,3,"-12.0,-0.0,0.5","-0.0,0.0,-0.0,-1.0","11.0,-0.0,0.0","-0.0,0.0,-0.0,-1.0",23.0,23.0,6.082762718200684,0,0,0,0,0,0,0,0.0,0.0,13.0,0.0,4.303977413243298e+21,3.725290298461914e-05,
0,navstack-1709204551778,navstack,Static,HandCrafted,,,1709204576,196345806,"builtin_interfaces.msg.Time(sec=1709204561, nanosec=716346263)",120.0,Handcrafted_LabStudy,1,3,"-12.0,-0.0,0.5","-0.0,0.0,-0.0,-1.0","11.0,-0.0,0.0","-0.0,0.0,-0.0,-1.0",23.0,23.0,6.082762718200684,0,0,0,0,0,0,0,0.0,0.0,13.0,0.0,4.303977413243298e+21,3.725290298461914e-05,
0,navstack-1709204551778,navstack,Static,HandCrafted,,,1709204576,216346263,"builtin_interfaces.msg.Time(sec=1709204561, nanosec=716346263)",120.0,Handcrafted_LabStudy,1,3,"-12.0,-0.0,0.5","-0.0,0.0,-0.0,-1.0","11.0,-0.0,0.0","-0.0,0.0,-0.0,-1.0",23.0,23.0,6.082762718200684,0,0,0,0,0,0,0,0.0,0.0,13.0,0.0,4.304261741637032e+21,3.725290298461914e-05,
0,navstack-1709204551778,navstack,Static,HandCrafted,,,1709204576,216346263,"builtin_interfaces.msg.Time(sec=1709204561, nanosec=716346263)",120.0,Handcrafted_LabStudy,1,3,"-12.0,-0.0,0.5","-0.0,0.0,-0.0,-1.0","11.0,-0.0,0.0","-0.0,0.0,-0.0,-1.0",23.0,23.0,6.082762718200684,0,0,0,0,0,0,0,0.0,0.0,13.0,0.0,4.304261741637032e+21,3.725290298461914e-05,
0,navstack-1709204551778,navstack,Static,HandCrafted,,,1709204576,236345767,"builtin_interfaces.msg.Time(sec=1709204561, nanosec=716346263)",120.0,Handcrafted_LabStudy,1,3,"-12.0,-0.0,0.5","-0.0,0.0,-0.0,-1.0","11.0,-0.0,0.0","-0.0,0.0,-0.0,-1.0",23.0,23.0,6.082762718200684,0,0,0,0,0,0,0,0.0,0.0,13.0,0.0,4.303977413243298e+21,3.725290298461914e-05,
0,navstack-1709204551778,navstack,Static,HandCrafted,,,1709204576,236345767,"builtin_interfaces.msg.Time(sec=1709204561, nanosec=716346263)",120.0,Handcrafted_LabStudy,1,3,"-12.0,-0.0,0.5","-0.0,0.0,-0.0,-1.0","11.0,-0.0,0.0","-0.0,0.0,-0.0,-1.0",23.0,23.0,6.082762718200684,0,0,0,0,0,0,0,0.0,0.0,13.0,0.0,4.303977413243298e+21,3.725290298461914e-05,
0,navstack-1709204551778,navstack,Static,HandCrafted,,,1709204576,256346225,"builtin_interfaces.msg.Time(sec=1709204561, nanosec=716346263)",120.0,Handcrafted_LabStudy,1,3,"-12.0,-0.0,0.5","-0.0,0.0,-0.0,-1.0","11.0,-0.0,0.0","-0.0,0.0,-0.0,-1.0",23.0,23.0,6.082762718200684,0,0,0,0,0,0,0,0.0,0.0,13.0,0.0,4.304261741637032e+21,3.725290298461914e-05,
0,navstack-1709204551778,navstack,Static,HandCrafted,,,1709204576,256346225,"builtin_interfaces.msg.Time(sec=1709204561, nanosec=716346263)",120.0,Handcrafted_LabStudy,1,3,"-12.0,-0.0,0.5","-0.0,0.0,-0.0,-1.0","11.0,-0.0,0.0","-0.0,0.0,-0.0,-1.0",23.0,23.0,6.082762718200684,0,0,0,0,0,0,0,0.0,0.0,13.0,0.0,4.304261741637032e+21,3.725290298461914e-05,
0,navstack-1709204551778,navstack,Static,HandCrafted,,,1709204576,276345729,"builtin_interfaces.msg.Time(sec=1709204561, nanosec=716346263)",120.0,Handcrafted_LabStudy,1,3,"-12.0,-0.0,0.5","-0.0,0.0,-0.0,-1.0","11.0,-0.0,0.0","-0.0,0.0,-0.0,-1.0",23.0,23.0,6.082762718200684,0,0,0,0,0,0,0,0.0,0.0,13.0,0.0,4.303977413243298e+21,3.725290298461914e-05,
0,navstack-1709204551778,navstack,Static,HandCrafted,,,1709204576,276345729,"builtin_interfaces.msg.Time(sec=1709204561, nanosec=716346263)",120.0,Handcrafted_LabStudy,1,3,"-12.0,-0.0,0.5","-0.0,0.0,-0.0,-1.0","11.0,-0.0,0.0","-0.0,0.0,-0.0,-1.0",23.0,23.0,6.082762718200684,0,0,0,0,0,0,0,0.0,0.0,13.0,0.0,4.303977413243298e+21,3.725290298461914e-05,
0,navstack-1709204551778,navstack,Static,HandCrafted,,,1709204576,276345729,"builtin_interfaces.msg.Time(sec=1709204561, nanosec=716346263)",120.0,Handcrafted_LabStudy,1,3,"-12.0,-0.0,0.5","-0.0,0.0,-0.0,-1.0","11.0,-0.0,0.0","-0.0,0.0,-0.0,-1.0",23.0,23.0,6.082762718200684,0,0,0,0,0,0,0,0.0,0.0,13.0,0.0,4.303977413243298e+21,0.0,
0,navstack-1709204551778,navstack,Static,HandCrafted,,,1709204576,296346187,"builtin_interfaces.msg.Time(sec=1709204561, nanosec=716346263)",120.0,Handcrafted_LabStudy,1,3,"-12.0,-0.0,0.5","-0.0,0.0,-0.0,-1.0","11.0,-0.0,0.0","-0.0,0.0,-0.0,-1.0",23.0,23.0,6.082762718200684,0,0,0,0,0,0,0,0.0,0.0,13.0,0.0,4.304261741637032e+21,3.725290298461914e-05,
0,navstack-1709204551778,navstack,Static,HandCrafted,,,1709204576,296346187,"builtin_interfaces.msg.Time(sec=1709204561, nanosec=716346263)",120.0,Handcrafted_LabStudy,1,3,"-12.0,-0.0,0.5","-0.0,0.0,-0.0,-1.0","11.0,-0.0,0.0","-0.0,0.0,-0.0,-1.0",23.0,23.0,6.082762718200684,0,0,0,0,0,0,0,0.0,0.0,13.0,0.0,4.304261741637032e+21,3.725290298461914e-05,
0,navstack-1709204551778,navstack,Static,HandCrafted,,,1709204576,316345691,"builtin_interfaces.msg.Time(sec=1709204561, nanosec=716346263)",120.0,Handcrafted_LabStudy,1,3,"-12.0,-0.0,0.5","-0.0,0.0,-0.0,-1.0","11.0,-0.0,0.0","-0.0,0.0,-0.0,-1.0",23.0,23.0,6.082762718200684,0,0,0,0,0,0,0,0.0,0.0,13.0,0.0,4.303977413243298e+21,3.725290298461914e-05,
0,navstack-1709204551778,navstack,Static,HandCrafted,,,1709204576,316345691,"builtin_interfaces.msg.Time(sec=1709204561, nanosec=716346263)",120.0,Handcrafted_LabStudy,1,3,"-12.0,-0.0,0.5","-0.0,0.0,-0.0,-1.0","11.0,-0.0,0.0","-0.0,0.0,-0.0,-1.0",23.0,23.0,6.082762718200684,0,0,0,0,0,0,0,0.0,0.0,13.0,0.0,4.303977413243298e+21,3.725290298461914e-05,
0,navstack-1709204551778,navstack,Static,HandCrafted,,,1709204576,336346149,"builtin_interfaces.msg.Time(sec=1709204561, nanosec=716346263)",120.0,Handcrafted_LabStudy,1,3,"-12.0,-0.0,0.5","-0.0,0.0,-0.0,-1.0","11.0,-0.0,0.0","-0.0,0.0,-0.0,-1.0",23.0,23.0,6.082762718200684,0,0,0,0,0,0,0,0.0,0.0,13.0,0.0,4.304261741637032e+21,3.725290298461914e-05,
0,navstack-1709204551778,navstack,Static,HandCrafted,,,1709204576,356345653,"builtin_interfaces.msg.Time(sec=1709204561, nanosec=716346263)",120.0,Handcrafted_LabStudy,1,3,"-12.0,-0.0,0.5","-0.0,0.0,-0.0,-1.0","11.0,-0.0,0.0","-0.0,0.0,-0.0,-1.0",23.0,23.0,6.082762718200684,0,0,0,0,0,0,0,0.0,0.0,13.0,0.0,4.303977413243298e+21,7.450580596923828e-05,
0,navstack-1709204551778,navstack,Static,HandCrafted,,,1709204576,356345653,"builtin_interfaces.msg.Time(sec=1709204561, nanosec=716346263)",120.0,Handcrafted_LabStudy,1,3,"-12.0,-0.0,0.5","-0.0,0.0,-0.0,-1.0","11.0,-0.0,0.0","-0.0,0.0,-0.0,-1.0",23.0,23.0,6.082762718200684,0,0,0,0,0,0,0,0.0,0.0,13.0,0.0,4.303977413243298e+21,3.725290298461914e-05,
0,navstack-1709204551778,navstack,Static,HandCrafted,,,1709204576,376345872,"builtin_interfaces.msg.Time(sec=1709204561, nanosec=716346263)",120.0,Handcrafted_LabStudy,1,3,"-12.0,-0.0,0.5","-0.0,0.0,-0.0,-1.0","11.0,-0.0,0.0","-0.0,0.0,-0.0,-1.0",23.0,23.0,6.082762718200684,0,0,0,0,0,0,0,0.0,0.0,13.0,0.0,4.304261741637032e+21,3.725290298461914e-05,
0,navstack-1709204551778,navstack,Static,HandCrafted,,,1709204576,396345376,"builtin_interfaces.msg.Time(sec=1709204561, nanosec=716346263)",120.0,Handcrafted_LabStudy,1,3,"-12.0,-0.0,0.5","-0.0,0.0,-0.0,-1.0","11.0,-0.0,0.0","-0.0,0.0,-0.0,-1.0",23.0,23.0,6.082762718200684,0,0,0,0,0,0,0,0.0,0.0,13.0,0.0,4.303977413243298e+21,7.450580596923828e-05,
0,navstack-1709204551778,navstack,Static,HandCrafted,,,1709204576,396345376,"builtin_interfaces.msg.Time(sec=1709204561, nanosec=716346263)",120.0,Handcrafted_LabStudy,1,3,"-12.0,-0.0,0.5","-0.0,0.0,-0.0,-1.0","11.0,-0.0,0.0","-0.0,0.0,-0.0,-1.0",23.0,23.0,6.082762718200684,0,0,0,0,0,0,0,0.0,0.0,13.0,0.0,4.303977413243298e+21,3.725290298461914e-05,
0,navstack-1709204551778,navstack,Static,HandCrafted,,,1709204576,396345376,"builtin_interfaces.msg.Time(sec=1709204561, nanosec=716346263)",120.0,Handcrafted_LabStudy,1,3,"-12.0,-0.0,0.5","-0.0,0.0,-0.0,-1.0","11.0,-0.0,0.0","-0.0,0.0,-0.0,-1.0",23.0,23.0,6.082762718200684,0,0,0,0,0,0,0,0.0,0.0,13.0,0.0,4.303977413243298e+21,0.0,
0,navstack-1709204551778,navstack,Static,HandCrafted,,,1709204576,416345834,"builtin_interfaces.msg.Time(sec=1709204561, nanosec=716346263)",120.0,Handcrafted_LabStudy,1,3,"-12.0,-0.0,0.5","-0.0,0.0,-0.0,-1.0","11.0,-0.0,0.0","-0.0,0.0,-0.0,-1.0",23.0,23.0,6.082762718200684,0,0,0,0,0,0,0,0.0,0.0,13.0,0.0,4.304261741637032e+21,3.725290298461914e-05,
0,navstack-1709204551778,navstack,Static,HandCrafted,,,1709204576,416345834,"builtin_interfaces.msg.Time(sec=1709204561, nanosec=716346263)",120.0,Handcrafted_LabStudy,1,3,"-12.0,-0.0,0.5","-0.0,0.0,-0.0,-1.0","11.0,-0.0,0.0","-0.0,0.0,-0.0,-1.0",23.0,23.0,6.082762718200684,0,0,0,0,0,0,0,0.0,0.0,13.0,0.0,4.304261741637032e+21,3.725290298461914e-05,
0,navstack-1709204551778,navstack,Static,HandCrafted,,,1709204576,436345577,"builtin_interfaces.msg.Time(sec=1709204561, nanosec=716346263)",120.0,Handcrafted_LabStudy,1,3,"-12.0,-0.0,0.5","-0.0,0.0,-0.0,-1.0","11.0,-0.0,0.0","-0.0,0.0,-0.0,-1.0",23.0,23.0,6.082762718200684,0,0,0,0,0,0,0,0.0,0.0,13.0,0.0,4.303977413243298e+21,3.725290298461914e-05,
0,navstack-1709204551778,navstack,Static,HandCrafted,,,1709204576,456346035,"builtin_interfaces.msg.Time(sec=1709204561, nanosec=716346263)",120.0,Handcrafted_LabStudy,1,3,"-12.0,-0.0,0.5","-0.0,0.0,-0.0,-1.0","11.0,-0.0,0.0","-0.0,0.0,-0.0,-1.0",23.0,23.0,6.082762718200684,0,0,0,0,0,0,0,0.0,0.0,13.0,0.0,4.304261741637032e+21,7.450580596923828e-05,
0,navstack-1709204551778,navstack,Static,HandCrafted,,,1709204576,476345539,"builtin_interfaces.msg.Time(sec=1709204561, nanosec=716346263)",120.0,Handcrafted_LabStudy,1,3,"-12.0,-0.0,0.5","-0.0,0.0,-0.0,-1.0","11.0,-0.0,0.0","-0.0,0.0,-0.0,-1.0",23.0,23.0,6.082762718200684,0,0,0,0,0,0,0,0.0,0.0,13.0,0.0,4.303977413243298e+21,7.450580596923828e-05,
0,navstack-1709204551778,navstack,Static,HandCrafted,,,1709204576,476345539,"builtin_interfaces.msg.Time(sec=1709204561, nanosec=716346263)",120.0,Handcrafted_LabStudy,1,3,"-12.0,-0.0,0.5","-0.0,0.0,-0.0,-1.0","11.0,-0.0,0.0","-0.0,0.0,-0.0,-1.0",23.0,23.0,6.082762718200684,0,0,0,0,0,0,0,0.0,0.0,13.0,0.0,4.303977413243298e+21,3.725290298461914e-05,
0,navstack-1709204551778,navstack,Static,HandCrafted,,,1709204576,496345996,"builtin_interfaces.msg.Time(sec=1709204561, nanosec=716346263)",120.0,Handcrafted_LabStudy,1,3,"-12.0,-0.0,0.5","-0.0,0.0,-0.0,-1.0","11.0,-0.0,0.0","-0.0,0.0,-0.0,-1.0",23.0,23.0,6.082762718200684,0,0,0,0,0,0,0,0.0,0.0,13.0,0.0,4.304261741637032e+21,3.725290298461914e-05,
0,navstack-1709204551778,navstack,Static,HandCrafted,,,1709204576,496345996,"builtin_interfaces.msg.Time(sec=1709204561, nanosec=716346263)",120.0,Handcrafted_LabStudy,1,3,"-12.0,-0.0,0.5","-0.0,0.0,-0.0,-1.0","11.0,-0.0,0.0","-0.0,0.0,-0.0,-1.0",23.0,23.0,6.082762718200684,0,0,0,0,0,0,0,0.0,0.0,13.0,0.0,4.304261741637032e+21,3.725290298461914e-05,
0,navstack-1709204551778,navstack,Static,HandCrafted,,,1709204576,496345996,"builtin_interfaces.msg.Time(sec=1709204561, nanosec=716346263)",120.0,Handcrafted_LabStudy,1,3,"-12.0,-0.0,0.5","-0.0,0.0,-0.0,-1.0","11.0,-0.0,0.0","-0.0,0.0,-0.0,-1.0",23.0,23.0,6.082762718200684,0,0,0,0,0,0,0,0.0,0.0,13.0,0.0,4.304261741637032e+21,0.0,
0,navstack-1709204551778,navstack,Static,HandCrafted,,,1709204576,516345500,"builtin_interfaces.msg.Time(sec=1709204561, nanosec=716346263)",120.0,Handcrafted_LabStudy,1,3,"-12.0,-0.0,0.5","-0.0,0.0,-0.0,-1.0","11.0,-0.0,0.0","-0.0,0.0,-0.0,-1.0",23.0,23.0,6.082762718200684,0,0,0,0,0,0,0,0.0,0.0,13.0,0.0,4.303977413243298e+21,3.725290298461914e-05,
0,navstack-1709204551778,navstack,Static,HandCrafted,,,1709204576,536345958,"builtin_interfaces.msg.Time(sec=1709204561, nanosec=716346263)",120.0,Handcrafted_LabStudy,1,3,"-12.0,-0.0,0.5","-0.0,0.0,-0.0,-1.0","11.0,-0.0,0.0","-0.0,0.0,-0.0,-1.0",23.0,23.0,6.082762718200684,0,0,0,0,0,0,0,0.0,0.0,13.0,0.0,4.304261741637032e+21,7.450580596923828e-05,
0,navstack-1709204551778,navstack,Static,HandCrafted,,,1709204576,536345958,"builtin_interfaces.msg.Time(sec=1709204561, nanosec=716346263)",120.0,Handcrafted_LabStudy,1,3,"-12.0,-0.0,0.5","-0.0,0.0,-0.0,-1.0","11.0,-0.0,0.0","-0.0,0.0,-0.0,-1.0",23.0,23.0,6.082762718200684,0,0,0,0,0,0,0,0.0,0.0,13.0,0.0,4.304261741637032e+21,3.725290298461914e-05,
0,navstack-1709204551778,navstack,Static,HandCrafted,,,1709204576,556345462,"builtin_interfaces.msg.Time(sec=1709204561, nanosec=716346263)",120.0,Handcrafted_LabStudy,1,3,"-12.0,-0.0,0.5","-0.0,0.0,-0.0,-1.0","11.0,-0.0,0.0","-0.0,0.0,-0.0,-1.0",23.0,23.0,6.082762718200684,0,0,0,0,0,0,0,0.0,0.0,13.0,0.0,4.303977413243298e+21,3.725290298461914e-05,
0,navstack-1709204551778,navstack,Static,HandCrafted,,,1709204576,556345462,"builtin_interfaces.msg.Time(sec=1709204561, nanosec=716346263)",120.0,Handcrafted_LabStudy,1,3,"-12.0,-0.0,0.5","-0.0,0.0,-0.0,-1.0","11.0,-0.0,0.0","-0.0,0.0,-0.0,-1.0",23.0,23.0,6.082762718200684,0,0,0,0,0,0,0,0.0,0.0,13.0,0.0,4.303977413243298e+21,3.725290298461914e-05,
0,navstack-1709204551778,navstack,Static,HandCrafted,,,1709204576,556345462,"builtin_interfaces.msg.Time(sec=1709204561, nanosec=716346263)",120.0,Handcrafted_LabStudy,1,3,"-12.0,-0.0,0.5","-0.0,0.0,-0.0,-1.0","11.0,-0.0,0.0","-0.0,0.0,-0.0,-1.0",23.0,23.0,6.082762718200684,0,0,0,0,0,0,0,0.0,0.0,13.0,0.0,4.303977413243298e+21,0.0,
0,navstack-1709204551778,navstack,Static,HandCrafted,,,1709204576,576345920,"builtin_interfaces.msg.Time(sec=1709204561, nanosec=716346263)",120.0,Handcrafted_LabStudy,1,3,"-12.0,-0.0,0.5","-0.0,0.0,-0.0,-1.0","11.0,-0.0,0.0","-0.0,0.0,-0.0,-1.0",23.0,23.0,6.082762718200684,0,0,0,0,0,0,0,0.0,0.0,13.0,0.0,4.304261741637032e+21,3.725290298461914e-05,
0,navstack-1709204551778,navstack,Static,HandCrafted,,,1709204576,576345920,"builtin_interfaces.msg.Time(sec=1709204561, nanosec=716346263)",120.0,Handcrafted_LabStudy,1,3,"-12.0,-0.0,0.5","-0.0,0.0,-0.0,-1.0","11.0,-0.0,0.0","-0.0,0.0,-0.0,-1.0",23.0,23.0,6.082762718200684,0,0,0,0,0,0,0,0.0,0.0,13.0,0.0,4.304261741637032e+21,3.725290298461914e-05,
0,navstack-1709204551778,navstack,Static,HandCrafted,,,1709204576,596346139,"builtin_interfaces.msg.Time(sec=1709204561, nanosec=716346263)",120.0,Handcrafted_LabStudy,1,3,"-12.0,-0.0,0.5","-0.0,0.0,-0.0,-1.0","11.0,-0.0,0.0","-0.0,0.0,-0.0,-1.0",23.0,23.0,6.082762718200684,0,0,0,0,0,0,0,0.0,0.0,13.0,0.0,4.303977413243298e+21,3.725290298461914e-05,
0,navstack-1709204551778,navstack,Static,HandCrafted,,,1709204576,596346139,"builtin_interfaces.msg.Time(sec=1709204561, nanosec=716346263)",120.0,Handcrafted_LabStudy,1,3,"-12.0,-0.0,0.5","-0.0,0.0,-0.0,-1.0","11.0,-0.0,0.0","-0.0,0.0,-0.0,-1.0",23.0,23.0,6.082762718200684,0,0,0,0,0,0,0,0.0,0.0,13.0,0.0,4.303977413243298e+21,3.725290298461914e-05,
0,navstack-1709204551778,navstack,Static,HandCrafted,,,1709204576,616345643,"builtin_interfaces.msg.Time(sec=1709204561, nanosec=716346263)",120.0,Handcrafted_LabStudy,1,3,"-12.0,-0.0,0.5","-0.0,0.0,-0.0,-1.0","11.0,-0.0,0.0","-0.0,0.0,-0.0,-1.0",23.0,23.0,6.082762718200684,0,0,0,0,0,0,0,0.0,0.0,13.0,0.0,4.304261741637032e+21,3.725290298461914e-05,
0,navstack-1709204551778,navstack,Static,HandCrafted,,,1709204576,636346101,"builtin_interfaces.msg.Time(sec=1709204561, nanosec=716346263)",120.0,Handcrafted_LabStudy,1,3,"-12.0,-0.0,0.5","-0.0,0.0,-0.0,-1.0","11.0,-0.0,0.0","-0.0,0.0,-0.0,-1.0",23.0,23.0,6.082762718200684,0,0,0,0,0,0,0,0.0,0.0,13.0,0.0,4.303977413243298e+21,7.450580596923828e-05,
0,navstack-1709204551778,navstack,Static,HandCrafted,,,1709204576,656345605,"builtin_interfaces.msg.Time(sec=1709204561, nanosec=716346263)",120.0,Handcrafted_LabStudy,1,3,"-12.0,-0.0,0.5","-0.0,0.0,-0.0,-1.0","11.0,-0.0,0.0","-0.0,0.0,-0.0,-1.0",23.0,23.0,6.082762718200684,0,0,0,0,0,0,0,0.0,0.0,13.0,0.0,4.304261741637032e+21,7.450580596923828e-05,
0,navstack-1709204551778,navstack,Static,HandCrafted,,,1709204576,676346302,"builtin_interfaces.msg.Time(sec=1709204561, nanosec=716346263)",120.0,Handcrafted_LabStudy,1,3,"-12.0,-0.0,0.5","-0.0,0.0,-0.0,-1.0","11.0,-0.0,0.0","-0.0,0.0,-0.0,-1.0",23.0,23.0,6.082762718200684,0,0,0,0,0,0,0,0.0,0.0,13.0,0.0,4.303977413243298e+21,7.450580596923828e-05,
0,navstack-1709204551778,navstack,Static,HandCrafted,,,1709204576,696345806,"builtin_interfaces.msg.Time(sec=1709204561, nanosec=716346263)",120.0,Handcrafted_LabStudy,1,3,"-12.0,-0.0,0.5","-0.0,0.0,-0.0,-1.0","11.0,-0.0,0.0","-0.0,0.0,-0.0,-1.0",23.0,23.0,6.082762718200684,0,0,0,0,0,0,0,0.0,0.0,13.0,0.0,4.304261741637032e+21,7.450580596923828e-05,
0,navstack-1709204551778,navstack,Static,HandCrafted,,,1709204576,696345806,"builtin_interfaces.msg.Time(sec=1709204561, nanosec=716346263)",120.0,Handcrafted_LabStudy,1,3,"-12.0,-0.0,0.5","-0.0,0.0,-0.0,-1.0","11.0,-0.0,0.0","-0.0,0.0,-0.0,-1.0",23.0,23.0,6.082762718200684,0,0,0,0,0,0,0,0.0,0.0,13.0,0.0,4.304261741637032e+21,3.725290298461914e-05,
0,navstack-1709204551778,navstack,Static,HandCrafted,,,1709204576,716346263,"builtin_interfaces.msg.Time(sec=1709204561, nanosec=716346263)",120.0,Handcrafted_LabStudy,1,3,"-12.0,-0.0,0.5","-0.0,0.0,-0.0,-1.0","11.0,-0.0,0.0","-0.0,0.0,-0.0,-1.0",23.0,23.0,6.082762718200684,0,0,0,0,0,0,0,0.0,0.0,13.0,0.0,4.303977413243298e+21,3.725290298461914e-05,
0,navstack-1709204551778,navstack,Static,HandCrafted,,,1709204576,716346263,"builtin_interfaces.msg.Time(sec=1709204561, nanosec=716346263)",120.0,Handcrafted_LabStudy,1,3,"-12.0,-0.0,0.5","-0.0,0.0,-0.0,-1.0","11.0,-0.0,0.0","-0.0,0.0,-0.0,-1.0",23.0,23.0,6.082762718200684,0,0,0,0,0,0,0,0.0,0.0,13.0,0.0,4.303977413243298e+21,3.725290298461914e-05,
0,navstack-1709204551778,navstack,Static,HandCrafted,,,1709204576,736345767,"builtin_interfaces.msg.Time(sec=1709204561, nanosec=716346263)",120.0,Handcrafted_LabStudy,1,3,"-12.0,-0.0,0.5","-0.0,0.0,-0.0,-1.0","11.0,-0.0,0.0","-0.0,0.0,-0.0,-1.0",23.0,23.0,6.082762718200684,0,0,0,0,0,0,0,0.0,0.0,13.0,0.0,4.304261741637032e+21,3.725290298461914e-05,
0,navstack-1709204551778,navstack,Static,HandCrafted,,,1709204576,736345767,"builtin_interfaces.msg.Time(sec=1709204561, nanosec=716346263)",120.0,Handcrafted_LabStudy,1,3,"-12.0,-0.0,0.5","-0.0,0.0,-0.0,-1.0","11.0,-0.0,0.0","-0.0,0.0,-0.0,-1.0",23.0,23.0,6.082762718200684,0,0,0,0,0,0,0,0.0,0.0,13.0,0.0,4.304261741637032e+21,3.725290298461914e-05,
0,navstack-1709204551778,navstack,Static,HandCrafted,,,1709204576,736345767,"builtin_interfaces.msg.Time(sec=1709204561, nanosec=716346263)",120.0,Handcrafted_LabStudy,1,3,"-12.0,-0.0,0.5","-0.0,0.0,-0.0,-1.0","11.0,-0.0,0.0","-0.0,0.0,-0.0,-1.0",23.0,23.0,6.082762718200684,0,0,0,0,0,0,0,0.0,0.0,13.0,0.0,4.304261741637032e+21,0.0,
0,navstack-1709204551778,navstack,Static,HandCrafted,,,1709204576,756346225,"builtin_interfaces.msg.Time(sec=1709204561, nanosec=716346263)",120.0,Handcrafted_LabStudy,1,3,"-12.0,-0.0,0.5","-0.0,0.0,-0.0,-1.0","11.0,-0.0,0.0","-0.0,0.0,-0.0,-1.0",23.0,23.0,6.082762718200684,0,0,0,0,0,0,0,0.0,0.0,13.0,0.0,4.303977413243298e+21,3.725290298461914e-05,
0,navstack-1709204551778,navstack,Static,HandCrafted,,,1709204576,776345729,"builtin_interfaces.msg.Time(sec=1709204561, nanosec=716346263)",120.0,Handcrafted_LabStudy,1,3,"-12.0,-0.0,0.5","-0.0,0.0,-0.0,-1.0","11.0,-0.0,0.0","-0.0,0.0,-0.0,-1.0",23.0,23.0,6.082762718200684,0,0,0,0,0,0,0,0.0,0.0,13.0,0.0,4.304261741637032e+21,7.450580596923828e-05,
0,navstack-1709204551778,navstack,Static,HandCrafted,,,1709204576,776345729,"builtin_interfaces.msg.Time(sec=1709204561, nanosec=716346263)",120.0,Handcrafted_LabStudy,1,3,"-12.0,-0.0,0.5","-0.0,0.0,-0.0,-1.0","11.0,-0.0,0.0","-0.0,0.0,-0.0,-1.0",23.0,23.0,6.082762718200684,0,0,0,0,0,0,0,0.0,0.0,13.0,0.0,4.304261741637032e+21,3.725290298461914e-05,
0,navstack-1709204551778,navstack,Static,HandCrafted,,,1709204576,796346187,"builtin_interfaces.msg.Time(sec=1709204561, nanosec=716346263)",120.0,Handcrafted_LabStudy,1,3,"-12.0,-0.0,0.5","-0.0,0.0,-0.0,-1.0","11.0,-0.0,0.0","-0.0,0.0,-0.0,-1.0",23.0,23.0,6.082762718200684,0,0,0,0,0,0,0,0.0,0.0,13.0,0.0,4.303977413243298e+21,3.725290298461914e-05,
0,navstack-1709204551778,navstack,Static,HandCrafted,,,1709204576,816345691,"builtin_interfaces.msg.Time(sec=1709204561, nanosec=716346263)",120.0,Handcrafted_LabStudy,1,3,"-12.0,-0.0,0.5","-0.0,0.0,-0.0,-1.0","11.0,-0.0,0.0","-0.0,0.0,-0.0,-1.0",23.0,23.0,6.082762718200684,0,0,0,0,0,0,0,0.0,0.0,13.0,0.0,4.304261741637032e+21,7.450580596923828e-05,
0,navstack-1709204551778,navstack,Static,HandCrafted,,,1709204576,816345691,"builtin_interfaces.msg.Time(sec=1709204561, nanosec=716346263)",120.0,Handcrafted_LabStudy,1,3,"-12.0,-0.0,0.5","-0.0,0.0,-0.0,-1.0","11.0,-0.0,0.0","-0.0,0.0,-0.0,-1.0",23.0,23.0,6.082762718200684,0,0,0,0,0,0,0,0.0,0.0,13.0,0.0,4.304261741637032e+21,3.725290298461914e-05,
0,navstack-1709204551778,navstack,Static,HandCrafted,,,1709204576,836346149,"builtin_interfaces.msg.Time(sec=1709204561, nanosec=716346263)",120.0,Handcrafted_LabStudy,1,3,"-12.0,-0.0,0.5","-0.0,0.0,-0.0,-1.0","11.0,-0.0,0.0","-0.0,0.0,-0.0,-1.0",23.0,23.0,6.082762718200684,0,0,0,0,0,0,0,0.0,0.0,13.0,0.0,4.303977413243298e+21,3.725290298461914e-05,
0,navstack-1709204551778,navstack,Static,HandCrafted,,,1709204576,836346149,"builtin_interfaces.msg.Time(sec=1709204561, nanosec=716346263)",120.0,Handcrafted_LabStudy,1,3,"-12.0,-0.0,0.5","-0.0,0.0,-0.0,-1.0","11.0,-0.0,0.0","-0.0,0.0,-0.0,-1.0",23.0,23.0,6.082762718200684,0,0,0,0,0,0,0,0.0,0.0,13.0,0.0,4.303977413243298e+21,3.725290298461914e-05,
0,navstack-1709204551778,navstack,Static,HandCrafted,,,1709204576,836346149,"builtin_interfaces.msg.Time(sec=1709204561, nanosec=716346263)",120.0,Handcrafted_LabStudy,1,3,"-12.0,-0.0,0.5","-0.0,0.0,-0.0,-1.0","11.0,-0.0,0.0","-0.0,0.0,-0.0,-1.0",23.0,23.0,6.082762718200684,0,0,0,0,0,0,0,0.0,0.0,13.0,0.0,4.303977413243298e+21,0.0,
0,navstack-1709204551778,navstack,Static,HandCrafted,,,1709204576,856345653,"builtin_interfaces.msg.Time(sec=1709204561, nanosec=716346263)",120.0,Handcrafted_LabStudy,1,3,"-12.0,-0.0,0.5","-0.0,0.0,-0.0,-1.0","11.0,-0.0,0.0","-0.0,0.0,-0.0,-1.0",23.0,23.0,6.082762718200684,0,0,0,0,0,0,0,0.0,0.0,14.0,0.0,4.304261741637032e+21,3.725290298461914e-05,
0,navstack-1709204551778,navstack,Static,HandCrafted,,,1709204576,856345653,"builtin_interfaces.msg.Time(sec=1709204561, nanosec=716346263)",120.0,Handcrafted_LabStudy,1,3,"-12.0,-0.0,0.5","-0.0,0.0,-0.0,-1.0","11.0,-0.0,0.0","-0.0,0.0,-0.0,-1.0",23.0,23.0,6.082762718200684,0,0,0,0,0,0,0,0.0,0.0,14.0,0.0,4.304261741637032e+21,3.725290298461914e-05,
0,navstack-1709204551778,navstack,Static,HandCrafted,,,1709204576,876345872,"builtin_interfaces.msg.Time(sec=1709204561, nanosec=716346263)",120.0,Handcrafted_LabStudy,1,3,"-12.0,-0.0,0.5","-0.0,0.0,-0.0,-1.0","11.0,-0.0,0.0","-0.0,0.0,-0.0,-1.0",23.0,23.0,6.082762718200684,0,0,0,0,0,0,0,0.0,0.0,14.0,0.0,4.303977413243298e+21,3.725290298461914e-05,
0,navstack-1709204551778,navstack,Static,HandCrafted,,,1709204576,876345872,"builtin_interfaces.msg.Time(sec=1709204561, nanosec=716346263)",120.0,Handcrafted_LabStudy,1,3,"-12.0,-0.0,0.5","-0.0,0.0,-0.0,-1.0","11.0,-0.0,0.0","-0.0,0.0,-0.0,-1.0",23.0,23.0,6.082762718200684,0,0,0,0,0,0,0,0.0,0.0,14.0,0.0,4.303977413243298e+21,3.725290298461914e-05,
0,navstack-1709204551778,navstack,Static,HandCrafted,,,1709204576,896345376,"builtin_interfaces.msg.Time(sec=1709204561, nanosec=716346263)",120.0,Handcrafted_LabStudy,1,3,"-12.0,-0.0,0.5","-0.0,0.0,-0.0,-1.0","11.0,-0.0,0.0","-0.0,0.0,-0.0,-1.0",23.0,23.0,6.082762718200684,0,0,0,0,0,0,0,0.0,0.0,14.0,0.0,4.304261741637032e+21,3.725290298461914e-05,
0,navstack-1709204551778,navstack,Static,HandCrafted,,,1709204576,916345834,"builtin_interfaces.msg.Time(sec=1709204561, nanosec=716346263)",120.0,Handcrafted_LabStudy,1,3,"-12.0,-0.0,0.5","-0.0,0.0,-0.0,-1.0","11.0,-0.0,0.0","-0.0,0.0,-0.0,-1.0",23.0,23.0,6.082762718200684,0,0,0,0,0,0,0,0.0,0.0,14.0,0.0,4.303977413243298e+21,7.450580596923828e-05,
0,navstack-1709204551778,navstack,Static,HandCrafted,,,1709204576,916345834,"builtin_interfaces.msg.Time(sec=1709204561, nanosec=716346263)",120.0,Handcrafted_LabStudy,1,3,"-12.0,-0.0,0.5","-0.0,0.0,-0.0,-1.0","11.0,-0.0,0.0","-0.0,0.0,-0.0,-1.0",23.0,23.0,6.082762718200684,0,0,0,0,0,0,0,0.0,0.0,14.0,0.0,4.303977413243298e+21,3.725290298461914e-05,
0,navstack-1709204551778,navstack,Static,HandCrafted,,,1709204576,936345577,"builtin_interfaces.msg.Time(sec=1709204561, nanosec=716346263)",120.0,Handcrafted_LabStudy,1,3,"-12.0,-0.0,0.5","-0.0,0.0,-0.0,-1.0","11.0,-0.0,0.0","-0.0,0.0,-0.0,-1.0",23.0,23.0,6.082762718200684,0,0,0,0,0,0,0,0.0,0.0,14.0,0.0,4.304261741637032e+21,3.725290298461914e-05,
0,navstack-1709204551778,navstack,Static,HandCrafted,,,1709204576,936345577,"builtin_interfaces.msg.Time(sec=1709204561, nanosec=716346263)",120.0,Handcrafted_LabStudy,1,3,"-12.0,-0.0,0.5","-0.0,0.0,-0.0,-1.0","11.0,-0.0,0.0","-0.0,0.0,-0.0,-1.0",23.0,23.0,6.082762718200684,0,0,0,0,0,0,0,0.0,0.0,14.0,0.0,4.304261741637032e+21,3.725290298461914e-05,
0,navstack-1709204551778,navstack,Static,HandCrafted,,,1709204576,936345577,"builtin_interfaces.msg.Time(sec=1709204561, nanosec=716346263)",120.0,Handcrafted_LabStudy,1,3,"-12.0,-0.0,0.5","-0.0,0.0,-0.0,-1.0","11.0,-0.0,0.0","-0.0,0.0,-0.0,-1.0",23.0,23.0,6.082762718200684,0,0,0,0,0,0,0,0.0,0.0,14.0,0.0,4.304261741637032e+21,0.0,
0,navstack-1709204551778,navstack,Static,HandCrafted,,,1709204576,956346035,"builtin_interfaces.msg.Time(sec=1709204561, nanosec=716346263)",120.0,Handcrafted_LabStudy,1,3,"-12.0,-0.0,0.5","-0.0,0.0,-0.0,-1.0","11.0,-0.0,0.0","-0.0,0.0,-0.0,-1.0",23.0,23.0,6.082762718200684,0,0,0,0,0,0,0,0.0,0.0,14.0,0.0,4.303977413243298e+21,3.725290298461914e-05,
0,navstack-1709204551778,navstack,Static,HandCrafted,,,1709204576,956346035,"builtin_interfaces.msg.Time(sec=1709204561, nanosec=716346263)",120.0,Handcrafted_LabStudy,1,3,"-12.0,-0.0,0.5","-0.0,0.0,-0.0,-1.0","11.0,-0.0,0.0","-0.0,0.0,-0.0,-1.0",23.0,23.0,6.082762718200684,0,0,0,0,0,0,0,0.0,0.0,14.0,0.0,4.303977413243298e+21,3.725290298461914e-05,
0,navstack-1709204551778,navstack,Static,HandCrafted,,,1709204576,976345539,"builtin_interfaces.msg.Time(sec=1709204561, nanosec=716346263)",120.0,Handcrafted_LabStudy,1,3,"-12.0,-0.0,0.5","-0.0,0.0,-0.0,-1.0","11.0,-0.0,0.0","-0.0,0.0,-0.0,-1.0",23.0,23.0,6.082762718200684,0,0,0,0,0,0,0,0.0,0.0,14.0,0.0,4.304261741637032e+21,3.725290298461914e-05,
0,navstack-1709204551778,navstack,Static,HandCrafted,,,1709204576,976345539,"builtin_interfaces.msg.Time(sec=1709204561, nanosec=716346263)",120.0,Handcrafted_LabStudy,1,3,"-12.0,-0.0,0.5","-0.0,0.0,-0.0,-1.0","11.0,-0.0,0.0","-0.0,0.0,-0.0,-1.0",23.0,23.0,6.082762718200684,0,0,0,0,0,0,0,0.0,0.0,14.0,0.0,4.304261741637032e+21,3.725290298461914e-05,
0,navstack-1709204551778,navstack,Static,HandCrafted,,,1709204576,996345996,"builtin_interfaces.msg.Time(sec=1709204561, nanosec=716346263)",120.0,Handcrafted_LabStudy,1,3,"-12.0,-0.0,0.5","-0.0,0.0,-0.0,-1.0","11.0,-0.0,0.0","-0.0,0.0,-0.0,-1.0",23.0,23.0,6.082762718200684,0,0,0,0,0,0,0,0.0,0.0,14.0,0.0,4.303977413243298e+21,3.725290298461914e-05,
0,navstack-1709204551778,navstack,Static,HandCrafted,,,1709204576,996345996,"builtin_interfaces.msg.Time(sec=1709204561, nanosec=716346263)",120.0,Handcrafted_LabStudy,1,3,"-12.0,-0.0,0.5","-0.0,0.0,-0.0,-1.0","11.0,-0.0,0.0","-0.0,0.0,-0.0,-1.0",23.0,23.0,6.082762718200684,0,0,0,0,0,0,0,0.0,0.0,14.0,0.0,4.303977413243298e+21,3.725290298461914e-05,
0,navstack-1709204551778,navstack,Static,HandCrafted,,,1709204577,16345500,"builtin_interfaces.msg.Time(sec=1709204561, nanosec=716346263)",120.0,Handcrafted_LabStudy,1,3,"-12.0,-0.0,0.5","-0.0,0.0,-0.0,-1.0","11.0,-0.0,0.0","-0.0,0.0,-0.0,-1.0",23.0,23.0,6.082762718200684,0,0,0,0,0,0,0,0.0,0.0,14.0,0.0,4.304261741637032e+21,3.725290298461914e-05,
0,navstack-1709204551778,navstack,Static,HandCrafted,,,1709204577,16345500,"builtin_interfaces.msg.Time(sec=1709204561, nanosec=716346263)",120.0,Handcrafted_LabStudy,1,3,"-12.0,-0.0,0.5","-0.0,0.0,-0.0,-1.0","11.0,-0.0,0.0","-0.0,0.0,-0.0,-1.0",23.0,23.0,6.082762718200684,0,0,0,0,0,0,0,0.0,0.0,14.0,0.0,4.304261741637032e+21,3.725290298461914e-05,
0,navstack-1709204551778,navstack,Static,HandCrafted,,,1709204577,36345958,"builtin_interfaces.msg.Time(sec=1709204561, nanosec=716346263)",120.0,Handcrafted_LabStudy,1,3,"-12.0,-0.0,0.5","-0.0,0.0,-0.0,-1.0","11.0,-0.0,0.0","-0.0,0.0,-0.0,-1.0",23.0,23.0,6.082762718200684,0,0,0,0,0,0,0,0.0,0.0,14.0,0.0,4.303977413243298e+21,3.725290298461914e-05,
0,navstack-1709204551778,navstack,Static,HandCrafted,,,1709204577,36345958,"builtin_interfaces.msg.Time(sec=1709204561, nanosec=716346263)",120.0,Handcrafted_LabStudy,1,3,"-12.0,-0.0,0.5","-0.0,0.0,-0.0,-1.0","11.0,-0.0,0.0","-0.0,0.0,-0.0,-1.0",23.0,23.0,6.082762718200684,0,0,0,0,0,0,0,0.0,0.0,14.0,0.0,4.303977413243298e+21,3.725290298461914e-05,
0,navstack-1709204551778,navstack,Static,HandCrafted,,,1709204577,56345462,"builtin_interfaces.msg.Time(sec=1709204561, nanosec=716346263)",120.0,Handcrafted_LabStudy,1,3,"-12.0,-0.0,0.5","-0.0,0.0,-0.0,-1.0","11.0,-0.0,0.0","-0.0,0.0,-0.0,-1.0",23.0,23.0,6.082762718200684,0,0,0,0,0,0,0,0.0,0.0,14.0,0.0,4.304261741637032e+21,3.725290298461914e-05,
0,navstack-1709204551778,navstack,Static,HandCrafted,,,1709204577,56345462,"builtin_interfaces.msg.Time(sec=1709204561, nanosec=716346263)",120.0,Handcrafted_LabStudy,1,3,"-12.0,-0.0,0.5","-0.0,0.0,-0.0,-1.0","11.0,-0.0,0.0","-0.0,0.0,-0.0,-1.0",23.0,23.0,6.082762718200684,0,0,0,0,0,0,0,0.0,0.0,14.0,0.0,4.304261741637032e+21,3.725290298461914e-05,
0,navstack-1709204551778,navstack,Static,HandCrafted,,,1709204577,76345920,"builtin_interfaces.msg.Time(sec=1709204561, nanosec=716346263)",120.0,Handcrafted_LabStudy,1,3,"-12.0,-0.0,0.5","-0.0,0.0,-0.0,-1.0","11.0,-0.0,0.0","-0.0,0.0,-0.0,-1.0",23.0,23.0,6.082762718200684,0,0,0,0,0,0,0,0.0,0.0,14.0,0.0,4.303977413243298e+21,3.725290298461914e-05,
0,navstack-1709204551778,navstack,Static,HandCrafted,,,1709204577,76345920,"builtin_interfaces.msg.Time(sec=1709204561, nanosec=716346263)",120.0,Handcrafted_LabStudy,1,3,"-12.0,-0.0,0.5","-0.0,0.0,-0.0,-1.0","11.0,-0.0,0.0","-0.0,0.0,-0.0,-1.0",23.0,23.0,6.082762718200684,0,0,0,0,0,0,0,0.0,0.0,14.0,0.0,4.303977413243298e+21,3.725290298461914e-05,
0,navstack-1709204551778,navstack,Static,HandCrafted,,,1709204577,96346139,"builtin_interfaces.msg.Time(sec=1709204561, nanosec=716346263)",120.0,Handcrafted_LabStudy,1,3,"-12.0,-0.0,0.5","-0.0,0.0,-0.0,-1.0","11.0,-0.0,0.0","-0.0,0.0,-0.0,-1.0",23.0,23.0,6.082762718200684,0,0,0,0,0,0,0,0.0,0.0,14.0,0.0,4.304261741637032e+21,3.725290298461914e-05,
0,navstack-1709204551778,navstack,Static,HandCrafted,,,1709204577,96346139,"builtin_interfaces.msg.Time(sec=1709204561, nanosec=716346263)",120.0,Handcrafted_LabStudy,1,3,"-12.0,-0.0,0.5","-0.0,0.0,-0.0,-1.0","11.0,-0.0,0.0","-0.0,0.0,-0.0,-1.0",23.0,23.0,6.082762718200684,0,0,0,0,0,0,0,0.0,0.0,14.0,0.0,4.304261741637032e+21,3.725290298461914e-05,
0,navstack-1709204551778,navstack,Static,HandCrafted,,,1709204577,116345643,"builtin_interfaces.msg.Time(sec=1709204561, nanosec=716346263)",120.0,Handcrafted_LabStudy,1,3,"-12.0,-0.0,0.5","-0.0,0.0,-0.0,-1.0","11.0,-0.0,0.0","-0.0,0.0,-0.0,-1.0",23.0,23.0,6.082762718200684,0,0,0,0,0,0,0,0.0,0.0,14.0,0.0,4.303977413243298e+21,3.725290298461914e-05,
0,navstack-1709204551778,navstack,Static,HandCrafted,,,1709204577,116345643,"builtin_interfaces.msg.Time(sec=1709204561, nanosec=716346263)",120.0,Handcrafted_LabStudy,1,3,"-12.0,-0.0,0.5","-0.0,0.0,-0.0,-1.0","11.0,-0.0,0.0","-0.0,0.0,-0.0,-1.0",23.0,23.0,6.082762718200684,0,0,0,0,0,0,0,0.0,0.0,14.0,0.0,4.303977413243298e+21,3.725290298461914e-05,
0,navstack-1709204551778,navstack,Static,HandCrafted,,,1709204577,136346101,"builtin_interfaces.msg.Time(sec=1709204561, nanosec=716346263)",120.0,Handcrafted_LabStudy,1,3,"-12.0,-0.0,0.5","-0.0,0.0,-0.0,-1.0","11.0,-0.0,0.0","-0.0,0.0,-0.0,-1.0",23.0,23.0,6.082762718200684,0,0,0,0,0,0,0,0.0,0.0,14.0,0.0,4.304261741637032e+21,3.725290298461914e-05,
0,navstack-1709204551778,navstack,Static,HandCrafted,,,1709204577,136346101,"builtin_interfaces.msg.Time(sec=1709204561, nanosec=716346263)",120.0,Handcrafted_LabStudy,1,3,"-12.0,-0.0,0.5","-0.0,0.0,-0.0,-1.0","11.0,-0.0,0.0","-0.0,0.0,-0.0,-1.0",23.0,23.0,6.082762718200684,0,0,0,0,0,0,0,0.0,0.0,14.0,0.0,4.304261741637032e+21,3.725290298461914e-05,
0,navstack-1709204551778,navstack,Static,HandCrafted,,,1709204577,156345605,"builtin_interfaces.msg.Time(sec=1709204561, nanosec=716346263)",120.0,Handcrafted_LabStudy,1,3,"-12.0,-0.0,0.5","-0.0,0.0,-0.0,-1.0","11.0,-0.0,0.0","-0.0,0.0,-0.0,-1.0",23.0,23.0,6.082762718200684,0,0,0,0,0,0,0,0.0,0.0,14.0,0.0,4.303977413243298e+21,3.725290298461914e-05,
0,navstack-1709204551778,navstack,Static,HandCrafted,,,1709204577,176346302,"builtin_interfaces.msg.Time(sec=1709204561, nanosec=716346263)",120.0,Handcrafted_LabStudy,1,3,"-12.0,-0.0,0.5","-0.0,0.0,-0.0,-1.0","11.0,-0.0,0.0","-0.0,0.0,-0.0,-1.0",23.0,23.0,6.082762718200684,0,0,0,0,0,0,0,0.0,0.0,14.0,0.0,4.304261741637032e+21,7.450580596923828e-05,
0,navstack-1709204551778,navstack,Static,HandCrafted,,,1709204577,176346302,"builtin_interfaces.msg.Time(sec=1709204561, nanosec=716346263)",120.0,Handcrafted_LabStudy,1,3,"-12.0,-0.0,0.5","-0.0,0.0,-0.0,-1.0","11.0,-0.0,0.0","-0.0,0.0,-0.0,-1.0",23.0,23.0,6.082762718200684,0,0,0,0,0,0,0,0.0,0.0,14.0,0.0,4.304261741637032e+21,3.725290298461914e-05,
0,navstack-1709204551778,navstack,Static,HandCrafted,,,1709204577,196345806,"builtin_interfaces.msg.Time(sec=1709204561, nanosec=716346263)",120.0,Handcrafted_LabStudy,1,3,"-12.0,-0.0,0.5","-0.0,0.0,-0.0,-1.0","11.0,-0.0,0.0","-0.0,0.0,-0.0,-1.0",23.0,23.0,6.082762718200684,0,0,0,0,0,0,0,0.0,0.0,14.0,0.0,4.303977413243298e+21,3.725290298461914e-05,
0,navstack-1709204551778,navstack,Static,HandCrafted,,,1709204577,196345806,"builtin_interfaces.msg.Time(sec=1709204561, nanosec=716346263)",120.0,Handcrafted_LabStudy,1,3,"-12.0,-0.0,0.5","-0.0,0.0,-0.0,-1.0","11.0,-0.0,0.0","-0.0,0.0,-0.0,-1.0",23.0,23.0,6.082762718200684,0,0,0,0,0,0,0,0.0,0.0,14.0,0.0,4.303977413243298e+21,3.725290298461914e-05,
0,navstack-1709204551778,navstack,Static,HandCrafted,,,1709204577,216346263,"builtin_interfaces.msg.Time(sec=1709204561, nanosec=716346263)",120.0,Handcrafted_LabStudy,1,3,"-12.0,-0.0,0.5","-0.0,0.0,-0.0,-1.0","11.0,-0.0,0.0","-0.0,0.0,-0.0,-1.0",23.0,23.0,6.082762718200684,0,0,0,0,0,0,0,0.0,0.0,14.0,0.0,4.304261741637032e+21,3.725290298461914e-05,
0,navstack-1709204551778,navstack,Static,HandCrafted,,,1709204577,216346263,"builtin_interfaces.msg.Time(sec=1709204561, nanosec=716346263)",120.0,Handcrafted_LabStudy,1,3,"-12.0,-0.0,0.5","-0.0,0.0,-0.0,-1.0","11.0,-0.0,0.0","-0.0,0.0,-0.0,-1.0",23.0,23.0,6.082762718200684,0,0,0,0,0,0,0,0.0,0.0,14.0,0.0,4.304261741637032e+21,3.725290298461914e-05,
0,navstack-1709204551778,navstack,Static,HandCrafted,,,1709204577,236345767,"builtin_interfaces.msg.Time(sec=1709204561, nanosec=716346263)",120.0,Handcrafted_LabStudy,1,3,"-12.0,-0.0,0.5","-0.0,0.0,-0.0,-1.0","11.0,-0.0,0.0","-0.0,0.0,-0.0,-1.0",23.0,23.0,6.082762718200684,0,0,0,0,0,0,0,0.0,0.0,14.0,0.0,4.303977413243298e+21,3.725290298461914e-05,
0,navstack-1709204551778,navstack,Static,HandCrafted,,,1709204577,256346225,"builtin_interfaces.msg.Time(sec=1709204561, nanosec=716346263)",120.0,Handcrafted_LabStudy,1,3,"-12.0,-0.0,0.5","-0.0,0.0,-0.0,-1.0","11.0,-0.0,0.0","-0.0,0.0,-0.0,-1.0",23.0,23.0,6.082762718200684,0,0,0,0,0,0,0,0.0,0.0,14.0,0.0,4.304261741637032e+21,7.450580596923828e-05,
0,navstack-1709204551778,navstack,Static,HandCrafted,,,1709204577,276345729,"builtin_interfaces.msg.Time(sec=1709204561, nanosec=716346263)",120.0,Handcrafted_LabStudy,1,3,"-12.0,-0.0,0.5","-0.0,0.0,-0.0,-1.0","11.0,-0.0,0.0","-0.0,0.0,-0.0,-1.0",23.0,23.0,6.082762718200684,0,0,0,0,0,0,0,0.0,0.0,14.0,0.0,4.303977413243298e+21,7.450580596923828e-05,
0,navstack-1709204551778,navstack,Static,HandCrafted,,,1709204577,276345729,"builtin_interfaces.msg.Time(sec=1709204561, nanosec=716346263)",120.0,Handcrafted_LabStudy,1,3,"-12.0,-0.0,0.5","-0.0,0.0,-0.0,-1.0","11.0,-0.0,0.0","-0.0,0.0,-0.0,-1.0",23.0,23.0,6.082762718200684,0,0,0,0,0,0,0,0.0,0.0,14.0,0.0,4.303977413243298e+21,3.725290298461914e-05,
0,navstack-1709204551778,navstack,Static,HandCrafted,,,1709204577,296346187,"builtin_interfaces.msg.Time(sec=1709204561, nanosec=716346263)",120.0,Handcrafted_LabStudy,1,3,"-12.0,-0.0,0.5","-0.0,0.0,-0.0,-1.0","11.0,-0.0,0.0","-0.0,0.0,-0.0,-1.0",23.0,23.0,6.082762718200684,0,0,0,0,0,0,0,0.0,0.0,14.0,0.0,4.304261741637032e+21,3.725290298461914e-05,
0,navstack-1709204551778,navstack,Static,HandCrafted,,,1709204577,296346187,"builtin_interfaces.msg.Time(sec=1709204561, nanosec=716346263)",120.0,Handcrafted_LabStudy,1,3,"-12.0,-0.0,0.5","-0.0,0.0,-0.0,-1.0","11.0,-0.0,0.0","-0.0,0.0,-0.0,-1.0",23.0,23.0,6.082762718200684,0,0,0,0,0,0,0,0.0,0.0,14.0,0.0,4.304261741637032e+21,3.725290298461914e-05,
0,navstack-1709204551778,navstack,Static,HandCrafted,,,1709204577,316345691,"builtin_interfaces.msg.Time(sec=1709204561, nanosec=716346263)",120.0,Handcrafted_LabStudy,1,3,"-12.0,-0.0,0.5","-0.0,0.0,-0.0,-1.0","11.0,-0.0,0.0","-0.0,0.0,-0.0,-1.0",23.0,23.0,6.082762718200684,0,0,0,0,0,0,0,0.0,0.0,14.0,0.0,4.303977413243298e+21,3.725290298461914e-05,
0,navstack-1709204551778,navstack,Static,HandCrafted,,,1709204577,336346149,"builtin_interfaces.msg.Time(sec=1709204561, nanosec=716346263)",120.0,Handcrafted_LabStudy,1,3,"-12.0,-0.0,0.5","-0.0,0.0,-0.0,-1.0","11.0,-0.0,0.0","-0.0,0.0,-0.0,-1.0",23.0,23.0,6.082762718200684,0,0,0,0,0,0,0,0.0,0.0,14.0,0.0,4.304261741637032e+21,7.450580596923828e-05,
0,navstack-1709204551778,navstack,Static,HandCrafted,,,1709204577,336346149,"builtin_interfaces.msg.Time(sec=1709204561, nanosec=716346263)",120.0,Handcrafted_LabStudy,1,3,"-12.0,-0.0,0.5","-0.0,0.0,-0.0,-1.0","11.0,-0.0,0.0","-0.0,0.0,-0.0,-1.0",23.0,23.0,6.082762718200684,0,0,0,0,0,0,0,0.0,0.0,14.0,0.0,4.304261741637032e+21,3.725290298461914e-05,
0,navstack-1709204551778,navstack,Static,HandCrafted,,,1709204577,356345653,"builtin_interfaces.msg.Time(sec=1709204561, nanosec=716346263)",120.0,Handcrafted_LabStudy,1,3,"-12.0,-0.0,0.5","-0.0,0.0,-0.0,-1.0","11.0,-0.0,0.0","-0.0,0.0,-0.0,-1.0",23.0,23.0,6.082762718200684,0,0,0,0,0,0,0,0.0,0.0,14.0,0.0,4.303977413243298e+21,3.725290298461914e-05,
0,navstack-1709204551778,navstack,Static,HandCrafted,,,1709204577,356345653,"builtin_interfaces.msg.Time(sec=1709204561, nanosec=716346263)",120.0,Handcrafted_LabStudy,1,3,"-12.0,-0.0,0.5","-0.0,0.0,-0.0,-1.0","11.0,-0.0,0.0","-0.0,0.0,-0.0,-1.0",23.0,23.0,6.082762718200684,0,0,0,0,0,0,0,0.0,0.0,14.0,0.0,4.303977413243298e+21,3.725290298461914e-05,
0,navstack-1709204551778,navstack,Static,HandCrafted,,,1709204577,376345872,"builtin_interfaces.msg.Time(sec=1709204561, nanosec=716346263)",120.0,Handcrafted_LabStudy,1,3,"-12.0,-0.0,0.5","-0.0,0.0,-0.0,-1.0","11.0,-0.0,0.0","-0.0,0.0,-0.0,-1.0",23.0,23.0,6.082762718200684,0,0,0,0,0,0,0,0.0,0.0,14.0,0.0,4.304261741637032e+21,3.725290298461914e-05,
0,navstack-1709204551778,navstack,Static,HandCrafted,,,1709204577,376345872,"builtin_interfaces.msg.Time(sec=1709204561, nanosec=716346263)",120.0,Handcrafted_LabStudy,1,3,"-12.0,-0.0,0.5","-0.0,0.0,-0.0,-1.0","11.0,-0.0,0.0","-0.0,0.0,-0.0,-1.0",23.0,23.0,6.082762718200684,0,0,0,0,0,0,0,0.0,0.0,14.0,0.0,4.304261741637032e+21,3.725290298461914e-05,
0,navstack-1709204551778,navstack,Static,HandCrafted,,,1709204577,376345872,"builtin_interfaces.msg.Time(sec=1709204561, nanosec=716346263)",120.0,Handcrafted_LabStudy,1,3,"-12.0,-0.0,0.5","-0.0,0.0,-0.0,-1.0","11.0,-0.0,0.0","-0.0,0.0,-0.0,-1.0",23.0,23.0,6.082762718200684,0,0,0,0,0,0,0,0.0,0.0,14.0,0.0,4.304261741637032e+21,0.0,
0,navstack-1709204551778,navstack,Static,HandCrafted,,,1709204577,396345376,"builtin_interfaces.msg.Time(sec=1709204561, nanosec=716346263)",120.0,Handcrafted_LabStudy,1,3,"-12.0,-0.0,0.5","-0.0,0.0,-0.0,-1.0","11.0,-0.0,0.0","-0.0,0.0,-0.0,-1.0",23.0,23.0,6.082762718200684,0,0,0,0,0,0,0,0.0,0.0,14.0,0.0,4.303977413243298e+21,3.725290298461914e-05,
0,navstack-1709204551778,navstack,Static,HandCrafted,,,1709204577,396345376,"builtin_interfaces.msg.Time(sec=1709204561, nanosec=716346263)",120.0,Handcrafted_LabStudy,1,3,"-12.0,-0.0,0.5","-0.0,0.0,-0.0,-1.0","11.0,-0.0,0.0","-0.0,0.0,-0.0,-1.0",23.0,23.0,6.082762718200684,0,0,0,0,0,0,0,0.0,0.0,14.0,0.0,4.303977413243298e+21,3.725290298461914e-05,
0,navstack-1709204551778,navstack,Static,HandCrafted,,,1709204577,416345834,"builtin_interfaces.msg.Time(sec=1709204561, nanosec=716346263)",120.0,Handcrafted_LabStudy,1,3,"-12.0,-0.0,0.5","-0.0,0.0,-0.0,-1.0","11.0,-0.0,0.0","-0.0,0.0,-0.0,-1.0",23.0,23.0,6.082762718200684,0,0,0,0,0,0,0,0.0,0.0,14.0,0.0,4.304261741637032e+21,3.725290298461914e-05,
0,navstack-1709204551778,navstack,Static,HandCrafted,,,1709204577,416345834,"builtin_interfaces.msg.Time(sec=1709204561, nanosec=716346263)",120.0,Handcrafted_LabStudy,1,3,"-12.0,-0.0,0.5","-0.0,0.0,-0.0,-1.0","11.0,-0.0,0.0","-0.0,0.0,-0.0,-1.0",23.0,23.0,6.082762718200684,0,0,0,0,0,0,0,0.0,0.0,14.0,0.0,4.304261741637032e+21,3.725290298461914e-05,
0,navstack-1709204551778,navstack,Static,HandCrafted,,,1709204577,436345577,"builtin_interfaces.msg.Time(sec=1709204561, nanosec=716346263)",120.0,Handcrafted_LabStudy,1,3,"-12.0,-0.0,0.5","-0.0,0.0,-0.0,-1.0","11.0,-0.0,0.0","-0.0,0.0,-0.0,-1.0",23.0,23.0,6.082762718200684,0,0,0,0,0,0,0,0.0,0.0,14.0,0.0,4.303977413243298e+21,3.725290298461914e-05,
0,navstack-1709204551778,navstack,Static,HandCrafted,,,1709204577,436345577,"builtin_interfaces.msg.Time(sec=1709204561, nanosec=716346263)",120.0,Handcrafted_LabStudy,1,3,"-12.0,-0.0,0.5","-0.0,0.0,-0.0,-1.0","11.0,-0.0,0.0","-0.0,0.0,-0.0,-1.0",23.0,23.0,6.082762718200684,0,0,0,0,0,0,0,0.0,0.0,14.0,0.0,4.303977413243298e+21,3.725290298461914e-05,
0,navstack-1709204551778,navstack,Static,HandCrafted,,,1709204577,456346035,"builtin_interfaces.msg.Time(sec=1709204561, nanosec=716346263)",120.0,Handcrafted_LabStudy,1,3,"-12.0,-0.0,0.5","-0.0,0.0,-0.0,-1.0","11.0,-0.0,0.0","-0.0,0.0,-0.0,-1.0",23.0,23.0,6.082762718200684,0,0,0,0,0,0,0,0.0,0.0,14.0,0.0,4.304261741637032e+21,3.725290298461914e-05,
0,navstack-1709204551778,navstack,Static,HandCrafted,,,1709204577,476345539,"builtin_interfaces.msg.Time(sec=1709204561, nanosec=716346263)",120.0,Handcrafted_LabStudy,1,3,"-12.0,-0.0,0.5","-0.0,0.0,-0.0,-1.0","11.0,-0.0,0.0","-0.0,0.0,-0.0,-1.0",23.0,23.0,6.082762718200684,0,0,0,0,0,0,0,0.0,0.0,14.0,0.0,4.303977413243298e+21,7.450580596923828e-05,
0,navstack-1709204551778,navstack,Static,HandCrafted,,,1709204577,476345539,"builtin_interfaces.msg.Time(sec=1709204561, nanosec=716346263)",120.0,Handcrafted_LabStudy,1,3,"-12.0,-0.0,0.5","-0.0,0.0,-0.0,-1.0","11.0,-0.0,0.0","-0.0,0.0,-0.0,-1.0",23.0,23.0,6.082762718200684,0,0,0,0,0,0,0,0.0,0.0,14.0,0.0,4.303977413243298e+21,3.725290298461914e-05,
0,navstack-1709204551778,navstack,Static,HandCrafted,,,1709204577,496345996,"builtin_interfaces.msg.Time(sec=1709204561, nanosec=716346263)",120.0,Handcrafted_LabStudy,1,3,"-12.0,-0.0,0.5","-0.0,0.0,-0.0,-1.0","11.0,-0.0,0.0","-0.0,0.0,-0.0,-1.0",23.0,23.0,6.082762718200684,0,0,0,0,0,0,0,0.0,0.0,14.0,0.0,4.304261741637032e+21,3.725290298461914e-05,
0,navstack-1709204551778,navstack,Static,HandCrafted,,,1709204577,496345996,"builtin_interfaces.msg.Time(sec=1709204561, nanosec=716346263)",120.0,Handcrafted_LabStudy,1,3,"-12.0,-0.0,0.5","-0.0,0.0,-0.0,-1.0","11.0,-0.0,0.0","-0.0,0.0,-0.0,-1.0",23.0,23.0,6.082762718200684,0,0,0,0,0,0,0,0.0,0.0,14.0,0.0,4.304261741637032e+21,3.725290298461914e-05,
0,navstack-1709204551778,navstack,Static,HandCrafted,,,1709204577,496345996,"builtin_interfaces.msg.Time(sec=1709204561, nanosec=716346263)",120.0,Handcrafted_LabStudy,1,3,"-12.0,-0.0,0.5","-0.0,0.0,-0.0,-1.0","11.0,-0.0,0.0","-0.0,0.0,-0.0,-1.0",23.0,23.0,6.082762718200684,0,0,0,0,0,0,0,0.0,0.0,14.0,0.0,4.304261741637032e+21,0.0,
0,navstack-1709204551778,navstack,Static,HandCrafted,,,1709204577,516345500,"builtin_interfaces.msg.Time(sec=1709204561, nanosec=716346263)",120.0,Handcrafted_LabStudy,1,3,"-12.0,-0.0,0.5","-0.0,0.0,-0.0,-1.0","11.0,-0.0,0.0","-0.0,0.0,-0.0,-1.0",23.0,23.0,6.082762718200684,0,0,0,0,0,0,0,0.0,0.0,14.0,0.0,4.303977413243298e+21,3.725290298461914e-05,
0,navstack-1709204551778,navstack,Static,HandCrafted,,,1709204577,536345958,"builtin_interfaces.msg.Time(sec=1709204561, nanosec=716346263)",120.0,Handcrafted_LabStudy,1,3,"-12.0,-0.0,0.5","-0.0,0.0,-0.0,-1.0","11.0,-0.0,0.0","-0.0,0.0,-0.0,-1.0",23.0,23.0,6.082762718200684,0,0,0,0,0,0,0,0.0,0.0,14.0,0.0,4.304261741637032e+21,7.450580596923828e-05,
0,navstack-1709204551778,navstack,Static,HandCrafted,,,1709204577,536345958,"builtin_interfaces.msg.Time(sec=1709204561, nanosec=716346263)",120.0,Handcrafted_LabStudy,1,3,"-12.0,-0.0,0.5","-0.0,0.0,-0.0,-1.0","11.0,-0.0,0.0","-0.0,0.0,-0.0,-1.0",23.0,23.0,6.082762718200684,0,0,0,0,0,0,0,0.0,0.0,14.0,0.0,4.304261741637032e+21,3.725290298461914e-05,
0,navstack-1709204551778,navstack,Static,HandCrafted,,,1709204577,536345958,"builtin_interfaces.msg.Time(sec=1709204561, nanosec=716346263)",120.0,Handcrafted_LabStudy,1,3,"-12.0,-0.0,0.5","-0.0,0.0,-0.0,-1.0","11.0,-0.0,0.0","-0.0,0.0,-0.0,-1.0",23.0,23.0,6.082762718200684,0,0,0,0,0,0,0,0.0,0.0,14.0,0.0,4.304261741637032e+21,0.0,
0,navstack-1709204551778,navstack,Static,HandCrafted,,,1709204577,556345462,"builtin_interfaces.msg.Time(sec=1709204561, nanosec=716346263)",120.0,Handcrafted_LabStudy,1,3,"-12.0,-0.0,0.5","-0.0,0.0,-0.0,-1.0","11.0,-0.0,0.0","-0.0,0.0,-0.0,-1.0",23.0,23.0,6.082762718200684,0,0,0,0,0,0,0,0.0,0.0,14.0,0.0,4.303977413243298e+21,3.725290298461914e-05,
0,navstack-1709204551778,navstack,Static,HandCrafted,,,1709204577,556345462,"builtin_interfaces.msg.Time(sec=1709204561, nanosec=716346263)",120.0,Handcrafted_LabStudy,1,3,"-12.0,-0.0,0.5","-0.0,0.0,-0.0,-1.0","11.0,-0.0,0.0","-0.0,0.0,-0.0,-1.0",23.0,23.0,6.082762718200684,0,0,0,0,0,0,0,0.0,0.0,14.0,0.0,4.303977413243298e+21,3.725290298461914e-05,
0,navstack-1709204551778,navstack,Static,HandCrafted,,,1709204577,576345920,"builtin_interfaces.msg.Time(sec=1709204561, nanosec=716346263)",120.0,Handcrafted_LabStudy,1,3,"-12.0,-0.0,0.5","-0.0,0.0,-0.0,-1.0","11.0,-0.0,0.0","-0.0,0.0,-0.0,-1.0",23.0,23.0,6.082762718200684,0,0,0,0,0,0,0,0.0,0.0,14.0,0.0,4.304261741637032e+21,3.725290298461914e-05,
0,navstack-1709204551778,navstack,Static,HandCrafted,,,1709204577,576345920,"builtin_interfaces.msg.Time(sec=1709204561, nanosec=716346263)",120.0,Handcrafted_LabStudy,1,3,"-12.0,-0.0,0.5","-0.0,0.0,-0.0,-1.0","11.0,-0.0,0.0","-0.0,0.0,-0.0,-1.0",23.0,23.0,6.082762718200684,0,0,0,0,0,0,0,0.0,0.0,14.0,0.0,4.304261741637032e+21,3.725290298461914e-05,
0,navstack-1709204551778,navstack,Static,HandCrafted,,,1709204577,596346139,"builtin_interfaces.msg.Time(sec=1709204561, nanosec=716346263)",120.0,Handcrafted_LabStudy,1,3,"-12.0,-0.0,0.5","-0.0,0.0,-0.0,-1.0","11.0,-0.0,0.0","-0.0,0.0,-0.0,-1.0",23.0,23.0,6.082762718200684,0,0,0,0,0,0,0,0.0,0.0,14.0,0.0,4.303977413243298e+21,3.725290298461914e-05,
0,navstack-1709204551778,navstack,Static,HandCrafted,,,1709204577,596346139,"builtin_interfaces.msg.Time(sec=1709204561, nanosec=716346263)",120.0,Handcrafted_LabStudy,1,3,"-12.0,-0.0,0.5","-0.0,0.0,-0.0,-1.0","11.0,-0.0,0.0","-0.0,0.0,-0.0,-1.0",23.0,23.0,6.082762718200684,0,0,0,0,0,0,0,0.0,0.0,14.0,0.0,4.303977413243298e+21,3.725290298461914e-05,
0,navstack-1709204551778,navstack,Static,HandCrafted,,,1709204577,616345643,"builtin_interfaces.msg.Time(sec=1709204561, nanosec=716346263)",120.0,Handcrafted_LabStudy,1,3,"-12.0,-0.0,0.5","-0.0,0.0,-0.0,-1.0","11.0,-0.0,0.0","-0.0,0.0,-0.0,-1.0",23.0,23.0,6.082762718200684,0,0,0,0,0,0,0,0.0,0.0,14.0,0.0,4.304261741637032e+21,3.725290298461914e-05,
0,navstack-1709204551778,navstack,Static,HandCrafted,,,1709204577,616345643,"builtin_interfaces.msg.Time(sec=1709204561, nanosec=716346263)",120.0,Handcrafted_LabStudy,1,3,"-12.0,-0.0,0.5","-0.0,0.0,-0.0,-1.0","11.0,-0.0,0.0","-0.0,0.0,-0.0,-1.0",23.0,23.0,6.082762718200684,0,0,0,0,0,0,0,0.0,0.0,14.0,0.0,4.304261741637032e+21,3.725290298461914e-05,
0,navstack-1709204551778,navstack,Static,HandCrafted,,,1709204577,616345643,"builtin_interfaces.msg.Time(sec=1709204561, nanosec=716346263)",120.0,Handcrafted_LabStudy,1,3,"-12.0,-0.0,0.5","-0.0,0.0,-0.0,-1.0","11.0,-0.0,0.0","-0.0,0.0,-0.0,-1.0",23.0,23.0,6.082762718200684,0,0,0,0,0,0,0,0.0,0.0,14.0,0.0,4.304261741637032e+21,0.0,
0,navstack-1709204551778,navstack,Static,HandCrafted,,,1709204577,636346101,"builtin_interfaces.msg.Time(sec=1709204561, nanosec=716346263)",120.0,Handcrafted_LabStudy,1,3,"-12.0,-0.0,0.5","-0.0,0.0,-0.0,-1.0","11.0,-0.0,0.0","-0.0,0.0,-0.0,-1.0",23.0,23.0,6.082762718200684,0,0,0,0,0,0,0,0.0,0.0,14.0,0.0,4.303977413243298e+21,3.725290298461914e-05,
0,navstack-1709204551778,navstack,Static,HandCrafted,,,1709204577,636346101,"builtin_interfaces.msg.Time(sec=1709204561, nanosec=716346263)",120.0,Handcrafted_LabStudy,1,3,"-12.0,-0.0,0.5","-0.0,0.0,-0.0,-1.0","11.0,-0.0,0.0","-0.0,0.0,-0.0,-1.0",23.0,23.0,6.082762718200684,0,0,0,0,0,0,0,0.0,0.0,14.0,0.0,4.303977413243298e+21,3.725290298461914e-05,
0,navstack-1709204551778,navstack,Static,HandCrafted,,,1709204577,656345605,"builtin_interfaces.msg.Time(sec=1709204561, nanosec=716346263)",120.0,Handcrafted_LabStudy,1,3,"-12.0,-0.0,0.5","-0.0,0.0,-0.0,-1.0","11.0,-0.0,0.0","-0.0,0.0,-0.0,-1.0",23.0,23.0,6.082762718200684,0,0,0,0,0,0,0,0.0,0.0,14.0,0.0,4.304261741637032e+21,3.725290298461914e-05,
0,navstack-1709204551778,navstack,Static,HandCrafted,,,1709204577,656345605,"builtin_interfaces.msg.Time(sec=1709204561, nanosec=716346263)",120.0,Handcrafted_LabStudy,1,3,"-12.0,-0.0,0.5","-0.0,0.0,-0.0,-1.0","11.0,-0.0,0.0","-0.0,0.0,-0.0,-1.0",23.0,23.0,6.082762718200684,0,0,0,0,0,0,0,0.0,0.0,14.0,0.0,4.304261741637032e+21,3.725290298461914e-05,
0,navstack-1709204551778,navstack,Static,HandCrafted,,,1709204577,676346302,"builtin_interfaces.msg.Time(sec=1709204561, nanosec=716346263)",120.0,Handcrafted_LabStudy,1,3,"-12.0,-0.0,0.5","-0.0,0.0,-0.0,-1.0","11.0,-0.0,0.0","-0.0,0.0,-0.0,-1.0",23.0,23.0,6.082762718200684,0,0,0,0,0,0,0,0.0,0.0,14.0,0.0,4.303977413243298e+21,3.725290298461914e-05,
0,navstack-1709204551778,navstack,Static,HandCrafted,,,1709204577,696345806,"builtin_interfaces.msg.Time(sec=1709204561, nanosec=716346263)",120.0,Handcrafted_LabStudy,1,3,"-12.0,-0.0,0.5","-0.0,0.0,-0.0,-1.0","11.0,-0.0,0.0","-0.0,0.0,-0.0,-1.0",23.0,23.0,6.082762718200684,0,0,0,0,0,0,0,0.0,0.0,14.0,0.0,4.304261741637032e+21,7.450580596923828e-05,
0,navstack-1709204551778,navstack,Static,HandCrafted,,,1709204577,716346263,"builtin_interfaces.msg.Time(sec=1709204561, nanosec=716346263)",120.0,Handcrafted_LabStudy,1,3,"-12.0,-0.0,0.5","-0.0,0.0,-0.0,-1.0","11.0,-0.0,0.0","-0.0,0.0,-0.0,-1.0",23.0,23.0,6.082762718200684,0,0,0,0,0,0,0,0.0,0.0,14.0,0.0,4.303977413243298e+21,7.450580596923828e-05,
0,navstack-1709204551778,navstack,Static,HandCrafted,,,1709204577,716346263,"builtin_interfaces.msg.Time(sec=1709204561, nanosec=716346263)",120.0,Handcrafted_LabStudy,1,3,"-12.0,-0.0,0.5","-0.0,0.0,-0.0,-1.0","11.0,-0.0,0.0","-0.0,0.0,-0.0,-1.0",23.0,23.0,6.082762718200684,0,0,0,0,0,0,0,0.0,0.0,14.0,0.0,4.303977413243298e+21,3.725290298461914e-05,
0,navstack-1709204551778,navstack,Static,HandCrafted,,,1709204577,736346721,"builtin_interfaces.msg.Time(sec=1709204561, nanosec=716346263)",120.0,Handcrafted_LabStudy,1,3,"-12.0,-0.0,0.5","-0.0,0.0,-0.0,-1.0","11.0,-0.0,0.0","-0.0,0.0,-0.0,-1.0",23.0,23.0,6.082762718200684,0,0,0,0,0,0,0,0.0,0.0,14.0,0.0,4.304261741637032e+21,3.725290298461914e-05,
0,navstack-1709204551778,navstack,Static,HandCrafted,,,1709204577,756345272,"builtin_interfaces.msg.Time(sec=1709204561, nanosec=716346263)",120.0,Handcrafted_LabStudy,1,3,"-12.0,-0.0,0.5","-0.0,0.0,-0.0,-1.0","11.0,-0.0,0.0","-0.0,0.0,-0.0,-1.0",23.0,23.0,6.082762718200684,0,0,0,0,0,0,0,0.0,0.0,14.0,0.0,4.303977413243298e+21,7.450580596923828e-05,
0,navstack-1709204551778,navstack,Static,HandCrafted,,,1709204577,776345729,"builtin_interfaces.msg.Time(sec=1709204561, nanosec=716346263)",120.0,Handcrafted_LabStudy,1,3,"-12.0,-0.0,0.5","-0.0,0.0,-0.0,-1.0","11.0,-0.0,0.0","-0.0,0.0,-0.0,-1.0",23.0,23.0,6.082762718200684,0,0,0,0,0,0,0,0.0,0.0,14.0,0.0,4.304261741637032e+21,7.450580596923828e-05,
0,navstack-1709204551778,navstack,Static,HandCrafted,,,1709204577,776345729,"builtin_interfaces.msg.Time(sec=1709204561, nanosec=716346263)",120.0,Handcrafted_LabStudy,1,3,"-12.0,-0.0,0.5","-0.0,0.0,-0.0,-1.0","11.0,-0.0,0.0","-0.0,0.0,-0.0,-1.0",23.0,23.0,6.082762718200684,0,0,0,0,0,0,0,0.0,0.0,14.0,0.0,4.304261741637032e+21,3.725290298461914e-05,
0,navstack-1709204551778,navstack,Static,HandCrafted,,,1709204577,796346187,"builtin_interfaces.msg.Time(sec=1709204561, nanosec=716346263)",120.0,Handcrafted_LabStudy,1,3,"-12.0,-0.0,0.5","-0.0,0.0,-0.0,-1.0","11.0,-0.0,0.0","-0.0,0.0,-0.0,-1.0",23.0,23.0,6.082762718200684,0,0,0,0,0,0,0,0.0,0.0,14.0,0.0,4.303977413243298e+21,3.725290298461914e-05,
0,navstack-1709204551778,navstack,Static,HandCrafted,,,1709204577,816346645,"builtin_interfaces.msg.Time(sec=1709204561, nanosec=716346263)",120.0,Handcrafted_LabStudy,1,3,"-12.0,-0.0,0.5","-0.0,0.0,-0.0,-1.0","11.0,-0.0,0.0","-0.0,0.0,-0.0,-1.0",23.0,23.0,6.082762718200684,0,0,0,0,0,0,0,0.0,0.0,14.0,0.0,4.304261741637032e+21,7.450580596923828e-05,
0,navstack-1709204551778,navstack,Static,HandCrafted,,,1709204577,816346645,"builtin_interfaces.msg.Time(sec=1709204561, nanosec=716346263)",120.0,Handcrafted_LabStudy,1,3,"-12.0,-0.0,0.5","-0.0,0.0,-0.0,-1.0","11.0,-0.0,0.0","-0.0,0.0,-0.0,-1.0",23.0,23.0,6.082762718200684,0,0,0,0,0,0,0,0.0,0.0,14.0,0.0,4.304261741637032e+21,3.725290298461914e-05,
0,navstack-1709204551778,navstack,Static,HandCrafted,,,1709204577,836345195,"builtin_interfaces.msg.Time(sec=1709204561, nanosec=716346263)",120.0,Handcrafted_LabStudy,1,3,"-12.0,-0.0,0.5","-0.0,0.0,-0.0,-1.0","11.0,-0.0,0.0","-0.0,0.0,-0.0,-1.0",23.0,23.0,6.082762718200684,0,0,0,0,0,0,0,0.0,0.0,14.0,0.0,4.303977413243298e+21,3.725290298461914e-05,
0,navstack-1709204551778,navstack,Static,HandCrafted,,,1709204577,856345653,"builtin_interfaces.msg.Time(sec=1709204561, nanosec=716346263)",120.0,Handcrafted_LabStudy,1,3,"-12.0,-0.0,0.5","-0.0,0.0,-0.0,-1.0","11.0,-0.0,0.0","-0.0,0.0,-0.0,-1.0",23.0,23.0,6.082762718200684,0,0,0,0,0,0,0,0.0,0.0,14.0,0.0,4.304261741637032e+21,7.450580596923828e-05,
0,navstack-1709204551778,navstack,Static,HandCrafted,,,1709204577,856345653,"builtin_interfaces.msg.Time(sec=1709204561, nanosec=716346263)",120.0,Handcrafted_LabStudy,1,3,"-12.0,-0.0,0.5","-0.0,0.0,-0.0,-1.0","11.0,-0.0,0.0","-0.0,0.0,-0.0,-1.0",23.0,23.0,6.082762718200684,0,0,0,0,0,0,0,0.0,0.0,15.0,0.0,4.304261741637032e+21,3.725290298461914e-05,
0,navstack-1709204551778,navstack,Static,HandCrafted,,,1709204577,876345872,"builtin_interfaces.msg.Time(sec=1709204561, nanosec=716346263)",120.0,Handcrafted_LabStudy,1,3,"-12.0,-0.0,0.5","-0.0,0.0,-0.0,-1.0","11.0,-0.0,0.0","-0.0,0.0,-0.0,-1.0",23.0,23.0,6.082762718200684,0,0,0,0,0,0,0,0.0,0.0,15.0,0.0,4.303977413243298e+21,3.725290298461914e-05,
0,navstack-1709204551778,navstack,Static,HandCrafted,,,1709204577,876345872,"builtin_interfaces.msg.Time(sec=1709204561, nanosec=716346263)",120.0,Handcrafted_LabStudy,1,3,"-12.0,-0.0,0.5","-0.0,0.0,-0.0,-1.0","11.0,-0.0,0.0","-0.0,0.0,-0.0,-1.0",23.0,23.0,6.082762718200684,0,0,0,0,0,0,0,0.0,0.0,15.0,0.0,4.303977413243298e+21,3.725290298461914e-05,
0,navstack-1709204551778,navstack,Static,HandCrafted,,,1709204577,896346330,"builtin_interfaces.msg.Time(sec=1709204561, nanosec=716346263)",120.0,Handcrafted_LabStudy,1,3,"-12.0,-0.0,0.5","-0.0,0.0,-0.0,-1.0","11.0,-0.0,0.0","-0.0,0.0,-0.0,-1.0",23.0,23.0,6.082762718200684,0,0,0,0,0,0,0,0.0,0.0,15.0,0.0,4.304261741637032e+21,3.725290298461914e-05,
0,navstack-1709204551778,navstack,Static,HandCrafted,,,1709204577,896346330,"builtin_interfaces.msg.Time(sec=1709204561, nanosec=716346263)",120.0,Handcrafted_LabStudy,1,3,"-12.0,-0.0,0.5","-0.0,0.0,-0.0,-1.0","11.0,-0.0,0.0","-0.0,0.0,-0.0,-1.0",23.0,23.0,6.082762718200684,0,0,0,0,0,0,0,0.0,0.0,15.0,0.0,4.304261741637032e+21,3.725290298461914e-05,
0,navstack-1709204551778,navstack,Static,HandCrafted,,,1709204577,916344881,"builtin_interfaces.msg.Time(sec=1709204561, nanosec=716346263)",120.0,Handcrafted_LabStudy,1,3,"-12.0,-0.0,0.5","-0.0,0.0,-0.0,-1.0","11.0,-0.0,0.0","-0.0,0.0,-0.0,-1.0",23.0,23.0,6.082762718200684,0,0,0,0,0,0,0,0.0,0.0,15.0,0.0,4.303977413243298e+21,3.725290298461914e-05,
0,navstack-1709204551778,navstack,Static,HandCrafted,,,1709204577,936345577,"builtin_interfaces.msg.Time(sec=1709204561, nanosec=716346263)",120.0,Handcrafted_LabStudy,1,3,"-12.0,-0.0,0.5","-0.0,0.0,-0.0,-1.0","11.0,-0.0,0.0","-0.0,0.0,-0.0,-1.0",23.0,23.0,6.082762718200684,0,0,0,0,0,0,0,0.0,0.0,15.0,0.0,4.304261741637032e+21,7.450580596923828e-05,
0,navstack-1709204551778,navstack,Static,HandCrafted,,,1709204577,936345577,"builtin_interfaces.msg.Time(sec=1709204561, nanosec=716346263)",120.0,Handcrafted_LabStudy,1,3,"-12.0,-0.0,0.5","-0.0,0.0,-0.0,-1.0","11.0,-0.0,0.0","-0.0,0.0,-0.0,-1.0",23.0,23.0,6.082762718200684,0,0,0,0,0,0,0,0.0,0.0,15.0,0.0,4.304261741637032e+21,3.725290298461914e-05,
0,navstack-1709204551778,navstack,Static,HandCrafted,,,1709204577,956346035,"builtin_interfaces.msg.Time(sec=1709204561, nanosec=716346263)",120.0,Handcrafted_LabStudy,1,3,"-12.0,-0.0,0.5","-0.0,0.0,-0.0,-1.0","11.0,-0.0,0.0","-0.0,0.0,-0.0,-1.0",23.0,23.0,6.082762718200684,0,0,0,0,0,0,0,0.0,0.0,15.0,0.0,4.303977413243298e+21,3.725290298461914e-05,
