[0.107s] DEBUG:colcon:Command line arguments: ['/home/adam/.local/bin/colcon', 'build']
[0.107s] DEBUG:colcon:Parsed command line arguments: Namespace(log_base=None, log_level=None, verb_name='build', build_base='build', install_base='install', merge_install=False, symlink_install=False, test_result_base=None, continue_on_error=False, executor='parallel', parallel_workers=16, event_handlers=None, ignore_user_meta=False, metas=['./colcon.meta'], base_paths=['.'], packages_ignore=None, packages_ignore_regex=None, paths=None, packages_up_to=None, packages_up_to_regex=None, packages_above=None, packages_above_and_dependencies=None, packages_above_depth=None, packages_select_by_dep=None, packages_skip_by_dep=None, packages_skip_up_to=None, packages_select_build_failed=False, packages_skip_build_finished=False, packages_select_test_failures=False, packages_skip_test_passed=False, packages_select=None, packages_skip=None, packages_select_regex=None, packages_skip_regex=None, packages_start=None, packages_end=None, allow_overriding=[], cmake_args=None, cmake_target=None, cmake_target_skip_unavailable=False, cmake_clean_cache=False, cmake_clean_first=False, cmake_force_configure=False, ament_cmake_args=None, catkin_cmake_args=None, catkin_skip_building_tests=False, verb_parser=<colcon_defaults.argument_parser.defaults.DefaultArgumentsDecorator object at 0x7b5a10bf3310>, verb_extension=<colcon_core.verb.build.BuildVerb object at 0x7b5a10cd3e20>, main=<bound method BuildVerb.main of <colcon_core.verb.build.BuildVerb object at 0x7b5a10cd3e20>>)
[0.228s] Level 1:colcon.colcon_core.package_discovery:discover_packages(colcon_meta) check parameters
[0.228s] Level 1:colcon.colcon_core.package_discovery:discover_packages(recursive) check parameters
[0.228s] Level 1:colcon.colcon_core.package_discovery:discover_packages(ignore) check parameters
[0.228s] Level 1:colcon.colcon_core.package_discovery:discover_packages(path) check parameters
[0.228s] Level 1:colcon.colcon_core.package_discovery:discover_packages(colcon_meta) discover
[0.228s] Level 1:colcon.colcon_core.package_discovery:discover_packages(recursive) discover
[0.228s] INFO:colcon.colcon_core.package_discovery:Crawling recursively for packages in '/home/adam/Desktop/SBSN/ros2_ws'
[0.228s] Level 1:colcon.colcon_core.package_identification:_identify(.) by extensions ['ignore', 'ignore_ament_install']
[0.228s] Level 1:colcon.colcon_core.package_identification:_identify(.) by extension 'ignore'
[0.228s] Level 1:colcon.colcon_core.package_identification:_identify(.) by extension 'ignore_ament_install'
[0.228s] Level 1:colcon.colcon_core.package_identification:_identify(.) by extensions ['colcon_pkg']
[0.228s] Level 1:colcon.colcon_core.package_identification:_identify(.) by extension 'colcon_pkg'
[0.228s] Level 1:colcon.colcon_core.package_identification:_identify(.) by extensions ['colcon_meta']
[0.228s] Level 1:colcon.colcon_core.package_identification:_identify(.) by extension 'colcon_meta'
[0.228s] Level 1:colcon.colcon_core.package_identification:_identify(.) by extensions ['ros']
[0.228s] Level 1:colcon.colcon_core.package_identification:_identify(.) by extension 'ros'
[0.236s] Level 1:colcon.colcon_core.package_identification:_identify(.) by extensions ['cmake', 'python']
[0.236s] Level 1:colcon.colcon_core.package_identification:_identify(.) by extension 'cmake'
[0.237s] Level 1:colcon.colcon_core.package_identification:_identify(.) by extension 'python'
[0.237s] Level 1:colcon.colcon_core.package_identification:_identify(.) by extensions ['python_setup_py']
[0.237s] Level 1:colcon.colcon_core.package_identification:_identify(.) by extension 'python_setup_py'
[0.237s] Level 1:colcon.colcon_core.package_identification:_identify(build) by extensions ['ignore', 'ignore_ament_install']
[0.237s] Level 1:colcon.colcon_core.package_identification:_identify(build) by extension 'ignore'
[0.237s] Level 1:colcon.colcon_core.package_identification:_identify(build) ignored
[0.237s] Level 1:colcon.colcon_core.package_identification:_identify(install) by extensions ['ignore', 'ignore_ament_install']
[0.237s] Level 1:colcon.colcon_core.package_identification:_identify(install) by extension 'ignore'
[0.237s] Level 1:colcon.colcon_core.package_identification:_identify(install) ignored
[0.237s] Level 1:colcon.colcon_core.package_identification:_identify(log) by extensions ['ignore', 'ignore_ament_install']
[0.237s] Level 1:colcon.colcon_core.package_identification:_identify(log) by extension 'ignore'
[0.237s] Level 1:colcon.colcon_core.package_identification:_identify(log) ignored
[0.237s] Level 1:colcon.colcon_core.package_identification:_identify(src) by extensions ['ignore', 'ignore_ament_install']
[0.237s] Level 1:colcon.colcon_core.package_identification:_identify(src) by extension 'ignore'
[0.237s] Level 1:colcon.colcon_core.package_identification:_identify(src) by extension 'ignore_ament_install'
[0.237s] Level 1:colcon.colcon_core.package_identification:_identify(src) by extensions ['colcon_pkg']
[0.237s] Level 1:colcon.colcon_core.package_identification:_identify(src) by extension 'colcon_pkg'
[0.237s] Level 1:colcon.colcon_core.package_identification:_identify(src) by extensions ['colcon_meta']
[0.237s] Level 1:colcon.colcon_core.package_identification:_identify(src) by extension 'colcon_meta'
[0.237s] Level 1:colcon.colcon_core.package_identification:_identify(src) by extensions ['ros']
[0.237s] Level 1:colcon.colcon_core.package_identification:_identify(src) by extension 'ros'
[0.237s] Level 1:colcon.colcon_core.package_identification:_identify(src) by extensions ['cmake', 'python']
[0.237s] Level 1:colcon.colcon_core.package_identification:_identify(src) by extension 'cmake'
[0.237s] Level 1:colcon.colcon_core.package_identification:_identify(src) by extension 'python'
[0.237s] Level 1:colcon.colcon_core.package_identification:_identify(src) by extensions ['python_setup_py']
[0.238s] Level 1:colcon.colcon_core.package_identification:_identify(src) by extension 'python_setup_py'
[0.238s] Level 1:colcon.colcon_core.package_identification:_identify(src/MBSN) by extensions ['ignore', 'ignore_ament_install']
[0.238s] Level 1:colcon.colcon_core.package_identification:_identify(src/MBSN) by extension 'ignore'
[0.238s] Level 1:colcon.colcon_core.package_identification:_identify(src/MBSN) by extension 'ignore_ament_install'
[0.238s] Level 1:colcon.colcon_core.package_identification:_identify(src/MBSN) by extensions ['colcon_pkg']
[0.238s] Level 1:colcon.colcon_core.package_identification:_identify(src/MBSN) by extension 'colcon_pkg'
[0.238s] Level 1:colcon.colcon_core.package_identification:_identify(src/MBSN) by extensions ['colcon_meta']
[0.238s] Level 1:colcon.colcon_core.package_identification:_identify(src/MBSN) by extension 'colcon_meta'
[0.238s] Level 1:colcon.colcon_core.package_identification:_identify(src/MBSN) by extensions ['ros']
[0.238s] Level 1:colcon.colcon_core.package_identification:_identify(src/MBSN) by extension 'ros'
[0.240s] DEBUG:colcon.colcon_core.package_identification:Package 'src/MBSN' with type 'ros.ament_cmake' and name 'mbsn'
[0.240s] Level 1:colcon.colcon_core.package_identification:_identify(src/ROS-TCP-Endpoint) by extensions ['ignore', 'ignore_ament_install']
[0.240s] Level 1:colcon.colcon_core.package_identification:_identify(src/ROS-TCP-Endpoint) by extension 'ignore'
[0.240s] Level 1:colcon.colcon_core.package_identification:_identify(src/ROS-TCP-Endpoint) by extension 'ignore_ament_install'
[0.240s] Level 1:colcon.colcon_core.package_identification:_identify(src/ROS-TCP-Endpoint) by extensions ['colcon_pkg']
[0.240s] Level 1:colcon.colcon_core.package_identification:_identify(src/ROS-TCP-Endpoint) by extension 'colcon_pkg'
[0.240s] Level 1:colcon.colcon_core.package_identification:_identify(src/ROS-TCP-Endpoint) by extensions ['colcon_meta']
[0.240s] Level 1:colcon.colcon_core.package_identification:_identify(src/ROS-TCP-Endpoint) by extension 'colcon_meta'
[0.240s] Level 1:colcon.colcon_core.package_identification:_identify(src/ROS-TCP-Endpoint) by extensions ['ros']
[0.240s] Level 1:colcon.colcon_core.package_identification:_identify(src/ROS-TCP-Endpoint) by extension 'ros'
[0.240s] DEBUG:colcon.colcon_core.package_identification:Package 'src/ROS-TCP-Endpoint' with type 'ros.ament_python' and name 'ros_tcp_endpoint'
[0.241s] Level 1:colcon.colcon_core.package_identification:_identify(src/agent_trajectory_prediction) by extensions ['ignore', 'ignore_ament_install']
[0.241s] Level 1:colcon.colcon_core.package_identification:_identify(src/agent_trajectory_prediction) by extension 'ignore'
[0.241s] Level 1:colcon.colcon_core.package_identification:_identify(src/agent_trajectory_prediction) by extension 'ignore_ament_install'
[0.241s] Level 1:colcon.colcon_core.package_identification:_identify(src/agent_trajectory_prediction) by extensions ['colcon_pkg']
[0.241s] Level 1:colcon.colcon_core.package_identification:_identify(src/agent_trajectory_prediction) by extension 'colcon_pkg'
[0.241s] Level 1:colcon.colcon_core.package_identification:_identify(src/agent_trajectory_prediction) by extensions ['colcon_meta']
[0.241s] Level 1:colcon.colcon_core.package_identification:_identify(src/agent_trajectory_prediction) by extension 'colcon_meta'
[0.241s] Level 1:colcon.colcon_core.package_identification:_identify(src/agent_trajectory_prediction) by extensions ['ros']
[0.241s] Level 1:colcon.colcon_core.package_identification:_identify(src/agent_trajectory_prediction) by extension 'ros'
[0.241s] DEBUG:colcon.colcon_core.package_identification:Package 'src/agent_trajectory_prediction' with type 'ros.ament_cmake' and name 'agent_trajectory_prediction'
[0.242s] Level 1:colcon.colcon_core.package_identification:_identify(src/assets) by extensions ['ignore', 'ignore_ament_install']
[0.242s] Level 1:colcon.colcon_core.package_identification:_identify(src/assets) by extension 'ignore'
[0.242s] Level 1:colcon.colcon_core.package_identification:_identify(src/assets) by extension 'ignore_ament_install'
[0.242s] Level 1:colcon.colcon_core.package_identification:_identify(src/assets) by extensions ['colcon_pkg']
[0.242s] Level 1:colcon.colcon_core.package_identification:_identify(src/assets) by extension 'colcon_pkg'
[0.242s] Level 1:colcon.colcon_core.package_identification:_identify(src/assets) by extensions ['colcon_meta']
[0.242s] Level 1:colcon.colcon_core.package_identification:_identify(src/assets) by extension 'colcon_meta'
[0.242s] Level 1:colcon.colcon_core.package_identification:_identify(src/assets) by extensions ['ros']
[0.242s] Level 1:colcon.colcon_core.package_identification:_identify(src/assets) by extension 'ros'
[0.242s] DEBUG:colcon.colcon_core.package_identification:Package 'src/assets' with type 'ros.ament_cmake' and name 'assets'
[0.242s] Level 1:colcon.colcon_core.package_identification:_identify(src/msgs) by extensions ['ignore', 'ignore_ament_install']
[0.242s] Level 1:colcon.colcon_core.package_identification:_identify(src/msgs) by extension 'ignore'
[0.242s] Level 1:colcon.colcon_core.package_identification:_identify(src/msgs) by extension 'ignore_ament_install'
[0.243s] Level 1:colcon.colcon_core.package_identification:_identify(src/msgs) by extensions ['colcon_pkg']
[0.243s] Level 1:colcon.colcon_core.package_identification:_identify(src/msgs) by extension 'colcon_pkg'
[0.243s] Level 1:colcon.colcon_core.package_identification:_identify(src/msgs) by extensions ['colcon_meta']
[0.243s] Level 1:colcon.colcon_core.package_identification:_identify(src/msgs) by extension 'colcon_meta'
[0.243s] Level 1:colcon.colcon_core.package_identification:_identify(src/msgs) by extensions ['ros']
[0.243s] Level 1:colcon.colcon_core.package_identification:_identify(src/msgs) by extension 'ros'
[0.243s] Level 1:colcon.colcon_core.package_identification:_identify(src/msgs) by extensions ['cmake', 'python']
[0.243s] Level 1:colcon.colcon_core.package_identification:_identify(src/msgs) by extension 'cmake'
[0.243s] Level 1:colcon.colcon_core.package_identification:_identify(src/msgs) by extension 'python'
[0.243s] Level 1:colcon.colcon_core.package_identification:_identify(src/msgs) by extensions ['python_setup_py']
[0.243s] Level 1:colcon.colcon_core.package_identification:_identify(src/msgs) by extension 'python_setup_py'
[0.243s] Level 1:colcon.colcon_core.package_identification:_identify(src/msgs/agents_msgs) by extensions ['ignore', 'ignore_ament_install']
[0.243s] Level 1:colcon.colcon_core.package_identification:_identify(src/msgs/agents_msgs) by extension 'ignore'
[0.243s] Level 1:colcon.colcon_core.package_identification:_identify(src/msgs/agents_msgs) by extension 'ignore_ament_install'
[0.243s] Level 1:colcon.colcon_core.package_identification:_identify(src/msgs/agents_msgs) by extensions ['colcon_pkg']
[0.243s] Level 1:colcon.colcon_core.package_identification:_identify(src/msgs/agents_msgs) by extension 'colcon_pkg'
[0.243s] Level 1:colcon.colcon_core.package_identification:_identify(src/msgs/agents_msgs) by extensions ['colcon_meta']
[0.243s] Level 1:colcon.colcon_core.package_identification:_identify(src/msgs/agents_msgs) by extension 'colcon_meta'
[0.243s] Level 1:colcon.colcon_core.package_identification:_identify(src/msgs/agents_msgs) by extensions ['ros']
[0.243s] Level 1:colcon.colcon_core.package_identification:_identify(src/msgs/agents_msgs) by extension 'ros'
[0.244s] DEBUG:colcon.colcon_core.package_identification:Package 'src/msgs/agents_msgs' with type 'ros.ament_cmake' and name 'agents_msgs'
[0.244s] Level 1:colcon.colcon_core.package_identification:_identify(src/msgs/graph_msgs) by extensions ['ignore', 'ignore_ament_install']
[0.244s] Level 1:colcon.colcon_core.package_identification:_identify(src/msgs/graph_msgs) by extension 'ignore'
[0.244s] Level 1:colcon.colcon_core.package_identification:_identify(src/msgs/graph_msgs) by extension 'ignore_ament_install'
[0.244s] Level 1:colcon.colcon_core.package_identification:_identify(src/msgs/graph_msgs) by extensions ['colcon_pkg']
[0.244s] Level 1:colcon.colcon_core.package_identification:_identify(src/msgs/graph_msgs) by extension 'colcon_pkg'
[0.244s] Level 1:colcon.colcon_core.package_identification:_identify(src/msgs/graph_msgs) by extensions ['colcon_meta']
[0.244s] Level 1:colcon.colcon_core.package_identification:_identify(src/msgs/graph_msgs) by extension 'colcon_meta'
[0.244s] Level 1:colcon.colcon_core.package_identification:_identify(src/msgs/graph_msgs) by extensions ['ros']
[0.244s] Level 1:colcon.colcon_core.package_identification:_identify(src/msgs/graph_msgs) by extension 'ros'
[0.244s] DEBUG:colcon.colcon_core.package_identification:Package 'src/msgs/graph_msgs' with type 'ros.ament_cmake' and name 'graph_msgs'
[0.244s] Level 1:colcon.colcon_core.package_identification:_identify(src/msgs/metric_msgs) by extensions ['ignore', 'ignore_ament_install']
[0.245s] Level 1:colcon.colcon_core.package_identification:_identify(src/msgs/metric_msgs) by extension 'ignore'
[0.245s] Level 1:colcon.colcon_core.package_identification:_identify(src/msgs/metric_msgs) by extension 'ignore_ament_install'
[0.245s] Level 1:colcon.colcon_core.package_identification:_identify(src/msgs/metric_msgs) by extensions ['colcon_pkg']
[0.245s] Level 1:colcon.colcon_core.package_identification:_identify(src/msgs/metric_msgs) by extension 'colcon_pkg'
[0.245s] Level 1:colcon.colcon_core.package_identification:_identify(src/msgs/metric_msgs) by extensions ['colcon_meta']
[0.245s] Level 1:colcon.colcon_core.package_identification:_identify(src/msgs/metric_msgs) by extension 'colcon_meta'
[0.245s] Level 1:colcon.colcon_core.package_identification:_identify(src/msgs/metric_msgs) by extensions ['ros']
[0.245s] Level 1:colcon.colcon_core.package_identification:_identify(src/msgs/metric_msgs) by extension 'ros'
[0.245s] DEBUG:colcon.colcon_core.package_identification:Package 'src/msgs/metric_msgs' with type 'ros.ament_cmake' and name 'metric_msgs'
[0.245s] Level 1:colcon.colcon_core.package_identification:_identify(src/msgs/simulation_msgs) by extensions ['ignore', 'ignore_ament_install']
[0.245s] Level 1:colcon.colcon_core.package_identification:_identify(src/msgs/simulation_msgs) by extension 'ignore'
[0.245s] Level 1:colcon.colcon_core.package_identification:_identify(src/msgs/simulation_msgs) by extension 'ignore_ament_install'
[0.245s] Level 1:colcon.colcon_core.package_identification:_identify(src/msgs/simulation_msgs) by extensions ['colcon_pkg']
[0.245s] Level 1:colcon.colcon_core.package_identification:_identify(src/msgs/simulation_msgs) by extension 'colcon_pkg'
[0.245s] Level 1:colcon.colcon_core.package_identification:_identify(src/msgs/simulation_msgs) by extensions ['colcon_meta']
[0.245s] Level 1:colcon.colcon_core.package_identification:_identify(src/msgs/simulation_msgs) by extension 'colcon_meta'
[0.245s] Level 1:colcon.colcon_core.package_identification:_identify(src/msgs/simulation_msgs) by extensions ['ros']
[0.246s] Level 1:colcon.colcon_core.package_identification:_identify(src/msgs/simulation_msgs) by extension 'ros'
[0.246s] DEBUG:colcon.colcon_core.package_identification:Package 'src/msgs/simulation_msgs' with type 'ros.ament_cmake' and name 'simulation_msgs'
[0.246s] Level 1:colcon.colcon_core.package_identification:_identify(src/nav2_my_controller) by extensions ['ignore', 'ignore_ament_install']
[0.246s] Level 1:colcon.colcon_core.package_identification:_identify(src/nav2_my_controller) by extension 'ignore'
[0.246s] Level 1:colcon.colcon_core.package_identification:_identify(src/nav2_my_controller) by extension 'ignore_ament_install'
[0.246s] Level 1:colcon.colcon_core.package_identification:_identify(src/nav2_my_controller) by extensions ['colcon_pkg']
[0.246s] Level 1:colcon.colcon_core.package_identification:_identify(src/nav2_my_controller) by extension 'colcon_pkg'
[0.246s] Level 1:colcon.colcon_core.package_identification:_identify(src/nav2_my_controller) by extensions ['colcon_meta']
[0.246s] Level 1:colcon.colcon_core.package_identification:_identify(src/nav2_my_controller) by extension 'colcon_meta'
[0.246s] Level 1:colcon.colcon_core.package_identification:_identify(src/nav2_my_controller) by extensions ['ros']
[0.246s] Level 1:colcon.colcon_core.package_identification:_identify(src/nav2_my_controller) by extension 'ros'
[0.246s] Level 1:colcon.colcon_core.package_identification:_identify(src/nav2_my_controller) by extensions ['cmake', 'python']
[0.246s] Level 1:colcon.colcon_core.package_identification:_identify(src/nav2_my_controller) by extension 'cmake'
[0.246s] Level 1:colcon.colcon_core.package_identification:_identify(src/nav2_my_controller) by extension 'python'
[0.246s] Level 1:colcon.colcon_core.package_identification:_identify(src/nav2_my_controller) by extensions ['python_setup_py']
[0.246s] Level 1:colcon.colcon_core.package_identification:_identify(src/nav2_my_controller) by extension 'python_setup_py'
[0.247s] Level 1:colcon.colcon_core.package_identification:_identify(src/nav2_my_controller/my_controller) by extensions ['ignore', 'ignore_ament_install']
[0.247s] Level 1:colcon.colcon_core.package_identification:_identify(src/nav2_my_controller/my_controller) by extension 'ignore'
[0.247s] Level 1:colcon.colcon_core.package_identification:_identify(src/nav2_my_controller/my_controller) by extension 'ignore_ament_install'
[0.247s] Level 1:colcon.colcon_core.package_identification:_identify(src/nav2_my_controller/my_controller) by extensions ['colcon_pkg']
[0.247s] Level 1:colcon.colcon_core.package_identification:_identify(src/nav2_my_controller/my_controller) by extension 'colcon_pkg'
[0.247s] Level 1:colcon.colcon_core.package_identification:_identify(src/nav2_my_controller/my_controller) by extensions ['colcon_meta']
[0.247s] Level 1:colcon.colcon_core.package_identification:_identify(src/nav2_my_controller/my_controller) by extension 'colcon_meta'
[0.247s] Level 1:colcon.colcon_core.package_identification:_identify(src/nav2_my_controller/my_controller) by extensions ['ros']
[0.247s] Level 1:colcon.colcon_core.package_identification:_identify(src/nav2_my_controller/my_controller) by extension 'ros'
[0.247s] DEBUG:colcon.colcon_core.package_identification:Package 'src/nav2_my_controller/my_controller' with type 'ros.ament_cmake' and name 'my_controller'
[0.247s] Level 1:colcon.colcon_core.package_identification:_identify(src/social_metrics) by extensions ['ignore', 'ignore_ament_install']
[0.248s] Level 1:colcon.colcon_core.package_identification:_identify(src/social_metrics) by extension 'ignore'
[0.248s] Level 1:colcon.colcon_core.package_identification:_identify(src/social_metrics) by extension 'ignore_ament_install'
[0.248s] Level 1:colcon.colcon_core.package_identification:_identify(src/social_metrics) by extensions ['colcon_pkg']
[0.248s] Level 1:colcon.colcon_core.package_identification:_identify(src/social_metrics) by extension 'colcon_pkg'
[0.248s] Level 1:colcon.colcon_core.package_identification:_identify(src/social_metrics) by extensions ['colcon_meta']
[0.248s] Level 1:colcon.colcon_core.package_identification:_identify(src/social_metrics) by extension 'colcon_meta'
[0.248s] Level 1:colcon.colcon_core.package_identification:_identify(src/social_metrics) by extensions ['ros']
[0.248s] Level 1:colcon.colcon_core.package_identification:_identify(src/social_metrics) by extension 'ros'
[0.248s] DEBUG:colcon.colcon_core.package_identification:Package 'src/social_metrics' with type 'ros.ament_cmake' and name 'social_metrics'
[0.248s] Level 1:colcon.colcon_core.package_identification:_identify(src/unity_sim) by extensions ['ignore', 'ignore_ament_install']
[0.248s] Level 1:colcon.colcon_core.package_identification:_identify(src/unity_sim) by extension 'ignore'
[0.248s] Level 1:colcon.colcon_core.package_identification:_identify(src/unity_sim) by extension 'ignore_ament_install'
[0.248s] Level 1:colcon.colcon_core.package_identification:_identify(src/unity_sim) by extensions ['colcon_pkg']
[0.248s] Level 1:colcon.colcon_core.package_identification:_identify(src/unity_sim) by extension 'colcon_pkg'
[0.249s] Level 1:colcon.colcon_core.package_identification:_identify(src/unity_sim) by extensions ['colcon_meta']
[0.249s] Level 1:colcon.colcon_core.package_identification:_identify(src/unity_sim) by extension 'colcon_meta'
[0.249s] Level 1:colcon.colcon_core.package_identification:_identify(src/unity_sim) by extensions ['ros']
[0.249s] Level 1:colcon.colcon_core.package_identification:_identify(src/unity_sim) by extension 'ros'
[0.249s] DEBUG:colcon.colcon_core.package_identification:Package 'src/unity_sim' with type 'ros.ament_cmake' and name 'unity_sim'
[0.249s] Level 1:colcon.colcon_core.package_discovery:discover_packages(recursive) using defaults
[0.249s] Level 1:colcon.colcon_core.package_discovery:discover_packages(ignore) discover
[0.249s] Level 1:colcon.colcon_core.package_discovery:discover_packages(ignore) using defaults
[0.249s] Level 1:colcon.colcon_core.package_discovery:discover_packages(path) discover
[0.249s] Level 1:colcon.colcon_core.package_discovery:discover_packages(path) using defaults
[0.274s] Level 1:colcon.colcon_core.package_discovery:discover_packages(prefix_path) check parameters
[0.274s] Level 1:colcon.colcon_core.package_discovery:discover_packages(prefix_path) discover
[0.276s] DEBUG:colcon.colcon_installed_package_information.package_discovery:Found 337 installed packages in /opt/ros/humble
[0.277s] Level 1:colcon.colcon_core.package_discovery:discover_packages(prefix_path) using defaults
[0.307s] Level 5:colcon.colcon_core.verb:set package 'agent_trajectory_prediction' build argument 'cmake_args' from command line to 'None'
[0.307s] Level 5:colcon.colcon_core.verb:set package 'agent_trajectory_prediction' build argument 'cmake_target' from command line to 'None'
[0.307s] Level 5:colcon.colcon_core.verb:set package 'agent_trajectory_prediction' build argument 'cmake_target_skip_unavailable' from command line to 'False'
[0.307s] Level 5:colcon.colcon_core.verb:set package 'agent_trajectory_prediction' build argument 'cmake_clean_cache' from command line to 'False'
[0.307s] Level 5:colcon.colcon_core.verb:set package 'agent_trajectory_prediction' build argument 'cmake_clean_first' from command line to 'False'
[0.307s] Level 5:colcon.colcon_core.verb:set package 'agent_trajectory_prediction' build argument 'cmake_force_configure' from command line to 'False'
[0.307s] Level 5:colcon.colcon_core.verb:set package 'agent_trajectory_prediction' build argument 'ament_cmake_args' from command line to 'None'
[0.307s] Level 5:colcon.colcon_core.verb:set package 'agent_trajectory_prediction' build argument 'catkin_cmake_args' from command line to 'None'
[0.307s] Level 5:colcon.colcon_core.verb:set package 'agent_trajectory_prediction' build argument 'catkin_skip_building_tests' from command line to 'False'
[0.307s] DEBUG:colcon.colcon_core.verb:Building package 'agent_trajectory_prediction' with the following arguments: {'ament_cmake_args': None, 'build_base': '/home/adam/Desktop/SBSN/ros2_ws/build/agent_trajectory_prediction', 'catkin_cmake_args': None, 'catkin_skip_building_tests': False, 'cmake_args': None, 'cmake_clean_cache': False, 'cmake_clean_first': False, 'cmake_force_configure': False, 'cmake_target': None, 'cmake_target_skip_unavailable': False, 'install_base': '/home/adam/Desktop/SBSN/ros2_ws/install/agent_trajectory_prediction', 'merge_install': False, 'path': '/home/adam/Desktop/SBSN/ros2_ws/src/agent_trajectory_prediction', 'symlink_install': False, 'test_result_base': None}
[0.307s] Level 5:colcon.colcon_core.verb:set package 'agents_msgs' build argument 'cmake_args' from command line to 'None'
[0.308s] Level 5:colcon.colcon_core.verb:set package 'agents_msgs' build argument 'cmake_target' from command line to 'None'
[0.308s] Level 5:colcon.colcon_core.verb:set package 'agents_msgs' build argument 'cmake_target_skip_unavailable' from command line to 'False'
[0.308s] Level 5:colcon.colcon_core.verb:set package 'agents_msgs' build argument 'cmake_clean_cache' from command line to 'False'
[0.308s] Level 5:colcon.colcon_core.verb:set package 'agents_msgs' build argument 'cmake_clean_first' from command line to 'False'
[0.308s] Level 5:colcon.colcon_core.verb:set package 'agents_msgs' build argument 'cmake_force_configure' from command line to 'False'
[0.308s] Level 5:colcon.colcon_core.verb:set package 'agents_msgs' build argument 'ament_cmake_args' from command line to 'None'
[0.308s] Level 5:colcon.colcon_core.verb:set package 'agents_msgs' build argument 'catkin_cmake_args' from command line to 'None'
[0.308s] Level 5:colcon.colcon_core.verb:set package 'agents_msgs' build argument 'catkin_skip_building_tests' from command line to 'False'
[0.308s] DEBUG:colcon.colcon_core.verb:Building package 'agents_msgs' with the following arguments: {'ament_cmake_args': None, 'build_base': '/home/adam/Desktop/SBSN/ros2_ws/build/agents_msgs', 'catkin_cmake_args': None, 'catkin_skip_building_tests': False, 'cmake_args': None, 'cmake_clean_cache': False, 'cmake_clean_first': False, 'cmake_force_configure': False, 'cmake_target': None, 'cmake_target_skip_unavailable': False, 'install_base': '/home/adam/Desktop/SBSN/ros2_ws/install/agents_msgs', 'merge_install': False, 'path': '/home/adam/Desktop/SBSN/ros2_ws/src/msgs/agents_msgs', 'symlink_install': False, 'test_result_base': None}
[0.308s] Level 5:colcon.colcon_core.verb:set package 'assets' build argument 'cmake_args' from command line to 'None'
[0.308s] Level 5:colcon.colcon_core.verb:set package 'assets' build argument 'cmake_target' from command line to 'None'
[0.308s] Level 5:colcon.colcon_core.verb:set package 'assets' build argument 'cmake_target_skip_unavailable' from command line to 'False'
[0.308s] Level 5:colcon.colcon_core.verb:set package 'assets' build argument 'cmake_clean_cache' from command line to 'False'
[0.308s] Level 5:colcon.colcon_core.verb:set package 'assets' build argument 'cmake_clean_first' from command line to 'False'
[0.308s] Level 5:colcon.colcon_core.verb:set package 'assets' build argument 'cmake_force_configure' from command line to 'False'
[0.308s] Level 5:colcon.colcon_core.verb:set package 'assets' build argument 'ament_cmake_args' from command line to 'None'
[0.308s] Level 5:colcon.colcon_core.verb:set package 'assets' build argument 'catkin_cmake_args' from command line to 'None'
[0.308s] Level 5:colcon.colcon_core.verb:set package 'assets' build argument 'catkin_skip_building_tests' from command line to 'False'
[0.308s] DEBUG:colcon.colcon_core.verb:Building package 'assets' with the following arguments: {'ament_cmake_args': None, 'build_base': '/home/adam/Desktop/SBSN/ros2_ws/build/assets', 'catkin_cmake_args': None, 'catkin_skip_building_tests': False, 'cmake_args': None, 'cmake_clean_cache': False, 'cmake_clean_first': False, 'cmake_force_configure': False, 'cmake_target': None, 'cmake_target_skip_unavailable': False, 'install_base': '/home/adam/Desktop/SBSN/ros2_ws/install/assets', 'merge_install': False, 'path': '/home/adam/Desktop/SBSN/ros2_ws/src/assets', 'symlink_install': False, 'test_result_base': None}
[0.308s] Level 5:colcon.colcon_core.verb:set package 'graph_msgs' build argument 'cmake_args' from command line to 'None'
[0.308s] Level 5:colcon.colcon_core.verb:set package 'graph_msgs' build argument 'cmake_target' from command line to 'None'
[0.308s] Level 5:colcon.colcon_core.verb:set package 'graph_msgs' build argument 'cmake_target_skip_unavailable' from command line to 'False'
[0.308s] Level 5:colcon.colcon_core.verb:set package 'graph_msgs' build argument 'cmake_clean_cache' from command line to 'False'
[0.308s] Level 5:colcon.colcon_core.verb:set package 'graph_msgs' build argument 'cmake_clean_first' from command line to 'False'
[0.308s] Level 5:colcon.colcon_core.verb:set package 'graph_msgs' build argument 'cmake_force_configure' from command line to 'False'
[0.308s] Level 5:colcon.colcon_core.verb:set package 'graph_msgs' build argument 'ament_cmake_args' from command line to 'None'
[0.308s] Level 5:colcon.colcon_core.verb:set package 'graph_msgs' build argument 'catkin_cmake_args' from command line to 'None'
[0.308s] Level 5:colcon.colcon_core.verb:set package 'graph_msgs' build argument 'catkin_skip_building_tests' from command line to 'False'
[0.308s] DEBUG:colcon.colcon_core.verb:Building package 'graph_msgs' with the following arguments: {'ament_cmake_args': None, 'build_base': '/home/adam/Desktop/SBSN/ros2_ws/build/graph_msgs', 'catkin_cmake_args': None, 'catkin_skip_building_tests': False, 'cmake_args': None, 'cmake_clean_cache': False, 'cmake_clean_first': False, 'cmake_force_configure': False, 'cmake_target': None, 'cmake_target_skip_unavailable': False, 'install_base': '/home/adam/Desktop/SBSN/ros2_ws/install/graph_msgs', 'merge_install': False, 'path': '/home/adam/Desktop/SBSN/ros2_ws/src/msgs/graph_msgs', 'symlink_install': False, 'test_result_base': None}
[0.309s] Level 5:colcon.colcon_core.verb:set package 'mbsn' build argument 'cmake_args' from command line to 'None'
[0.309s] Level 5:colcon.colcon_core.verb:set package 'mbsn' build argument 'cmake_target' from command line to 'None'
[0.309s] Level 5:colcon.colcon_core.verb:set package 'mbsn' build argument 'cmake_target_skip_unavailable' from command line to 'False'
[0.309s] Level 5:colcon.colcon_core.verb:set package 'mbsn' build argument 'cmake_clean_cache' from command line to 'False'
[0.309s] Level 5:colcon.colcon_core.verb:set package 'mbsn' build argument 'cmake_clean_first' from command line to 'False'
[0.309s] Level 5:colcon.colcon_core.verb:set package 'mbsn' build argument 'cmake_force_configure' from command line to 'False'
[0.309s] Level 5:colcon.colcon_core.verb:set package 'mbsn' build argument 'ament_cmake_args' from command line to 'None'
[0.309s] Level 5:colcon.colcon_core.verb:set package 'mbsn' build argument 'catkin_cmake_args' from command line to 'None'
[0.309s] Level 5:colcon.colcon_core.verb:set package 'mbsn' build argument 'catkin_skip_building_tests' from command line to 'False'
[0.309s] DEBUG:colcon.colcon_core.verb:Building package 'mbsn' with the following arguments: {'ament_cmake_args': None, 'build_base': '/home/adam/Desktop/SBSN/ros2_ws/build/mbsn', 'catkin_cmake_args': None, 'catkin_skip_building_tests': False, 'cmake_args': None, 'cmake_clean_cache': False, 'cmake_clean_first': False, 'cmake_force_configure': False, 'cmake_target': None, 'cmake_target_skip_unavailable': False, 'install_base': '/home/adam/Desktop/SBSN/ros2_ws/install/mbsn', 'merge_install': False, 'path': '/home/adam/Desktop/SBSN/ros2_ws/src/MBSN', 'symlink_install': False, 'test_result_base': None}
[0.309s] Level 5:colcon.colcon_core.verb:set package 'metric_msgs' build argument 'cmake_args' from command line to 'None'
[0.309s] Level 5:colcon.colcon_core.verb:set package 'metric_msgs' build argument 'cmake_target' from command line to 'None'
[0.309s] Level 5:colcon.colcon_core.verb:set package 'metric_msgs' build argument 'cmake_target_skip_unavailable' from command line to 'False'
[0.309s] Level 5:colcon.colcon_core.verb:set package 'metric_msgs' build argument 'cmake_clean_cache' from command line to 'False'
[0.309s] Level 5:colcon.colcon_core.verb:set package 'metric_msgs' build argument 'cmake_clean_first' from command line to 'False'
[0.309s] Level 5:colcon.colcon_core.verb:set package 'metric_msgs' build argument 'cmake_force_configure' from command line to 'False'
[0.309s] Level 5:colcon.colcon_core.verb:set package 'metric_msgs' build argument 'ament_cmake_args' from command line to 'None'
[0.309s] Level 5:colcon.colcon_core.verb:set package 'metric_msgs' build argument 'catkin_cmake_args' from command line to 'None'
[0.309s] Level 5:colcon.colcon_core.verb:set package 'metric_msgs' build argument 'catkin_skip_building_tests' from command line to 'False'
[0.309s] DEBUG:colcon.colcon_core.verb:Building package 'metric_msgs' with the following arguments: {'ament_cmake_args': None, 'build_base': '/home/adam/Desktop/SBSN/ros2_ws/build/metric_msgs', 'catkin_cmake_args': None, 'catkin_skip_building_tests': False, 'cmake_args': None, 'cmake_clean_cache': False, 'cmake_clean_first': False, 'cmake_force_configure': False, 'cmake_target': None, 'cmake_target_skip_unavailable': False, 'install_base': '/home/adam/Desktop/SBSN/ros2_ws/install/metric_msgs', 'merge_install': False, 'path': '/home/adam/Desktop/SBSN/ros2_ws/src/msgs/metric_msgs', 'symlink_install': False, 'test_result_base': None}
[0.310s] Level 5:colcon.colcon_core.verb:set package 'my_controller' build argument 'cmake_args' from command line to 'None'
[0.310s] Level 5:colcon.colcon_core.verb:set package 'my_controller' build argument 'cmake_target' from command line to 'None'
[0.310s] Level 5:colcon.colcon_core.verb:set package 'my_controller' build argument 'cmake_target_skip_unavailable' from command line to 'False'
[0.310s] Level 5:colcon.colcon_core.verb:set package 'my_controller' build argument 'cmake_clean_cache' from command line to 'False'
[0.310s] Level 5:colcon.colcon_core.verb:set package 'my_controller' build argument 'cmake_clean_first' from command line to 'False'
[0.310s] Level 5:colcon.colcon_core.verb:set package 'my_controller' build argument 'cmake_force_configure' from command line to 'False'
[0.310s] Level 5:colcon.colcon_core.verb:set package 'my_controller' build argument 'ament_cmake_args' from command line to 'None'
[0.310s] Level 5:colcon.colcon_core.verb:set package 'my_controller' build argument 'catkin_cmake_args' from command line to 'None'
[0.310s] Level 5:colcon.colcon_core.verb:set package 'my_controller' build argument 'catkin_skip_building_tests' from command line to 'False'
[0.310s] DEBUG:colcon.colcon_core.verb:Building package 'my_controller' with the following arguments: {'ament_cmake_args': None, 'build_base': '/home/adam/Desktop/SBSN/ros2_ws/build/my_controller', 'catkin_cmake_args': None, 'catkin_skip_building_tests': False, 'cmake_args': None, 'cmake_clean_cache': False, 'cmake_clean_first': False, 'cmake_force_configure': False, 'cmake_target': None, 'cmake_target_skip_unavailable': False, 'install_base': '/home/adam/Desktop/SBSN/ros2_ws/install/my_controller', 'merge_install': False, 'path': '/home/adam/Desktop/SBSN/ros2_ws/src/nav2_my_controller/my_controller', 'symlink_install': False, 'test_result_base': None}
[0.310s] Level 5:colcon.colcon_core.verb:set package 'ros_tcp_endpoint' build argument 'cmake_args' from command line to 'None'
[0.310s] Level 5:colcon.colcon_core.verb:set package 'ros_tcp_endpoint' build argument 'cmake_target' from command line to 'None'
[0.310s] Level 5:colcon.colcon_core.verb:set package 'ros_tcp_endpoint' build argument 'cmake_target_skip_unavailable' from command line to 'False'
[0.310s] Level 5:colcon.colcon_core.verb:set package 'ros_tcp_endpoint' build argument 'cmake_clean_cache' from command line to 'False'
[0.310s] Level 5:colcon.colcon_core.verb:set package 'ros_tcp_endpoint' build argument 'cmake_clean_first' from command line to 'False'
[0.310s] Level 5:colcon.colcon_core.verb:set package 'ros_tcp_endpoint' build argument 'cmake_force_configure' from command line to 'False'
[0.310s] Level 5:colcon.colcon_core.verb:set package 'ros_tcp_endpoint' build argument 'ament_cmake_args' from command line to 'None'
[0.310s] Level 5:colcon.colcon_core.verb:set package 'ros_tcp_endpoint' build argument 'catkin_cmake_args' from command line to 'None'
[0.310s] Level 5:colcon.colcon_core.verb:set package 'ros_tcp_endpoint' build argument 'catkin_skip_building_tests' from command line to 'False'
[0.310s] DEBUG:colcon.colcon_core.verb:Building package 'ros_tcp_endpoint' with the following arguments: {'ament_cmake_args': None, 'build_base': '/home/adam/Desktop/SBSN/ros2_ws/build/ros_tcp_endpoint', 'catkin_cmake_args': None, 'catkin_skip_building_tests': False, 'cmake_args': None, 'cmake_clean_cache': False, 'cmake_clean_first': False, 'cmake_force_configure': False, 'cmake_target': None, 'cmake_target_skip_unavailable': False, 'install_base': '/home/adam/Desktop/SBSN/ros2_ws/install/ros_tcp_endpoint', 'merge_install': False, 'path': '/home/adam/Desktop/SBSN/ros2_ws/src/ROS-TCP-Endpoint', 'symlink_install': False, 'test_result_base': None}
[0.310s] Level 5:colcon.colcon_core.verb:set package 'simulation_msgs' build argument 'cmake_args' from command line to 'None'
[0.310s] Level 5:colcon.colcon_core.verb:set package 'simulation_msgs' build argument 'cmake_target' from command line to 'None'
[0.310s] Level 5:colcon.colcon_core.verb:set package 'simulation_msgs' build argument 'cmake_target_skip_unavailable' from command line to 'False'
[0.310s] Level 5:colcon.colcon_core.verb:set package 'simulation_msgs' build argument 'cmake_clean_cache' from command line to 'False'
[0.310s] Level 5:colcon.colcon_core.verb:set package 'simulation_msgs' build argument 'cmake_clean_first' from command line to 'False'
[0.310s] Level 5:colcon.colcon_core.verb:set package 'simulation_msgs' build argument 'cmake_force_configure' from command line to 'False'
[0.310s] Level 5:colcon.colcon_core.verb:set package 'simulation_msgs' build argument 'ament_cmake_args' from command line to 'None'
[0.310s] Level 5:colcon.colcon_core.verb:set package 'simulation_msgs' build argument 'catkin_cmake_args' from command line to 'None'
[0.310s] Level 5:colcon.colcon_core.verb:set package 'simulation_msgs' build argument 'catkin_skip_building_tests' from command line to 'False'
[0.310s] DEBUG:colcon.colcon_core.verb:Building package 'simulation_msgs' with the following arguments: {'ament_cmake_args': None, 'build_base': '/home/adam/Desktop/SBSN/ros2_ws/build/simulation_msgs', 'catkin_cmake_args': None, 'catkin_skip_building_tests': False, 'cmake_args': None, 'cmake_clean_cache': False, 'cmake_clean_first': False, 'cmake_force_configure': False, 'cmake_target': None, 'cmake_target_skip_unavailable': False, 'install_base': '/home/adam/Desktop/SBSN/ros2_ws/install/simulation_msgs', 'merge_install': False, 'path': '/home/adam/Desktop/SBSN/ros2_ws/src/msgs/simulation_msgs', 'symlink_install': False, 'test_result_base': None}
[0.311s] Level 5:colcon.colcon_core.verb:set package 'social_metrics' build argument 'cmake_args' from command line to 'None'
[0.311s] Level 5:colcon.colcon_core.verb:set package 'social_metrics' build argument 'cmake_target' from command line to 'None'
[0.311s] Level 5:colcon.colcon_core.verb:set package 'social_metrics' build argument 'cmake_target_skip_unavailable' from command line to 'False'
[0.311s] Level 5:colcon.colcon_core.verb:set package 'social_metrics' build argument 'cmake_clean_cache' from command line to 'False'
[0.311s] Level 5:colcon.colcon_core.verb:set package 'social_metrics' build argument 'cmake_clean_first' from command line to 'False'
[0.311s] Level 5:colcon.colcon_core.verb:set package 'social_metrics' build argument 'cmake_force_configure' from command line to 'False'
[0.311s] Level 5:colcon.colcon_core.verb:set package 'social_metrics' build argument 'ament_cmake_args' from command line to 'None'
[0.311s] Level 5:colcon.colcon_core.verb:set package 'social_metrics' build argument 'catkin_cmake_args' from command line to 'None'
[0.311s] Level 5:colcon.colcon_core.verb:set package 'social_metrics' build argument 'catkin_skip_building_tests' from command line to 'False'
[0.311s] DEBUG:colcon.colcon_core.verb:Building package 'social_metrics' with the following arguments: {'ament_cmake_args': None, 'build_base': '/home/adam/Desktop/SBSN/ros2_ws/build/social_metrics', 'catkin_cmake_args': None, 'catkin_skip_building_tests': False, 'cmake_args': None, 'cmake_clean_cache': False, 'cmake_clean_first': False, 'cmake_force_configure': False, 'cmake_target': None, 'cmake_target_skip_unavailable': False, 'install_base': '/home/adam/Desktop/SBSN/ros2_ws/install/social_metrics', 'merge_install': False, 'path': '/home/adam/Desktop/SBSN/ros2_ws/src/social_metrics', 'symlink_install': False, 'test_result_base': None}
[0.311s] Level 5:colcon.colcon_core.verb:set package 'unity_sim' build argument 'cmake_args' from command line to 'None'
[0.311s] Level 5:colcon.colcon_core.verb:set package 'unity_sim' build argument 'cmake_target' from command line to 'None'
[0.311s] Level 5:colcon.colcon_core.verb:set package 'unity_sim' build argument 'cmake_target_skip_unavailable' from command line to 'False'
[0.311s] Level 5:colcon.colcon_core.verb:set package 'unity_sim' build argument 'cmake_clean_cache' from command line to 'False'
[0.311s] Level 5:colcon.colcon_core.verb:set package 'unity_sim' build argument 'cmake_clean_first' from command line to 'False'
[0.311s] Level 5:colcon.colcon_core.verb:set package 'unity_sim' build argument 'cmake_force_configure' from command line to 'False'
[0.311s] Level 5:colcon.colcon_core.verb:set package 'unity_sim' build argument 'ament_cmake_args' from command line to 'None'
[0.311s] Level 5:colcon.colcon_core.verb:set package 'unity_sim' build argument 'catkin_cmake_args' from command line to 'None'
[0.311s] Level 5:colcon.colcon_core.verb:set package 'unity_sim' build argument 'catkin_skip_building_tests' from command line to 'False'
[0.311s] DEBUG:colcon.colcon_core.verb:Building package 'unity_sim' with the following arguments: {'ament_cmake_args': None, 'build_base': '/home/adam/Desktop/SBSN/ros2_ws/build/unity_sim', 'catkin_cmake_args': None, 'catkin_skip_building_tests': False, 'cmake_args': None, 'cmake_clean_cache': False, 'cmake_clean_first': False, 'cmake_force_configure': False, 'cmake_target': None, 'cmake_target_skip_unavailable': False, 'install_base': '/home/adam/Desktop/SBSN/ros2_ws/install/unity_sim', 'merge_install': False, 'path': '/home/adam/Desktop/SBSN/ros2_ws/src/unity_sim', 'symlink_install': False, 'test_result_base': None}
[0.311s] INFO:colcon.colcon_core.executor:Executing jobs using 'parallel' executor
[0.312s] DEBUG:colcon.colcon_parallel_executor.executor.parallel:run_until_complete
[0.313s] INFO:colcon.colcon_ros.task.ament_cmake.build:Building ROS package in '/home/adam/Desktop/SBSN/ros2_ws/src/agent_trajectory_prediction' with build type 'ament_cmake'
[0.313s] INFO:colcon.colcon_cmake.task.cmake.build:Building CMake package in '/home/adam/Desktop/SBSN/ros2_ws/src/agent_trajectory_prediction'
[0.315s] INFO:colcon.colcon_core.plugin_system:Skipping extension 'colcon_core.shell.bat': Not used on non-Windows systems
[0.315s] INFO:colcon.colcon_core.shell:Skip shell extension 'powershell' for command environment: Not usable outside of PowerShell
[0.315s] DEBUG:colcon.colcon_core.shell:Skip shell extension 'dsv' for command environment
[0.317s] INFO:colcon.colcon_ros.task.ament_cmake.build:Building ROS package in '/home/adam/Desktop/SBSN/ros2_ws/src/msgs/agents_msgs' with build type 'ament_cmake'
[0.317s] INFO:colcon.colcon_cmake.task.cmake.build:Building CMake package in '/home/adam/Desktop/SBSN/ros2_ws/src/msgs/agents_msgs'
[0.318s] INFO:colcon.colcon_core.shell:Skip shell extension 'powershell' for command environment: Not usable outside of PowerShell
[0.318s] DEBUG:colcon.colcon_core.shell:Skip shell extension 'dsv' for command environment
[0.320s] INFO:colcon.colcon_ros.task.ament_cmake.build:Building ROS package in '/home/adam/Desktop/SBSN/ros2_ws/src/assets' with build type 'ament_cmake'
[0.320s] INFO:colcon.colcon_cmake.task.cmake.build:Building CMake package in '/home/adam/Desktop/SBSN/ros2_ws/src/assets'
[0.321s] INFO:colcon.colcon_core.shell:Skip shell extension 'powershell' for command environment: Not usable outside of PowerShell
[0.321s] DEBUG:colcon.colcon_core.shell:Skip shell extension 'dsv' for command environment
[0.324s] INFO:colcon.colcon_ros.task.ament_cmake.build:Building ROS package in '/home/adam/Desktop/SBSN/ros2_ws/src/msgs/graph_msgs' with build type 'ament_cmake'
[0.324s] INFO:colcon.colcon_cmake.task.cmake.build:Building CMake package in '/home/adam/Desktop/SBSN/ros2_ws/src/msgs/graph_msgs'
[0.324s] INFO:colcon.colcon_core.shell:Skip shell extension 'powershell' for command environment: Not usable outside of PowerShell
[0.324s] DEBUG:colcon.colcon_core.shell:Skip shell extension 'dsv' for command environment
[0.326s] INFO:colcon.colcon_ros.task.ament_cmake.build:Building ROS package in '/home/adam/Desktop/SBSN/ros2_ws/src/MBSN' with build type 'ament_cmake'
[0.327s] INFO:colcon.colcon_cmake.task.cmake.build:Building CMake package in '/home/adam/Desktop/SBSN/ros2_ws/src/MBSN'
[0.327s] INFO:colcon.colcon_core.shell:Skip shell extension 'powershell' for command environment: Not usable outside of PowerShell
[0.327s] DEBUG:colcon.colcon_core.shell:Skip shell extension 'dsv' for command environment
[0.329s] INFO:colcon.colcon_ros.task.ament_cmake.build:Building ROS package in '/home/adam/Desktop/SBSN/ros2_ws/src/msgs/metric_msgs' with build type 'ament_cmake'
[0.329s] INFO:colcon.colcon_cmake.task.cmake.build:Building CMake package in '/home/adam/Desktop/SBSN/ros2_ws/src/msgs/metric_msgs'
[0.329s] INFO:colcon.colcon_core.shell:Skip shell extension 'powershell' for command environment: Not usable outside of PowerShell
[0.329s] DEBUG:colcon.colcon_core.shell:Skip shell extension 'dsv' for command environment
[0.332s] INFO:colcon.colcon_ros.task.ament_cmake.build:Building ROS package in '/home/adam/Desktop/SBSN/ros2_ws/src/nav2_my_controller/my_controller' with build type 'ament_cmake'
[0.332s] INFO:colcon.colcon_cmake.task.cmake.build:Building CMake package in '/home/adam/Desktop/SBSN/ros2_ws/src/nav2_my_controller/my_controller'
[0.332s] INFO:colcon.colcon_core.shell:Skip shell extension 'powershell' for command environment: Not usable outside of PowerShell
[0.332s] DEBUG:colcon.colcon_core.shell:Skip shell extension 'dsv' for command environment
[0.335s] INFO:colcon.colcon_ros.task.ament_python.build:Building ROS package in '/home/adam/Desktop/SBSN/ros2_ws/src/ROS-TCP-Endpoint' with build type 'ament_python'
[0.335s] Level 1:colcon.colcon_core.shell:create_environment_hook('ros_tcp_endpoint', 'ament_prefix_path')
[0.335s] INFO:colcon.colcon_core.shell:Creating environment hook '/home/adam/Desktop/SBSN/ros2_ws/install/ros_tcp_endpoint/share/ros_tcp_endpoint/hook/ament_prefix_path.ps1'
[0.336s] INFO:colcon.colcon_core.shell:Creating environment descriptor '/home/adam/Desktop/SBSN/ros2_ws/install/ros_tcp_endpoint/share/ros_tcp_endpoint/hook/ament_prefix_path.dsv'
[0.336s] INFO:colcon.colcon_core.shell:Creating environment hook '/home/adam/Desktop/SBSN/ros2_ws/install/ros_tcp_endpoint/share/ros_tcp_endpoint/hook/ament_prefix_path.sh'
[0.337s] INFO:colcon.colcon_core.shell:Skip shell extension 'powershell' for command environment: Not usable outside of PowerShell
[0.337s] DEBUG:colcon.colcon_core.shell:Skip shell extension 'dsv' for command environment
[0.339s] INFO:colcon.colcon_ros.task.ament_cmake.build:Building ROS package in '/home/adam/Desktop/SBSN/ros2_ws/src/msgs/simulation_msgs' with build type 'ament_cmake'
[0.339s] INFO:colcon.colcon_cmake.task.cmake.build:Building CMake package in '/home/adam/Desktop/SBSN/ros2_ws/src/msgs/simulation_msgs'
[0.340s] INFO:colcon.colcon_core.shell:Skip shell extension 'powershell' for command environment: Not usable outside of PowerShell
[0.340s] DEBUG:colcon.colcon_core.shell:Skip shell extension 'dsv' for command environment
[0.342s] INFO:colcon.colcon_ros.task.ament_cmake.build:Building ROS package in '/home/adam/Desktop/SBSN/ros2_ws/src/social_metrics' with build type 'ament_cmake'
[0.342s] INFO:colcon.colcon_cmake.task.cmake.build:Building CMake package in '/home/adam/Desktop/SBSN/ros2_ws/src/social_metrics'
[0.342s] INFO:colcon.colcon_core.shell:Skip shell extension 'powershell' for command environment: Not usable outside of PowerShell
[0.342s] DEBUG:colcon.colcon_core.shell:Skip shell extension 'dsv' for command environment
[0.344s] INFO:colcon.colcon_ros.task.ament_cmake.build:Building ROS package in '/home/adam/Desktop/SBSN/ros2_ws/src/unity_sim' with build type 'ament_cmake'
[0.344s] INFO:colcon.colcon_cmake.task.cmake.build:Building CMake package in '/home/adam/Desktop/SBSN/ros2_ws/src/unity_sim'
[0.344s] INFO:colcon.colcon_core.shell:Skip shell extension 'powershell' for command environment: Not usable outside of PowerShell
[0.344s] DEBUG:colcon.colcon_core.shell:Skip shell extension 'dsv' for command environment
[0.352s] DEBUG:colcon.colcon_core.event_handler.log_command:Invoking command in '/home/adam/Desktop/SBSN/ros2_ws/build/agent_trajectory_prediction': CMAKE_PREFIX_PATH=/opt/ros/humble /home/adam/.local/bin/cmake --build /home/adam/Desktop/SBSN/ros2_ws/build/agent_trajectory_prediction -- -j16 -l16
[0.354s] DEBUG:colcon.colcon_core.event_handler.log_command:Invoking command in '/home/adam/Desktop/SBSN/ros2_ws/build/agents_msgs': CMAKE_PREFIX_PATH=/opt/ros/humble /home/adam/.local/bin/cmake --build /home/adam/Desktop/SBSN/ros2_ws/build/agents_msgs -- -j16 -l16
[0.356s] DEBUG:colcon.colcon_core.event_handler.log_command:Invoking command in '/home/adam/Desktop/SBSN/ros2_ws/build/assets': CMAKE_PREFIX_PATH=/opt/ros/humble /home/adam/.local/bin/cmake --build /home/adam/Desktop/SBSN/ros2_ws/build/assets -- -j16 -l16
[0.359s] DEBUG:colcon.colcon_core.event_handler.log_command:Invoking command in '/home/adam/Desktop/SBSN/ros2_ws/build/graph_msgs': CMAKE_PREFIX_PATH=/opt/ros/humble /home/adam/.local/bin/cmake --build /home/adam/Desktop/SBSN/ros2_ws/build/graph_msgs -- -j16 -l16
[0.364s] DEBUG:colcon.colcon_core.event_handler.log_command:Invoking command in '/home/adam/Desktop/SBSN/ros2_ws/build/mbsn': CMAKE_PREFIX_PATH=/opt/ros/humble /home/adam/.local/bin/cmake --build /home/adam/Desktop/SBSN/ros2_ws/build/mbsn -- -j16 -l16
[0.367s] DEBUG:colcon.colcon_core.event_handler.log_command:Invoking command in '/home/adam/Desktop/SBSN/ros2_ws/build/metric_msgs': CMAKE_PREFIX_PATH=/opt/ros/humble /home/adam/.local/bin/cmake --build /home/adam/Desktop/SBSN/ros2_ws/build/metric_msgs -- -j16 -l16
[0.373s] DEBUG:colcon.colcon_core.event_handler.log_command:Invoking command in '/home/adam/Desktop/SBSN/ros2_ws/build/my_controller': CMAKE_PREFIX_PATH=/opt/ros/humble /home/adam/.local/bin/cmake --build /home/adam/Desktop/SBSN/ros2_ws/build/my_controller -- -j16 -l16
[0.614s] INFO:colcon.colcon_core.task.python.build:Building Python package in '/home/adam/Desktop/SBSN/ros2_ws/src/ROS-TCP-Endpoint'
[0.615s] INFO:colcon.colcon_core.shell:Skip shell extension 'powershell' for command environment: Not usable outside of PowerShell
[0.615s] DEBUG:colcon.colcon_core.shell:Skip shell extension 'dsv' for command environment
[0.626s] DEBUG:colcon.colcon_core.event_handler.log_command:Invoking command in '/home/adam/Desktop/SBSN/ros2_ws/build/simulation_msgs': CMAKE_PREFIX_PATH=/opt/ros/humble /home/adam/.local/bin/cmake --build /home/adam/Desktop/SBSN/ros2_ws/build/simulation_msgs -- -j16 -l16
[0.631s] DEBUG:colcon.colcon_core.event_handler.log_command:Invoking command in '/home/adam/Desktop/SBSN/ros2_ws/build/social_metrics': CMAKE_PREFIX_PATH=/opt/ros/humble /home/adam/.local/bin/cmake --build /home/adam/Desktop/SBSN/ros2_ws/build/social_metrics -- -j16 -l16
[0.644s] DEBUG:colcon.colcon_core.event_handler.log_command:Invoked command in '/home/adam/Desktop/SBSN/ros2_ws/build/assets' returned '0': CMAKE_PREFIX_PATH=/opt/ros/humble /home/adam/.local/bin/cmake --build /home/adam/Desktop/SBSN/ros2_ws/build/assets -- -j16 -l16
[0.645s] DEBUG:colcon.colcon_core.event_handler.log_command:Invoked command in '/home/adam/Desktop/SBSN/ros2_ws/build/my_controller' returned '0': CMAKE_PREFIX_PATH=/opt/ros/humble /home/adam/.local/bin/cmake --build /home/adam/Desktop/SBSN/ros2_ws/build/my_controller -- -j16 -l16
[0.651s] DEBUG:colcon.colcon_core.event_handler.log_command:Invoking command in '/home/adam/Desktop/SBSN/ros2_ws/build/unity_sim': CMAKE_PREFIX_PATH=/opt/ros/humble /home/adam/.local/bin/cmake --build /home/adam/Desktop/SBSN/ros2_ws/build/unity_sim -- -j16 -l16
[0.699s] DEBUG:colcon.colcon_core.event_handler.log_command:Invoked command in '/home/adam/Desktop/SBSN/ros2_ws/build/graph_msgs' returned '0': CMAKE_PREFIX_PATH=/opt/ros/humble /home/adam/.local/bin/cmake --build /home/adam/Desktop/SBSN/ros2_ws/build/graph_msgs -- -j16 -l16
[0.718s] DEBUG:colcon.colcon_core.event_handler.log_command:Invoked command in '/home/adam/Desktop/SBSN/ros2_ws/build/agent_trajectory_prediction' returned '0': CMAKE_PREFIX_PATH=/opt/ros/humble /home/adam/.local/bin/cmake --build /home/adam/Desktop/SBSN/ros2_ws/build/agent_trajectory_prediction -- -j16 -l16
[0.730s] DEBUG:colcon.colcon_core.event_handler.log_command:Invoked command in '/home/adam/Desktop/SBSN/ros2_ws/build/mbsn' returned '0': CMAKE_PREFIX_PATH=/opt/ros/humble /home/adam/.local/bin/cmake --build /home/adam/Desktop/SBSN/ros2_ws/build/mbsn -- -j16 -l16
[0.737s] DEBUG:colcon.colcon_core.event_handler.log_command:Invoked command in '/home/adam/Desktop/SBSN/ros2_ws/build/agents_msgs' returned '0': CMAKE_PREFIX_PATH=/opt/ros/humble /home/adam/.local/bin/cmake --build /home/adam/Desktop/SBSN/ros2_ws/build/agents_msgs -- -j16 -l16
[0.740s] DEBUG:colcon.colcon_core.event_handler.log_command:Invoked command in '/home/adam/Desktop/SBSN/ros2_ws/build/metric_msgs' returned '0': CMAKE_PREFIX_PATH=/opt/ros/humble /home/adam/.local/bin/cmake --build /home/adam/Desktop/SBSN/ros2_ws/build/metric_msgs -- -j16 -l16
[0.860s] DEBUG:colcon.colcon_core.event_handler.log_command:Invoking command in '/home/adam/Desktop/SBSN/ros2_ws/build/assets': CMAKE_PREFIX_PATH=/opt/ros/humble /home/adam/.local/bin/cmake --install /home/adam/Desktop/SBSN/ros2_ws/build/assets
[0.863s] DEBUG:colcon.colcon_core.event_handler.log_command:Invoking command in '/home/adam/Desktop/SBSN/ros2_ws/build/my_controller': CMAKE_PREFIX_PATH=/opt/ros/humble /home/adam/.local/bin/cmake --install /home/adam/Desktop/SBSN/ros2_ws/build/my_controller
[0.865s] DEBUG:colcon.colcon_core.event_handler.log_command:Invoking command in '/home/adam/Desktop/SBSN/ros2_ws/build/graph_msgs': CMAKE_PREFIX_PATH=/opt/ros/humble /home/adam/.local/bin/cmake --install /home/adam/Desktop/SBSN/ros2_ws/build/graph_msgs
[0.866s] DEBUG:colcon.colcon_core.event_handler.log_command:Invoking command in '/home/adam/Desktop/SBSN/ros2_ws/build/agent_trajectory_prediction': CMAKE_PREFIX_PATH=/opt/ros/humble /home/adam/.local/bin/cmake --install /home/adam/Desktop/SBSN/ros2_ws/build/agent_trajectory_prediction
[0.867s] DEBUG:colcon.colcon_core.event_handler.log_command:Invoking command in '/home/adam/Desktop/SBSN/ros2_ws/build/mbsn': CMAKE_PREFIX_PATH=/opt/ros/humble /home/adam/.local/bin/cmake --install /home/adam/Desktop/SBSN/ros2_ws/build/mbsn
[0.870s] DEBUG:colcon.colcon_core.event_handler.log_command:Invoking command in '/home/adam/Desktop/SBSN/ros2_ws/build/metric_msgs': CMAKE_PREFIX_PATH=/opt/ros/humble /home/adam/.local/bin/cmake --install /home/adam/Desktop/SBSN/ros2_ws/build/metric_msgs
[0.900s] DEBUG:colcon.colcon_core.event_handler.log_command:Invoking command in '/home/adam/Desktop/SBSN/ros2_ws/build/agents_msgs': CMAKE_PREFIX_PATH=/opt/ros/humble /home/adam/.local/bin/cmake --install /home/adam/Desktop/SBSN/ros2_ws/build/agents_msgs
[0.932s] Level 1:colcon.colcon_core.environment:create_environment_scripts_only(assets)
[0.933s] DEBUG:colcon.colcon_core.event_handler.log_command:Invoked command in '/home/adam/Desktop/SBSN/ros2_ws/build/assets' returned '0': CMAKE_PREFIX_PATH=/opt/ros/humble /home/adam/.local/bin/cmake --install /home/adam/Desktop/SBSN/ros2_ws/build/assets
[0.936s] Level 1:colcon.colcon_core.environment:checking '/home/adam/Desktop/SBSN/ros2_ws/install/assets' for CMake module files
[0.936s] Level 1:colcon.colcon_core.environment:checking '/home/adam/Desktop/SBSN/ros2_ws/install/assets' for CMake config files
[0.936s] Level 1:colcon.colcon_core.shell:create_environment_hook('assets', 'cmake_prefix_path')
[0.936s] INFO:colcon.colcon_core.shell:Creating environment hook '/home/adam/Desktop/SBSN/ros2_ws/install/assets/share/assets/hook/cmake_prefix_path.ps1'
[0.937s] INFO:colcon.colcon_core.shell:Creating environment descriptor '/home/adam/Desktop/SBSN/ros2_ws/install/assets/share/assets/hook/cmake_prefix_path.dsv'
[0.937s] INFO:colcon.colcon_core.shell:Creating environment hook '/home/adam/Desktop/SBSN/ros2_ws/install/assets/share/assets/hook/cmake_prefix_path.sh'
[0.938s] Level 1:colcon.colcon_core.environment:checking '/home/adam/Desktop/SBSN/ros2_ws/install/assets/bin'
[0.938s] Level 1:colcon.colcon_core.environment:checking '/home/adam/Desktop/SBSN/ros2_ws/install/assets/lib/pkgconfig/assets.pc'
[0.938s] Level 1:colcon.colcon_core.environment:checking '/home/adam/Desktop/SBSN/ros2_ws/install/assets/lib/python3.10/site-packages'
[0.938s] Level 1:colcon.colcon_core.environment:checking '/home/adam/Desktop/SBSN/ros2_ws/install/assets/bin'
[0.938s] INFO:colcon.colcon_core.shell:Creating package script '/home/adam/Desktop/SBSN/ros2_ws/install/assets/share/assets/package.ps1'
[0.939s] INFO:colcon.colcon_core.shell:Creating package descriptor '/home/adam/Desktop/SBSN/ros2_ws/install/assets/share/assets/package.dsv'
[0.939s] INFO:colcon.colcon_core.shell:Creating package script '/home/adam/Desktop/SBSN/ros2_ws/install/assets/share/assets/package.sh'
[0.940s] INFO:colcon.colcon_core.shell:Creating package script '/home/adam/Desktop/SBSN/ros2_ws/install/assets/share/assets/package.bash'
[0.941s] INFO:colcon.colcon_core.shell:Creating package script '/home/adam/Desktop/SBSN/ros2_ws/install/assets/share/assets/package.zsh'
[0.941s] Level 1:colcon.colcon_core.environment:create_file_with_runtime_dependencies(/home/adam/Desktop/SBSN/ros2_ws/install/assets/share/colcon-core/packages/assets)
[0.944s] Level 1:colcon.colcon_core.environment:create_environment_scripts_only(my_controller)
[0.944s] Level 1:colcon.colcon_core.environment:checking '/home/adam/Desktop/SBSN/ros2_ws/install/my_controller' for CMake module files
[0.945s] DEBUG:colcon.colcon_core.event_handler.log_command:Invoked command in '/home/adam/Desktop/SBSN/ros2_ws/build/my_controller' returned '0': CMAKE_PREFIX_PATH=/opt/ros/humble /home/adam/.local/bin/cmake --install /home/adam/Desktop/SBSN/ros2_ws/build/my_controller
[0.945s] Level 1:colcon.colcon_core.environment:checking '/home/adam/Desktop/SBSN/ros2_ws/install/my_controller' for CMake config files
[0.947s] Level 1:colcon.colcon_core.shell:create_environment_hook('my_controller', 'cmake_prefix_path')
[0.947s] INFO:colcon.colcon_core.shell:Creating environment hook '/home/adam/Desktop/SBSN/ros2_ws/install/my_controller/share/my_controller/hook/cmake_prefix_path.ps1'
[0.947s] INFO:colcon.colcon_core.shell:Creating environment descriptor '/home/adam/Desktop/SBSN/ros2_ws/install/my_controller/share/my_controller/hook/cmake_prefix_path.dsv'
[0.948s] INFO:colcon.colcon_core.shell:Creating environment hook '/home/adam/Desktop/SBSN/ros2_ws/install/my_controller/share/my_controller/hook/cmake_prefix_path.sh'
[0.948s] Level 1:colcon.colcon_core.environment:checking '/home/adam/Desktop/SBSN/ros2_ws/install/my_controller/lib'
[0.948s] Level 1:colcon.colcon_core.shell:create_environment_hook('my_controller', 'ld_library_path_lib')
[0.949s] INFO:colcon.colcon_core.shell:Creating environment hook '/home/adam/Desktop/SBSN/ros2_ws/install/my_controller/share/my_controller/hook/ld_library_path_lib.ps1'
[0.949s] INFO:colcon.colcon_core.shell:Creating environment descriptor '/home/adam/Desktop/SBSN/ros2_ws/install/my_controller/share/my_controller/hook/ld_library_path_lib.dsv'
[0.949s] INFO:colcon.colcon_core.shell:Creating environment hook '/home/adam/Desktop/SBSN/ros2_ws/install/my_controller/share/my_controller/hook/ld_library_path_lib.sh'
[0.950s] Level 1:colcon.colcon_core.environment:checking '/home/adam/Desktop/SBSN/ros2_ws/install/my_controller/bin'
[0.950s] Level 1:colcon.colcon_core.environment:checking '/home/adam/Desktop/SBSN/ros2_ws/install/my_controller/lib/pkgconfig/my_controller.pc'
[0.950s] Level 1:colcon.colcon_core.environment:checking '/home/adam/Desktop/SBSN/ros2_ws/install/my_controller/lib/python3.10/site-packages'
[0.950s] Level 1:colcon.colcon_core.environment:checking '/home/adam/Desktop/SBSN/ros2_ws/install/my_controller/bin'
[0.951s] INFO:colcon.colcon_core.shell:Creating package script '/home/adam/Desktop/SBSN/ros2_ws/install/my_controller/share/my_controller/package.ps1'
[0.951s] INFO:colcon.colcon_core.shell:Creating package descriptor '/home/adam/Desktop/SBSN/ros2_ws/install/my_controller/share/my_controller/package.dsv'
[0.951s] INFO:colcon.colcon_core.shell:Creating package script '/home/adam/Desktop/SBSN/ros2_ws/install/my_controller/share/my_controller/package.sh'
[0.952s] INFO:colcon.colcon_core.shell:Creating package script '/home/adam/Desktop/SBSN/ros2_ws/install/my_controller/share/my_controller/package.bash'
[0.952s] INFO:colcon.colcon_core.shell:Creating package script '/home/adam/Desktop/SBSN/ros2_ws/install/my_controller/share/my_controller/package.zsh'
[0.952s] Level 1:colcon.colcon_core.environment:create_file_with_runtime_dependencies(/home/adam/Desktop/SBSN/ros2_ws/install/my_controller/share/colcon-core/packages/my_controller)
[0.991s] DEBUG:colcon.colcon_core.event_handler.log_command:Invoked command in '/home/adam/Desktop/SBSN/ros2_ws/build/simulation_msgs' returned '0': CMAKE_PREFIX_PATH=/opt/ros/humble /home/adam/.local/bin/cmake --build /home/adam/Desktop/SBSN/ros2_ws/build/simulation_msgs -- -j16 -l16
[0.993s] Level 1:colcon.colcon_core.environment:create_environment_scripts_only(agent_trajectory_prediction)
[0.994s] Level 1:colcon.colcon_core.environment:checking '/home/adam/Desktop/SBSN/ros2_ws/install/agent_trajectory_prediction' for CMake module files
[0.995s] DEBUG:colcon.colcon_core.event_handler.log_command:Invoked command in '/home/adam/Desktop/SBSN/ros2_ws/build/agent_trajectory_prediction' returned '0': CMAKE_PREFIX_PATH=/opt/ros/humble /home/adam/.local/bin/cmake --install /home/adam/Desktop/SBSN/ros2_ws/build/agent_trajectory_prediction
[0.995s] Level 1:colcon.colcon_core.environment:checking '/home/adam/Desktop/SBSN/ros2_ws/install/agent_trajectory_prediction' for CMake config files
[0.996s] Level 1:colcon.colcon_core.shell:create_environment_hook('agent_trajectory_prediction', 'cmake_prefix_path')
[0.996s] INFO:colcon.colcon_core.shell:Creating environment hook '/home/adam/Desktop/SBSN/ros2_ws/install/agent_trajectory_prediction/share/agent_trajectory_prediction/hook/cmake_prefix_path.ps1'
[0.997s] INFO:colcon.colcon_core.shell:Creating environment descriptor '/home/adam/Desktop/SBSN/ros2_ws/install/agent_trajectory_prediction/share/agent_trajectory_prediction/hook/cmake_prefix_path.dsv'
[0.998s] INFO:colcon.colcon_core.shell:Creating environment hook '/home/adam/Desktop/SBSN/ros2_ws/install/agent_trajectory_prediction/share/agent_trajectory_prediction/hook/cmake_prefix_path.sh'
[0.999s] Level 1:colcon.colcon_core.environment:checking '/home/adam/Desktop/SBSN/ros2_ws/install/agent_trajectory_prediction/lib'
[0.999s] Level 1:colcon.colcon_core.environment:checking '/home/adam/Desktop/SBSN/ros2_ws/install/agent_trajectory_prediction/bin'
[0.999s] Level 1:colcon.colcon_core.environment:checking '/home/adam/Desktop/SBSN/ros2_ws/install/agent_trajectory_prediction/lib/pkgconfig/agent_trajectory_prediction.pc'
[0.999s] Level 1:colcon.colcon_core.environment:checking '/home/adam/Desktop/SBSN/ros2_ws/install/agent_trajectory_prediction/lib/python3.10/site-packages'
[0.999s] Level 1:colcon.colcon_core.environment:checking '/home/adam/Desktop/SBSN/ros2_ws/install/agent_trajectory_prediction/bin'
[1.000s] INFO:colcon.colcon_core.shell:Creating package script '/home/adam/Desktop/SBSN/ros2_ws/install/agent_trajectory_prediction/share/agent_trajectory_prediction/package.ps1'
[1.002s] INFO:colcon.colcon_core.shell:Creating package descriptor '/home/adam/Desktop/SBSN/ros2_ws/install/agent_trajectory_prediction/share/agent_trajectory_prediction/package.dsv'
[1.003s] INFO:colcon.colcon_core.shell:Creating package script '/home/adam/Desktop/SBSN/ros2_ws/install/agent_trajectory_prediction/share/agent_trajectory_prediction/package.sh'
[1.006s] INFO:colcon.colcon_core.shell:Creating package script '/home/adam/Desktop/SBSN/ros2_ws/install/agent_trajectory_prediction/share/agent_trajectory_prediction/package.bash'
[1.008s] INFO:colcon.colcon_core.shell:Creating package script '/home/adam/Desktop/SBSN/ros2_ws/install/agent_trajectory_prediction/share/agent_trajectory_prediction/package.zsh'
[1.011s] Level 1:colcon.colcon_core.environment:create_file_with_runtime_dependencies(/home/adam/Desktop/SBSN/ros2_ws/install/agent_trajectory_prediction/share/colcon-core/packages/agent_trajectory_prediction)
[1.013s] Level 1:colcon.colcon_core.environment:create_environment_scripts_only(mbsn)
[1.013s] Level 1:colcon.colcon_core.environment:checking '/home/adam/Desktop/SBSN/ros2_ws/install/mbsn' for CMake module files
[1.014s] DEBUG:colcon.colcon_core.event_handler.log_command:Invoked command in '/home/adam/Desktop/SBSN/ros2_ws/build/mbsn' returned '0': CMAKE_PREFIX_PATH=/opt/ros/humble /home/adam/.local/bin/cmake --install /home/adam/Desktop/SBSN/ros2_ws/build/mbsn
[1.015s] Level 1:colcon.colcon_core.environment:checking '/home/adam/Desktop/SBSN/ros2_ws/install/mbsn' for CMake config files
[1.016s] Level 1:colcon.colcon_core.shell:create_environment_hook('mbsn', 'cmake_prefix_path')
[1.016s] INFO:colcon.colcon_core.shell:Creating environment hook '/home/adam/Desktop/SBSN/ros2_ws/install/mbsn/share/mbsn/hook/cmake_prefix_path.ps1'
[1.017s] INFO:colcon.colcon_core.shell:Creating environment descriptor '/home/adam/Desktop/SBSN/ros2_ws/install/mbsn/share/mbsn/hook/cmake_prefix_path.dsv'
[1.017s] INFO:colcon.colcon_core.shell:Creating environment hook '/home/adam/Desktop/SBSN/ros2_ws/install/mbsn/share/mbsn/hook/cmake_prefix_path.sh'
[1.018s] Level 1:colcon.colcon_core.environment:checking '/home/adam/Desktop/SBSN/ros2_ws/install/mbsn/lib'
[1.018s] Level 1:colcon.colcon_core.environment:checking '/home/adam/Desktop/SBSN/ros2_ws/install/mbsn/bin'
[1.018s] Level 1:colcon.colcon_core.environment:checking '/home/adam/Desktop/SBSN/ros2_ws/install/mbsn/lib/pkgconfig/mbsn.pc'
[1.018s] Level 1:colcon.colcon_core.environment:checking '/home/adam/Desktop/SBSN/ros2_ws/install/mbsn/lib/python3.10/site-packages'
[1.018s] Level 1:colcon.colcon_core.environment:checking '/home/adam/Desktop/SBSN/ros2_ws/install/mbsn/bin'
[1.019s] INFO:colcon.colcon_core.shell:Creating package script '/home/adam/Desktop/SBSN/ros2_ws/install/mbsn/share/mbsn/package.ps1'
[1.019s] INFO:colcon.colcon_core.shell:Creating package descriptor '/home/adam/Desktop/SBSN/ros2_ws/install/mbsn/share/mbsn/package.dsv'
[1.020s] INFO:colcon.colcon_core.shell:Creating package script '/home/adam/Desktop/SBSN/ros2_ws/install/mbsn/share/mbsn/package.sh'
[1.022s] INFO:colcon.colcon_core.shell:Creating package script '/home/adam/Desktop/SBSN/ros2_ws/install/mbsn/share/mbsn/package.bash'
[1.024s] INFO:colcon.colcon_core.shell:Creating package script '/home/adam/Desktop/SBSN/ros2_ws/install/mbsn/share/mbsn/package.zsh'
[1.024s] Level 1:colcon.colcon_core.environment:create_file_with_runtime_dependencies(/home/adam/Desktop/SBSN/ros2_ws/install/mbsn/share/colcon-core/packages/mbsn)
[1.026s] Level 1:colcon.colcon_core.environment:create_environment_scripts_only(metric_msgs)
[1.027s] Level 1:colcon.colcon_core.environment:checking '/home/adam/Desktop/SBSN/ros2_ws/install/metric_msgs' for CMake module files
[1.028s] DEBUG:colcon.colcon_core.event_handler.log_command:Invoked command in '/home/adam/Desktop/SBSN/ros2_ws/build/metric_msgs' returned '0': CMAKE_PREFIX_PATH=/opt/ros/humble /home/adam/.local/bin/cmake --install /home/adam/Desktop/SBSN/ros2_ws/build/metric_msgs
[1.028s] Level 1:colcon.colcon_core.environment:checking '/home/adam/Desktop/SBSN/ros2_ws/install/metric_msgs' for CMake config files
[1.029s] Level 1:colcon.colcon_core.shell:create_environment_hook('metric_msgs', 'cmake_prefix_path')
[1.029s] INFO:colcon.colcon_core.shell:Creating environment hook '/home/adam/Desktop/SBSN/ros2_ws/install/metric_msgs/share/metric_msgs/hook/cmake_prefix_path.ps1'
[1.030s] INFO:colcon.colcon_core.shell:Creating environment descriptor '/home/adam/Desktop/SBSN/ros2_ws/install/metric_msgs/share/metric_msgs/hook/cmake_prefix_path.dsv'
[1.030s] INFO:colcon.colcon_core.shell:Creating environment hook '/home/adam/Desktop/SBSN/ros2_ws/install/metric_msgs/share/metric_msgs/hook/cmake_prefix_path.sh'
[1.030s] Level 1:colcon.colcon_core.environment:checking '/home/adam/Desktop/SBSN/ros2_ws/install/metric_msgs/lib'
[1.030s] Level 1:colcon.colcon_core.shell:create_environment_hook('metric_msgs', 'ld_library_path_lib')
[1.031s] INFO:colcon.colcon_core.shell:Creating environment hook '/home/adam/Desktop/SBSN/ros2_ws/install/metric_msgs/share/metric_msgs/hook/ld_library_path_lib.ps1'
[1.031s] INFO:colcon.colcon_core.shell:Creating environment descriptor '/home/adam/Desktop/SBSN/ros2_ws/install/metric_msgs/share/metric_msgs/hook/ld_library_path_lib.dsv'
[1.031s] INFO:colcon.colcon_core.shell:Creating environment hook '/home/adam/Desktop/SBSN/ros2_ws/install/metric_msgs/share/metric_msgs/hook/ld_library_path_lib.sh'
[1.031s] Level 1:colcon.colcon_core.environment:checking '/home/adam/Desktop/SBSN/ros2_ws/install/metric_msgs/bin'
[1.031s] Level 1:colcon.colcon_core.environment:checking '/home/adam/Desktop/SBSN/ros2_ws/install/metric_msgs/lib/pkgconfig/metric_msgs.pc'
[1.032s] Level 1:colcon.colcon_core.environment:checking '/home/adam/Desktop/SBSN/ros2_ws/install/metric_msgs/lib/python3.10/site-packages'
[1.032s] Level 1:colcon.colcon_core.environment:checking '/home/adam/Desktop/SBSN/ros2_ws/install/metric_msgs/bin'
[1.032s] INFO:colcon.colcon_core.shell:Creating package script '/home/adam/Desktop/SBSN/ros2_ws/install/metric_msgs/share/metric_msgs/package.ps1'
[1.032s] INFO:colcon.colcon_core.shell:Creating package descriptor '/home/adam/Desktop/SBSN/ros2_ws/install/metric_msgs/share/metric_msgs/package.dsv'
[1.033s] INFO:colcon.colcon_core.shell:Creating package script '/home/adam/Desktop/SBSN/ros2_ws/install/metric_msgs/share/metric_msgs/package.sh'
[1.033s] INFO:colcon.colcon_core.shell:Creating package script '/home/adam/Desktop/SBSN/ros2_ws/install/metric_msgs/share/metric_msgs/package.bash'
[1.033s] INFO:colcon.colcon_core.shell:Creating package script '/home/adam/Desktop/SBSN/ros2_ws/install/metric_msgs/share/metric_msgs/package.zsh'
[1.033s] Level 1:colcon.colcon_core.environment:create_file_with_runtime_dependencies(/home/adam/Desktop/SBSN/ros2_ws/install/metric_msgs/share/colcon-core/packages/metric_msgs)
[1.034s] Level 1:colcon.colcon_core.environment:create_environment_scripts_only(graph_msgs)
[1.035s] Level 1:colcon.colcon_core.environment:checking '/home/adam/Desktop/SBSN/ros2_ws/install/graph_msgs' for CMake module files
[1.035s] DEBUG:colcon.colcon_core.event_handler.log_command:Invoked command in '/home/adam/Desktop/SBSN/ros2_ws/build/graph_msgs' returned '0': CMAKE_PREFIX_PATH=/opt/ros/humble /home/adam/.local/bin/cmake --install /home/adam/Desktop/SBSN/ros2_ws/build/graph_msgs
[1.036s] Level 1:colcon.colcon_core.environment:checking '/home/adam/Desktop/SBSN/ros2_ws/install/graph_msgs' for CMake config files
[1.036s] Level 1:colcon.colcon_core.shell:create_environment_hook('graph_msgs', 'cmake_prefix_path')
[1.036s] INFO:colcon.colcon_core.shell:Creating environment hook '/home/adam/Desktop/SBSN/ros2_ws/install/graph_msgs/share/graph_msgs/hook/cmake_prefix_path.ps1'
[1.037s] INFO:colcon.colcon_core.shell:Creating environment descriptor '/home/adam/Desktop/SBSN/ros2_ws/install/graph_msgs/share/graph_msgs/hook/cmake_prefix_path.dsv'
[1.037s] INFO:colcon.colcon_core.shell:Creating environment hook '/home/adam/Desktop/SBSN/ros2_ws/install/graph_msgs/share/graph_msgs/hook/cmake_prefix_path.sh'
[1.037s] Level 1:colcon.colcon_core.environment:checking '/home/adam/Desktop/SBSN/ros2_ws/install/graph_msgs/lib'
[1.037s] Level 1:colcon.colcon_core.shell:create_environment_hook('graph_msgs', 'ld_library_path_lib')
[1.037s] INFO:colcon.colcon_core.shell:Creating environment hook '/home/adam/Desktop/SBSN/ros2_ws/install/graph_msgs/share/graph_msgs/hook/ld_library_path_lib.ps1'
[1.038s] INFO:colcon.colcon_core.shell:Creating environment descriptor '/home/adam/Desktop/SBSN/ros2_ws/install/graph_msgs/share/graph_msgs/hook/ld_library_path_lib.dsv'
[1.038s] INFO:colcon.colcon_core.shell:Creating environment hook '/home/adam/Desktop/SBSN/ros2_ws/install/graph_msgs/share/graph_msgs/hook/ld_library_path_lib.sh'
[1.038s] Level 1:colcon.colcon_core.environment:checking '/home/adam/Desktop/SBSN/ros2_ws/install/graph_msgs/bin'
[1.038s] Level 1:colcon.colcon_core.environment:checking '/home/adam/Desktop/SBSN/ros2_ws/install/graph_msgs/lib/pkgconfig/graph_msgs.pc'
[1.038s] Level 1:colcon.colcon_core.environment:checking '/home/adam/Desktop/SBSN/ros2_ws/install/graph_msgs/lib/python3.10/site-packages'
[1.038s] Level 1:colcon.colcon_core.environment:checking '/home/adam/Desktop/SBSN/ros2_ws/install/graph_msgs/bin'
[1.039s] INFO:colcon.colcon_core.shell:Creating package script '/home/adam/Desktop/SBSN/ros2_ws/install/graph_msgs/share/graph_msgs/package.ps1'
[1.039s] INFO:colcon.colcon_core.shell:Creating package descriptor '/home/adam/Desktop/SBSN/ros2_ws/install/graph_msgs/share/graph_msgs/package.dsv'
[1.039s] INFO:colcon.colcon_core.shell:Creating package script '/home/adam/Desktop/SBSN/ros2_ws/install/graph_msgs/share/graph_msgs/package.sh'
[1.040s] INFO:colcon.colcon_core.shell:Creating package script '/home/adam/Desktop/SBSN/ros2_ws/install/graph_msgs/share/graph_msgs/package.bash'
[1.040s] INFO:colcon.colcon_core.shell:Creating package script '/home/adam/Desktop/SBSN/ros2_ws/install/graph_msgs/share/graph_msgs/package.zsh'
[1.040s] Level 1:colcon.colcon_core.environment:create_file_with_runtime_dependencies(/home/adam/Desktop/SBSN/ros2_ws/install/graph_msgs/share/colcon-core/packages/graph_msgs)
[1.041s] DEBUG:colcon.colcon_core.event_handler.log_command:Invoked command in '/home/adam/Desktop/SBSN/ros2_ws/build/social_metrics' returned '0': CMAKE_PREFIX_PATH=/opt/ros/humble /home/adam/.local/bin/cmake --build /home/adam/Desktop/SBSN/ros2_ws/build/social_metrics -- -j16 -l16
[1.045s] Level 1:colcon.colcon_core.environment:create_environment_scripts_only(assets)
[1.046s] Level 1:colcon.colcon_core.environment:checking '/home/adam/Desktop/SBSN/ros2_ws/install/assets' for CMake module files
[1.046s] Level 1:colcon.colcon_core.environment:checking '/home/adam/Desktop/SBSN/ros2_ws/install/assets' for CMake config files
[1.047s] DEBUG:colcon.colcon_core.event_handler.log_command:Invoking command in '/home/adam/Desktop/SBSN/ros2_ws/src/ROS-TCP-Endpoint': PYTHONPATH=/home/adam/Desktop/SBSN/ros2_ws/build/ros_tcp_endpoint/prefix_override:/home/adam/Desktop/SBSN/ros2_ws/install/ros_tcp_endpoint/lib/python3.10/site-packages:${PYTHONPATH} /usr/bin/python3 -W ignore:setup.py install is deprecated setup.py egg_info --egg-base ../../build/ros_tcp_endpoint build --build-base /home/adam/Desktop/SBSN/ros2_ws/build/ros_tcp_endpoint/build install --record /home/adam/Desktop/SBSN/ros2_ws/build/ros_tcp_endpoint/install.log --install-scripts $base/lib/ros_tcp_endpoint --single-version-externally-managed install_data
[1.047s] Level 1:colcon.colcon_core.shell:create_environment_hook('assets', 'cmake_prefix_path')
[1.048s] INFO:colcon.colcon_core.shell:Creating environment hook '/home/adam/Desktop/SBSN/ros2_ws/install/assets/share/assets/hook/cmake_prefix_path.ps1'
[1.048s] INFO:colcon.colcon_core.shell:Creating environment descriptor '/home/adam/Desktop/SBSN/ros2_ws/install/assets/share/assets/hook/cmake_prefix_path.dsv'
[1.048s] INFO:colcon.colcon_core.shell:Creating environment hook '/home/adam/Desktop/SBSN/ros2_ws/install/assets/share/assets/hook/cmake_prefix_path.sh'
[1.049s] Level 1:colcon.colcon_core.environment:checking '/home/adam/Desktop/SBSN/ros2_ws/install/assets/bin'
[1.049s] Level 1:colcon.colcon_core.environment:checking '/home/adam/Desktop/SBSN/ros2_ws/install/assets/lib/pkgconfig/assets.pc'
[1.049s] Level 1:colcon.colcon_core.environment:checking '/home/adam/Desktop/SBSN/ros2_ws/install/assets/lib/python3.10/site-packages'
[1.050s] Level 1:colcon.colcon_core.environment:checking '/home/adam/Desktop/SBSN/ros2_ws/install/assets/bin'
[1.050s] INFO:colcon.colcon_core.shell:Creating package script '/home/adam/Desktop/SBSN/ros2_ws/install/assets/share/assets/package.ps1'
[1.051s] INFO:colcon.colcon_core.shell:Creating package descriptor '/home/adam/Desktop/SBSN/ros2_ws/install/assets/share/assets/package.dsv'
[1.051s] INFO:colcon.colcon_core.shell:Creating package script '/home/adam/Desktop/SBSN/ros2_ws/install/assets/share/assets/package.sh'
[1.052s] INFO:colcon.colcon_core.shell:Creating package script '/home/adam/Desktop/SBSN/ros2_ws/install/assets/share/assets/package.bash'
[1.053s] INFO:colcon.colcon_core.shell:Creating package script '/home/adam/Desktop/SBSN/ros2_ws/install/assets/share/assets/package.zsh'
[1.053s] Level 1:colcon.colcon_core.environment:create_file_with_runtime_dependencies(/home/adam/Desktop/SBSN/ros2_ws/install/assets/share/colcon-core/packages/assets)
[1.056s] Level 1:colcon.colcon_core.environment:create_environment_scripts_only(agents_msgs)
[1.056s] Level 1:colcon.colcon_core.environment:checking '/home/adam/Desktop/SBSN/ros2_ws/install/agents_msgs' for CMake module files
[1.056s] DEBUG:colcon.colcon_core.event_handler.log_command:Invoked command in '/home/adam/Desktop/SBSN/ros2_ws/build/unity_sim' returned '0': CMAKE_PREFIX_PATH=/opt/ros/humble /home/adam/.local/bin/cmake --build /home/adam/Desktop/SBSN/ros2_ws/build/unity_sim -- -j16 -l16
[1.057s] DEBUG:colcon.colcon_core.event_handler.log_command:Invoked command in '/home/adam/Desktop/SBSN/ros2_ws/build/agents_msgs' returned '0': CMAKE_PREFIX_PATH=/opt/ros/humble /home/adam/.local/bin/cmake --install /home/adam/Desktop/SBSN/ros2_ws/build/agents_msgs
[1.057s] Level 1:colcon.colcon_core.environment:checking '/home/adam/Desktop/SBSN/ros2_ws/install/agents_msgs' for CMake config files
[1.058s] Level 1:colcon.colcon_core.shell:create_environment_hook('agents_msgs', 'cmake_prefix_path')
[1.058s] INFO:colcon.colcon_core.shell:Creating environment hook '/home/adam/Desktop/SBSN/ros2_ws/install/agents_msgs/share/agents_msgs/hook/cmake_prefix_path.ps1'
[1.059s] INFO:colcon.colcon_core.shell:Creating environment descriptor '/home/adam/Desktop/SBSN/ros2_ws/install/agents_msgs/share/agents_msgs/hook/cmake_prefix_path.dsv'
[1.059s] INFO:colcon.colcon_core.shell:Creating environment hook '/home/adam/Desktop/SBSN/ros2_ws/install/agents_msgs/share/agents_msgs/hook/cmake_prefix_path.sh'
[1.060s] Level 1:colcon.colcon_core.environment:checking '/home/adam/Desktop/SBSN/ros2_ws/install/agents_msgs/lib'
[1.060s] Level 1:colcon.colcon_core.shell:create_environment_hook('agents_msgs', 'ld_library_path_lib')
[1.060s] INFO:colcon.colcon_core.shell:Creating environment hook '/home/adam/Desktop/SBSN/ros2_ws/install/agents_msgs/share/agents_msgs/hook/ld_library_path_lib.ps1'
[1.061s] INFO:colcon.colcon_core.shell:Creating environment descriptor '/home/adam/Desktop/SBSN/ros2_ws/install/agents_msgs/share/agents_msgs/hook/ld_library_path_lib.dsv'
[1.061s] INFO:colcon.colcon_core.shell:Creating environment hook '/home/adam/Desktop/SBSN/ros2_ws/install/agents_msgs/share/agents_msgs/hook/ld_library_path_lib.sh'
[1.061s] Level 1:colcon.colcon_core.environment:checking '/home/adam/Desktop/SBSN/ros2_ws/install/agents_msgs/bin'
[1.061s] Level 1:colcon.colcon_core.environment:checking '/home/adam/Desktop/SBSN/ros2_ws/install/agents_msgs/lib/pkgconfig/agents_msgs.pc'
[1.062s] Level 1:colcon.colcon_core.environment:checking '/home/adam/Desktop/SBSN/ros2_ws/install/agents_msgs/lib/python3.10/site-packages'
[1.062s] Level 1:colcon.colcon_core.environment:checking '/home/adam/Desktop/SBSN/ros2_ws/install/agents_msgs/bin'
[1.062s] INFO:colcon.colcon_core.shell:Creating package script '/home/adam/Desktop/SBSN/ros2_ws/install/agents_msgs/share/agents_msgs/package.ps1'
[1.063s] INFO:colcon.colcon_core.shell:Creating package descriptor '/home/adam/Desktop/SBSN/ros2_ws/install/agents_msgs/share/agents_msgs/package.dsv'
[1.063s] INFO:colcon.colcon_core.shell:Creating package script '/home/adam/Desktop/SBSN/ros2_ws/install/agents_msgs/share/agents_msgs/package.sh'
[1.064s] INFO:colcon.colcon_core.shell:Creating package script '/home/adam/Desktop/SBSN/ros2_ws/install/agents_msgs/share/agents_msgs/package.bash'
[1.064s] INFO:colcon.colcon_core.shell:Creating package script '/home/adam/Desktop/SBSN/ros2_ws/install/agents_msgs/share/agents_msgs/package.zsh'
[1.064s] Level 1:colcon.colcon_core.environment:create_file_with_runtime_dependencies(/home/adam/Desktop/SBSN/ros2_ws/install/agents_msgs/share/colcon-core/packages/agents_msgs)
[1.066s] Level 1:colcon.colcon_core.environment:create_environment_scripts_only(my_controller)
[1.067s] Level 1:colcon.colcon_core.environment:checking '/home/adam/Desktop/SBSN/ros2_ws/install/my_controller' for CMake module files
[1.067s] Level 1:colcon.colcon_core.environment:checking '/home/adam/Desktop/SBSN/ros2_ws/install/my_controller' for CMake config files
[1.067s] Level 1:colcon.colcon_core.shell:create_environment_hook('my_controller', 'cmake_prefix_path')
[1.068s] INFO:colcon.colcon_core.shell:Creating environment hook '/home/adam/Desktop/SBSN/ros2_ws/install/my_controller/share/my_controller/hook/cmake_prefix_path.ps1'
[1.068s] INFO:colcon.colcon_core.shell:Creating environment descriptor '/home/adam/Desktop/SBSN/ros2_ws/install/my_controller/share/my_controller/hook/cmake_prefix_path.dsv'
[1.068s] INFO:colcon.colcon_core.shell:Creating environment hook '/home/adam/Desktop/SBSN/ros2_ws/install/my_controller/share/my_controller/hook/cmake_prefix_path.sh'
[1.069s] Level 1:colcon.colcon_core.environment:checking '/home/adam/Desktop/SBSN/ros2_ws/install/my_controller/lib'
[1.069s] Level 1:colcon.colcon_core.shell:create_environment_hook('my_controller', 'ld_library_path_lib')
[1.069s] INFO:colcon.colcon_core.shell:Creating environment hook '/home/adam/Desktop/SBSN/ros2_ws/install/my_controller/share/my_controller/hook/ld_library_path_lib.ps1'
[1.070s] INFO:colcon.colcon_core.shell:Creating environment descriptor '/home/adam/Desktop/SBSN/ros2_ws/install/my_controller/share/my_controller/hook/ld_library_path_lib.dsv'
[1.070s] INFO:colcon.colcon_core.shell:Creating environment hook '/home/adam/Desktop/SBSN/ros2_ws/install/my_controller/share/my_controller/hook/ld_library_path_lib.sh'
[1.070s] Level 1:colcon.colcon_core.environment:checking '/home/adam/Desktop/SBSN/ros2_ws/install/my_controller/bin'
[1.070s] Level 1:colcon.colcon_core.environment:checking '/home/adam/Desktop/SBSN/ros2_ws/install/my_controller/lib/pkgconfig/my_controller.pc'
[1.071s] Level 1:colcon.colcon_core.environment:checking '/home/adam/Desktop/SBSN/ros2_ws/install/my_controller/lib/python3.10/site-packages'
[1.071s] Level 1:colcon.colcon_core.environment:checking '/home/adam/Desktop/SBSN/ros2_ws/install/my_controller/bin'
[1.071s] INFO:colcon.colcon_core.shell:Creating package script '/home/adam/Desktop/SBSN/ros2_ws/install/my_controller/share/my_controller/package.ps1'
[1.072s] INFO:colcon.colcon_core.shell:Creating package descriptor '/home/adam/Desktop/SBSN/ros2_ws/install/my_controller/share/my_controller/package.dsv'
[1.073s] INFO:colcon.colcon_core.shell:Creating package script '/home/adam/Desktop/SBSN/ros2_ws/install/my_controller/share/my_controller/package.sh'
[1.073s] INFO:colcon.colcon_core.shell:Creating package script '/home/adam/Desktop/SBSN/ros2_ws/install/my_controller/share/my_controller/package.bash'
[1.073s] INFO:colcon.colcon_core.shell:Creating package script '/home/adam/Desktop/SBSN/ros2_ws/install/my_controller/share/my_controller/package.zsh'
[1.074s] Level 1:colcon.colcon_core.environment:create_file_with_runtime_dependencies(/home/adam/Desktop/SBSN/ros2_ws/install/my_controller/share/colcon-core/packages/my_controller)
[1.096s] Level 1:colcon.colcon_core.environment:create_environment_scripts_only(agent_trajectory_prediction)
[1.097s] Level 1:colcon.colcon_core.environment:checking '/home/adam/Desktop/SBSN/ros2_ws/install/agent_trajectory_prediction' for CMake module files
[1.097s] Level 1:colcon.colcon_core.environment:checking '/home/adam/Desktop/SBSN/ros2_ws/install/agent_trajectory_prediction' for CMake config files
[1.098s] Level 1:colcon.colcon_core.shell:create_environment_hook('agent_trajectory_prediction', 'cmake_prefix_path')
[1.098s] INFO:colcon.colcon_core.shell:Creating environment hook '/home/adam/Desktop/SBSN/ros2_ws/install/agent_trajectory_prediction/share/agent_trajectory_prediction/hook/cmake_prefix_path.ps1'
[1.098s] INFO:colcon.colcon_core.shell:Creating environment descriptor '/home/adam/Desktop/SBSN/ros2_ws/install/agent_trajectory_prediction/share/agent_trajectory_prediction/hook/cmake_prefix_path.dsv'
[1.099s] INFO:colcon.colcon_core.shell:Creating environment hook '/home/adam/Desktop/SBSN/ros2_ws/install/agent_trajectory_prediction/share/agent_trajectory_prediction/hook/cmake_prefix_path.sh'
[1.099s] Level 1:colcon.colcon_core.environment:checking '/home/adam/Desktop/SBSN/ros2_ws/install/agent_trajectory_prediction/lib'
[1.099s] Level 1:colcon.colcon_core.environment:checking '/home/adam/Desktop/SBSN/ros2_ws/install/agent_trajectory_prediction/bin'
[1.099s] Level 1:colcon.colcon_core.environment:checking '/home/adam/Desktop/SBSN/ros2_ws/install/agent_trajectory_prediction/lib/pkgconfig/agent_trajectory_prediction.pc'
[1.100s] Level 1:colcon.colcon_core.environment:checking '/home/adam/Desktop/SBSN/ros2_ws/install/agent_trajectory_prediction/lib/python3.10/site-packages'
[1.100s] Level 1:colcon.colcon_core.environment:checking '/home/adam/Desktop/SBSN/ros2_ws/install/agent_trajectory_prediction/bin'
[1.100s] INFO:colcon.colcon_core.shell:Creating package script '/home/adam/Desktop/SBSN/ros2_ws/install/agent_trajectory_prediction/share/agent_trajectory_prediction/package.ps1'
[1.100s] INFO:colcon.colcon_core.shell:Creating package descriptor '/home/adam/Desktop/SBSN/ros2_ws/install/agent_trajectory_prediction/share/agent_trajectory_prediction/package.dsv'
[1.101s] INFO:colcon.colcon_core.shell:Creating package script '/home/adam/Desktop/SBSN/ros2_ws/install/agent_trajectory_prediction/share/agent_trajectory_prediction/package.sh'
[1.101s] INFO:colcon.colcon_core.shell:Creating package script '/home/adam/Desktop/SBSN/ros2_ws/install/agent_trajectory_prediction/share/agent_trajectory_prediction/package.bash'
[1.102s] INFO:colcon.colcon_core.shell:Creating package script '/home/adam/Desktop/SBSN/ros2_ws/install/agent_trajectory_prediction/share/agent_trajectory_prediction/package.zsh'
[1.102s] Level 1:colcon.colcon_core.environment:create_file_with_runtime_dependencies(/home/adam/Desktop/SBSN/ros2_ws/install/agent_trajectory_prediction/share/colcon-core/packages/agent_trajectory_prediction)
[1.113s] Level 1:colcon.colcon_core.environment:create_environment_scripts_only(mbsn)
[1.114s] Level 1:colcon.colcon_core.environment:checking '/home/adam/Desktop/SBSN/ros2_ws/install/mbsn' for CMake module files
[1.115s] Level 1:colcon.colcon_core.environment:checking '/home/adam/Desktop/SBSN/ros2_ws/install/mbsn' for CMake config files
[1.115s] Level 1:colcon.colcon_core.shell:create_environment_hook('mbsn', 'cmake_prefix_path')
[1.115s] INFO:colcon.colcon_core.shell:Creating environment hook '/home/adam/Desktop/SBSN/ros2_ws/install/mbsn/share/mbsn/hook/cmake_prefix_path.ps1'
[1.116s] INFO:colcon.colcon_core.shell:Creating environment descriptor '/home/adam/Desktop/SBSN/ros2_ws/install/mbsn/share/mbsn/hook/cmake_prefix_path.dsv'
[1.116s] INFO:colcon.colcon_core.shell:Creating environment hook '/home/adam/Desktop/SBSN/ros2_ws/install/mbsn/share/mbsn/hook/cmake_prefix_path.sh'
[1.116s] Level 1:colcon.colcon_core.environment:checking '/home/adam/Desktop/SBSN/ros2_ws/install/mbsn/lib'
[1.116s] Level 1:colcon.colcon_core.environment:checking '/home/adam/Desktop/SBSN/ros2_ws/install/mbsn/bin'
[1.117s] Level 1:colcon.colcon_core.environment:checking '/home/adam/Desktop/SBSN/ros2_ws/install/mbsn/lib/pkgconfig/mbsn.pc'
[1.117s] Level 1:colcon.colcon_core.environment:checking '/home/adam/Desktop/SBSN/ros2_ws/install/mbsn/lib/python3.10/site-packages'
[1.117s] Level 1:colcon.colcon_core.environment:checking '/home/adam/Desktop/SBSN/ros2_ws/install/mbsn/bin'
[1.117s] INFO:colcon.colcon_core.shell:Creating package script '/home/adam/Desktop/SBSN/ros2_ws/install/mbsn/share/mbsn/package.ps1'
[1.117s] INFO:colcon.colcon_core.shell:Creating package descriptor '/home/adam/Desktop/SBSN/ros2_ws/install/mbsn/share/mbsn/package.dsv'
[1.118s] INFO:colcon.colcon_core.shell:Creating package script '/home/adam/Desktop/SBSN/ros2_ws/install/mbsn/share/mbsn/package.sh'
[1.118s] INFO:colcon.colcon_core.shell:Creating package script '/home/adam/Desktop/SBSN/ros2_ws/install/mbsn/share/mbsn/package.bash'
[1.118s] INFO:colcon.colcon_core.shell:Creating package script '/home/adam/Desktop/SBSN/ros2_ws/install/mbsn/share/mbsn/package.zsh'
[1.119s] Level 1:colcon.colcon_core.environment:create_file_with_runtime_dependencies(/home/adam/Desktop/SBSN/ros2_ws/install/mbsn/share/colcon-core/packages/mbsn)
[1.129s] DEBUG:colcon.colcon_core.event_handler.log_command:Invoking command in '/home/adam/Desktop/SBSN/ros2_ws/build/social_metrics': CMAKE_PREFIX_PATH=/opt/ros/humble /home/adam/.local/bin/cmake --install /home/adam/Desktop/SBSN/ros2_ws/build/social_metrics
[1.139s] DEBUG:colcon.colcon_core.event_handler.log_command:Invoking command in '/home/adam/Desktop/SBSN/ros2_ws/build/unity_sim': CMAKE_PREFIX_PATH=/opt/ros/humble /home/adam/.local/bin/cmake --install /home/adam/Desktop/SBSN/ros2_ws/build/unity_sim
[1.141s] Level 1:colcon.colcon_core.environment:create_environment_scripts_only(metric_msgs)
[1.142s] Level 1:colcon.colcon_core.environment:checking '/home/adam/Desktop/SBSN/ros2_ws/install/metric_msgs' for CMake module files
[1.142s] Level 1:colcon.colcon_core.environment:checking '/home/adam/Desktop/SBSN/ros2_ws/install/metric_msgs' for CMake config files
[1.143s] Level 1:colcon.colcon_core.shell:create_environment_hook('metric_msgs', 'cmake_prefix_path')
[1.143s] INFO:colcon.colcon_core.shell:Creating environment hook '/home/adam/Desktop/SBSN/ros2_ws/install/metric_msgs/share/metric_msgs/hook/cmake_prefix_path.ps1'
[1.143s] INFO:colcon.colcon_core.shell:Creating environment descriptor '/home/adam/Desktop/SBSN/ros2_ws/install/metric_msgs/share/metric_msgs/hook/cmake_prefix_path.dsv'
[1.144s] INFO:colcon.colcon_core.shell:Creating environment hook '/home/adam/Desktop/SBSN/ros2_ws/install/metric_msgs/share/metric_msgs/hook/cmake_prefix_path.sh'
[1.144s] Level 1:colcon.colcon_core.environment:checking '/home/adam/Desktop/SBSN/ros2_ws/install/metric_msgs/lib'
[1.144s] Level 1:colcon.colcon_core.shell:create_environment_hook('metric_msgs', 'ld_library_path_lib')
[1.144s] INFO:colcon.colcon_core.shell:Creating environment hook '/home/adam/Desktop/SBSN/ros2_ws/install/metric_msgs/share/metric_msgs/hook/ld_library_path_lib.ps1'
[1.145s] INFO:colcon.colcon_core.shell:Creating environment descriptor '/home/adam/Desktop/SBSN/ros2_ws/install/metric_msgs/share/metric_msgs/hook/ld_library_path_lib.dsv'
[1.145s] INFO:colcon.colcon_core.shell:Creating environment hook '/home/adam/Desktop/SBSN/ros2_ws/install/metric_msgs/share/metric_msgs/hook/ld_library_path_lib.sh'
[1.145s] Level 1:colcon.colcon_core.environment:checking '/home/adam/Desktop/SBSN/ros2_ws/install/metric_msgs/bin'
[1.145s] Level 1:colcon.colcon_core.environment:checking '/home/adam/Desktop/SBSN/ros2_ws/install/metric_msgs/lib/pkgconfig/metric_msgs.pc'
[1.145s] Level 1:colcon.colcon_core.environment:checking '/home/adam/Desktop/SBSN/ros2_ws/install/metric_msgs/lib/python3.10/site-packages'
[1.146s] Level 1:colcon.colcon_core.environment:checking '/home/adam/Desktop/SBSN/ros2_ws/install/metric_msgs/bin'
[1.146s] INFO:colcon.colcon_core.shell:Creating package script '/home/adam/Desktop/SBSN/ros2_ws/install/metric_msgs/share/metric_msgs/package.ps1'
[1.146s] INFO:colcon.colcon_core.shell:Creating package descriptor '/home/adam/Desktop/SBSN/ros2_ws/install/metric_msgs/share/metric_msgs/package.dsv'
[1.147s] INFO:colcon.colcon_core.shell:Creating package script '/home/adam/Desktop/SBSN/ros2_ws/install/metric_msgs/share/metric_msgs/package.sh'
[1.147s] INFO:colcon.colcon_core.shell:Creating package script '/home/adam/Desktop/SBSN/ros2_ws/install/metric_msgs/share/metric_msgs/package.bash'
[1.147s] INFO:colcon.colcon_core.shell:Creating package script '/home/adam/Desktop/SBSN/ros2_ws/install/metric_msgs/share/metric_msgs/package.zsh'
[1.148s] Level 1:colcon.colcon_core.environment:create_file_with_runtime_dependencies(/home/adam/Desktop/SBSN/ros2_ws/install/metric_msgs/share/colcon-core/packages/metric_msgs)
[1.158s] DEBUG:colcon.colcon_core.event_handler.log_command:Invoking command in '/home/adam/Desktop/SBSN/ros2_ws/build/simulation_msgs': CMAKE_PREFIX_PATH=/opt/ros/humble /home/adam/.local/bin/cmake --install /home/adam/Desktop/SBSN/ros2_ws/build/simulation_msgs
[1.175s] Level 1:colcon.colcon_core.environment:create_environment_scripts_only(graph_msgs)
[1.176s] Level 1:colcon.colcon_core.environment:checking '/home/adam/Desktop/SBSN/ros2_ws/install/graph_msgs' for CMake module files
[1.177s] Level 1:colcon.colcon_core.environment:checking '/home/adam/Desktop/SBSN/ros2_ws/install/graph_msgs' for CMake config files
[1.178s] Level 1:colcon.colcon_core.shell:create_environment_hook('graph_msgs', 'cmake_prefix_path')
[1.178s] INFO:colcon.colcon_core.shell:Creating environment hook '/home/adam/Desktop/SBSN/ros2_ws/install/graph_msgs/share/graph_msgs/hook/cmake_prefix_path.ps1'
[1.179s] INFO:colcon.colcon_core.shell:Creating environment descriptor '/home/adam/Desktop/SBSN/ros2_ws/install/graph_msgs/share/graph_msgs/hook/cmake_prefix_path.dsv'
[1.179s] INFO:colcon.colcon_core.shell:Creating environment hook '/home/adam/Desktop/SBSN/ros2_ws/install/graph_msgs/share/graph_msgs/hook/cmake_prefix_path.sh'
[1.180s] Level 1:colcon.colcon_core.environment:checking '/home/adam/Desktop/SBSN/ros2_ws/install/graph_msgs/lib'
[1.180s] Level 1:colcon.colcon_core.shell:create_environment_hook('graph_msgs', 'ld_library_path_lib')
[1.180s] INFO:colcon.colcon_core.shell:Creating environment hook '/home/adam/Desktop/SBSN/ros2_ws/install/graph_msgs/share/graph_msgs/hook/ld_library_path_lib.ps1'
[1.181s] INFO:colcon.colcon_core.shell:Creating environment descriptor '/home/adam/Desktop/SBSN/ros2_ws/install/graph_msgs/share/graph_msgs/hook/ld_library_path_lib.dsv'
[1.181s] INFO:colcon.colcon_core.shell:Creating environment hook '/home/adam/Desktop/SBSN/ros2_ws/install/graph_msgs/share/graph_msgs/hook/ld_library_path_lib.sh'
[1.182s] Level 1:colcon.colcon_core.environment:checking '/home/adam/Desktop/SBSN/ros2_ws/install/graph_msgs/bin'
[1.182s] Level 1:colcon.colcon_core.environment:checking '/home/adam/Desktop/SBSN/ros2_ws/install/graph_msgs/lib/pkgconfig/graph_msgs.pc'
[1.182s] Level 1:colcon.colcon_core.environment:checking '/home/adam/Desktop/SBSN/ros2_ws/install/graph_msgs/lib/python3.10/site-packages'
[1.182s] Level 1:colcon.colcon_core.environment:checking '/home/adam/Desktop/SBSN/ros2_ws/install/graph_msgs/bin'
[1.183s] INFO:colcon.colcon_core.shell:Creating package script '/home/adam/Desktop/SBSN/ros2_ws/install/graph_msgs/share/graph_msgs/package.ps1'
[1.183s] INFO:colcon.colcon_core.shell:Creating package descriptor '/home/adam/Desktop/SBSN/ros2_ws/install/graph_msgs/share/graph_msgs/package.dsv'
[1.184s] INFO:colcon.colcon_core.shell:Creating package script '/home/adam/Desktop/SBSN/ros2_ws/install/graph_msgs/share/graph_msgs/package.sh'
[1.185s] INFO:colcon.colcon_core.shell:Creating package script '/home/adam/Desktop/SBSN/ros2_ws/install/graph_msgs/share/graph_msgs/package.bash'
[1.185s] INFO:colcon.colcon_core.shell:Creating package script '/home/adam/Desktop/SBSN/ros2_ws/install/graph_msgs/share/graph_msgs/package.zsh'
[1.186s] Level 1:colcon.colcon_core.environment:create_file_with_runtime_dependencies(/home/adam/Desktop/SBSN/ros2_ws/install/graph_msgs/share/colcon-core/packages/graph_msgs)
[1.232s] Level 1:colcon.colcon_core.environment:create_environment_scripts_only(agents_msgs)
[1.232s] Level 1:colcon.colcon_core.environment:checking '/home/adam/Desktop/SBSN/ros2_ws/install/agents_msgs' for CMake module files
[1.239s] Level 1:colcon.colcon_core.environment:checking '/home/adam/Desktop/SBSN/ros2_ws/install/agents_msgs' for CMake config files
[1.247s] Level 1:colcon.colcon_core.shell:create_environment_hook('agents_msgs', 'cmake_prefix_path')
[1.248s] INFO:colcon.colcon_core.shell:Creating environment hook '/home/adam/Desktop/SBSN/ros2_ws/install/agents_msgs/share/agents_msgs/hook/cmake_prefix_path.ps1'
[1.248s] INFO:colcon.colcon_core.shell:Creating environment descriptor '/home/adam/Desktop/SBSN/ros2_ws/install/agents_msgs/share/agents_msgs/hook/cmake_prefix_path.dsv'
[1.248s] INFO:colcon.colcon_core.shell:Creating environment hook '/home/adam/Desktop/SBSN/ros2_ws/install/agents_msgs/share/agents_msgs/hook/cmake_prefix_path.sh'
[1.249s] Level 1:colcon.colcon_core.environment:checking '/home/adam/Desktop/SBSN/ros2_ws/install/agents_msgs/lib'
[1.249s] Level 1:colcon.colcon_core.shell:create_environment_hook('agents_msgs', 'ld_library_path_lib')
[1.249s] INFO:colcon.colcon_core.shell:Creating environment hook '/home/adam/Desktop/SBSN/ros2_ws/install/agents_msgs/share/agents_msgs/hook/ld_library_path_lib.ps1'
[1.249s] INFO:colcon.colcon_core.shell:Creating environment descriptor '/home/adam/Desktop/SBSN/ros2_ws/install/agents_msgs/share/agents_msgs/hook/ld_library_path_lib.dsv'
[1.249s] INFO:colcon.colcon_core.shell:Creating environment hook '/home/adam/Desktop/SBSN/ros2_ws/install/agents_msgs/share/agents_msgs/hook/ld_library_path_lib.sh'
[1.250s] Level 1:colcon.colcon_core.environment:checking '/home/adam/Desktop/SBSN/ros2_ws/install/agents_msgs/bin'
[1.250s] Level 1:colcon.colcon_core.environment:checking '/home/adam/Desktop/SBSN/ros2_ws/install/agents_msgs/lib/pkgconfig/agents_msgs.pc'
[1.250s] Level 1:colcon.colcon_core.environment:checking '/home/adam/Desktop/SBSN/ros2_ws/install/agents_msgs/lib/python3.10/site-packages'
[1.250s] Level 1:colcon.colcon_core.environment:checking '/home/adam/Desktop/SBSN/ros2_ws/install/agents_msgs/bin'
[1.250s] INFO:colcon.colcon_core.shell:Creating package script '/home/adam/Desktop/SBSN/ros2_ws/install/agents_msgs/share/agents_msgs/package.ps1'
[1.251s] INFO:colcon.colcon_core.shell:Creating package descriptor '/home/adam/Desktop/SBSN/ros2_ws/install/agents_msgs/share/agents_msgs/package.dsv'
[1.251s] INFO:colcon.colcon_core.shell:Creating package script '/home/adam/Desktop/SBSN/ros2_ws/install/agents_msgs/share/agents_msgs/package.sh'
[1.251s] INFO:colcon.colcon_core.shell:Creating package script '/home/adam/Desktop/SBSN/ros2_ws/install/agents_msgs/share/agents_msgs/package.bash'
[1.252s] INFO:colcon.colcon_core.shell:Creating package script '/home/adam/Desktop/SBSN/ros2_ws/install/agents_msgs/share/agents_msgs/package.zsh'
[1.252s] Level 1:colcon.colcon_core.environment:create_file_with_runtime_dependencies(/home/adam/Desktop/SBSN/ros2_ws/install/agents_msgs/share/colcon-core/packages/agents_msgs)
[1.253s] Level 1:colcon.colcon_core.environment:create_environment_scripts_only(social_metrics)
[1.253s] Level 1:colcon.colcon_core.environment:checking '/home/adam/Desktop/SBSN/ros2_ws/install/social_metrics' for CMake module files
[1.254s] DEBUG:colcon.colcon_core.event_handler.log_command:Invoked command in '/home/adam/Desktop/SBSN/ros2_ws/build/social_metrics' returned '0': CMAKE_PREFIX_PATH=/opt/ros/humble /home/adam/.local/bin/cmake --install /home/adam/Desktop/SBSN/ros2_ws/build/social_metrics
[1.255s] Level 1:colcon.colcon_core.environment:checking '/home/adam/Desktop/SBSN/ros2_ws/install/social_metrics' for CMake config files
[1.256s] Level 1:colcon.colcon_core.shell:create_environment_hook('social_metrics', 'cmake_prefix_path')
[1.257s] INFO:colcon.colcon_core.shell:Creating environment hook '/home/adam/Desktop/SBSN/ros2_ws/install/social_metrics/share/social_metrics/hook/cmake_prefix_path.ps1'
[1.258s] INFO:colcon.colcon_core.shell:Creating environment descriptor '/home/adam/Desktop/SBSN/ros2_ws/install/social_metrics/share/social_metrics/hook/cmake_prefix_path.dsv'
[1.259s] INFO:colcon.colcon_core.shell:Creating environment hook '/home/adam/Desktop/SBSN/ros2_ws/install/social_metrics/share/social_metrics/hook/cmake_prefix_path.sh'
[1.261s] Level 1:colcon.colcon_core.environment:checking '/home/adam/Desktop/SBSN/ros2_ws/install/social_metrics/bin'
[1.261s] Level 1:colcon.colcon_core.environment:checking '/home/adam/Desktop/SBSN/ros2_ws/install/social_metrics/lib/pkgconfig/social_metrics.pc'
[1.262s] Level 1:colcon.colcon_core.environment:checking '/home/adam/Desktop/SBSN/ros2_ws/install/social_metrics/lib/python3.10/site-packages'
[1.262s] Level 1:colcon.colcon_core.environment:checking '/home/adam/Desktop/SBSN/ros2_ws/install/social_metrics/bin'
[1.263s] INFO:colcon.colcon_core.shell:Creating package script '/home/adam/Desktop/SBSN/ros2_ws/install/social_metrics/share/social_metrics/package.ps1'
[1.264s] INFO:colcon.colcon_core.shell:Creating package descriptor '/home/adam/Desktop/SBSN/ros2_ws/install/social_metrics/share/social_metrics/package.dsv'
[1.265s] INFO:colcon.colcon_core.shell:Creating package script '/home/adam/Desktop/SBSN/ros2_ws/install/social_metrics/share/social_metrics/package.sh'
[1.266s] INFO:colcon.colcon_core.shell:Creating package script '/home/adam/Desktop/SBSN/ros2_ws/install/social_metrics/share/social_metrics/package.bash'
[1.266s] INFO:colcon.colcon_core.shell:Creating package script '/home/adam/Desktop/SBSN/ros2_ws/install/social_metrics/share/social_metrics/package.zsh'
[1.267s] Level 1:colcon.colcon_core.environment:create_file_with_runtime_dependencies(/home/adam/Desktop/SBSN/ros2_ws/install/social_metrics/share/colcon-core/packages/social_metrics)
[1.268s] Level 1:colcon.colcon_core.environment:create_environment_scripts_only(unity_sim)
[1.269s] Level 1:colcon.colcon_core.environment:checking '/home/adam/Desktop/SBSN/ros2_ws/install/unity_sim' for CMake module files
[1.270s] DEBUG:colcon.colcon_core.event_handler.log_command:Invoked command in '/home/adam/Desktop/SBSN/ros2_ws/build/unity_sim' returned '0': CMAKE_PREFIX_PATH=/opt/ros/humble /home/adam/.local/bin/cmake --install /home/adam/Desktop/SBSN/ros2_ws/build/unity_sim
[1.271s] Level 1:colcon.colcon_core.environment:checking '/home/adam/Desktop/SBSN/ros2_ws/install/unity_sim' for CMake config files
[1.272s] Level 1:colcon.colcon_core.shell:create_environment_hook('unity_sim', 'cmake_prefix_path')
[1.272s] INFO:colcon.colcon_core.shell:Creating environment hook '/home/adam/Desktop/SBSN/ros2_ws/install/unity_sim/share/unity_sim/hook/cmake_prefix_path.ps1'
[1.273s] INFO:colcon.colcon_core.shell:Creating environment descriptor '/home/adam/Desktop/SBSN/ros2_ws/install/unity_sim/share/unity_sim/hook/cmake_prefix_path.dsv'
[1.278s] INFO:colcon.colcon_core.shell:Creating environment hook '/home/adam/Desktop/SBSN/ros2_ws/install/unity_sim/share/unity_sim/hook/cmake_prefix_path.sh'
[1.281s] Level 1:colcon.colcon_core.environment:checking '/home/adam/Desktop/SBSN/ros2_ws/install/unity_sim/lib'
[1.281s] Level 1:colcon.colcon_core.environment:checking '/home/adam/Desktop/SBSN/ros2_ws/install/unity_sim/bin'
[1.282s] Level 1:colcon.colcon_core.environment:checking '/home/adam/Desktop/SBSN/ros2_ws/install/unity_sim/lib/pkgconfig/unity_sim.pc'
[1.282s] Level 1:colcon.colcon_core.environment:checking '/home/adam/Desktop/SBSN/ros2_ws/install/unity_sim/lib/python3.10/site-packages'
[1.283s] Level 1:colcon.colcon_core.environment:checking '/home/adam/Desktop/SBSN/ros2_ws/install/unity_sim/bin'
[1.283s] INFO:colcon.colcon_core.shell:Creating package script '/home/adam/Desktop/SBSN/ros2_ws/install/unity_sim/share/unity_sim/package.ps1'
[1.285s] INFO:colcon.colcon_core.shell:Creating package descriptor '/home/adam/Desktop/SBSN/ros2_ws/install/unity_sim/share/unity_sim/package.dsv'
[1.285s] INFO:colcon.colcon_core.shell:Creating package script '/home/adam/Desktop/SBSN/ros2_ws/install/unity_sim/share/unity_sim/package.sh'
[1.285s] INFO:colcon.colcon_core.shell:Creating package script '/home/adam/Desktop/SBSN/ros2_ws/install/unity_sim/share/unity_sim/package.bash'
[1.285s] INFO:colcon.colcon_core.shell:Creating package script '/home/adam/Desktop/SBSN/ros2_ws/install/unity_sim/share/unity_sim/package.zsh'
[1.286s] Level 1:colcon.colcon_core.environment:create_file_with_runtime_dependencies(/home/adam/Desktop/SBSN/ros2_ws/install/unity_sim/share/colcon-core/packages/unity_sim)
[1.288s] Level 1:colcon.colcon_core.environment:create_environment_scripts_only(simulation_msgs)
[1.289s] Level 1:colcon.colcon_core.environment:checking '/home/adam/Desktop/SBSN/ros2_ws/install/simulation_msgs' for CMake module files
[1.290s] DEBUG:colcon.colcon_core.event_handler.log_command:Invoked command in '/home/adam/Desktop/SBSN/ros2_ws/build/simulation_msgs' returned '0': CMAKE_PREFIX_PATH=/opt/ros/humble /home/adam/.local/bin/cmake --install /home/adam/Desktop/SBSN/ros2_ws/build/simulation_msgs
[1.291s] Level 1:colcon.colcon_core.environment:checking '/home/adam/Desktop/SBSN/ros2_ws/install/simulation_msgs' for CMake config files
[1.293s] Level 1:colcon.colcon_core.shell:create_environment_hook('simulation_msgs', 'cmake_prefix_path')
[1.294s] INFO:colcon.colcon_core.shell:Creating environment hook '/home/adam/Desktop/SBSN/ros2_ws/install/simulation_msgs/share/simulation_msgs/hook/cmake_prefix_path.ps1'
[1.294s] INFO:colcon.colcon_core.shell:Creating environment descriptor '/home/adam/Desktop/SBSN/ros2_ws/install/simulation_msgs/share/simulation_msgs/hook/cmake_prefix_path.dsv'
[1.295s] INFO:colcon.colcon_core.shell:Creating environment hook '/home/adam/Desktop/SBSN/ros2_ws/install/simulation_msgs/share/simulation_msgs/hook/cmake_prefix_path.sh'
[1.296s] Level 1:colcon.colcon_core.environment:checking '/home/adam/Desktop/SBSN/ros2_ws/install/simulation_msgs/lib'
[1.297s] Level 1:colcon.colcon_core.shell:create_environment_hook('simulation_msgs', 'ld_library_path_lib')
[1.297s] INFO:colcon.colcon_core.shell:Creating environment hook '/home/adam/Desktop/SBSN/ros2_ws/install/simulation_msgs/share/simulation_msgs/hook/ld_library_path_lib.ps1'
[1.298s] INFO:colcon.colcon_core.shell:Creating environment descriptor '/home/adam/Desktop/SBSN/ros2_ws/install/simulation_msgs/share/simulation_msgs/hook/ld_library_path_lib.dsv'
[1.299s] INFO:colcon.colcon_core.shell:Creating environment hook '/home/adam/Desktop/SBSN/ros2_ws/install/simulation_msgs/share/simulation_msgs/hook/ld_library_path_lib.sh'
[1.299s] Level 1:colcon.colcon_core.environment:checking '/home/adam/Desktop/SBSN/ros2_ws/install/simulation_msgs/bin'
[1.299s] Level 1:colcon.colcon_core.environment:checking '/home/adam/Desktop/SBSN/ros2_ws/install/simulation_msgs/lib/pkgconfig/simulation_msgs.pc'
[1.300s] Level 1:colcon.colcon_core.environment:checking '/home/adam/Desktop/SBSN/ros2_ws/install/simulation_msgs/lib/python3.10/site-packages'
[1.301s] Level 1:colcon.colcon_core.environment:checking '/home/adam/Desktop/SBSN/ros2_ws/install/simulation_msgs/bin'
[1.301s] INFO:colcon.colcon_core.shell:Creating package script '/home/adam/Desktop/SBSN/ros2_ws/install/simulation_msgs/share/simulation_msgs/package.ps1'
[1.303s] INFO:colcon.colcon_core.shell:Creating package descriptor '/home/adam/Desktop/SBSN/ros2_ws/install/simulation_msgs/share/simulation_msgs/package.dsv'
[1.303s] INFO:colcon.colcon_core.shell:Creating package script '/home/adam/Desktop/SBSN/ros2_ws/install/simulation_msgs/share/simulation_msgs/package.sh'
[1.304s] INFO:colcon.colcon_core.shell:Creating package script '/home/adam/Desktop/SBSN/ros2_ws/install/simulation_msgs/share/simulation_msgs/package.bash'
[1.305s] INFO:colcon.colcon_core.shell:Creating package script '/home/adam/Desktop/SBSN/ros2_ws/install/simulation_msgs/share/simulation_msgs/package.zsh'
[1.305s] Level 1:colcon.colcon_core.environment:create_file_with_runtime_dependencies(/home/adam/Desktop/SBSN/ros2_ws/install/simulation_msgs/share/colcon-core/packages/simulation_msgs)
[1.308s] Level 1:colcon.colcon_core.environment:checking '/home/adam/Desktop/SBSN/ros2_ws/install/ros_tcp_endpoint' for CMake module files
[1.309s] DEBUG:colcon.colcon_core.event_handler.log_command:Invoked command in '/home/adam/Desktop/SBSN/ros2_ws/src/ROS-TCP-Endpoint' returned '0': PYTHONPATH=/home/adam/Desktop/SBSN/ros2_ws/build/ros_tcp_endpoint/prefix_override:/home/adam/Desktop/SBSN/ros2_ws/install/ros_tcp_endpoint/lib/python3.10/site-packages:${PYTHONPATH} /usr/bin/python3 -W ignore:setup.py install is deprecated setup.py egg_info --egg-base ../../build/ros_tcp_endpoint build --build-base /home/adam/Desktop/SBSN/ros2_ws/build/ros_tcp_endpoint/build install --record /home/adam/Desktop/SBSN/ros2_ws/build/ros_tcp_endpoint/install.log --install-scripts $base/lib/ros_tcp_endpoint --single-version-externally-managed install_data
[1.309s] Level 1:colcon.colcon_core.environment:checking '/home/adam/Desktop/SBSN/ros2_ws/install/ros_tcp_endpoint' for CMake config files
[1.310s] Level 1:colcon.colcon_core.environment:checking '/home/adam/Desktop/SBSN/ros2_ws/install/ros_tcp_endpoint/lib'
[1.310s] Level 1:colcon.colcon_core.environment:checking '/home/adam/Desktop/SBSN/ros2_ws/install/ros_tcp_endpoint/bin'
[1.310s] Level 1:colcon.colcon_core.environment:checking '/home/adam/Desktop/SBSN/ros2_ws/install/ros_tcp_endpoint/lib/pkgconfig/ros_tcp_endpoint.pc'
[1.311s] Level 1:colcon.colcon_core.environment:checking '/home/adam/Desktop/SBSN/ros2_ws/install/ros_tcp_endpoint/lib/python3.10/site-packages'
[1.311s] Level 1:colcon.colcon_core.shell:create_environment_hook('ros_tcp_endpoint', 'pythonpath')
[1.311s] INFO:colcon.colcon_core.shell:Creating environment hook '/home/adam/Desktop/SBSN/ros2_ws/install/ros_tcp_endpoint/share/ros_tcp_endpoint/hook/pythonpath.ps1'
[1.312s] INFO:colcon.colcon_core.shell:Creating environment descriptor '/home/adam/Desktop/SBSN/ros2_ws/install/ros_tcp_endpoint/share/ros_tcp_endpoint/hook/pythonpath.dsv'
[1.312s] INFO:colcon.colcon_core.shell:Creating environment hook '/home/adam/Desktop/SBSN/ros2_ws/install/ros_tcp_endpoint/share/ros_tcp_endpoint/hook/pythonpath.sh'
[1.313s] Level 1:colcon.colcon_core.environment:checking '/home/adam/Desktop/SBSN/ros2_ws/install/ros_tcp_endpoint/bin'
[1.313s] Level 1:colcon.colcon_core.environment:create_environment_scripts_only(ros_tcp_endpoint)
[1.313s] INFO:colcon.colcon_core.shell:Creating package script '/home/adam/Desktop/SBSN/ros2_ws/install/ros_tcp_endpoint/share/ros_tcp_endpoint/package.ps1'
[1.314s] INFO:colcon.colcon_core.shell:Creating package descriptor '/home/adam/Desktop/SBSN/ros2_ws/install/ros_tcp_endpoint/share/ros_tcp_endpoint/package.dsv'
[1.315s] INFO:colcon.colcon_core.shell:Creating package script '/home/adam/Desktop/SBSN/ros2_ws/install/ros_tcp_endpoint/share/ros_tcp_endpoint/package.sh'
[1.315s] INFO:colcon.colcon_core.shell:Creating package script '/home/adam/Desktop/SBSN/ros2_ws/install/ros_tcp_endpoint/share/ros_tcp_endpoint/package.bash'
[1.316s] INFO:colcon.colcon_core.shell:Creating package script '/home/adam/Desktop/SBSN/ros2_ws/install/ros_tcp_endpoint/share/ros_tcp_endpoint/package.zsh'
[1.316s] Level 1:colcon.colcon_core.environment:create_file_with_runtime_dependencies(/home/adam/Desktop/SBSN/ros2_ws/install/ros_tcp_endpoint/share/colcon-core/packages/ros_tcp_endpoint)
[1.395s] Level 1:colcon.colcon_core.environment:create_environment_scripts_only(unity_sim)
[1.396s] Level 1:colcon.colcon_core.environment:checking '/home/adam/Desktop/SBSN/ros2_ws/install/unity_sim' for CMake module files
[1.398s] Level 1:colcon.colcon_core.environment:checking '/home/adam/Desktop/SBSN/ros2_ws/install/unity_sim' for CMake config files
[1.399s] Level 1:colcon.colcon_core.shell:create_environment_hook('unity_sim', 'cmake_prefix_path')
[1.400s] INFO:colcon.colcon_core.shell:Creating environment hook '/home/adam/Desktop/SBSN/ros2_ws/install/unity_sim/share/unity_sim/hook/cmake_prefix_path.ps1'
[1.401s] INFO:colcon.colcon_core.shell:Creating environment descriptor '/home/adam/Desktop/SBSN/ros2_ws/install/unity_sim/share/unity_sim/hook/cmake_prefix_path.dsv'
[1.402s] INFO:colcon.colcon_core.shell:Creating environment hook '/home/adam/Desktop/SBSN/ros2_ws/install/unity_sim/share/unity_sim/hook/cmake_prefix_path.sh'
[1.403s] Level 1:colcon.colcon_core.environment:checking '/home/adam/Desktop/SBSN/ros2_ws/install/unity_sim/lib'
[1.403s] Level 1:colcon.colcon_core.environment:checking '/home/adam/Desktop/SBSN/ros2_ws/install/unity_sim/bin'
[1.403s] Level 1:colcon.colcon_core.environment:checking '/home/adam/Desktop/SBSN/ros2_ws/install/unity_sim/lib/pkgconfig/unity_sim.pc'
[1.404s] Level 1:colcon.colcon_core.environment:checking '/home/adam/Desktop/SBSN/ros2_ws/install/unity_sim/lib/python3.10/site-packages'
[1.404s] Level 1:colcon.colcon_core.environment:checking '/home/adam/Desktop/SBSN/ros2_ws/install/unity_sim/bin'
[1.405s] INFO:colcon.colcon_core.shell:Creating package script '/home/adam/Desktop/SBSN/ros2_ws/install/unity_sim/share/unity_sim/package.ps1'
[1.406s] INFO:colcon.colcon_core.shell:Creating package descriptor '/home/adam/Desktop/SBSN/ros2_ws/install/unity_sim/share/unity_sim/package.dsv'
[1.407s] INFO:colcon.colcon_core.shell:Creating package script '/home/adam/Desktop/SBSN/ros2_ws/install/unity_sim/share/unity_sim/package.sh'
[1.407s] INFO:colcon.colcon_core.shell:Creating package script '/home/adam/Desktop/SBSN/ros2_ws/install/unity_sim/share/unity_sim/package.bash'
[1.408s] INFO:colcon.colcon_core.shell:Creating package script '/home/adam/Desktop/SBSN/ros2_ws/install/unity_sim/share/unity_sim/package.zsh'
[1.409s] Level 1:colcon.colcon_core.environment:create_file_with_runtime_dependencies(/home/adam/Desktop/SBSN/ros2_ws/install/unity_sim/share/colcon-core/packages/unity_sim)
[1.411s] Level 1:colcon.colcon_core.environment:create_environment_scripts_only(social_metrics)
[1.412s] Level 1:colcon.colcon_core.environment:checking '/home/adam/Desktop/SBSN/ros2_ws/install/social_metrics' for CMake module files
[1.412s] Level 1:colcon.colcon_core.environment:checking '/home/adam/Desktop/SBSN/ros2_ws/install/social_metrics' for CMake config files
[1.413s] Level 1:colcon.colcon_core.shell:create_environment_hook('social_metrics', 'cmake_prefix_path')
[1.413s] INFO:colcon.colcon_core.shell:Creating environment hook '/home/adam/Desktop/SBSN/ros2_ws/install/social_metrics/share/social_metrics/hook/cmake_prefix_path.ps1'
[1.414s] INFO:colcon.colcon_core.shell:Creating environment descriptor '/home/adam/Desktop/SBSN/ros2_ws/install/social_metrics/share/social_metrics/hook/cmake_prefix_path.dsv'
[1.414s] INFO:colcon.colcon_core.shell:Creating environment hook '/home/adam/Desktop/SBSN/ros2_ws/install/social_metrics/share/social_metrics/hook/cmake_prefix_path.sh'
[1.416s] Level 1:colcon.colcon_core.environment:checking '/home/adam/Desktop/SBSN/ros2_ws/install/social_metrics/bin'
[1.416s] Level 1:colcon.colcon_core.environment:checking '/home/adam/Desktop/SBSN/ros2_ws/install/social_metrics/lib/pkgconfig/social_metrics.pc'
[1.416s] Level 1:colcon.colcon_core.environment:checking '/home/adam/Desktop/SBSN/ros2_ws/install/social_metrics/lib/python3.10/site-packages'
[1.417s] Level 1:colcon.colcon_core.environment:checking '/home/adam/Desktop/SBSN/ros2_ws/install/social_metrics/bin'
[1.417s] INFO:colcon.colcon_core.shell:Creating package script '/home/adam/Desktop/SBSN/ros2_ws/install/social_metrics/share/social_metrics/package.ps1'
[1.418s] INFO:colcon.colcon_core.shell:Creating package descriptor '/home/adam/Desktop/SBSN/ros2_ws/install/social_metrics/share/social_metrics/package.dsv'
[1.419s] INFO:colcon.colcon_core.shell:Creating package script '/home/adam/Desktop/SBSN/ros2_ws/install/social_metrics/share/social_metrics/package.sh'
[1.420s] INFO:colcon.colcon_core.shell:Creating package script '/home/adam/Desktop/SBSN/ros2_ws/install/social_metrics/share/social_metrics/package.bash'
[1.421s] INFO:colcon.colcon_core.shell:Creating package script '/home/adam/Desktop/SBSN/ros2_ws/install/social_metrics/share/social_metrics/package.zsh'
[1.422s] Level 1:colcon.colcon_core.environment:create_file_with_runtime_dependencies(/home/adam/Desktop/SBSN/ros2_ws/install/social_metrics/share/colcon-core/packages/social_metrics)
[1.670s] Level 1:colcon.colcon_core.environment:create_environment_scripts_only(simulation_msgs)
[1.671s] Level 1:colcon.colcon_core.environment:checking '/home/adam/Desktop/SBSN/ros2_ws/install/simulation_msgs' for CMake module files
[1.673s] Level 1:colcon.colcon_core.environment:checking '/home/adam/Desktop/SBSN/ros2_ws/install/simulation_msgs' for CMake config files
[1.675s] Level 1:colcon.colcon_core.shell:create_environment_hook('simulation_msgs', 'cmake_prefix_path')
[1.675s] INFO:colcon.colcon_core.shell:Creating environment hook '/home/adam/Desktop/SBSN/ros2_ws/install/simulation_msgs/share/simulation_msgs/hook/cmake_prefix_path.ps1'
[1.676s] INFO:colcon.colcon_core.shell:Creating environment descriptor '/home/adam/Desktop/SBSN/ros2_ws/install/simulation_msgs/share/simulation_msgs/hook/cmake_prefix_path.dsv'
[1.677s] INFO:colcon.colcon_core.shell:Creating environment hook '/home/adam/Desktop/SBSN/ros2_ws/install/simulation_msgs/share/simulation_msgs/hook/cmake_prefix_path.sh'
[1.678s] Level 1:colcon.colcon_core.environment:checking '/home/adam/Desktop/SBSN/ros2_ws/install/simulation_msgs/lib'
[1.679s] Level 1:colcon.colcon_core.shell:create_environment_hook('simulation_msgs', 'ld_library_path_lib')
[1.679s] INFO:colcon.colcon_core.shell:Creating environment hook '/home/adam/Desktop/SBSN/ros2_ws/install/simulation_msgs/share/simulation_msgs/hook/ld_library_path_lib.ps1'
[1.680s] INFO:colcon.colcon_core.shell:Creating environment descriptor '/home/adam/Desktop/SBSN/ros2_ws/install/simulation_msgs/share/simulation_msgs/hook/ld_library_path_lib.dsv'
[1.681s] INFO:colcon.colcon_core.shell:Creating environment hook '/home/adam/Desktop/SBSN/ros2_ws/install/simulation_msgs/share/simulation_msgs/hook/ld_library_path_lib.sh'
[1.682s] Level 1:colcon.colcon_core.environment:checking '/home/adam/Desktop/SBSN/ros2_ws/install/simulation_msgs/bin'
[1.682s] Level 1:colcon.colcon_core.environment:checking '/home/adam/Desktop/SBSN/ros2_ws/install/simulation_msgs/lib/pkgconfig/simulation_msgs.pc'
[1.682s] Level 1:colcon.colcon_core.environment:checking '/home/adam/Desktop/SBSN/ros2_ws/install/simulation_msgs/lib/python3.10/site-packages'
[1.683s] Level 1:colcon.colcon_core.environment:checking '/home/adam/Desktop/SBSN/ros2_ws/install/simulation_msgs/bin'
[1.684s] INFO:colcon.colcon_core.shell:Creating package script '/home/adam/Desktop/SBSN/ros2_ws/install/simulation_msgs/share/simulation_msgs/package.ps1'
[1.685s] INFO:colcon.colcon_core.shell:Creating package descriptor '/home/adam/Desktop/SBSN/ros2_ws/install/simulation_msgs/share/simulation_msgs/package.dsv'
[1.686s] INFO:colcon.colcon_core.shell:Creating package script '/home/adam/Desktop/SBSN/ros2_ws/install/simulation_msgs/share/simulation_msgs/package.sh'
[1.687s] INFO:colcon.colcon_core.shell:Creating package script '/home/adam/Desktop/SBSN/ros2_ws/install/simulation_msgs/share/simulation_msgs/package.bash'
[1.688s] INFO:colcon.colcon_core.shell:Creating package script '/home/adam/Desktop/SBSN/ros2_ws/install/simulation_msgs/share/simulation_msgs/package.zsh'
[1.689s] Level 1:colcon.colcon_core.environment:create_file_with_runtime_dependencies(/home/adam/Desktop/SBSN/ros2_ws/install/simulation_msgs/share/colcon-core/packages/simulation_msgs)
[1.689s] DEBUG:colcon.colcon_parallel_executor.executor.parallel:closing loop
[1.690s] DEBUG:colcon.colcon_parallel_executor.executor.parallel:loop closed
[1.690s] DEBUG:colcon.colcon_parallel_executor.executor.parallel:run_until_complete finished with '0'
[1.690s] DEBUG:colcon.colcon_core.event_reactor:joining thread
[1.704s] INFO:colcon.colcon_core.plugin_system:Skipping extension 'colcon_notification.desktop_notification.notify_send': Could not find 'notify-send'
[1.704s] INFO:colcon.colcon_core.plugin_system:Skipping extension 'colcon_notification.desktop_notification.terminal_notifier': Not used on non-Darwin systems
[1.704s] INFO:colcon.colcon_core.plugin_system:Skipping extension 'colcon_notification.desktop_notification.win32': Not used on non-Windows systems
[1.704s] INFO:colcon.colcon_notification.desktop_notification:Sending desktop notification using 'notify2'
[1.732s] DEBUG:colcon.colcon_core.event_reactor:joined thread
[1.734s] INFO:colcon.colcon_core.shell:Creating prefix script '/home/adam/Desktop/SBSN/ros2_ws/install/local_setup.ps1'
[1.736s] INFO:colcon.colcon_core.shell:Creating prefix util module '/home/adam/Desktop/SBSN/ros2_ws/install/_local_setup_util_ps1.py'
[1.739s] INFO:colcon.colcon_core.shell:Creating prefix chain script '/home/adam/Desktop/SBSN/ros2_ws/install/setup.ps1'
[1.741s] INFO:colcon.colcon_core.shell:Creating prefix script '/home/adam/Desktop/SBSN/ros2_ws/install/local_setup.sh'
[1.742s] INFO:colcon.colcon_core.shell:Creating prefix util module '/home/adam/Desktop/SBSN/ros2_ws/install/_local_setup_util_sh.py'
[1.743s] INFO:colcon.colcon_core.shell:Creating prefix chain script '/home/adam/Desktop/SBSN/ros2_ws/install/setup.sh'
[1.745s] INFO:colcon.colcon_core.shell:Creating prefix script '/home/adam/Desktop/SBSN/ros2_ws/install/local_setup.bash'
[1.746s] INFO:colcon.colcon_core.shell:Creating prefix chain script '/home/adam/Desktop/SBSN/ros2_ws/install/setup.bash'
[1.747s] INFO:colcon.colcon_core.shell:Creating prefix script '/home/adam/Desktop/SBSN/ros2_ws/install/local_setup.zsh'
[1.748s] INFO:colcon.colcon_core.shell:Creating prefix chain script '/home/adam/Desktop/SBSN/ros2_ws/install/setup.zsh'
