trial_id,name,condition,environment,scenario,mean_attention_l,mean_attention_cmd_vel,secs,nsecs,trial_start,timeout_time,trial_name,trial_number,num_actors,robot_start_position,robot_start_orientation,robot_goal_position,robot_goal_orientation,dist_to_target,min_dist_to_target,min_dist_to_ped,robot_on_person_intimate_dist_violations,person_on_robot_intimate_dist_violations,robot_on_person_personal_dist_violations,person_on_robot_personal_dist_violations,robot_on_person_collisions,person_on_robot_collisions,obj_collisions,path_length,path_irregularity,time_not_moving,time_in_personal_space,minimum_time_to_collision,movement_jerk,global_plan
0,navstack-1725537082607,navstack,overtaking,HandCrafted,,,1725537090,443030118,"builtin_interfaces.msg.Time(sec=1725537090, nanosec=443030118)",120.0,Handcrafted_LabStudy,1,1,"-12.0,1.0,0.5","-0.0,0.0,-0.0,-1.0","12.0,-0.0,0.0","-0.0,0.0,-0.0,-1.0",24.020824432373047,1.7976931348623157e+308,1.7976931348623157e+308,0,0,0,0,0,0,0,0.0,0.0,0.0,0.0,1.7976931348623157e+308,490.5000305175781,
0,navstack-1725537082607,navstack,overtaking,HandCrafted,,,1725537090,463030099,"builtin_interfaces.msg.Time(sec=1725537090, nanosec=443030118)",120.0,Handcrafted_LabStudy,1,1,"-12.0,1.0,0.5","-0.0,0.0,-0.0,-1.0","12.0,-0.0,0.0","-0.0,0.0,-0.0,-1.0",24.020824432373047,24.020824432373047,4.0,0,0,0,0,0,0,0,0.0,0.0,0.0,0.0,1.7976931348623157e+308,490.5000305175781,
0,navstack-1725537082607,navstack,overtaking,HandCrafted,,,1725537090,503030061,"builtin_interfaces.msg.Time(sec=1725537090, nanosec=443030118)",120.0,Handcrafted_LabStudy,1,1,"-12.0,1.0,0.5","-0.0,0.0,-0.0,-1.0","12.0,-0.0,0.0","-0.0,0.0,-0.0,-1.0",24.020824432373047,24.020824432373047,4.0,0,0,0,0,0,0,0,0.0,0.0,0.0,0.0,1.7976931348623157e+308,0.0,
0,navstack-1725537082607,navstack,overtaking,HandCrafted,,,1725537090,523030042,"builtin_interfaces.msg.Time(sec=1725537090, nanosec=443030118)",120.0,Handcrafted_LabStudy,1,1,"-12.0,1.0,0.5","-0.0,0.0,-0.0,-1.0","12.0,-0.0,0.0","-0.0,0.0,-0.0,-1.0",24.020824432373047,24.020824432373047,4.0,0,0,0,0,0,0,0,0.0,0.0,0.0,0.0,1.7976931348623157e+308,0.0,
0,navstack-1725537082607,navstack,overtaking,HandCrafted,,,1725537090,543030023,"builtin_interfaces.msg.Time(sec=1725537090, nanosec=443030118)",120.0,Handcrafted_LabStudy,1,1,"-12.0,1.0,0.5","-0.0,0.0,-0.0,-1.0","12.0,-0.0,0.0","-0.0,0.0,-0.0,-1.0",24.020824432373047,24.020824432373047,4.0,0,0,0,0,0,0,0,0.0,0.0,0.0,0.0,1.7976931348623157e+308,0.0,
0,navstack-1725537082607,navstack,overtaking,HandCrafted,,,1725537090,563030004,"builtin_interfaces.msg.Time(sec=1725537090, nanosec=443030118)",120.0,Handcrafted_LabStudy,1,1,"-12.0,1.0,0.5","-0.0,0.0,-0.0,-1.0","12.0,-0.0,0.0","-0.0,0.0,-0.0,-1.0",24.020824432373047,24.020824432373047,4.0,0,0,0,0,0,0,0,0.0,0.0,0.0,0.0,1.7976931348623157e+308,0.0,
0,navstack-1725537082607,navstack,overtaking,HandCrafted,,,1725537090,583029985,"builtin_interfaces.msg.Time(sec=1725537090, nanosec=443030118)",120.0,Handcrafted_LabStudy,1,1,"-12.0,1.0,0.5","-0.0,0.0,-0.0,-1.0","12.0,-0.0,0.0","-0.0,0.0,-0.0,-1.0",24.020824432373047,24.020824432373047,4.0,0,0,0,0,0,0,0,0.0,0.0,0.0,0.0,1.7976931348623157e+308,0.0,
0,navstack-1725537082607,navstack,overtaking,HandCrafted,,,1725537090,583029985,"builtin_interfaces.msg.Time(sec=1725537090, nanosec=443030118)",120.0,Handcrafted_LabStudy,1,1,"-12.0,1.0,0.5","-0.0,0.0,-0.0,-1.0","12.0,-0.0,0.0","-0.0,0.0,-0.0,-1.0",24.020824432373047,24.020824432373047,4.0,0,0,0,0,0,0,0,0.0,0.0,0.0,0.0,1.7976931348623157e+308,0.0,
0,navstack-1725537082607,navstack,overtaking,HandCrafted,,,1725537090,603029966,"builtin_interfaces.msg.Time(sec=1725537090, nanosec=443030118)",120.0,Handcrafted_LabStudy,1,1,"-12.0,1.0,0.5","-0.0,0.0,-0.0,-1.0","12.0,-0.0,0.0","-0.0,0.0,-0.0,-1.0",24.020824432373047,24.020824432373047,4.0,0,0,0,0,0,0,0,0.0,0.0,0.0,0.0,1.7976931348623157e+308,0.0,
0,navstack-1725537082607,navstack,overtaking,HandCrafted,,,1725537090,623029947,"builtin_interfaces.msg.Time(sec=1725537090, nanosec=443030118)",120.0,Handcrafted_LabStudy,1,1,"-12.0,1.0,0.5","-0.0,0.0,-0.0,-1.0","12.0,-0.0,0.0","-0.0,0.0,-0.0,-1.0",24.020824432373047,24.020824432373047,4.0,0,0,0,0,0,0,0,0.0,0.0,0.0,0.0,1.7976931348623157e+308,0.0,
0,navstack-1725537082607,navstack,overtaking,HandCrafted,,,1725537090,643029928,"builtin_interfaces.msg.Time(sec=1725537090, nanosec=443030118)",120.0,Handcrafted_LabStudy,1,1,"-12.0,1.0,0.5","-0.0,0.0,-0.0,-1.0","12.0,-0.0,0.0","-0.0,0.0,-0.0,-1.0",24.020824432373047,24.020824432373047,4.0,0,0,0,0,0,0,0,0.0,0.0,0.0,0.0,1.7976931348623157e+308,0.0,
0,navstack-1725537082607,navstack,overtaking,HandCrafted,,,1725537090,663030147,"builtin_interfaces.msg.Time(sec=1725537090, nanosec=443030118)",120.0,Handcrafted_LabStudy,1,1,"-12.0,1.0,0.5","-0.0,0.0,-0.0,-1.0","12.0,-0.0,0.0","-0.0,0.0,-0.0,-1.0",24.020824432373047,24.020824432373047,4.0,0,0,0,0,0,0,0,0.0,0.0,0.0,0.0,1.7976931348623157e+308,0.0,
0,navstack-1725537082607,navstack,overtaking,HandCrafted,,,1725537090,683030128,"builtin_interfaces.msg.Time(sec=1725537090, nanosec=443030118)",120.0,Handcrafted_LabStudy,1,1,"-12.0,1.0,0.5","-0.0,0.0,-0.0,-1.0","12.0,-0.0,0.0","-0.0,0.0,-0.0,-1.0",24.020824432373047,24.020824432373047,4.0,0,0,0,0,0,0,0,0.0,0.0,0.0,0.0,1.7976931348623157e+308,0.0,
0,navstack-1725537082607,navstack,overtaking,HandCrafted,,,1725537090,703030109,"builtin_interfaces.msg.Time(sec=1725537090, nanosec=443030118)",120.0,Handcrafted_LabStudy,1,1,"-12.0,1.0,0.5","-0.0,0.0,-0.0,-1.0","12.0,-0.0,0.0","-0.0,0.0,-0.0,-1.0",24.020824432373047,24.020824432373047,4.0,0,0,0,0,0,0,0,0.0,0.0,0.0,0.0,1.7976931348623157e+308,0.0,
0,navstack-1725537082607,navstack,overtaking,HandCrafted,,,1725537090,723030090,"builtin_interfaces.msg.Time(sec=1725537090, nanosec=443030118)",120.0,Handcrafted_LabStudy,1,1,"-12.0,1.0,0.5","-0.0,0.0,-0.0,-1.0","12.0,-0.0,0.0","-0.0,0.0,-0.0,-1.0",24.020824432373047,24.020824432373047,4.0,0,0,0,0,0,0,0,0.0,0.0,0.0,0.0,1.7976931348623157e+308,0.0,
0,navstack-1725537082607,navstack,overtaking,HandCrafted,,,1725537090,743030071,"builtin_interfaces.msg.Time(sec=1725537090, nanosec=443030118)",120.0,Handcrafted_LabStudy,1,1,"-12.0,1.0,0.5","-0.0,0.0,-0.0,-1.0","12.0,-0.0,0.0","-0.0,0.0,-0.0,-1.0",24.020824432373047,24.020824432373047,4.0,0,0,0,0,0,0,0,0.0,0.0,0.0,0.0,1.7976931348623157e+308,0.0,
0,navstack-1725537082607,navstack,overtaking,HandCrafted,,,1725537090,763030052,"builtin_interfaces.msg.Time(sec=1725537090, nanosec=443030118)",120.0,Handcrafted_LabStudy,1,1,"-12.0,1.0,0.5","-0.0,0.0,-0.0,-1.0","12.0,-0.0,0.0","-0.0,0.0,-0.0,-1.0",24.020824432373047,24.020824432373047,4.0,0,0,0,0,0,0,0,0.0,0.0,0.0,0.0,1.7976931348623157e+308,0.0,
0,navstack-1725537082607,navstack,overtaking,HandCrafted,,,1725537090,763030052,"builtin_interfaces.msg.Time(sec=1725537090, nanosec=443030118)",120.0,Handcrafted_LabStudy,1,1,"-12.0,1.0,0.5","-0.0,0.0,-0.0,-1.0","12.0,-0.0,0.0","-0.0,0.0,-0.0,-1.0",24.020824432373047,24.020824432373047,4.0,0,0,0,0,0,0,0,0.0,0.0,0.0,0.0,1.7976931348623157e+308,0.0,
0,navstack-1725537082607,navstack,overtaking,HandCrafted,,,1725537090,783030033,"builtin_interfaces.msg.Time(sec=1725537090, nanosec=443030118)",120.0,Handcrafted_LabStudy,1,1,"-12.0,1.0,0.5","-0.0,0.0,-0.0,-1.0","12.0,-0.0,0.0","-0.0,0.0,-0.0,-1.0",24.020824432373047,24.020824432373047,4.0,0,0,0,0,0,0,0,0.0,0.0,0.0,0.0,1.7976931348623157e+308,0.0,
0,navstack-1725537082607,navstack,overtaking,HandCrafted,,,1725537090,803030014,"builtin_interfaces.msg.Time(sec=1725537090, nanosec=443030118)",120.0,Handcrafted_LabStudy,1,1,"-12.0,1.0,0.5","-0.0,0.0,-0.0,-1.0","12.0,-0.0,0.0","-0.0,0.0,-0.0,-1.0",24.020824432373047,24.020824432373047,4.0,0,0,0,0,0,0,0,0.0,0.0,0.0,0.0,1.7976931348623157e+308,0.0,
0,navstack-1725537082607,navstack,overtaking,HandCrafted,,,1725537090,823029994,"builtin_interfaces.msg.Time(sec=1725537090, nanosec=443030118)",120.0,Handcrafted_LabStudy,1,1,"-12.0,1.0,0.5","-0.0,0.0,-0.0,-1.0","12.0,-0.0,0.0","-0.0,0.0,-0.0,-1.0",24.020824432373047,24.020824432373047,4.0,0,0,0,0,0,0,0,0.0,0.0,0.0,0.0,1.7976931348623157e+308,0.0,
0,navstack-1725537082607,navstack,overtaking,HandCrafted,,,1725537090,823029994,"builtin_interfaces.msg.Time(sec=1725537090, nanosec=443030118)",120.0,Handcrafted_LabStudy,1,1,"-12.0,1.0,0.5","-0.0,0.0,-0.0,-1.0","12.0,-0.0,0.0","-0.0,0.0,-0.0,-1.0",24.020824432373047,24.020824432373047,4.0,0,0,0,0,0,0,0,0.0,0.0,0.0,0.0,1.7976931348623157e+308,0.0,
0,navstack-1725537082607,navstack,overtaking,HandCrafted,,,1725537090,843029975,"builtin_interfaces.msg.Time(sec=1725537090, nanosec=443030118)",120.0,Handcrafted_LabStudy,1,1,"-12.0,1.0,0.5","-0.0,0.0,-0.0,-1.0","12.0,-0.0,0.0","-0.0,0.0,-0.0,-1.0",24.020824432373047,24.020824432373047,4.0,0,0,0,0,0,0,0,0.0,0.0,0.0,0.0,1.7976931348623157e+308,0.0,
0,navstack-1725537082607,navstack,overtaking,HandCrafted,,,1725537090,863029956,"builtin_interfaces.msg.Time(sec=1725537090, nanosec=443030118)",120.0,Handcrafted_LabStudy,1,1,"-12.0,1.0,0.5","-0.0,0.0,-0.0,-1.0","12.0,-0.0,0.0","-0.0,0.0,-0.0,-1.0",24.020824432373047,24.020824432373047,4.0,0,0,0,0,0,0,0,0.0,0.0,0.0,0.0,1.7976931348623157e+308,0.0,
0,navstack-1725537082607,navstack,overtaking,HandCrafted,,,1725537090,883029937,"builtin_interfaces.msg.Time(sec=1725537090, nanosec=443030118)",120.0,Handcrafted_LabStudy,1,1,"-12.0,1.0,0.5","-0.0,0.0,-0.0,-1.0","12.0,-0.0,0.0","-0.0,0.0,-0.0,-1.0",24.020824432373047,24.020824432373047,4.0,0,0,0,0,0,0,0,0.0,0.0,0.0,0.0,1.7976931348623157e+308,0.0,
0,navstack-1725537082607,navstack,overtaking,HandCrafted,,,1725537090,903029918,"builtin_interfaces.msg.Time(sec=1725537090, nanosec=443030118)",120.0,Handcrafted_LabStudy,1,1,"-12.0,1.0,0.5","-0.0,0.0,-0.0,-1.0","12.0,-0.0,0.0","-0.0,0.0,-0.0,-1.0",24.020824432373047,24.020824432373047,4.0,0,0,0,0,0,0,0,0.0,0.0,0.0,0.0,1.7976931348623157e+308,0.0,
0,navstack-1725537082607,navstack,overtaking,HandCrafted,,,1725537090,923030138,"builtin_interfaces.msg.Time(sec=1725537090, nanosec=443030118)",120.0,Handcrafted_LabStudy,1,1,"-12.0,1.0,0.5","-0.0,0.0,-0.0,-1.0","12.0,-0.0,0.0","-0.0,0.0,-0.0,-1.0",24.020824432373047,24.020824432373047,4.0,0,0,0,0,0,0,0,0.0,0.0,0.0,0.0,1.7976931348623157e+308,0.0,
0,navstack-1725537082607,navstack,overtaking,HandCrafted,,,1725537090,943030118,"builtin_interfaces.msg.Time(sec=1725537090, nanosec=443030118)",120.0,Handcrafted_LabStudy,1,1,"-12.0,1.0,0.5","-0.0,0.0,-0.0,-1.0","12.0,-0.0,0.0","-0.0,0.0,-0.0,-1.0",24.020824432373047,24.020824432373047,4.0,0,0,0,0,0,0,0,0.0,0.0,0.0,0.0,1.7976931348623157e+308,0.0,
0,navstack-1725537082607,navstack,overtaking,HandCrafted,,,1725537090,943030118,"builtin_interfaces.msg.Time(sec=1725537090, nanosec=443030118)",120.0,Handcrafted_LabStudy,1,1,"-12.0,1.0,0.5","-0.0,0.0,-0.0,-1.0","12.0,-0.0,0.0","-0.0,0.0,-0.0,-1.0",24.020824432373047,24.020824432373047,4.0,0,0,0,0,0,0,0,0.0,0.0,0.0,0.0,1.7976931348623157e+308,0.0,
0,navstack-1725537082607,navstack,overtaking,HandCrafted,,,1725537090,963030099,"builtin_interfaces.msg.Time(sec=1725537090, nanosec=443030118)",120.0,Handcrafted_LabStudy,1,1,"-12.0,1.0,0.5","-0.0,0.0,-0.0,-1.0","12.0,-0.0,0.0","-0.0,0.0,-0.0,-1.0",24.020824432373047,24.020824432373047,4.0,0,0,0,0,0,0,0,0.0,0.0,0.0,0.0,1.7976931348623157e+308,0.0,
0,navstack-1725537082607,navstack,overtaking,HandCrafted,,,1725537091,3030061,"builtin_interfaces.msg.Time(sec=1725537090, nanosec=443030118)",120.0,Handcrafted_LabStudy,1,1,"-12.0,1.0,0.5","-0.0,0.0,-0.0,-1.0","12.0,-0.0,0.0","-0.0,0.0,-0.0,-1.0",24.020824432373047,24.020824432373047,4.0,0,0,0,0,0,0,0,0.0,0.0,0.0,0.0,1.7976931348623157e+308,0.0,
0,navstack-1725537082607,navstack,overtaking,HandCrafted,,,1725537091,3030061,"builtin_interfaces.msg.Time(sec=1725537090, nanosec=443030118)",120.0,Handcrafted_LabStudy,1,1,"-12.0,1.0,0.5","-0.0,0.0,-0.0,-1.0","12.0,-0.0,0.0","-0.0,0.0,-0.0,-1.0",24.020824432373047,24.020824432373047,4.0,0,0,0,0,0,0,0,0.0,0.0,0.0,0.0,1.7976931348623157e+308,0.0,
0,navstack-1725537082607,navstack,overtaking,HandCrafted,,,1725537091,23030042,"builtin_interfaces.msg.Time(sec=1725537090, nanosec=443030118)",120.0,Handcrafted_LabStudy,1,1,"-12.0,1.0,0.5","-0.0,0.0,-0.0,-1.0","12.0,-0.0,0.0","-0.0,0.0,-0.0,-1.0",24.020824432373047,24.020824432373047,4.0,0,0,0,0,0,0,0,0.0,0.0,0.0,0.0,1.7976931348623157e+308,0.0,
0,navstack-1725537082607,navstack,overtaking,HandCrafted,,,1725537091,43030023,"builtin_interfaces.msg.Time(sec=1725537090, nanosec=443030118)",120.0,Handcrafted_LabStudy,1,1,"-12.0,1.0,0.5","-0.0,0.0,-0.0,-1.0","12.0,-0.0,0.0","-0.0,0.0,-0.0,-1.0",24.020824432373047,24.020824432373047,4.0,0,0,0,0,0,0,0,0.0,0.0,0.0,0.0,1.7976931348623157e+308,0.0,
0,navstack-1725537082607,navstack,overtaking,HandCrafted,,,1725537091,63030004,"builtin_interfaces.msg.Time(sec=1725537090, nanosec=443030118)",120.0,Handcrafted_LabStudy,1,1,"-12.0,1.0,0.5","-0.0,0.0,-0.0,-1.0","12.0,-0.0,0.0","-0.0,0.0,-0.0,-1.0",24.020824432373047,24.020824432373047,4.0,0,0,0,0,0,0,0,0.0,0.0,0.0,0.0,1.7976931348623157e+308,0.0,
0,navstack-1725537082607,navstack,overtaking,HandCrafted,,,1725537091,63030004,"builtin_interfaces.msg.Time(sec=1725537090, nanosec=443030118)",120.0,Handcrafted_LabStudy,1,1,"-12.0,1.0,0.5","-0.0,0.0,-0.0,-1.0","12.0,-0.0,0.0","-0.0,0.0,-0.0,-1.0",24.020824432373047,24.020824432373047,4.0,0,0,0,0,0,0,0,0.0,0.0,0.0,0.0,1.7976931348623157e+308,0.0,
0,navstack-1725537082607,navstack,overtaking,HandCrafted,,,1725537091,83029985,"builtin_interfaces.msg.Time(sec=1725537090, nanosec=443030118)",120.0,Handcrafted_LabStudy,1,1,"-12.0,1.0,0.5","-0.0,0.0,-0.0,-1.0","12.0,-0.0,0.0","-0.0,0.0,-0.0,-1.0",24.020824432373047,24.020824432373047,4.0,0,0,0,0,0,0,0,0.0,0.0,0.0,0.0,1.7976931348623157e+308,0.0,
0,navstack-1725537082607,navstack,overtaking,HandCrafted,,,1725537091,103029966,"builtin_interfaces.msg.Time(sec=1725537090, nanosec=443030118)",120.0,Handcrafted_LabStudy,1,1,"-12.0,1.0,0.5","-0.0,0.0,-0.0,-1.0","12.0,-0.0,0.0","-0.0,0.0,-0.0,-1.0",24.020824432373047,24.020824432373047,4.0,0,0,0,0,0,0,0,0.0,0.0,0.0,0.0,1.7976931348623157e+308,0.0,
0,navstack-1725537082607,navstack,overtaking,HandCrafted,,,1725537091,123029947,"builtin_interfaces.msg.Time(sec=1725537090, nanosec=443030118)",120.0,Handcrafted_LabStudy,1,1,"-12.0,1.0,0.5","-0.0,0.0,-0.0,-1.0","12.0,-0.0,0.0","-0.0,0.0,-0.0,-1.0",24.020824432373047,24.020824432373047,4.0,0,0,0,0,0,0,0,0.0,0.0,0.0,0.0,1.7976931348623157e+308,0.0,
0,navstack-1725537082607,navstack,overtaking,HandCrafted,,,1725537091,123029947,"builtin_interfaces.msg.Time(sec=1725537090, nanosec=443030118)",120.0,Handcrafted_LabStudy,1,1,"-12.0,1.0,0.5","-0.0,0.0,-0.0,-1.0","12.0,-0.0,0.0","-0.0,0.0,-0.0,-1.0",24.020824432373047,24.020824432373047,4.0,0,0,0,0,0,0,0,0.0,0.0,0.0,0.0,1.7976931348623157e+308,0.0,
0,navstack-1725537082607,navstack,overtaking,HandCrafted,,,1725537091,143029928,"builtin_interfaces.msg.Time(sec=1725537090, nanosec=443030118)",120.0,Handcrafted_LabStudy,1,1,"-12.0,1.0,0.5","-0.0,0.0,-0.0,-1.0","12.0,-0.0,0.0","-0.0,0.0,-0.0,-1.0",24.020824432373047,24.020824432373047,4.0,0,0,0,0,0,0,0,0.0,0.0,0.0,0.0,1.7976931348623157e+308,0.0,
0,navstack-1725537082607,navstack,overtaking,HandCrafted,,,1725537091,163030147,"builtin_interfaces.msg.Time(sec=1725537090, nanosec=443030118)",120.0,Handcrafted_LabStudy,1,1,"-12.0,1.0,0.5","-0.0,0.0,-0.0,-1.0","12.0,-0.0,0.0","-0.0,0.0,-0.0,-1.0",24.020824432373047,24.020824432373047,4.0,0,0,0,0,0,0,0,0.0,0.0,0.0,0.0,1.7976931348623157e+308,0.0,
0,navstack-1725537082607,navstack,overtaking,HandCrafted,,,1725537091,183030128,"builtin_interfaces.msg.Time(sec=1725537090, nanosec=443030118)",120.0,Handcrafted_LabStudy,1,1,"-12.0,1.0,0.5","-0.0,0.0,-0.0,-1.0","12.0,-0.0,0.0","-0.0,0.0,-0.0,-1.0",24.020824432373047,24.020824432373047,4.0,0,0,0,0,0,0,0,0.0,0.0,0.0,0.0,1.7976931348623157e+308,0.0,
0,navstack-1725537082607,navstack,overtaking,HandCrafted,,,1725537091,203030109,"builtin_interfaces.msg.Time(sec=1725537090, nanosec=443030118)",120.0,Handcrafted_LabStudy,1,1,"-12.0,1.0,0.5","-0.0,0.0,-0.0,-1.0","12.0,-0.0,0.0","-0.0,0.0,-0.0,-1.0",24.020824432373047,24.020824432373047,4.0,0,0,0,0,0,0,0,0.0,0.0,0.0,0.0,1.7976931348623157e+308,0.0,
0,navstack-1725537082607,navstack,overtaking,HandCrafted,,,1725537091,203030109,"builtin_interfaces.msg.Time(sec=1725537090, nanosec=443030118)",120.0,Handcrafted_LabStudy,1,1,"-12.0,1.0,0.5","-0.0,0.0,-0.0,-1.0","12.0,-0.0,0.0","-0.0,0.0,-0.0,-1.0",24.020824432373047,24.020824432373047,4.0,0,0,0,0,0,0,0,0.0,0.0,0.0,0.0,1.7976931348623157e+308,0.0,
0,navstack-1725537082607,navstack,overtaking,HandCrafted,,,1725537091,223030090,"builtin_interfaces.msg.Time(sec=1725537090, nanosec=443030118)",120.0,Handcrafted_LabStudy,1,1,"-12.0,1.0,0.5","-0.0,0.0,-0.0,-1.0","12.0,-0.0,0.0","-0.0,0.0,-0.0,-1.0",24.020824432373047,24.020824432373047,4.0,0,0,0,0,0,0,0,0.0,0.0,0.0,0.0,1.7976931348623157e+308,0.0,
0,navstack-1725537082607,navstack,overtaking,HandCrafted,,,1725537091,243030071,"builtin_interfaces.msg.Time(sec=1725537090, nanosec=443030118)",120.0,Handcrafted_LabStudy,1,1,"-12.0,1.0,0.5","-0.0,0.0,-0.0,-1.0","12.0,-0.0,0.0","-0.0,0.0,-0.0,-1.0",24.020824432373047,24.020824432373047,4.0,0,0,0,0,0,0,0,0.0,0.0,0.0,0.0,1.7976931348623157e+308,0.0,
0,navstack-1725537082607,navstack,overtaking,HandCrafted,,,1725537091,263030052,"builtin_interfaces.msg.Time(sec=1725537090, nanosec=443030118)",120.0,Handcrafted_LabStudy,1,1,"-12.0,1.0,0.5","-0.0,0.0,-0.0,-1.0","12.0,-0.0,0.0","-0.0,0.0,-0.0,-1.0",24.020824432373047,24.020824432373047,4.0,0,0,0,0,0,0,0,0.0,0.0,0.0,0.0,1.7976931348623157e+308,0.0,
0,navstack-1725537082607,navstack,overtaking,HandCrafted,,,1725537091,263030052,"builtin_interfaces.msg.Time(sec=1725537090, nanosec=443030118)",120.0,Handcrafted_LabStudy,1,1,"-12.0,1.0,0.5","-0.0,0.0,-0.0,-1.0","12.0,-0.0,0.0","-0.0,0.0,-0.0,-1.0",24.020824432373047,24.020824432373047,4.0,0,0,0,0,0,0,0,0.0,0.0,0.0,0.0,1.7976931348623157e+308,0.0,
0,navstack-1725537082607,navstack,overtaking,HandCrafted,,,1725537091,283030033,"builtin_interfaces.msg.Time(sec=1725537090, nanosec=443030118)",120.0,Handcrafted_LabStudy,1,1,"-12.0,1.0,0.5","-0.0,0.0,-0.0,-1.0","12.0,-0.0,0.0","-0.0,0.0,-0.0,-1.0",24.020824432373047,24.020824432373047,4.0,0,0,0,0,0,0,0,0.0,0.0,0.0,0.0,1.7976931348623157e+308,0.0,
0,navstack-1725537082607,navstack,overtaking,HandCrafted,,,1725537091,283030033,"builtin_interfaces.msg.Time(sec=1725537090, nanosec=443030118)",120.0,Handcrafted_LabStudy,1,1,"-12.0,1.0,0.5","-0.0,0.0,-0.0,-1.0","12.0,-0.0,0.0","-0.0,0.0,-0.0,-1.0",24.020824432373047,24.020824432373047,4.0,0,0,0,0,0,0,0,0.0,0.0,0.0,0.0,1.7976931348623157e+308,0.0,
0,navstack-1725537082607,navstack,overtaking,HandCrafted,,,1725537091,303030014,"builtin_interfaces.msg.Time(sec=1725537090, nanosec=443030118)",120.0,Handcrafted_LabStudy,1,1,"-12.0,1.0,0.5","-0.0,0.0,-0.0,-1.0","12.0,-0.0,0.0","-0.0,0.0,-0.0,-1.0",24.020824432373047,24.020824432373047,4.0,0,0,0,0,0,0,0,0.0,0.0,0.0,0.0,1.7976931348623157e+308,0.0,
0,navstack-1725537082607,navstack,overtaking,HandCrafted,,,1725537091,323029994,"builtin_interfaces.msg.Time(sec=1725537090, nanosec=443030118)",120.0,Handcrafted_LabStudy,1,1,"-12.0,1.0,0.5","-0.0,0.0,-0.0,-1.0","12.0,-0.0,0.0","-0.0,0.0,-0.0,-1.0",24.020824432373047,24.020824432373047,4.0,0,0,0,0,0,0,0,0.0,0.0,0.0,0.0,1.7976931348623157e+308,0.0,
0,navstack-1725537082607,navstack,overtaking,HandCrafted,,,1725537091,323029994,"builtin_interfaces.msg.Time(sec=1725537090, nanosec=443030118)",120.0,Handcrafted_LabStudy,1,1,"-12.0,1.0,0.5","-0.0,0.0,-0.0,-1.0","12.0,-0.0,0.0","-0.0,0.0,-0.0,-1.0",24.020824432373047,24.020824432373047,4.0,0,0,0,0,0,0,0,0.0,0.0,0.0,0.0,1.7976931348623157e+308,0.0,
0,navstack-1725537082607,navstack,overtaking,HandCrafted,,,1725537091,343029975,"builtin_interfaces.msg.Time(sec=1725537090, nanosec=443030118)",120.0,Handcrafted_LabStudy,1,1,"-12.0,1.0,0.5","-0.0,0.0,-0.0,-1.0","12.0,-0.0,0.0","-0.0,0.0,-0.0,-1.0",24.020824432373047,24.020824432373047,4.0,0,0,0,0,0,0,0,0.0,0.0,0.0,0.0,1.7976931348623157e+308,0.0,
0,navstack-1725537082607,navstack,overtaking,HandCrafted,,,1725537091,363029956,"builtin_interfaces.msg.Time(sec=1725537090, nanosec=443030118)",120.0,Handcrafted_LabStudy,1,1,"-12.0,1.0,0.5","-0.0,0.0,-0.0,-1.0","12.0,-0.0,0.0","-0.0,0.0,-0.0,-1.0",24.020824432373047,24.020824432373047,4.0,0,0,0,0,0,0,0,0.0,0.0,0.0,0.0,1.7976931348623157e+308,0.0,
0,navstack-1725537082607,navstack,overtaking,HandCrafted,,,1725537091,383029937,"builtin_interfaces.msg.Time(sec=1725537090, nanosec=443030118)",120.0,Handcrafted_LabStudy,1,1,"-12.0,1.0,0.5","-0.0,0.0,-0.0,-1.0","12.0,-0.0,0.0","-0.0,0.0,-0.0,-1.0",24.020824432373047,24.020824432373047,4.0,0,0,0,0,0,0,0,0.0,0.0,0.0,0.0,1.7976931348623157e+308,0.0,
0,navstack-1725537082607,navstack,overtaking,HandCrafted,,,1725537091,403029918,"builtin_interfaces.msg.Time(sec=1725537090, nanosec=443030118)",120.0,Handcrafted_LabStudy,1,1,"-12.0,1.0,0.5","-0.0,0.0,-0.0,-1.0","12.0,-0.0,0.0","-0.0,0.0,-0.0,-1.0",24.020824432373047,24.020824432373047,4.0,0,0,0,0,0,0,0,0.0,0.0,0.0,0.0,1.7976931348623157e+308,0.0,
0,navstack-1725537082607,navstack,overtaking,HandCrafted,,,1725537091,403029918,"builtin_interfaces.msg.Time(sec=1725537090, nanosec=443030118)",120.0,Handcrafted_LabStudy,1,1,"-12.0,1.0,0.5","-0.0,0.0,-0.0,-1.0","12.0,-0.0,0.0","-0.0,0.0,-0.0,-1.0",24.020824432373047,24.020824432373047,4.0,0,0,0,0,0,0,0,0.0,0.0,0.0,0.0,1.7976931348623157e+308,0.0,
0,navstack-1725537082607,navstack,overtaking,HandCrafted,,,1725537091,423030138,"builtin_interfaces.msg.Time(sec=1725537090, nanosec=443030118)",120.0,Handcrafted_LabStudy,1,1,"-12.0,1.0,0.5","-0.0,0.0,-0.0,-1.0","12.0,-0.0,0.0","-0.0,0.0,-0.0,-1.0",24.020824432373047,24.020824432373047,4.0,0,0,0,0,0,0,0,0.0,0.0,0.0,0.0,1.7976931348623157e+308,0.0,
0,navstack-1725537082607,navstack,overtaking,HandCrafted,,,1725537091,443030118,"builtin_interfaces.msg.Time(sec=1725537090, nanosec=443030118)",120.0,Handcrafted_LabStudy,1,1,"-12.0,1.0,0.5","-0.0,0.0,-0.0,-1.0","12.0,-0.0,0.0","-0.0,0.0,-0.0,-1.0",24.020824432373047,24.020824432373047,4.0,0,0,0,0,0,0,0,0.0,0.0,0.0,0.0,1.7976931348623157e+308,0.0,
0,navstack-1725537082607,navstack,overtaking,HandCrafted,,,1725537091,463030099,"builtin_interfaces.msg.Time(sec=1725537090, nanosec=443030118)",120.0,Handcrafted_LabStudy,1,1,"-12.0,1.0,0.5","-0.0,0.0,-0.0,-1.0","12.0,-0.0,0.0","-0.0,0.0,-0.0,-1.0",24.020824432373047,24.020824432373047,4.0,0,0,0,0,0,0,0,0.0,0.0,0.0,0.0,1.7976931348623157e+308,0.0,
0,navstack-1725537082607,navstack,overtaking,HandCrafted,,,1725537091,463030099,"builtin_interfaces.msg.Time(sec=1725537090, nanosec=443030118)",120.0,Handcrafted_LabStudy,1,1,"-12.0,1.0,0.5","-0.0,0.0,-0.0,-1.0","12.0,-0.0,0.0","-0.0,0.0,-0.0,-1.0",24.020824432373047,24.020824432373047,4.0,0,0,0,0,0,0,0,0.0,0.0,0.0,0.0,1.7976931348623157e+308,0.0,
0,navstack-1725537082607,navstack,overtaking,HandCrafted,,,1725537091,483030080,"builtin_interfaces.msg.Time(sec=1725537090, nanosec=443030118)",120.0,Handcrafted_LabStudy,1,1,"-12.0,1.0,0.5","-0.0,0.0,-0.0,-1.0","12.0,-0.0,0.0","-0.0,0.0,-0.0,-1.0",24.020824432373047,24.020824432373047,4.0,0,0,0,0,0,0,0,0.0,0.0,0.0,0.0,1.7976931348623157e+308,0.0,
0,navstack-1725537082607,navstack,overtaking,HandCrafted,,,1725537091,483030080,"builtin_interfaces.msg.Time(sec=1725537090, nanosec=443030118)",120.0,Handcrafted_LabStudy,1,1,"-12.0,1.0,0.5","-0.0,0.0,-0.0,-1.0","12.0,-0.0,0.0","-0.0,0.0,-0.0,-1.0",24.020824432373047,24.020824432373047,4.0,0,0,0,0,0,0,0,0.0,0.0,0.0,0.0,1.7976931348623157e+308,0.0,
0,navstack-1725537082607,navstack,overtaking,HandCrafted,,,1725537091,503030061,"builtin_interfaces.msg.Time(sec=1725537090, nanosec=443030118)",120.0,Handcrafted_LabStudy,1,1,"-12.0,1.0,0.5","-0.0,0.0,-0.0,-1.0","12.0,-0.0,0.0","-0.0,0.0,-0.0,-1.0",24.020824432373047,24.020824432373047,4.0,0,0,0,0,0,0,0,0.0,0.0,0.0,0.0,1.7976931348623157e+308,0.0,
0,navstack-1725537082607,navstack,overtaking,HandCrafted,,,1725537091,523030042,"builtin_interfaces.msg.Time(sec=1725537090, nanosec=443030118)",120.0,Handcrafted_LabStudy,1,1,"-12.0,1.0,0.5","-0.0,0.0,-0.0,-1.0","12.0,-0.0,0.0","-0.0,0.0,-0.0,-1.0",24.020824432373047,24.020824432373047,4.0,0,0,0,0,0,0,0,0.0,0.0,0.0,0.0,1.7976931348623157e+308,0.0,
0,navstack-1725537082607,navstack,overtaking,HandCrafted,,,1725537091,543030023,"builtin_interfaces.msg.Time(sec=1725537090, nanosec=443030118)",120.0,Handcrafted_LabStudy,1,1,"-12.0,1.0,0.5","-0.0,0.0,-0.0,-1.0","12.0,-0.0,0.0","-0.0,0.0,-0.0,-1.0",24.020824432373047,24.020824432373047,4.0,0,0,0,0,0,0,0,0.0,0.0,0.0,0.0,1.7976931348623157e+308,0.0,
0,navstack-1725537082607,navstack,overtaking,HandCrafted,,,1725537091,543030023,"builtin_interfaces.msg.Time(sec=1725537090, nanosec=443030118)",120.0,Handcrafted_LabStudy,1,1,"-12.0,1.0,0.5","-0.0,0.0,-0.0,-1.0","12.0,-0.0,0.0","-0.0,0.0,-0.0,-1.0",24.020824432373047,24.020824432373047,4.0,0,0,0,0,0,0,0,0.0,0.0,0.0,0.0,1.7976931348623157e+308,0.0,
0,navstack-1725537082607,navstack,overtaking,HandCrafted,,,1725537091,563030004,"builtin_interfaces.msg.Time(sec=1725537090, nanosec=443030118)",120.0,Handcrafted_LabStudy,1,1,"-12.0,1.0,0.5","-0.0,0.0,-0.0,-1.0","12.0,-0.0,0.0","-0.0,0.0,-0.0,-1.0",24.020824432373047,24.020824432373047,4.0,0,0,0,0,0,0,0,0.0,0.0,0.0,0.0,1.7976931348623157e+308,0.0,
0,navstack-1725537082607,navstack,overtaking,HandCrafted,,,1725537091,583029985,"builtin_interfaces.msg.Time(sec=1725537090, nanosec=443030118)",120.0,Handcrafted_LabStudy,1,1,"-12.0,1.0,0.5","-0.0,0.0,-0.0,-1.0","12.0,-0.0,0.0","-0.0,0.0,-0.0,-1.0",24.020824432373047,24.020824432373047,4.0,0,0,0,0,0,0,0,0.0,0.0,0.0,0.0,1.7976931348623157e+308,0.0,
0,navstack-1725537082607,navstack,overtaking,HandCrafted,,,1725537091,603029966,"builtin_interfaces.msg.Time(sec=1725537090, nanosec=443030118)",120.0,Handcrafted_LabStudy,1,1,"-12.0,1.0,0.5","-0.0,0.0,-0.0,-1.0","12.0,-0.0,0.0","-0.0,0.0,-0.0,-1.0",24.020824432373047,24.020824432373047,4.0,0,0,0,0,0,0,0,0.0,0.0,0.0,0.0,1.7976931348623157e+308,0.0,
0,navstack-1725537082607,navstack,overtaking,HandCrafted,,,1725537091,603029966,"builtin_interfaces.msg.Time(sec=1725537090, nanosec=443030118)",120.0,Handcrafted_LabStudy,1,1,"-12.0,1.0,0.5","-0.0,0.0,-0.0,-1.0","12.0,-0.0,0.0","-0.0,0.0,-0.0,-1.0",24.020824432373047,24.020824432373047,4.0,0,0,0,0,0,0,0,0.0,0.0,0.0,0.0,1.7976931348623157e+308,0.0,
0,navstack-1725537082607,navstack,overtaking,HandCrafted,,,1725537091,623029947,"builtin_interfaces.msg.Time(sec=1725537090, nanosec=443030118)",120.0,Handcrafted_LabStudy,1,1,"-12.0,1.0,0.5","-0.0,0.0,-0.0,-1.0","12.0,-0.0,0.0","-0.0,0.0,-0.0,-1.0",24.020824432373047,24.020824432373047,4.0,0,0,0,0,0,0,0,0.0,0.0,0.0,0.0,1.7976931348623157e+308,0.0,
0,navstack-1725537082607,navstack,overtaking,HandCrafted,,,1725537091,643029928,"builtin_interfaces.msg.Time(sec=1725537090, nanosec=443030118)",120.0,Handcrafted_LabStudy,1,1,"-12.0,1.0,0.5","-0.0,0.0,-0.0,-1.0","12.0,-0.0,0.0","-0.0,0.0,-0.0,-1.0",24.020824432373047,24.020824432373047,4.0,0,0,0,0,0,0,0,0.0,0.0,0.0,0.0,1.7976931348623157e+308,0.0,
0,navstack-1725537082607,navstack,overtaking,HandCrafted,,,1725537091,663030147,"builtin_interfaces.msg.Time(sec=1725537090, nanosec=443030118)",120.0,Handcrafted_LabStudy,1,1,"-12.0,1.0,0.5","-0.0,0.0,-0.0,-1.0","12.0,-0.0,0.0","-0.0,0.0,-0.0,-1.0",24.020824432373047,24.020824432373047,4.0,0,0,0,0,0,0,0,0.0,0.0,0.0,0.0,1.7976931348623157e+308,0.0,
0,navstack-1725537082607,navstack,overtaking,HandCrafted,,,1725537091,683030128,"builtin_interfaces.msg.Time(sec=1725537090, nanosec=443030118)",120.0,Handcrafted_LabStudy,1,1,"-12.0,1.0,0.5","-0.0,0.0,-0.0,-1.0","12.0,-0.0,0.0","-0.0,0.0,-0.0,-1.0",24.020824432373047,24.020824432373047,4.0,0,0,0,0,0,0,0,0.0,0.0,0.0,0.0,1.7976931348623157e+308,0.0,
0,navstack-1725537082607,navstack,overtaking,HandCrafted,,,1725537091,703030109,"builtin_interfaces.msg.Time(sec=1725537090, nanosec=443030118)",120.0,Handcrafted_LabStudy,1,1,"-12.0,1.0,0.5","-0.0,0.0,-0.0,-1.0","12.0,-0.0,0.0","-0.0,0.0,-0.0,-1.0",24.020824432373047,24.020824432373047,4.0,0,0,0,0,0,0,0,0.0,0.0,0.0,0.0,1.7976931348623157e+308,0.0,
0,navstack-1725537082607,navstack,overtaking,HandCrafted,,,1725537091,723030090,"builtin_interfaces.msg.Time(sec=1725537090, nanosec=443030118)",120.0,Handcrafted_LabStudy,1,1,"-12.0,1.0,0.5","-0.0,0.0,-0.0,-1.0","12.0,-0.0,0.0","-0.0,0.0,-0.0,-1.0",24.020824432373047,24.020824432373047,4.0,0,0,0,0,0,0,0,0.0,0.0,0.0,0.0,1.7976931348623157e+308,0.0,
0,navstack-1725537082607,navstack,overtaking,HandCrafted,,,1725537091,723030090,"builtin_interfaces.msg.Time(sec=1725537090, nanosec=443030118)",120.0,Handcrafted_LabStudy,1,1,"-12.0,1.0,0.5","-0.0,0.0,-0.0,-1.0","12.0,-0.0,0.0","-0.0,0.0,-0.0,-1.0",24.020824432373047,24.020824432373047,4.0,0,0,0,0,0,0,0,0.0,0.0,0.0,0.0,1.7976931348623157e+308,0.0,
0,navstack-1725537082607,navstack,overtaking,HandCrafted,,,1725537091,743030071,"builtin_interfaces.msg.Time(sec=1725537090, nanosec=443030118)",120.0,Handcrafted_LabStudy,1,1,"-12.0,1.0,0.5","-0.0,0.0,-0.0,-1.0","12.0,-0.0,0.0","-0.0,0.0,-0.0,-1.0",24.020824432373047,24.020824432373047,4.0,0,0,0,0,0,0,0,0.0,0.0,0.0,0.0,1.7976931348623157e+308,0.0,
0,navstack-1725537082607,navstack,overtaking,HandCrafted,,,1725537091,763030052,"builtin_interfaces.msg.Time(sec=1725537090, nanosec=443030118)",120.0,Handcrafted_LabStudy,1,1,"-12.0,1.0,0.5","-0.0,0.0,-0.0,-1.0","12.0,-0.0,0.0","-0.0,0.0,-0.0,-1.0",24.020824432373047,24.020824432373047,4.0,0,0,0,0,0,0,0,0.0,0.0,0.0,0.0,1.7976931348623157e+308,0.0,
0,navstack-1725537082607,navstack,overtaking,HandCrafted,,,1725537091,763030052,"builtin_interfaces.msg.Time(sec=1725537090, nanosec=443030118)",120.0,Handcrafted_LabStudy,1,1,"-12.0,1.0,0.5","-0.0,0.0,-0.0,-1.0","12.0,-0.0,0.0","-0.0,0.0,-0.0,-1.0",24.020824432373047,24.020824432373047,4.0,0,0,0,0,0,0,0,0.0,0.0,0.0,0.0,1.7976931348623157e+308,0.0,
0,navstack-1725537082607,navstack,overtaking,HandCrafted,,,1725537091,783030033,"builtin_interfaces.msg.Time(sec=1725537090, nanosec=443030118)",120.0,Handcrafted_LabStudy,1,1,"-12.0,1.0,0.5","-0.0,0.0,-0.0,-1.0","12.0,-0.0,0.0","-0.0,0.0,-0.0,-1.0",24.020824432373047,24.020824432373047,4.0,0,0,0,0,0,0,0,0.0,0.0,0.0,0.0,1.7976931348623157e+308,0.0,
0,navstack-1725537082607,navstack,overtaking,HandCrafted,,,1725537091,803030014,"builtin_interfaces.msg.Time(sec=1725537090, nanosec=443030118)",120.0,Handcrafted_LabStudy,1,1,"-12.0,1.0,0.5","-0.0,0.0,-0.0,-1.0","12.0,-0.0,0.0","-0.0,0.0,-0.0,-1.0",24.020824432373047,24.020824432373047,4.0,0,0,0,0,0,0,0,0.0,0.0,0.0,0.0,1.7976931348623157e+308,0.0,
0,navstack-1725537082607,navstack,overtaking,HandCrafted,,,1725537091,843029975,"builtin_interfaces.msg.Time(sec=1725537090, nanosec=443030118)",120.0,Handcrafted_LabStudy,1,1,"-12.0,1.0,0.5","-0.0,0.0,-0.0,-1.0","12.0,-0.0,0.0","-0.0,0.0,-0.0,-1.0",24.020824432373047,24.020824432373047,4.0,0,0,0,0,0,0,0,0.0,0.0,0.0,0.0,1.7976931348623157e+308,0.0,
0,navstack-1725537082607,navstack,overtaking,HandCrafted,,,1725537091,863029956,"builtin_interfaces.msg.Time(sec=1725537090, nanosec=443030118)",120.0,Handcrafted_LabStudy,1,1,"-12.0,1.0,0.5","-0.0,0.0,-0.0,-1.0","12.0,-0.0,0.0","-0.0,0.0,-0.0,-1.0",24.020824432373047,24.020824432373047,4.0,0,0,0,0,0,0,0,0.0,0.0,0.0,0.0,1.7976931348623157e+308,0.0,
0,navstack-1725537082607,navstack,overtaking,HandCrafted,,,1725537091,863029956,"builtin_interfaces.msg.Time(sec=1725537090, nanosec=443030118)",120.0,Handcrafted_LabStudy,1,1,"-12.0,1.0,0.5","-0.0,0.0,-0.0,-1.0","12.0,-0.0,0.0","-0.0,0.0,-0.0,-1.0",24.020824432373047,24.020824432373047,4.0,0,0,0,0,0,0,0,0.0,0.0,0.0,0.0,1.7976931348623157e+308,0.0,
0,navstack-1725537082607,navstack,overtaking,HandCrafted,,,1725537091,883029937,"builtin_interfaces.msg.Time(sec=1725537090, nanosec=443030118)",120.0,Handcrafted_LabStudy,1,1,"-12.0,1.0,0.5","-0.0,0.0,-0.0,-1.0","12.0,-0.0,0.0","-0.0,0.0,-0.0,-1.0",24.020824432373047,24.020824432373047,4.0,0,0,0,0,0,0,0,0.0,0.0,0.0,0.0,1.7976931348623157e+308,0.0,
0,navstack-1725537082607,navstack,overtaking,HandCrafted,,,1725537091,883029937,"builtin_interfaces.msg.Time(sec=1725537090, nanosec=443030118)",120.0,Handcrafted_LabStudy,1,1,"-12.0,1.0,0.5","-0.0,0.0,-0.0,-1.0","12.0,-0.0,0.0","-0.0,0.0,-0.0,-1.0",24.020824432373047,24.020824432373047,4.0,0,0,0,0,0,0,0,0.0,0.0,0.0,0.0,1.7976931348623157e+308,0.0,
0,navstack-1725537082607,navstack,overtaking,HandCrafted,,,1725537091,903029918,"builtin_interfaces.msg.Time(sec=1725537090, nanosec=443030118)",120.0,Handcrafted_LabStudy,1,1,"-12.0,1.0,0.5","-0.0,0.0,-0.0,-1.0","12.0,-0.0,0.0","-0.0,0.0,-0.0,-1.0",24.020824432373047,24.020824432373047,4.0,0,0,0,0,0,0,0,0.0,0.0,0.0,0.0,1.7976931348623157e+308,0.0,
0,navstack-1725537082607,navstack,overtaking,HandCrafted,,,1725537091,903029918,"builtin_interfaces.msg.Time(sec=1725537090, nanosec=443030118)",120.0,Handcrafted_LabStudy,1,1,"-12.0,1.0,0.5","-0.0,0.0,-0.0,-1.0","12.0,-0.0,0.0","-0.0,0.0,-0.0,-1.0",24.020824432373047,24.020824432373047,4.0,0,0,0,0,0,0,0,0.0,0.0,0.0,0.0,1.7976931348623157e+308,0.0,
0,navstack-1725537082607,navstack,overtaking,HandCrafted,,,1725537091,923030138,"builtin_interfaces.msg.Time(sec=1725537090, nanosec=443030118)",120.0,Handcrafted_LabStudy,1,1,"-12.0,1.0,0.5","-0.0,0.0,-0.0,-1.0","12.0,-0.0,0.0","-0.0,0.0,-0.0,-1.0",24.020824432373047,24.020824432373047,4.0,0,0,0,0,0,0,0,0.0,0.0,0.0,0.0,1.7976931348623157e+308,0.0,
0,navstack-1725537082607,navstack,overtaking,HandCrafted,,,1725537091,923030138,"builtin_interfaces.msg.Time(sec=1725537090, nanosec=443030118)",120.0,Handcrafted_LabStudy,1,1,"-12.0,1.0,0.5","-0.0,0.0,-0.0,-1.0","12.0,-0.0,0.0","-0.0,0.0,-0.0,-1.0",24.020824432373047,24.020824432373047,4.0,0,0,0,0,0,0,0,0.0,0.0,0.0,0.0,1.7976931348623157e+308,0.0,
0,navstack-1725537082607,navstack,overtaking,HandCrafted,,,1725537091,943030118,"builtin_interfaces.msg.Time(sec=1725537090, nanosec=443030118)",120.0,Handcrafted_LabStudy,1,1,"-12.0,1.0,0.5","-0.0,0.0,-0.0,-1.0","12.0,-0.0,0.0","-0.0,0.0,-0.0,-1.0",24.020824432373047,24.020824432373047,4.0,0,0,0,0,0,0,0,0.0,0.0,0.0,0.0,1.7976931348623157e+308,0.0,
0,navstack-1725537082607,navstack,overtaking,HandCrafted,,,1725537091,963030099,"builtin_interfaces.msg.Time(sec=1725537090, nanosec=443030118)",120.0,Handcrafted_LabStudy,1,1,"-12.0,1.0,0.5","-0.0,0.0,-0.0,-1.0","12.0,-0.0,0.0","-0.0,0.0,-0.0,-1.0",24.020824432373047,24.020824432373047,4.0,0,0,0,0,0,0,0,0.0,0.0,0.0,0.0,1.7976931348623157e+308,0.0,
0,navstack-1725537082607,navstack,overtaking,HandCrafted,,,1725537091,983030080,"builtin_interfaces.msg.Time(sec=1725537090, nanosec=443030118)",120.0,Handcrafted_LabStudy,1,1,"-12.0,1.0,0.5","-0.0,0.0,-0.0,-1.0","12.0,-0.0,0.0","-0.0,0.0,-0.0,-1.0",24.020824432373047,24.020824432373047,4.0,0,0,0,0,0,0,0,0.0,0.0,0.0,0.0,1.7976931348623157e+308,0.0,
0,navstack-1725537082607,navstack,overtaking,HandCrafted,,,1725537092,3030061,"builtin_interfaces.msg.Time(sec=1725537090, nanosec=443030118)",120.0,Handcrafted_LabStudy,1,1,"-12.0,1.0,0.5","-0.0,0.0,-0.0,-1.0","12.0,-0.0,0.0","-0.0,0.0,-0.0,-1.0",24.020824432373047,24.020824432373047,4.0,0,0,0,0,0,0,0,0.0,0.0,0.0,0.0,1.7976931348623157e+308,0.0,
0,navstack-1725537082607,navstack,overtaking,HandCrafted,,,1725537092,3030061,"builtin_interfaces.msg.Time(sec=1725537090, nanosec=443030118)",120.0,Handcrafted_LabStudy,1,1,"-12.0,1.0,0.5","-0.0,0.0,-0.0,-1.0","12.0,-0.0,0.0","-0.0,0.0,-0.0,-1.0",24.020824432373047,24.020824432373047,4.0,0,0,0,0,0,0,0,0.0,0.0,0.0,0.0,1.7976931348623157e+308,0.0,
0,navstack-1725537082607,navstack,overtaking,HandCrafted,,,1725537092,23030042,"builtin_interfaces.msg.Time(sec=1725537090, nanosec=443030118)",120.0,Handcrafted_LabStudy,1,1,"-12.0,1.0,0.5","-0.0,0.0,-0.0,-1.0","12.0,-0.0,0.0","-0.0,0.0,-0.0,-1.0",24.020824432373047,24.020824432373047,4.0,0,0,0,0,0,0,0,0.0,0.0,0.0,0.0,1.7976931348623157e+308,0.0,
0,navstack-1725537082607,navstack,overtaking,HandCrafted,,,1725537092,23030042,"builtin_interfaces.msg.Time(sec=1725537090, nanosec=443030118)",120.0,Handcrafted_LabStudy,1,1,"-12.0,1.0,0.5","-0.0,0.0,-0.0,-1.0","12.0,-0.0,0.0","-0.0,0.0,-0.0,-1.0",24.020824432373047,24.020824432373047,4.0,0,0,0,0,0,0,0,0.0,0.0,0.0,0.0,1.7976931348623157e+308,0.0,
0,navstack-1725537082607,navstack,overtaking,HandCrafted,,,1725537092,43030023,"builtin_interfaces.msg.Time(sec=1725537090, nanosec=443030118)",120.0,Handcrafted_LabStudy,1,1,"-12.0,1.0,0.5","-0.0,0.0,-0.0,-1.0","12.0,-0.0,0.0","-0.0,0.0,-0.0,-1.0",24.020824432373047,24.020824432373047,4.0,0,0,0,0,0,0,0,0.0,0.0,0.0,0.0,1.7976931348623157e+308,0.0,
0,navstack-1725537082607,navstack,overtaking,HandCrafted,,,1725537092,43030023,"builtin_interfaces.msg.Time(sec=1725537090, nanosec=443030118)",120.0,Handcrafted_LabStudy,1,1,"-12.0,1.0,0.5","-0.0,0.0,-0.0,-1.0","12.0,-0.0,0.0","-0.0,0.0,-0.0,-1.0",24.020824432373047,24.020824432373047,4.0,0,0,0,0,0,0,0,0.0,0.0,0.0,0.0,1.7976931348623157e+308,0.0,
0,navstack-1725537082607,navstack,overtaking,HandCrafted,,,1725537092,63030004,"builtin_interfaces.msg.Time(sec=1725537090, nanosec=443030118)",120.0,Handcrafted_LabStudy,1,1,"-12.0,1.0,0.5","-0.0,0.0,-0.0,-1.0","12.0,-0.0,0.0","-0.0,0.0,-0.0,-1.0",24.020824432373047,24.020824432373047,4.0,0,0,0,0,0,0,0,0.0,0.0,0.0,0.0,1.7976931348623157e+308,0.0,
0,navstack-1725537082607,navstack,overtaking,HandCrafted,,,1725537092,83029985,"builtin_interfaces.msg.Time(sec=1725537090, nanosec=443030118)",120.0,Handcrafted_LabStudy,1,1,"-12.0,1.0,0.5","-0.0,0.0,-0.0,-1.0","12.0,-0.0,0.0","-0.0,0.0,-0.0,-1.0",24.020824432373047,24.020824432373047,4.0,0,0,0,0,0,0,0,0.0,0.0,0.0,0.0,1.7976931348623157e+308,0.0,
0,navstack-1725537082607,navstack,overtaking,HandCrafted,,,1725537092,103029966,"builtin_interfaces.msg.Time(sec=1725537090, nanosec=443030118)",120.0,Handcrafted_LabStudy,1,1,"-12.0,1.0,0.5","-0.0,0.0,-0.0,-1.0","12.0,-0.0,0.0","-0.0,0.0,-0.0,-1.0",24.020824432373047,24.020824432373047,4.0,0,0,0,0,0,0,0,0.0,0.0,0.0,0.0,1.7976931348623157e+308,0.0,
0,navstack-1725537082607,navstack,overtaking,HandCrafted,,,1725537092,123029947,"builtin_interfaces.msg.Time(sec=1725537090, nanosec=443030118)",120.0,Handcrafted_LabStudy,1,1,"-12.0,1.0,0.5","-0.0,0.0,-0.0,-1.0","12.0,-0.0,0.0","-0.0,0.0,-0.0,-1.0",24.020824432373047,24.020824432373047,4.0,0,0,0,0,0,0,0,0.0,0.0,0.0,0.0,1.7976931348623157e+308,0.0,
0,navstack-1725537082607,navstack,overtaking,HandCrafted,,,1725537092,143029928,"builtin_interfaces.msg.Time(sec=1725537090, nanosec=443030118)",120.0,Handcrafted_LabStudy,1,1,"-12.0,1.0,0.5","-0.0,0.0,-0.0,-1.0","12.0,-0.0,0.0","-0.0,0.0,-0.0,-1.0",24.020824432373047,24.020824432373047,4.0,0,0,0,0,0,0,0,0.0,0.0,0.0,0.0,1.7976931348623157e+308,0.0,
0,navstack-1725537082607,navstack,overtaking,HandCrafted,,,1725537092,143029928,"builtin_interfaces.msg.Time(sec=1725537090, nanosec=443030118)",120.0,Handcrafted_LabStudy,1,1,"-12.0,1.0,0.5","-0.0,0.0,-0.0,-1.0","12.0,-0.0,0.0","-0.0,0.0,-0.0,-1.0",24.020824432373047,24.020824432373047,4.0,0,0,0,0,0,0,0,0.0,0.0,0.0,0.0,1.7976931348623157e+308,0.0,
0,navstack-1725537082607,navstack,overtaking,HandCrafted,,,1725537092,163030147,"builtin_interfaces.msg.Time(sec=1725537090, nanosec=443030118)",120.0,Handcrafted_LabStudy,1,1,"-12.0,1.0,0.5","-0.0,0.0,-0.0,-1.0","12.0,-0.0,0.0","-0.0,0.0,-0.0,-1.0",24.020824432373047,24.020824432373047,4.0,0,0,0,0,0,0,0,0.0,0.0,0.0,0.0,1.7976931348623157e+308,0.0,
0,navstack-1725537082607,navstack,overtaking,HandCrafted,,,1725537092,163030147,"builtin_interfaces.msg.Time(sec=1725537090, nanosec=443030118)",120.0,Handcrafted_LabStudy,1,1,"-12.0,1.0,0.5","-0.0,0.0,-0.0,-1.0","12.0,-0.0,0.0","-0.0,0.0,-0.0,-1.0",24.020824432373047,24.020824432373047,4.0,0,0,0,0,0,0,0,0.0,0.0,0.0,0.0,1.7976931348623157e+308,0.0,
0,navstack-1725537082607,navstack,overtaking,HandCrafted,,,1725537092,183030128,"builtin_interfaces.msg.Time(sec=1725537090, nanosec=443030118)",120.0,Handcrafted_LabStudy,1,1,"-12.0,1.0,0.5","-0.0,0.0,-0.0,-1.0","12.0,-0.0,0.0","-0.0,0.0,-0.0,-1.0",24.020824432373047,24.020824432373047,4.0,0,0,0,0,0,0,0,0.0,0.0,0.0,0.0,1.7976931348623157e+308,0.0,
0,navstack-1725537082607,navstack,overtaking,HandCrafted,,,1725537092,183030128,"builtin_interfaces.msg.Time(sec=1725537090, nanosec=443030118)",120.0,Handcrafted_LabStudy,1,1,"-12.0,1.0,0.5","-0.0,0.0,-0.0,-1.0","12.0,-0.0,0.0","-0.0,0.0,-0.0,-1.0",24.020824432373047,24.020824432373047,4.0,0,0,0,0,0,0,0,0.0,0.0,0.0,0.0,1.7976931348623157e+308,0.0,
0,navstack-1725537082607,navstack,overtaking,HandCrafted,,,1725537092,203030109,"builtin_interfaces.msg.Time(sec=1725537090, nanosec=443030118)",120.0,Handcrafted_LabStudy,1,1,"-12.0,1.0,0.5","-0.0,0.0,-0.0,-1.0","12.0,-0.0,0.0","-0.0,0.0,-0.0,-1.0",24.020824432373047,24.020824432373047,4.0,0,0,0,0,0,0,0,0.0,0.0,0.0,0.0,1.7976931348623157e+308,0.0,
0,navstack-1725537082607,navstack,overtaking,HandCrafted,,,1725537092,203030109,"builtin_interfaces.msg.Time(sec=1725537090, nanosec=443030118)",120.0,Handcrafted_LabStudy,1,1,"-12.0,1.0,0.5","-0.0,0.0,-0.0,-1.0","12.0,-0.0,0.0","-0.0,0.0,-0.0,-1.0",24.020824432373047,24.020824432373047,4.0,0,0,0,0,0,0,0,0.0,0.0,0.0,0.0,1.7976931348623157e+308,0.0,
0,navstack-1725537082607,navstack,overtaking,HandCrafted,,,1725537092,223030090,"builtin_interfaces.msg.Time(sec=1725537090, nanosec=443030118)",120.0,Handcrafted_LabStudy,1,1,"-12.0,1.0,0.5","-0.0,0.0,-0.0,-1.0","12.0,-0.0,0.0","-0.0,0.0,-0.0,-1.0",24.020824432373047,24.020824432373047,4.0,0,0,0,0,0,0,0,0.0,0.0,0.0,0.0,1.7976931348623157e+308,0.0,
0,navstack-1725537082607,navstack,overtaking,HandCrafted,,,1725537092,223030090,"builtin_interfaces.msg.Time(sec=1725537090, nanosec=443030118)",120.0,Handcrafted_LabStudy,1,1,"-12.0,1.0,0.5","-0.0,0.0,-0.0,-1.0","12.0,-0.0,0.0","-0.0,0.0,-0.0,-1.0",24.020824432373047,24.020824432373047,4.0,0,0,0,0,0,0,0,0.0,0.0,0.0,0.0,1.7976931348623157e+308,0.0,
0,navstack-1725537082607,navstack,overtaking,HandCrafted,,,1725537092,243030071,"builtin_interfaces.msg.Time(sec=1725537090, nanosec=443030118)",120.0,Handcrafted_LabStudy,1,1,"-12.0,1.0,0.5","-0.0,0.0,-0.0,-1.0","12.0,-0.0,0.0","-0.0,0.0,-0.0,-1.0",24.020824432373047,24.020824432373047,4.0,0,0,0,0,0,0,0,0.0,0.0,0.0,0.0,1.7976931348623157e+308,0.0,
0,navstack-1725537082607,navstack,overtaking,HandCrafted,,,1725537092,243030071,"builtin_interfaces.msg.Time(sec=1725537090, nanosec=443030118)",120.0,Handcrafted_LabStudy,1,1,"-12.0,1.0,0.5","-0.0,0.0,-0.0,-1.0","12.0,-0.0,0.0","-0.0,0.0,-0.0,-1.0",24.020824432373047,24.020824432373047,4.0,0,0,0,0,0,0,0,0.0,0.0,0.0,0.0,1.7976931348623157e+308,0.0,
0,navstack-1725537082607,navstack,overtaking,HandCrafted,,,1725537092,263030052,"builtin_interfaces.msg.Time(sec=1725537090, nanosec=443030118)",120.0,Handcrafted_LabStudy,1,1,"-12.0,1.0,0.5","-0.0,0.0,-0.0,-1.0","12.0,-0.0,0.0","-0.0,0.0,-0.0,-1.0",24.020824432373047,24.020824432373047,4.0,0,0,0,0,0,0,0,0.0,0.0,0.0,0.0,1.7976931348623157e+308,0.0,
0,navstack-1725537082607,navstack,overtaking,HandCrafted,,,1725537092,263030052,"builtin_interfaces.msg.Time(sec=1725537090, nanosec=443030118)",120.0,Handcrafted_LabStudy,1,1,"-12.0,1.0,0.5","-0.0,0.0,-0.0,-1.0","12.0,-0.0,0.0","-0.0,0.0,-0.0,-1.0",24.020824432373047,24.020824432373047,4.0,0,0,0,0,0,0,0,0.0,0.0,0.0,0.0,1.7976931348623157e+308,0.0,
0,navstack-1725537082607,navstack,overtaking,HandCrafted,,,1725537092,283030033,"builtin_interfaces.msg.Time(sec=1725537090, nanosec=443030118)",120.0,Handcrafted_LabStudy,1,1,"-12.0,1.0,0.5","-0.0,0.0,-0.0,-1.0","12.0,-0.0,0.0","-0.0,0.0,-0.0,-1.0",24.020824432373047,24.020824432373047,4.0,0,0,0,0,0,0,0,0.0,0.0,0.0,0.0,1.7976931348623157e+308,0.0,
0,navstack-1725537082607,navstack,overtaking,HandCrafted,,,1725537092,283030033,"builtin_interfaces.msg.Time(sec=1725537090, nanosec=443030118)",120.0,Handcrafted_LabStudy,1,1,"-12.0,1.0,0.5","-0.0,0.0,-0.0,-1.0","12.0,-0.0,0.0","-0.0,0.0,-0.0,-1.0",24.020824432373047,24.020824432373047,4.0,0,0,0,0,0,0,0,0.0,0.0,0.0,0.0,1.7976931348623157e+308,0.0,
0,navstack-1725537082607,navstack,overtaking,HandCrafted,,,1725537092,303030014,"builtin_interfaces.msg.Time(sec=1725537090, nanosec=443030118)",120.0,Handcrafted_LabStudy,1,1,"-12.0,1.0,0.5","-0.0,0.0,-0.0,-1.0","12.0,-0.0,0.0","-0.0,0.0,-0.0,-1.0",24.020824432373047,24.020824432373047,4.0,0,0,0,0,0,0,0,0.0,0.0,0.0,0.0,1.7976931348623157e+308,0.0,
0,navstack-1725537082607,navstack,overtaking,HandCrafted,,,1725537092,303030014,"builtin_interfaces.msg.Time(sec=1725537090, nanosec=443030118)",120.0,Handcrafted_LabStudy,1,1,"-12.0,1.0,0.5","-0.0,0.0,-0.0,-1.0","12.0,-0.0,0.0","-0.0,0.0,-0.0,-1.0",24.020824432373047,24.020824432373047,4.0,0,0,0,0,0,0,0,0.0,0.0,0.0,0.0,1.7976931348623157e+308,0.0,
0,navstack-1725537082607,navstack,overtaking,HandCrafted,,,1725537092,303030014,"builtin_interfaces.msg.Time(sec=1725537090, nanosec=443030118)",120.0,Handcrafted_LabStudy,1,1,"-12.0,1.0,0.5","-0.0,0.0,-0.0,-1.0","12.0,-0.0,0.0","-0.0,0.0,-0.0,-1.0",24.020824432373047,24.020824432373047,4.0,0,0,0,0,0,0,0,0.0,0.0,0.0,0.0,1.7976931348623157e+308,0.0,
0,navstack-1725537082607,navstack,overtaking,HandCrafted,,,1725537092,323029994,"builtin_interfaces.msg.Time(sec=1725537090, nanosec=443030118)",120.0,Handcrafted_LabStudy,1,1,"-12.0,1.0,0.5","-0.0,0.0,-0.0,-1.0","12.0,-0.0,0.0","-0.0,0.0,-0.0,-1.0",24.020824432373047,24.020824432373047,4.0,0,0,0,0,0,0,0,0.0,0.0,0.0,0.0,1.7976931348623157e+308,0.0,
0,navstack-1725537082607,navstack,overtaking,HandCrafted,,,1725537092,343029975,"builtin_interfaces.msg.Time(sec=1725537090, nanosec=443030118)",120.0,Handcrafted_LabStudy,1,1,"-12.0,1.0,0.5","-0.0,0.0,-0.0,-1.0","12.0,-0.0,0.0","-0.0,0.0,-0.0,-1.0",24.020824432373047,24.020824432373047,4.0,0,0,0,0,0,0,0,0.0,0.0,0.0,0.0,1.7976931348623157e+308,0.0,
0,navstack-1725537082607,navstack,overtaking,HandCrafted,,,1725537092,343029975,"builtin_interfaces.msg.Time(sec=1725537090, nanosec=443030118)",120.0,Handcrafted_LabStudy,1,1,"-12.0,1.0,0.5","-0.0,0.0,-0.0,-1.0","12.0,-0.0,0.0","-0.0,0.0,-0.0,-1.0",24.020824432373047,24.020824432373047,4.0,0,0,0,0,0,0,0,0.0,0.0,0.0,0.0,1.7976931348623157e+308,0.0,
0,navstack-1725537082607,navstack,overtaking,HandCrafted,,,1725537092,363029956,"builtin_interfaces.msg.Time(sec=1725537090, nanosec=443030118)",120.0,Handcrafted_LabStudy,1,1,"-12.0,1.0,0.5","-0.0,0.0,-0.0,-1.0","12.0,-0.0,0.0","-0.0,0.0,-0.0,-1.0",24.020824432373047,24.020824432373047,4.0,0,0,0,0,0,0,0,0.0,0.0,0.0,0.0,1.7976931348623157e+308,0.0,
0,navstack-1725537082607,navstack,overtaking,HandCrafted,,,1725537092,363029956,"builtin_interfaces.msg.Time(sec=1725537090, nanosec=443030118)",120.0,Handcrafted_LabStudy,1,1,"-12.0,1.0,0.5","-0.0,0.0,-0.0,-1.0","12.0,-0.0,0.0","-0.0,0.0,-0.0,-1.0",24.020824432373047,24.020824432373047,4.0,0,0,0,0,0,0,0,0.0,0.0,0.0,0.0,1.7976931348623157e+308,0.0,
0,navstack-1725537082607,navstack,overtaking,HandCrafted,,,1725537092,383029937,"builtin_interfaces.msg.Time(sec=1725537090, nanosec=443030118)",120.0,Handcrafted_LabStudy,1,1,"-12.0,1.0,0.5","-0.0,0.0,-0.0,-1.0","12.0,-0.0,0.0","-0.0,0.0,-0.0,-1.0",24.020824432373047,24.020824432373047,4.0,0,0,0,0,0,0,0,0.0,0.0,0.0,0.0,1.7976931348623157e+308,0.0,
0,navstack-1725537082607,navstack,overtaking,HandCrafted,,,1725537092,383029937,"builtin_interfaces.msg.Time(sec=1725537090, nanosec=443030118)",120.0,Handcrafted_LabStudy,1,1,"-12.0,1.0,0.5","-0.0,0.0,-0.0,-1.0","12.0,-0.0,0.0","-0.0,0.0,-0.0,-1.0",24.020824432373047,24.020824432373047,4.0,0,0,0,0,0,0,0,0.0,0.0,0.0,0.0,1.7976931348623157e+308,0.0,
0,navstack-1725537082607,navstack,overtaking,HandCrafted,,,1725537092,403029918,"builtin_interfaces.msg.Time(sec=1725537090, nanosec=443030118)",120.0,Handcrafted_LabStudy,1,1,"-12.0,1.0,0.5","-0.0,0.0,-0.0,-1.0","12.0,-0.0,0.0","-0.0,0.0,-0.0,-1.0",24.020824432373047,24.020824432373047,4.0,0,0,0,0,0,0,0,0.0,0.0,0.0,0.0,1.7976931348623157e+308,0.0,
0,navstack-1725537082607,navstack,overtaking,HandCrafted,,,1725537092,403029918,"builtin_interfaces.msg.Time(sec=1725537090, nanosec=443030118)",120.0,Handcrafted_LabStudy,1,1,"-12.0,1.0,0.5","-0.0,0.0,-0.0,-1.0","12.0,-0.0,0.0","-0.0,0.0,-0.0,-1.0",24.020824432373047,24.020824432373047,4.0,0,0,0,0,0,0,0,0.0,0.0,0.0,0.0,1.7976931348623157e+308,0.0,
0,navstack-1725537082607,navstack,overtaking,HandCrafted,,,1725537092,423030138,"builtin_interfaces.msg.Time(sec=1725537090, nanosec=443030118)",120.0,Handcrafted_LabStudy,1,1,"-12.0,1.0,0.5","-0.0,0.0,-0.0,-1.0","12.0,-0.0,0.0","-0.0,0.0,-0.0,-1.0",24.020824432373047,24.020824432373047,4.0,0,0,0,0,0,0,0,0.0,0.0,0.0,0.0,1.7976931348623157e+308,0.0,
0,navstack-1725537082607,navstack,overtaking,HandCrafted,,,1725537092,423030138,"builtin_interfaces.msg.Time(sec=1725537090, nanosec=443030118)",120.0,Handcrafted_LabStudy,1,1,"-12.0,1.0,0.5","-0.0,0.0,-0.0,-1.0","12.0,-0.0,0.0","-0.0,0.0,-0.0,-1.0",24.020824432373047,24.020824432373047,4.0,0,0,0,0,0,0,0,0.0,0.0,0.0,0.0,1.7976931348623157e+308,0.0,
0,navstack-1725537082607,navstack,overtaking,HandCrafted,,,1725537092,443030118,"builtin_interfaces.msg.Time(sec=1725537090, nanosec=443030118)",120.0,Handcrafted_LabStudy,1,1,"-12.0,1.0,0.5","-0.0,0.0,-0.0,-1.0","12.0,-0.0,0.0","-0.0,0.0,-0.0,-1.0",24.020824432373047,24.020824432373047,4.0,0,0,0,0,0,0,0,0.0,0.0,0.0,0.0,1.7976931348623157e+308,0.0,
0,navstack-1725537082607,navstack,overtaking,HandCrafted,,,1725537092,443030118,"builtin_interfaces.msg.Time(sec=1725537090, nanosec=443030118)",120.0,Handcrafted_LabStudy,1,1,"-12.0,1.0,0.5","-0.0,0.0,-0.0,-1.0","12.0,-0.0,0.0","-0.0,0.0,-0.0,-1.0",24.020824432373047,24.020824432373047,4.0,0,0,0,0,0,0,0,0.0,0.0,0.0,0.0,1.7976931348623157e+308,0.0,
0,navstack-1725537082607,navstack,overtaking,HandCrafted,,,1725537092,463030099,"builtin_interfaces.msg.Time(sec=1725537090, nanosec=443030118)",120.0,Handcrafted_LabStudy,1,1,"-12.0,1.0,0.5","-0.0,0.0,-0.0,-1.0","12.0,-0.0,0.0","-0.0,0.0,-0.0,-1.0",24.020824432373047,24.020824432373047,4.0,0,0,0,0,0,0,0,0.0,0.0,0.0,0.0,1.7976931348623157e+308,0.0,
0,navstack-1725537082607,navstack,overtaking,HandCrafted,,,1725537092,483030080,"builtin_interfaces.msg.Time(sec=1725537090, nanosec=443030118)",120.0,Handcrafted_LabStudy,1,1,"-12.0,1.0,0.5","-0.0,0.0,-0.0,-1.0","12.0,-0.0,0.0","-0.0,0.0,-0.0,-1.0",24.020824432373047,24.020824432373047,4.0,0,0,0,0,0,0,0,0.0,0.0,1.0,0.0,1.7976931348623157e+308,0.0,
0,navstack-1725537082607,navstack,overtaking,HandCrafted,,,1725537092,483030080,"builtin_interfaces.msg.Time(sec=1725537090, nanosec=443030118)",120.0,Handcrafted_LabStudy,1,1,"-12.0,1.0,0.5","-0.0,0.0,-0.0,-1.0","12.0,-0.0,0.0","-0.0,0.0,-0.0,-1.0",24.020824432373047,24.020824432373047,4.0,0,0,0,0,0,0,0,0.0,0.0,1.0,0.0,1.7976931348623157e+308,0.0,
0,navstack-1725537082607,navstack,overtaking,HandCrafted,,,1725537092,483030080,"builtin_interfaces.msg.Time(sec=1725537090, nanosec=443030118)",120.0,Handcrafted_LabStudy,1,1,"-12.0,1.0,0.5","-0.0,0.0,-0.0,-1.0","12.0,-0.0,0.0","-0.0,0.0,-0.0,-1.0",24.020824432373047,24.020824432373047,4.0,0,0,0,0,0,0,0,0.0,0.0,1.0,0.0,1.7976931348623157e+308,0.0,
0,navstack-1725537082607,navstack,overtaking,HandCrafted,,,1725537092,503030061,"builtin_interfaces.msg.Time(sec=1725537090, nanosec=443030118)",120.0,Handcrafted_LabStudy,1,1,"-12.0,1.0,0.5","-0.0,0.0,-0.0,-1.0","12.0,-0.0,0.0","-0.0,0.0,-0.0,-1.0",24.020824432373047,24.020824432373047,4.0,0,0,0,0,0,0,0,0.0,0.0,1.0,0.0,1.7976931348623157e+308,0.0,
0,navstack-1725537082607,navstack,overtaking,HandCrafted,,,1725537092,523030042,"builtin_interfaces.msg.Time(sec=1725537090, nanosec=443030118)",120.0,Handcrafted_LabStudy,1,1,"-12.0,1.0,0.5","-0.0,0.0,-0.0,-1.0","12.0,-0.0,0.0","-0.0,0.0,-0.0,-1.0",24.020824432373047,24.020824432373047,4.0,0,0,0,0,0,0,0,0.0,0.0,1.0,0.0,1.7976931348623157e+308,0.0,
0,navstack-1725537082607,navstack,overtaking,HandCrafted,,,1725537092,523030042,"builtin_interfaces.msg.Time(sec=1725537090, nanosec=443030118)",120.0,Handcrafted_LabStudy,1,1,"-12.0,1.0,0.5","-0.0,0.0,-0.0,-1.0","12.0,-0.0,0.0","-0.0,0.0,-0.0,-1.0",24.020824432373047,24.020824432373047,4.0,0,0,0,0,0,0,0,0.0,0.0,1.0,0.0,1.7976931348623157e+308,0.0,
0,navstack-1725537082607,navstack,overtaking,HandCrafted,,,1725537092,523030042,"builtin_interfaces.msg.Time(sec=1725537090, nanosec=443030118)",120.0,Handcrafted_LabStudy,1,1,"-12.0,1.0,0.5","-0.0,0.0,-0.0,-1.0","12.0,-0.0,0.0","-0.0,0.0,-0.0,-1.0",24.020824432373047,24.020824432373047,4.0,0,0,0,0,0,0,0,0.0,0.0,1.0,0.0,1.7976931348623157e+308,0.0,
0,navstack-1725537082607,navstack,overtaking,HandCrafted,,,1725537092,543030023,"builtin_interfaces.msg.Time(sec=1725537090, nanosec=443030118)",120.0,Handcrafted_LabStudy,1,1,"-12.0,1.0,0.5","-0.0,0.0,-0.0,-1.0","12.0,-0.0,0.0","-0.0,0.0,-0.0,-1.0",24.020824432373047,24.020824432373047,4.0,0,0,0,0,0,0,0,0.0,0.0,1.0,0.0,1.7976931348623157e+308,0.0,
0,navstack-1725537082607,navstack,overtaking,HandCrafted,,,1725537092,543030023,"builtin_interfaces.msg.Time(sec=1725537090, nanosec=443030118)",120.0,Handcrafted_LabStudy,1,1,"-12.0,1.0,0.5","-0.0,0.0,-0.0,-1.0","12.0,-0.0,0.0","-0.0,0.0,-0.0,-1.0",24.020824432373047,24.020824432373047,4.0,0,0,0,0,0,0,0,0.0,0.0,1.0,0.0,1.7976931348623157e+308,0.0,
0,navstack-1725537082607,navstack,overtaking,HandCrafted,,,1725537092,563030004,"builtin_interfaces.msg.Time(sec=1725537090, nanosec=443030118)",120.0,Handcrafted_LabStudy,1,1,"-12.0,1.0,0.5","-0.0,0.0,-0.0,-1.0","12.0,-0.0,0.0","-0.0,0.0,-0.0,-1.0",24.020824432373047,24.020824432373047,4.0,0,0,0,0,0,0,0,0.0,0.0,1.0,0.0,1.7976931348623157e+308,0.0,
0,navstack-1725537082607,navstack,overtaking,HandCrafted,,,1725537092,563030004,"builtin_interfaces.msg.Time(sec=1725537090, nanosec=443030118)",120.0,Handcrafted_LabStudy,1,1,"-12.0,1.0,0.5","-0.0,0.0,-0.0,-1.0","12.0,-0.0,0.0","-0.0,0.0,-0.0,-1.0",24.020824432373047,24.020824432373047,4.0,0,0,0,0,0,0,0,0.0,0.0,1.0,0.0,1.7976931348623157e+308,0.0,
0,navstack-1725537082607,navstack,overtaking,HandCrafted,,,1725537092,583029747,"builtin_interfaces.msg.Time(sec=1725537090, nanosec=443030118)",120.0,Handcrafted_LabStudy,1,1,"-12.0,1.0,0.5","-0.0,0.0,-0.0,-1.0","12.0,-0.0,0.0","-0.0,0.0,-0.0,-1.0",24.020824432373047,24.020824432373047,4.0,0,0,0,0,0,0,0,0.0,0.0,1.0,0.0,1.7976931348623157e+308,0.0,
0,navstack-1725537082607,navstack,overtaking,HandCrafted,,,1725537092,603029727,"builtin_interfaces.msg.Time(sec=1725537090, nanosec=443030118)",120.0,Handcrafted_LabStudy,1,1,"-12.0,1.0,0.5","-0.0,0.0,-0.0,-1.0","12.0,-0.0,0.0","-0.0,0.0,-0.0,-1.0",24.020824432373047,24.020824432373047,4.0,0,0,0,0,0,0,0,0.0,0.0,1.0,0.0,1.7976931348623157e+308,0.0,
0,navstack-1725537082607,navstack,overtaking,HandCrafted,,,1725537092,623029947,"builtin_interfaces.msg.Time(sec=1725537090, nanosec=443030118)",120.0,Handcrafted_LabStudy,1,1,"-12.0,1.0,0.5","-0.0,0.0,-0.0,-1.0","12.0,-0.0,0.0","-0.0,0.0,-0.0,-1.0",24.020824432373047,24.020824432373047,4.0,0,0,0,0,0,0,0,0.0,0.0,1.0,0.0,1.7976931348623157e+308,0.0,
0,navstack-1725537082607,navstack,overtaking,HandCrafted,,,1725537092,623029947,"builtin_interfaces.msg.Time(sec=1725537090, nanosec=443030118)",120.0,Handcrafted_LabStudy,1,1,"-12.0,1.0,0.5","-0.0,0.0,-0.0,-1.0","12.0,-0.0,0.0","-0.0,0.0,-0.0,-1.0",24.020824432373047,24.020824432373047,4.0,0,0,0,0,0,0,0,0.0,0.0,1.0,0.0,1.7976931348623157e+308,0.0,
0,navstack-1725537082607,navstack,overtaking,HandCrafted,,,1725537092,623029947,"builtin_interfaces.msg.Time(sec=1725537090, nanosec=443030118)",120.0,Handcrafted_LabStudy,1,1,"-12.0,1.0,0.5","-0.0,0.0,-0.0,-1.0","12.0,-0.0,0.0","-0.0,0.0,-0.0,-1.0",24.020824432373047,24.020824432373047,4.0,0,0,0,0,0,0,0,0.0,0.0,1.0,0.0,1.7976931348623157e+308,0.0,
0,navstack-1725537082607,navstack,overtaking,HandCrafted,,,1725537092,643029928,"builtin_interfaces.msg.Time(sec=1725537090, nanosec=443030118)",120.0,Handcrafted_LabStudy,1,1,"-12.0,1.0,0.5","-0.0,0.0,-0.0,-1.0","12.0,-0.0,0.0","-0.0,0.0,-0.0,-1.0",24.020824432373047,24.020824432373047,4.0,0,0,0,0,0,0,0,0.0,0.0,1.0,0.0,1.7976931348623157e+308,0.0,
0,navstack-1725537082607,navstack,overtaking,HandCrafted,,,1725537092,643029928,"builtin_interfaces.msg.Time(sec=1725537090, nanosec=443030118)",120.0,Handcrafted_LabStudy,1,1,"-12.0,1.0,0.5","-0.0,0.0,-0.0,-1.0","12.0,-0.0,0.0","-0.0,0.0,-0.0,-1.0",24.020824432373047,24.020824432373047,4.0,0,0,0,0,0,0,0,0.0,0.0,1.0,0.0,1.7976931348623157e+308,0.0,
0,navstack-1725537082607,navstack,overtaking,HandCrafted,,,1725537092,663030147,"builtin_interfaces.msg.Time(sec=1725537090, nanosec=443030118)",120.0,Handcrafted_LabStudy,1,1,"-12.0,1.0,0.5","-0.0,0.0,-0.0,-1.0","12.0,-0.0,0.0","-0.0,0.0,-0.0,-1.0",24.020824432373047,24.020824432373047,4.0,0,0,0,0,0,0,0,0.0,0.0,1.0,0.0,1.7976931348623157e+308,0.0,
0,navstack-1725537082607,navstack,overtaking,HandCrafted,,,1725537092,663030147,"builtin_interfaces.msg.Time(sec=1725537090, nanosec=443030118)",120.0,Handcrafted_LabStudy,1,1,"-12.0,1.0,0.5","-0.0,0.0,-0.0,-1.0","12.0,-0.0,0.0","-0.0,0.0,-0.0,-1.0",24.020824432373047,24.020824432373047,4.0,0,0,0,0,0,0,0,0.0,0.0,1.0,0.0,1.7976931348623157e+308,0.0,
0,navstack-1725537082607,navstack,overtaking,HandCrafted,,,1725537092,683030128,"builtin_interfaces.msg.Time(sec=1725537090, nanosec=443030118)",120.0,Handcrafted_LabStudy,1,1,"-12.0,1.0,0.5","-0.0,0.0,-0.0,-1.0","12.0,-0.0,0.0","-0.0,0.0,-0.0,-1.0",24.020824432373047,24.020824432373047,4.0,0,0,0,0,0,0,0,0.0,0.0,1.0,0.0,1.7976931348623157e+308,0.0,
0,navstack-1725537082607,navstack,overtaking,HandCrafted,,,1725537092,683030128,"builtin_interfaces.msg.Time(sec=1725537090, nanosec=443030118)",120.0,Handcrafted_LabStudy,1,1,"-12.0,1.0,0.5","-0.0,0.0,-0.0,-1.0","12.0,-0.0,0.0","-0.0,0.0,-0.0,-1.0",24.020824432373047,24.020824432373047,4.0,0,0,0,0,0,0,0,0.0,0.0,1.0,0.0,1.7976931348623157e+308,0.0,
0,navstack-1725537082607,navstack,overtaking,HandCrafted,,,1725537092,703030109,"builtin_interfaces.msg.Time(sec=1725537090, nanosec=443030118)",120.0,Handcrafted_LabStudy,1,1,"-12.0,1.0,0.5","-0.0,0.0,-0.0,-1.0","12.0,-0.0,0.0","-0.0,0.0,-0.0,-1.0",24.020824432373047,24.020824432373047,4.0,0,0,0,0,0,0,0,0.0,0.0,1.0,0.0,1.7976931348623157e+308,0.0,
0,navstack-1725537082607,navstack,overtaking,HandCrafted,,,1725537092,703030109,"builtin_interfaces.msg.Time(sec=1725537090, nanosec=443030118)",120.0,Handcrafted_LabStudy,1,1,"-12.0,1.0,0.5","-0.0,0.0,-0.0,-1.0","12.0,-0.0,0.0","-0.0,0.0,-0.0,-1.0",24.020824432373047,24.020824432373047,4.0,0,0,0,0,0,0,0,0.0,0.0,1.0,0.0,1.7976931348623157e+308,0.0,
0,navstack-1725537082607,navstack,overtaking,HandCrafted,,,1725537092,723030090,"builtin_interfaces.msg.Time(sec=1725537090, nanosec=443030118)",120.0,Handcrafted_LabStudy,1,1,"-12.0,1.0,0.5","-0.0,0.0,-0.0,-1.0","12.0,-0.0,0.0","-0.0,0.0,-0.0,-1.0",24.020824432373047,24.020824432373047,4.0,0,0,0,0,0,0,0,0.0,0.0,1.0,0.0,1.7976931348623157e+308,0.0,
0,navstack-1725537082607,navstack,overtaking,HandCrafted,,,1725537092,743030071,"builtin_interfaces.msg.Time(sec=1725537090, nanosec=443030118)",120.0,Handcrafted_LabStudy,1,1,"-12.0,1.0,0.5","-0.0,0.0,-0.0,-1.0","12.0,-0.0,0.0","-0.0,0.0,-0.0,-1.0",24.020824432373047,24.020824432373047,4.0,0,0,0,0,0,0,0,0.0,0.0,1.0,0.0,1.7976931348623157e+308,0.0,
0,navstack-1725537082607,navstack,overtaking,HandCrafted,,,1725537092,763030052,"builtin_interfaces.msg.Time(sec=1725537090, nanosec=443030118)",120.0,Handcrafted_LabStudy,1,1,"-12.0,1.0,0.5","-0.0,0.0,-0.0,-1.0","12.0,-0.0,0.0","-0.0,0.0,-0.0,-1.0",24.020824432373047,24.020824432373047,4.0,0,0,0,0,0,0,0,0.0,0.0,1.0,0.0,1.7976931348623157e+308,8.96450138092041,
0,navstack-1725537082607,navstack,overtaking,HandCrafted,,,1725537092,783030033,"builtin_interfaces.msg.Time(sec=1725537090, nanosec=443030118)",120.0,Handcrafted_LabStudy,1,1,"-12.0,1.0,0.5","-0.0,0.0,-0.0,-1.0","12.0,-0.0,0.0","-0.0,0.0,-0.0,-1.0",24.020824432373047,24.020824432373047,4.0,0,0,0,0,0,0,0,0.0,0.0,1.0,0.0,1.7976931348623157e+308,376.2647705078125,
0,navstack-1725537082607,navstack,overtaking,HandCrafted,,,1725537092,783030033,"builtin_interfaces.msg.Time(sec=1725537090, nanosec=443030118)",120.0,Handcrafted_LabStudy,1,1,"-12.0,1.0,0.5","-0.0,0.0,-0.0,-1.0","12.0,-0.0,0.0","-0.0,0.0,-0.0,-1.0",24.020824432373047,24.020824432373047,4.0,0,0,0,0,0,0,0,0.0,0.0,1.0,0.0,1.7976931348623157e+308,385.229248046875,
0,navstack-1725537082607,navstack,overtaking,HandCrafted,,,1725537092,803030014,"builtin_interfaces.msg.Time(sec=1725537090, nanosec=443030118)",120.0,Handcrafted_LabStudy,1,1,"-12.0,1.0,0.5","-0.0,0.0,-0.0,-1.0","12.0,-0.0,0.0","-0.0,0.0,-0.0,-1.0",24.020824432373047,24.020824432373047,4.0,0,0,0,0,0,0,0,0.0,0.0,1.0,0.0,1.7976931348623157e+308,77.04496765136719,
0,navstack-1725537082607,navstack,overtaking,HandCrafted,,,1725537092,823029756,"builtin_interfaces.msg.Time(sec=1725537090, nanosec=443030118)",120.0,Handcrafted_LabStudy,1,1,"-12.0,1.0,0.5","-0.0,0.0,-0.0,-1.0","12.0,-0.0,0.0","-0.0,0.0,-0.0,-1.0",24.020824432373047,24.020824432373047,4.0,0,0,0,0,0,0,0,0.0,0.0,1.0,0.0,1.7976931348623157e+308,61.63563919067383,
0,navstack-1725537082607,navstack,overtaking,HandCrafted,,,1725537092,843029737,"builtin_interfaces.msg.Time(sec=1725537090, nanosec=443030118)",120.0,Handcrafted_LabStudy,1,1,"-12.0,1.0,0.5","-0.0,0.0,-0.0,-1.0","12.0,-0.0,0.0","-0.0,0.0,-0.0,-1.0",24.020824432373047,24.020824432373047,4.0,0,0,0,0,0,0,0,0.0,0.0,1.0,0.0,2.352166408895559e+23,12.327768325805664,
0,navstack-1725537082607,navstack,overtaking,HandCrafted,,,1725537092,863029718,"builtin_interfaces.msg.Time(sec=1725537090, nanosec=443030118)",120.0,Handcrafted_LabStudy,1,1,"-12.0,1.0,0.5","-0.0,0.0,-0.0,-1.0","12.0,-0.0,0.0","-0.0,0.0,-0.0,-1.0",24.020824432373047,24.020824432373047,4.0,0,0,0,0,0,0,0,0.0,0.0,1.0,0.0,5.486143917543471e+21,2.466179370880127,
0,navstack-1725537082607,navstack,overtaking,HandCrafted,,,1725537092,863029718,"builtin_interfaces.msg.Time(sec=1725537090, nanosec=443030118)",120.0,Handcrafted_LabStudy,1,1,"-12.0,1.0,0.5","-0.0,0.0,-0.0,-1.0","12.0,-0.0,0.0","-0.0,0.0,-0.0,-1.0",24.020824432373047,24.020824432373047,4.0,0,0,0,0,0,0,0,0.0,0.0,1.0,0.0,5.486143917543471e+21,0.6153807044029236,
0,navstack-1725537082607,navstack,overtaking,HandCrafted,,,1725537092,883029937,"builtin_interfaces.msg.Time(sec=1725537090, nanosec=443030118)",120.0,Handcrafted_LabStudy,1,1,"-12.0,1.0,0.5","-0.0,0.0,-0.0,-1.0","12.0,-0.0,0.0","-0.0,0.0,-0.0,-1.0",24.020824432373047,24.020824432373047,4.0,0,0,0,0,0,0,0,0.0,0.0,1.0,0.0,9.41831093660696e+21,0.12371689081192017,
0,navstack-1725537082607,navstack,overtaking,HandCrafted,,,1725537092,903029918,"builtin_interfaces.msg.Time(sec=1725537090, nanosec=443030118)",120.0,Handcrafted_LabStudy,1,1,"-12.0,1.0,0.5","-0.0,0.0,-0.0,-1.0","12.0,-0.0,0.0","-0.0,0.0,-0.0,-1.0",24.020824432373047,24.020824432373047,4.0,0,0,0,0,0,0,0,0.0,0.0,1.0,0.0,4.3521439390324883e+21,0.09842216968536377,
0,navstack-1725537082607,navstack,overtaking,HandCrafted,,,1725537092,923030138,"builtin_interfaces.msg.Time(sec=1725537090, nanosec=443030118)",120.0,Handcrafted_LabStudy,1,1,"-12.0,1.0,0.5","-0.0,0.0,-0.0,-1.0","12.0,-0.0,0.0","-0.0,0.0,-0.0,-1.0",24.020824432373047,24.020824432373047,4.0,0,0,0,0,0,0,0,0.0,0.0,1.0,0.0,4.669012467553707e+21,0.02078711986541748,
0,navstack-1725537082607,navstack,overtaking,HandCrafted,,,1725537092,943030118,"builtin_interfaces.msg.Time(sec=1725537090, nanosec=443030118)",120.0,Handcrafted_LabStudy,1,1,"-12.0,1.0,0.5","-0.0,0.0,-0.0,-1.0","12.0,-0.0,0.0","-0.0,0.0,-0.0,-1.0",24.020824432373047,24.020824432373047,4.0,0,0,0,0,0,0,0,0.0,0.0,1.0,0.0,4.318895814531531e+21,0.0030547380447387695,
0,navstack-1725537082607,navstack,overtaking,HandCrafted,,,1725537092,963030099,"builtin_interfaces.msg.Time(sec=1725537090, nanosec=443030118)",120.0,Handcrafted_LabStudy,1,1,"-12.0,1.0,0.5","-0.0,0.0,-0.0,-1.0","12.0,-0.0,0.0","-0.0,0.0,-0.0,-1.0",24.020824432373047,24.020824432373047,4.0,0,0,0,0,0,0,0,0.0,0.0,1.0,0.0,4.515297773208515e+21,0.0014528632164001465,
0,navstack-1725537082607,navstack,overtaking,HandCrafted,,,1725537092,983030080,"builtin_interfaces.msg.Time(sec=1725537090, nanosec=443030118)",120.0,Handcrafted_LabStudy,1,1,"-12.0,1.0,0.5","-0.0,0.0,-0.0,-1.0","12.0,-0.0,0.0","-0.0,0.0,-0.0,-1.0",24.020824432373047,24.020824432373047,4.0,0,0,0,0,0,0,0,0.0,0.0,1.0,0.0,4.318895814531531e+21,0.0,
0,navstack-1725537082607,navstack,overtaking,HandCrafted,,,1725537093,3030061,"builtin_interfaces.msg.Time(sec=1725537090, nanosec=443030118)",120.0,Handcrafted_LabStudy,1,1,"-12.0,1.0,0.5","-0.0,0.0,-0.0,-1.0","12.0,-0.0,0.0","-0.0,0.0,-0.0,-1.0",24.020824432373047,24.020824432373047,4.0,0,0,0,0,0,0,0,0.0,0.0,1.0,0.0,1.0549482738486084e+22,0.0,
0,navstack-1725537082607,navstack,overtaking,HandCrafted,,,1725537093,3030061,"builtin_interfaces.msg.Time(sec=1725537090, nanosec=443030118)",120.0,Handcrafted_LabStudy,1,1,"-12.0,1.0,0.5","-0.0,0.0,-0.0,-1.0","12.0,-0.0,0.0","-0.0,0.0,-0.0,-1.0",24.020824432373047,24.020824432373047,4.0,0,0,0,0,0,0,0,0.0,0.0,1.0,0.0,5.221675779554685e+21,0.0,
0,navstack-1725537082607,navstack,overtaking,HandCrafted,,,1725537093,23030042,"builtin_interfaces.msg.Time(sec=1725537090, nanosec=443030118)",120.0,Handcrafted_LabStudy,1,1,"-12.0,1.0,0.5","-0.0,0.0,-0.0,-1.0","12.0,-0.0,0.0","-0.0,0.0,-0.0,-1.0",24.020824432373047,24.020824432373047,4.0,0,0,0,0,0,0,0,0.0,0.0,1.0,0.0,5.22574956516383e+21,0.0,
0,navstack-1725537082607,navstack,overtaking,HandCrafted,,,1725537093,43030023,"builtin_interfaces.msg.Time(sec=1725537090, nanosec=443030118)",120.0,Handcrafted_LabStudy,1,1,"-12.0,1.0,0.5","-0.0,0.0,-0.0,-1.0","12.0,-0.0,0.0","-0.0,0.0,-0.0,-1.0",24.020824432373047,24.020824432373047,4.0,0,0,0,0,0,0,0,0.0,0.0,1.0,0.0,8.275594121138672e+21,0.0,
0,navstack-1725537082607,navstack,overtaking,HandCrafted,,,1725537093,63030004,"builtin_interfaces.msg.Time(sec=1725537090, nanosec=443030118)",120.0,Handcrafted_LabStudy,1,1,"-12.0,1.0,0.5","-0.0,0.0,-0.0,-1.0","12.0,-0.0,0.0","-0.0,0.0,-0.0,-1.0",24.020824432373047,24.020824432373047,4.0,0,0,0,0,0,0,0,0.0,0.0,1.0,0.0,4.318895814531531e+21,0.0,
0,navstack-1725537082607,navstack,overtaking,HandCrafted,,,1725537093,63030004,"builtin_interfaces.msg.Time(sec=1725537090, nanosec=443030118)",120.0,Handcrafted_LabStudy,1,1,"-12.0,1.0,0.5","-0.0,0.0,-0.0,-1.0","12.0,-0.0,0.0","-0.0,0.0,-0.0,-1.0",24.020824432373047,24.020824432373047,4.0,0,0,0,0,0,0,0,0.0,0.0,1.0,0.0,4.461909290689341e+21,0.0,
0,navstack-1725537082607,navstack,overtaking,HandCrafted,,,1725537093,83029747,"builtin_interfaces.msg.Time(sec=1725537090, nanosec=443030118)",120.0,Handcrafted_LabStudy,1,1,"-12.0,1.0,0.5","-0.0,0.0,-0.0,-1.0","12.0,-0.0,0.0","-0.0,0.0,-0.0,-1.0",24.020824432373047,24.020824432373047,4.0,0,0,0,0,0,0,0,0.0,0.0,1.0,0.0,4.4630298382674737e+21,0.0,
0,navstack-1725537082607,navstack,overtaking,HandCrafted,,,1725537093,123029708,"builtin_interfaces.msg.Time(sec=1725537090, nanosec=443030118)",120.0,Handcrafted_LabStudy,1,1,"-12.0,1.0,0.5","-0.0,0.0,-0.0,-1.0","12.0,-0.0,0.0","-0.0,0.0,-0.0,-1.0",24.020824432373047,24.020824432373047,4.0,0,0,0,0,0,0,0,0.0,0.0,1.0,0.0,4.990048744186974e+21,0.0,
0,navstack-1725537082607,navstack,overtaking,HandCrafted,,,1725537093,123029708,"builtin_interfaces.msg.Time(sec=1725537090, nanosec=443030118)",120.0,Handcrafted_LabStudy,1,1,"-12.0,1.0,0.5","-0.0,0.0,-0.0,-1.0","12.0,-0.0,0.0","-0.0,0.0,-0.0,-1.0",24.020824432373047,24.020824432373047,4.0,0,0,0,0,0,0,0,0.0,0.0,1.0,0.0,4.990048744186974e+21,0.0,
0,navstack-1725537082607,navstack,overtaking,HandCrafted,,,1725537093,143029928,"builtin_interfaces.msg.Time(sec=1725537090, nanosec=443030118)",120.0,Handcrafted_LabStudy,1,1,"-12.0,1.0,0.5","-0.0,0.0,-0.0,-1.0","12.0,-0.0,0.0","-0.0,0.0,-0.0,-1.0",24.020824432373047,24.020824432373047,4.0,0,0,0,0,0,0,0,0.0,0.0,1.0,0.0,6.477338273199641e+21,0.0,
0,navstack-1725537082607,navstack,overtaking,HandCrafted,,,1725537093,143029928,"builtin_interfaces.msg.Time(sec=1725537090, nanosec=443030118)",120.0,Handcrafted_LabStudy,1,1,"-12.0,1.0,0.5","-0.0,0.0,-0.0,-1.0","12.0,-0.0,0.0","-0.0,0.0,-0.0,-1.0",24.020824432373047,24.020824432373047,4.0,0,0,0,0,0,0,0,0.0,0.0,1.0,0.0,6.477338273199641e+21,0.0,
0,navstack-1725537082607,navstack,overtaking,HandCrafted,,,1725537093,163030147,"builtin_interfaces.msg.Time(sec=1725537090, nanosec=443030118)",120.0,Handcrafted_LabStudy,1,1,"-12.0,1.0,0.5","-0.0,0.0,-0.0,-1.0","12.0,-0.0,0.0","-0.0,0.0,-0.0,-1.0",24.020824432373047,24.020824432373047,4.0,0,0,0,0,0,0,0,0.0,0.0,1.0,0.0,8.68143141606198e+21,0.0,
0,navstack-1725537082607,navstack,overtaking,HandCrafted,,,1725537093,163030147,"builtin_interfaces.msg.Time(sec=1725537090, nanosec=443030118)",120.0,Handcrafted_LabStudy,1,1,"-12.0,1.0,0.5","-0.0,0.0,-0.0,-1.0","12.0,-0.0,0.0","-0.0,0.0,-0.0,-1.0",24.020824432373047,24.020824432373047,4.0,0,0,0,0,0,0,0,0.0,0.0,1.0,0.0,8.68143141606198e+21,0.0,
0,navstack-1725537082607,navstack,overtaking,HandCrafted,,,1725537093,163030147,"builtin_interfaces.msg.Time(sec=1725537090, nanosec=443030118)",120.0,Handcrafted_LabStudy,1,1,"-12.0,1.0,0.5","-0.0,0.0,-0.0,-1.0","12.0,-0.0,0.0","-0.0,0.0,-0.0,-1.0",24.020824432373047,24.020824432373047,4.0,0,0,0,0,0,0,0,0.0,0.0,1.0,0.0,8.68143141606198e+21,0.0,
0,navstack-1725537082607,navstack,overtaking,HandCrafted,,,1725537093,183030128,"builtin_interfaces.msg.Time(sec=1725537090, nanosec=443030118)",120.0,Handcrafted_LabStudy,1,1,"-12.0,1.0,0.5","-0.0,0.0,-0.0,-1.0","12.0,-0.0,0.0","-0.0,0.0,-0.0,-1.0",24.020824432373047,24.020824432373047,4.0,0,0,0,0,0,0,0,0.0,0.0,1.0,0.0,1.2967013515278426e+22,0.0,
0,navstack-1725537082607,navstack,overtaking,HandCrafted,,,1725537093,203030109,"builtin_interfaces.msg.Time(sec=1725537090, nanosec=443030118)",120.0,Handcrafted_LabStudy,1,1,"-12.0,1.0,0.5","-0.0,0.0,-0.0,-1.0","12.0,-0.0,0.0","-0.0,0.0,-0.0,-1.0",24.020824432373047,24.020824432373047,4.0,0,0,0,0,0,0,0,0.0,0.0,1.0,0.0,4.318895814531531e+21,0.0,
0,navstack-1725537082607,navstack,overtaking,HandCrafted,,,1725537093,223030090,"builtin_interfaces.msg.Time(sec=1725537090, nanosec=443030118)",120.0,Handcrafted_LabStudy,1,1,"-12.0,1.0,0.5","-0.0,0.0,-0.0,-1.0","12.0,-0.0,0.0","-0.0,0.0,-0.0,-1.0",24.020824432373047,24.020824432373047,4.0,0,0,0,0,0,0,0,0.0,0.0,1.0,0.0,4.4187422133219785e+21,0.0,
0,navstack-1725537082607,navstack,overtaking,HandCrafted,,,1725537093,223030090,"builtin_interfaces.msg.Time(sec=1725537090, nanosec=443030118)",120.0,Handcrafted_LabStudy,1,1,"-12.0,1.0,0.5","-0.0,0.0,-0.0,-1.0","12.0,-0.0,0.0","-0.0,0.0,-0.0,-1.0",24.020824432373047,24.020824432373047,4.0,0,0,0,0,0,0,0,0.0,0.0,1.0,0.0,4.4187422133219785e+21,0.0,
0,navstack-1725537082607,navstack,overtaking,HandCrafted,,,1725537093,243030071,"builtin_interfaces.msg.Time(sec=1725537090, nanosec=443030118)",120.0,Handcrafted_LabStudy,1,1,"-12.0,1.0,0.5","-0.0,0.0,-0.0,-1.0","12.0,-0.0,0.0","-0.0,0.0,-0.0,-1.0",24.020824432373047,24.020824432373047,4.0,0,0,0,0,0,0,0,0.0,0.0,1.0,0.0,4.669433265560024e+21,0.0,
0,navstack-1725537082607,navstack,overtaking,HandCrafted,,,1725537093,263030052,"builtin_interfaces.msg.Time(sec=1725537090, nanosec=443030118)",120.0,Handcrafted_LabStudy,1,1,"-12.0,1.0,0.5","-0.0,0.0,-0.0,-1.0","12.0,-0.0,0.0","-0.0,0.0,-0.0,-1.0",24.020824432373047,24.020824432373047,4.0,0,0,0,0,0,0,0,0.0,0.0,1.0,0.0,5.162808722383817e+21,0.0,
0,navstack-1725537082607,navstack,overtaking,HandCrafted,,,1725537093,283030033,"builtin_interfaces.msg.Time(sec=1725537090, nanosec=443030118)",120.0,Handcrafted_LabStudy,1,1,"-12.0,1.0,0.5","-0.0,0.0,-0.0,-1.0","12.0,-0.0,0.0","-0.0,0.0,-0.0,-1.0",24.020824432373047,24.020824432373047,4.0,0,0,0,0,0,0,0,0.0,0.0,1.0,0.0,7.715287495513347e+21,0.0,
0,navstack-1725537082607,navstack,overtaking,HandCrafted,,,1725537093,283030033,"builtin_interfaces.msg.Time(sec=1725537090, nanosec=443030118)",120.0,Handcrafted_LabStudy,1,1,"-12.0,1.0,0.5","-0.0,0.0,-0.0,-1.0","12.0,-0.0,0.0","-0.0,0.0,-0.0,-1.0",24.020824432373047,24.020824432373047,4.0,0,0,0,0,0,0,0,0.0,0.0,1.0,0.0,7.715287495513347e+21,0.0,
0,navstack-1725537082607,navstack,overtaking,HandCrafted,,,1725537093,303030014,"builtin_interfaces.msg.Time(sec=1725537090, nanosec=443030118)",120.0,Handcrafted_LabStudy,1,1,"-12.0,1.0,0.5","-0.0,0.0,-0.0,-1.0","12.0,-0.0,0.0","-0.0,0.0,-0.0,-1.0",24.020824432373047,24.020824432373047,4.0,0,0,0,0,0,0,0,0.0,0.0,1.0,0.0,4.318895814531531e+21,0.0,
0,navstack-1725537082607,navstack,overtaking,HandCrafted,,,1725537093,303030014,"builtin_interfaces.msg.Time(sec=1725537090, nanosec=443030118)",120.0,Handcrafted_LabStudy,1,1,"-12.0,1.0,0.5","-0.0,0.0,-0.0,-1.0","12.0,-0.0,0.0","-0.0,0.0,-0.0,-1.0",24.020824432373047,24.020824432373047,4.0,0,0,0,0,0,0,0,0.0,0.0,1.0,0.0,4.318895814531531e+21,0.0,
0,navstack-1725537082607,navstack,overtaking,HandCrafted,,,1725537093,323029756,"builtin_interfaces.msg.Time(sec=1725537090, nanosec=443030118)",120.0,Handcrafted_LabStudy,1,1,"-12.0,1.0,0.5","-0.0,0.0,-0.0,-1.0","12.0,-0.0,0.0","-0.0,0.0,-0.0,-1.0",24.020824432373047,24.020824432373047,4.0,0,0,0,0,0,0,0,0.0,0.0,1.0,0.0,4.318895814531531e+21,0.0,
0,navstack-1725537082607,navstack,overtaking,HandCrafted,,,1725537093,323029756,"builtin_interfaces.msg.Time(sec=1725537090, nanosec=443030118)",120.0,Handcrafted_LabStudy,1,1,"-12.0,1.0,0.5","-0.0,0.0,-0.0,-1.0","12.0,-0.0,0.0","-0.0,0.0,-0.0,-1.0",24.020824432373047,24.020824432373047,4.0,0,0,0,0,0,0,0,0.0,0.0,1.0,0.0,4.413364200632425e+21,0.0,
0,navstack-1725537082607,navstack,overtaking,HandCrafted,,,1725537093,343029737,"builtin_interfaces.msg.Time(sec=1725537090, nanosec=443030118)",120.0,Handcrafted_LabStudy,1,1,"-12.0,1.0,0.5","-0.0,0.0,-0.0,-1.0","12.0,-0.0,0.0","-0.0,0.0,-0.0,-1.0",24.020824432373047,24.020824432373047,4.0,0,0,0,0,0,0,0,0.0,0.0,1.0,0.0,4.4107044393480665e+21,0.0,
0,navstack-1725537082607,navstack,overtaking,HandCrafted,,,1725537093,363029718,"builtin_interfaces.msg.Time(sec=1725537090, nanosec=443030118)",120.0,Handcrafted_LabStudy,1,1,"-12.0,1.0,0.5","-0.0,0.0,-0.0,-1.0","12.0,-0.0,0.0","-0.0,0.0,-0.0,-1.0",24.020824432373047,24.020824432373047,4.0,0,0,0,0,0,0,0,0.0,0.0,1.0,0.0,4.3083911940577737e+21,0.0,
0,navstack-1725537082607,navstack,overtaking,HandCrafted,,,1725537093,363029718,"builtin_interfaces.msg.Time(sec=1725537090, nanosec=443030118)",120.0,Handcrafted_LabStudy,1,1,"-12.0,1.0,0.5","-0.0,0.0,-0.0,-1.0","12.0,-0.0,0.0","-0.0,0.0,-0.0,-1.0",24.020824432373047,24.020824432373047,4.0,0,0,0,0,0,0,0,0.0,0.0,1.0,0.0,4.3083911940577737e+21,0.0,
0,navstack-1725537082607,navstack,overtaking,HandCrafted,,,1725537093,383029699,"builtin_interfaces.msg.Time(sec=1725537090, nanosec=443030118)",120.0,Handcrafted_LabStudy,1,1,"-12.0,1.0,0.5","-0.0,0.0,-0.0,-1.0","12.0,-0.0,0.0","-0.0,0.0,-0.0,-1.0",24.020824432373047,24.020824432373047,4.0,0,0,0,0,0,0,0,0.0,0.0,1.0,0.0,4.306981274302871e+21,0.0,
0,navstack-1725537082607,navstack,overtaking,HandCrafted,,,1725537093,403029918,"builtin_interfaces.msg.Time(sec=1725537090, nanosec=443030118)",120.0,Handcrafted_LabStudy,1,1,"-12.0,1.0,0.5","-0.0,0.0,-0.0,-1.0","12.0,-0.0,0.0","-0.0,0.0,-0.0,-1.0",24.020824432373047,24.020824432373047,4.0,0,0,0,0,0,0,0,0.0,0.0,1.0,0.0,4.326972581919334e+21,0.0,
0,navstack-1725537082607,navstack,overtaking,HandCrafted,,,1725537093,423030138,"builtin_interfaces.msg.Time(sec=1725537090, nanosec=443030118)",120.0,Handcrafted_LabStudy,1,1,"-12.0,1.0,0.5","-0.0,0.0,-0.0,-1.0","12.0,-0.0,0.0","-0.0,0.0,-0.0,-1.0",24.020824432373047,24.020824432373047,4.0,0,0,0,0,0,0,0,0.0,0.0,1.0,0.0,4.3700278097573776e+21,0.0,
0,navstack-1725537082607,navstack,overtaking,HandCrafted,,,1725537093,443030118,"builtin_interfaces.msg.Time(sec=1725537090, nanosec=443030118)",120.0,Handcrafted_LabStudy,1,1,"-12.0,1.0,0.5","-0.0,0.0,-0.0,-1.0","12.0,-0.0,0.0","-0.0,0.0,-0.0,-1.0",24.020824432373047,24.020824432373047,4.0,0,0,0,0,0,0,0,0.0,0.0,1.0,0.0,4.429625480367467e+21,0.0,
0,navstack-1725537082607,navstack,overtaking,HandCrafted,,,1725537093,443030118,"builtin_interfaces.msg.Time(sec=1725537090, nanosec=443030118)",120.0,Handcrafted_LabStudy,1,1,"-12.0,1.0,0.5","-0.0,0.0,-0.0,-1.0","12.0,-0.0,0.0","-0.0,0.0,-0.0,-1.0",24.020824432373047,24.020824432373047,4.0,0,0,0,0,0,0,0,0.0,0.0,1.0,0.0,4.5750876745081375e+21,0.0,
0,navstack-1725537082607,navstack,overtaking,HandCrafted,,,1725537093,463030099,"builtin_interfaces.msg.Time(sec=1725537090, nanosec=443030118)",120.0,Handcrafted_LabStudy,1,1,"-12.0,1.0,0.5","-0.0,0.0,-0.0,-1.0","12.0,-0.0,0.0","-0.0,0.0,-0.0,-1.0",24.020824432373047,24.020824432373047,4.0,0,0,0,0,0,0,0,0.0,0.0,1.0,0.0,4.5686465782188176e+21,0.0,
0,navstack-1725537082607,navstack,overtaking,HandCrafted,,,1725537093,483030080,"builtin_interfaces.msg.Time(sec=1725537090, nanosec=443030118)",120.0,Handcrafted_LabStudy,1,1,"-12.0,1.0,0.5","-0.0,0.0,-0.0,-1.0","12.0,-0.0,0.0","-0.0,0.0,-0.0,-1.0",24.020824432373047,24.020824432373047,4.0,0,0,0,0,0,0,0,0.0,0.0,1.0,0.0,4.3768366070987405e+21,0.0,
0,navstack-1725537082607,navstack,overtaking,HandCrafted,,,1725537093,483030080,"builtin_interfaces.msg.Time(sec=1725537090, nanosec=443030118)",120.0,Handcrafted_LabStudy,1,1,"-12.0,1.0,0.5","-0.0,0.0,-0.0,-1.0","12.0,-0.0,0.0","-0.0,0.0,-0.0,-1.0",24.020824432373047,24.020824432373047,4.0,0,0,0,0,0,0,0,0.0,0.0,2.0,0.0,4.3768366070987405e+21,0.0,
0,navstack-1725537082607,navstack,overtaking,HandCrafted,,,1725537093,503030061,"builtin_interfaces.msg.Time(sec=1725537090, nanosec=443030118)",120.0,Handcrafted_LabStudy,1,1,"-12.0,1.0,0.5","-0.0,0.0,-0.0,-1.0","12.0,-0.0,0.0","-0.0,0.0,-0.0,-1.0",24.020824432373047,24.020824432373047,4.0,0,0,0,0,0,0,0,0.0,0.0,2.0,0.0,4.315451054256997e+21,0.0,
0,navstack-1725537082607,navstack,overtaking,HandCrafted,,,1725537093,503030061,"builtin_interfaces.msg.Time(sec=1725537090, nanosec=443030118)",120.0,Handcrafted_LabStudy,1,1,"-12.0,1.0,0.5","-0.0,0.0,-0.0,-1.0","12.0,-0.0,0.0","-0.0,0.0,-0.0,-1.0",24.020824432373047,24.020824432373047,4.0,0,0,0,0,0,0,0,0.0,0.0,2.0,0.0,4.315451054256997e+21,0.0,
0,navstack-1725537082607,navstack,overtaking,HandCrafted,,,1725537093,523030042,"builtin_interfaces.msg.Time(sec=1725537090, nanosec=443030118)",120.0,Handcrafted_LabStudy,1,1,"-12.0,1.0,0.5","-0.0,0.0,-0.0,-1.0","12.0,-0.0,0.0","-0.0,0.0,-0.0,-1.0",24.020824432373047,24.020824432373047,4.0,0,0,0,0,0,0,0,0.0,0.0,2.0,0.0,4.307928061755945e+21,0.0,
0,navstack-1725537082607,navstack,overtaking,HandCrafted,,,1725537093,543030023,"builtin_interfaces.msg.Time(sec=1725537090, nanosec=443030118)",120.0,Handcrafted_LabStudy,1,1,"-12.0,1.0,0.5","-0.0,0.0,-0.0,-1.0","12.0,-0.0,0.0","-0.0,0.0,-0.0,-1.0",24.020824432373047,24.020824432373047,4.0,0,0,0,0,0,0,0,0.0,0.0,2.0,0.0,4.331612114077389e+21,0.0,
0,navstack-1725537082607,navstack,overtaking,HandCrafted,,,1725537093,543030023,"builtin_interfaces.msg.Time(sec=1725537090, nanosec=443030118)",120.0,Handcrafted_LabStudy,1,1,"-12.0,1.0,0.5","-0.0,0.0,-0.0,-1.0","12.0,-0.0,0.0","-0.0,0.0,-0.0,-1.0",24.020824432373047,24.020824432373047,4.0,0,0,0,0,0,0,0,0.0,0.0,2.0,0.0,4.331612114077389e+21,0.0,
0,navstack-1725537082607,navstack,overtaking,HandCrafted,,,1725537093,563030004,"builtin_interfaces.msg.Time(sec=1725537090, nanosec=443030118)",120.0,Handcrafted_LabStudy,1,1,"-12.0,1.0,0.5","-0.0,0.0,-0.0,-1.0","12.0,-0.0,0.0","-0.0,0.0,-0.0,-1.0",24.020824432373047,24.020824432373047,4.0,0,0,0,0,0,0,0,0.0,0.0,2.0,0.0,4.371608411209926e+21,0.0,
0,navstack-1725537082607,navstack,overtaking,HandCrafted,,,1725537093,583029747,"builtin_interfaces.msg.Time(sec=1725537090, nanosec=443030118)",120.0,Handcrafted_LabStudy,1,1,"-12.0,1.0,0.5","-0.0,0.0,-0.0,-1.0","12.0,-0.0,0.0","-0.0,0.0,-0.0,-1.0",24.020824432373047,24.020824432373047,4.0,0,0,0,0,0,0,0,0.0,0.0,2.0,0.0,4.4078900725981045e+21,0.0,
0,navstack-1725537082607,navstack,overtaking,HandCrafted,,,1725537093,603029727,"builtin_interfaces.msg.Time(sec=1725537090, nanosec=443030118)",120.0,Handcrafted_LabStudy,1,1,"-12.0,1.0,0.5","-0.0,0.0,-0.0,-1.0","12.0,-0.0,0.0","-0.0,0.0,-0.0,-1.0",24.020824432373047,24.020824432373047,4.0,0,0,0,0,0,0,0,0.0,0.0,2.0,0.0,4.346316051589221e+21,0.0,
0,navstack-1725537082607,navstack,overtaking,HandCrafted,,,1725537093,603029727,"builtin_interfaces.msg.Time(sec=1725537090, nanosec=443030118)",120.0,Handcrafted_LabStudy,1,1,"-12.0,1.0,0.5","-0.0,0.0,-0.0,-1.0","12.0,-0.0,0.0","-0.0,0.0,-0.0,-1.0",24.020824432373047,24.020824432373047,4.0,0,0,0,0,0,0,0,0.0,0.0,2.0,0.0,4.346316051589221e+21,0.0,
0,navstack-1725537082607,navstack,overtaking,HandCrafted,,,1725537093,623029708,"builtin_interfaces.msg.Time(sec=1725537090, nanosec=443030118)",120.0,Handcrafted_LabStudy,1,1,"-12.0,1.0,0.5","-0.0,0.0,-0.0,-1.0","12.0,-0.0,0.0","-0.0,0.0,-0.0,-1.0",24.020824432373047,24.020824432373047,4.0,0,0,0,0,0,0,0,0.0,0.0,2.0,0.0,4.311486039749759e+21,0.0,
0,navstack-1725537082607,navstack,overtaking,HandCrafted,,,1725537093,643029689,"builtin_interfaces.msg.Time(sec=1725537090, nanosec=443030118)",120.0,Handcrafted_LabStudy,1,1,"-12.0,1.0,0.5","-0.0,0.0,-0.0,-1.0","12.0,-0.0,0.0","-0.0,0.0,-0.0,-1.0",24.020824432373047,24.020824432373047,4.0,0,0,0,0,0,0,0,0.0,0.0,2.0,0.0,4.3703513866831753e+21,0.0,
0,navstack-1725537082607,navstack,overtaking,HandCrafted,,,1725537093,663030147,"builtin_interfaces.msg.Time(sec=1725537090, nanosec=443030118)",120.0,Handcrafted_LabStudy,1,1,"-12.0,1.0,0.5","-0.0,0.0,-0.0,-1.0","12.0,-0.0,0.0","-0.0,0.0,-0.0,-1.0",24.020824432373047,24.020824432373047,4.0,0,0,0,0,0,0,0,0.0,0.0,2.0,0.0,4.518511651427115e+21,0.0,
0,navstack-1725537082607,navstack,overtaking,HandCrafted,,,1725537093,683030128,"builtin_interfaces.msg.Time(sec=1725537090, nanosec=443030118)",120.0,Handcrafted_LabStudy,1,1,"-12.0,1.0,0.5","-0.0,0.0,-0.0,-1.0","12.0,-0.0,0.0","-0.0,0.0,-0.0,-1.0",24.020824432373047,24.020824432373047,4.0,0,0,0,0,0,0,0,0.0,0.0,2.0,0.0,4.3041080753845824e+21,0.0,
0,navstack-1725537082607,navstack,overtaking,HandCrafted,,,1725537093,683030128,"builtin_interfaces.msg.Time(sec=1725537090, nanosec=443030118)",120.0,Handcrafted_LabStudy,1,1,"-12.0,1.0,0.5","-0.0,0.0,-0.0,-1.0","12.0,-0.0,0.0","-0.0,0.0,-0.0,-1.0",24.020824432373047,24.020824432373047,4.0,0,0,0,0,0,0,0,0.0,0.0,2.0,0.0,4.3041080753845824e+21,0.0,
0,navstack-1725537082607,navstack,overtaking,HandCrafted,,,1725537093,703030109,"builtin_interfaces.msg.Time(sec=1725537090, nanosec=443030118)",120.0,Handcrafted_LabStudy,1,1,"-12.0,1.0,0.5","-0.0,0.0,-0.0,-1.0","12.0,-0.0,0.0","-0.0,0.0,-0.0,-1.0",24.020824432373047,24.020824432373047,4.0,0,0,0,0,0,0,0,0.0,0.0,2.0,0.0,4.324315214967407e+21,0.0,
0,navstack-1725537082607,navstack,overtaking,HandCrafted,,,1725537093,703030109,"builtin_interfaces.msg.Time(sec=1725537090, nanosec=443030118)",120.0,Handcrafted_LabStudy,1,1,"-12.0,1.0,0.5","-0.0,0.0,-0.0,-1.0","12.0,-0.0,0.0","-0.0,0.0,-0.0,-1.0",24.020824432373047,24.020824432373047,4.0,0,0,0,0,0,0,0,0.0,0.0,2.0,0.0,4.324315214967407e+21,0.0,
0,navstack-1725537082607,navstack,overtaking,HandCrafted,,,1725537093,723030090,"builtin_interfaces.msg.Time(sec=1725537090, nanosec=443030118)",120.0,Handcrafted_LabStudy,1,1,"-12.0,1.0,0.5","-0.0,0.0,-0.0,-1.0","12.0,-0.0,0.0","-0.0,0.0,-0.0,-1.0",24.020824432373047,24.020824432373047,4.0,0,0,0,0,0,0,0,0.0,0.0,2.0,0.0,4.3687362384341086e+21,0.0,
0,navstack-1725537082607,navstack,overtaking,HandCrafted,,,1725537093,723030090,"builtin_interfaces.msg.Time(sec=1725537090, nanosec=443030118)",120.0,Handcrafted_LabStudy,1,1,"-12.0,1.0,0.5","-0.0,0.0,-0.0,-1.0","12.0,-0.0,0.0","-0.0,0.0,-0.0,-1.0",24.020824432373047,24.020824432373047,4.0,0,0,0,0,0,0,0,0.0,0.0,2.0,0.0,4.591153303078744e+21,0.0,
0,navstack-1725537082607,navstack,overtaking,HandCrafted,,,1725537093,743030071,"builtin_interfaces.msg.Time(sec=1725537090, nanosec=443030118)",120.0,Handcrafted_LabStudy,1,1,"-12.0,1.0,0.5","-0.0,0.0,-0.0,-1.0","12.0,-0.0,0.0","-0.0,0.0,-0.0,-1.0",24.020824432373047,24.020824432373047,4.0,0,0,0,0,0,0,0,0.0,0.0,2.0,0.0,4.578508491458352e+21,0.0,
0,navstack-1725537082607,navstack,overtaking,HandCrafted,,,1725537093,763030052,"builtin_interfaces.msg.Time(sec=1725537090, nanosec=443030118)",120.0,Handcrafted_LabStudy,1,1,"-12.0,1.0,0.5","-0.0,0.0,-0.0,-1.0","12.0,-0.0,0.0","-0.0,0.0,-0.0,-1.0",24.020824432373047,24.020824432373047,4.0,0,0,0,0,0,0,0,0.0,0.0,2.0,0.0,4.305292585843396e+21,0.0,
0,navstack-1725537082607,navstack,overtaking,HandCrafted,,,1725537093,763030052,"builtin_interfaces.msg.Time(sec=1725537090, nanosec=443030118)",120.0,Handcrafted_LabStudy,1,1,"-12.0,1.0,0.5","-0.0,0.0,-0.0,-1.0","12.0,-0.0,0.0","-0.0,0.0,-0.0,-1.0",24.020824432373047,24.020824432373047,4.0,0,0,0,0,0,0,0,0.0,0.0,2.0,0.0,4.305292585843396e+21,0.0,
0,navstack-1725537082607,navstack,overtaking,HandCrafted,,,1725537093,783030033,"builtin_interfaces.msg.Time(sec=1725537090, nanosec=443030118)",120.0,Handcrafted_LabStudy,1,1,"-12.0,1.0,0.5","-0.0,0.0,-0.0,-1.0","12.0,-0.0,0.0","-0.0,0.0,-0.0,-1.0",24.020824432373047,24.020824432373047,4.0,0,0,0,0,0,0,0,0.0,0.0,2.0,0.0,4.330711503035502e+21,0.0,
0,navstack-1725537082607,navstack,overtaking,HandCrafted,,,1725537093,803030014,"builtin_interfaces.msg.Time(sec=1725537090, nanosec=443030118)",120.0,Handcrafted_LabStudy,1,1,"-12.0,1.0,0.5","-0.0,0.0,-0.0,-1.0","12.0,-0.0,0.0","-0.0,0.0,-0.0,-1.0",24.020824432373047,24.020824432373047,4.0,0,0,0,0,0,0,0,0.0,0.0,2.0,0.0,4.4281474931619995e+21,0.0,
0,navstack-1725537082607,navstack,overtaking,HandCrafted,,,1725537093,823029756,"builtin_interfaces.msg.Time(sec=1725537090, nanosec=443030118)",120.0,Handcrafted_LabStudy,1,1,"-12.0,1.0,0.5","-0.0,0.0,-0.0,-1.0","12.0,-0.0,0.0","-0.0,0.0,-0.0,-1.0",24.020824432373047,24.020824432373047,4.0,0,0,0,0,0,0,0,0.0,0.0,2.0,0.0,4.527032738504782e+21,0.0,
0,navstack-1725537082607,navstack,overtaking,HandCrafted,,,1725537093,823029756,"builtin_interfaces.msg.Time(sec=1725537090, nanosec=443030118)",120.0,Handcrafted_LabStudy,1,1,"-12.0,1.0,0.5","-0.0,0.0,-0.0,-1.0","12.0,-0.0,0.0","-0.0,0.0,-0.0,-1.0",24.020824432373047,24.020824432373047,4.0,0,0,0,0,0,0,0,0.0,0.0,2.0,0.0,4.312422565778125e+21,0.0,
0,navstack-1725537082607,navstack,overtaking,HandCrafted,,,1725537093,823029756,"builtin_interfaces.msg.Time(sec=1725537090, nanosec=443030118)",120.0,Handcrafted_LabStudy,1,1,"-12.0,1.0,0.5","-0.0,0.0,-0.0,-1.0","12.0,-0.0,0.0","-0.0,0.0,-0.0,-1.0",24.020824432373047,24.020824432373047,4.0,0,0,0,0,0,0,0,0.0,0.0,2.0,0.0,4.312422565778125e+21,0.0,
0,navstack-1725537082607,navstack,overtaking,HandCrafted,,,1725537093,843029737,"builtin_interfaces.msg.Time(sec=1725537090, nanosec=443030118)",120.0,Handcrafted_LabStudy,1,1,"-12.0,1.0,0.5","-0.0,0.0,-0.0,-1.0","12.0,-0.0,0.0","-0.0,0.0,-0.0,-1.0",24.020824432373047,24.020824432373047,4.0,0,0,0,0,0,0,0,0.0,0.0,2.0,0.0,4.310877195217074e+21,0.0,
0,navstack-1725537082607,navstack,overtaking,HandCrafted,,,1725537093,843029737,"builtin_interfaces.msg.Time(sec=1725537090, nanosec=443030118)",120.0,Handcrafted_LabStudy,1,1,"-12.0,1.0,0.5","-0.0,0.0,-0.0,-1.0","12.0,-0.0,0.0","-0.0,0.0,-0.0,-1.0",24.020824432373047,24.020824432373047,4.0,0,0,0,0,0,0,0,0.0,0.0,2.0,0.0,4.310877195217074e+21,0.0,
0,navstack-1725537082607,navstack,overtaking,HandCrafted,,,1725537093,863029718,"builtin_interfaces.msg.Time(sec=1725537090, nanosec=443030118)",120.0,Handcrafted_LabStudy,1,1,"-12.0,1.0,0.5","-0.0,0.0,-0.0,-1.0","12.0,-0.0,0.0","-0.0,0.0,-0.0,-1.0",24.020824432373047,24.020824432373047,4.0,0,0,0,0,0,0,0,0.0,0.0,2.0,0.0,4.316226817964935e+21,0.0,
0,navstack-1725537082607,navstack,overtaking,HandCrafted,,,1725537093,883029699,"builtin_interfaces.msg.Time(sec=1725537090, nanosec=443030118)",120.0,Handcrafted_LabStudy,1,1,"-12.0,1.0,0.5","-0.0,0.0,-0.0,-1.0","12.0,-0.0,0.0","-0.0,0.0,-0.0,-1.0",24.020824432373047,24.020824432373047,4.0,0,0,0,0,0,0,0,0.0,0.0,2.0,0.0,4.423504540529042e+21,0.0,
0,navstack-1725537082607,navstack,overtaking,HandCrafted,,,1725537093,923030138,"builtin_interfaces.msg.Time(sec=1725537090, nanosec=443030118)",120.0,Handcrafted_LabStudy,1,1,"-12.0,1.0,0.5","-0.0,0.0,-0.0,-1.0","12.0,-0.0,0.0","-0.0,0.0,-0.0,-1.0",24.020824432373047,24.020824432373047,4.0,0,0,0,0,0,0,0,0.0,0.0,2.0,0.0,4.36156931737043e+21,0.0,
0,navstack-1725537082607,navstack,overtaking,HandCrafted,,,1725537093,943030118,"builtin_interfaces.msg.Time(sec=1725537090, nanosec=443030118)",120.0,Handcrafted_LabStudy,1,1,"-12.0,1.0,0.5","-0.0,0.0,-0.0,-1.0","12.0,-0.0,0.0","-0.0,0.0,-0.0,-1.0",24.020824432373047,24.020824432373047,4.0,0,0,0,0,0,0,0,0.0,0.0,2.0,0.0,4.38036380081843e+21,0.0,
0,navstack-1725537082607,navstack,overtaking,HandCrafted,,,1725537093,963030099,"builtin_interfaces.msg.Time(sec=1725537090, nanosec=443030118)",120.0,Handcrafted_LabStudy,1,1,"-12.0,1.0,0.5","-0.0,0.0,-0.0,-1.0","12.0,-0.0,0.0","-0.0,0.0,-0.0,-1.0",24.020824432373047,24.020824432373047,4.0,0,0,0,0,0,0,0,0.0,0.0,2.0,0.0,4.5508173527883663e+21,0.0,
0,navstack-1725537082607,navstack,overtaking,HandCrafted,,,1725537093,963030099,"builtin_interfaces.msg.Time(sec=1725537090, nanosec=443030118)",120.0,Handcrafted_LabStudy,1,1,"-12.0,1.0,0.5","-0.0,0.0,-0.0,-1.0","12.0,-0.0,0.0","-0.0,0.0,-0.0,-1.0",24.020824432373047,24.020824432373047,4.0,0,0,0,0,0,0,0,0.0,0.0,2.0,0.0,4.3044696195818004e+21,0.0,
0,navstack-1725537082607,navstack,overtaking,HandCrafted,,,1725537093,983030080,"builtin_interfaces.msg.Time(sec=1725537090, nanosec=443030118)",120.0,Handcrafted_LabStudy,1,1,"-12.0,1.0,0.5","-0.0,0.0,-0.0,-1.0","12.0,-0.0,0.0","-0.0,0.0,-0.0,-1.0",24.020824432373047,24.020824432373047,4.0,0,0,0,0,0,0,0,0.0,0.0,2.0,0.0,4.3042965435517224e+21,0.0,
0,navstack-1725537082607,navstack,overtaking,HandCrafted,,,1725537093,983030080,"builtin_interfaces.msg.Time(sec=1725537090, nanosec=443030118)",120.0,Handcrafted_LabStudy,1,1,"-12.0,1.0,0.5","-0.0,0.0,-0.0,-1.0","12.0,-0.0,0.0","-0.0,0.0,-0.0,-1.0",24.020824432373047,24.020824432373047,4.0,0,0,0,0,0,0,0,0.0,0.0,2.0,0.0,4.3042965435517224e+21,0.0,
0,navstack-1725537082607,navstack,overtaking,HandCrafted,,,1725537094,3030061,"builtin_interfaces.msg.Time(sec=1725537090, nanosec=443030118)",120.0,Handcrafted_LabStudy,1,1,"-12.0,1.0,0.5","-0.0,0.0,-0.0,-1.0","12.0,-0.0,0.0","-0.0,0.0,-0.0,-1.0",24.020824432373047,24.020824432373047,4.0,0,0,0,0,0,0,0,0.0,0.0,2.0,0.0,4.3361784480725263e+21,0.0,
0,navstack-1725537082607,navstack,overtaking,HandCrafted,,,1725537094,3030061,"builtin_interfaces.msg.Time(sec=1725537090, nanosec=443030118)",120.0,Handcrafted_LabStudy,1,1,"-12.0,1.0,0.5","-0.0,0.0,-0.0,-1.0","12.0,-0.0,0.0","-0.0,0.0,-0.0,-1.0",24.020824432373047,24.020824432373047,4.0,0,0,0,0,0,0,0,0.0,0.0,2.0,0.0,4.3361784480725263e+21,0.0,
0,navstack-1725537082607,navstack,overtaking,HandCrafted,,,1725537094,23030042,"builtin_interfaces.msg.Time(sec=1725537090, nanosec=443030118)",120.0,Handcrafted_LabStudy,1,1,"-12.0,1.0,0.5","-0.0,0.0,-0.0,-1.0","12.0,-0.0,0.0","-0.0,0.0,-0.0,-1.0",24.020824432373047,24.020824432373047,4.0,0,0,0,0,0,0,0,0.0,0.0,2.0,0.0,4.439978573803033e+21,0.0,
0,navstack-1725537082607,navstack,overtaking,HandCrafted,,,1725537094,23030042,"builtin_interfaces.msg.Time(sec=1725537090, nanosec=443030118)",120.0,Handcrafted_LabStudy,1,1,"-12.0,1.0,0.5","-0.0,0.0,-0.0,-1.0","12.0,-0.0,0.0","-0.0,0.0,-0.0,-1.0",24.020824432373047,24.020824432373047,4.0,0,0,0,0,0,0,0,0.0,0.0,2.0,0.0,4.341574247231574e+21,0.0,
0,navstack-1725537082607,navstack,overtaking,HandCrafted,,,1725537094,43030023,"builtin_interfaces.msg.Time(sec=1725537090, nanosec=443030118)",120.0,Handcrafted_LabStudy,1,1,"-12.0,1.0,0.5","-0.0,0.0,-0.0,-1.0","12.0,-0.0,0.0","-0.0,0.0,-0.0,-1.0",24.020824432373047,24.020824432373047,4.0,0,0,0,0,0,0,0,0.0,0.0,2.0,0.0,4.3399023190991223e+21,0.0,
0,navstack-1725537082607,navstack,overtaking,HandCrafted,,,1725537094,63030004,"builtin_interfaces.msg.Time(sec=1725537090, nanosec=443030118)",120.0,Handcrafted_LabStudy,1,1,"-12.0,1.0,0.5","-0.0,0.0,-0.0,-1.0","12.0,-0.0,0.0","-0.0,0.0,-0.0,-1.0",24.020824432373047,24.020824432373047,4.0,0,0,0,0,0,0,0,0.0,0.0,2.0,0.0,4.344501831700816e+21,0.0,
0,navstack-1725537082607,navstack,overtaking,HandCrafted,,,1725537094,63030004,"builtin_interfaces.msg.Time(sec=1725537090, nanosec=443030118)",120.0,Handcrafted_LabStudy,1,1,"-12.0,1.0,0.5","-0.0,0.0,-0.0,-1.0","12.0,-0.0,0.0","-0.0,0.0,-0.0,-1.0",24.020824432373047,24.020824432373047,4.0,0,0,0,0,0,0,0,0.0,0.0,2.0,0.0,4.344501831700816e+21,0.0,
0,navstack-1725537082607,navstack,overtaking,HandCrafted,,,1725537094,83029747,"builtin_interfaces.msg.Time(sec=1725537090, nanosec=443030118)",120.0,Handcrafted_LabStudy,1,1,"-12.0,1.0,0.5","-0.0,0.0,-0.0,-1.0","12.0,-0.0,0.0","-0.0,0.0,-0.0,-1.0",24.020824432373047,24.020824432373047,4.0,0,0,0,0,0,0,0,0.0,0.0,2.0,0.0,4.4337050807839464e+21,0.0,
0,navstack-1725537082607,navstack,overtaking,HandCrafted,,,1725537094,103029727,"builtin_interfaces.msg.Time(sec=1725537090, nanosec=443030118)",120.0,Handcrafted_LabStudy,1,1,"-12.0,1.0,0.5","-0.0,0.0,-0.0,-1.0","12.0,-0.0,0.0","-0.0,0.0,-0.0,-1.0",24.020824432373047,24.020824432373047,4.0,0,0,0,0,0,0,0,0.0,0.0,2.0,0.0,4.3584108508452545e+21,0.0,
0,navstack-1725537082607,navstack,overtaking,HandCrafted,,,1725537094,103029727,"builtin_interfaces.msg.Time(sec=1725537090, nanosec=443030118)",120.0,Handcrafted_LabStudy,1,1,"-12.0,1.0,0.5","-0.0,0.0,-0.0,-1.0","12.0,-0.0,0.0","-0.0,0.0,-0.0,-1.0",24.020824432373047,24.020824432373047,4.0,0,0,0,0,0,0,0,0.0,0.0,2.0,0.0,4.3584108508452545e+21,0.0,
0,navstack-1725537082607,navstack,overtaking,HandCrafted,,,1725537094,123029708,"builtin_interfaces.msg.Time(sec=1725537090, nanosec=443030118)",120.0,Handcrafted_LabStudy,1,1,"-12.0,1.0,0.5","-0.0,0.0,-0.0,-1.0","12.0,-0.0,0.0","-0.0,0.0,-0.0,-1.0",24.020824432373047,24.020824432373047,4.0,0,0,0,0,0,0,0,0.0,0.0,2.0,0.0,4.3255951566760066e+21,0.0,
0,navstack-1725537082607,navstack,overtaking,HandCrafted,,,1725537094,143029689,"builtin_interfaces.msg.Time(sec=1725537090, nanosec=443030118)",120.0,Handcrafted_LabStudy,1,1,"-12.0,1.0,0.5","-0.0,0.0,-0.0,-1.0","12.0,-0.0,0.0","-0.0,0.0,-0.0,-1.0",24.020824432373047,24.020824432373047,4.0,0,0,0,0,0,0,0,0.0,0.0,2.0,0.0,4.434141875429024e+21,0.0,
0,navstack-1725537082607,navstack,overtaking,HandCrafted,,,1725537094,163030147,"builtin_interfaces.msg.Time(sec=1725537090, nanosec=443030118)",120.0,Handcrafted_LabStudy,1,1,"-12.0,1.0,0.5","-0.0,0.0,-0.0,-1.0","12.0,-0.0,0.0","-0.0,0.0,-0.0,-1.0",24.020824432373047,24.020824432373047,4.0,0,0,0,0,0,0,0,0.0,0.0,2.0,0.0,4.3639951181714424e+21,0.0,
0,navstack-1725537082607,navstack,overtaking,HandCrafted,,,1725537094,183030128,"builtin_interfaces.msg.Time(sec=1725537090, nanosec=443030118)",120.0,Handcrafted_LabStudy,1,1,"-12.0,1.0,0.5","-0.0,0.0,-0.0,-1.0","12.0,-0.0,0.0","-0.0,0.0,-0.0,-1.0",24.020824432373047,24.020824432373047,4.0,0,0,0,0,0,0,0,0.0,0.0,2.0,0.0,4.364213344470236e+21,0.0,
0,navstack-1725537082607,navstack,overtaking,HandCrafted,,,1725537094,183030128,"builtin_interfaces.msg.Time(sec=1725537090, nanosec=443030118)",120.0,Handcrafted_LabStudy,1,1,"-12.0,1.0,0.5","-0.0,0.0,-0.0,-1.0","12.0,-0.0,0.0","-0.0,0.0,-0.0,-1.0",24.020824432373047,24.020824432373047,4.0,0,0,0,0,0,0,0,0.0,0.0,2.0,0.0,4.364213344470236e+21,0.0,
0,navstack-1725537082607,navstack,overtaking,HandCrafted,,,1725537094,203030109,"builtin_interfaces.msg.Time(sec=1725537090, nanosec=443030118)",120.0,Handcrafted_LabStudy,1,1,"-12.0,1.0,0.5","-0.0,0.0,-0.0,-1.0","12.0,-0.0,0.0","-0.0,0.0,-0.0,-1.0",24.020824432373047,24.020824432373047,4.0,0,0,0,0,0,0,0,0.0,0.0,2.0,0.0,4.437035255149239e+21,0.0,
0,navstack-1725537082607,navstack,overtaking,HandCrafted,,,1725537094,203030109,"builtin_interfaces.msg.Time(sec=1725537090, nanosec=443030118)",120.0,Handcrafted_LabStudy,1,1,"-12.0,1.0,0.5","-0.0,0.0,-0.0,-1.0","12.0,-0.0,0.0","-0.0,0.0,-0.0,-1.0",24.020824432373047,24.020824432373047,4.0,0,0,0,0,0,0,0,0.0,0.0,2.0,0.0,4.3652695871201975e+21,0.0,
0,navstack-1725537082607,navstack,overtaking,HandCrafted,,,1725537094,223030090,"builtin_interfaces.msg.Time(sec=1725537090, nanosec=443030118)",120.0,Handcrafted_LabStudy,1,1,"-12.0,1.0,0.5","-0.0,0.0,-0.0,-1.0","12.0,-0.0,0.0","-0.0,0.0,-0.0,-1.0",24.020824432373047,24.020824432373047,4.0,0,0,0,0,0,0,0,0.0,0.0,2.0,0.0,4.3627483550693993e+21,0.0,
0,navstack-1725537082607,navstack,overtaking,HandCrafted,,,1725537094,243030071,"builtin_interfaces.msg.Time(sec=1725537090, nanosec=443030118)",120.0,Handcrafted_LabStudy,1,1,"-12.0,1.0,0.5","-0.0,0.0,-0.0,-1.0","12.0,-0.0,0.0","-0.0,0.0,-0.0,-1.0",24.020824432373047,24.020824432373047,4.0,0,0,0,0,0,0,0,0.0,0.0,2.0,0.0,4.313115896040907e+21,0.0,
0,navstack-1725537082607,navstack,overtaking,HandCrafted,,,1725537094,263030052,"builtin_interfaces.msg.Time(sec=1725537090, nanosec=443030118)",120.0,Handcrafted_LabStudy,1,1,"-12.0,1.0,0.5","-0.0,0.0,-0.0,-1.0","12.0,-0.0,0.0","-0.0,0.0,-0.0,-1.0",24.020824432373047,24.020824432373047,4.0,0,0,0,0,0,0,0,0.0,0.0,2.0,0.0,4.4276135570296846e+21,0.0,
0,navstack-1725537082607,navstack,overtaking,HandCrafted,,,1725537094,283030033,"builtin_interfaces.msg.Time(sec=1725537090, nanosec=443030118)",120.0,Handcrafted_LabStudy,1,1,"-12.0,1.0,0.5","-0.0,0.0,-0.0,-1.0","12.0,-0.0,0.0","-0.0,0.0,-0.0,-1.0",24.020824432373047,24.020824432373047,4.0,0,0,0,0,0,0,0,0.0,0.0,2.0,0.0,4.567071791573603e+21,0.0,
0,navstack-1725537082607,navstack,overtaking,HandCrafted,,,1725537094,283030033,"builtin_interfaces.msg.Time(sec=1725537090, nanosec=443030118)",120.0,Handcrafted_LabStudy,1,1,"-12.0,1.0,0.5","-0.0,0.0,-0.0,-1.0","12.0,-0.0,0.0","-0.0,0.0,-0.0,-1.0",24.020824432373047,24.020824432373047,4.0,0,0,0,0,0,0,0,0.0,0.0,2.0,0.0,4.3041220993316836e+21,0.0,
0,navstack-1725537082607,navstack,overtaking,HandCrafted,,,1725537094,303030014,"builtin_interfaces.msg.Time(sec=1725537090, nanosec=443030118)",120.0,Handcrafted_LabStudy,1,1,"-12.0,1.0,0.5","-0.0,0.0,-0.0,-1.0","12.0,-0.0,0.0","-0.0,0.0,-0.0,-1.0",24.020824432373047,24.020824432373047,4.0,0,0,0,0,0,0,0,0.0,0.0,2.0,0.0,4.3039975940452243e+21,0.0,
0,navstack-1725537082607,navstack,overtaking,HandCrafted,,,1725537094,323029756,"builtin_interfaces.msg.Time(sec=1725537090, nanosec=443030118)",120.0,Handcrafted_LabStudy,1,1,"-12.0,1.0,0.5","-0.0,0.0,-0.0,-1.0","12.0,-0.0,0.0","-0.0,0.0,-0.0,-1.0",24.020824432373047,24.020824432373047,4.0,0,0,0,0,0,0,0,0.0,0.0,2.0,0.0,4.4080303120691165e+21,0.0,
0,navstack-1725537082607,navstack,overtaking,HandCrafted,,,1725537094,343029737,"builtin_interfaces.msg.Time(sec=1725537090, nanosec=443030118)",120.0,Handcrafted_LabStudy,1,1,"-12.0,1.0,0.5","-0.0,0.0,-0.0,-1.0","12.0,-0.0,0.0","-0.0,0.0,-0.0,-1.0",24.020824432373047,24.020824432373047,4.0,0,0,0,0,0,0,0,0.0,0.0,2.0,0.0,4.5491707361701947e+21,0.0,
0,navstack-1725537082607,navstack,overtaking,HandCrafted,,,1725537094,363029718,"builtin_interfaces.msg.Time(sec=1725537090, nanosec=443030118)",120.0,Handcrafted_LabStudy,1,1,"-12.0,1.0,0.5","-0.0,0.0,-0.0,-1.0","12.0,-0.0,0.0","-0.0,0.0,-0.0,-1.0",24.020824432373047,24.020824432373047,4.0,0,0,0,0,0,0,0,0.0,0.0,2.0,0.0,4.319383574252659e+21,0.0,
0,navstack-1725537082607,navstack,overtaking,HandCrafted,,,1725537094,403029680,"builtin_interfaces.msg.Time(sec=1725537090, nanosec=443030118)",120.0,Handcrafted_LabStudy,1,1,"-12.0,1.0,0.5","-0.0,0.0,-0.0,-1.0","12.0,-0.0,0.0","-0.0,0.0,-0.0,-1.0",24.020824432373047,24.020824432373047,4.0,0,0,0,0,0,0,0,0.0,0.0,2.0,0.0,4.383940249376719e+21,0.0,
0,navstack-1725537082607,navstack,overtaking,HandCrafted,,,1725537094,423030138,"builtin_interfaces.msg.Time(sec=1725537090, nanosec=443030118)",120.0,Handcrafted_LabStudy,1,1,"-12.0,1.0,0.5","-0.0,0.0,-0.0,-1.0","12.0,-0.0,0.0","-0.0,0.0,-0.0,-1.0",24.020824432373047,24.020824432373047,4.0,0,0,0,0,0,0,0,0.0,0.0,2.0,0.0,4.563223415260548e+21,0.0,
0,navstack-1725537082607,navstack,overtaking,HandCrafted,,,1725537094,443030118,"builtin_interfaces.msg.Time(sec=1725537090, nanosec=443030118)",120.0,Handcrafted_LabStudy,1,1,"-12.0,1.0,0.5","-0.0,0.0,-0.0,-1.0","12.0,-0.0,0.0","-0.0,0.0,-0.0,-1.0",24.020824432373047,24.020824432373047,4.0,0,0,0,0,0,0,0,0.0,0.0,2.0,0.0,4.3107721866375604e+21,0.0,
0,navstack-1725537082607,navstack,overtaking,HandCrafted,,,1725537094,443030118,"builtin_interfaces.msg.Time(sec=1725537090, nanosec=443030118)",120.0,Handcrafted_LabStudy,1,1,"-12.0,1.0,0.5","-0.0,0.0,-0.0,-1.0","12.0,-0.0,0.0","-0.0,0.0,-0.0,-1.0",24.020824432373047,24.020824432373047,4.0,0,0,0,0,0,0,0,0.0,0.0,2.0,0.0,4.3107721866375604e+21,0.0,
0,navstack-1725537082607,navstack,overtaking,HandCrafted,,,1725537094,463030099,"builtin_interfaces.msg.Time(sec=1725537090, nanosec=443030118)",120.0,Handcrafted_LabStudy,1,1,"-12.0,1.0,0.5","-0.0,0.0,-0.0,-1.0","12.0,-0.0,0.0","-0.0,0.0,-0.0,-1.0",24.020824432373047,24.020824432373047,4.0,0,0,0,0,0,0,0,0.0,0.0,2.0,0.0,4.357052922308873e+21,0.0,
0,navstack-1725537082607,navstack,overtaking,HandCrafted,,,1725537094,483030080,"builtin_interfaces.msg.Time(sec=1725537090, nanosec=443030118)",120.0,Handcrafted_LabStudy,1,1,"-12.0,1.0,0.5","-0.0,0.0,-0.0,-1.0","12.0,-0.0,0.0","-0.0,0.0,-0.0,-1.0",24.020824432373047,24.020824432373047,4.0,0,0,0,0,0,0,0,0.0,0.0,2.0,0.0,4.490642648062187e+21,0.0,
0,navstack-1725537082607,navstack,overtaking,HandCrafted,,,1725537094,523030042,"builtin_interfaces.msg.Time(sec=1725537090, nanosec=443030118)",120.0,Handcrafted_LabStudy,1,1,"-12.0,1.0,0.5","-0.0,0.0,-0.0,-1.0","12.0,-0.0,0.0","-0.0,0.0,-0.0,-1.0",24.020824432373047,24.020824432373047,4.0,0,0,0,0,0,0,0,0.0,0.0,3.0,0.0,4.3092692299653033e+21,0.0,
0,navstack-1725537082607,navstack,overtaking,HandCrafted,,,1725537094,543030023,"builtin_interfaces.msg.Time(sec=1725537090, nanosec=443030118)",120.0,Handcrafted_LabStudy,1,1,"-12.0,1.0,0.5","-0.0,0.0,-0.0,-1.0","12.0,-0.0,0.0","-0.0,0.0,-0.0,-1.0",24.020824432373047,24.020824432373047,4.0,0,0,0,0,0,0,0,0.0,0.0,3.0,0.0,4.3044278897879873e+21,0.0,
0,navstack-1725537082607,navstack,overtaking,HandCrafted,,,1725537094,563030004,"builtin_interfaces.msg.Time(sec=1725537090, nanosec=443030118)",120.0,Handcrafted_LabStudy,1,1,"-12.0,1.0,0.5","-0.0,0.0,-0.0,-1.0","12.0,-0.0,0.0","-0.0,0.0,-0.0,-1.0",24.020824432373047,24.020824432373047,4.0,0,0,0,0,0,0,0,0.0,0.0,3.0,0.0,4.3187548909655383e+21,0.0,
0,navstack-1725537082607,navstack,overtaking,HandCrafted,,,1725537094,583029747,"builtin_interfaces.msg.Time(sec=1725537090, nanosec=443030118)",120.0,Handcrafted_LabStudy,1,1,"-12.0,1.0,0.5","-0.0,0.0,-0.0,-1.0","12.0,-0.0,0.0","-0.0,0.0,-0.0,-1.0",24.020824432373047,24.020824432373047,4.0,0,0,0,0,0,0,0,0.0,0.0,3.0,0.0,4.340496797637216e+21,0.0,
0,navstack-1725537082607,navstack,overtaking,HandCrafted,,,1725537094,603029727,"builtin_interfaces.msg.Time(sec=1725537090, nanosec=443030118)",120.0,Handcrafted_LabStudy,1,1,"-12.0,1.0,0.5","-0.0,0.0,-0.0,-1.0","12.0,-0.0,0.0","-0.0,0.0,-0.0,-1.0",24.020824432373047,24.020824432373047,4.0,0,0,0,0,0,0,0,0.0,0.0,3.0,0.0,4.3663179626778827e+21,0.0,
0,navstack-1725537082607,navstack,overtaking,HandCrafted,,,1725537094,623029708,"builtin_interfaces.msg.Time(sec=1725537090, nanosec=443030118)",120.0,Handcrafted_LabStudy,1,1,"-12.0,1.0,0.5","-0.0,0.0,-0.0,-1.0","12.0,-0.0,0.0","-0.0,0.0,-0.0,-1.0",24.020824432373047,24.020824432373047,4.0,0,0,0,0,0,0,0,0.0,0.0,3.0,0.0,4.3905780229729456e+21,0.0,
0,navstack-1725537082607,navstack,overtaking,HandCrafted,,,1725537094,643029689,"builtin_interfaces.msg.Time(sec=1725537090, nanosec=443030118)",120.0,Handcrafted_LabStudy,1,1,"-12.0,1.0,0.5","-0.0,0.0,-0.0,-1.0","12.0,-0.0,0.0","-0.0,0.0,-0.0,-1.0",24.020824432373047,24.020824432373047,4.0,0,0,0,0,0,0,0,0.0,0.0,3.0,0.0,4.417411648584819e+21,0.0,
0,navstack-1725537082607,navstack,overtaking,HandCrafted,,,1725537094,663029670,"builtin_interfaces.msg.Time(sec=1725537090, nanosec=443030118)",120.0,Handcrafted_LabStudy,1,1,"-12.0,1.0,0.5","-0.0,0.0,-0.0,-1.0","12.0,-0.0,0.0","-0.0,0.0,-0.0,-1.0",24.020824432373047,24.020824432373047,4.0,0,0,0,0,0,0,0,0.0,0.0,3.0,0.0,4.4415314694088703e+21,0.0,
0,navstack-1725537082607,navstack,overtaking,HandCrafted,,,1725537094,663029670,"builtin_interfaces.msg.Time(sec=1725537090, nanosec=443030118)",120.0,Handcrafted_LabStudy,1,1,"-12.0,1.0,0.5","-0.0,0.0,-0.0,-1.0","12.0,-0.0,0.0","-0.0,0.0,-0.0,-1.0",24.020824432373047,24.020824432373047,4.0,0,0,0,0,0,0,0,0.0,0.0,3.0,0.0,4.4415314694088703e+21,0.0,
0,navstack-1725537082607,navstack,overtaking,HandCrafted,,,1725537094,683029890,"builtin_interfaces.msg.Time(sec=1725537090, nanosec=443030118)",120.0,Handcrafted_LabStudy,1,1,"-12.0,1.0,0.5","-0.0,0.0,-0.0,-1.0","12.0,-0.0,0.0","-0.0,0.0,-0.0,-1.0",24.020824432373047,24.020824432373047,4.0,0,0,0,0,0,0,0,0.0,0.0,3.0,0.0,4.4631625526936994e+21,0.0,
0,navstack-1725537082607,navstack,overtaking,HandCrafted,,,1725537094,683029890,"builtin_interfaces.msg.Time(sec=1725537090, nanosec=443030118)",120.0,Handcrafted_LabStudy,1,1,"-12.0,1.0,0.5","-0.0,0.0,-0.0,-1.0","12.0,-0.0,0.0","-0.0,0.0,-0.0,-1.0",24.020824432373047,24.020824432373047,4.0,0,0,0,0,0,0,0,0.0,0.0,3.0,0.0,4.4631625526936994e+21,0.0,
0,navstack-1725537082607,navstack,overtaking,HandCrafted,,,1725537094,703029870,"builtin_interfaces.msg.Time(sec=1725537090, nanosec=443030118)",120.0,Handcrafted_LabStudy,1,1,"-12.0,1.0,0.5","-0.0,0.0,-0.0,-1.0","12.0,-0.0,0.0","-0.0,0.0,-0.0,-1.0",24.020824432373047,24.020824432373047,4.0,0,0,0,0,0,0,0,0.0,0.0,3.0,0.0,4.4882890192816224e+21,0.0,
0,navstack-1725537082607,navstack,overtaking,HandCrafted,,,1725537094,723029851,"builtin_interfaces.msg.Time(sec=1725537090, nanosec=443030118)",120.0,Handcrafted_LabStudy,1,1,"-12.0,1.0,0.5","-0.0,0.0,-0.0,-1.0","12.0,-0.0,0.0","-0.0,0.0,-0.0,-1.0",24.020824432373047,24.020824432373047,4.0,0,0,0,0,0,0,0,0.0,0.0,3.0,0.0,4.509296892039175e+21,0.0,
0,navstack-1725537082607,navstack,overtaking,HandCrafted,,,1725537094,743029832,"builtin_interfaces.msg.Time(sec=1725537090, nanosec=443030118)",120.0,Handcrafted_LabStudy,1,1,"-12.0,1.0,0.5","-0.0,0.0,-0.0,-1.0","12.0,-0.0,0.0","-0.0,0.0,-0.0,-1.0",24.020824432373047,24.020824432373047,4.0,0,0,0,0,0,0,0,0.0,0.0,3.0,0.0,4.373234504978682e+21,0.0,
0,navstack-1725537082607,navstack,overtaking,HandCrafted,,,1725537094,763029813,"builtin_interfaces.msg.Time(sec=1725537090, nanosec=443030118)",120.0,Handcrafted_LabStudy,1,1,"-12.0,1.0,0.5","-0.0,0.0,-0.0,-1.0","12.0,-0.0,0.0","-0.0,0.0,-0.0,-1.0",24.020824432373047,24.020824432373047,4.0,0,0,0,0,0,0,0,0.0,0.0,3.0,0.0,4.3127608507460045e+21,0.0,
0,navstack-1725537082607,navstack,overtaking,HandCrafted,,,1725537094,783029794,"builtin_interfaces.msg.Time(sec=1725537090, nanosec=443030118)",120.0,Handcrafted_LabStudy,1,1,"-12.0,1.0,0.5","-0.0,0.0,-0.0,-1.0","12.0,-0.0,0.0","-0.0,0.0,-0.0,-1.0",24.020824432373047,24.020824432373047,4.0,0,0,0,0,0,0,0,0.0,0.0,3.0,0.0,4.3068752395808864e+21,0.0,
0,navstack-1725537082607,navstack,overtaking,HandCrafted,,,1725537094,783029794,"builtin_interfaces.msg.Time(sec=1725537090, nanosec=443030118)",120.0,Handcrafted_LabStudy,1,1,"-12.0,1.0,0.5","-0.0,0.0,-0.0,-1.0","12.0,-0.0,0.0","-0.0,0.0,-0.0,-1.0",24.020824432373047,24.020824432373047,4.0,0,0,0,0,0,0,0,0.0,0.0,3.0,0.0,4.3068752395808864e+21,0.0,
0,navstack-1725537082607,navstack,overtaking,HandCrafted,,,1725537094,803030252,"builtin_interfaces.msg.Time(sec=1725537090, nanosec=443030118)",120.0,Handcrafted_LabStudy,1,1,"-12.0,1.0,0.5","-0.0,0.0,-0.0,-1.0","12.0,-0.0,0.0","-0.0,0.0,-0.0,-1.0",24.020824432373047,24.020824432373047,4.0,0,0,0,0,0,0,0,0.0,0.0,3.0,0.0,4.3867518797467584e+21,0.0,
0,navstack-1725537082607,navstack,overtaking,HandCrafted,,,1725537094,823029994,"builtin_interfaces.msg.Time(sec=1725537090, nanosec=443030118)",120.0,Handcrafted_LabStudy,1,1,"-12.0,1.0,0.5","-0.0,0.0,-0.0,-1.0","12.0,-0.0,0.0","-0.0,0.0,-0.0,-1.0",24.020824432373047,24.020824432373047,4.0,0,0,0,0,0,0,0,0.0,0.0,3.0,0.0,5.060507448755685e+21,0.0,
0,navstack-1725537082607,navstack,overtaking,HandCrafted,,,1725537094,843029975,"builtin_interfaces.msg.Time(sec=1725537090, nanosec=443030118)",120.0,Handcrafted_LabStudy,1,1,"-12.0,1.0,0.5","-0.0,0.0,-0.0,-1.0","12.0,-0.0,0.0","-0.0,0.0,-0.0,-1.0",24.020824432373047,24.020824432373047,4.0,0,0,0,0,0,0,0,0.0,0.0,3.0,0.0,4.318895814531531e+21,0.0,
0,navstack-1725537082607,navstack,overtaking,HandCrafted,,,1725537094,843029975,"builtin_interfaces.msg.Time(sec=1725537090, nanosec=443030118)",120.0,Handcrafted_LabStudy,1,1,"-12.0,1.0,0.5","-0.0,0.0,-0.0,-1.0","12.0,-0.0,0.0","-0.0,0.0,-0.0,-1.0",24.020824432373047,24.020824432373047,4.0,0,0,0,0,0,0,0,0.0,0.0,3.0,0.0,4.318895814531531e+21,0.0,
0,navstack-1725537082607,navstack,overtaking,HandCrafted,,,1725537094,863029956,"builtin_interfaces.msg.Time(sec=1725537090, nanosec=443030118)",120.0,Handcrafted_LabStudy,1,1,"-12.0,1.0,0.5","-0.0,0.0,-0.0,-1.0","12.0,-0.0,0.0","-0.0,0.0,-0.0,-1.0",24.020824432373047,24.020824432373047,4.0,0,0,0,0,0,0,0,0.0,0.0,3.0,0.0,9.494130780189456e+21,0.0,
0,navstack-1725537082607,navstack,overtaking,HandCrafted,,,1725537094,883029937,"builtin_interfaces.msg.Time(sec=1725537090, nanosec=443030118)",120.0,Handcrafted_LabStudy,1,1,"-12.0,1.0,0.5","-0.0,0.0,-0.0,-1.0","12.0,-0.0,0.0","-0.0,0.0,-0.0,-1.0",24.020824432373047,24.020824432373047,4.0,0,0,0,0,0,0,0,0.0,0.0,3.0,0.0,4.3141570886012963e+21,0.0,
0,navstack-1725537082607,navstack,overtaking,HandCrafted,,,1725537094,923030138,"builtin_interfaces.msg.Time(sec=1725537090, nanosec=443030118)",120.0,Handcrafted_LabStudy,1,1,"-12.0,1.0,0.5","-0.0,0.0,-0.0,-1.0","12.0,-0.0,0.0","-0.0,0.0,-0.0,-1.0",24.020824432373047,24.020824432373047,4.0,0,0,0,0,0,0,0,0.0,0.0,3.0,0.0,4.318895814531531e+21,0.0,
0,navstack-1725537082607,navstack,overtaking,HandCrafted,,,1725537094,943030118,"builtin_interfaces.msg.Time(sec=1725537090, nanosec=443030118)",120.0,Handcrafted_LabStudy,1,1,"-12.0,1.0,0.5","-0.0,0.0,-0.0,-1.0","12.0,-0.0,0.0","-0.0,0.0,-0.0,-1.0",24.020824432373047,24.020824432373047,4.0,0,0,0,0,0,0,0,0.0,0.0,3.0,0.0,8.508237037552492e+21,0.0,
0,navstack-1725537082607,navstack,overtaking,HandCrafted,,,1725537094,963030099,"builtin_interfaces.msg.Time(sec=1725537090, nanosec=443030118)",120.0,Handcrafted_LabStudy,1,1,"-12.0,1.0,0.5","-0.0,0.0,-0.0,-1.0","12.0,-0.0,0.0","-0.0,0.0,-0.0,-1.0",24.020824432373047,24.020824432373047,4.0,0,0,0,0,0,0,0,0.0,0.0,3.0,0.0,4.312839521668767e+21,0.0,
0,navstack-1725537082607,navstack,overtaking,HandCrafted,,,1725537095,3030061,"builtin_interfaces.msg.Time(sec=1725537090, nanosec=443030118)",120.0,Handcrafted_LabStudy,1,1,"-12.0,1.0,0.5","-0.0,0.0,-0.0,-1.0","12.0,-0.0,0.0","-0.0,0.0,-0.0,-1.0",24.020824432373047,24.020824432373047,4.0,0,0,0,0,0,0,0,0.0,0.0,3.0,0.0,4.318895814531531e+21,0.0,
0,navstack-1725537082607,navstack,overtaking,HandCrafted,,,1725537095,23030042,"builtin_interfaces.msg.Time(sec=1725537090, nanosec=443030118)",120.0,Handcrafted_LabStudy,1,1,"-12.0,1.0,0.5","-0.0,0.0,-0.0,-1.0","12.0,-0.0,0.0","-0.0,0.0,-0.0,-1.0",24.020824432373047,24.020824432373047,4.0,0,0,0,0,0,0,0,0.0,0.0,3.0,0.0,7.104201183577157e+21,0.0,
0,navstack-1725537082607,navstack,overtaking,HandCrafted,,,1725537095,43030023,"builtin_interfaces.msg.Time(sec=1725537090, nanosec=443030118)",120.0,Handcrafted_LabStudy,1,1,"-12.0,1.0,0.5","-0.0,0.0,-0.0,-1.0","12.0,-0.0,0.0","-0.0,0.0,-0.0,-1.0",24.020824432373047,24.020824432373047,4.0,0,0,0,0,0,0,0,0.0,0.0,3.0,0.0,4.4959642229158456e+21,0.0,
0,navstack-1725537082607,navstack,overtaking,HandCrafted,,,1725537095,63030004,"builtin_interfaces.msg.Time(sec=1725537090, nanosec=443030118)",120.0,Handcrafted_LabStudy,1,1,"-12.0,1.0,0.5","-0.0,0.0,-0.0,-1.0","12.0,-0.0,0.0","-0.0,0.0,-0.0,-1.0",24.020824432373047,24.020824432373047,4.0,0,0,0,0,0,0,0,0.0,0.0,3.0,0.0,4.318895814531531e+21,0.0,
0,navstack-1725537082607,navstack,overtaking,HandCrafted,,,1725537095,83029747,"builtin_interfaces.msg.Time(sec=1725537090, nanosec=443030118)",120.0,Handcrafted_LabStudy,1,1,"-12.0,1.0,0.5","-0.0,0.0,-0.0,-1.0","12.0,-0.0,0.0","-0.0,0.0,-0.0,-1.0",24.020824432373047,24.020824432373047,4.0,0,0,0,0,0,0,0,0.0,0.0,3.0,0.0,7.877126581440772e+21,0.0,
0,navstack-1725537082607,navstack,overtaking,HandCrafted,,,1725537095,103029727,"builtin_interfaces.msg.Time(sec=1725537090, nanosec=443030118)",120.0,Handcrafted_LabStudy,1,1,"-12.0,1.0,0.5","-0.0,0.0,-0.0,-1.0","12.0,-0.0,0.0","-0.0,0.0,-0.0,-1.0",24.020824432373047,24.020824432373047,4.0,0,0,0,0,0,0,0,0.0,0.0,3.0,0.0,4.3161307026201683e+21,0.0,
0,navstack-1725537082607,navstack,overtaking,HandCrafted,,,1725537095,103029727,"builtin_interfaces.msg.Time(sec=1725537090, nanosec=443030118)",120.0,Handcrafted_LabStudy,1,1,"-12.0,1.0,0.5","-0.0,0.0,-0.0,-1.0","12.0,-0.0,0.0","-0.0,0.0,-0.0,-1.0",24.020824432373047,24.020824432373047,4.0,0,0,0,0,0,0,0,0.0,0.0,3.0,0.0,4.3161307026201683e+21,0.0,
0,navstack-1725537082607,navstack,overtaking,HandCrafted,,,1725537095,123029708,"builtin_interfaces.msg.Time(sec=1725537090, nanosec=443030118)",120.0,Handcrafted_LabStudy,1,1,"-12.0,1.0,0.5","-0.0,0.0,-0.0,-1.0","12.0,-0.0,0.0","-0.0,0.0,-0.0,-1.0",24.020824432373047,24.020824432373047,4.0,0,0,0,0,0,0,0,0.0,0.0,3.0,0.0,4.529992475438109e+21,0.0,
0,navstack-1725537082607,navstack,overtaking,HandCrafted,,,1725537095,143029689,"builtin_interfaces.msg.Time(sec=1725537090, nanosec=443030118)",120.0,Handcrafted_LabStudy,1,1,"-12.0,1.0,0.5","-0.0,0.0,-0.0,-1.0","12.0,-0.0,0.0","-0.0,0.0,-0.0,-1.0",24.020824432373047,24.020824432373047,4.0,0,0,0,0,0,0,0,0.0,0.0,3.0,0.0,4.318895814531531e+21,0.0,
0,navstack-1725537082607,navstack,overtaking,HandCrafted,,,1725537095,163029670,"builtin_interfaces.msg.Time(sec=1725537090, nanosec=443030118)",120.0,Handcrafted_LabStudy,1,1,"-12.0,1.0,0.5","-0.0,0.0,-0.0,-1.0","12.0,-0.0,0.0","-0.0,0.0,-0.0,-1.0",24.020824432373047,24.020824432373047,4.0,0,0,0,0,0,0,0,0.0,0.0,3.0,0.0,4.318895814531531e+21,0.0,
0,navstack-1725537082607,navstack,overtaking,HandCrafted,,,1725537095,183029890,"builtin_interfaces.msg.Time(sec=1725537090, nanosec=443030118)",120.0,Handcrafted_LabStudy,1,1,"-12.0,1.0,0.5","-0.0,0.0,-0.0,-1.0","12.0,-0.0,0.0","-0.0,0.0,-0.0,-1.0",24.020824432373047,24.020824432373047,4.0,0,0,0,0,0,0,0,0.0,0.0,3.0,0.0,6.803380677307253e+21,0.0,
0,navstack-1725537082607,navstack,overtaking,HandCrafted,,,1725537095,203029870,"builtin_interfaces.msg.Time(sec=1725537090, nanosec=443030118)",120.0,Handcrafted_LabStudy,1,1,"-12.0,1.0,0.5","-0.0,0.0,-0.0,-1.0","12.0,-0.0,0.0","-0.0,0.0,-0.0,-1.0",24.020824432373047,24.020824432373047,4.0,0,0,0,0,0,0,0,0.0,0.0,3.0,0.0,4.35618275349362e+21,0.0,
0,navstack-1725537082607,navstack,overtaking,HandCrafted,,,1725537095,223029851,"builtin_interfaces.msg.Time(sec=1725537090, nanosec=443030118)",120.0,Handcrafted_LabStudy,1,1,"-12.0,1.0,0.5","-0.0,0.0,-0.0,-1.0","12.0,-0.0,0.0","-0.0,0.0,-0.0,-1.0",24.020824432373047,24.020824432373047,4.0,0,0,0,0,0,0,0,0.0,0.0,3.0,0.0,4.318895814531531e+21,0.0,
0,navstack-1725537082607,navstack,overtaking,HandCrafted,,,1725537095,243029832,"builtin_interfaces.msg.Time(sec=1725537090, nanosec=443030118)",120.0,Handcrafted_LabStudy,1,1,"-12.0,1.0,0.5","-0.0,0.0,-0.0,-1.0","12.0,-0.0,0.0","-0.0,0.0,-0.0,-1.0",24.020824432373047,24.020824432373047,4.0,0,0,0,0,0,0,0,0.0,0.0,3.0,0.0,7.47525293283474e+21,0.0,
0,navstack-1725537082607,navstack,overtaking,HandCrafted,,,1725537095,263029813,"builtin_interfaces.msg.Time(sec=1725537090, nanosec=443030118)",120.0,Handcrafted_LabStudy,1,1,"-12.0,1.0,0.5","-0.0,0.0,-0.0,-1.0","12.0,-0.0,0.0","-0.0,0.0,-0.0,-1.0",24.020824432373047,24.020824432373047,4.0,0,0,0,0,0,0,0,0.0,0.0,3.0,0.0,4.3227226418526987e+21,0.0,
0,navstack-1725537082607,navstack,overtaking,HandCrafted,,,1725537095,283029794,"builtin_interfaces.msg.Time(sec=1725537090, nanosec=443030118)",120.0,Handcrafted_LabStudy,1,1,"-12.0,1.0,0.5","-0.0,0.0,-0.0,-1.0","12.0,-0.0,0.0","-0.0,0.0,-0.0,-1.0",24.020824432373047,24.020824432373047,4.0,0,0,0,0,0,0,0,0.0,0.0,3.0,0.0,4.318895814531531e+21,0.0,
0,navstack-1725537082607,navstack,overtaking,HandCrafted,,,1725537095,303029775,"builtin_interfaces.msg.Time(sec=1725537090, nanosec=443030118)",120.0,Handcrafted_LabStudy,1,1,"-12.0,1.0,0.5","-0.0,0.0,-0.0,-1.0","12.0,-0.0,0.0","-0.0,0.0,-0.0,-1.0",24.020824432373047,24.020824432373047,4.0,0,0,0,0,0,0,0,0.0,0.0,3.0,0.0,4.318895814531531e+21,0.0,
0,navstack-1725537082607,navstack,overtaking,HandCrafted,,,1725537095,303029775,"builtin_interfaces.msg.Time(sec=1725537090, nanosec=443030118)",120.0,Handcrafted_LabStudy,1,1,"-12.0,1.0,0.5","-0.0,0.0,-0.0,-1.0","12.0,-0.0,0.0","-0.0,0.0,-0.0,-1.0",24.020824432373047,24.020824432373047,4.0,0,0,0,0,0,0,0,0.0,0.0,3.0,0.0,4.318895814531531e+21,0.0,
0,navstack-1725537082607,navstack,overtaking,HandCrafted,,,1725537095,323029994,"builtin_interfaces.msg.Time(sec=1725537090, nanosec=443030118)",120.0,Handcrafted_LabStudy,1,1,"-12.0,1.0,0.5","-0.0,0.0,-0.0,-1.0","12.0,-0.0,0.0","-0.0,0.0,-0.0,-1.0",24.020824432373047,24.020824432373047,4.0,0,0,0,0,0,0,0,0.0,0.0,3.0,0.0,7.742132066644909e+21,0.0,
0,navstack-1725537082607,navstack,overtaking,HandCrafted,,,1725537095,343029975,"builtin_interfaces.msg.Time(sec=1725537090, nanosec=443030118)",120.0,Handcrafted_LabStudy,1,1,"-12.0,1.0,0.5","-0.0,0.0,-0.0,-1.0","12.0,-0.0,0.0","-0.0,0.0,-0.0,-1.0",24.020824432373047,24.020824432373047,4.0,0,0,0,0,0,0,0,0.0,0.0,3.0,0.0,4.3525327647249227e+21,0.0,
0,navstack-1725537082607,navstack,overtaking,HandCrafted,,,1725537095,363029956,"builtin_interfaces.msg.Time(sec=1725537090, nanosec=443030118)",120.0,Handcrafted_LabStudy,1,1,"-12.0,1.0,0.5","-0.0,0.0,-0.0,-1.0","12.0,-0.0,0.0","-0.0,0.0,-0.0,-1.0",24.020824432373047,24.020824432373047,4.0,0,0,0,0,0,0,0,0.0,0.0,3.0,0.0,4.318895814531531e+21,0.0,
0,navstack-1725537082607,navstack,overtaking,HandCrafted,,,1725537095,383029937,"builtin_interfaces.msg.Time(sec=1725537090, nanosec=443030118)",120.0,Handcrafted_LabStudy,1,1,"-12.0,1.0,0.5","-0.0,0.0,-0.0,-1.0","12.0,-0.0,0.0","-0.0,0.0,-0.0,-1.0",24.020824432373047,24.020824432373047,4.0,0,0,0,0,0,0,0,0.0,0.0,3.0,0.0,4.318895814531531e+21,0.0,
0,navstack-1725537082607,navstack,overtaking,HandCrafted,,,1725537095,403029918,"builtin_interfaces.msg.Time(sec=1725537090, nanosec=443030118)",120.0,Handcrafted_LabStudy,1,1,"-12.0,1.0,0.5","-0.0,0.0,-0.0,-1.0","12.0,-0.0,0.0","-0.0,0.0,-0.0,-1.0",24.020824432373047,24.020824432373047,4.0,0,0,0,0,0,0,0,0.0,0.0,3.0,0.0,4.342792962439415e+21,0.0,
0,navstack-1725537082607,navstack,overtaking,HandCrafted,,,1725537095,403029918,"builtin_interfaces.msg.Time(sec=1725537090, nanosec=443030118)",120.0,Handcrafted_LabStudy,1,1,"-12.0,1.0,0.5","-0.0,0.0,-0.0,-1.0","12.0,-0.0,0.0","-0.0,0.0,-0.0,-1.0",24.020824432373047,24.020824432373047,4.0,0,0,0,0,0,0,0,0.0,0.0,3.0,0.0,4.342792962439415e+21,0.0,
0,navstack-1725537082607,navstack,overtaking,HandCrafted,,,1725537095,423030138,"builtin_interfaces.msg.Time(sec=1725537090, nanosec=443030118)",120.0,Handcrafted_LabStudy,1,1,"-12.0,1.0,0.5","-0.0,0.0,-0.0,-1.0","12.0,-0.0,0.0","-0.0,0.0,-0.0,-1.0",24.020824432373047,24.020824432373047,4.0,0,0,0,0,0,0,0,0.0,0.0,3.0,0.0,4.303953469918979e+21,0.0,
0,navstack-1725537082607,navstack,overtaking,HandCrafted,,,1725537095,423030138,"builtin_interfaces.msg.Time(sec=1725537090, nanosec=443030118)",120.0,Handcrafted_LabStudy,1,1,"-12.0,1.0,0.5","-0.0,0.0,-0.0,-1.0","12.0,-0.0,0.0","-0.0,0.0,-0.0,-1.0",24.020824432373047,24.020824432373047,4.0,0,0,0,0,0,0,0,0.0,0.0,3.0,0.0,4.303953469918979e+21,0.0,
0,navstack-1725537082607,navstack,overtaking,HandCrafted,,,1725537095,443030118,"builtin_interfaces.msg.Time(sec=1725537090, nanosec=443030118)",120.0,Handcrafted_LabStudy,1,1,"-12.0,1.0,0.5","-0.0,0.0,-0.0,-1.0","12.0,-0.0,0.0","-0.0,0.0,-0.0,-1.0",24.020824432373047,24.020824432373047,4.0,0,0,0,0,0,0,0,0.0,0.0,3.0,0.0,4.335909256697682e+21,0.0,
0,navstack-1725537082607,navstack,overtaking,HandCrafted,,,1725537095,463030099,"builtin_interfaces.msg.Time(sec=1725537090, nanosec=443030118)",120.0,Handcrafted_LabStudy,1,1,"-12.0,1.0,0.5","-0.0,0.0,-0.0,-1.0","12.0,-0.0,0.0","-0.0,0.0,-0.0,-1.0",24.020824432373047,24.020824432373047,4.0,0,0,0,0,0,0,0,0.0,0.0,3.0,0.0,4.378239343856348e+21,0.0,
0,navstack-1725537082607,navstack,overtaking,HandCrafted,,,1725537095,483030080,"builtin_interfaces.msg.Time(sec=1725537090, nanosec=443030118)",120.0,Handcrafted_LabStudy,1,1,"-12.0,1.0,0.5","-0.0,0.0,-0.0,-1.0","12.0,-0.0,0.0","-0.0,0.0,-0.0,-1.0",24.020824432373047,24.020824432373047,4.0,0,0,0,0,0,0,0,0.0,0.0,3.0,0.0,4.4286263596483813e+21,0.0,
0,navstack-1725537082607,navstack,overtaking,HandCrafted,,,1725537095,503030061,"builtin_interfaces.msg.Time(sec=1725537090, nanosec=443030118)",120.0,Handcrafted_LabStudy,1,1,"-12.0,1.0,0.5","-0.0,0.0,-0.0,-1.0","12.0,-0.0,0.0","-0.0,0.0,-0.0,-1.0",24.020824432373047,24.020824432373047,4.0,0,0,0,0,0,0,0,0.0,0.0,3.0,0.0,4.5170182720845853e+21,0.0,
0,navstack-1725537082607,navstack,overtaking,HandCrafted,,,1725537095,523030042,"builtin_interfaces.msg.Time(sec=1725537090, nanosec=443030118)",120.0,Handcrafted_LabStudy,1,1,"-12.0,1.0,0.5","-0.0,0.0,-0.0,-1.0","12.0,-0.0,0.0","-0.0,0.0,-0.0,-1.0",24.020824432373047,24.020824432373047,4.0,0,0,0,0,0,0,0,0.0,0.0,4.0,0.0,4.59108557767567e+21,0.0,
0,navstack-1725537082607,navstack,overtaking,HandCrafted,,,1725537095,543030023,"builtin_interfaces.msg.Time(sec=1725537090, nanosec=443030118)",120.0,Handcrafted_LabStudy,1,1,"-12.0,1.0,0.5","-0.0,0.0,-0.0,-1.0","12.0,-0.0,0.0","-0.0,0.0,-0.0,-1.0",24.020824432373047,24.020824432373047,4.0,0,0,0,0,0,0,0,0.0,0.0,4.0,0.0,4.647085934830564e+21,0.0,
0,navstack-1725537082607,navstack,overtaking,HandCrafted,,,1725537095,583029747,"builtin_interfaces.msg.Time(sec=1725537090, nanosec=443030118)",120.0,Handcrafted_LabStudy,1,1,"-12.0,1.0,0.5","-0.0,0.0,-0.0,-1.0","12.0,-0.0,0.0","-0.0,0.0,-0.0,-1.0",24.020824432373047,24.020824432373047,4.0,0,0,0,0,0,0,0,0.0,0.0,4.0,0.0,4.696361296279212e+21,0.0,
0,navstack-1725537082607,navstack,overtaking,HandCrafted,,,1725537095,603029727,"builtin_interfaces.msg.Time(sec=1725537090, nanosec=443030118)",120.0,Handcrafted_LabStudy,1,1,"-12.0,1.0,0.5","-0.0,0.0,-0.0,-1.0","12.0,-0.0,0.0","-0.0,0.0,-0.0,-1.0",24.020824432373047,24.020824432373047,4.0,0,0,0,0,0,0,0,0.0,0.0,4.0,0.0,4.735930718143889e+21,0.0,
0,navstack-1725537082607,navstack,overtaking,HandCrafted,,,1725537095,623029708,"builtin_interfaces.msg.Time(sec=1725537090, nanosec=443030118)",120.0,Handcrafted_LabStudy,1,1,"-12.0,1.0,0.5","-0.0,0.0,-0.0,-1.0","12.0,-0.0,0.0","-0.0,0.0,-0.0,-1.0",24.020824432373047,24.020824432373047,4.0,0,0,0,0,0,0,0,0.0,0.0,4.0,0.0,4.774618341578644e+21,0.0,
0,navstack-1725537082607,navstack,overtaking,HandCrafted,,,1725537095,663029670,"builtin_interfaces.msg.Time(sec=1725537090, nanosec=443030118)",120.0,Handcrafted_LabStudy,1,1,"-12.0,1.0,0.5","-0.0,0.0,-0.0,-1.0","12.0,-0.0,0.0","-0.0,0.0,-0.0,-1.0",24.020824432373047,24.020824432373047,4.0,0,0,0,0,0,0,0,0.0,0.0,4.0,0.0,4.419306933728418e+21,0.0,
0,navstack-1725537082607,navstack,overtaking,HandCrafted,,,1725537095,663029670,"builtin_interfaces.msg.Time(sec=1725537090, nanosec=443030118)",120.0,Handcrafted_LabStudy,1,1,"-12.0,1.0,0.5","-0.0,0.0,-0.0,-1.0","12.0,-0.0,0.0","-0.0,0.0,-0.0,-1.0",24.020824432373047,24.020824432373047,4.0,0,0,0,0,0,0,0,0.0,0.0,4.0,0.0,4.419306933728418e+21,0.0,
0,navstack-1725537082607,navstack,overtaking,HandCrafted,,,1725537095,683029890,"builtin_interfaces.msg.Time(sec=1725537090, nanosec=443030118)",120.0,Handcrafted_LabStudy,1,1,"-12.0,1.0,0.5","-0.0,0.0,-0.0,-1.0","12.0,-0.0,0.0","-0.0,0.0,-0.0,-1.0",24.020824432373047,24.020824432373047,4.0,0,0,0,0,0,0,0,0.0,0.0,4.0,0.0,4.6727713070175926e+21,0.0,
0,navstack-1725537082607,navstack,overtaking,HandCrafted,,,1725537095,703029870,"builtin_interfaces.msg.Time(sec=1725537090, nanosec=443030118)",120.0,Handcrafted_LabStudy,1,1,"-12.0,1.0,0.5","-0.0,0.0,-0.0,-1.0","12.0,-0.0,0.0","-0.0,0.0,-0.0,-1.0",24.020824432373047,24.020824432373047,4.0,0,0,0,0,0,0,0,0.0,0.0,4.0,0.0,4.832773939969745e+21,0.0,
0,navstack-1725537082607,navstack,overtaking,HandCrafted,,,1725537095,723029851,"builtin_interfaces.msg.Time(sec=1725537090, nanosec=443030118)",120.0,Handcrafted_LabStudy,1,1,"-12.0,1.0,0.5","-0.0,0.0,-0.0,-1.0","12.0,-0.0,0.0","-0.0,0.0,-0.0,-1.0",24.020824432373047,24.020824432373047,4.0,0,0,0,0,0,0,0,0.0,0.0,4.0,0.0,4.595888266486585e+21,0.0,
0,navstack-1725537082607,navstack,overtaking,HandCrafted,,,1725537095,743029832,"builtin_interfaces.msg.Time(sec=1725537090, nanosec=443030118)",120.0,Handcrafted_LabStudy,1,1,"-12.0,1.0,0.5","-0.0,0.0,-0.0,-1.0","12.0,-0.0,0.0","-0.0,0.0,-0.0,-1.0",24.020824432373047,24.020824432373047,4.0,0,0,0,0,0,0,0,0.0,0.0,4.0,0.0,4.797033397711178e+21,0.0,
0,navstack-1725537082607,navstack,overtaking,HandCrafted,,,1725537095,743029832,"builtin_interfaces.msg.Time(sec=1725537090, nanosec=443030118)",120.0,Handcrafted_LabStudy,1,1,"-12.0,1.0,0.5","-0.0,0.0,-0.0,-1.0","12.0,-0.0,0.0","-0.0,0.0,-0.0,-1.0",24.020824432373047,24.020824432373047,4.0,0,0,0,0,0,0,0,0.0,0.0,4.0,0.0,4.4887685698629843e+21,0.0,
0,navstack-1725537082607,navstack,overtaking,HandCrafted,,,1725537095,763029813,"builtin_interfaces.msg.Time(sec=1725537090, nanosec=443030118)",120.0,Handcrafted_LabStudy,1,1,"-12.0,1.0,0.5","-0.0,0.0,-0.0,-1.0","12.0,-0.0,0.0","-0.0,0.0,-0.0,-1.0",24.020824432373047,24.020824432373047,4.0,0,0,0,0,0,0,0,0.0,0.0,4.0,0.0,4.4882165052136845e+21,0.0,
0,navstack-1725537082607,navstack,overtaking,HandCrafted,,,1725537095,783029794,"builtin_interfaces.msg.Time(sec=1725537090, nanosec=443030118)",120.0,Handcrafted_LabStudy,1,1,"-12.0,1.0,0.5","-0.0,0.0,-0.0,-1.0","12.0,-0.0,0.0","-0.0,0.0,-0.0,-1.0",24.020824432373047,24.020824432373047,4.0,0,0,0,0,0,0,0,0.0,0.0,4.0,0.0,4.6511114917435807e+21,0.0,
0,navstack-1725537082607,navstack,overtaking,HandCrafted,,,1725537095,803029775,"builtin_interfaces.msg.Time(sec=1725537090, nanosec=443030118)",120.0,Handcrafted_LabStudy,1,1,"-12.0,1.0,0.5","-0.0,0.0,-0.0,-1.0","12.0,-0.0,0.0","-0.0,0.0,-0.0,-1.0",24.020824432373047,24.020824432373047,4.0,0,0,0,0,0,0,0,0.0,0.0,4.0,0.0,4.822595632801707e+21,0.0,
0,navstack-1725537082607,navstack,overtaking,HandCrafted,,,1725537095,823029994,"builtin_interfaces.msg.Time(sec=1725537090, nanosec=443030118)",120.0,Handcrafted_LabStudy,1,1,"-12.0,1.0,0.5","-0.0,0.0,-0.0,-1.0","12.0,-0.0,0.0","-0.0,0.0,-0.0,-1.0",24.020824432373047,24.020824432373047,4.0,0,0,0,0,0,0,0,0.0,0.0,4.0,0.0,4.566698959809206e+21,0.0,
0,navstack-1725537082607,navstack,overtaking,HandCrafted,,,1725537095,843029975,"builtin_interfaces.msg.Time(sec=1725537090, nanosec=443030118)",120.0,Handcrafted_LabStudy,1,1,"-12.0,1.0,0.5","-0.0,0.0,-0.0,-1.0","12.0,-0.0,0.0","-0.0,0.0,-0.0,-1.0",24.020824432373047,24.020824432373047,4.0,0,0,0,0,0,0,0,0.0,0.0,4.0,0.0,4.713309065327231e+21,0.0,
0,navstack-1725537082607,navstack,overtaking,HandCrafted,,,1725537095,863029956,"builtin_interfaces.msg.Time(sec=1725537090, nanosec=443030118)",120.0,Handcrafted_LabStudy,1,1,"-12.0,1.0,0.5","-0.0,0.0,-0.0,-1.0","12.0,-0.0,0.0","-0.0,0.0,-0.0,-1.0",24.020824432373047,24.020824432373047,4.0,0,0,0,0,0,0,0,0.0,0.0,4.0,0.0,4.863232242836034e+21,0.0,
0,navstack-1725537082607,navstack,overtaking,HandCrafted,,,1725537095,883029937,"builtin_interfaces.msg.Time(sec=1725537090, nanosec=443030118)",120.0,Handcrafted_LabStudy,1,1,"-12.0,1.0,0.5","-0.0,0.0,-0.0,-1.0","12.0,-0.0,0.0","-0.0,0.0,-0.0,-1.0",24.020824432373047,24.020824432373047,4.0,0,0,0,0,0,0,0,0.0,0.0,4.0,0.0,4.3662050870060924e+21,0.0,
0,navstack-1725537082607,navstack,overtaking,HandCrafted,,,1725537095,903029918,"builtin_interfaces.msg.Time(sec=1725537090, nanosec=443030118)",120.0,Handcrafted_LabStudy,1,1,"-12.0,1.0,0.5","-0.0,0.0,-0.0,-1.0","12.0,-0.0,0.0","-0.0,0.0,-0.0,-1.0",24.020824432373047,24.020824432373047,4.0,0,0,0,0,0,0,0,0.0,0.0,4.0,0.0,4.68638992784279e+21,0.0,
0,navstack-1725537082607,navstack,overtaking,HandCrafted,,,1725537095,923030138,"builtin_interfaces.msg.Time(sec=1725537090, nanosec=443030118)",120.0,Handcrafted_LabStudy,1,1,"-12.0,1.0,0.5","-0.0,0.0,-0.0,-1.0","12.0,-0.0,0.0","-0.0,0.0,-0.0,-1.0",24.020824432373047,24.020824432373047,4.0,0,0,0,0,0,0,0,0.0,0.0,4.0,0.0,4.8417561070643e+21,0.0,
0,navstack-1725537082607,navstack,overtaking,HandCrafted,,,1725537095,943030118,"builtin_interfaces.msg.Time(sec=1725537090, nanosec=443030118)",120.0,Handcrafted_LabStudy,1,1,"-12.0,1.0,0.5","-0.0,0.0,-0.0,-1.0","12.0,-0.0,0.0","-0.0,0.0,-0.0,-1.0",24.020824432373047,24.020824432373047,4.0,0,0,0,0,0,0,0,0.0,0.0,4.0,0.0,4.4658424947799837e+21,0.0,
0,navstack-1725537082607,navstack,overtaking,HandCrafted,,,1725537095,963030099,"builtin_interfaces.msg.Time(sec=1725537090, nanosec=443030118)",120.0,Handcrafted_LabStudy,1,1,"-12.0,1.0,0.5","-0.0,0.0,-0.0,-1.0","12.0,-0.0,0.0","-0.0,0.0,-0.0,-1.0",24.020824432373047,24.020824432373047,4.0,0,0,0,0,0,0,0,0.0,0.0,4.0,0.0,4.767535222150082e+21,0.0,
0,navstack-1725537082607,navstack,overtaking,HandCrafted,,,1725537095,983030080,"builtin_interfaces.msg.Time(sec=1725537090, nanosec=443030118)",120.0,Handcrafted_LabStudy,1,1,"-12.0,1.0,0.5","-0.0,0.0,-0.0,-1.0","12.0,-0.0,0.0","-0.0,0.0,-0.0,-1.0",24.020824432373047,24.020824432373047,4.0,0,0,0,0,0,0,0,0.0,0.0,4.0,0.0,4.4432256306281893e+21,0.0,
0,navstack-1725537082607,navstack,overtaking,HandCrafted,,,1725537096,3030061,"builtin_interfaces.msg.Time(sec=1725537090, nanosec=443030118)",120.0,Handcrafted_LabStudy,1,1,"-12.0,1.0,0.5","-0.0,0.0,-0.0,-1.0","12.0,-0.0,0.0","-0.0,0.0,-0.0,-1.0",24.020824432373047,24.020824432373047,4.0,0,0,0,0,0,0,0,0.0,0.0,4.0,0.0,4.651815083431071e+21,0.0,
0,navstack-1725537082607,navstack,overtaking,HandCrafted,,,1725537096,23030042,"builtin_interfaces.msg.Time(sec=1725537090, nanosec=443030118)",120.0,Handcrafted_LabStudy,1,1,"-12.0,1.0,0.5","-0.0,0.0,-0.0,-1.0","12.0,-0.0,0.0","-0.0,0.0,-0.0,-1.0",24.020824432373047,24.020824432373047,4.0,0,0,0,0,0,0,0,0.0,0.0,4.0,0.0,4.788078936463335e+21,0.0,
0,navstack-1725537082607,navstack,overtaking,HandCrafted,,,1725537096,43030023,"builtin_interfaces.msg.Time(sec=1725537090, nanosec=443030118)",120.0,Handcrafted_LabStudy,1,1,"-12.0,1.0,0.5","-0.0,0.0,-0.0,-1.0","12.0,-0.0,0.0","-0.0,0.0,-0.0,-1.0",24.020824432373047,24.020824432373047,4.0,0,0,0,0,0,0,0,0.0,0.0,4.0,0.0,4.511017732962736e+21,0.0,
0,navstack-1725537082607,navstack,overtaking,HandCrafted,,,1725537096,63030004,"builtin_interfaces.msg.Time(sec=1725537090, nanosec=443030118)",120.0,Handcrafted_LabStudy,1,1,"-12.0,1.0,0.5","-0.0,0.0,-0.0,-1.0","12.0,-0.0,0.0","-0.0,0.0,-0.0,-1.0",24.020824432373047,24.020824432373047,4.0,0,0,0,0,0,0,0,0.0,0.0,4.0,0.0,4.773781009322457e+21,0.0,
0,navstack-1725537082607,navstack,overtaking,HandCrafted,,,1725537096,83029747,"builtin_interfaces.msg.Time(sec=1725537090, nanosec=443030118)",120.0,Handcrafted_LabStudy,1,1,"-12.0,1.0,0.5","-0.0,0.0,-0.0,-1.0","12.0,-0.0,0.0","-0.0,0.0,-0.0,-1.0",24.020824432373047,24.020824432373047,4.0,0,0,0,0,0,0,0,0.0,0.0,4.0,0.0,4.305366810148785e+21,0.0,
0,navstack-1725537082607,navstack,overtaking,HandCrafted,,,1725537096,103029727,"builtin_interfaces.msg.Time(sec=1725537090, nanosec=443030118)",120.0,Handcrafted_LabStudy,1,1,"-12.0,1.0,0.5","-0.0,0.0,-0.0,-1.0","12.0,-0.0,0.0","-0.0,0.0,-0.0,-1.0",24.020824432373047,24.020824432373047,4.0,0,0,0,0,0,0,0,0.0,0.0,4.0,0.0,4.643832721150583e+21,0.0,
0,navstack-1725537082607,navstack,overtaking,HandCrafted,,,1725537096,123029708,"builtin_interfaces.msg.Time(sec=1725537090, nanosec=443030118)",120.0,Handcrafted_LabStudy,1,1,"-12.0,1.0,0.5","-0.0,0.0,-0.0,-1.0","12.0,-0.0,0.0","-0.0,0.0,-0.0,-1.0",24.020824432373047,24.020824432373047,4.0,0,0,0,0,0,0,0,0.0,0.0,4.0,0.0,4.85477648682901e+21,0.0,
0,navstack-1725537082607,navstack,overtaking,HandCrafted,,,1725537096,163029670,"builtin_interfaces.msg.Time(sec=1725537090, nanosec=443030118)",120.0,Handcrafted_LabStudy,1,1,"-12.0,1.0,0.5","-0.0,0.0,-0.0,-1.0","12.0,-0.0,0.0","-0.0,0.0,-0.0,-1.0",24.020824432373047,24.020824432373047,4.0,0,0,0,0,0,0,0,0.0,0.0,4.0,0.0,4.419078103957426e+21,0.0,
0,navstack-1725537082607,navstack,overtaking,HandCrafted,,,1725537096,183029890,"builtin_interfaces.msg.Time(sec=1725537090, nanosec=443030118)",120.0,Handcrafted_LabStudy,1,1,"-12.0,1.0,0.5","-0.0,0.0,-0.0,-1.0","12.0,-0.0,0.0","-0.0,0.0,-0.0,-1.0",24.020824432373047,24.020824432373047,4.0,0,0,0,0,0,0,0,0.0,0.0,4.0,0.0,4.761094809955742e+21,0.0,
0,navstack-1725537082607,navstack,overtaking,HandCrafted,,,1725537096,203029870,"builtin_interfaces.msg.Time(sec=1725537090, nanosec=443030118)",120.0,Handcrafted_LabStudy,1,1,"-12.0,1.0,0.5","-0.0,0.0,-0.0,-1.0","12.0,-0.0,0.0","-0.0,0.0,-0.0,-1.0",24.020824432373047,24.020824432373047,4.0,0,0,0,0,0,0,0,0.0,0.0,4.0,0.0,4.448263306064922e+21,0.0,
0,navstack-1725537082607,navstack,overtaking,HandCrafted,,,1725537096,223029851,"builtin_interfaces.msg.Time(sec=1725537090, nanosec=443030118)",120.0,Handcrafted_LabStudy,1,1,"-12.0,1.0,0.5","-0.0,0.0,-0.0,-1.0","12.0,-0.0,0.0","-0.0,0.0,-0.0,-1.0",24.020824432373047,24.020824432373047,4.0,0,0,0,0,0,0,0,0.0,0.0,4.0,0.0,4.732759253814083e+21,0.0,
0,navstack-1725537082607,navstack,overtaking,HandCrafted,,,1725537096,243029832,"builtin_interfaces.msg.Time(sec=1725537090, nanosec=443030118)",120.0,Handcrafted_LabStudy,1,1,"-12.0,1.0,0.5","-0.0,0.0,-0.0,-1.0","12.0,-0.0,0.0","-0.0,0.0,-0.0,-1.0",24.020824432373047,24.020824432373047,4.0,0,0,0,0,0,0,0,0.0,0.0,4.0,0.0,4.37458867099267e+21,0.0,
0,navstack-1725537082607,navstack,overtaking,HandCrafted,,,1725537096,283029794,"builtin_interfaces.msg.Time(sec=1725537090, nanosec=443030118)",120.0,Handcrafted_LabStudy,1,1,"-12.0,1.0,0.5","-0.0,0.0,-0.0,-1.0","12.0,-0.0,0.0","-0.0,0.0,-0.0,-1.0",24.020824432373047,24.020824432373047,4.0,0,0,0,0,0,0,0,0.0,0.0,4.0,0.0,4.617670534762115e+21,0.0,
0,navstack-1725537082607,navstack,overtaking,HandCrafted,,,1725537096,303029775,"builtin_interfaces.msg.Time(sec=1725537090, nanosec=443030118)",120.0,Handcrafted_LabStudy,1,1,"-12.0,1.0,0.5","-0.0,0.0,-0.0,-1.0","12.0,-0.0,0.0","-0.0,0.0,-0.0,-1.0",24.020824432373047,24.020824432373047,4.0,0,0,0,0,0,0,0,0.0,0.0,4.0,0.0,4.719448475730131e+21,0.0,
0,navstack-1725537082607,navstack,overtaking,HandCrafted,,,1725537096,323029756,"builtin_interfaces.msg.Time(sec=1725537090, nanosec=443030118)",120.0,Handcrafted_LabStudy,1,1,"-12.0,1.0,0.5","-0.0,0.0,-0.0,-1.0","12.0,-0.0,0.0","-0.0,0.0,-0.0,-1.0",24.020824432373047,24.020824432373047,4.0,0,0,0,0,0,0,0,0.0,0.0,4.0,0.0,4.3427098448992786e+21,0.0,
0,navstack-1725537082607,navstack,overtaking,HandCrafted,,,1725537096,343029975,"builtin_interfaces.msg.Time(sec=1725537090, nanosec=443030118)",120.0,Handcrafted_LabStudy,1,1,"-12.0,1.0,0.5","-0.0,0.0,-0.0,-1.0","12.0,-0.0,0.0","-0.0,0.0,-0.0,-1.0",24.020824432373047,24.020824432373047,4.0,0,0,0,0,0,0,0,0.0,0.0,4.0,0.0,4.5238041522441e+21,0.0,
0,navstack-1725537082607,navstack,overtaking,HandCrafted,,,1725537096,343029975,"builtin_interfaces.msg.Time(sec=1725537090, nanosec=443030118)",120.0,Handcrafted_LabStudy,1,1,"-12.0,1.0,0.5","-0.0,0.0,-0.0,-1.0","12.0,-0.0,0.0","-0.0,0.0,-0.0,-1.0",24.020824432373047,24.020824432373047,4.0,0,0,0,0,0,0,0,0.0,0.0,4.0,0.0,4.5238041522441e+21,0.0,
0,navstack-1725537082607,navstack,overtaking,HandCrafted,,,1725537096,363029956,"builtin_interfaces.msg.Time(sec=1725537090, nanosec=443030118)",120.0,Handcrafted_LabStudy,1,1,"-12.0,1.0,0.5","-0.0,0.0,-0.0,-1.0","12.0,-0.0,0.0","-0.0,0.0,-0.0,-1.0",24.020824432373047,24.020824432373047,4.0,0,0,0,0,0,0,0,0.0,0.0,4.0,0.0,4.598639696498337e+21,0.0,
0,navstack-1725537082607,navstack,overtaking,HandCrafted,,,1725537096,383029937,"builtin_interfaces.msg.Time(sec=1725537090, nanosec=443030118)",120.0,Handcrafted_LabStudy,1,1,"-12.0,1.0,0.5","-0.0,0.0,-0.0,-1.0","12.0,-0.0,0.0","-0.0,0.0,-0.0,-1.0",24.020824432373047,24.020824432373047,4.0,0,0,0,0,0,0,0,0.0,0.0,4.0,0.0,4.647446110837821e+21,0.0,
0,navstack-1725537082607,navstack,overtaking,HandCrafted,,,1725537096,403029918,"builtin_interfaces.msg.Time(sec=1725537090, nanosec=443030118)",120.0,Handcrafted_LabStudy,1,1,"-12.0,1.0,0.5","-0.0,0.0,-0.0,-1.0","12.0,-0.0,0.0","-0.0,0.0,-0.0,-1.0",24.020824432373047,24.020824432373047,4.0,0,0,0,0,0,0,0,0.0,0.0,4.0,0.0,4.744019799241342e+21,0.0,
0,navstack-1725537082607,navstack,overtaking,HandCrafted,,,1725537096,403029918,"builtin_interfaces.msg.Time(sec=1725537090, nanosec=443030118)",120.0,Handcrafted_LabStudy,1,1,"-12.0,1.0,0.5","-0.0,0.0,-0.0,-1.0","12.0,-0.0,0.0","-0.0,0.0,-0.0,-1.0",24.020824432373047,24.020824432373047,4.0,0,0,0,0,0,0,0,0.0,0.0,4.0,0.0,4.396391462117616e+21,0.0,
0,navstack-1725537082607,navstack,overtaking,HandCrafted,,,1725537096,423030138,"builtin_interfaces.msg.Time(sec=1725537090, nanosec=443030118)",120.0,Handcrafted_LabStudy,1,1,"-12.0,1.0,0.5","-0.0,0.0,-0.0,-1.0","12.0,-0.0,0.0","-0.0,0.0,-0.0,-1.0",24.020824432373047,24.020824432373047,4.0,0,0,0,0,0,0,0,0.0,0.0,4.0,0.0,4.397268471882675e+21,0.0,
0,navstack-1725537082607,navstack,overtaking,HandCrafted,,,1725537096,423030138,"builtin_interfaces.msg.Time(sec=1725537090, nanosec=443030118)",120.0,Handcrafted_LabStudy,1,1,"-12.0,1.0,0.5","-0.0,0.0,-0.0,-1.0","12.0,-0.0,0.0","-0.0,0.0,-0.0,-1.0",24.020824432373047,24.020824432373047,4.0,0,0,0,0,0,0,0,0.0,0.0,4.0,0.0,4.397268471882675e+21,0.0,
0,navstack-1725537082607,navstack,overtaking,HandCrafted,,,1725537096,443030118,"builtin_interfaces.msg.Time(sec=1725537090, nanosec=443030118)",120.0,Handcrafted_LabStudy,1,1,"-12.0,1.0,0.5","-0.0,0.0,-0.0,-1.0","12.0,-0.0,0.0","-0.0,0.0,-0.0,-1.0",24.020824432373047,24.020824432373047,4.0,0,0,0,0,0,0,0,0.0,0.0,4.0,0.0,4.4836375154614075e+21,0.0,
0,navstack-1725537082607,navstack,overtaking,HandCrafted,,,1725537096,443030118,"builtin_interfaces.msg.Time(sec=1725537090, nanosec=443030118)",120.0,Handcrafted_LabStudy,1,1,"-12.0,1.0,0.5","-0.0,0.0,-0.0,-1.0","12.0,-0.0,0.0","-0.0,0.0,-0.0,-1.0",24.020824432373047,24.020824432373047,4.0,0,0,0,0,0,0,0,0.0,0.0,4.0,0.0,4.4836375154614075e+21,0.0,
0,navstack-1725537082607,navstack,overtaking,HandCrafted,,,1725537096,463030099,"builtin_interfaces.msg.Time(sec=1725537090, nanosec=443030118)",120.0,Handcrafted_LabStudy,1,1,"-12.0,1.0,0.5","-0.0,0.0,-0.0,-1.0","12.0,-0.0,0.0","-0.0,0.0,-0.0,-1.0",24.020824432373047,24.020824432373047,4.0,0,0,0,0,0,0,0,0.0,0.0,4.0,0.0,4.580884353325785e+21,0.0,
0,navstack-1725537082607,navstack,overtaking,HandCrafted,,,1725537096,483030080,"builtin_interfaces.msg.Time(sec=1725537090, nanosec=443030118)",120.0,Handcrafted_LabStudy,1,1,"-12.0,1.0,0.5","-0.0,0.0,-0.0,-1.0","12.0,-0.0,0.0","-0.0,0.0,-0.0,-1.0",24.020824432373047,24.020824432373047,4.0,0,0,0,0,0,0,0,0.0,0.0,4.0,0.0,4.678732852725551e+21,0.0,
0,navstack-1725537082607,navstack,overtaking,HandCrafted,,,1725537096,503030061,"builtin_interfaces.msg.Time(sec=1725537090, nanosec=443030118)",120.0,Handcrafted_LabStudy,1,1,"-12.0,1.0,0.5","-0.0,0.0,-0.0,-1.0","12.0,-0.0,0.0","-0.0,0.0,-0.0,-1.0",24.020824432373047,24.020824432373047,4.0,0,0,0,0,0,0,0,0.0,0.0,4.0,0.0,4.73242917798597e+21,0.0,
0,navstack-1725537082607,navstack,overtaking,HandCrafted,,,1725537096,523030042,"builtin_interfaces.msg.Time(sec=1725537090, nanosec=443030118)",120.0,Handcrafted_LabStudy,1,1,"-12.0,1.0,0.5","-0.0,0.0,-0.0,-1.0","12.0,-0.0,0.0","-0.0,0.0,-0.0,-1.0",24.020824432373047,24.020824432373047,4.0,0,0,0,0,0,0,0,0.0,0.0,4.0,0.0,4.363284343486656e+21,0.0,
0,navstack-1725537082607,navstack,overtaking,HandCrafted,,,1725537096,543030023,"builtin_interfaces.msg.Time(sec=1725537090, nanosec=443030118)",120.0,Handcrafted_LabStudy,1,1,"-12.0,1.0,0.5","-0.0,0.0,-0.0,-1.0","12.0,-0.0,0.0","-0.0,0.0,-0.0,-1.0",24.020824432373047,24.020824432373047,4.0,0,0,0,0,0,0,0,0.0,0.0,5.0,0.0,4.4162500553078536e+21,0.0,
0,navstack-1725537082607,navstack,overtaking,HandCrafted,,,1725537096,563030004,"builtin_interfaces.msg.Time(sec=1725537090, nanosec=443030118)",120.0,Handcrafted_LabStudy,1,1,"-12.0,1.0,0.5","-0.0,0.0,-0.0,-1.0","12.0,-0.0,0.0","-0.0,0.0,-0.0,-1.0",24.020824432373047,24.020824432373047,4.0,0,0,0,0,0,0,0,0.0,0.0,5.0,0.0,4.317792369327912e+21,0.0,
0,navstack-1725537082607,navstack,overtaking,HandCrafted,,,1725537096,583029747,"builtin_interfaces.msg.Time(sec=1725537090, nanosec=443030118)",120.0,Handcrafted_LabStudy,1,1,"-12.0,1.0,0.5","-0.0,0.0,-0.0,-1.0","12.0,-0.0,0.0","-0.0,0.0,-0.0,-1.0",24.020824432373047,24.020824432373047,4.0,0,0,0,0,0,0,0,0.0,0.0,5.0,0.0,4.318895814531531e+21,0.0,
0,navstack-1725537082607,navstack,overtaking,HandCrafted,,,1725537096,603029727,"builtin_interfaces.msg.Time(sec=1725537090, nanosec=443030118)",120.0,Handcrafted_LabStudy,1,1,"-12.0,1.0,0.5","-0.0,0.0,-0.0,-1.0","12.0,-0.0,0.0","-0.0,0.0,-0.0,-1.0",24.020824432373047,24.020824432373047,4.0,0,0,0,0,0,0,0,0.0,0.0,5.0,0.0,4.318895814531531e+21,0.0,
0,navstack-1725537082607,navstack,overtaking,HandCrafted,,,1725537096,643029689,"builtin_interfaces.msg.Time(sec=1725537090, nanosec=443030118)",120.0,Handcrafted_LabStudy,1,1,"-12.0,1.0,0.5","-0.0,0.0,-0.0,-1.0","12.0,-0.0,0.0","-0.0,0.0,-0.0,-1.0",24.020824432373047,24.020824432373047,4.0,0,0,0,0,0,0,0,0.0,0.0,5.0,0.0,7.250143270346679e+21,0.0,
0,navstack-1725537082607,navstack,overtaking,HandCrafted,,,1725537096,663029670,"builtin_interfaces.msg.Time(sec=1725537090, nanosec=443030118)",120.0,Handcrafted_LabStudy,1,1,"-12.0,1.0,0.5","-0.0,0.0,-0.0,-1.0","12.0,-0.0,0.0","-0.0,0.0,-0.0,-1.0",24.020824432373047,24.020824432373047,4.0,0,0,0,0,0,0,0,0.0,0.0,5.0,0.0,4.3040909730100685e+21,0.0,
0,navstack-1725537082607,navstack,overtaking,HandCrafted,,,1725537096,683029890,"builtin_interfaces.msg.Time(sec=1725537090, nanosec=443030118)",120.0,Handcrafted_LabStudy,1,1,"-12.0,1.0,0.5","-0.0,0.0,-0.0,-1.0","12.0,-0.0,0.0","-0.0,0.0,-0.0,-1.0",24.020824432373047,24.020824432373047,4.0,0,0,0,0,0,0,0,0.0,0.0,5.0,0.0,4.318895814531531e+21,0.0,
0,navstack-1725537082607,navstack,overtaking,HandCrafted,,,1725537096,703029870,"builtin_interfaces.msg.Time(sec=1725537090, nanosec=443030118)",120.0,Handcrafted_LabStudy,1,1,"-12.0,1.0,0.5","-0.0,0.0,-0.0,-1.0","12.0,-0.0,0.0","-0.0,0.0,-0.0,-1.0",24.020824432373047,24.020824432373047,4.0,0,0,0,0,0,0,0,0.0,0.0,5.0,0.0,4.318895814531531e+21,0.0,
0,navstack-1725537082607,navstack,overtaking,HandCrafted,,,1725537096,723029851,"builtin_interfaces.msg.Time(sec=1725537090, nanosec=443030118)",120.0,Handcrafted_LabStudy,1,1,"-12.0,1.0,0.5","-0.0,0.0,-0.0,-1.0","12.0,-0.0,0.0","-0.0,0.0,-0.0,-1.0",24.020824432373047,24.020824432373047,4.0,0,0,0,0,0,0,0,0.0,0.0,5.0,0.0,6.804240584697798e+21,0.0,
0,navstack-1725537082607,navstack,overtaking,HandCrafted,,,1725537096,763029813,"builtin_interfaces.msg.Time(sec=1725537090, nanosec=443030118)",120.0,Handcrafted_LabStudy,1,1,"-12.0,1.0,0.5","-0.0,0.0,-0.0,-1.0","12.0,-0.0,0.0","-0.0,0.0,-0.0,-1.0",24.020824432373047,24.020824432373047,4.0,0,0,0,0,0,0,0,0.0,0.0,5.0,0.0,4.3902523937622065e+21,0.0,
0,navstack-1725537082607,navstack,overtaking,HandCrafted,,,1725537096,783029794,"builtin_interfaces.msg.Time(sec=1725537090, nanosec=443030118)",120.0,Handcrafted_LabStudy,1,1,"-12.0,1.0,0.5","-0.0,0.0,-0.0,-1.0","12.0,-0.0,0.0","-0.0,0.0,-0.0,-1.0",24.020824432373047,24.020824432373047,4.0,0,0,0,0,0,0,0,0.0,0.0,5.0,0.0,4.318895814531531e+21,0.0,
0,navstack-1725537082607,navstack,overtaking,HandCrafted,,,1725537096,803029775,"builtin_interfaces.msg.Time(sec=1725537090, nanosec=443030118)",120.0,Handcrafted_LabStudy,1,1,"-12.0,1.0,0.5","-0.0,0.0,-0.0,-1.0","12.0,-0.0,0.0","-0.0,0.0,-0.0,-1.0",24.020824432373047,24.020824432373047,4.0,0,0,0,0,0,0,0,0.0,0.0,5.0,0.0,8.430070292790492e+21,0.0,
0,navstack-1725537082607,navstack,overtaking,HandCrafted,,,1725537096,843029499,"builtin_interfaces.msg.Time(sec=1725537090, nanosec=443030118)",120.0,Handcrafted_LabStudy,1,1,"-12.0,1.0,0.5","-0.0,0.0,-0.0,-1.0","12.0,-0.0,0.0","-0.0,0.0,-0.0,-1.0",24.020824432373047,24.020824432373047,4.0,0,0,0,0,0,0,0,0.0,0.0,5.0,0.0,6.534070269936227e+21,0.0,
0,navstack-1725537082607,navstack,overtaking,HandCrafted,,,1725537096,863029956,"builtin_interfaces.msg.Time(sec=1725537090, nanosec=443030118)",120.0,Handcrafted_LabStudy,1,1,"-12.0,1.0,0.5","-0.0,0.0,-0.0,-1.0","12.0,-0.0,0.0","-0.0,0.0,-0.0,-1.0",24.020824432373047,24.020824432373047,4.0,0,0,0,0,0,0,0,0.0,0.0,5.0,0.0,4.3503932576732687e+21,0.0,
0,navstack-1725537082607,navstack,overtaking,HandCrafted,,,1725537096,883029937,"builtin_interfaces.msg.Time(sec=1725537090, nanosec=443030118)",120.0,Handcrafted_LabStudy,1,1,"-12.0,1.0,0.5","-0.0,0.0,-0.0,-1.0","12.0,-0.0,0.0","-0.0,0.0,-0.0,-1.0",24.020824432373047,24.020824432373047,4.0,0,0,0,0,0,0,0,0.0,0.0,5.0,0.0,4.318895814531531e+21,0.0,
0,navstack-1725537082607,navstack,overtaking,HandCrafted,,,1725537096,903029918,"builtin_interfaces.msg.Time(sec=1725537090, nanosec=443030118)",120.0,Handcrafted_LabStudy,1,1,"-12.0,1.0,0.5","-0.0,0.0,-0.0,-1.0","12.0,-0.0,0.0","-0.0,0.0,-0.0,-1.0",24.020824432373047,24.020824432373047,4.0,0,0,0,0,0,0,0,0.0,0.0,5.0,0.0,6.897194042464276e+21,0.0,
0,navstack-1725537082607,navstack,overtaking,HandCrafted,,,1725537096,923030138,"builtin_interfaces.msg.Time(sec=1725537090, nanosec=443030118)",120.0,Handcrafted_LabStudy,1,1,"-12.0,1.0,0.5","-0.0,0.0,-0.0,-1.0","12.0,-0.0,0.0","-0.0,0.0,-0.0,-1.0",24.020824432373047,24.020824432373047,4.0,0,0,0,0,0,0,0,0.0,0.0,5.0,0.0,4.4676950239872995e+21,0.0,
0,navstack-1725537082607,navstack,overtaking,HandCrafted,,,1725537096,943030118,"builtin_interfaces.msg.Time(sec=1725537090, nanosec=443030118)",120.0,Handcrafted_LabStudy,1,1,"-12.0,1.0,0.5","-0.0,0.0,-0.0,-1.0","12.0,-0.0,0.0","-0.0,0.0,-0.0,-1.0",24.020824432373047,24.020824432373047,4.0,0,0,0,0,0,0,0,0.0,0.0,5.0,0.0,4.318895814531531e+21,0.0,
0,navstack-1725537082607,navstack,overtaking,HandCrafted,,,1725537096,963030099,"builtin_interfaces.msg.Time(sec=1725537090, nanosec=443030118)",120.0,Handcrafted_LabStudy,1,1,"-12.0,1.0,0.5","-0.0,0.0,-0.0,-1.0","12.0,-0.0,0.0","-0.0,0.0,-0.0,-1.0",24.020824432373047,24.020824432373047,4.0,0,0,0,0,0,0,0,0.0,0.0,5.0,0.0,6.492521077197854e+21,0.0,
0,navstack-1725537082607,navstack,overtaking,HandCrafted,,,1725537096,963030099,"builtin_interfaces.msg.Time(sec=1725537090, nanosec=443030118)",120.0,Handcrafted_LabStudy,1,1,"-12.0,1.0,0.5","-0.0,0.0,-0.0,-1.0","12.0,-0.0,0.0","-0.0,0.0,-0.0,-1.0",24.020824432373047,24.020824432373047,4.0,0,0,0,0,0,0,0,0.0,0.0,5.0,0.0,4.3092603367305563e+21,0.0,
0,navstack-1725537082607,navstack,overtaking,HandCrafted,,,1725537096,983030080,"builtin_interfaces.msg.Time(sec=1725537090, nanosec=443030118)",120.0,Handcrafted_LabStudy,1,1,"-12.0,1.0,0.5","-0.0,0.0,-0.0,-1.0","12.0,-0.0,0.0","-0.0,0.0,-0.0,-1.0",24.020824432373047,24.020824432373047,4.0,0,0,0,0,0,0,0,0.0,0.0,5.0,0.0,4.3076274020119955e+21,0.0,
0,navstack-1725537082607,navstack,overtaking,HandCrafted,,,1725537096,983030080,"builtin_interfaces.msg.Time(sec=1725537090, nanosec=443030118)",120.0,Handcrafted_LabStudy,1,1,"-12.0,1.0,0.5","-0.0,0.0,-0.0,-1.0","12.0,-0.0,0.0","-0.0,0.0,-0.0,-1.0",24.020824432373047,24.020824432373047,4.0,0,0,0,0,0,0,0,0.0,0.0,5.0,0.0,4.3076274020119955e+21,0.0,
0,navstack-1725537082607,navstack,overtaking,HandCrafted,,,1725537097,3030061,"builtin_interfaces.msg.Time(sec=1725537090, nanosec=443030118)",120.0,Handcrafted_LabStudy,1,1,"-12.0,1.0,0.5","-0.0,0.0,-0.0,-1.0","12.0,-0.0,0.0","-0.0,0.0,-0.0,-1.0",24.020824432373047,24.020824432373047,4.0,0,0,0,0,0,0,0,0.0,0.0,5.0,0.0,5.148672925753329e+21,0.0,
0,navstack-1725537082607,navstack,overtaking,HandCrafted,,,1725537097,23030042,"builtin_interfaces.msg.Time(sec=1725537090, nanosec=443030118)",120.0,Handcrafted_LabStudy,1,1,"-12.0,1.0,0.5","-0.0,0.0,-0.0,-1.0","12.0,-0.0,0.0","-0.0,0.0,-0.0,-1.0",24.020824432373047,24.020824432373047,4.0,0,0,0,0,0,0,0,0.0,0.0,5.0,0.0,4.318895814531531e+21,0.0,
0,navstack-1725537082607,navstack,overtaking,HandCrafted,,,1725537097,43030023,"builtin_interfaces.msg.Time(sec=1725537090, nanosec=443030118)",120.0,Handcrafted_LabStudy,1,1,"-12.0,1.0,0.5","-0.0,0.0,-0.0,-1.0","12.0,-0.0,0.0","-0.0,0.0,-0.0,-1.0",24.020824432373047,24.020824432373047,4.0,0,0,0,0,0,0,0,0.0,0.0,5.0,0.0,7.166877281599698e+21,0.0,
0,navstack-1725537082607,navstack,overtaking,HandCrafted,,,1725537097,43030023,"builtin_interfaces.msg.Time(sec=1725537090, nanosec=443030118)",120.0,Handcrafted_LabStudy,1,1,"-12.0,1.0,0.5","-0.0,0.0,-0.0,-1.0","12.0,-0.0,0.0","-0.0,0.0,-0.0,-1.0",24.020824432373047,24.020824432373047,4.0,0,0,0,0,0,0,0,0.0,0.0,5.0,0.0,4.501731143601839e+21,0.0,
0,navstack-1725537082607,navstack,overtaking,HandCrafted,,,1725537097,63030004,"builtin_interfaces.msg.Time(sec=1725537090, nanosec=443030118)",120.0,Handcrafted_LabStudy,1,1,"-12.0,1.0,0.5","-0.0,0.0,-0.0,-1.0","12.0,-0.0,0.0","-0.0,0.0,-0.0,-1.0",24.020824432373047,24.020824432373047,4.0,0,0,0,0,0,0,0,0.0,0.0,5.0,0.0,4.521063667752037e+21,0.0,
0,navstack-1725537082607,navstack,overtaking,HandCrafted,,,1725537097,83029747,"builtin_interfaces.msg.Time(sec=1725537090, nanosec=443030118)",120.0,Handcrafted_LabStudy,1,1,"-12.0,1.0,0.5","-0.0,0.0,-0.0,-1.0","12.0,-0.0,0.0","-0.0,0.0,-0.0,-1.0",24.020824432373047,24.020824432373047,4.0,0,0,0,0,0,0,0,0.0,0.0,5.0,0.0,4.318895814531531e+21,0.0,
0,navstack-1725537082607,navstack,overtaking,HandCrafted,,,1725537097,83029747,"builtin_interfaces.msg.Time(sec=1725537090, nanosec=443030118)",120.0,Handcrafted_LabStudy,1,1,"-12.0,1.0,0.5","-0.0,0.0,-0.0,-1.0","12.0,-0.0,0.0","-0.0,0.0,-0.0,-1.0",24.020824432373047,24.020824432373047,4.0,0,0,0,0,0,0,0,0.0,0.0,5.0,0.0,4.318895814531531e+21,0.0,
0,navstack-1725537082607,navstack,overtaking,HandCrafted,,,1725537097,103029727,"builtin_interfaces.msg.Time(sec=1725537090, nanosec=443030118)",120.0,Handcrafted_LabStudy,1,1,"-12.0,1.0,0.5","-0.0,0.0,-0.0,-1.0","12.0,-0.0,0.0","-0.0,0.0,-0.0,-1.0",24.020824432373047,24.020824432373047,4.0,0,0,0,0,0,0,0,0.0,0.0,5.0,0.0,4.318895814531531e+21,0.0,
0,navstack-1725537082607,navstack,overtaking,HandCrafted,,,1725537097,123029708,"builtin_interfaces.msg.Time(sec=1725537090, nanosec=443030118)",120.0,Handcrafted_LabStudy,1,1,"-12.0,1.0,0.5","-0.0,0.0,-0.0,-1.0","12.0,-0.0,0.0","-0.0,0.0,-0.0,-1.0",24.020824432373047,24.020824432373047,4.0,0,0,0,0,0,0,0,0.0,0.0,5.0,0.0,6.667869670801079e+21,0.0,
0,navstack-1725537082607,navstack,overtaking,HandCrafted,,,1725537097,143029689,"builtin_interfaces.msg.Time(sec=1725537090, nanosec=443030118)",120.0,Handcrafted_LabStudy,1,1,"-12.0,1.0,0.5","-0.0,0.0,-0.0,-1.0","12.0,-0.0,0.0","-0.0,0.0,-0.0,-1.0",24.020824432373047,24.020824432373047,4.0,0,0,0,0,0,0,0,0.0,0.0,5.0,0.0,4.307073285077754e+21,0.0,
0,navstack-1725537082607,navstack,overtaking,HandCrafted,,,1725537097,183029890,"builtin_interfaces.msg.Time(sec=1725537090, nanosec=443030118)",120.0,Handcrafted_LabStudy,1,1,"-12.0,1.0,0.5","-0.0,0.0,-0.0,-1.0","12.0,-0.0,0.0","-0.0,0.0,-0.0,-1.0",24.020824432373047,24.020824432373047,4.0,0,0,0,0,0,0,0,0.0,0.0,5.0,0.0,4.318895814531531e+21,0.0,
0,navstack-1725537082607,navstack,overtaking,HandCrafted,,,1725537097,183029890,"builtin_interfaces.msg.Time(sec=1725537090, nanosec=443030118)",120.0,Handcrafted_LabStudy,1,1,"-12.0,1.0,0.5","-0.0,0.0,-0.0,-1.0","12.0,-0.0,0.0","-0.0,0.0,-0.0,-1.0",24.020824432373047,24.020824432373047,4.0,0,0,0,0,0,0,0,0.0,0.0,5.0,0.0,4.318895814531531e+21,0.0,
0,navstack-1725537082607,navstack,overtaking,HandCrafted,,,1725537097,203029870,"builtin_interfaces.msg.Time(sec=1725537090, nanosec=443030118)",120.0,Handcrafted_LabStudy,1,1,"-12.0,1.0,0.5","-0.0,0.0,-0.0,-1.0","12.0,-0.0,0.0","-0.0,0.0,-0.0,-1.0",24.020824432373047,24.020824432373047,4.0,0,0,0,0,0,0,0,0.0,0.0,5.0,0.0,7.183860623586705e+21,0.0,
0,navstack-1725537082607,navstack,overtaking,HandCrafted,,,1725537097,223029851,"builtin_interfaces.msg.Time(sec=1725537090, nanosec=443030118)",120.0,Handcrafted_LabStudy,1,1,"-12.0,1.0,0.5","-0.0,0.0,-0.0,-1.0","12.0,-0.0,0.0","-0.0,0.0,-0.0,-1.0",24.020824432373047,24.020824432373047,4.0,0,0,0,0,0,0,0,0.0,0.0,5.0,0.0,4.988753410341313e+21,0.0,
0,navstack-1725537082607,navstack,overtaking,HandCrafted,,,1725537097,243029832,"builtin_interfaces.msg.Time(sec=1725537090, nanosec=443030118)",120.0,Handcrafted_LabStudy,1,1,"-12.0,1.0,0.5","-0.0,0.0,-0.0,-1.0","12.0,-0.0,0.0","-0.0,0.0,-0.0,-1.0",24.020824432373047,24.020824432373047,4.0,0,0,0,0,0,0,0,0.0,0.0,5.0,0.0,8.838817043666059e+21,0.0,
0,navstack-1725537082607,navstack,overtaking,HandCrafted,,,1725537097,263029813,"builtin_interfaces.msg.Time(sec=1725537090, nanosec=443030118)",120.0,Handcrafted_LabStudy,1,1,"-12.0,1.0,0.5","-0.0,0.0,-0.0,-1.0","12.0,-0.0,0.0","-0.0,0.0,-0.0,-1.0",24.020824432373047,24.020824432373047,4.0,0,0,0,0,0,0,0,0.0,0.0,5.0,0.0,4.3264513015441586e+21,0.0,
0,navstack-1725537082607,navstack,overtaking,HandCrafted,,,1725537097,263029813,"builtin_interfaces.msg.Time(sec=1725537090, nanosec=443030118)",120.0,Handcrafted_LabStudy,1,1,"-12.0,1.0,0.5","-0.0,0.0,-0.0,-1.0","12.0,-0.0,0.0","-0.0,0.0,-0.0,-1.0",24.020824432373047,24.020824432373047,4.0,0,0,0,0,0,0,0,0.0,0.0,5.0,0.0,4.3264513015441586e+21,0.0,
0,navstack-1725537082607,navstack,overtaking,HandCrafted,,,1725537097,283029794,"builtin_interfaces.msg.Time(sec=1725537090, nanosec=443030118)",120.0,Handcrafted_LabStudy,1,1,"-12.0,1.0,0.5","-0.0,0.0,-0.0,-1.0","12.0,-0.0,0.0","-0.0,0.0,-0.0,-1.0",24.020824432373047,24.020824432373047,4.0,0,0,0,0,0,0,0,0.0,0.0,5.0,0.0,4.318895814531531e+21,0.0,
0,navstack-1725537082607,navstack,overtaking,HandCrafted,,,1725537097,283029794,"builtin_interfaces.msg.Time(sec=1725537090, nanosec=443030118)",120.0,Handcrafted_LabStudy,1,1,"-12.0,1.0,0.5","-0.0,0.0,-0.0,-1.0","12.0,-0.0,0.0","-0.0,0.0,-0.0,-1.0",24.020824432373047,24.020824432373047,4.0,0,0,0,0,0,0,0,0.0,0.0,5.0,0.0,4.318895814531531e+21,0.0,
0,navstack-1725537082607,navstack,overtaking,HandCrafted,,,1725537097,283029794,"builtin_interfaces.msg.Time(sec=1725537090, nanosec=443030118)",120.0,Handcrafted_LabStudy,1,1,"-12.0,1.0,0.5","-0.0,0.0,-0.0,-1.0","12.0,-0.0,0.0","-0.0,0.0,-0.0,-1.0",24.020824432373047,24.020824432373047,4.0,0,0,0,0,0,0,0,0.0,0.0,5.0,0.0,4.318895814531531e+21,0.0,
0,navstack-1725537082607,navstack,overtaking,HandCrafted,,,1725537097,303029775,"builtin_interfaces.msg.Time(sec=1725537090, nanosec=443030118)",120.0,Handcrafted_LabStudy,1,1,"-12.0,1.0,0.5","-0.0,0.0,-0.0,-1.0","12.0,-0.0,0.0","-0.0,0.0,-0.0,-1.0",24.020824432373047,24.020824432373047,4.0,0,0,0,0,0,0,0,0.0,0.0,5.0,0.0,4.318895814531531e+21,0.0,
0,navstack-1725537082607,navstack,overtaking,HandCrafted,,,1725537097,323029756,"builtin_interfaces.msg.Time(sec=1725537090, nanosec=443030118)",120.0,Handcrafted_LabStudy,1,1,"-12.0,1.0,0.5","-0.0,0.0,-0.0,-1.0","12.0,-0.0,0.0","-0.0,0.0,-0.0,-1.0",24.020824432373047,24.020824432373047,4.0,0,0,0,0,0,0,0,0.0,0.0,5.0,0.0,9.422679111756484e+21,0.0,
0,navstack-1725537082607,navstack,overtaking,HandCrafted,,,1725537097,323029756,"builtin_interfaces.msg.Time(sec=1725537090, nanosec=443030118)",120.0,Handcrafted_LabStudy,1,1,"-12.0,1.0,0.5","-0.0,0.0,-0.0,-1.0","12.0,-0.0,0.0","-0.0,0.0,-0.0,-1.0",24.020824432373047,24.020824432373047,4.0,0,0,0,0,0,0,0,0.0,0.0,5.0,0.0,4.32757048093233e+21,0.0,
0,navstack-1725537082607,navstack,overtaking,HandCrafted,,,1725537097,343029499,"builtin_interfaces.msg.Time(sec=1725537090, nanosec=443030118)",120.0,Handcrafted_LabStudy,1,1,"-12.0,1.0,0.5","-0.0,0.0,-0.0,-1.0","12.0,-0.0,0.0","-0.0,0.0,-0.0,-1.0",24.020824432373047,24.020824432373047,4.0,0,0,0,0,0,0,0,0.0,0.0,5.0,0.0,4.333790272495444e+21,0.0,
0,navstack-1725537082607,navstack,overtaking,HandCrafted,,,1725537097,363029956,"builtin_interfaces.msg.Time(sec=1725537090, nanosec=443030118)",120.0,Handcrafted_LabStudy,1,1,"-12.0,1.0,0.5","-0.0,0.0,-0.0,-1.0","12.0,-0.0,0.0","-0.0,0.0,-0.0,-1.0",24.020824432373047,24.020824432373047,4.0,0,0,0,0,0,0,0,0.0,0.0,5.0,0.0,5.431295137350777e+21,0.0,
0,navstack-1725537082607,navstack,overtaking,HandCrafted,,,1725537097,363029956,"builtin_interfaces.msg.Time(sec=1725537090, nanosec=443030118)",120.0,Handcrafted_LabStudy,1,1,"-12.0,1.0,0.5","-0.0,0.0,-0.0,-1.0","12.0,-0.0,0.0","-0.0,0.0,-0.0,-1.0",24.020824432373047,24.020824432373047,4.0,0,0,0,0,0,0,0,0.0,0.0,5.0,0.0,5.431295137350777e+21,0.0,
0,navstack-1725537082607,navstack,overtaking,HandCrafted,,,1725537097,383029937,"builtin_interfaces.msg.Time(sec=1725537090, nanosec=443030118)",120.0,Handcrafted_LabStudy,1,1,"-12.0,1.0,0.5","-0.0,0.0,-0.0,-1.0","12.0,-0.0,0.0","-0.0,0.0,-0.0,-1.0",24.020824432373047,24.020824432373047,4.0,0,0,0,0,0,0,0,0.0,0.0,5.0,0.0,4.318895814531531e+21,0.0,
0,navstack-1725537082607,navstack,overtaking,HandCrafted,,,1725537097,403029918,"builtin_interfaces.msg.Time(sec=1725537090, nanosec=443030118)",120.0,Handcrafted_LabStudy,1,1,"-12.0,1.0,0.5","-0.0,0.0,-0.0,-1.0","12.0,-0.0,0.0","-0.0,0.0,-0.0,-1.0",24.020824432373047,24.020824432373047,4.0,0,0,0,0,0,0,0,0.0,0.0,5.0,0.0,7.027509347593212e+21,0.0,
0,navstack-1725537082607,navstack,overtaking,HandCrafted,,,1725537097,423030138,"builtin_interfaces.msg.Time(sec=1725537090, nanosec=443030118)",120.0,Handcrafted_LabStudy,1,1,"-12.0,1.0,0.5","-0.0,0.0,-0.0,-1.0","12.0,-0.0,0.0","-0.0,0.0,-0.0,-1.0",24.020824432373047,24.020824432373047,4.0,0,0,0,0,0,0,0,0.0,0.0,5.0,0.0,4.3962139394701646e+21,0.0,
0,navstack-1725537082607,navstack,overtaking,HandCrafted,,,1725537097,423030138,"builtin_interfaces.msg.Time(sec=1725537090, nanosec=443030118)",120.0,Handcrafted_LabStudy,1,1,"-12.0,1.0,0.5","-0.0,0.0,-0.0,-1.0","12.0,-0.0,0.0","-0.0,0.0,-0.0,-1.0",24.020824432373047,24.020824432373047,4.0,0,0,0,0,0,0,0,0.0,0.0,5.0,0.0,4.3962139394701646e+21,0.0,
0,navstack-1725537082607,navstack,overtaking,HandCrafted,,,1725537097,443030118,"builtin_interfaces.msg.Time(sec=1725537090, nanosec=443030118)",120.0,Handcrafted_LabStudy,1,1,"-12.0,1.0,0.5","-0.0,0.0,-0.0,-1.0","12.0,-0.0,0.0","-0.0,0.0,-0.0,-1.0",24.020824432373047,24.020824432373047,4.0,0,0,0,0,0,0,0,0.0,0.0,5.0,0.0,4.318895814531531e+21,0.0,
0,navstack-1725537082607,navstack,overtaking,HandCrafted,,,1725537097,463030099,"builtin_interfaces.msg.Time(sec=1725537090, nanosec=443030118)",120.0,Handcrafted_LabStudy,1,1,"-12.0,1.0,0.5","-0.0,0.0,-0.0,-1.0","12.0,-0.0,0.0","-0.0,0.0,-0.0,-1.0",24.020824432373047,24.020824432373047,4.0,0,0,0,0,0,0,0,0.0,0.0,5.0,0.0,1.0614995778392946e+22,0.0,
0,navstack-1725537082607,navstack,overtaking,HandCrafted,,,1725537097,483030080,"builtin_interfaces.msg.Time(sec=1725537090, nanosec=443030118)",120.0,Handcrafted_LabStudy,1,1,"-12.0,1.0,0.5","-0.0,0.0,-0.0,-1.0","12.0,-0.0,0.0","-0.0,0.0,-0.0,-1.0",24.020824432373047,24.020824432373047,4.0,0,0,0,0,0,0,0,0.0,0.0,5.0,0.0,4.411579054780693e+21,0.0,
0,navstack-1725537082607,navstack,overtaking,HandCrafted,,,1725537097,503030061,"builtin_interfaces.msg.Time(sec=1725537090, nanosec=443030118)",120.0,Handcrafted_LabStudy,1,1,"-12.0,1.0,0.5","-0.0,0.0,-0.0,-1.0","12.0,-0.0,0.0","-0.0,0.0,-0.0,-1.0",24.020824432373047,24.020824432373047,4.0,0,0,0,0,0,0,0,0.0,0.0,5.0,0.0,4.318895814531531e+21,0.0,
0,navstack-1725537082607,navstack,overtaking,HandCrafted,,,1725537097,523030042,"builtin_interfaces.msg.Time(sec=1725537090, nanosec=443030118)",120.0,Handcrafted_LabStudy,1,1,"-12.0,1.0,0.5","-0.0,0.0,-0.0,-1.0","12.0,-0.0,0.0","-0.0,0.0,-0.0,-1.0",24.020824432373047,24.020824432373047,4.0,0,0,0,0,0,0,0,0.0,0.0,5.0,0.0,7.658763463650846e+21,0.0,
0,navstack-1725537082607,navstack,overtaking,HandCrafted,,,1725537097,563030004,"builtin_interfaces.msg.Time(sec=1725537090, nanosec=443030118)",120.0,Handcrafted_LabStudy,1,1,"-12.0,1.0,0.5","-0.0,0.0,-0.0,-1.0","12.0,-0.0,0.0","-0.0,0.0,-0.0,-1.0",24.020824432373047,24.020824432373047,4.0,0,0,0,0,0,0,0,0.0,0.0,6.0,0.0,4.468206042937766e+21,0.0,
0,navstack-1725537082607,navstack,overtaking,HandCrafted,,,1725537097,583029747,"builtin_interfaces.msg.Time(sec=1725537090, nanosec=443030118)",120.0,Handcrafted_LabStudy,1,1,"-12.0,1.0,0.5","-0.0,0.0,-0.0,-1.0","12.0,-0.0,0.0","-0.0,0.0,-0.0,-1.0",24.020824432373047,24.020824432373047,4.0,0,0,0,0,0,0,0,0.0,0.0,6.0,0.0,4.318895814531531e+21,0.0,
0,navstack-1725537082607,navstack,overtaking,HandCrafted,,,1725537097,603029727,"builtin_interfaces.msg.Time(sec=1725537090, nanosec=443030118)",120.0,Handcrafted_LabStudy,1,1,"-12.0,1.0,0.5","-0.0,0.0,-0.0,-1.0","12.0,-0.0,0.0","-0.0,0.0,-0.0,-1.0",24.020824432373047,24.020824432373047,4.0,0,0,0,0,0,0,0,0.0,0.0,6.0,0.0,7.0300309216915e+21,0.0,
0,navstack-1725537082607,navstack,overtaking,HandCrafted,,,1725537097,623029708,"builtin_interfaces.msg.Time(sec=1725537090, nanosec=443030118)",120.0,Handcrafted_LabStudy,1,1,"-12.0,1.0,0.5","-0.0,0.0,-0.0,-1.0","12.0,-0.0,0.0","-0.0,0.0,-0.0,-1.0",24.020824432373047,24.020824432373047,4.0,0,0,0,0,0,0,0,0.0,0.0,6.0,0.0,4.314785771888417e+21,0.0,
0,navstack-1725537082607,navstack,overtaking,HandCrafted,,,1725537097,643029689,"builtin_interfaces.msg.Time(sec=1725537090, nanosec=443030118)",120.0,Handcrafted_LabStudy,1,1,"-12.0,1.0,0.5","-0.0,0.0,-0.0,-1.0","12.0,-0.0,0.0","-0.0,0.0,-0.0,-1.0",24.020824432373047,24.020824432373047,4.0,0,0,0,0,0,0,0,0.0,0.0,6.0,0.0,7.497598895374238e+21,0.0,
0,navstack-1725537082607,navstack,overtaking,HandCrafted,,,1725537097,643029689,"builtin_interfaces.msg.Time(sec=1725537090, nanosec=443030118)",120.0,Handcrafted_LabStudy,1,1,"-12.0,1.0,0.5","-0.0,0.0,-0.0,-1.0","12.0,-0.0,0.0","-0.0,0.0,-0.0,-1.0",24.020824432373047,24.020824432373047,4.0,0,0,0,0,0,0,0,0.0,0.0,6.0,0.0,7.497598895374238e+21,0.0,
0,navstack-1725537082607,navstack,overtaking,HandCrafted,,,1725537097,663029670,"builtin_interfaces.msg.Time(sec=1725537090, nanosec=443030118)",120.0,Handcrafted_LabStudy,1,1,"-12.0,1.0,0.5","-0.0,0.0,-0.0,-1.0","12.0,-0.0,0.0","-0.0,0.0,-0.0,-1.0",24.020824432373047,24.020824432373047,4.0,0,0,0,0,0,0,0,0.0,0.0,6.0,0.0,4.318895814531531e+21,0.0,
0,navstack-1725537082607,navstack,overtaking,HandCrafted,,,1725537097,663029670,"builtin_interfaces.msg.Time(sec=1725537090, nanosec=443030118)",120.0,Handcrafted_LabStudy,1,1,"-12.0,1.0,0.5","-0.0,0.0,-0.0,-1.0","12.0,-0.0,0.0","-0.0,0.0,-0.0,-1.0",24.020824432373047,24.020824432373047,4.0,0,0,0,0,0,0,0,0.0,0.0,6.0,0.0,4.321058238765033e+21,0.0,
0,navstack-1725537082607,navstack,overtaking,HandCrafted,,,1725537097,683029890,"builtin_interfaces.msg.Time(sec=1725537090, nanosec=443030118)",120.0,Handcrafted_LabStudy,1,1,"-12.0,1.0,0.5","-0.0,0.0,-0.0,-1.0","12.0,-0.0,0.0","-0.0,0.0,-0.0,-1.0",24.020824432373047,24.020824432373047,4.0,0,0,0,0,0,0,0,0.0,0.0,6.0,0.0,4.3319503990452687e+21,0.0,
0,navstack-1725537082607,navstack,overtaking,HandCrafted,,,1725537097,703029870,"builtin_interfaces.msg.Time(sec=1725537090, nanosec=443030118)",120.0,Handcrafted_LabStudy,1,1,"-12.0,1.0,0.5","-0.0,0.0,-0.0,-1.0","12.0,-0.0,0.0","-0.0,0.0,-0.0,-1.0",24.020824432373047,24.020824432373047,4.0,0,0,0,0,0,0,0,0.0,0.0,6.0,0.0,7.011264144090213e+21,0.0,
0,navstack-1725537082607,navstack,overtaking,HandCrafted,,,1725537097,723029851,"builtin_interfaces.msg.Time(sec=1725537090, nanosec=443030118)",120.0,Handcrafted_LabStudy,1,1,"-12.0,1.0,0.5","-0.0,0.0,-0.0,-1.0","12.0,-0.0,0.0","-0.0,0.0,-0.0,-1.0",24.020824432373047,24.020824432373047,4.0,0,0,0,0,0,0,0,0.0,0.0,6.0,0.0,8.332021011513935e+21,0.0,
0,navstack-1725537082607,navstack,overtaking,HandCrafted,,,1725537097,743029832,"builtin_interfaces.msg.Time(sec=1725537090, nanosec=443030118)",120.0,Handcrafted_LabStudy,1,1,"-12.0,1.0,0.5","-0.0,0.0,-0.0,-1.0","12.0,-0.0,0.0","-0.0,0.0,-0.0,-1.0",24.020824432373047,24.020824432373047,4.0,0,0,0,0,0,0,0,0.0,0.0,6.0,0.0,1.0022843163233296e+22,0.0,
0,navstack-1725537082607,navstack,overtaking,HandCrafted,,,1725537097,763029813,"builtin_interfaces.msg.Time(sec=1725537090, nanosec=443030118)",120.0,Handcrafted_LabStudy,1,1,"-12.0,1.0,0.5","-0.0,0.0,-0.0,-1.0","12.0,-0.0,0.0","-0.0,0.0,-0.0,-1.0",24.020824432373047,24.020824432373047,4.0,0,0,0,0,0,0,0,0.0,0.0,6.0,0.0,4.318895814531531e+21,0.0,
0,navstack-1725537082607,navstack,overtaking,HandCrafted,,,1725537097,763029813,"builtin_interfaces.msg.Time(sec=1725537090, nanosec=443030118)",120.0,Handcrafted_LabStudy,1,1,"-12.0,1.0,0.5","-0.0,0.0,-0.0,-1.0","12.0,-0.0,0.0","-0.0,0.0,-0.0,-1.0",24.020824432373047,24.020824432373047,4.0,0,0,0,0,0,0,0,0.0,0.0,6.0,0.0,4.3126253999398563e+21,0.0,
0,navstack-1725537082607,navstack,overtaking,HandCrafted,,,1725537097,783029794,"builtin_interfaces.msg.Time(sec=1725537090, nanosec=443030118)",120.0,Handcrafted_LabStudy,1,1,"-12.0,1.0,0.5","-0.0,0.0,-0.0,-1.0","12.0,-0.0,0.0","-0.0,0.0,-0.0,-1.0",24.020824432373047,24.020824432373047,4.0,0,0,0,0,0,0,0,0.0,0.0,6.0,0.0,4.320187043807309e+21,0.0,
0,navstack-1725537082607,navstack,overtaking,HandCrafted,,,1725537097,783029794,"builtin_interfaces.msg.Time(sec=1725537090, nanosec=443030118)",120.0,Handcrafted_LabStudy,1,1,"-12.0,1.0,0.5","-0.0,0.0,-0.0,-1.0","12.0,-0.0,0.0","-0.0,0.0,-0.0,-1.0",24.020824432373047,24.020824432373047,4.0,0,0,0,0,0,0,0,0.0,0.0,6.0,0.0,4.320187043807309e+21,0.0,
0,navstack-1725537082607,navstack,overtaking,HandCrafted,,,1725537097,803029775,"builtin_interfaces.msg.Time(sec=1725537090, nanosec=443030118)",120.0,Handcrafted_LabStudy,1,1,"-12.0,1.0,0.5","-0.0,0.0,-0.0,-1.0","12.0,-0.0,0.0","-0.0,0.0,-0.0,-1.0",24.020824432373047,24.020824432373047,4.0,0,0,0,0,0,0,0,0.0,0.0,6.0,0.0,4.3448086482995905e+21,0.0,
0,navstack-1725537082607,navstack,overtaking,HandCrafted,,,1725537097,803029775,"builtin_interfaces.msg.Time(sec=1725537090, nanosec=443030118)",120.0,Handcrafted_LabStudy,1,1,"-12.0,1.0,0.5","-0.0,0.0,-0.0,-1.0","12.0,-0.0,0.0","-0.0,0.0,-0.0,-1.0",24.020824432373047,24.020824432373047,4.0,0,0,0,0,0,0,0,0.0,0.0,6.0,0.0,4.3448086482995905e+21,0.0,
0,navstack-1725537082607,navstack,overtaking,HandCrafted,,,1725537097,823029756,"builtin_interfaces.msg.Time(sec=1725537090, nanosec=443030118)",120.0,Handcrafted_LabStudy,1,1,"-12.0,1.0,0.5","-0.0,0.0,-0.0,-1.0","12.0,-0.0,0.0","-0.0,0.0,-0.0,-1.0",24.020824432373047,24.020824432373047,4.0,0,0,0,0,0,0,0,0.0,0.0,6.0,0.0,4.381645452764481e+21,0.0,
0,navstack-1725537082607,navstack,overtaking,HandCrafted,,,1725537097,823029756,"builtin_interfaces.msg.Time(sec=1725537090, nanosec=443030118)",120.0,Handcrafted_LabStudy,1,1,"-12.0,1.0,0.5","-0.0,0.0,-0.0,-1.0","12.0,-0.0,0.0","-0.0,0.0,-0.0,-1.0",24.020824432373047,24.020824432373047,4.0,0,0,0,0,0,0,0,0.0,0.0,6.0,0.0,4.381645452764481e+21,0.0,
0,navstack-1725537082607,navstack,overtaking,HandCrafted,,,1725537097,843029499,"builtin_interfaces.msg.Time(sec=1725537090, nanosec=443030118)",120.0,Handcrafted_LabStudy,1,1,"-12.0,1.0,0.5","-0.0,0.0,-0.0,-1.0","12.0,-0.0,0.0","-0.0,0.0,-0.0,-1.0",24.020824432373047,24.020824432373047,4.0,0,0,0,0,0,0,0,0.0,0.0,6.0,0.0,4.4317167587229927e+21,0.0,
0,navstack-1725537082607,navstack,overtaking,HandCrafted,,,1725537097,843029499,"builtin_interfaces.msg.Time(sec=1725537090, nanosec=443030118)",120.0,Handcrafted_LabStudy,1,1,"-12.0,1.0,0.5","-0.0,0.0,-0.0,-1.0","12.0,-0.0,0.0","-0.0,0.0,-0.0,-1.0",24.020824432373047,24.020824432373047,4.0,0,0,0,0,0,0,0,0.0,0.0,6.0,0.0,4.4317167587229927e+21,0.0,
0,navstack-1725537082607,navstack,overtaking,HandCrafted,,,1725537097,863029479,"builtin_interfaces.msg.Time(sec=1725537090, nanosec=443030118)",120.0,Handcrafted_LabStudy,1,1,"-12.0,1.0,0.5","-0.0,0.0,-0.0,-1.0","12.0,-0.0,0.0","-0.0,0.0,-0.0,-1.0",24.020824432373047,24.020824432373047,4.0,0,0,0,0,0,0,0,0.0,0.0,6.0,0.0,4.497964516638959e+21,0.0,
0,navstack-1725537082607,navstack,overtaking,HandCrafted,,,1725537097,883029937,"builtin_interfaces.msg.Time(sec=1725537090, nanosec=443030118)",120.0,Handcrafted_LabStudy,1,1,"-12.0,1.0,0.5","-0.0,0.0,-0.0,-1.0","12.0,-0.0,0.0","-0.0,0.0,-0.0,-1.0",24.020824432373047,24.020824432373047,4.0,0,0,0,0,0,0,0,0.0,0.0,6.0,0.0,4.6171102609730484e+21,0.0,
0,navstack-1725537082607,navstack,overtaking,HandCrafted,,,1725537097,883029937,"builtin_interfaces.msg.Time(sec=1725537090, nanosec=443030118)",120.0,Handcrafted_LabStudy,1,1,"-12.0,1.0,0.5","-0.0,0.0,-0.0,-1.0","12.0,-0.0,0.0","-0.0,0.0,-0.0,-1.0",24.020824432373047,24.020824432373047,4.0,0,0,0,0,0,0,0,0.0,0.0,6.0,0.0,4.6171102609730484e+21,0.0,
0,navstack-1725537082607,navstack,overtaking,HandCrafted,,,1725537097,883029937,"builtin_interfaces.msg.Time(sec=1725537090, nanosec=443030118)",120.0,Handcrafted_LabStudy,1,1,"-12.0,1.0,0.5","-0.0,0.0,-0.0,-1.0","12.0,-0.0,0.0","-0.0,0.0,-0.0,-1.0",24.020824432373047,24.020824432373047,4.0,0,0,0,0,0,0,0,0.0,0.0,6.0,0.0,4.6171102609730484e+21,0.0,
0,navstack-1725537082607,navstack,overtaking,HandCrafted,,,1725537097,903029918,"builtin_interfaces.msg.Time(sec=1725537090, nanosec=443030118)",120.0,Handcrafted_LabStudy,1,1,"-12.0,1.0,0.5","-0.0,0.0,-0.0,-1.0","12.0,-0.0,0.0","-0.0,0.0,-0.0,-1.0",24.020824432373047,24.020824432373047,4.0,0,0,0,0,0,0,0,0.0,0.0,6.0,0.0,4.7207773302298394e+21,0.0,
0,navstack-1725537082607,navstack,overtaking,HandCrafted,,,1725537097,923030138,"builtin_interfaces.msg.Time(sec=1725537090, nanosec=443030118)",120.0,Handcrafted_LabStudy,1,1,"-12.0,1.0,0.5","-0.0,0.0,-0.0,-1.0","12.0,-0.0,0.0","-0.0,0.0,-0.0,-1.0",24.020824432373047,24.020824432373047,4.0,0,0,0,0,0,0,0,0.0,0.0,6.0,0.0,4.892198192502267e+21,0.0,
0,navstack-1725537082607,navstack,overtaking,HandCrafted,,,1725537097,923030138,"builtin_interfaces.msg.Time(sec=1725537090, nanosec=443030118)",120.0,Handcrafted_LabStudy,1,1,"-12.0,1.0,0.5","-0.0,0.0,-0.0,-1.0","12.0,-0.0,0.0","-0.0,0.0,-0.0,-1.0",24.020824432373047,24.020824432373047,4.0,0,0,0,0,0,0,0,0.0,0.0,6.0,0.0,4.892198192502267e+21,0.0,
0,navstack-1725537082607,navstack,overtaking,HandCrafted,,,1725537097,943030118,"builtin_interfaces.msg.Time(sec=1725537090, nanosec=443030118)",120.0,Handcrafted_LabStudy,1,1,"-12.0,1.0,0.5","-0.0,0.0,-0.0,-1.0","12.0,-0.0,0.0","-0.0,0.0,-0.0,-1.0",24.020824432373047,24.020824432373047,4.0,0,0,0,0,0,0,0,0.0,0.0,6.0,0.0,5.115094123633282e+21,0.0,
0,navstack-1725537082607,navstack,overtaking,HandCrafted,,,1725537097,943030118,"builtin_interfaces.msg.Time(sec=1725537090, nanosec=443030118)",120.0,Handcrafted_LabStudy,1,1,"-12.0,1.0,0.5","-0.0,0.0,-0.0,-1.0","12.0,-0.0,0.0","-0.0,0.0,-0.0,-1.0",24.020824432373047,24.020824432373047,4.0,0,0,0,0,0,0,0,0.0,0.0,6.0,0.0,5.115094123633282e+21,0.0,
0,navstack-1725537082607,navstack,overtaking,HandCrafted,,,1725537097,963030099,"builtin_interfaces.msg.Time(sec=1725537090, nanosec=443030118)",120.0,Handcrafted_LabStudy,1,1,"-12.0,1.0,0.5","-0.0,0.0,-0.0,-1.0","12.0,-0.0,0.0","-0.0,0.0,-0.0,-1.0",24.020824432373047,24.020824432373047,4.0,0,0,0,0,0,0,0,0.0,0.0,6.0,0.0,5.357209361195217e+21,0.0,
0,navstack-1725537082607,navstack,overtaking,HandCrafted,,,1725537097,963030099,"builtin_interfaces.msg.Time(sec=1725537090, nanosec=443030118)",120.0,Handcrafted_LabStudy,1,1,"-12.0,1.0,0.5","-0.0,0.0,-0.0,-1.0","12.0,-0.0,0.0","-0.0,0.0,-0.0,-1.0",24.020824432373047,24.020824432373047,4.0,0,0,0,0,0,0,0,0.0,0.0,6.0,0.0,5.357209361195217e+21,0.0,
0,navstack-1725537082607,navstack,overtaking,HandCrafted,,,1725537097,983030080,"builtin_interfaces.msg.Time(sec=1725537090, nanosec=443030118)",120.0,Handcrafted_LabStudy,1,1,"-12.0,1.0,0.5","-0.0,0.0,-0.0,-1.0","12.0,-0.0,0.0","-0.0,0.0,-0.0,-1.0",24.020824432373047,24.020824432373047,4.0,0,0,0,0,0,0,0,0.0,0.0,6.0,0.0,5.606355726967192e+21,0.0,
0,navstack-1725537082607,navstack,overtaking,HandCrafted,,,1725537097,983030080,"builtin_interfaces.msg.Time(sec=1725537090, nanosec=443030118)",120.0,Handcrafted_LabStudy,1,1,"-12.0,1.0,0.5","-0.0,0.0,-0.0,-1.0","12.0,-0.0,0.0","-0.0,0.0,-0.0,-1.0",24.020824432373047,24.020824432373047,4.0,0,0,0,0,0,0,0,0.0,0.0,6.0,0.0,5.606355726967192e+21,0.0,
0,navstack-1725537082607,navstack,overtaking,HandCrafted,,,1725537098,3030061,"builtin_interfaces.msg.Time(sec=1725537090, nanosec=443030118)",120.0,Handcrafted_LabStudy,1,1,"-12.0,1.0,0.5","-0.0,0.0,-0.0,-1.0","12.0,-0.0,0.0","-0.0,0.0,-0.0,-1.0",24.020824432373047,24.020824432373047,4.0,0,0,0,0,0,0,0,0.0,0.0,6.0,0.0,4.800440190714291e+21,0.0,
0,navstack-1725537082607,navstack,overtaking,HandCrafted,,,1725537098,23030042,"builtin_interfaces.msg.Time(sec=1725537090, nanosec=443030118)",120.0,Handcrafted_LabStudy,1,1,"-12.0,1.0,0.5","-0.0,0.0,-0.0,-1.0","12.0,-0.0,0.0","-0.0,0.0,-0.0,-1.0",24.020824432373047,24.020824432373047,4.0,0,0,0,0,0,0,0,0.0,0.0,6.0,0.0,4.428861004226708e+21,0.0,
0,navstack-1725537082607,navstack,overtaking,HandCrafted,,,1725537098,23030042,"builtin_interfaces.msg.Time(sec=1725537090, nanosec=443030118)",120.0,Handcrafted_LabStudy,1,1,"-12.0,1.0,0.5","-0.0,0.0,-0.0,-1.0","12.0,-0.0,0.0","-0.0,0.0,-0.0,-1.0",24.020824432373047,24.020824432373047,4.0,0,0,0,0,0,0,0,0.0,0.0,6.0,0.0,4.428861004226708e+21,0.0,
0,navstack-1725537082607,navstack,overtaking,HandCrafted,,,1725537098,23030042,"builtin_interfaces.msg.Time(sec=1725537090, nanosec=443030118)",120.0,Handcrafted_LabStudy,1,1,"-12.0,1.0,0.5","-0.0,0.0,-0.0,-1.0","12.0,-0.0,0.0","-0.0,0.0,-0.0,-1.0",24.020824432373047,24.020824432373047,4.0,0,0,0,0,0,0,0,0.0,0.0,6.0,0.0,4.428861004226708e+21,0.0,
0,navstack-1725537082607,navstack,overtaking,HandCrafted,,,1725537098,43030023,"builtin_interfaces.msg.Time(sec=1725537090, nanosec=443030118)",120.0,Handcrafted_LabStudy,1,1,"-12.0,1.0,0.5","-0.0,0.0,-0.0,-1.0","12.0,-0.0,0.0","-0.0,0.0,-0.0,-1.0",24.020824432373047,24.020824432373047,4.0,0,0,0,0,0,0,0,0.0,0.0,6.0,0.0,4.360226780971111e+21,0.0,
0,navstack-1725537082607,navstack,overtaking,HandCrafted,,,1725537098,63030004,"builtin_interfaces.msg.Time(sec=1725537090, nanosec=443030118)",120.0,Handcrafted_LabStudy,1,1,"-12.0,1.0,0.5","-0.0,0.0,-0.0,-1.0","12.0,-0.0,0.0","-0.0,0.0,-0.0,-1.0",24.020824432373047,24.020824432373047,4.0,0,0,0,0,0,0,0,0.0,0.0,6.0,0.0,4.3039709143409833e+21,0.0,
0,navstack-1725537082607,navstack,overtaking,HandCrafted,,,1725537098,83029747,"builtin_interfaces.msg.Time(sec=1725537090, nanosec=443030118)",120.0,Handcrafted_LabStudy,1,1,"-12.0,1.0,0.5","-0.0,0.0,-0.0,-1.0","12.0,-0.0,0.0","-0.0,0.0,-0.0,-1.0",24.020824432373047,24.020824432373047,4.0,0,0,0,0,0,0,0,0.0,0.0,6.0,0.0,4.313312573347814e+21,0.0,
0,navstack-1725537082607,navstack,overtaking,HandCrafted,,,1725537098,103029727,"builtin_interfaces.msg.Time(sec=1725537090, nanosec=443030118)",120.0,Handcrafted_LabStudy,1,1,"-12.0,1.0,0.5","-0.0,0.0,-0.0,-1.0","12.0,-0.0,0.0","-0.0,0.0,-0.0,-1.0",24.020824432373047,24.020824432373047,4.0,0,0,0,0,0,0,0,0.0,0.0,6.0,0.0,4.3363176614010673e+21,0.0,
0,navstack-1725537082607,navstack,overtaking,HandCrafted,,,1725537098,123029708,"builtin_interfaces.msg.Time(sec=1725537090, nanosec=443030118)",120.0,Handcrafted_LabStudy,1,1,"-12.0,1.0,0.5","-0.0,0.0,-0.0,-1.0","12.0,-0.0,0.0","-0.0,0.0,-0.0,-1.0",24.020824432373047,24.020824432373047,4.0,0,0,0,0,0,0,0,0.0,0.0,6.0,0.0,4.402375240912442e+21,0.0,
0,navstack-1725537082607,navstack,overtaking,HandCrafted,,,1725537098,143029689,"builtin_interfaces.msg.Time(sec=1725537090, nanosec=443030118)",120.0,Handcrafted_LabStudy,1,1,"-12.0,1.0,0.5","-0.0,0.0,-0.0,-1.0","12.0,-0.0,0.0","-0.0,0.0,-0.0,-1.0",24.020824432373047,24.020824432373047,4.0,0,0,0,0,0,0,0,0.0,0.0,6.0,0.0,4.307127328581217e+21,0.0,
0,navstack-1725537082607,navstack,overtaking,HandCrafted,,,1725537098,163029670,"builtin_interfaces.msg.Time(sec=1725537090, nanosec=443030118)",120.0,Handcrafted_LabStudy,1,1,"-12.0,1.0,0.5","-0.0,0.0,-0.0,-1.0","12.0,-0.0,0.0","-0.0,0.0,-0.0,-1.0",24.020824432373047,24.020824432373047,4.0,0,0,0,0,0,0,0,0.0,0.0,6.0,0.0,4.3270871678285754e+21,0.0,
0,navstack-1725537082607,navstack,overtaking,HandCrafted,,,1725537098,163029670,"builtin_interfaces.msg.Time(sec=1725537090, nanosec=443030118)",120.0,Handcrafted_LabStudy,1,1,"-12.0,1.0,0.5","-0.0,0.0,-0.0,-1.0","12.0,-0.0,0.0","-0.0,0.0,-0.0,-1.0",24.020824432373047,24.020824432373047,4.0,0,0,0,0,0,0,0,0.0,0.0,6.0,0.0,4.3270871678285754e+21,0.0,
0,navstack-1725537082607,navstack,overtaking,HandCrafted,,,1725537098,183029890,"builtin_interfaces.msg.Time(sec=1725537090, nanosec=443030118)",120.0,Handcrafted_LabStudy,1,1,"-12.0,1.0,0.5","-0.0,0.0,-0.0,-1.0","12.0,-0.0,0.0","-0.0,0.0,-0.0,-1.0",24.020824432373047,24.020824432373047,4.0,0,0,0,0,0,0,0,0.0,0.0,6.0,0.0,4.3427177119915547e+21,0.0,
0,navstack-1725537082607,navstack,overtaking,HandCrafted,,,1725537098,203029870,"builtin_interfaces.msg.Time(sec=1725537090, nanosec=443030118)",120.0,Handcrafted_LabStudy,1,1,"-12.0,1.0,0.5","-0.0,0.0,-0.0,-1.0","12.0,-0.0,0.0","-0.0,0.0,-0.0,-1.0",24.020824432373047,24.020824432373047,4.0,0,0,0,0,0,0,0,0.0,0.0,6.0,0.0,4.349618862155292e+21,0.0,
0,navstack-1725537082607,navstack,overtaking,HandCrafted,,,1725537098,223029851,"builtin_interfaces.msg.Time(sec=1725537090, nanosec=443030118)",120.0,Handcrafted_LabStudy,1,1,"-12.0,1.0,0.5","-0.0,0.0,-0.0,-1.0","12.0,-0.0,0.0","-0.0,0.0,-0.0,-1.0",24.020824432373047,24.020824432373047,4.0,0,0,0,0,0,0,0,0.0,0.0,6.0,0.0,4.3039975940452243e+21,0.0,
0,navstack-1725537082607,navstack,overtaking,HandCrafted,,,1725537098,243029832,"builtin_interfaces.msg.Time(sec=1725537090, nanosec=443030118)",120.0,Handcrafted_LabStudy,1,1,"-12.0,1.0,0.5","-0.0,0.0,-0.0,-1.0","12.0,-0.0,0.0","-0.0,0.0,-0.0,-1.0",24.020824432373047,24.020824432373047,4.0,0,0,0,0,0,0,0,0.0,0.0,6.0,0.0,4.738669492398501e+21,0.0,
0,navstack-1725537082607,navstack,overtaking,HandCrafted,,,1725537098,263029813,"builtin_interfaces.msg.Time(sec=1725537090, nanosec=443030118)",120.0,Handcrafted_LabStudy,1,1,"-12.0,1.0,0.5","-0.0,0.0,-0.0,-1.0","12.0,-0.0,0.0","-0.0,0.0,-0.0,-1.0",24.020824432373047,24.020824432373047,4.0,0,0,0,0,0,0,0,0.0,0.0,6.0,0.0,4.444465210732937e+21,0.0,
0,navstack-1725537082607,navstack,overtaking,HandCrafted,,,1725537098,263029813,"builtin_interfaces.msg.Time(sec=1725537090, nanosec=443030118)",120.0,Handcrafted_LabStudy,1,1,"-12.0,1.0,0.5","-0.0,0.0,-0.0,-1.0","12.0,-0.0,0.0","-0.0,0.0,-0.0,-1.0",24.020824432373047,24.020824432373047,4.0,0,0,0,0,0,0,0,0.0,0.0,6.0,0.0,4.444465210732937e+21,0.0,
0,navstack-1725537082607,navstack,overtaking,HandCrafted,,,1725537098,263029813,"builtin_interfaces.msg.Time(sec=1725537090, nanosec=443030118)",120.0,Handcrafted_LabStudy,1,1,"-12.0,1.0,0.5","-0.0,0.0,-0.0,-1.0","12.0,-0.0,0.0","-0.0,0.0,-0.0,-1.0",24.020824432373047,24.020824432373047,4.0,0,0,0,0,0,0,0,0.0,0.0,6.0,0.0,4.444465210732937e+21,0.0,
0,navstack-1725537082607,navstack,overtaking,HandCrafted,,,1725537098,283029794,"builtin_interfaces.msg.Time(sec=1725537090, nanosec=443030118)",120.0,Handcrafted_LabStudy,1,1,"-12.0,1.0,0.5","-0.0,0.0,-0.0,-1.0","12.0,-0.0,0.0","-0.0,0.0,-0.0,-1.0",24.020824432373047,24.020824432373047,4.0,0,0,0,0,0,0,0,0.0,0.0,6.0,0.0,4.3832972000950066e+21,0.0,
0,navstack-1725537082607,navstack,overtaking,HandCrafted,,,1725537098,283029794,"builtin_interfaces.msg.Time(sec=1725537090, nanosec=443030118)",120.0,Handcrafted_LabStudy,1,1,"-12.0,1.0,0.5","-0.0,0.0,-0.0,-1.0","12.0,-0.0,0.0","-0.0,0.0,-0.0,-1.0",24.020824432373047,24.020824432373047,4.0,0,0,0,0,0,0,0,0.0,0.0,6.0,0.0,4.3832972000950066e+21,0.0,
0,navstack-1725537082607,navstack,overtaking,HandCrafted,,,1725537098,303029775,"builtin_interfaces.msg.Time(sec=1725537090, nanosec=443030118)",120.0,Handcrafted_LabStudy,1,1,"-12.0,1.0,0.5","-0.0,0.0,-0.0,-1.0","12.0,-0.0,0.0","-0.0,0.0,-0.0,-1.0",24.020824432373047,24.020824432373047,4.0,0,0,0,0,0,0,0,0.0,0.0,6.0,0.0,4.3414856569315934e+21,0.0,
0,navstack-1725537082607,navstack,overtaking,HandCrafted,,,1725537098,323029756,"builtin_interfaces.msg.Time(sec=1725537090, nanosec=443030118)",120.0,Handcrafted_LabStudy,1,1,"-12.0,1.0,0.5","-0.0,0.0,-0.0,-1.0","12.0,-0.0,0.0","-0.0,0.0,-0.0,-1.0",24.020824432373047,24.020824432373047,4.0,0,0,0,0,0,0,0,0.0,0.0,6.0,0.0,4.315508518235363e+21,0.0,
0,navstack-1725537082607,navstack,overtaking,HandCrafted,,,1725537098,323029756,"builtin_interfaces.msg.Time(sec=1725537090, nanosec=443030118)",120.0,Handcrafted_LabStudy,1,1,"-12.0,1.0,0.5","-0.0,0.0,-0.0,-1.0","12.0,-0.0,0.0","-0.0,0.0,-0.0,-1.0",24.020824432373047,24.020824432373047,4.0,0,0,0,0,0,0,0,0.0,0.0,6.0,0.0,4.315508518235363e+21,0.0,
0,navstack-1725537082607,navstack,overtaking,HandCrafted,,,1725537098,343029499,"builtin_interfaces.msg.Time(sec=1725537090, nanosec=443030118)",120.0,Handcrafted_LabStudy,1,1,"-12.0,1.0,0.5","-0.0,0.0,-0.0,-1.0","12.0,-0.0,0.0","-0.0,0.0,-0.0,-1.0",24.020824432373047,24.020824432373047,4.0,0,0,0,0,0,0,0,0.0,0.0,6.0,0.0,4.3044148919833566e+21,0.0,
0,navstack-1725537082607,navstack,overtaking,HandCrafted,,,1725537098,363029479,"builtin_interfaces.msg.Time(sec=1725537090, nanosec=443030118)",120.0,Handcrafted_LabStudy,1,1,"-12.0,1.0,0.5","-0.0,0.0,-0.0,-1.0","12.0,-0.0,0.0","-0.0,0.0,-0.0,-1.0",24.020824432373047,24.020824432373047,4.0,0,0,0,0,0,0,0,0.0,0.0,6.0,0.0,4.709573906733456e+21,0.0,
0,navstack-1725537082607,navstack,overtaking,HandCrafted,,,1725537098,363029479,"builtin_interfaces.msg.Time(sec=1725537090, nanosec=443030118)",120.0,Handcrafted_LabStudy,1,1,"-12.0,1.0,0.5","-0.0,0.0,-0.0,-1.0","12.0,-0.0,0.0","-0.0,0.0,-0.0,-1.0",24.020824432373047,24.020824432373047,4.0,0,0,0,0,0,0,0,0.0,0.0,6.0,0.0,4.709573906733456e+21,0.0,
0,navstack-1725537082607,navstack,overtaking,HandCrafted,,,1725537098,383029937,"builtin_interfaces.msg.Time(sec=1725537090, nanosec=443030118)",120.0,Handcrafted_LabStudy,1,1,"-12.0,1.0,0.5","-0.0,0.0,-0.0,-1.0","12.0,-0.0,0.0","-0.0,0.0,-0.0,-1.0",24.020824432373047,24.020824432373047,4.0,0,0,0,0,0,0,0,0.0,0.0,6.0,0.0,4.4350811378373126e+21,0.0,
0,navstack-1725537082607,navstack,overtaking,HandCrafted,,,1725537098,403029918,"builtin_interfaces.msg.Time(sec=1725537090, nanosec=443030118)",120.0,Handcrafted_LabStudy,1,1,"-12.0,1.0,0.5","-0.0,0.0,-0.0,-1.0","12.0,-0.0,0.0","-0.0,0.0,-0.0,-1.0",24.020824432373047,24.020824432373047,4.0,0,0,0,0,0,0,0,0.0,0.0,6.0,0.0,4.354989349800059e+21,0.0,
0,navstack-1725537082607,navstack,overtaking,HandCrafted,,,1725537098,423030138,"builtin_interfaces.msg.Time(sec=1725537090, nanosec=443030118)",120.0,Handcrafted_LabStudy,1,1,"-12.0,1.0,0.5","-0.0,0.0,-0.0,-1.0","12.0,-0.0,0.0","-0.0,0.0,-0.0,-1.0",24.020824432373047,24.020824432373047,4.0,0,0,0,0,0,0,0,0.0,0.0,6.0,0.0,4.3091163347371515e+21,0.0,
0,navstack-1725537082607,navstack,overtaking,HandCrafted,,,1725537098,423030138,"builtin_interfaces.msg.Time(sec=1725537090, nanosec=443030118)",120.0,Handcrafted_LabStudy,1,1,"-12.0,1.0,0.5","-0.0,0.0,-0.0,-1.0","12.0,-0.0,0.0","-0.0,0.0,-0.0,-1.0",24.020824432373047,24.020824432373047,4.0,0,0,0,0,0,0,0,0.0,0.0,6.0,0.0,4.3091163347371515e+21,0.0,
0,navstack-1725537082607,navstack,overtaking,HandCrafted,,,1725537098,443030118,"builtin_interfaces.msg.Time(sec=1725537090, nanosec=443030118)",120.0,Handcrafted_LabStudy,1,1,"-12.0,1.0,0.5","-0.0,0.0,-0.0,-1.0","12.0,-0.0,0.0","-0.0,0.0,-0.0,-1.0",24.020824432373047,24.020824432373047,4.0,0,0,0,0,0,0,0,0.0,0.0,6.0,0.0,4.3044268636455164e+21,0.0,
0,navstack-1725537082607,navstack,overtaking,HandCrafted,,,1725537098,463029623,"builtin_interfaces.msg.Time(sec=1725537090, nanosec=443030118)",120.0,Handcrafted_LabStudy,1,1,"-12.0,1.0,0.5","-0.0,0.0,-0.0,-1.0","12.0,-0.0,0.0","-0.0,0.0,-0.0,-1.0",24.020824432373047,24.020824432373047,4.0,0,0,0,0,0,0,0,0.0,0.0,6.0,0.0,4.312200919004428e+21,0.0,
0,navstack-1725537082607,navstack,overtaking,HandCrafted,,,1725537098,463029623,"builtin_interfaces.msg.Time(sec=1725537090, nanosec=443030118)",120.0,Handcrafted_LabStudy,1,1,"-12.0,1.0,0.5","-0.0,0.0,-0.0,-1.0","12.0,-0.0,0.0","-0.0,0.0,-0.0,-1.0",24.020824432373047,24.020824432373047,4.0,0,0,0,0,0,0,0,0.0,0.0,6.0,0.0,4.4077768548788244e+21,0.0,
0,navstack-1725537082607,navstack,overtaking,HandCrafted,,,1725537098,463029623,"builtin_interfaces.msg.Time(sec=1725537090, nanosec=443030118)",120.0,Handcrafted_LabStudy,1,1,"-12.0,1.0,0.5","-0.0,0.0,-0.0,-1.0","12.0,-0.0,0.0","-0.0,0.0,-0.0,-1.0",24.020824432373047,24.020824432373047,4.0,0,0,0,0,0,0,0,0.0,0.0,6.0,0.0,4.4077768548788244e+21,0.0,
0,navstack-1725537082607,navstack,overtaking,HandCrafted,,,1725537098,483030080,"builtin_interfaces.msg.Time(sec=1725537090, nanosec=443030118)",120.0,Handcrafted_LabStudy,1,1,"-12.0,1.0,0.5","-0.0,0.0,-0.0,-1.0","12.0,-0.0,0.0","-0.0,0.0,-0.0,-1.0",24.020824432373047,24.020824432373047,4.0,0,0,0,0,0,0,0,0.0,0.0,6.0,0.0,4.4140192215762967e+21,0.0,
0,navstack-1725537082607,navstack,overtaking,HandCrafted,,,1725537098,503029584,"builtin_interfaces.msg.Time(sec=1725537090, nanosec=443030118)",120.0,Handcrafted_LabStudy,1,1,"-12.0,1.0,0.5","-0.0,0.0,-0.0,-1.0","12.0,-0.0,0.0","-0.0,0.0,-0.0,-1.0",24.020824432373047,24.020824432373047,4.0,0,0,0,0,0,0,0,0.0,0.0,6.0,0.0,4.347414366080486e+21,0.0,
0,navstack-1725537082607,navstack,overtaking,HandCrafted,,,1725537098,503029584,"builtin_interfaces.msg.Time(sec=1725537090, nanosec=443030118)",120.0,Handcrafted_LabStudy,1,1,"-12.0,1.0,0.5","-0.0,0.0,-0.0,-1.0","12.0,-0.0,0.0","-0.0,0.0,-0.0,-1.0",24.020824432373047,24.020824432373047,4.0,0,0,0,0,0,0,0,0.0,0.0,6.0,0.0,4.347414366080486e+21,0.0,
0,navstack-1725537082607,navstack,overtaking,HandCrafted,,,1725537098,523030042,"builtin_interfaces.msg.Time(sec=1725537090, nanosec=443030118)",120.0,Handcrafted_LabStudy,1,1,"-12.0,1.0,0.5","-0.0,0.0,-0.0,-1.0","12.0,-0.0,0.0","-0.0,0.0,-0.0,-1.0",24.020824432373047,24.020824432373047,4.0,0,0,0,0,0,0,0,0.0,0.0,6.0,0.0,4.314757723994215e+21,0.0,
0,navstack-1725537082607,navstack,overtaking,HandCrafted,,,1725537098,543029546,"builtin_interfaces.msg.Time(sec=1725537090, nanosec=443030118)",120.0,Handcrafted_LabStudy,1,1,"-12.0,1.0,0.5","-0.0,0.0,-0.0,-1.0","12.0,-0.0,0.0","-0.0,0.0,-0.0,-1.0",24.020824432373047,24.020824432373047,4.0,0,0,0,0,0,0,0,0.0,0.0,6.0,0.0,4.30421821467645e+21,0.0,
0,navstack-1725537082607,navstack,overtaking,HandCrafted,,,1725537098,563030004,"builtin_interfaces.msg.Time(sec=1725537090, nanosec=443030118)",120.0,Handcrafted_LabStudy,1,1,"-12.0,1.0,0.5","-0.0,0.0,-0.0,-1.0","12.0,-0.0,0.0","-0.0,0.0,-0.0,-1.0",24.020824432373047,24.020824432373047,4.0,0,0,0,0,0,0,0,0.0,0.0,7.0,0.0,4.6081985556614905e+21,0.0,
0,navstack-1725537082607,navstack,overtaking,HandCrafted,,,1725537098,583029270,"builtin_interfaces.msg.Time(sec=1725537090, nanosec=443030118)",120.0,Handcrafted_LabStudy,1,1,"-12.0,1.0,0.5","-0.0,0.0,-0.0,-1.0","12.0,-0.0,0.0","-0.0,0.0,-0.0,-1.0",24.020824432373047,24.020824432373047,4.0,0,0,0,0,0,0,0,0.0,0.0,7.0,0.0,4.4597567858330567e+21,0.0,
0,navstack-1725537082607,navstack,overtaking,HandCrafted,,,1725537098,583029270,"builtin_interfaces.msg.Time(sec=1725537090, nanosec=443030118)",120.0,Handcrafted_LabStudy,1,1,"-12.0,1.0,0.5","-0.0,0.0,-0.0,-1.0","12.0,-0.0,0.0","-0.0,0.0,-0.0,-1.0",24.020824432373047,24.020824432373047,4.0,0,0,0,0,0,0,0,0.0,0.0,7.0,0.0,4.4597567858330567e+21,0.0,
0,navstack-1725537082607,navstack,overtaking,HandCrafted,,,1725537098,603029727,"builtin_interfaces.msg.Time(sec=1725537090, nanosec=443030118)",120.0,Handcrafted_LabStudy,1,1,"-12.0,1.0,0.5","-0.0,0.0,-0.0,-1.0","12.0,-0.0,0.0","-0.0,0.0,-0.0,-1.0",24.020824432373047,24.020824432373047,4.0,0,0,0,0,0,0,0,0.0,0.0,7.0,0.0,4.4973751688132197e+21,0.0,
0,navstack-1725537082607,navstack,overtaking,HandCrafted,,,1725537098,603029727,"builtin_interfaces.msg.Time(sec=1725537090, nanosec=443030118)",120.0,Handcrafted_LabStudy,1,1,"-12.0,1.0,0.5","-0.0,0.0,-0.0,-1.0","12.0,-0.0,0.0","-0.0,0.0,-0.0,-1.0",24.020824432373047,24.020824432373047,4.0,0,0,0,0,0,0,0,0.0,0.0,7.0,0.0,4.4973751688132197e+21,0.0,
0,navstack-1725537082607,navstack,overtaking,HandCrafted,,,1725537098,603029727,"builtin_interfaces.msg.Time(sec=1725537090, nanosec=443030118)",120.0,Handcrafted_LabStudy,1,1,"-12.0,1.0,0.5","-0.0,0.0,-0.0,-1.0","12.0,-0.0,0.0","-0.0,0.0,-0.0,-1.0",24.020824432373047,24.020824432373047,4.0,0,0,0,0,0,0,0,0.0,0.0,7.0,0.0,4.4973751688132197e+21,0.0,
0,navstack-1725537082607,navstack,overtaking,HandCrafted,,,1725537098,623029232,"builtin_interfaces.msg.Time(sec=1725537090, nanosec=443030118)",120.0,Handcrafted_LabStudy,1,1,"-12.0,1.0,0.5","-0.0,0.0,-0.0,-1.0","12.0,-0.0,0.0","-0.0,0.0,-0.0,-1.0",24.020824432373047,24.020824432373047,4.0,0,0,0,0,0,0,0,0.0,0.0,7.0,0.0,4.538942148021088e+21,0.0,
0,navstack-1725537082607,navstack,overtaking,HandCrafted,,,1725537098,643029689,"builtin_interfaces.msg.Time(sec=1725537090, nanosec=443030118)",120.0,Handcrafted_LabStudy,1,1,"-12.0,1.0,0.5","-0.0,0.0,-0.0,-1.0","12.0,-0.0,0.0","-0.0,0.0,-0.0,-1.0",24.020824432373047,24.020824432373047,4.0,0,0,0,0,0,0,0,0.0,0.0,7.0,0.0,4.5918131126874795e+21,0.0,
0,navstack-1725537082607,navstack,overtaking,HandCrafted,,,1725537098,643029689,"builtin_interfaces.msg.Time(sec=1725537090, nanosec=443030118)",120.0,Handcrafted_LabStudy,1,1,"-12.0,1.0,0.5","-0.0,0.0,-0.0,-1.0","12.0,-0.0,0.0","-0.0,0.0,-0.0,-1.0",24.020824432373047,24.020824432373047,4.0,0,0,0,0,0,0,0,0.0,0.0,7.0,0.0,4.5918131126874795e+21,0.0,
0,navstack-1725537082607,navstack,overtaking,HandCrafted,,,1725537098,663030385,"builtin_interfaces.msg.Time(sec=1725537090, nanosec=443030118)",120.0,Handcrafted_LabStudy,1,1,"-12.0,1.0,0.5","-0.0,0.0,-0.0,-1.0","12.0,-0.0,0.0","-0.0,0.0,-0.0,-1.0",24.020824432373047,24.020824432373047,4.0,0,0,0,0,0,0,0,0.0,0.0,7.0,0.0,4.6862161677177313e+21,0.0,
0,navstack-1725537082607,navstack,overtaking,HandCrafted,,,1725537098,683029890,"builtin_interfaces.msg.Time(sec=1725537090, nanosec=443030118)",120.0,Handcrafted_LabStudy,1,1,"-12.0,1.0,0.5","-0.0,0.0,-0.0,-1.0","12.0,-0.0,0.0","-0.0,0.0,-0.0,-1.0",24.020824432373047,24.020824432373047,4.0,0,0,0,0,0,0,0,0.0,0.0,7.0,0.0,4.806942855551861e+21,0.0,
0,navstack-1725537082607,navstack,overtaking,HandCrafted,,,1725537098,703030347,"builtin_interfaces.msg.Time(sec=1725537090, nanosec=443030118)",120.0,Handcrafted_LabStudy,1,1,"-12.0,1.0,0.5","-0.0,0.0,-0.0,-1.0","12.0,-0.0,0.0","-0.0,0.0,-0.0,-1.0",24.020824432373047,24.020824432373047,4.0,0,0,0,0,0,0,0,0.0,0.0,7.0,0.0,4.936083569599201e+21,0.0,
0,navstack-1725537082607,navstack,overtaking,HandCrafted,,,1725537098,703030347,"builtin_interfaces.msg.Time(sec=1725537090, nanosec=443030118)",120.0,Handcrafted_LabStudy,1,1,"-12.0,1.0,0.5","-0.0,0.0,-0.0,-1.0","12.0,-0.0,0.0","-0.0,0.0,-0.0,-1.0",24.020824432373047,24.020824432373047,4.0,0,0,0,0,0,0,0,0.0,0.0,7.0,0.0,4.936083569599201e+21,0.0,
0,navstack-1725537082607,navstack,overtaking,HandCrafted,,,1725537098,723029851,"builtin_interfaces.msg.Time(sec=1725537090, nanosec=443030118)",120.0,Handcrafted_LabStudy,1,1,"-12.0,1.0,0.5","-0.0,0.0,-0.0,-1.0","12.0,-0.0,0.0","-0.0,0.0,-0.0,-1.0",24.020824432373047,24.020824432373047,4.0,0,0,0,0,0,0,0,0.0,0.0,7.0,0.0,5.148548762514359e+21,0.0,
0,navstack-1725537082607,navstack,overtaking,HandCrafted,,,1725537098,743030309,"builtin_interfaces.msg.Time(sec=1725537090, nanosec=443030118)",120.0,Handcrafted_LabStudy,1,1,"-12.0,1.0,0.5","-0.0,0.0,-0.0,-1.0","12.0,-0.0,0.0","-0.0,0.0,-0.0,-1.0",24.020824432373047,24.020824432373047,4.0,0,0,0,0,0,0,0,0.0,0.0,7.0,0.0,5.380826372208569e+21,0.0,
0,navstack-1725537082607,navstack,overtaking,HandCrafted,,,1725537098,763029813,"builtin_interfaces.msg.Time(sec=1725537090, nanosec=443030118)",120.0,Handcrafted_LabStudy,1,1,"-12.0,1.0,0.5","-0.0,0.0,-0.0,-1.0","12.0,-0.0,0.0","-0.0,0.0,-0.0,-1.0",24.020824432373047,24.020824432373047,4.0,0,0,0,0,0,0,0,0.0,0.0,7.0,0.0,5.747835120131131e+21,0.0,
0,navstack-1725537082607,navstack,overtaking,HandCrafted,,,1725537098,763029813,"builtin_interfaces.msg.Time(sec=1725537090, nanosec=443030118)",120.0,Handcrafted_LabStudy,1,1,"-12.0,1.0,0.5","-0.0,0.0,-0.0,-1.0","12.0,-0.0,0.0","-0.0,0.0,-0.0,-1.0",24.020824432373047,24.020824432373047,4.0,0,0,0,0,0,0,0,0.0,0.0,7.0,0.0,4.396085329613822e+21,0.0,
0,navstack-1725537082607,navstack,overtaking,HandCrafted,,,1725537098,783030271,"builtin_interfaces.msg.Time(sec=1725537090, nanosec=443030118)",120.0,Handcrafted_LabStudy,1,1,"-12.0,1.0,0.5","-0.0,0.0,-0.0,-1.0","12.0,-0.0,0.0","-0.0,0.0,-0.0,-1.0",24.020824432373047,24.020824432373047,4.0,0,0,0,0,0,0,0,0.0,0.0,7.0,0.0,4.3977596520787057e+21,0.0,
0,navstack-1725537082607,navstack,overtaking,HandCrafted,,,1725537098,783030271,"builtin_interfaces.msg.Time(sec=1725537090, nanosec=443030118)",120.0,Handcrafted_LabStudy,1,1,"-12.0,1.0,0.5","-0.0,0.0,-0.0,-1.0","12.0,-0.0,0.0","-0.0,0.0,-0.0,-1.0",24.020824432373047,24.020824432373047,4.0,0,0,0,0,0,0,0,0.0,0.0,7.0,0.0,4.3977596520787057e+21,0.0,
0,navstack-1725537082607,navstack,overtaking,HandCrafted,,,1725537098,803029775,"builtin_interfaces.msg.Time(sec=1725537090, nanosec=443030118)",120.0,Handcrafted_LabStudy,1,1,"-12.0,1.0,0.5","-0.0,0.0,-0.0,-1.0","12.0,-0.0,0.0","-0.0,0.0,-0.0,-1.0",24.020824432373047,24.020824432373047,4.0,0,0,0,0,0,0,0,0.0,0.0,7.0,0.0,4.4229227177480883e+21,0.0,
0,navstack-1725537082607,navstack,overtaking,HandCrafted,,,1725537098,803029775,"builtin_interfaces.msg.Time(sec=1725537090, nanosec=443030118)",120.0,Handcrafted_LabStudy,1,1,"-12.0,1.0,0.5","-0.0,0.0,-0.0,-1.0","12.0,-0.0,0.0","-0.0,0.0,-0.0,-1.0",24.020824432373047,24.020824432373047,4.0,0,0,0,0,0,0,0,0.0,0.0,7.0,0.0,4.4229227177480883e+21,0.0,
0,navstack-1725537082607,navstack,overtaking,HandCrafted,,,1725537098,823029994,"builtin_interfaces.msg.Time(sec=1725537090, nanosec=443030118)",120.0,Handcrafted_LabStudy,1,1,"-12.0,1.0,0.5","-0.0,0.0,-0.0,-1.0","12.0,-0.0,0.0","-0.0,0.0,-0.0,-1.0",24.020824432373047,24.020824432373047,4.0,0,0,0,0,0,0,0,0.0,0.0,7.0,0.0,4.451873959372238e+21,0.0,
0,navstack-1725537082607,navstack,overtaking,HandCrafted,,,1725537098,823029994,"builtin_interfaces.msg.Time(sec=1725537090, nanosec=443030118)",120.0,Handcrafted_LabStudy,1,1,"-12.0,1.0,0.5","-0.0,0.0,-0.0,-1.0","12.0,-0.0,0.0","-0.0,0.0,-0.0,-1.0",24.020824432373047,24.020824432373047,4.0,0,0,0,0,0,0,0,0.0,0.0,7.0,0.0,4.451873959372238e+21,0.0,
0,navstack-1725537082607,navstack,overtaking,HandCrafted,,,1725537098,843029499,"builtin_interfaces.msg.Time(sec=1725537090, nanosec=443030118)",120.0,Handcrafted_LabStudy,1,1,"-12.0,1.0,0.5","-0.0,0.0,-0.0,-1.0","12.0,-0.0,0.0","-0.0,0.0,-0.0,-1.0",24.020824432373047,24.020824432373047,4.0,0,0,0,0,0,0,0,0.0,0.0,7.0,0.0,4.4861775601241707e+21,0.0,
0,navstack-1725537082607,navstack,overtaking,HandCrafted,,,1725537098,843029499,"builtin_interfaces.msg.Time(sec=1725537090, nanosec=443030118)",120.0,Handcrafted_LabStudy,1,1,"-12.0,1.0,0.5","-0.0,0.0,-0.0,-1.0","12.0,-0.0,0.0","-0.0,0.0,-0.0,-1.0",24.020824432373047,24.020824432373047,4.0,0,0,0,0,0,0,0,0.0,0.0,7.0,0.0,4.4861775601241707e+21,0.0,
0,navstack-1725537082607,navstack,overtaking,HandCrafted,,,1725537098,863029956,"builtin_interfaces.msg.Time(sec=1725537090, nanosec=443030118)",120.0,Handcrafted_LabStudy,1,1,"-12.0,1.0,0.5","-0.0,0.0,-0.0,-1.0","12.0,-0.0,0.0","-0.0,0.0,-0.0,-1.0",24.020824432373047,24.020824432373047,4.0,0,0,0,0,0,0,0,0.0,0.0,7.0,0.0,4.5393358446823914e+21,0.0,
0,navstack-1725537082607,navstack,overtaking,HandCrafted,,,1725537098,863029956,"builtin_interfaces.msg.Time(sec=1725537090, nanosec=443030118)",120.0,Handcrafted_LabStudy,1,1,"-12.0,1.0,0.5","-0.0,0.0,-0.0,-1.0","12.0,-0.0,0.0","-0.0,0.0,-0.0,-1.0",24.020824432373047,24.020824432373047,4.0,0,0,0,0,0,0,0,0.0,0.0,7.0,0.0,4.5393358446823914e+21,0.0,
0,navstack-1725537082607,navstack,overtaking,HandCrafted,,,1725537098,883029460,"builtin_interfaces.msg.Time(sec=1725537090, nanosec=443030118)",120.0,Handcrafted_LabStudy,1,1,"-12.0,1.0,0.5","-0.0,0.0,-0.0,-1.0","12.0,-0.0,0.0","-0.0,0.0,-0.0,-1.0",24.020824432373047,24.020824432373047,4.0,0,0,0,0,0,0,0,0.0,0.0,7.0,0.0,4.940872918557996e+21,0.0,
0,navstack-1725537082607,navstack,overtaking,HandCrafted,,,1725537098,903029918,"builtin_interfaces.msg.Time(sec=1725537090, nanosec=443030118)",120.0,Handcrafted_LabStudy,1,1,"-12.0,1.0,0.5","-0.0,0.0,-0.0,-1.0","12.0,-0.0,0.0","-0.0,0.0,-0.0,-1.0",24.020824432373047,24.020824432373047,4.0,0,0,0,0,0,0,0,0.0,0.0,7.0,0.0,6.290509197632911e+21,0.0,
0,navstack-1725537082607,navstack,overtaking,HandCrafted,,,1725537098,903029918,"builtin_interfaces.msg.Time(sec=1725537090, nanosec=443030118)",120.0,Handcrafted_LabStudy,1,1,"-12.0,1.0,0.5","-0.0,0.0,-0.0,-1.0","12.0,-0.0,0.0","-0.0,0.0,-0.0,-1.0",24.020824432373047,24.020824432373047,4.0,0,0,0,0,0,0,0,0.0,0.0,7.0,0.0,4.454835406543017e+21,0.0,
0,navstack-1725537082607,navstack,overtaking,HandCrafted,,,1725537098,923029422,"builtin_interfaces.msg.Time(sec=1725537090, nanosec=443030118)",120.0,Handcrafted_LabStudy,1,1,"-12.0,1.0,0.5","-0.0,0.0,-0.0,-1.0","12.0,-0.0,0.0","-0.0,0.0,-0.0,-1.0",24.020824432373047,24.020824432373047,4.0,0,0,0,0,0,0,0,0.0,0.0,7.0,0.0,4.4562819253793786e+21,0.0,
0,navstack-1725537082607,navstack,overtaking,HandCrafted,,,1725537098,923029422,"builtin_interfaces.msg.Time(sec=1725537090, nanosec=443030118)",120.0,Handcrafted_LabStudy,1,1,"-12.0,1.0,0.5","-0.0,0.0,-0.0,-1.0","12.0,-0.0,0.0","-0.0,0.0,-0.0,-1.0",24.020824432373047,24.020824432373047,4.0,0,0,0,0,0,0,0,0.0,0.0,7.0,0.0,4.4562819253793786e+21,0.0,
0,navstack-1725537082607,navstack,overtaking,HandCrafted,,,1725537098,943030118,"builtin_interfaces.msg.Time(sec=1725537090, nanosec=443030118)",120.0,Handcrafted_LabStudy,1,1,"-12.0,1.0,0.5","-0.0,0.0,-0.0,-1.0","12.0,-0.0,0.0","-0.0,0.0,-0.0,-1.0",24.020824432373047,24.020824432373047,4.0,0,0,0,0,0,0,0,0.0,0.0,7.0,0.0,4.817962257498477e+21,0.0,
0,navstack-1725537082607,navstack,overtaking,HandCrafted,,,1725537098,963029623,"builtin_interfaces.msg.Time(sec=1725537090, nanosec=443030118)",120.0,Handcrafted_LabStudy,1,1,"-12.0,1.0,0.5","-0.0,0.0,-0.0,-1.0","12.0,-0.0,0.0","-0.0,0.0,-0.0,-1.0",24.020824432373047,24.020824432373047,4.0,0,0,0,0,0,0,0,0.0,0.0,7.0,0.0,6.200318115397874e+21,0.0,
0,navstack-1725537082607,navstack,overtaking,HandCrafted,,,1725537098,963029623,"builtin_interfaces.msg.Time(sec=1725537090, nanosec=443030118)",120.0,Handcrafted_LabStudy,1,1,"-12.0,1.0,0.5","-0.0,0.0,-0.0,-1.0","12.0,-0.0,0.0","-0.0,0.0,-0.0,-1.0",24.020824432373047,24.020824432373047,4.0,0,0,0,0,0,0,0,0.0,0.0,7.0,0.0,4.4475874202241435e+21,0.0,
0,navstack-1725537082607,navstack,overtaking,HandCrafted,,,1725537098,983030080,"builtin_interfaces.msg.Time(sec=1725537090, nanosec=443030118)",120.0,Handcrafted_LabStudy,1,1,"-12.0,1.0,0.5","-0.0,0.0,-0.0,-1.0","12.0,-0.0,0.0","-0.0,0.0,-0.0,-1.0",24.020824432373047,24.020824432373047,4.0,0,0,0,0,0,0,0,0.0,0.0,7.0,0.0,4.4480313978665173e+21,0.0,
0,navstack-1725537082607,navstack,overtaking,HandCrafted,,,1725537099,3029584,"builtin_interfaces.msg.Time(sec=1725537090, nanosec=443030118)",120.0,Handcrafted_LabStudy,1,1,"-12.0,1.0,0.5","-0.0,0.0,-0.0,-1.0","12.0,-0.0,0.0","-0.0,0.0,-0.0,-1.0",24.020824432373047,24.020824432373047,4.0,0,0,0,0,0,0,0,0.0,0.0,7.0,0.0,4.667641962853467e+21,0.0,
0,navstack-1725537082607,navstack,overtaking,HandCrafted,,,1725537099,23030042,"builtin_interfaces.msg.Time(sec=1725537090, nanosec=443030118)",120.0,Handcrafted_LabStudy,1,1,"-12.0,1.0,0.5","-0.0,0.0,-0.0,-1.0","12.0,-0.0,0.0","-0.0,0.0,-0.0,-1.0",24.020824432373047,24.020824432373047,4.0,0,0,0,0,0,0,0,0.0,0.0,7.0,0.0,6.993085004077213e+21,0.0,
0,navstack-1725537082607,navstack,overtaking,HandCrafted,,,1725537099,43029546,"builtin_interfaces.msg.Time(sec=1725537090, nanosec=443030118)",120.0,Handcrafted_LabStudy,1,1,"-12.0,1.0,0.5","-0.0,0.0,-0.0,-1.0","12.0,-0.0,0.0","-0.0,0.0,-0.0,-1.0",24.020824432373047,24.020824432373047,4.0,0,0,0,0,0,0,0,0.0,0.0,7.0,0.0,4.528402638703323e+21,0.0,
0,navstack-1725537082607,navstack,overtaking,HandCrafted,,,1725537099,63030004,"builtin_interfaces.msg.Time(sec=1725537090, nanosec=443030118)",120.0,Handcrafted_LabStudy,1,1,"-12.0,1.0,0.5","-0.0,0.0,-0.0,-1.0","12.0,-0.0,0.0","-0.0,0.0,-0.0,-1.0",24.020824432373047,24.020824432373047,4.0,0,0,0,0,0,0,0,0.0,0.0,7.0,0.0,5.809493968917603e+21,0.0,
0,navstack-1725537082607,navstack,overtaking,HandCrafted,,,1725537099,83029270,"builtin_interfaces.msg.Time(sec=1725537090, nanosec=443030118)",120.0,Handcrafted_LabStudy,1,1,"-12.0,1.0,0.5","-0.0,0.0,-0.0,-1.0","12.0,-0.0,0.0","-0.0,0.0,-0.0,-1.0",24.020824432373047,24.020824432373047,4.0,0,0,0,0,0,0,0,0.0,0.0,7.0,0.0,1.8419086327425802e+22,0.0,
0,navstack-1725537082607,navstack,overtaking,HandCrafted,,,1725537099,83029270,"builtin_interfaces.msg.Time(sec=1725537090, nanosec=443030118)",120.0,Handcrafted_LabStudy,1,1,"-12.0,1.0,0.5","-0.0,0.0,-0.0,-1.0","12.0,-0.0,0.0","-0.0,0.0,-0.0,-1.0",24.020824432373047,24.020824432373047,4.0,0,0,0,0,0,0,0,0.0,0.0,7.0,0.0,4.460898540355586e+21,0.0,
0,navstack-1725537082607,navstack,overtaking,HandCrafted,,,1725537099,103029727,"builtin_interfaces.msg.Time(sec=1725537090, nanosec=443030118)",120.0,Handcrafted_LabStudy,1,1,"-12.0,1.0,0.5","-0.0,0.0,-0.0,-1.0","12.0,-0.0,0.0","-0.0,0.0,-0.0,-1.0",24.020824432373047,24.020824432373047,4.0,0,0,0,0,0,0,0,0.0,0.0,7.0,0.0,4.460054025102103e+21,0.0,
0,navstack-1725537082607,navstack,overtaking,HandCrafted,,,1725537099,103029727,"builtin_interfaces.msg.Time(sec=1725537090, nanosec=443030118)",120.0,Handcrafted_LabStudy,1,1,"-12.0,1.0,0.5","-0.0,0.0,-0.0,-1.0","12.0,-0.0,0.0","-0.0,0.0,-0.0,-1.0",24.020824432373047,24.020824432373047,4.0,0,0,0,0,0,0,0,0.0,0.0,7.0,0.0,4.460054025102103e+21,0.0,
0,navstack-1725537082607,navstack,overtaking,HandCrafted,,,1725537099,103029727,"builtin_interfaces.msg.Time(sec=1725537090, nanosec=443030118)",120.0,Handcrafted_LabStudy,1,1,"-12.0,1.0,0.5","-0.0,0.0,-0.0,-1.0","12.0,-0.0,0.0","-0.0,0.0,-0.0,-1.0",24.020824432373047,24.020824432373047,4.0,0,0,0,0,0,0,0,0.0,0.0,7.0,0.0,4.460054025102103e+21,0.0,
0,navstack-1725537082607,navstack,overtaking,HandCrafted,,,1725537099,123029232,"builtin_interfaces.msg.Time(sec=1725537090, nanosec=443030118)",120.0,Handcrafted_LabStudy,1,1,"-12.0,1.0,0.5","-0.0,0.0,-0.0,-1.0","12.0,-0.0,0.0","-0.0,0.0,-0.0,-1.0",24.020824432373047,24.020824432373047,4.0,0,0,0,0,0,0,0,0.0,0.0,7.0,0.0,4.705212117137502e+21,0.0,
0,navstack-1725537082607,navstack,overtaking,HandCrafted,,,1725537099,143029689,"builtin_interfaces.msg.Time(sec=1725537090, nanosec=443030118)",120.0,Handcrafted_LabStudy,1,1,"-12.0,1.0,0.5","-0.0,0.0,-0.0,-1.0","12.0,-0.0,0.0","-0.0,0.0,-0.0,-1.0",24.020824432373047,24.020824432373047,4.0,0,0,0,0,0,0,0,0.0,0.0,7.0,0.0,5.517116562897584e+21,0.0,
0,navstack-1725537082607,navstack,overtaking,HandCrafted,,,1725537099,143029689,"builtin_interfaces.msg.Time(sec=1725537090, nanosec=443030118)",120.0,Handcrafted_LabStudy,1,1,"-12.0,1.0,0.5","-0.0,0.0,-0.0,-1.0","12.0,-0.0,0.0","-0.0,0.0,-0.0,-1.0",24.020824432373047,24.020824432373047,4.0,0,0,0,0,0,0,0,0.0,0.0,7.0,0.0,4.3783118579242857e+21,0.0,
0,navstack-1725537082607,navstack,overtaking,HandCrafted,,,1725537099,163030385,"builtin_interfaces.msg.Time(sec=1725537090, nanosec=443030118)",120.0,Handcrafted_LabStudy,1,1,"-12.0,1.0,0.5","-0.0,0.0,-0.0,-1.0","12.0,-0.0,0.0","-0.0,0.0,-0.0,-1.0",24.020824432373047,24.020824432373047,4.0,0,0,0,0,0,0,0,0.0,0.0,7.0,0.0,4.3771642885944215e+21,0.0,
0,navstack-1725537082607,navstack,overtaking,HandCrafted,,,1725537099,163030385,"builtin_interfaces.msg.Time(sec=1725537090, nanosec=443030118)",120.0,Handcrafted_LabStudy,1,1,"-12.0,1.0,0.5","-0.0,0.0,-0.0,-1.0","12.0,-0.0,0.0","-0.0,0.0,-0.0,-1.0",24.020824432373047,24.020824432373047,4.0,0,0,0,0,0,0,0,0.0,0.0,7.0,0.0,4.3771642885944215e+21,0.0,
0,navstack-1725537082607,navstack,overtaking,HandCrafted,,,1725537099,183029890,"builtin_interfaces.msg.Time(sec=1725537090, nanosec=443030118)",120.0,Handcrafted_LabStudy,1,1,"-12.0,1.0,0.5","-0.0,0.0,-0.0,-1.0","12.0,-0.0,0.0","-0.0,0.0,-0.0,-1.0",24.020824432373047,24.020824432373047,4.0,0,0,0,0,0,0,0,0.0,0.0,7.0,0.0,4.555892995496519e+21,0.0,
0,navstack-1725537082607,navstack,overtaking,HandCrafted,,,1725537099,183029890,"builtin_interfaces.msg.Time(sec=1725537090, nanosec=443030118)",120.0,Handcrafted_LabStudy,1,1,"-12.0,1.0,0.5","-0.0,0.0,-0.0,-1.0","12.0,-0.0,0.0","-0.0,0.0,-0.0,-1.0",24.020824432373047,24.020824432373047,4.0,0,0,0,0,0,0,0,0.0,0.0,7.0,0.0,4.555892995496519e+21,0.0,
0,navstack-1725537082607,navstack,overtaking,HandCrafted,,,1725537099,203030347,"builtin_interfaces.msg.Time(sec=1725537090, nanosec=443030118)",120.0,Handcrafted_LabStudy,1,1,"-12.0,1.0,0.5","-0.0,0.0,-0.0,-1.0","12.0,-0.0,0.0","-0.0,0.0,-0.0,-1.0",24.020824432373047,24.020824432373047,4.0,0,0,0,0,0,0,0,0.0,0.0,7.0,0.0,5.042355672541907e+21,0.0,
0,navstack-1725537082607,navstack,overtaking,HandCrafted,,,1725537099,223029851,"builtin_interfaces.msg.Time(sec=1725537090, nanosec=443030118)",120.0,Handcrafted_LabStudy,1,1,"-12.0,1.0,0.5","-0.0,0.0,-0.0,-1.0","12.0,-0.0,0.0","-0.0,0.0,-0.0,-1.0",24.020824432373047,24.020824432373047,4.0,0,0,0,0,0,0,0,0.0,0.0,7.0,0.0,7.442952020138352e+21,0.0,
0,navstack-1725537082607,navstack,overtaking,HandCrafted,,,1725537099,243030309,"builtin_interfaces.msg.Time(sec=1725537090, nanosec=443030118)",120.0,Handcrafted_LabStudy,1,1,"-12.0,1.0,0.5","-0.0,0.0,-0.0,-1.0","12.0,-0.0,0.0","-0.0,0.0,-0.0,-1.0",24.020824432373047,24.020824432373047,4.0,0,0,0,0,0,0,0,0.0,0.0,7.0,0.0,4.3716754525180196e+21,0.0,
0,navstack-1725537082607,navstack,overtaking,HandCrafted,,,1725537099,243030309,"builtin_interfaces.msg.Time(sec=1725537090, nanosec=443030118)",120.0,Handcrafted_LabStudy,1,1,"-12.0,1.0,0.5","-0.0,0.0,-0.0,-1.0","12.0,-0.0,0.0","-0.0,0.0,-0.0,-1.0",24.020824432373047,24.020824432373047,4.0,0,0,0,0,0,0,0,0.0,0.0,7.0,0.0,4.3716754525180196e+21,0.0,
0,navstack-1725537082607,navstack,overtaking,HandCrafted,,,1725537099,263029813,"builtin_interfaces.msg.Time(sec=1725537090, nanosec=443030118)",120.0,Handcrafted_LabStudy,1,1,"-12.0,1.0,0.5","-0.0,0.0,-0.0,-1.0","12.0,-0.0,0.0","-0.0,0.0,-0.0,-1.0",24.020824432373047,24.020824432373047,4.0,0,0,0,0,0,0,0,0.0,0.0,7.0,0.0,4.6446269554229956e+21,0.0,
0,navstack-1725537082607,navstack,overtaking,HandCrafted,,,1725537099,263029813,"builtin_interfaces.msg.Time(sec=1725537090, nanosec=443030118)",120.0,Handcrafted_LabStudy,1,1,"-12.0,1.0,0.5","-0.0,0.0,-0.0,-1.0","12.0,-0.0,0.0","-0.0,0.0,-0.0,-1.0",24.020824432373047,24.020824432373047,4.0,0,0,0,0,0,0,0,0.0,0.0,7.0,0.0,4.6446269554229956e+21,0.0,
0,navstack-1725537082607,navstack,overtaking,HandCrafted,,,1725537099,283030271,"builtin_interfaces.msg.Time(sec=1725537090, nanosec=443030118)",120.0,Handcrafted_LabStudy,1,1,"-12.0,1.0,0.5","-0.0,0.0,-0.0,-1.0","12.0,-0.0,0.0","-0.0,0.0,-0.0,-1.0",24.020824432373047,24.020824432373047,4.0,0,0,0,0,0,0,0,0.0,0.0,7.0,0.0,5.17788959622993e+21,0.0,
0,navstack-1725537082607,navstack,overtaking,HandCrafted,,,1725537099,283030271,"builtin_interfaces.msg.Time(sec=1725537090, nanosec=443030118)",120.0,Handcrafted_LabStudy,1,1,"-12.0,1.0,0.5","-0.0,0.0,-0.0,-1.0","12.0,-0.0,0.0","-0.0,0.0,-0.0,-1.0",24.020824432373047,24.020824432373047,4.0,0,0,0,0,0,0,0,0.0,0.0,7.0,0.0,5.17788959622993e+21,0.0,
0,navstack-1725537082607,navstack,overtaking,HandCrafted,,,1725537099,283030271,"builtin_interfaces.msg.Time(sec=1725537090, nanosec=443030118)",120.0,Handcrafted_LabStudy,1,1,"-12.0,1.0,0.5","-0.0,0.0,-0.0,-1.0","12.0,-0.0,0.0","-0.0,0.0,-0.0,-1.0",24.020824432373047,24.020824432373047,4.0,0,0,0,0,0,0,0,0.0,0.0,7.0,0.0,5.17788959622993e+21,0.0,
0,navstack-1725537082607,navstack,overtaking,HandCrafted,,,1725537099,303029775,"builtin_interfaces.msg.Time(sec=1725537090, nanosec=443030118)",120.0,Handcrafted_LabStudy,1,1,"-12.0,1.0,0.5","-0.0,0.0,-0.0,-1.0","12.0,-0.0,0.0","-0.0,0.0,-0.0,-1.0",24.020824432373047,24.020824432373047,4.0,0,0,0,0,0,0,0,0.0,0.0,7.0,0.0,6.288788014661861e+21,0.0,
0,navstack-1725537082607,navstack,overtaking,HandCrafted,,,1725537099,323029994,"builtin_interfaces.msg.Time(sec=1725537090, nanosec=443030118)",120.0,Handcrafted_LabStudy,1,1,"-12.0,1.0,0.5","-0.0,0.0,-0.0,-1.0","12.0,-0.0,0.0","-0.0,0.0,-0.0,-1.0",24.020824432373047,24.020824432373047,4.0,0,0,0,0,0,0,0,0.0,0.0,7.0,0.0,4.4513550733294945e+21,0.0,
0,navstack-1725537082607,navstack,overtaking,HandCrafted,,,1725537099,343029499,"builtin_interfaces.msg.Time(sec=1725537090, nanosec=443030118)",120.0,Handcrafted_LabStudy,1,1,"-12.0,1.0,0.5","-0.0,0.0,-0.0,-1.0","12.0,-0.0,0.0","-0.0,0.0,-0.0,-1.0",24.020824432373047,24.020824432373047,4.0,0,0,0,0,0,0,0,0.0,0.0,7.0,0.0,6.483094248365945e+21,0.0,
0,navstack-1725537082607,navstack,overtaking,HandCrafted,,,1725537099,343029499,"builtin_interfaces.msg.Time(sec=1725537090, nanosec=443030118)",120.0,Handcrafted_LabStudy,1,1,"-12.0,1.0,0.5","-0.0,0.0,-0.0,-1.0","12.0,-0.0,0.0","-0.0,0.0,-0.0,-1.0",24.020824432373047,24.020824432373047,4.0,0,0,0,0,0,0,0,0.0,0.0,7.0,0.0,4.47045774156623e+21,0.0,
0,navstack-1725537082607,navstack,overtaking,HandCrafted,,,1725537099,363029956,"builtin_interfaces.msg.Time(sec=1725537090, nanosec=443030118)",120.0,Handcrafted_LabStudy,1,1,"-12.0,1.0,0.5","-0.0,0.0,-0.0,-1.0","12.0,-0.0,0.0","-0.0,0.0,-0.0,-1.0",24.020824432373047,24.020824432373047,4.0,0,0,0,0,0,0,0,0.0,0.0,7.0,0.0,4.4706024276546153e+21,0.0,
0,navstack-1725537082607,navstack,overtaking,HandCrafted,,,1725537099,383029460,"builtin_interfaces.msg.Time(sec=1725537090, nanosec=443030118)",120.0,Handcrafted_LabStudy,1,1,"-12.0,1.0,0.5","-0.0,0.0,-0.0,-1.0","12.0,-0.0,0.0","-0.0,0.0,-0.0,-1.0",24.020824432373047,24.020824432373047,4.0,0,0,0,0,0,0,0,0.0,0.0,7.0,0.0,4.879050571071174e+21,0.0,
0,navstack-1725537082607,navstack,overtaking,HandCrafted,,,1725537099,403029918,"builtin_interfaces.msg.Time(sec=1725537090, nanosec=443030118)",120.0,Handcrafted_LabStudy,1,1,"-12.0,1.0,0.5","-0.0,0.0,-0.0,-1.0","12.0,-0.0,0.0","-0.0,0.0,-0.0,-1.0",24.020824432373047,24.020824432373047,4.0,0,0,0,0,0,0,0,0.0,0.0,7.0,0.0,7.071442611338785e+21,0.0,
0,navstack-1725537082607,navstack,overtaking,HandCrafted,,,1725537099,423029422,"builtin_interfaces.msg.Time(sec=1725537090, nanosec=443030118)",120.0,Handcrafted_LabStudy,1,1,"-12.0,1.0,0.5","-0.0,0.0,-0.0,-1.0","12.0,-0.0,0.0","-0.0,0.0,-0.0,-1.0",24.020824432373047,24.020824432373047,4.0,0,0,0,0,0,0,0,0.0,0.0,7.0,0.0,4.52931522140737e+21,0.0,
0,navstack-1725537082607,navstack,overtaking,HandCrafted,,,1725537099,423029422,"builtin_interfaces.msg.Time(sec=1725537090, nanosec=443030118)",120.0,Handcrafted_LabStudy,1,1,"-12.0,1.0,0.5","-0.0,0.0,-0.0,-1.0","12.0,-0.0,0.0","-0.0,0.0,-0.0,-1.0",24.020824432373047,24.020824432373047,4.0,0,0,0,0,0,0,0,0.0,0.0,7.0,0.0,4.52931522140737e+21,0.0,
0,navstack-1725537082607,navstack,overtaking,HandCrafted,,,1725537099,443030118,"builtin_interfaces.msg.Time(sec=1725537090, nanosec=443030118)",120.0,Handcrafted_LabStudy,1,1,"-12.0,1.0,0.5","-0.0,0.0,-0.0,-1.0","12.0,-0.0,0.0","-0.0,0.0,-0.0,-1.0",24.020824432373047,24.020824432373047,4.0,0,0,0,0,0,0,0,0.0,0.0,7.0,0.0,5.526865600465329e+21,0.0,
0,navstack-1725537082607,navstack,overtaking,HandCrafted,,,1725537099,463029623,"builtin_interfaces.msg.Time(sec=1725537090, nanosec=443030118)",120.0,Handcrafted_LabStudy,1,1,"-12.0,1.0,0.5","-0.0,0.0,-0.0,-1.0","12.0,-0.0,0.0","-0.0,0.0,-0.0,-1.0",24.020824432373047,24.020824432373047,4.0,0,0,0,0,0,0,0,0.0,0.0,7.0,0.0,4.377999568565667e+21,0.0,
0,navstack-1725537082607,navstack,overtaking,HandCrafted,,,1725537099,483030080,"builtin_interfaces.msg.Time(sec=1725537090, nanosec=443030118)",120.0,Handcrafted_LabStudy,1,1,"-12.0,1.0,0.5","-0.0,0.0,-0.0,-1.0","12.0,-0.0,0.0","-0.0,0.0,-0.0,-1.0",24.020824432373047,24.020824432373047,4.0,0,0,0,0,0,0,0,0.0,0.0,7.0,0.0,4.492933340104542e+21,0.0,
0,navstack-1725537082607,navstack,overtaking,HandCrafted,,,1725537099,503029584,"builtin_interfaces.msg.Time(sec=1725537090, nanosec=443030118)",120.0,Handcrafted_LabStudy,1,1,"-12.0,1.0,0.5","-0.0,0.0,-0.0,-1.0","12.0,-0.0,0.0","-0.0,0.0,-0.0,-1.0",24.020824432373047,24.020824432373047,4.0,0,0,0,0,0,0,0,0.0,0.0,7.0,0.0,4.775746414201563e+21,0.0,
0,navstack-1725537082607,navstack,overtaking,HandCrafted,,,1725537099,523030042,"builtin_interfaces.msg.Time(sec=1725537090, nanosec=443030118)",120.0,Handcrafted_LabStudy,1,1,"-12.0,1.0,0.5","-0.0,0.0,-0.0,-1.0","12.0,-0.0,0.0","-0.0,0.0,-0.0,-1.0",24.020824432373047,24.020824432373047,4.0,0,0,0,0,0,0,0,0.0,0.0,7.0,0.0,5.448703302320703e+21,0.0,
0,navstack-1725537082607,navstack,overtaking,HandCrafted,,,1725537099,523030042,"builtin_interfaces.msg.Time(sec=1725537090, nanosec=443030118)",120.0,Handcrafted_LabStudy,1,1,"-12.0,1.0,0.5","-0.0,0.0,-0.0,-1.0","12.0,-0.0,0.0","-0.0,0.0,-0.0,-1.0",24.020824432373047,24.020824432373047,4.0,0,0,0,0,0,0,0,0.0,0.0,7.0,0.0,4.370629813340257e+21,0.0,
0,navstack-1725537082607,navstack,overtaking,HandCrafted,,,1725537099,543029546,"builtin_interfaces.msg.Time(sec=1725537090, nanosec=443030118)",120.0,Handcrafted_LabStudy,1,1,"-12.0,1.0,0.5","-0.0,0.0,-0.0,-1.0","12.0,-0.0,0.0","-0.0,0.0,-0.0,-1.0",24.020824432373047,24.020824432373047,4.0,0,0,0,0,0,0,0,0.0,0.0,7.0,0.0,4.3708569328737976e+21,0.0,
0,navstack-1725537082607,navstack,overtaking,HandCrafted,,,1725537099,563030004,"builtin_interfaces.msg.Time(sec=1725537090, nanosec=443030118)",120.0,Handcrafted_LabStudy,1,1,"-12.0,1.0,0.5","-0.0,0.0,-0.0,-1.0","12.0,-0.0,0.0","-0.0,0.0,-0.0,-1.0",24.020824432373047,24.020824432373047,4.0,0,0,0,0,0,0,0,0.0,0.0,7.0,0.0,4.4198131640140216e+21,0.0,
0,navstack-1725537082607,navstack,overtaking,HandCrafted,,,1725537099,583029270,"builtin_interfaces.msg.Time(sec=1725537090, nanosec=443030118)",120.0,Handcrafted_LabStudy,1,1,"-12.0,1.0,0.5","-0.0,0.0,-0.0,-1.0","12.0,-0.0,0.0","-0.0,0.0,-0.0,-1.0",24.020824432373047,24.020824432373047,4.0,0,0,0,0,0,0,0,0.0,0.0,8.0,0.0,4.5594174528362864e+21,0.0,
0,navstack-1725537082607,navstack,overtaking,HandCrafted,,,1725537099,603029727,"builtin_interfaces.msg.Time(sec=1725537090, nanosec=443030118)",120.0,Handcrafted_LabStudy,1,1,"-12.0,1.0,0.5","-0.0,0.0,-0.0,-1.0","12.0,-0.0,0.0","-0.0,0.0,-0.0,-1.0",24.020824432373047,24.020824432373047,4.0,0,0,0,0,0,0,0,0.0,0.0,8.0,0.0,4.304362558717345e+21,0.0,
0,navstack-1725537082607,navstack,overtaking,HandCrafted,,,1725537099,603029727,"builtin_interfaces.msg.Time(sec=1725537090, nanosec=443030118)",120.0,Handcrafted_LabStudy,1,1,"-12.0,1.0,0.5","-0.0,0.0,-0.0,-1.0","12.0,-0.0,0.0","-0.0,0.0,-0.0,-1.0",24.020824432373047,24.020824432373047,4.0,0,0,0,0,0,0,0,0.0,0.0,8.0,0.0,4.5599589140133876e+21,0.0,
0,navstack-1725537082607,navstack,overtaking,HandCrafted,,,1725537099,623029232,"builtin_interfaces.msg.Time(sec=1725537090, nanosec=443030118)",120.0,Handcrafted_LabStudy,1,1,"-12.0,1.0,0.5","-0.0,0.0,-0.0,-1.0","12.0,-0.0,0.0","-0.0,0.0,-0.0,-1.0",24.020824432373047,24.020824432373047,4.0,0,0,0,0,0,0,0,0.0,0.0,8.0,0.0,4.5598504849589713e+21,0.0,
0,navstack-1725537082607,navstack,overtaking,HandCrafted,,,1725537099,643029689,"builtin_interfaces.msg.Time(sec=1725537090, nanosec=443030118)",120.0,Handcrafted_LabStudy,1,1,"-12.0,1.0,0.5","-0.0,0.0,-0.0,-1.0","12.0,-0.0,0.0","-0.0,0.0,-0.0,-1.0",24.020824432373047,24.020824432373047,4.0,0,0,0,0,0,0,0,0.0,0.0,8.0,0.0,4.730921432648849e+21,0.0,
0,navstack-1725537082607,navstack,overtaking,HandCrafted,,,1725537099,663030385,"builtin_interfaces.msg.Time(sec=1725537090, nanosec=443030118)",120.0,Handcrafted_LabStudy,1,1,"-12.0,1.0,0.5","-0.0,0.0,-0.0,-1.0","12.0,-0.0,0.0","-0.0,0.0,-0.0,-1.0",24.020824432373047,24.020824432373047,4.0,0,0,0,0,0,0,0,0.0,0.0,8.0,0.0,5.346130100937803e+21,0.0,
0,navstack-1725537082607,navstack,overtaking,HandCrafted,,,1725537099,663030385,"builtin_interfaces.msg.Time(sec=1725537090, nanosec=443030118)",120.0,Handcrafted_LabStudy,1,1,"-12.0,1.0,0.5","-0.0,0.0,-0.0,-1.0","12.0,-0.0,0.0","-0.0,0.0,-0.0,-1.0",24.020824432373047,24.020824432373047,4.0,0,0,0,0,0,0,0,0.0,0.0,8.0,0.0,4.3612050367932903e+21,0.0,
0,navstack-1725537082607,navstack,overtaking,HandCrafted,,,1725537099,683029890,"builtin_interfaces.msg.Time(sec=1725537090, nanosec=443030118)",120.0,Handcrafted_LabStudy,1,1,"-12.0,1.0,0.5","-0.0,0.0,-0.0,-1.0","12.0,-0.0,0.0","-0.0,0.0,-0.0,-1.0",24.020824432373047,24.020824432373047,4.0,0,0,0,0,0,0,0,0.0,0.0,8.0,0.0,4.361106869163582e+21,0.0,
0,navstack-1725537082607,navstack,overtaking,HandCrafted,,,1725537099,683029890,"builtin_interfaces.msg.Time(sec=1725537090, nanosec=443030118)",120.0,Handcrafted_LabStudy,1,1,"-12.0,1.0,0.5","-0.0,0.0,-0.0,-1.0","12.0,-0.0,0.0","-0.0,0.0,-0.0,-1.0",24.020824432373047,24.020824432373047,4.0,0,0,0,0,0,0,0,0.0,0.0,8.0,0.0,4.361106869163582e+21,0.0,
0,navstack-1725537082607,navstack,overtaking,HandCrafted,,,1725537099,703030347,"builtin_interfaces.msg.Time(sec=1725537090, nanosec=443030118)",120.0,Handcrafted_LabStudy,1,1,"-12.0,1.0,0.5","-0.0,0.0,-0.0,-1.0","12.0,-0.0,0.0","-0.0,0.0,-0.0,-1.0",24.020824432373047,24.020824432373047,4.0,0,0,0,0,0,0,0,0.0,0.0,8.0,0.0,4.426842924034101e+21,0.0,
0,navstack-1725537082607,navstack,overtaking,HandCrafted,,,1725537099,703030347,"builtin_interfaces.msg.Time(sec=1725537090, nanosec=443030118)",120.0,Handcrafted_LabStudy,1,1,"-12.0,1.0,0.5","-0.0,0.0,-0.0,-1.0","12.0,-0.0,0.0","-0.0,0.0,-0.0,-1.0",24.020824432373047,24.020824432373047,4.0,0,0,0,0,0,0,0,0.0,0.0,8.0,0.0,4.426842924034101e+21,0.0,
0,navstack-1725537082607,navstack,overtaking,HandCrafted,,,1725537099,723029851,"builtin_interfaces.msg.Time(sec=1725537090, nanosec=443030118)",120.0,Handcrafted_LabStudy,1,1,"-12.0,1.0,0.5","-0.0,0.0,-0.0,-1.0","12.0,-0.0,0.0","-0.0,0.0,-0.0,-1.0",24.020824432373047,24.020824432373047,4.0,0,0,0,0,0,0,0,0.0,0.0,8.0,0.0,4.5051136512331434e+21,0.0,
0,navstack-1725537082607,navstack,overtaking,HandCrafted,,,1725537099,743030309,"builtin_interfaces.msg.Time(sec=1725537090, nanosec=443030118)",120.0,Handcrafted_LabStudy,1,1,"-12.0,1.0,0.5","-0.0,0.0,-0.0,-1.0","12.0,-0.0,0.0","-0.0,0.0,-0.0,-1.0",24.020824432373047,24.020824432373047,4.0,0,0,0,0,0,0,0,0.0,0.0,8.0,0.0,4.727892944169978e+21,0.0,
0,navstack-1725537082607,navstack,overtaking,HandCrafted,,,1725537099,763029813,"builtin_interfaces.msg.Time(sec=1725537090, nanosec=443030118)",120.0,Handcrafted_LabStudy,1,1,"-12.0,1.0,0.5","-0.0,0.0,-0.0,-1.0","12.0,-0.0,0.0","-0.0,0.0,-0.0,-1.0",24.020824432373047,24.020824432373047,4.0,0,0,0,0,0,0,0,0.0,0.0,8.0,0.0,4.5176838965006555e+21,0.0,
0,navstack-1725537082607,navstack,overtaking,HandCrafted,,,1725537099,763029813,"builtin_interfaces.msg.Time(sec=1725537090, nanosec=443030118)",120.0,Handcrafted_LabStudy,1,1,"-12.0,1.0,0.5","-0.0,0.0,-0.0,-1.0","12.0,-0.0,0.0","-0.0,0.0,-0.0,-1.0",24.020824432373047,24.020824432373047,4.0,0,0,0,0,0,0,0,0.0,0.0,8.0,0.0,4.5176838965006555e+21,0.0,
0,navstack-1725537082607,navstack,overtaking,HandCrafted,,,1725537099,783030271,"builtin_interfaces.msg.Time(sec=1725537090, nanosec=443030118)",120.0,Handcrafted_LabStudy,1,1,"-12.0,1.0,0.5","-0.0,0.0,-0.0,-1.0","12.0,-0.0,0.0","-0.0,0.0,-0.0,-1.0",24.020824432373047,24.020824432373047,4.0,0,0,0,0,0,0,0,0.0,0.0,8.0,0.0,4.398707465674251e+21,0.0,
0,navstack-1725537082607,navstack,overtaking,HandCrafted,,,1725537099,803029775,"builtin_interfaces.msg.Time(sec=1725537090, nanosec=443030118)",120.0,Handcrafted_LabStudy,1,1,"-12.0,1.0,0.5","-0.0,0.0,-0.0,-1.0","12.0,-0.0,0.0","-0.0,0.0,-0.0,-1.0",24.020824432373047,24.020824432373047,4.0,0,0,0,0,0,0,0,0.0,0.0,8.0,0.0,4.3511269495399027e+21,0.0,
0,navstack-1725537082607,navstack,overtaking,HandCrafted,,,1725537099,823029994,"builtin_interfaces.msg.Time(sec=1725537090, nanosec=443030118)",120.0,Handcrafted_LabStudy,1,1,"-12.0,1.0,0.5","-0.0,0.0,-0.0,-1.0","12.0,-0.0,0.0","-0.0,0.0,-0.0,-1.0",24.020824432373047,24.020824432373047,4.0,0,0,0,0,0,0,0,0.0,0.0,8.0,0.0,4.315217435821141e+21,0.0,
0,navstack-1725537082607,navstack,overtaking,HandCrafted,,,1725537099,843029499,"builtin_interfaces.msg.Time(sec=1725537090, nanosec=443030118)",120.0,Handcrafted_LabStudy,1,1,"-12.0,1.0,0.5","-0.0,0.0,-0.0,-1.0","12.0,-0.0,0.0","-0.0,0.0,-0.0,-1.0",24.020824432373047,24.020824432373047,4.0,0,0,0,0,0,0,0,0.0,0.0,8.0,0.0,4.3039548381089403e+21,0.0,
0,navstack-1725537082607,navstack,overtaking,HandCrafted,,,1725537099,863029956,"builtin_interfaces.msg.Time(sec=1725537090, nanosec=443030118)",120.0,Handcrafted_LabStudy,1,1,"-12.0,1.0,0.5","-0.0,0.0,-0.0,-1.0","12.0,-0.0,0.0","-0.0,0.0,-0.0,-1.0",24.020824432373047,24.020824432373047,4.0,0,0,0,0,0,0,0,0.0,0.0,8.0,0.0,4.3101373464956146e+21,0.0,
0,navstack-1725537082607,navstack,overtaking,HandCrafted,,,1725537099,863029956,"builtin_interfaces.msg.Time(sec=1725537090, nanosec=443030118)",120.0,Handcrafted_LabStudy,1,1,"-12.0,1.0,0.5","-0.0,0.0,-0.0,-1.0","12.0,-0.0,0.0","-0.0,0.0,-0.0,-1.0",24.020824432373047,24.020824432373047,4.0,0,0,0,0,0,0,0,0.0,0.0,8.0,0.0,4.3101373464956146e+21,0.0,
0,navstack-1725537082607,navstack,overtaking,HandCrafted,,,1725537099,883029460,"builtin_interfaces.msg.Time(sec=1725537090, nanosec=443030118)",120.0,Handcrafted_LabStudy,1,1,"-12.0,1.0,0.5","-0.0,0.0,-0.0,-1.0","12.0,-0.0,0.0","-0.0,0.0,-0.0,-1.0",24.020824432373047,24.020824432373047,4.0,0,0,0,0,0,0,0,0.0,0.0,8.0,0.0,4.319655502007426e+21,0.0,
0,navstack-1725537082607,navstack,overtaking,HandCrafted,,,1725537099,903029918,"builtin_interfaces.msg.Time(sec=1725537090, nanosec=443030118)",120.0,Handcrafted_LabStudy,1,1,"-12.0,1.0,0.5","-0.0,0.0,-0.0,-1.0","12.0,-0.0,0.0","-0.0,0.0,-0.0,-1.0",24.020824432373047,24.020824432373047,4.0,0,0,0,0,0,0,0,0.0,0.0,8.0,0.0,4.347079501587509e+21,0.0,
0,navstack-1725537082607,navstack,overtaking,HandCrafted,,,1725537099,903029918,"builtin_interfaces.msg.Time(sec=1725537090, nanosec=443030118)",120.0,Handcrafted_LabStudy,1,1,"-12.0,1.0,0.5","-0.0,0.0,-0.0,-1.0","12.0,-0.0,0.0","-0.0,0.0,-0.0,-1.0",24.020824432373047,24.020824432373047,4.0,0,0,0,0,0,0,0,0.0,0.0,8.0,0.0,4.347079501587509e+21,0.0,
0,navstack-1725537082607,navstack,overtaking,HandCrafted,,,1725537099,923029422,"builtin_interfaces.msg.Time(sec=1725537090, nanosec=443030118)",120.0,Handcrafted_LabStudy,1,1,"-12.0,1.0,0.5","-0.0,0.0,-0.0,-1.0","12.0,-0.0,0.0","-0.0,0.0,-0.0,-1.0",24.020824432373047,24.020824432373047,4.0,0,0,0,0,0,0,0,0.0,0.0,8.0,0.0,4.3250061508977576e+21,0.0,
0,navstack-1725537082607,navstack,overtaking,HandCrafted,,,1725537099,923029422,"builtin_interfaces.msg.Time(sec=1725537090, nanosec=443030118)",120.0,Handcrafted_LabStudy,1,1,"-12.0,1.0,0.5","-0.0,0.0,-0.0,-1.0","12.0,-0.0,0.0","-0.0,0.0,-0.0,-1.0",24.020824432373047,24.020824432373047,4.0,0,0,0,0,0,0,0,0.0,0.0,8.0,0.0,4.3250061508977576e+21,0.0,
0,navstack-1725537082607,navstack,overtaking,HandCrafted,,,1725537099,943030118,"builtin_interfaces.msg.Time(sec=1725537090, nanosec=443030118)",120.0,Handcrafted_LabStudy,1,1,"-12.0,1.0,0.5","-0.0,0.0,-0.0,-1.0","12.0,-0.0,0.0","-0.0,0.0,-0.0,-1.0",24.020824432373047,24.020824432373047,4.0,0,0,0,0,0,0,0,0.0,0.0,8.0,0.0,4.305089751681664e+21,0.0,
0,navstack-1725537082607,navstack,overtaking,HandCrafted,,,1725537099,963029623,"builtin_interfaces.msg.Time(sec=1725537090, nanosec=443030118)",120.0,Handcrafted_LabStudy,1,1,"-12.0,1.0,0.5","-0.0,0.0,-0.0,-1.0","12.0,-0.0,0.0","-0.0,0.0,-0.0,-1.0",24.020824432373047,24.020824432373047,4.0,0,0,0,0,0,0,0,0.0,0.0,8.0,0.0,4.30446893548682e+21,0.0,
0,navstack-1725537082607,navstack,overtaking,HandCrafted,,,1725537099,963029623,"builtin_interfaces.msg.Time(sec=1725537090, nanosec=443030118)",120.0,Handcrafted_LabStudy,1,1,"-12.0,1.0,0.5","-0.0,0.0,-0.0,-1.0","12.0,-0.0,0.0","-0.0,0.0,-0.0,-1.0",24.020824432373047,24.020824432373047,4.0,0,0,0,0,0,0,0,0.0,0.0,8.0,0.0,4.30446893548682e+21,0.0,
0,navstack-1725537082607,navstack,overtaking,HandCrafted,,,1725537099,983030080,"builtin_interfaces.msg.Time(sec=1725537090, nanosec=443030118)",120.0,Handcrafted_LabStudy,1,1,"-12.0,1.0,0.5","-0.0,0.0,-0.0,-1.0","12.0,-0.0,0.0","-0.0,0.0,-0.0,-1.0",24.020824432373047,24.020824432373047,4.0,0,0,0,0,0,0,0,0.0,0.0,8.0,0.0,4.307915748046295e+21,0.0,
0,navstack-1725537082607,navstack,overtaking,HandCrafted,,,1725537099,983030080,"builtin_interfaces.msg.Time(sec=1725537090, nanosec=443030118)",120.0,Handcrafted_LabStudy,1,1,"-12.0,1.0,0.5","-0.0,0.0,-0.0,-1.0","12.0,-0.0,0.0","-0.0,0.0,-0.0,-1.0",24.020824432373047,24.020824432373047,4.0,0,0,0,0,0,0,0,0.0,0.0,8.0,0.0,4.307915748046295e+21,0.0,
0,navstack-1725537082607,navstack,overtaking,HandCrafted,,,1725537099,983030080,"builtin_interfaces.msg.Time(sec=1725537090, nanosec=443030118)",120.0,Handcrafted_LabStudy,1,1,"-12.0,1.0,0.5","-0.0,0.0,-0.0,-1.0","12.0,-0.0,0.0","-0.0,0.0,-0.0,-1.0",24.020824432373047,24.020824432373047,4.0,0,0,0,0,0,0,0,0.0,0.0,8.0,0.0,4.307915748046295e+21,0.0,
0,navstack-1725537082607,navstack,overtaking,HandCrafted,,,1725537100,3029584,"builtin_interfaces.msg.Time(sec=1725537090, nanosec=443030118)",120.0,Handcrafted_LabStudy,1,1,"-12.0,1.0,0.5","-0.0,0.0,-0.0,-1.0","12.0,-0.0,0.0","-0.0,0.0,-0.0,-1.0",24.020824432373047,24.020824432373047,4.0,0,0,0,0,0,0,0,0.0,0.0,8.0,0.0,4.313299575543183e+21,0.0,
0,navstack-1725537082607,navstack,overtaking,HandCrafted,,,1725537100,23030042,"builtin_interfaces.msg.Time(sec=1725537090, nanosec=443030118)",120.0,Handcrafted_LabStudy,1,1,"-12.0,1.0,0.5","-0.0,0.0,-0.0,-1.0","12.0,-0.0,0.0","-0.0,0.0,-0.0,-1.0",24.020824432373047,24.020824432373047,4.0,0,0,0,0,0,0,0,0.0,0.0,8.0,0.0,4.3200632226158304e+21,0.0,
0,navstack-1725537082607,navstack,overtaking,HandCrafted,,,1725537100,23030042,"builtin_interfaces.msg.Time(sec=1725537090, nanosec=443030118)",120.0,Handcrafted_LabStudy,1,1,"-12.0,1.0,0.5","-0.0,0.0,-0.0,-1.0","12.0,-0.0,0.0","-0.0,0.0,-0.0,-1.0",24.020824432373047,24.020824432373047,4.0,0,0,0,0,0,0,0,0.0,0.0,8.0,0.0,4.3200632226158304e+21,0.0,
0,navstack-1725537082607,navstack,overtaking,HandCrafted,,,1725537100,43029546,"builtin_interfaces.msg.Time(sec=1725537090, nanosec=443030118)",120.0,Handcrafted_LabStudy,1,1,"-12.0,1.0,0.5","-0.0,0.0,-0.0,-1.0","12.0,-0.0,0.0","-0.0,0.0,-0.0,-1.0",24.020824432373047,24.020824432373047,4.0,0,0,0,0,0,0,0,0.0,0.0,8.0,0.0,4.3482540926691044e+21,0.0,
0,navstack-1725537082607,navstack,overtaking,HandCrafted,,,1725537100,43029546,"builtin_interfaces.msg.Time(sec=1725537090, nanosec=443030118)",120.0,Handcrafted_LabStudy,1,1,"-12.0,1.0,0.5","-0.0,0.0,-0.0,-1.0","12.0,-0.0,0.0","-0.0,0.0,-0.0,-1.0",24.020824432373047,24.020824432373047,4.0,0,0,0,0,0,0,0,0.0,0.0,8.0,0.0,4.3580944569167527e+21,0.0,
0,navstack-1725537082607,navstack,overtaking,HandCrafted,,,1725537100,63030004,"builtin_interfaces.msg.Time(sec=1725537090, nanosec=443030118)",120.0,Handcrafted_LabStudy,1,1,"-12.0,1.0,0.5","-0.0,0.0,-0.0,-1.0","12.0,-0.0,0.0","-0.0,0.0,-0.0,-1.0",24.020824432373047,24.020824432373047,4.0,0,0,0,0,0,0,0,0.0,0.0,8.0,0.0,4.3559949694214603e+21,0.0,
0,navstack-1725537082607,navstack,overtaking,HandCrafted,,,1725537100,83029270,"builtin_interfaces.msg.Time(sec=1725537090, nanosec=443030118)",120.0,Handcrafted_LabStudy,1,1,"-12.0,1.0,0.5","-0.0,0.0,-0.0,-1.0","12.0,-0.0,0.0","-0.0,0.0,-0.0,-1.0",24.020824432373047,24.020824432373047,4.0,0,0,0,0,0,0,0,0.0,0.0,8.0,0.0,4.319866545308924e+21,0.0,
0,navstack-1725537082607,navstack,overtaking,HandCrafted,,,1725537100,103029727,"builtin_interfaces.msg.Time(sec=1725537090, nanosec=443030118)",120.0,Handcrafted_LabStudy,1,1,"-12.0,1.0,0.5","-0.0,0.0,-0.0,-1.0","12.0,-0.0,0.0","-0.0,0.0,-0.0,-1.0",24.020824432373047,24.020824432373047,4.0,0,0,0,0,0,0,0,0.0,0.0,8.0,0.0,4.304511691423104e+21,0.0,
0,navstack-1725537082607,navstack,overtaking,HandCrafted,,,1725537100,103029727,"builtin_interfaces.msg.Time(sec=1725537090, nanosec=443030118)",120.0,Handcrafted_LabStudy,1,1,"-12.0,1.0,0.5","-0.0,0.0,-0.0,-1.0","12.0,-0.0,0.0","-0.0,0.0,-0.0,-1.0",24.020824432373047,24.020824432373047,4.0,0,0,0,0,0,0,0,0.0,0.0,8.0,0.0,4.304511691423104e+21,0.0,
0,navstack-1725537082607,navstack,overtaking,HandCrafted,,,1725537100,123029232,"builtin_interfaces.msg.Time(sec=1725537090, nanosec=443030118)",120.0,Handcrafted_LabStudy,1,1,"-12.0,1.0,0.5","-0.0,0.0,-0.0,-1.0","12.0,-0.0,0.0","-0.0,0.0,-0.0,-1.0",24.020824432373047,24.020824432373047,4.0,0,0,0,0,0,0,0,0.0,0.0,8.0,0.0,4.325630729614995e+21,0.0,
0,navstack-1725537082607,navstack,overtaking,HandCrafted,,,1725537100,143029689,"builtin_interfaces.msg.Time(sec=1725537090, nanosec=443030118)",120.0,Handcrafted_LabStudy,1,1,"-12.0,1.0,0.5","-0.0,0.0,-0.0,-1.0","12.0,-0.0,0.0","-0.0,0.0,-0.0,-1.0",24.020824432373047,24.020824432373047,4.0,0,0,0,0,0,0,0,0.0,0.0,8.0,0.0,4.360946106843154e+21,0.0,
0,navstack-1725537082607,navstack,overtaking,HandCrafted,,,1725537100,163029193,"builtin_interfaces.msg.Time(sec=1725537090, nanosec=443030118)",120.0,Handcrafted_LabStudy,1,1,"-12.0,1.0,0.5","-0.0,0.0,-0.0,-1.0","12.0,-0.0,0.0","-0.0,0.0,-0.0,-1.0",24.020824432373047,24.020824432373047,4.0,0,0,0,0,0,0,0,0.0,0.0,8.0,0.0,4.3039839121456135e+21,0.0,
0,navstack-1725537082607,navstack,overtaking,HandCrafted,,,1725537100,183029890,"builtin_interfaces.msg.Time(sec=1725537090, nanosec=443030118)",120.0,Handcrafted_LabStudy,1,1,"-12.0,1.0,0.5","-0.0,0.0,-0.0,-1.0","12.0,-0.0,0.0","-0.0,0.0,-0.0,-1.0",24.020824432373047,24.020824432373047,4.0,0,0,0,0,0,0,0,0.0,0.0,8.0,0.0,4.3274695769226997e+21,0.0,
0,navstack-1725537082607,navstack,overtaking,HandCrafted,,,1725537100,183029890,"builtin_interfaces.msg.Time(sec=1725537090, nanosec=443030118)",120.0,Handcrafted_LabStudy,1,1,"-12.0,1.0,0.5","-0.0,0.0,-0.0,-1.0","12.0,-0.0,0.0","-0.0,0.0,-0.0,-1.0",24.020824432373047,24.020824432373047,4.0,0,0,0,0,0,0,0,0.0,0.0,8.0,0.0,4.3274695769226997e+21,0.0,
0,navstack-1725537082607,navstack,overtaking,HandCrafted,,,1725537100,203030347,"builtin_interfaces.msg.Time(sec=1725537090, nanosec=443030118)",120.0,Handcrafted_LabStudy,1,1,"-12.0,1.0,0.5","-0.0,0.0,-0.0,-1.0","12.0,-0.0,0.0","-0.0,0.0,-0.0,-1.0",24.020824432373047,24.020824432373047,4.0,0,0,0,0,0,0,0,0.0,0.0,8.0,0.0,4.364085076661384e+21,0.0,
0,navstack-1725537082607,navstack,overtaking,HandCrafted,,,1725537100,223029851,"builtin_interfaces.msg.Time(sec=1725537090, nanosec=443030118)",120.0,Handcrafted_LabStudy,1,1,"-12.0,1.0,0.5","-0.0,0.0,-0.0,-1.0","12.0,-0.0,0.0","-0.0,0.0,-0.0,-1.0",24.020824432373047,24.020824432373047,4.0,0,0,0,0,0,0,0,0.0,0.0,8.0,0.0,4.303959284726314e+21,0.0,
0,navstack-1725537082607,navstack,overtaking,HandCrafted,,,1725537100,223029851,"builtin_interfaces.msg.Time(sec=1725537090, nanosec=443030118)",120.0,Handcrafted_LabStudy,1,1,"-12.0,1.0,0.5","-0.0,0.0,-0.0,-1.0","12.0,-0.0,0.0","-0.0,0.0,-0.0,-1.0",24.020824432373047,24.020824432373047,4.0,0,0,0,0,0,0,0,0.0,0.0,8.0,0.0,4.303959284726314e+21,0.0,
0,navstack-1725537082607,navstack,overtaking,HandCrafted,,,1725537100,243030309,"builtin_interfaces.msg.Time(sec=1725537090, nanosec=443030118)",120.0,Handcrafted_LabStudy,1,1,"-12.0,1.0,0.5","-0.0,0.0,-0.0,-1.0","12.0,-0.0,0.0","-0.0,0.0,-0.0,-1.0",24.020824432373047,24.020824432373047,4.0,0,0,0,0,0,0,0,0.0,0.0,8.0,0.0,4.3254265272633026e+21,0.0,
0,navstack-1725537082607,navstack,overtaking,HandCrafted,,,1725537100,263029813,"builtin_interfaces.msg.Time(sec=1725537090, nanosec=443030118)",120.0,Handcrafted_LabStudy,1,1,"-12.0,1.0,0.5","-0.0,0.0,-0.0,-1.0","12.0,-0.0,0.0","-0.0,0.0,-0.0,-1.0",24.020824432373047,24.020824432373047,4.0,0,0,0,0,0,0,0,0.0,0.0,8.0,0.0,4.341225016744006e+21,0.0,
0,navstack-1725537082607,navstack,overtaking,HandCrafted,,,1725537100,283030271,"builtin_interfaces.msg.Time(sec=1725537090, nanosec=443030118)",120.0,Handcrafted_LabStudy,1,1,"-12.0,1.0,0.5","-0.0,0.0,-0.0,-1.0","12.0,-0.0,0.0","-0.0,0.0,-0.0,-1.0",24.020824432373047,24.020824432373047,4.0,0,0,0,0,0,0,0,0.0,0.0,8.0,0.0,4.304158014318162e+21,0.0,
0,navstack-1725537082607,navstack,overtaking,HandCrafted,,,1725537100,303029775,"builtin_interfaces.msg.Time(sec=1725537090, nanosec=443030118)",120.0,Handcrafted_LabStudy,1,1,"-12.0,1.0,0.5","-0.0,0.0,-0.0,-1.0","12.0,-0.0,0.0","-0.0,0.0,-0.0,-1.0",24.020824432373047,24.020824432373047,4.0,0,0,0,0,0,0,0,0.0,0.0,8.0,0.0,4.3168890219061025e+21,0.0,
0,navstack-1725537082607,navstack,overtaking,HandCrafted,,,1725537100,303029775,"builtin_interfaces.msg.Time(sec=1725537090, nanosec=443030118)",120.0,Handcrafted_LabStudy,1,1,"-12.0,1.0,0.5","-0.0,0.0,-0.0,-1.0","12.0,-0.0,0.0","-0.0,0.0,-0.0,-1.0",24.020824432373047,24.020824432373047,4.0,0,0,0,0,0,0,0,0.0,0.0,8.0,0.0,4.3786754544064455e+21,0.0,
0,navstack-1725537082607,navstack,overtaking,HandCrafted,,,1725537100,323029994,"builtin_interfaces.msg.Time(sec=1725537090, nanosec=443030118)",120.0,Handcrafted_LabStudy,1,1,"-12.0,1.0,0.5","-0.0,0.0,-0.0,-1.0","12.0,-0.0,0.0","-0.0,0.0,-0.0,-1.0",24.020824432373047,24.020824432373047,4.0,0,0,0,0,0,0,0,0.0,0.0,8.0,0.0,4.3760642638657057e+21,0.0,
0,navstack-1725537082607,navstack,overtaking,HandCrafted,,,1725537100,343029499,"builtin_interfaces.msg.Time(sec=1725537090, nanosec=443030118)",120.0,Handcrafted_LabStudy,1,1,"-12.0,1.0,0.5","-0.0,0.0,-0.0,-1.0","12.0,-0.0,0.0","-0.0,0.0,-0.0,-1.0",24.020824432373047,24.020824432373047,4.0,0,0,0,0,0,0,0,0.0,0.0,8.0,0.0,4.3052005750685125e+21,0.0,
0,navstack-1725537082607,navstack,overtaking,HandCrafted,,,1725537100,363029956,"builtin_interfaces.msg.Time(sec=1725537090, nanosec=443030118)",120.0,Handcrafted_LabStudy,1,1,"-12.0,1.0,0.5","-0.0,0.0,-0.0,-1.0","12.0,-0.0,0.0","-0.0,0.0,-0.0,-1.0",24.020824432373047,24.020824432373047,4.0,0,0,0,0,0,0,0,0.0,0.0,8.0,0.0,4.309645482204603e+21,0.0,
0,navstack-1725537082607,navstack,overtaking,HandCrafted,,,1725537100,363029956,"builtin_interfaces.msg.Time(sec=1725537090, nanosec=443030118)",120.0,Handcrafted_LabStudy,1,1,"-12.0,1.0,0.5","-0.0,0.0,-0.0,-1.0","12.0,-0.0,0.0","-0.0,0.0,-0.0,-1.0",24.020824432373047,24.020824432373047,4.0,0,0,0,0,0,0,0,0.0,0.0,8.0,0.0,4.4342024178348023e+21,0.0,
0,navstack-1725537082607,navstack,overtaking,HandCrafted,,,1725537100,383029460,"builtin_interfaces.msg.Time(sec=1725537090, nanosec=443030118)",120.0,Handcrafted_LabStudy,1,1,"-12.0,1.0,0.5","-0.0,0.0,-0.0,-1.0","12.0,-0.0,0.0","-0.0,0.0,-0.0,-1.0",24.020824432373047,24.020824432373047,4.0,0,0,0,0,0,0,0,0.0,0.0,8.0,0.0,4.432222989008596e+21,0.0,
0,navstack-1725537082607,navstack,overtaking,HandCrafted,,,1725537100,383029460,"builtin_interfaces.msg.Time(sec=1725537090, nanosec=443030118)",120.0,Handcrafted_LabStudy,1,1,"-12.0,1.0,0.5","-0.0,0.0,-0.0,-1.0","12.0,-0.0,0.0","-0.0,0.0,-0.0,-1.0",24.020824432373047,24.020824432373047,4.0,0,0,0,0,0,0,0,0.0,0.0,8.0,0.0,4.432222989008596e+21,0.0,
0,navstack-1725537082607,navstack,overtaking,HandCrafted,,,1725537100,403029918,"builtin_interfaces.msg.Time(sec=1725537090, nanosec=443030118)",120.0,Handcrafted_LabStudy,1,1,"-12.0,1.0,0.5","-0.0,0.0,-0.0,-1.0","12.0,-0.0,0.0","-0.0,0.0,-0.0,-1.0",24.020824432373047,24.020824432373047,4.0,0,0,0,0,0,0,0,0.0,0.0,8.0,0.0,4.3210271124434185e+21,0.0,
0,navstack-1725537082607,navstack,overtaking,HandCrafted,,,1725537100,403029918,"builtin_interfaces.msg.Time(sec=1725537090, nanosec=443030118)",120.0,Handcrafted_LabStudy,1,1,"-12.0,1.0,0.5","-0.0,0.0,-0.0,-1.0","12.0,-0.0,0.0","-0.0,0.0,-0.0,-1.0",24.020824432373047,24.020824432373047,4.0,0,0,0,0,0,0,0,0.0,0.0,8.0,0.0,4.3210271124434185e+21,0.0,
0,navstack-1725537082607,navstack,overtaking,HandCrafted,,,1725537100,423029422,"builtin_interfaces.msg.Time(sec=1725537090, nanosec=443030118)",120.0,Handcrafted_LabStudy,1,1,"-12.0,1.0,0.5","-0.0,0.0,-0.0,-1.0","12.0,-0.0,0.0","-0.0,0.0,-0.0,-1.0",24.020824432373047,24.020824432373047,4.0,0,0,0,0,0,0,0,0.0,0.0,8.0,0.0,4.3039811757656915e+21,0.0,
0,navstack-1725537082607,navstack,overtaking,HandCrafted,,,1725537100,443030118,"builtin_interfaces.msg.Time(sec=1725537090, nanosec=443030118)",120.0,Handcrafted_LabStudy,1,1,"-12.0,1.0,0.5","-0.0,0.0,-0.0,-1.0","12.0,-0.0,0.0","-0.0,0.0,-0.0,-1.0",24.020824432373047,24.020824432373047,4.0,0,0,0,0,0,0,0,0.0,0.0,8.0,0.0,4.3122488056530663e+21,0.0,
0,navstack-1725537082607,navstack,overtaking,HandCrafted,,,1725537100,443030118,"builtin_interfaces.msg.Time(sec=1725537090, nanosec=443030118)",120.0,Handcrafted_LabStudy,1,1,"-12.0,1.0,0.5","-0.0,0.0,-0.0,-1.0","12.0,-0.0,0.0","-0.0,0.0,-0.0,-1.0",24.020824432373047,24.020824432373047,4.0,0,0,0,0,0,0,0,0.0,0.0,8.0,0.0,4.3122488056530663e+21,0.0,
0,navstack-1725537082607,navstack,overtaking,HandCrafted,,,1725537100,463029623,"builtin_interfaces.msg.Time(sec=1725537090, nanosec=443030118)",120.0,Handcrafted_LabStudy,1,1,"-12.0,1.0,0.5","-0.0,0.0,-0.0,-1.0","12.0,-0.0,0.0","-0.0,0.0,-0.0,-1.0",24.020824432373047,24.020824432373047,4.0,0,0,0,0,0,0,0,0.0,0.0,8.0,0.0,4.346852382053968e+21,0.0,
0,navstack-1725537082607,navstack,overtaking,HandCrafted,,,1725537100,483030080,"builtin_interfaces.msg.Time(sec=1725537090, nanosec=443030118)",120.0,Handcrafted_LabStudy,1,1,"-12.0,1.0,0.5","-0.0,0.0,-0.0,-1.0","12.0,-0.0,0.0","-0.0,0.0,-0.0,-1.0",24.020824432373047,24.020824432373047,4.0,0,0,0,0,0,0,0,0.0,0.0,8.0,0.0,4.311454913428144e+21,0.0,
0,navstack-1725537082607,navstack,overtaking,HandCrafted,,,1725537100,503029584,"builtin_interfaces.msg.Time(sec=1725537090, nanosec=443030118)",120.0,Handcrafted_LabStudy,1,1,"-12.0,1.0,0.5","-0.0,0.0,-0.0,-1.0","12.0,-0.0,0.0","-0.0,0.0,-0.0,-1.0",24.020824432373047,24.020824432373047,4.0,0,0,0,0,0,0,0,0.0,0.0,8.0,0.0,4.32055166643194e+21,0.0,
0,navstack-1725537082607,navstack,overtaking,HandCrafted,,,1725537100,523030042,"builtin_interfaces.msg.Time(sec=1725537090, nanosec=443030118)",120.0,Handcrafted_LabStudy,1,1,"-12.0,1.0,0.5","-0.0,0.0,-0.0,-1.0","12.0,-0.0,0.0","-0.0,0.0,-0.0,-1.0",24.020824432373047,24.020824432373047,4.0,0,0,0,0,0,0,0,0.0,0.0,8.0,0.0,4.366250579322299e+21,0.0,
0,navstack-1725537082607,navstack,overtaking,HandCrafted,,,1725537100,523030042,"builtin_interfaces.msg.Time(sec=1725537090, nanosec=443030118)",120.0,Handcrafted_LabStudy,1,1,"-12.0,1.0,0.5","-0.0,0.0,-0.0,-1.0","12.0,-0.0,0.0","-0.0,0.0,-0.0,-1.0",24.020824432373047,24.020824432373047,4.0,0,0,0,0,0,0,0,0.0,0.0,8.0,0.0,4.366250579322299e+21,0.0,
0,navstack-1725537082607,navstack,overtaking,HandCrafted,,,1725537100,543029546,"builtin_interfaces.msg.Time(sec=1725537090, nanosec=443030118)",120.0,Handcrafted_LabStudy,1,1,"-12.0,1.0,0.5","-0.0,0.0,-0.0,-1.0","12.0,-0.0,0.0","-0.0,0.0,-0.0,-1.0",24.020824432373047,24.020824432373047,4.0,0,0,0,0,0,0,0,0.0,0.0,8.0,0.0,4.30865012400791e+21,0.0,
0,navstack-1725537082607,navstack,overtaking,HandCrafted,,,1725537100,563030004,"builtin_interfaces.msg.Time(sec=1725537090, nanosec=443030118)",120.0,Handcrafted_LabStudy,1,1,"-12.0,1.0,0.5","-0.0,0.0,-0.0,-1.0","12.0,-0.0,0.0","-0.0,0.0,-0.0,-1.0",24.020824432373047,24.020824432373047,4.0,0,0,0,0,0,0,0,0.0,0.0,8.0,0.0,4.305324054212501e+21,0.0,
0,navstack-1725537082607,navstack,overtaking,HandCrafted,,,1725537100,583029270,"builtin_interfaces.msg.Time(sec=1725537090, nanosec=443030118)",120.0,Handcrafted_LabStudy,1,1,"-12.0,1.0,0.5","-0.0,0.0,-0.0,-1.0","12.0,-0.0,0.0","-0.0,0.0,-0.0,-1.0",24.020824432373047,24.020824432373047,4.0,0,0,0,0,0,0,0,0.0,0.0,8.0,0.0,4.337183383598947e+21,0.0,
0,navstack-1725537082607,navstack,overtaking,HandCrafted,,,1725537100,583029270,"builtin_interfaces.msg.Time(sec=1725537090, nanosec=443030118)",120.0,Handcrafted_LabStudy,1,1,"-12.0,1.0,0.5","-0.0,0.0,-0.0,-1.0","12.0,-0.0,0.0","-0.0,0.0,-0.0,-1.0",24.020824432373047,24.020824432373047,4.0,0,0,0,0,0,0,0,0.0,0.0,9.0,0.0,4.3244109882646835e+21,0.0,
0,navstack-1725537082607,navstack,overtaking,HandCrafted,,,1725537100,603029727,"builtin_interfaces.msg.Time(sec=1725537090, nanosec=443030118)",120.0,Handcrafted_LabStudy,1,1,"-12.0,1.0,0.5","-0.0,0.0,-0.0,-1.0","12.0,-0.0,0.0","-0.0,0.0,-0.0,-1.0",24.020824432373047,24.020824432373047,4.0,0,0,0,0,0,0,0,0.0,0.0,9.0,0.0,4.3238797885122905e+21,0.0,
0,navstack-1725537082607,navstack,overtaking,HandCrafted,,,1725537100,623029232,"builtin_interfaces.msg.Time(sec=1725537090, nanosec=443030118)",120.0,Handcrafted_LabStudy,1,1,"-12.0,1.0,0.5","-0.0,0.0,-0.0,-1.0","12.0,-0.0,0.0","-0.0,0.0,-0.0,-1.0",24.020824432373047,24.020824432373047,4.0,0,0,0,0,0,0,0,0.0,0.0,9.0,0.0,4.311080371426296e+21,0.0,
0,navstack-1725537082607,navstack,overtaking,HandCrafted,,,1725537100,643029689,"builtin_interfaces.msg.Time(sec=1725537090, nanosec=443030118)",120.0,Handcrafted_LabStudy,1,1,"-12.0,1.0,0.5","-0.0,0.0,-0.0,-1.0","12.0,-0.0,0.0","-0.0,0.0,-0.0,-1.0",24.020824432373047,24.020824432373047,4.0,0,0,0,0,0,0,0,0.0,0.0,9.0,0.0,4.3537035932841253e+21,0.0,
0,navstack-1725537082607,navstack,overtaking,HandCrafted,,,1725537100,663029193,"builtin_interfaces.msg.Time(sec=1725537090, nanosec=443030118)",120.0,Handcrafted_LabStudy,1,1,"-12.0,1.0,0.5","-0.0,0.0,-0.0,-1.0","12.0,-0.0,0.0","-0.0,0.0,-0.0,-1.0",24.020824432373047,24.020824432373047,4.0,0,0,0,0,0,0,0,0.0,0.0,9.0,0.0,4.3076144042073653e+21,0.0,
0,navstack-1725537082607,navstack,overtaking,HandCrafted,,,1725537100,683029890,"builtin_interfaces.msg.Time(sec=1725537090, nanosec=443030118)",120.0,Handcrafted_LabStudy,1,1,"-12.0,1.0,0.5","-0.0,0.0,-0.0,-1.0","12.0,-0.0,0.0","-0.0,0.0,-0.0,-1.0",24.020824432373047,24.020824432373047,4.0,0,0,0,0,0,0,0,0.0,0.0,9.0,0.0,4.318136127055636e+21,0.0,
0,navstack-1725537082607,navstack,overtaking,HandCrafted,,,1725537100,703030347,"builtin_interfaces.msg.Time(sec=1725537090, nanosec=443030118)",120.0,Handcrafted_LabStudy,1,1,"-12.0,1.0,0.5","-0.0,0.0,-0.0,-1.0","12.0,-0.0,0.0","-0.0,0.0,-0.0,-1.0",24.020824432373047,24.020824432373047,4.0,0,0,0,0,0,0,0,0.0,0.0,9.0,0.0,4.359069292264029e+21,0.0,
0,navstack-1725537082607,navstack,overtaking,HandCrafted,,,1725537100,703030347,"builtin_interfaces.msg.Time(sec=1725537090, nanosec=443030118)",120.0,Handcrafted_LabStudy,1,1,"-12.0,1.0,0.5","-0.0,0.0,-0.0,-1.0","12.0,-0.0,0.0","-0.0,0.0,-0.0,-1.0",24.020824432373047,24.020824432373047,4.0,0,0,0,0,0,0,0,0.0,0.0,9.0,0.0,4.3057666636649134e+21,0.0,
0,navstack-1725537082607,navstack,overtaking,HandCrafted,,,1725537100,723029851,"builtin_interfaces.msg.Time(sec=1725537090, nanosec=443030118)",120.0,Handcrafted_LabStudy,1,1,"-12.0,1.0,0.5","-0.0,0.0,-0.0,-1.0","12.0,-0.0,0.0","-0.0,0.0,-0.0,-1.0",24.020824432373047,24.020824432373047,4.0,0,0,0,0,0,0,0,0.0,0.0,9.0,0.0,4.3055183371869754e+21,0.0,
0,navstack-1725537082607,navstack,overtaking,HandCrafted,,,1725537100,743030309,"builtin_interfaces.msg.Time(sec=1725537090, nanosec=443030118)",120.0,Handcrafted_LabStudy,1,1,"-12.0,1.0,0.5","-0.0,0.0,-0.0,-1.0","12.0,-0.0,0.0","-0.0,0.0,-0.0,-1.0",24.020824432373047,24.020824432373047,4.0,0,0,0,0,0,0,0,0.0,0.0,9.0,0.0,4.3254877537640613e+21,0.0,
0,navstack-1725537082607,navstack,overtaking,HandCrafted,,,1725537100,763029813,"builtin_interfaces.msg.Time(sec=1725537090, nanosec=443030118)",120.0,Handcrafted_LabStudy,1,1,"-12.0,1.0,0.5","-0.0,0.0,-0.0,-1.0","12.0,-0.0,0.0","-0.0,0.0,-0.0,-1.0",24.020824432373047,24.020824432373047,4.0,0,0,0,0,0,0,0,0.0,0.0,9.0,0.0,4.353058491717471e+21,0.0,
0,navstack-1725537082607,navstack,overtaking,HandCrafted,,,1725537100,783030271,"builtin_interfaces.msg.Time(sec=1725537090, nanosec=443030118)",120.0,Handcrafted_LabStudy,1,1,"-12.0,1.0,0.5","-0.0,0.0,-0.0,-1.0","12.0,-0.0,0.0","-0.0,0.0,-0.0,-1.0",24.020824432373047,24.020824432373047,4.0,0,0,0,0,0,0,0,0.0,0.0,9.0,0.0,4.3067007953608476e+21,0.0,
0,navstack-1725537082607,navstack,overtaking,HandCrafted,,,1725537100,803029775,"builtin_interfaces.msg.Time(sec=1725537090, nanosec=443030118)",120.0,Handcrafted_LabStudy,1,1,"-12.0,1.0,0.5","-0.0,0.0,-0.0,-1.0","12.0,-0.0,0.0","-0.0,0.0,-0.0,-1.0",24.020824432373047,24.020824432373047,4.0,0,0,0,0,0,0,0,0.0,0.0,9.0,0.0,4.351619155878405e+21,0.0,
0,navstack-1725537082607,navstack,overtaking,HandCrafted,,,1725537100,823029994,"builtin_interfaces.msg.Time(sec=1725537090, nanosec=443030118)",120.0,Handcrafted_LabStudy,1,1,"-12.0,1.0,0.5","-0.0,0.0,-0.0,-1.0","12.0,-0.0,0.0","-0.0,0.0,-0.0,-1.0",24.020824432373047,24.020824432373047,4.0,0,0,0,0,0,0,0,0.0,0.0,9.0,0.0,4.3099386169037664e+21,0.0,
0,navstack-1725537082607,navstack,overtaking,HandCrafted,,,1725537100,843029499,"builtin_interfaces.msg.Time(sec=1725537090, nanosec=443030118)",120.0,Handcrafted_LabStudy,1,1,"-12.0,1.0,0.5","-0.0,0.0,-0.0,-1.0","12.0,-0.0,0.0","-0.0,0.0,-0.0,-1.0",24.020824432373047,24.020824432373047,4.0,0,0,0,0,0,0,0,0.0,0.0,9.0,0.0,4.308629943205984e+21,0.0,
0,navstack-1725537082607,navstack,overtaking,HandCrafted,,,1725537100,843029499,"builtin_interfaces.msg.Time(sec=1725537090, nanosec=443030118)",120.0,Handcrafted_LabStudy,1,1,"-12.0,1.0,0.5","-0.0,0.0,-0.0,-1.0","12.0,-0.0,0.0","-0.0,0.0,-0.0,-1.0",24.020824432373047,24.020824432373047,4.0,0,0,0,0,0,0,0,0.0,0.0,9.0,0.0,4.4775247847627487e+21,0.0,
0,navstack-1725537082607,navstack,overtaking,HandCrafted,,,1725537100,863029956,"builtin_interfaces.msg.Time(sec=1725537090, nanosec=443030118)",120.0,Handcrafted_LabStudy,1,1,"-12.0,1.0,0.5","-0.0,0.0,-0.0,-1.0","12.0,-0.0,0.0","-0.0,0.0,-0.0,-1.0",24.020824432373047,24.020824432373047,4.0,0,0,0,0,0,0,0,0.0,0.0,9.0,0.0,4.4714907249868527e+21,0.0,
0,navstack-1725537082607,navstack,overtaking,HandCrafted,,,1725537100,883029460,"builtin_interfaces.msg.Time(sec=1725537090, nanosec=443030118)",120.0,Handcrafted_LabStudy,1,1,"-12.0,1.0,0.5","-0.0,0.0,-0.0,-1.0","12.0,-0.0,0.0","-0.0,0.0,-0.0,-1.0",24.020824432373047,24.020824432373047,4.0,0,0,0,0,0,0,0,0.0,0.0,9.0,0.0,4.330723816745152e+21,0.0,
0,navstack-1725537082607,navstack,overtaking,HandCrafted,,,1725537100,883029460,"builtin_interfaces.msg.Time(sec=1725537090, nanosec=443030118)",120.0,Handcrafted_LabStudy,1,1,"-12.0,1.0,0.5","-0.0,0.0,-0.0,-1.0","12.0,-0.0,0.0","-0.0,0.0,-0.0,-1.0",24.020824432373047,24.020824432373047,4.0,0,0,0,0,0,0,0,0.0,0.0,9.0,0.0,4.330723816745152e+21,0.0,
0,navstack-1725537082607,navstack,overtaking,HandCrafted,,,1725537100,903029918,"builtin_interfaces.msg.Time(sec=1725537090, nanosec=443030118)",120.0,Handcrafted_LabStudy,1,1,"-12.0,1.0,0.5","-0.0,0.0,-0.0,-1.0","12.0,-0.0,0.0","-0.0,0.0,-0.0,-1.0",24.020824432373047,24.020824432373047,4.0,0,0,0,0,0,0,0,0.0,0.0,9.0,0.0,4.3067521024843883e+21,0.0,
0,navstack-1725537082607,navstack,overtaking,HandCrafted,,,1725537100,943030118,"builtin_interfaces.msg.Time(sec=1725537090, nanosec=443030118)",120.0,Handcrafted_LabStudy,1,1,"-12.0,1.0,0.5","-0.0,0.0,-0.0,-1.0","12.0,-0.0,0.0","-0.0,0.0,-0.0,-1.0",24.020824432373047,24.020824432373047,4.0,0,0,0,0,0,0,0,0.0,0.0,9.0,0.0,4.315512622805246e+21,0.0,
0,navstack-1725537082607,navstack,overtaking,HandCrafted,,,1725537100,943030118,"builtin_interfaces.msg.Time(sec=1725537090, nanosec=443030118)",120.0,Handcrafted_LabStudy,1,1,"-12.0,1.0,0.5","-0.0,0.0,-0.0,-1.0","12.0,-0.0,0.0","-0.0,0.0,-0.0,-1.0",24.020824432373047,24.020824432373047,4.0,0,0,0,0,0,0,0,0.0,0.0,9.0,0.0,4.315512622805246e+21,0.0,
0,navstack-1725537082607,navstack,overtaking,HandCrafted,,,1725537100,983030080,"builtin_interfaces.msg.Time(sec=1725537090, nanosec=443030118)",120.0,Handcrafted_LabStudy,1,1,"-12.0,1.0,0.5","-0.0,0.0,-0.0,-1.0","12.0,-0.0,0.0","-0.0,0.0,-0.0,-1.0",24.020824432373047,24.020824432373047,4.0,0,0,0,0,0,0,0,0.0,0.0,9.0,0.0,4.3211652996294886e+21,0.0,
0,navstack-1725537082607,navstack,overtaking,HandCrafted,,,1725537100,983030080,"builtin_interfaces.msg.Time(sec=1725537090, nanosec=443030118)",120.0,Handcrafted_LabStudy,1,1,"-12.0,1.0,0.5","-0.0,0.0,-0.0,-1.0","12.0,-0.0,0.0","-0.0,0.0,-0.0,-1.0",24.020824432373047,24.020824432373047,4.0,0,0,0,0,0,0,0,0.0,0.0,9.0,0.0,4.3211652996294886e+21,0.0,
0,navstack-1725537082607,navstack,overtaking,HandCrafted,,,1725537101,3029584,"builtin_interfaces.msg.Time(sec=1725537090, nanosec=443030118)",120.0,Handcrafted_LabStudy,1,1,"-12.0,1.0,0.5","-0.0,0.0,-0.0,-1.0","12.0,-0.0,0.0","-0.0,0.0,-0.0,-1.0",24.020824432373047,24.020824432373047,4.0,0,0,0,0,0,0,0,0.0,0.0,9.0,0.0,4.328224133686241e+21,0.0,
0,navstack-1725537082607,navstack,overtaking,HandCrafted,,,1725537101,23030042,"builtin_interfaces.msg.Time(sec=1725537090, nanosec=443030118)",120.0,Handcrafted_LabStudy,1,1,"-12.0,1.0,0.5","-0.0,0.0,-0.0,-1.0","12.0,-0.0,0.0","-0.0,0.0,-0.0,-1.0",24.020824432373047,24.020824432373047,4.0,0,0,0,0,0,0,0,0.0,0.0,9.0,0.0,4.3355056406591607e+21,0.0,
0,navstack-1725537082607,navstack,overtaking,HandCrafted,,,1725537101,43029546,"builtin_interfaces.msg.Time(sec=1725537090, nanosec=443030118)",120.0,Handcrafted_LabStudy,1,1,"-12.0,1.0,0.5","-0.0,0.0,-0.0,-1.0","12.0,-0.0,0.0","-0.0,0.0,-0.0,-1.0",24.020824432373047,24.020824432373047,4.0,0,0,0,0,0,0,0,0.0,0.0,9.0,0.0,4.3438632290364775e+21,0.0,
0,navstack-1725537082607,navstack,overtaking,HandCrafted,,,1725537101,63030004,"builtin_interfaces.msg.Time(sec=1725537090, nanosec=443030118)",120.0,Handcrafted_LabStudy,1,1,"-12.0,1.0,0.5","-0.0,0.0,-0.0,-1.0","12.0,-0.0,0.0","-0.0,0.0,-0.0,-1.0",24.020824432373047,24.020824432373047,4.0,0,0,0,0,0,0,0,0.0,0.0,9.0,0.0,4.351829857132413e+21,0.0,
0,navstack-1725537082607,navstack,overtaking,HandCrafted,,,1725537101,63030004,"builtin_interfaces.msg.Time(sec=1725537090, nanosec=443030118)",120.0,Handcrafted_LabStudy,1,1,"-12.0,1.0,0.5","-0.0,0.0,-0.0,-1.0","12.0,-0.0,0.0","-0.0,0.0,-0.0,-1.0",24.020824432373047,24.020824432373047,4.0,0,0,0,0,0,0,0,0.0,0.0,9.0,0.0,4.351829857132413e+21,0.0,
0,navstack-1725537082607,navstack,overtaking,HandCrafted,,,1725537101,83029270,"builtin_interfaces.msg.Time(sec=1725537090, nanosec=443030118)",120.0,Handcrafted_LabStudy,1,1,"-12.0,1.0,0.5","-0.0,0.0,-0.0,-1.0","12.0,-0.0,0.0","-0.0,0.0,-0.0,-1.0",24.020824432373047,24.020824432373047,4.0,0,0,0,0,0,0,0,0.0,0.0,9.0,0.0,4.359802300035683e+21,0.0,
0,navstack-1725537082607,navstack,overtaking,HandCrafted,,,1725537101,103029727,"builtin_interfaces.msg.Time(sec=1725537090, nanosec=443030118)",120.0,Handcrafted_LabStudy,1,1,"-12.0,1.0,0.5","-0.0,0.0,-0.0,-1.0","12.0,-0.0,0.0","-0.0,0.0,-0.0,-1.0",24.020824432373047,24.020824432373047,4.0,0,0,0,0,0,0,0,0.0,0.0,9.0,0.0,4.36834835658014e+21,0.0,
0,navstack-1725537082607,navstack,overtaking,HandCrafted,,,1725537101,123029232,"builtin_interfaces.msg.Time(sec=1725537090, nanosec=443030118)",120.0,Handcrafted_LabStudy,1,1,"-12.0,1.0,0.5","-0.0,0.0,-0.0,-1.0","12.0,-0.0,0.0","-0.0,0.0,-0.0,-1.0",24.020824432373047,24.020824432373047,4.0,0,0,0,0,0,0,0,0.0,0.0,9.0,0.0,4.3054848165329287e+21,0.0,
0,navstack-1725537082607,navstack,overtaking,HandCrafted,,,1725537101,123029232,"builtin_interfaces.msg.Time(sec=1725537090, nanosec=443030118)",120.0,Handcrafted_LabStudy,1,1,"-12.0,1.0,0.5","-0.0,0.0,-0.0,-1.0","12.0,-0.0,0.0","-0.0,0.0,-0.0,-1.0",24.020824432373047,24.020824432373047,4.0,0,0,0,0,0,0,0,0.0,0.0,9.0,0.0,4.3054848165329287e+21,0.0,
0,navstack-1725537082607,navstack,overtaking,HandCrafted,,,1725537101,143029689,"builtin_interfaces.msg.Time(sec=1725537090, nanosec=443030118)",120.0,Handcrafted_LabStudy,1,1,"-12.0,1.0,0.5","-0.0,0.0,-0.0,-1.0","12.0,-0.0,0.0","-0.0,0.0,-0.0,-1.0",24.020679473876953,24.020824432373047,4.0,0,0,0,0,0,0,0,0.0,0.0,9.0,0.0,2113.7923932588756,18.200037002563477,
0,navstack-1725537082607,navstack,overtaking,HandCrafted,,,1725537101,143029689,"builtin_interfaces.msg.Time(sec=1725537090, nanosec=443030118)",120.0,Handcrafted_LabStudy,1,1,"-12.0,1.0,0.5","-0.0,0.0,-0.0,-1.0","12.0,-0.0,0.0","-0.0,0.0,-0.0,-1.0",24.020679473876953,24.020824432373047,4.0,0,0,0,0,0,0,0,0.0,0.0,9.0,0.0,2113.7923932588756,18.200037002563477,
0,navstack-1725537082607,navstack,overtaking,HandCrafted,,,1725537101,163029193,"builtin_interfaces.msg.Time(sec=1725537090, nanosec=443030118)",120.0,Handcrafted_LabStudy,1,1,"-12.0,1.0,0.5","-0.0,0.0,-0.0,-1.0","12.0,-0.0,0.0","-0.0,0.0,-0.0,-1.0",24.020532608032227,24.020824432373047,4.0,0,0,0,0,0,0,0,0.0,0.0,9.0,0.0,2208.8774278588585,0.05826561152935028,
0,navstack-1725537082607,navstack,overtaking,HandCrafted,,,1725537101,183029890,"builtin_interfaces.msg.Time(sec=1725537090, nanosec=443030118)",120.0,Handcrafted_LabStudy,1,1,"-12.0,1.0,0.5","-0.0,0.0,-0.0,-1.0","12.0,-0.0,0.0","-0.0,0.0,-0.0,-1.0",24.01788902282715,24.020824432373047,4.0,0,0,0,0,0,0,0,0.0,0.0,9.0,0.0,124.41573653158163,312.4998779296875,
0,navstack-1725537082607,navstack,overtaking,HandCrafted,,,1725537101,203030347,"builtin_interfaces.msg.Time(sec=1725537090, nanosec=443030118)",120.0,Handcrafted_LabStudy,1,1,"-12.0,1.0,0.5","-0.0,0.0,-0.0,-1.0","12.0,-0.0,0.0","-0.0,0.0,-0.0,-1.0",24.015243530273438,24.020824432373047,4.0,0,0,0,0,0,0,0,0.0,0.0,9.0,0.0,125.59645738392746,312.51007080078125,
0,navstack-1725537082607,navstack,overtaking,HandCrafted,,,1725537101,223029851,"builtin_interfaces.msg.Time(sec=1725537090, nanosec=443030118)",120.0,Handcrafted_LabStudy,1,1,"-12.0,1.0,0.5","-0.0,0.0,-0.0,-1.0","12.0,-0.0,0.0","-0.0,0.0,-0.0,-1.0",24.010601043701172,24.020824432373047,4.0,0,0,0,0,0,0,0,0.0,0.0,9.0,0.0,71.94694714392543,249.9890899658203,
0,navstack-1725537082607,navstack,overtaking,HandCrafted,,,1725537101,243030309,"builtin_interfaces.msg.Time(sec=1725537090, nanosec=443030118)",120.0,Handcrafted_LabStudy,1,1,"-12.0,1.0,0.5","-0.0,0.0,-0.0,-1.0","12.0,-0.0,0.0","-0.0,0.0,-0.0,-1.0",24.00595474243164,24.020824432373047,4.0,0,0,0,0,0,0,0,0.0,0.0,9.0,0.0,72.22747129658434,250.0144500732422,
0,navstack-1725537082607,navstack,overtaking,HandCrafted,,,1725537101,263029813,"builtin_interfaces.msg.Time(sec=1725537090, nanosec=443030118)",120.0,Handcrafted_LabStudy,1,1,"-12.0,1.0,0.5","-0.0,0.0,-0.0,-1.0","12.0,-0.0,0.0","-0.0,0.0,-0.0,-1.0",24.001310348510742,24.020824432373047,4.0,0,0,0,0,0,0,0,0.0,0.0,9.0,0.0,72.42426966569026,0.014005160890519619,
0,navstack-1725537082607,navstack,overtaking,HandCrafted,,,1725537101,283030271,"builtin_interfaces.msg.Time(sec=1725537090, nanosec=443030118)",120.0,Handcrafted_LabStudy,1,1,"-12.0,1.0,0.5","-0.0,0.0,-0.0,-1.0","12.0,-0.0,0.0","-0.0,0.0,-0.0,-1.0",23.996665954589844,24.020824432373047,4.0,0,0,0,0,0,0,0,0.0,0.0,9.0,0.0,72.40402048690909,0.032229937613010406,
0,navstack-1725537082607,navstack,overtaking,HandCrafted,,,1725537101,283030271,"builtin_interfaces.msg.Time(sec=1725537090, nanosec=443030118)",120.0,Handcrafted_LabStudy,1,1,"-12.0,1.0,0.5","-0.0,0.0,-0.0,-1.0","12.0,-0.0,0.0","-0.0,0.0,-0.0,-1.0",23.996665954589844,24.020824432373047,4.0,0,0,0,0,0,0,0,0.0,0.0,9.0,0.0,72.40402048690909,3.056964874267578,
0,navstack-1725537082607,navstack,overtaking,HandCrafted,,,1725537101,303029775,"builtin_interfaces.msg.Time(sec=1725537090, nanosec=443030118)",120.0,Handcrafted_LabStudy,1,1,"-12.0,1.0,0.5","-0.0,0.0,-0.0,-1.0","12.0,-0.0,0.0","-0.0,0.0,-0.0,-1.0",23.992019653320312,24.020824432373047,4.0,0,0,0,0,0,0,0,0.0,0.0,9.0,0.0,72.5164992767451,3.056323528289795,
0,navstack-1725537082607,navstack,overtaking,HandCrafted,,,1725537101,323029994,"builtin_interfaces.msg.Time(sec=1725537090, nanosec=443030118)",120.0,Handcrafted_LabStudy,1,1,"-12.0,1.0,0.5","-0.0,0.0,-0.0,-1.0","12.0,-0.0,0.0","-0.0,0.0,-0.0,-1.0",23.98737335205078,24.020824432373047,4.0,0,0,0,0,0,0,0,0.0,0.0,9.0,0.0,72.5979294538997,0.016014765948057175,
0,navstack-1725537082607,navstack,overtaking,HandCrafted,,,1725537101,323029994,"builtin_interfaces.msg.Time(sec=1725537090, nanosec=443030118)",120.0,Handcrafted_LabStudy,1,1,"-12.0,1.0,0.5","-0.0,0.0,-0.0,-1.0","12.0,-0.0,0.0","-0.0,0.0,-0.0,-1.0",23.98737335205078,24.020824432373047,4.0,0,0,0,0,0,0,0,0.0,0.0,9.0,0.0,72.50944259329131,3.0550756454467773,
0,navstack-1725537082607,navstack,overtaking,HandCrafted,,,1725537101,323029994,"builtin_interfaces.msg.Time(sec=1725537090, nanosec=443030118)",120.0,Handcrafted_LabStudy,1,1,"-12.0,1.0,0.5","-0.0,0.0,-0.0,-1.0","12.0,-0.0,0.0","-0.0,0.0,-0.0,-1.0",23.98737335205078,24.020824432373047,4.0,0,0,0,0,0,0,0,0.0,0.0,9.0,0.0,72.50944259329131,0.0,
0,navstack-1725537082607,navstack,overtaking,HandCrafted,,,1725537101,343029499,"builtin_interfaces.msg.Time(sec=1725537090, nanosec=443030118)",120.0,Handcrafted_LabStudy,1,1,"-12.0,1.0,0.5","-0.0,0.0,-0.0,-1.0","12.0,-0.0,0.0","-0.0,0.0,-0.0,-1.0",23.98272705078125,24.020824432373047,4.0,0,0,0,0,0,0,0,0.0,0.0,9.0,0.0,72.56616890971793,3.0556766986846924,
0,navstack-1725537082607,navstack,overtaking,HandCrafted,,,1725537101,363029956,"builtin_interfaces.msg.Time(sec=1725537090, nanosec=443030118)",120.0,Handcrafted_LabStudy,1,1,"-12.0,1.0,0.5","-0.0,0.0,-0.0,-1.0","12.0,-0.0,0.0","-0.0,0.0,-0.0,-1.0",23.97808265686035,24.020824432373047,4.0,0,0,0,0,0,0,0,0.0,0.0,9.0,0.0,72.62763544038361,0.016100434586405754,
0,navstack-1725537082607,navstack,overtaking,HandCrafted,,,1725537101,383029460,"builtin_interfaces.msg.Time(sec=1725537090, nanosec=443030118)",120.0,Handcrafted_LabStudy,1,1,"-12.0,1.0,0.5","-0.0,0.0,-0.0,-1.0","12.0,-0.0,0.0","-0.0,0.0,-0.0,-1.0",23.973438262939453,24.020824432373047,4.0,0,0,0,0,0,0,0,0.0,0.0,9.0,0.0,72.68513584289946,0.013885898515582085,
0,navstack-1725537082607,navstack,overtaking,HandCrafted,,,1725537101,403029918,"builtin_interfaces.msg.Time(sec=1725537090, nanosec=443030118)",120.0,Handcrafted_LabStudy,1,1,"-12.0,1.0,0.5","-0.0,0.0,-0.0,-1.0","12.0,-0.0,0.0","-0.0,0.0,-0.0,-1.0",23.968791961669922,24.020824432373047,4.0,0,0,0,0,0,0,0,0.0,0.0,9.0,0.0,72.73502043622432,1.2225748300552368,
0,navstack-1725537082607,navstack,overtaking,HandCrafted,,,1725537101,403029918,"builtin_interfaces.msg.Time(sec=1725537090, nanosec=443030118)",120.0,Handcrafted_LabStudy,1,1,"-12.0,1.0,0.5","-0.0,0.0,-0.0,-1.0","12.0,-0.0,0.0","-0.0,0.0,-0.0,-1.0",23.968791961669922,24.020824432373047,4.0,0,0,0,0,0,0,0,0.0,0.0,9.0,0.0,72.73502043622432,1.8341840505599976,
0,navstack-1725537082607,navstack,overtaking,HandCrafted,,,1725537101,423029422,"builtin_interfaces.msg.Time(sec=1725537090, nanosec=443030118)",120.0,Handcrafted_LabStudy,1,1,"-12.0,1.0,0.5","-0.0,0.0,-0.0,-1.0","12.0,-0.0,0.0","-0.0,0.0,-0.0,-1.0",23.964147567749023,24.020824432373047,4.0,0,0,0,0,0,0,0,0.0,0.0,9.0,0.0,72.76889567551471,1.8337996006011963,
0,navstack-1725537082607,navstack,overtaking,HandCrafted,,,1725537101,443030118,"builtin_interfaces.msg.Time(sec=1725537090, nanosec=443030118)",120.0,Handcrafted_LabStudy,1,1,"-12.0,1.0,0.5","-0.0,0.0,-0.0,-1.0","12.0,-0.0,0.0","-0.0,0.0,-0.0,-1.0",23.959503173828125,24.020824432373047,4.0,0,0,0,0,0,0,0,0.0,0.0,9.0,0.0,72.79398834828694,0.00497758574783802,
0,navstack-1725537082607,navstack,overtaking,HandCrafted,,,1725537101,463029623,"builtin_interfaces.msg.Time(sec=1725537090, nanosec=443030118)",120.0,Handcrafted_LabStudy,1,1,"-12.0,1.0,0.5","-0.0,0.0,-0.0,-1.0","12.0,-0.0,0.0","-0.0,0.0,-0.0,-1.0",23.954858779907227,24.020824432373047,4.0,0,0,0,0,0,0,0,0.0,0.0,9.0,0.0,72.82289791162074,0.011102717369794846,
0,navstack-1725537082607,navstack,overtaking,HandCrafted,,,1725537101,463029623,"builtin_interfaces.msg.Time(sec=1725537090, nanosec=443030118)",120.0,Handcrafted_LabStudy,1,1,"-12.0,1.0,0.5","-0.0,0.0,-0.0,-1.0","12.0,-0.0,0.0","-0.0,0.0,-0.0,-1.0",23.954858779907227,24.020824432373047,4.0,0,0,0,0,0,0,0,0.0,0.0,9.0,0.0,72.76357415643054,1.8341845273971558,
0,navstack-1725537082607,navstack,overtaking,HandCrafted,,,1725537101,483030080,"builtin_interfaces.msg.Time(sec=1725537090, nanosec=443030118)",120.0,Handcrafted_LabStudy,1,1,"-12.0,1.0,0.5","-0.0,0.0,-0.0,-1.0","12.0,-0.0,0.0","-0.0,0.0,-0.0,-1.0",23.950218200683594,24.020824432373047,4.0,0,0,0,0,0,0,0,0.0,0.0,9.0,0.0,72.77621553951623,1.8341749906539917,
0,navstack-1725537082607,navstack,overtaking,HandCrafted,,,1725537101,503029584,"builtin_interfaces.msg.Time(sec=1725537090, nanosec=443030118)",120.0,Handcrafted_LabStudy,1,1,"-12.0,1.0,0.5","-0.0,0.0,-0.0,-1.0","12.0,-0.0,0.0","-0.0,0.0,-0.0,-1.0",23.945575714111328,24.020824432373047,4.0,0,0,0,0,0,0,0,0.0,0.0,9.0,0.0,72.80506505604615,0.005895970854908228,
0,navstack-1725537082607,navstack,overtaking,HandCrafted,,,1725537101,523030042,"builtin_interfaces.msg.Time(sec=1725537090, nanosec=443030118)",120.0,Handcrafted_LabStudy,1,1,"-12.0,1.0,0.5","-0.0,0.0,-0.0,-1.0","12.0,-0.0,0.0","-0.0,0.0,-0.0,-1.0",23.940933227539062,24.020824432373047,4.0,0,0,0,0,0,0,0,0.0,0.0,9.0,0.0,72.82670141779211,0.0058120498433709145,
0,navstack-1725537082607,navstack,overtaking,HandCrafted,,,1725537101,523030042,"builtin_interfaces.msg.Time(sec=1725537090, nanosec=443030118)",120.0,Handcrafted_LabStudy,1,1,"-12.0,1.0,0.5","-0.0,0.0,-0.0,-1.0","12.0,-0.0,0.0","-0.0,0.0,-0.0,-1.0",23.940933227539062,24.020824432373047,4.0,0,0,0,0,0,0,0,0.0,0.0,9.0,0.0,72.77404077026856,1.8337966203689575,
0,navstack-1725537082607,navstack,overtaking,HandCrafted,,,1725537101,543029546,"builtin_interfaces.msg.Time(sec=1725537090, nanosec=443030118)",120.0,Handcrafted_LabStudy,1,1,"-12.0,1.0,0.5","-0.0,0.0,-0.0,-1.0","12.0,-0.0,0.0","-0.0,0.0,-0.0,-1.0",23.936290740966797,24.020824432373047,4.0,0,0,0,0,0,0,0,0.0,0.0,9.0,0.0,72.7881170418687,1.8334263563156128,
0,navstack-1725537082607,navstack,overtaking,HandCrafted,,,1725537101,563030004,"builtin_interfaces.msg.Time(sec=1725537090, nanosec=443030118)",120.0,Handcrafted_LabStudy,1,1,"-12.0,1.0,0.5","-0.0,0.0,-0.0,-1.0","12.0,-0.0,0.0","-0.0,0.0,-0.0,-1.0",23.931650161743164,24.020824432373047,4.0,0,0,0,0,0,0,0,0.0,0.0,9.0,0.0,72.82364507651879,1.2222681045532227,
0,navstack-1725537082607,navstack,overtaking,HandCrafted,,,1725537101,583029270,"builtin_interfaces.msg.Time(sec=1725537090, nanosec=443030118)",120.0,Handcrafted_LabStudy,1,1,"-12.0,1.0,0.5","-0.0,0.0,-0.0,-1.0","12.0,-0.0,0.0","-0.0,0.0,-0.0,-1.0",23.927011489868164,24.020824432373047,4.0,0,0,0,0,0,0,0,0.0,0.0,9.0,0.0,72.857480859411,0.016093753278255463,
0,navstack-1725537082607,navstack,overtaking,HandCrafted,,,1725537101,603029727,"builtin_interfaces.msg.Time(sec=1725537090, nanosec=443030118)",120.0,Handcrafted_LabStudy,1,1,"-12.0,1.0,0.5","-0.0,0.0,-0.0,-1.0","12.0,-0.0,0.0","-0.0,0.0,-0.0,-1.0",23.922372817993164,23.927011489868164,4.0,0,0,0,0,0,0,0,0.09382136911153793,5.550890922546387,10.0,0.0,72.87901511226659,1.8591718673706055,
0,navstack-1725537082607,navstack,overtaking,HandCrafted,,,1725537101,603029727,"builtin_interfaces.msg.Time(sec=1725537090, nanosec=443030118)",120.0,Handcrafted_LabStudy,1,1,"-12.0,1.0,0.5","-0.0,0.0,-0.0,-1.0","12.0,-0.0,0.0","-0.0,0.0,-0.0,-1.0",23.922372817993164,23.927011489868164,4.0,0,0,0,0,0,0,0,0.09382136911153793,5.550890922546387,10.0,0.0,72.87901511226659,1.1978379487991333,
0,navstack-1725537082607,navstack,overtaking,HandCrafted,,,1725537101,623029232,"builtin_interfaces.msg.Time(sec=1725537090, nanosec=443030118)",120.0,Handcrafted_LabStudy,1,1,"-12.0,1.0,0.5","-0.0,0.0,-0.0,-1.0","12.0,-0.0,0.0","-0.0,0.0,-0.0,-1.0",23.917736053466797,23.927011489868164,4.0,0,0,0,0,0,0,0,0.09382136911153793,5.550890922546387,10.0,0.0,72.89063322357606,1.197927474975586,
0,navstack-1725537082607,navstack,overtaking,HandCrafted,,,1725537101,623029232,"builtin_interfaces.msg.Time(sec=1725537090, nanosec=443030118)",120.0,Handcrafted_LabStudy,1,1,"-12.0,1.0,0.5","-0.0,0.0,-0.0,-1.0","12.0,-0.0,0.0","-0.0,0.0,-0.0,-1.0",23.917736053466797,23.927011489868164,4.0,0,0,0,0,0,0,0,0.09382136911153793,5.550890922546387,10.0,0.0,72.89063322357606,1.197927474975586,
0,navstack-1725537082607,navstack,overtaking,HandCrafted,,,1725537101,643029689,"builtin_interfaces.msg.Time(sec=1725537090, nanosec=443030118)",120.0,Handcrafted_LabStudy,1,1,"-12.0,1.0,0.5","-0.0,0.0,-0.0,-1.0","12.0,-0.0,0.0","-0.0,0.0,-0.0,-1.0",23.91309928894043,23.927011489868164,4.0,0,0,0,0,0,0,0,0.09382136911153793,5.550890922546387,10.0,0.0,72.90888703451246,1.8345491886138916,
0,navstack-1725537082607,navstack,overtaking,HandCrafted,,,1725537101,643029689,"builtin_interfaces.msg.Time(sec=1725537090, nanosec=443030118)",120.0,Handcrafted_LabStudy,1,1,"-12.0,1.0,0.5","-0.0,0.0,-0.0,-1.0","12.0,-0.0,0.0","-0.0,0.0,-0.0,-1.0",23.91309928894043,23.927011489868164,4.0,0,0,0,0,0,0,0,0.09382136911153793,5.550890922546387,10.0,0.0,72.8663603076316,1.8345491886138916,
0,navstack-1725537082607,navstack,overtaking,HandCrafted,,,1725537101,663029193,"builtin_interfaces.msg.Time(sec=1725537090, nanosec=443030118)",120.0,Handcrafted_LabStudy,1,1,"-12.0,1.0,0.5","-0.0,0.0,-0.0,-1.0","12.0,-0.0,0.0","-0.0,0.0,-0.0,-1.0",23.908462524414062,23.927011489868164,4.0,0,0,0,0,0,0,0,0.09382136911153793,5.550890922546387,10.0,0.0,72.87727616031312,1.83418607711792,
0,navstack-1725537082607,navstack,overtaking,HandCrafted,,,1725537101,683029890,"builtin_interfaces.msg.Time(sec=1725537090, nanosec=443030118)",120.0,Handcrafted_LabStudy,1,1,"-12.0,1.0,0.5","-0.0,0.0,-0.0,-1.0","12.0,-0.0,0.0","-0.0,0.0,-0.0,-1.0",23.903827667236328,23.927011489868164,4.0,0,0,0,0,0,0,0,0.09382136911153793,5.550890922546387,10.0,0.0,72.90323683078184,0.0059257023967802525,
0,navstack-1725537082607,navstack,overtaking,HandCrafted,,,1725537101,703029394,"builtin_interfaces.msg.Time(sec=1725537090, nanosec=443030118)",120.0,Handcrafted_LabStudy,1,1,"-12.0,1.0,0.5","-0.0,0.0,-0.0,-1.0","12.0,-0.0,0.0","-0.0,0.0,-0.0,-1.0",23.899192810058594,23.927011489868164,4.0,0,0,0,0,0,0,0,0.09382136911153793,5.550890922546387,10.0,0.0,72.92392948137426,0.00579565716907382,
0,navstack-1725537082607,navstack,overtaking,HandCrafted,,,1725537101,703029394,"builtin_interfaces.msg.Time(sec=1725537090, nanosec=443030118)",120.0,Handcrafted_LabStudy,1,1,"-12.0,1.0,0.5","-0.0,0.0,-0.0,-1.0","12.0,-0.0,0.0","-0.0,0.0,-0.0,-1.0",23.899192810058594,23.927011489868164,4.0,0,0,0,0,0,0,0,0.09382136911153793,5.550890922546387,10.0,0.0,72.92392948137426,1.8341645002365112,
0,navstack-1725537082607,navstack,overtaking,HandCrafted,,,1725537101,723029851,"builtin_interfaces.msg.Time(sec=1725537090, nanosec=443030118)",120.0,Handcrafted_LabStudy,1,1,"-12.0,1.0,0.5","-0.0,0.0,-0.0,-1.0","12.0,-0.0,0.0","-0.0,0.0,-0.0,-1.0",23.894559860229492,23.927011489868164,4.0,0,0,0,0,0,0,0,0.09382136911153793,5.550890922546387,10.0,0.0,72.94482586803159,1.8338074684143066,
0,navstack-1725537082607,navstack,overtaking,HandCrafted,,,1725537101,743030309,"builtin_interfaces.msg.Time(sec=1725537090, nanosec=443030118)",120.0,Handcrafted_LabStudy,1,1,"-12.0,1.0,0.5","-0.0,0.0,-0.0,-1.0","12.0,-0.0,0.0","-0.0,0.0,-0.0,-1.0",23.889928817749023,23.927011489868164,4.0,0,0,0,0,0,0,0,0.09382136911153793,5.550890922546387,10.0,0.0,72.96411009879817,0.005875110160559416,
0,navstack-1725537082607,navstack,overtaking,HandCrafted,,,1725537101,743030309,"builtin_interfaces.msg.Time(sec=1725537090, nanosec=443030118)",120.0,Handcrafted_LabStudy,1,1,"-12.0,1.0,0.5","-0.0,0.0,-0.0,-1.0","12.0,-0.0,0.0","-0.0,0.0,-0.0,-1.0",23.889928817749023,23.927011489868164,4.0,0,0,0,0,0,0,0,0.09382136911153793,5.550890922546387,10.0,0.0,72.92700791132106,1.8330445289611816,
0,navstack-1725537082607,navstack,overtaking,HandCrafted,,,1725537101,763029813,"builtin_interfaces.msg.Time(sec=1725537090, nanosec=443030118)",120.0,Handcrafted_LabStudy,1,1,"-12.0,1.0,0.5","-0.0,0.0,-0.0,-1.0","12.0,-0.0,0.0","-0.0,0.0,-0.0,-1.0",23.885297775268555,23.927011489868164,4.0,0,0,0,0,0,0,0,0.09382136911153793,5.550890922546387,10.0,0.0,72.93946636598118,1.8334141969680786,
0,navstack-1725537082607,navstack,overtaking,HandCrafted,,,1725537101,763029813,"builtin_interfaces.msg.Time(sec=1725537090, nanosec=443030118)",120.0,Handcrafted_LabStudy,1,1,"-12.0,1.0,0.5","-0.0,0.0,-0.0,-1.0","12.0,-0.0,0.0","-0.0,0.0,-0.0,-1.0",23.885297775268555,23.927011489868164,4.0,0,0,0,0,0,0,0,0.09382136911153793,5.550890922546387,10.0,0.0,72.93946636598118,1.8334141969680786,
0,navstack-1725537082607,navstack,overtaking,HandCrafted,,,1725537101,783030271,"builtin_interfaces.msg.Time(sec=1725537090, nanosec=443030118)",120.0,Handcrafted_LabStudy,1,1,"-12.0,1.0,0.5","-0.0,0.0,-0.0,-1.0","12.0,-0.0,0.0","-0.0,0.0,-0.0,-1.0",23.88066864013672,23.927011489868164,4.0,0,0,0,0,0,0,0,0.09382136911153793,5.550890922546387,10.0,0.0,72.96068981853577,1.8345178365707397,
0,navstack-1725537082607,navstack,overtaking,HandCrafted,,,1725537101,783030271,"builtin_interfaces.msg.Time(sec=1725537090, nanosec=443030118)",120.0,Handcrafted_LabStudy,1,1,"-12.0,1.0,0.5","-0.0,0.0,-0.0,-1.0","12.0,-0.0,0.0","-0.0,0.0,-0.0,-1.0",23.88066864013672,23.927011489868164,4.0,0,0,0,0,0,0,0,0.09382136911153793,5.550890922546387,10.0,0.0,72.96068981853577,1.8345178365707397,
0,navstack-1725537082607,navstack,overtaking,HandCrafted,,,1725537101,803029775,"builtin_interfaces.msg.Time(sec=1725537090, nanosec=443030118)",120.0,Handcrafted_LabStudy,1,1,"-12.0,1.0,0.5","-0.0,0.0,-0.0,-1.0","12.0,-0.0,0.0","-0.0,0.0,-0.0,-1.0",23.87603759765625,23.927011489868164,4.0,0,0,0,0,0,0,0,0.09382136911153793,5.550890922546387,10.0,0.0,72.94383213190316,8.535712549928576e-05,
0,navstack-1725537082607,navstack,overtaking,HandCrafted,,,1725537101,823029994,"builtin_interfaces.msg.Time(sec=1725537090, nanosec=443030118)",120.0,Handcrafted_LabStudy,1,1,"-12.0,1.0,0.5","-0.0,0.0,-0.0,-1.0","12.0,-0.0,0.0","-0.0,0.0,-0.0,-1.0",23.871408462524414,23.927011489868164,4.0,0,0,0,0,0,0,0,0.09382136911153793,5.550890922546387,10.0,0.0,72.92513851541064,8.343008084921166e-05,
0,navstack-1725537082607,navstack,overtaking,HandCrafted,,,1725537101,823029994,"builtin_interfaces.msg.Time(sec=1725537090, nanosec=443030118)",120.0,Handcrafted_LabStudy,1,1,"-12.0,1.0,0.5","-0.0,0.0,-0.0,-1.0","12.0,-0.0,0.0","-0.0,0.0,-0.0,-1.0",23.871408462524414,23.927011489868164,4.0,0,0,0,0,0,0,0,0.09382136911153793,5.550890922546387,10.0,0.0,72.92513851541064,2.3283064365386963e-05,
0,navstack-1725537082607,navstack,overtaking,HandCrafted,,,1725537101,843029499,"builtin_interfaces.msg.Time(sec=1725537090, nanosec=443030118)",120.0,Handcrafted_LabStudy,1,1,"-12.0,1.0,0.5","-0.0,0.0,-0.0,-1.0","12.0,-0.0,0.0","-0.0,0.0,-0.0,-1.0",23.866777420043945,23.927011489868164,4.0,0,0,0,0,0,0,0,0.09382136911153793,5.550890922546387,10.0,0.0,72.91723145005105,0.6112706661224365,
0,navstack-1725537082607,navstack,overtaking,HandCrafted,,,1725537101,843029499,"builtin_interfaces.msg.Time(sec=1725537090, nanosec=443030118)",120.0,Handcrafted_LabStudy,1,1,"-12.0,1.0,0.5","-0.0,0.0,-0.0,-1.0","12.0,-0.0,0.0","-0.0,0.0,-0.0,-1.0",23.866777420043945,23.927011489868164,4.0,0,0,0,0,0,0,0,0.09382136911153793,5.550890922546387,10.0,0.0,72.91723145005105,0.6112706661224365,
0,navstack-1725537082607,navstack,overtaking,HandCrafted,,,1725537101,863029956,"builtin_interfaces.msg.Time(sec=1725537090, nanosec=443030118)",120.0,Handcrafted_LabStudy,1,1,"-12.0,1.0,0.5","-0.0,0.0,-0.0,-1.0","12.0,-0.0,0.0","-0.0,0.0,-0.0,-1.0",23.862150192260742,23.927011489868164,4.0,0,0,0,0,0,0,0,0.09382136911153793,5.550890922546387,10.0,0.0,72.90888740873906,0.6113916635513306,
0,navstack-1725537082607,navstack,overtaking,HandCrafted,,,1725537101,883029460,"builtin_interfaces.msg.Time(sec=1725537090, nanosec=443030118)",120.0,Handcrafted_LabStudy,1,1,"-12.0,1.0,0.5","-0.0,0.0,-0.0,-1.0","12.0,-0.0,0.0","-0.0,0.0,-0.0,-1.0",23.857521057128906,23.927011489868164,4.0,0,0,0,0,0,0,0,0.09382136911153793,5.550890922546387,10.0,0.0,72.90057162725432,0.0006999184843152761,
0,navstack-1725537082607,navstack,overtaking,HandCrafted,,,1725537101,883029460,"builtin_interfaces.msg.Time(sec=1725537090, nanosec=443030118)",120.0,Handcrafted_LabStudy,1,1,"-12.0,1.0,0.5","-0.0,0.0,-0.0,-1.0","12.0,-0.0,0.0","-0.0,0.0,-0.0,-1.0",23.857521057128906,23.927011489868164,4.0,0,0,0,0,0,0,0,0.09382136911153793,5.550890922546387,10.0,0.0,72.90057162725432,0.6111758351325989,
0,navstack-1725537082607,navstack,overtaking,HandCrafted,,,1725537101,903029918,"builtin_interfaces.msg.Time(sec=1725537090, nanosec=443030118)",120.0,Handcrafted_LabStudy,1,1,"-12.0,1.0,0.5","-0.0,0.0,-0.0,-1.0","12.0,-0.0,0.0","-0.0,0.0,-0.0,-1.0",23.852893829345703,23.927011489868164,4.0,0,0,0,0,0,0,0,0.09382136911153793,5.550890922546387,10.0,0.0,72.89260389894076,0.6111470460891724,
0,navstack-1725537082607,navstack,overtaking,HandCrafted,,,1725537101,923029422,"builtin_interfaces.msg.Time(sec=1725537090, nanosec=443030118)",120.0,Handcrafted_LabStudy,1,1,"-12.0,1.0,0.5","-0.0,0.0,-0.0,-1.0","12.0,-0.0,0.0","-0.0,0.0,-0.0,-1.0",23.8482666015625,23.927011489868164,4.0,0,0,0,0,0,0,0,0.09382136911153793,5.550890922546387,10.0,0.0,72.88306778364745,0.0065255495719611645,
0,navstack-1725537082607,navstack,overtaking,HandCrafted,,,1725537101,943030118,"builtin_interfaces.msg.Time(sec=1725537090, nanosec=443030118)",120.0,Handcrafted_LabStudy,1,1,"-12.0,1.0,0.5","-0.0,0.0,-0.0,-1.0","12.0,-0.0,0.0","-0.0,0.0,-0.0,-1.0",23.843637466430664,23.927011489868164,4.0,0,0,0,0,0,0,0,0.09382136911153793,5.550890922546387,10.0,0.0,72.87199744245541,0.007177887484431267,
0,navstack-1725537082607,navstack,overtaking,HandCrafted,,,1725537101,943030118,"builtin_interfaces.msg.Time(sec=1725537090, nanosec=443030118)",120.0,Handcrafted_LabStudy,1,1,"-12.0,1.0,0.5","-0.0,0.0,-0.0,-1.0","12.0,-0.0,0.0","-0.0,0.0,-0.0,-1.0",23.843637466430664,23.927011489868164,4.0,0,0,0,0,0,0,0,0.09382136911153793,5.550890922546387,10.0,0.0,72.87199744245541,0.6112768054008484,
0,navstack-1725537082607,navstack,overtaking,HandCrafted,,,1725537101,963029623,"builtin_interfaces.msg.Time(sec=1725537090, nanosec=443030118)",120.0,Handcrafted_LabStudy,1,1,"-12.0,1.0,0.5","-0.0,0.0,-0.0,-1.0","12.0,-0.0,0.0","-0.0,0.0,-0.0,-1.0",23.839012145996094,23.927011489868164,4.0,0,0,0,0,0,0,0,0.09382136911153793,5.550890922546387,10.0,0.0,72.88141895876241,1.8337994813919067,
0,navstack-1725537082607,navstack,overtaking,HandCrafted,,,1725537101,983030080,"builtin_interfaces.msg.Time(sec=1725537090, nanosec=443030118)",120.0,Handcrafted_LabStudy,1,1,"-12.0,1.0,0.5","-0.0,0.0,-0.0,-1.0","12.0,-0.0,0.0","-0.0,0.0,-0.0,-1.0",23.834388732910156,23.927011489868164,4.0,0,0,0,0,0,0,0,0.09382136911153793,5.550890922546387,10.0,0.0,72.89502475210017,0.005603467114269733,
0,navstack-1725537082607,navstack,overtaking,HandCrafted,,,1725537102,3029584,"builtin_interfaces.msg.Time(sec=1725537090, nanosec=443030118)",120.0,Handcrafted_LabStudy,1,1,"-12.0,1.0,0.5","-0.0,0.0,-0.0,-1.0","12.0,-0.0,0.0","-0.0,0.0,-0.0,-1.0",23.829761505126953,23.927011489868164,4.0,0,0,0,0,0,0,0,0.09382136911153793,5.550890922546387,10.0,0.0,72.87628153522091,1.8582370281219482,
0,navstack-1725537082607,navstack,overtaking,HandCrafted,,,1725537102,3029584,"builtin_interfaces.msg.Time(sec=1725537090, nanosec=443030118)",120.0,Handcrafted_LabStudy,1,1,"-12.0,1.0,0.5","-0.0,0.0,-0.0,-1.0","12.0,-0.0,0.0","-0.0,0.0,-0.0,-1.0",23.829761505126953,23.927011489868164,4.0,0,0,0,0,0,0,0,0.09382136911153793,5.550890922546387,10.0,0.0,72.90913028116844,0.024454623460769653,
0,navstack-1725537082607,navstack,overtaking,HandCrafted,,,1725537102,23030042,"builtin_interfaces.msg.Time(sec=1725537090, nanosec=443030118)",120.0,Handcrafted_LabStudy,1,1,"-12.0,1.0,0.5","-0.0,0.0,-0.0,-1.0","12.0,-0.0,0.0","-0.0,0.0,-0.0,-1.0",23.82513999938965,23.927011489868164,4.0,0,0,0,0,0,0,0,0.09382136911153793,5.550890922546387,10.0,0.0,72.89232618657634,0.025789452716708183,
0,navstack-1725537082607,navstack,overtaking,HandCrafted,,,1725537102,43029546,"builtin_interfaces.msg.Time(sec=1725537090, nanosec=443030118)",120.0,Handcrafted_LabStudy,1,1,"-12.0,1.0,0.5","-0.0,0.0,-0.0,-1.0","12.0,-0.0,0.0","-0.0,0.0,-0.0,-1.0",23.820514678955078,23.927011489868164,4.0,0,0,0,0,0,0,0,0.09382136911153793,5.550890922546387,10.0,0.0,72.88552475919805,0.6356402635574341,
0,navstack-1725537082607,navstack,overtaking,HandCrafted,,,1725537102,43029546,"builtin_interfaces.msg.Time(sec=1725537090, nanosec=443030118)",120.0,Handcrafted_LabStudy,1,1,"-12.0,1.0,0.5","-0.0,0.0,-0.0,-1.0","12.0,-0.0,0.0","-0.0,0.0,-0.0,-1.0",23.820514678955078,23.927011489868164,4.0,0,0,0,0,0,0,0,0.09382136911153793,5.550890922546387,10.0,0.0,72.88552475919805,0.6111812591552734,
0,navstack-1725537082607,navstack,overtaking,HandCrafted,,,1725537102,63030004,"builtin_interfaces.msg.Time(sec=1725537090, nanosec=443030118)",120.0,Handcrafted_LabStudy,1,1,"-12.0,1.0,0.5","-0.0,0.0,-0.0,-1.0","12.0,-0.0,0.0","-0.0,0.0,-0.0,-1.0",23.81589126586914,23.927011489868164,4.0,0,0,0,0,0,0,0,0.09382136911153793,5.550890922546387,10.0,0.0,72.87784093724606,0.6114102602005005,
0,navstack-1725537082607,navstack,overtaking,HandCrafted,,,1725537102,63030004,"builtin_interfaces.msg.Time(sec=1725537090, nanosec=443030118)",120.0,Handcrafted_LabStudy,1,1,"-12.0,1.0,0.5","-0.0,0.0,-0.0,-1.0","12.0,-0.0,0.0","-0.0,0.0,-0.0,-1.0",23.81589126586914,23.927011489868164,4.0,0,0,0,0,0,0,0,0.09382136911153793,5.550890922546387,10.0,0.0,72.87784093724606,0.6114102602005005,
0,navstack-1725537082607,navstack,overtaking,HandCrafted,,,1725537102,83029270,"builtin_interfaces.msg.Time(sec=1725537090, nanosec=443030118)",120.0,Handcrafted_LabStudy,1,1,"-12.0,1.0,0.5","-0.0,0.0,-0.0,-1.0","12.0,-0.0,0.0","-0.0,0.0,-0.0,-1.0",23.811267852783203,23.927011489868164,4.0,0,0,0,0,0,0,0,0.09382136911153793,5.550890922546387,10.0,0.0,72.86029051065724,0.6111273169517517,
0,navstack-1725537082607,navstack,overtaking,HandCrafted,,,1725537102,83029270,"builtin_interfaces.msg.Time(sec=1725537090, nanosec=443030118)",120.0,Handcrafted_LabStudy,1,1,"-12.0,1.0,0.5","-0.0,0.0,-0.0,-1.0","12.0,-0.0,0.0","-0.0,0.0,-0.0,-1.0",23.811267852783203,23.927011489868164,4.0,0,0,0,0,0,0,0,0.09382136911153793,5.550890922546387,10.0,0.0,72.86029051065724,0.6111273169517517,
0,navstack-1725537082607,navstack,overtaking,HandCrafted,,,1725537102,103029727,"builtin_interfaces.msg.Time(sec=1725537090, nanosec=443030118)",120.0,Handcrafted_LabStudy,1,1,"-12.0,1.0,0.5","-0.0,0.0,-0.0,-1.0","12.0,-0.0,0.0","-0.0,0.0,-0.0,-1.0",23.8066463470459,23.927011489868164,4.0,0,0,0,0,0,0,0,0.09382136911153793,5.550890922546387,10.0,0.0,72.84400437620457,0.6113779544830322,
0,navstack-1725537082607,navstack,overtaking,HandCrafted,,,1725537102,103029727,"builtin_interfaces.msg.Time(sec=1725537090, nanosec=443030118)",120.0,Handcrafted_LabStudy,1,1,"-12.0,1.0,0.5","-0.0,0.0,-0.0,-1.0","12.0,-0.0,0.0","-0.0,0.0,-0.0,-1.0",23.8066463470459,23.927011489868164,4.0,0,0,0,0,0,0,0,0.09382136911153793,5.550890922546387,10.0,0.0,72.84400437620457,0.6113779544830322,
0,navstack-1725537082607,navstack,overtaking,HandCrafted,,,1725537102,103029727,"builtin_interfaces.msg.Time(sec=1725537090, nanosec=443030118)",120.0,Handcrafted_LabStudy,1,1,"-12.0,1.0,0.5","-0.0,0.0,-0.0,-1.0","12.0,-0.0,0.0","-0.0,0.0,-0.0,-1.0",23.8066463470459,23.927011489868164,4.0,0,0,0,0,0,0,0,0.09382136911153793,5.550890922546387,10.0,0.0,72.84400437620457,0.0,
0,navstack-1725537082607,navstack,overtaking,HandCrafted,,,1725537102,123029232,"builtin_interfaces.msg.Time(sec=1725537090, nanosec=443030118)",120.0,Handcrafted_LabStudy,1,1,"-12.0,1.0,0.5","-0.0,0.0,-0.0,-1.0","12.0,-0.0,0.0","-0.0,0.0,-0.0,-1.0",23.80202293395996,23.927011489868164,4.0,0,0,0,0,0,0,0,0.09382136911153793,5.550890922546387,10.0,0.0,72.82602318650525,0.6103938817977905,
0,navstack-1725537082607,navstack,overtaking,HandCrafted,,,1725537102,123029232,"builtin_interfaces.msg.Time(sec=1725537090, nanosec=443030118)",120.0,Handcrafted_LabStudy,1,1,"-12.0,1.0,0.5","-0.0,0.0,-0.0,-1.0","12.0,-0.0,0.0","-0.0,0.0,-0.0,-1.0",23.80202293395996,23.927011489868164,4.0,0,0,0,0,0,0,0,0.09382136911153793,5.550890922546387,10.0,0.0,72.85697982863343,0.6103938817977905,
0,navstack-1725537082607,navstack,overtaking,HandCrafted,,,1725537102,143029689,"builtin_interfaces.msg.Time(sec=1725537090, nanosec=443030118)",120.0,Handcrafted_LabStudy,1,1,"-12.0,1.0,0.5","-0.0,0.0,-0.0,-1.0","12.0,-0.0,0.0","-0.0,0.0,-0.0,-1.0",23.79740333557129,23.927011489868164,4.0,0,0,0,0,0,0,0,0.09382136911153793,5.550890922546387,10.0,0.0,72.87020258415765,1.834923267364502,
0,navstack-1725537082607,navstack,overtaking,HandCrafted,,,1725537102,143029689,"builtin_interfaces.msg.Time(sec=1725537090, nanosec=443030118)",120.0,Handcrafted_LabStudy,1,1,"-12.0,1.0,0.5","-0.0,0.0,-0.0,-1.0","12.0,-0.0,0.0","-0.0,0.0,-0.0,-1.0",23.79740333557129,23.927011489868164,4.0,0,0,0,0,0,0,0,0.09382136911153793,5.550890922546387,10.0,0.0,72.87020258415765,1.834923267364502,
0,navstack-1725537082607,navstack,overtaking,HandCrafted,,,1725537102,163029193,"builtin_interfaces.msg.Time(sec=1725537090, nanosec=443030118)",120.0,Handcrafted_LabStudy,1,1,"-12.0,1.0,0.5","-0.0,0.0,-0.0,-1.0","12.0,-0.0,0.0","-0.0,0.0,-0.0,-1.0",23.79278564453125,23.927011489868164,4.0,0,0,0,0,0,0,0,0.09382136911153793,5.550890922546387,10.0,0.0,72.87394239356217,1.8326830863952637,
0,navstack-1725537082607,navstack,overtaking,HandCrafted,,,1725537102,183029890,"builtin_interfaces.msg.Time(sec=1725537090, nanosec=443030118)",120.0,Handcrafted_LabStudy,1,1,"-12.0,1.0,0.5","-0.0,0.0,-0.0,-1.0","12.0,-0.0,0.0","-0.0,0.0,-0.0,-1.0",23.78816795349121,23.927011489868164,4.0,0,0,0,0,0,0,0,0.09382136911153793,5.550890922546387,10.0,0.0,72.86623205182568,0.008530995808541775,
0,navstack-1725537082607,navstack,overtaking,HandCrafted,,,1725537102,203029394,"builtin_interfaces.msg.Time(sec=1725537090, nanosec=443030118)",120.0,Handcrafted_LabStudy,1,1,"-12.0,1.0,0.5","-0.0,0.0,-0.0,-1.0","12.0,-0.0,0.0","-0.0,0.0,-0.0,-1.0",23.783552169799805,23.927011489868164,4.0,0,0,0,0,0,0,0,0.09382136911153793,5.550890922546387,10.0,0.0,72.91028404563761,0.0057750483974814415,
0,navstack-1725537082607,navstack,overtaking,HandCrafted,,,1725537102,223029851,"builtin_interfaces.msg.Time(sec=1725537090, nanosec=443030118)",120.0,Handcrafted_LabStudy,1,1,"-12.0,1.0,0.5","-0.0,0.0,-0.0,-1.0","12.0,-0.0,0.0","-0.0,0.0,-0.0,-1.0",23.77893829345703,23.927011489868164,4.0,0,0,0,0,0,0,0,0.09382136911153793,5.550890922546387,10.0,0.0,72.90567912474867,0.008616626262664795,
0,navstack-1725537082607,navstack,overtaking,HandCrafted,,,1725537102,223029851,"builtin_interfaces.msg.Time(sec=1725537090, nanosec=443030118)",120.0,Handcrafted_LabStudy,1,1,"-12.0,1.0,0.5","-0.0,0.0,-0.0,-1.0","12.0,-0.0,0.0","-0.0,0.0,-0.0,-1.0",23.77893829345703,23.927011489868164,4.0,0,0,0,0,0,0,0,0.09382136911153793,5.550890922546387,10.0,0.0,72.90567912474867,1.8349086046218872,
0,navstack-1725537082607,navstack,overtaking,HandCrafted,,,1725537102,243030309,"builtin_interfaces.msg.Time(sec=1725537090, nanosec=443030118)",120.0,Handcrafted_LabStudy,1,1,"-12.0,1.0,0.5","-0.0,0.0,-0.0,-1.0","12.0,-0.0,0.0","-0.0,0.0,-0.0,-1.0",23.77432632446289,23.927011489868164,4.0,0,0,0,0,0,0,0,0.09382136911153793,5.550890922546387,10.0,0.0,72.91564486944525,1.8333944082260132,
0,navstack-1725537082607,navstack,overtaking,HandCrafted,,,1725537102,263029813,"builtin_interfaces.msg.Time(sec=1725537090, nanosec=443030118)",120.0,Handcrafted_LabStudy,1,1,"-12.0,1.0,0.5","-0.0,0.0,-0.0,-1.0","12.0,-0.0,0.0","-0.0,0.0,-0.0,-1.0",23.76971435546875,23.927011489868164,4.0,0,0,0,0,0,0,0,0.09382136911153793,5.550890922546387,10.0,0.0,72.94080141380778,1.833412766456604,
0,navstack-1725537082607,navstack,overtaking,HandCrafted,,,1725537102,283030271,"builtin_interfaces.msg.Time(sec=1725537090, nanosec=443030118)",120.0,Handcrafted_LabStudy,1,1,"-12.0,1.0,0.5","-0.0,0.0,-0.0,-1.0","12.0,-0.0,0.0","-0.0,0.0,-0.0,-1.0",23.76510238647461,23.927011489868164,4.0,0,0,0,0,0,0,0,0.09382136911153793,5.550890922546387,10.0,0.0,72.9000337567902,0.00024499272694811225,
0,navstack-1725537082607,navstack,overtaking,HandCrafted,,,1725537102,283030271,"builtin_interfaces.msg.Time(sec=1725537090, nanosec=443030118)",120.0,Handcrafted_LabStudy,1,1,"-12.0,1.0,0.5","-0.0,0.0,-0.0,-1.0","12.0,-0.0,0.0","-0.0,0.0,-0.0,-1.0",23.76510238647461,23.927011489868164,4.0,0,0,0,0,0,0,0,0.09382136911153793,5.550890922546387,10.0,0.0,72.92785236753124,0.0002634177799336612,
0,navstack-1725537082607,navstack,overtaking,HandCrafted,,,1725537102,303029775,"builtin_interfaces.msg.Time(sec=1725537090, nanosec=443030118)",120.0,Handcrafted_LabStudy,1,1,"-12.0,1.0,0.5","-0.0,0.0,-0.0,-1.0","12.0,-0.0,0.0","-0.0,0.0,-0.0,-1.0",23.76049041748047,23.927011489868164,4.0,0,0,0,0,0,0,0,0.09382136911153793,5.550890922546387,10.0,0.0,72.92363506924839,0.6113753318786621,
0,navstack-1725537082607,navstack,overtaking,HandCrafted,,,1725537102,323029994,"builtin_interfaces.msg.Time(sec=1725537090, nanosec=443030118)",120.0,Handcrafted_LabStudy,1,1,"-12.0,1.0,0.5","-0.0,0.0,-0.0,-1.0","12.0,-0.0,0.0","-0.0,0.0,-0.0,-1.0",23.755878448486328,23.927011489868164,4.0,0,0,0,0,0,0,0,0.09382136911153793,5.550890922546387,10.0,0.0,72.89134775757321,0.000662287580780685,
0,navstack-1725537082607,navstack,overtaking,HandCrafted,,,1725537102,363029956,"builtin_interfaces.msg.Time(sec=1725537090, nanosec=443030118)",120.0,Handcrafted_LabStudy,1,1,"-12.0,1.0,0.5","-0.0,0.0,-0.0,-1.0","12.0,-0.0,0.0","-0.0,0.0,-0.0,-1.0",23.746662139892578,23.927011489868164,4.0,0,0,0,0,0,0,0,0.09382136911153793,5.550890922546387,10.0,0.0,72.90576638651689,3.055455446243286,
0,navstack-1725537082607,navstack,overtaking,HandCrafted,,,1725537102,363029956,"builtin_interfaces.msg.Time(sec=1725537090, nanosec=443030118)",120.0,Handcrafted_LabStudy,1,1,"-12.0,1.0,0.5","-0.0,0.0,-0.0,-1.0","12.0,-0.0,0.0","-0.0,0.0,-0.0,-1.0",23.746662139892578,23.927011489868164,4.0,0,0,0,0,0,0,0,0.09382136911153793,5.550890922546387,10.0,0.0,72.93180791793294,3.6672074794769287,
0,navstack-1725537082607,navstack,overtaking,HandCrafted,,,1725537102,383029460,"builtin_interfaces.msg.Time(sec=1725537090, nanosec=443030118)",120.0,Handcrafted_LabStudy,1,1,"-12.0,1.0,0.5","-0.0,0.0,-0.0,-1.0","12.0,-0.0,0.0","-0.0,0.0,-0.0,-1.0",23.742055892944336,23.927011489868164,4.0,0,0,0,0,0,0,0,0.09382136911153793,5.550890922546387,10.0,0.0,72.95040585880756,1.8337947130203247,
0,navstack-1725537082607,navstack,overtaking,HandCrafted,,,1725537102,423029422,"builtin_interfaces.msg.Time(sec=1725537090, nanosec=443030118)",120.0,Handcrafted_LabStudy,1,1,"-12.0,1.0,0.5","-0.0,0.0,-0.0,-1.0","12.0,-0.0,0.0","-0.0,0.0,-0.0,-1.0",23.732852935791016,23.927011489868164,4.0,0,0,0,0,0,0,0,0.09382136911153793,5.550890922546387,10.0,0.0,72.96506947745682,1.83384108543396,
0,navstack-1725537082607,navstack,overtaking,HandCrafted,,,1725537102,423029422,"builtin_interfaces.msg.Time(sec=1725537090, nanosec=443030118)",120.0,Handcrafted_LabStudy,1,1,"-12.0,1.0,0.5","-0.0,0.0,-0.0,-1.0","12.0,-0.0,0.0","-0.0,0.0,-0.0,-1.0",23.732852935791016,23.927011489868164,4.0,0,0,0,0,0,0,0,0.09382136911153793,5.550890922546387,10.0,0.0,72.98974429448313,3.66760516166687,
0,navstack-1725537082607,navstack,overtaking,HandCrafted,,,1725537102,443030118,"builtin_interfaces.msg.Time(sec=1725537090, nanosec=443030118)",120.0,Handcrafted_LabStudy,1,1,"-12.0,1.0,0.5","-0.0,0.0,-0.0,-1.0","12.0,-0.0,0.0","-0.0,0.0,-0.0,-1.0",23.728252410888672,23.927011489868164,4.0,0,0,0,0,0,0,0,0.09382136911153793,5.550890922546387,10.0,0.0,73.01052109744413,1.8341468572616577,
0,navstack-1725537082607,navstack,overtaking,HandCrafted,,,1725537102,463029623,"builtin_interfaces.msg.Time(sec=1725537090, nanosec=443030118)",120.0,Handcrafted_LabStudy,1,1,"-12.0,1.0,0.5","-0.0,0.0,-0.0,-1.0","12.0,-0.0,0.0","-0.0,0.0,-0.0,-1.0",23.723655700683594,23.927011489868164,4.0,0,0,0,0,0,0,0,0.09382136911153793,5.550890922546387,10.0,0.0,73.02141141911024,0.005938070826232433,
0,navstack-1725537082607,navstack,overtaking,HandCrafted,,,1725537102,483030080,"builtin_interfaces.msg.Time(sec=1725537090, nanosec=443030118)",120.0,Handcrafted_LabStudy,1,1,"-12.0,1.0,0.5","-0.0,0.0,-0.0,-1.0","12.0,-0.0,0.0","-0.0,0.0,-0.0,-1.0",23.71906089782715,23.927011489868164,4.0,0,0,0,0,0,0,0,0.09382136911153793,5.550890922546387,10.0,0.0,73.0323265394726,0.005808825604617596,
0,navstack-1725537082607,navstack,overtaking,HandCrafted,,,1725537102,503029584,"builtin_interfaces.msg.Time(sec=1725537090, nanosec=443030118)",120.0,Handcrafted_LabStudy,1,1,"-12.0,1.0,0.5","-0.0,0.0,-0.0,-1.0","12.0,-0.0,0.0","-0.0,0.0,-0.0,-1.0",23.714468002319336,23.927011489868164,4.0,0,0,0,0,0,0,0,0.09382136911153793,5.550890922546387,10.0,0.0,73.06364615916817,1.2226778268814087,
0,navstack-1725537082607,navstack,overtaking,HandCrafted,,,1725537102,523030042,"builtin_interfaces.msg.Time(sec=1725537090, nanosec=443030118)",120.0,Handcrafted_LabStudy,1,1,"-12.0,1.0,0.5","-0.0,0.0,-0.0,-1.0","12.0,-0.0,0.0","-0.0,0.0,-0.0,-1.0",23.70987319946289,23.927011489868164,4.0,0,0,0,0,0,0,0,0.09382136911153793,5.550890922546387,10.0,0.0,73.03986084093236,0.010727817192673683,
0,navstack-1725537082607,navstack,overtaking,HandCrafted,,,1725537102,543029546,"builtin_interfaces.msg.Time(sec=1725537090, nanosec=443030118)",120.0,Handcrafted_LabStudy,1,1,"-12.0,1.0,0.5","-0.0,0.0,-0.0,-1.0","12.0,-0.0,0.0","-0.0,0.0,-0.0,-1.0",23.705280303955078,23.927011489868164,4.0,0,0,0,0,0,0,0,0.09382136911153793,5.550890922546387,10.0,0.0,73.06152853897018,0.004900854546576738,
0,navstack-1725537082607,navstack,overtaking,HandCrafted,,,1725537102,563030004,"builtin_interfaces.msg.Time(sec=1725537090, nanosec=443030118)",120.0,Handcrafted_LabStudy,1,1,"-12.0,1.0,0.5","-0.0,0.0,-0.0,-1.0","12.0,-0.0,0.0","-0.0,0.0,-0.0,-1.0",23.700687408447266,23.927011489868164,4.0,0,0,0,0,0,0,0,0.09382136911153793,5.550890922546387,10.0,0.0,73.03886777708743,0.003167496295645833,
0,navstack-1725537082607,navstack,overtaking,HandCrafted,,,1725537102,583029270,"builtin_interfaces.msg.Time(sec=1725537090, nanosec=443030118)",120.0,Handcrafted_LabStudy,1,1,"-12.0,1.0,0.5","-0.0,0.0,-0.0,-1.0","12.0,-0.0,0.0","-0.0,0.0,-0.0,-1.0",23.696460723876953,23.927011489868164,4.0,0,0,0,0,0,0,0,0.09382136911153793,5.550890922546387,10.0,0.0,79.36410055559931,46.05684280395508,
0,navstack-1725537082607,navstack,overtaking,HandCrafted,,,1725537102,603029727,"builtin_interfaces.msg.Time(sec=1725537090, nanosec=443030118)",120.0,Handcrafted_LabStudy,1,1,"-12.0,1.0,0.5","-0.0,0.0,-0.0,-1.0","12.0,-0.0,0.0","-0.0,0.0,-0.0,-1.0",23.692232131958008,23.696460723876953,4.0,0,0,0,0,0,0,0,0.3256460651755333,10.96901273727417,10.0,0.0,79.30503095686281,46.0864143371582,
0,navstack-1725537082607,navstack,overtaking,HandCrafted,,,1725537102,623029232,"builtin_interfaces.msg.Time(sec=1725537090, nanosec=443030118)",120.0,Handcrafted_LabStudy,1,1,"-12.0,1.0,0.5","-0.0,0.0,-0.0,-1.0","12.0,-0.0,0.0","-0.0,0.0,-0.0,-1.0",23.687637329101562,23.696460723876953,4.0,0,0,0,0,0,0,0,0.3256460651755333,10.96901273727417,10.0,0.0,72.96169205580354,46.050132751464844,
0,navstack-1725537082607,navstack,overtaking,HandCrafted,,,1725537102,643029689,"builtin_interfaces.msg.Time(sec=1725537090, nanosec=443030118)",120.0,Handcrafted_LabStudy,1,1,"-12.0,1.0,0.5","-0.0,0.0,-0.0,-1.0","12.0,-0.0,0.0","-0.0,0.0,-0.0,-1.0",23.683042526245117,23.696460723876953,4.0,0,0,0,0,0,0,0,0.3256460651755333,10.96901273727417,10.0,0.0,72.94786000213986,46.06089782714844,
0,navstack-1725537082607,navstack,overtaking,HandCrafted,,,1725537102,643029689,"builtin_interfaces.msg.Time(sec=1725537090, nanosec=443030118)",120.0,Handcrafted_LabStudy,1,1,"-12.0,1.0,0.5","-0.0,0.0,-0.0,-1.0","12.0,-0.0,0.0","-0.0,0.0,-0.0,-1.0",23.683042526245117,23.696460723876953,4.0,0,0,0,0,0,0,0,0.3256460651755333,10.96901273727417,10.0,0.0,72.94786000213986,1.8337733745574951,
0,navstack-1725537082607,navstack,overtaking,HandCrafted,,,1725537102,663029193,"builtin_interfaces.msg.Time(sec=1725537090, nanosec=443030118)",120.0,Handcrafted_LabStudy,1,1,"-12.0,1.0,0.5","-0.0,0.0,-0.0,-1.0","12.0,-0.0,0.0","-0.0,0.0,-0.0,-1.0",23.678443908691406,23.696460723876953,4.0,0,0,0,0,0,0,0,0.3256460651755333,10.96901273727417,10.0,0.0,72.89254771888184,1.8341745138168335,
0,navstack-1725537082607,navstack,overtaking,HandCrafted,,,1725537102,683029890,"builtin_interfaces.msg.Time(sec=1725537090, nanosec=443030118)",120.0,Handcrafted_LabStudy,1,1,"-12.0,1.0,0.5","-0.0,0.0,-0.0,-1.0","12.0,-0.0,0.0","-0.0,0.0,-0.0,-1.0",23.673843383789062,23.696460723876953,4.0,0,0,0,0,0,0,0,0.3256460651755333,10.96901273727417,10.0,0.0,72.83276116440132,0.005144551862031221,
0,navstack-1725537082607,navstack,overtaking,HandCrafted,,,1725537102,683029890,"builtin_interfaces.msg.Time(sec=1725537090, nanosec=443030118)",120.0,Handcrafted_LabStudy,1,1,"-12.0,1.0,0.5","-0.0,0.0,-0.0,-1.0","12.0,-0.0,0.0","-0.0,0.0,-0.0,-1.0",23.673843383789062,23.696460723876953,4.0,0,0,0,0,0,0,0,0.3256460651755333,10.96901273727417,10.0,0.0,72.83276116440132,1.8338022232055664,
0,navstack-1725537082607,navstack,overtaking,HandCrafted,,,1725537102,703029394,"builtin_interfaces.msg.Time(sec=1725537090, nanosec=443030118)",120.0,Handcrafted_LabStudy,1,1,"-12.0,1.0,0.5","-0.0,0.0,-0.0,-1.0","12.0,-0.0,0.0","-0.0,0.0,-0.0,-1.0",23.66924285888672,23.696460723876953,4.0,0,0,0,0,0,0,0,0.3256460651755333,10.96901273727417,10.0,0.0,72.8133817306246,0.0,
0,navstack-1725537082607,navstack,overtaking,HandCrafted,,,1725537102,723029851,"builtin_interfaces.msg.Time(sec=1725537090, nanosec=443030118)",120.0,Handcrafted_LabStudy,1,1,"-12.0,1.0,0.5","-0.0,0.0,-0.0,-1.0","12.0,-0.0,0.0","-0.0,0.0,-0.0,-1.0",23.664640426635742,23.696460723876953,4.0,0,0,0,0,0,0,0,0.3256460651755333,10.96901273727417,10.0,0.0,72.79300437539513,5.587935447692871e-05,
0,navstack-1725537082607,navstack,overtaking,HandCrafted,,,1725537102,723029851,"builtin_interfaces.msg.Time(sec=1725537090, nanosec=443030118)",120.0,Handcrafted_LabStudy,1,1,"-12.0,1.0,0.5","-0.0,0.0,-0.0,-1.0","12.0,-0.0,0.0","-0.0,0.0,-0.0,-1.0",23.664640426635742,23.696460723876953,4.0,0,0,0,0,0,0,0,0.3256460651755333,10.96901273727417,10.0,0.0,72.81815924602157,5.587935447692871e-05,
0,navstack-1725537082607,navstack,overtaking,HandCrafted,,,1725537102,743030309,"builtin_interfaces.msg.Time(sec=1725537090, nanosec=443030118)",120.0,Handcrafted_LabStudy,1,1,"-12.0,1.0,0.5","-0.0,0.0,-0.0,-1.0","12.0,-0.0,0.0","-0.0,0.0,-0.0,-1.0",23.6600399017334,23.696460723876953,4.0,0,0,0,0,0,0,0,0.3256460651755333,10.96901273727417,10.0,0.0,72.80421306525953,0.0,
0,navstack-1725537082607,navstack,overtaking,HandCrafted,,,1725537102,763029813,"builtin_interfaces.msg.Time(sec=1725537090, nanosec=443030118)",120.0,Handcrafted_LabStudy,1,1,"-12.0,1.0,0.5","-0.0,0.0,-0.0,-1.0","12.0,-0.0,0.0","-0.0,0.0,-0.0,-1.0",23.655441284179688,23.696460723876953,4.0,0,0,0,0,0,0,0,0.3256460651755333,10.96901273727417,10.0,0.0,72.78459519871096,5.2683561079902574e-05,
0,navstack-1725537082607,navstack,overtaking,HandCrafted,,,1725537102,763029813,"builtin_interfaces.msg.Time(sec=1725537090, nanosec=443030118)",120.0,Handcrafted_LabStudy,1,1,"-12.0,1.0,0.5","-0.0,0.0,-0.0,-1.0","12.0,-0.0,0.0","-0.0,0.0,-0.0,-1.0",23.655441284179688,23.696460723876953,4.0,0,0,0,0,0,0,0,0.3256460651755333,10.96901273727417,10.0,0.0,72.78459519871096,5.2683561079902574e-05,
0,navstack-1725537082607,navstack,overtaking,HandCrafted,,,1725537102,783030271,"builtin_interfaces.msg.Time(sec=1725537090, nanosec=443030118)",120.0,Handcrafted_LabStudy,1,1,"-12.0,1.0,0.5","-0.0,0.0,-0.0,-1.0","12.0,-0.0,0.0","-0.0,0.0,-0.0,-1.0",23.651203155517578,23.696460723876953,4.0,0,0,0,0,0,0,0,0.3256460651755333,10.96901273727417,10.0,0.0,79.0482575837838,46.05272674560547,
0,navstack-1725537082607,navstack,overtaking,HandCrafted,,,1725537102,803029775,"builtin_interfaces.msg.Time(sec=1725537090, nanosec=443030118)",120.0,Handcrafted_LabStudy,1,1,"-12.0,1.0,0.5","-0.0,0.0,-0.0,-1.0","12.0,-0.0,0.0","-0.0,0.0,-0.0,-1.0",23.6469669342041,23.696460723876953,4.0,0,0,0,0,0,0,0,0.3256460651755333,10.96901273727417,10.0,0.0,78.99907831361544,46.08187484741211,
0,navstack-1725537082607,navstack,overtaking,HandCrafted,,,1725537102,803029775,"builtin_interfaces.msg.Time(sec=1725537090, nanosec=443030118)",120.0,Handcrafted_LabStudy,1,1,"-12.0,1.0,0.5","-0.0,0.0,-0.0,-1.0","12.0,-0.0,0.0","-0.0,0.0,-0.0,-1.0",23.6469669342041,23.696460723876953,4.0,0,0,0,0,0,0,0,0.3256460651755333,10.96901273727417,10.0,0.0,78.99907831361544,1.687976598739624,
0,navstack-1725537082607,navstack,overtaking,HandCrafted,,,1725537102,823029994,"builtin_interfaces.msg.Time(sec=1725537090, nanosec=443030118)",120.0,Handcrafted_LabStudy,1,1,"-12.0,1.0,0.5","-0.0,0.0,-0.0,-1.0","12.0,-0.0,0.0","-0.0,0.0,-0.0,-1.0",23.642724990844727,23.696460723876953,4.0,0,0,0,0,0,0,0,0.3256460651755333,10.96901273727417,10.0,0.0,78.93395508873597,1.6883412599563599,
0,navstack-1725537082607,navstack,overtaking,HandCrafted,,,1725537102,843029499,"builtin_interfaces.msg.Time(sec=1725537090, nanosec=443030118)",120.0,Handcrafted_LabStudy,1,1,"-12.0,1.0,0.5","-0.0,0.0,-0.0,-1.0","12.0,-0.0,0.0","-0.0,0.0,-0.0,-1.0",23.63848876953125,23.696460723876953,4.0,0,0,0,0,0,0,0,0.3256460651755333,10.96901273727417,10.0,0.0,78.9487500883368,1.7108336687088013,
0,navstack-1725537082607,navstack,overtaking,HandCrafted,,,1725537102,863029956,"builtin_interfaces.msg.Time(sec=1725537090, nanosec=443030118)",120.0,Handcrafted_LabStudy,1,1,"-12.0,1.0,0.5","-0.0,0.0,-0.0,-1.0","12.0,-0.0,0.0","-0.0,0.0,-0.0,-1.0",23.634246826171875,23.696460723876953,4.0,0,0,0,0,0,0,0,0.3256460651755333,10.96901273727417,10.0,0.0,78.9275289282004,0.003521778853610158,
0,navstack-1725537082607,navstack,overtaking,HandCrafted,,,1725537102,883029460,"builtin_interfaces.msg.Time(sec=1725537090, nanosec=443030118)",120.0,Handcrafted_LabStudy,1,1,"-12.0,1.0,0.5","-0.0,0.0,-0.0,-1.0","12.0,-0.0,0.0","-0.0,0.0,-0.0,-1.0",23.6296443939209,23.696460723876953,4.0,0,0,0,0,0,0,0,0.3256460651755333,10.96901273727417,10.0,0.0,72.66328939933186,46.046478271484375,
0,navstack-1725537082607,navstack,overtaking,HandCrafted,,,1725537102,903029918,"builtin_interfaces.msg.Time(sec=1725537090, nanosec=443030118)",120.0,Handcrafted_LabStudy,1,1,"-12.0,1.0,0.5","-0.0,0.0,-0.0,-1.0","12.0,-0.0,0.0","-0.0,0.0,-0.0,-1.0",23.625036239624023,23.696460723876953,4.0,0,0,0,0,0,0,0,0.3256460651755333,10.96901273727417,10.0,0.0,72.61518624455314,46.089622497558594,
0,navstack-1725537082607,navstack,overtaking,HandCrafted,,,1725537102,923029422,"builtin_interfaces.msg.Time(sec=1725537090, nanosec=443030118)",120.0,Handcrafted_LabStudy,1,1,"-12.0,1.0,0.5","-0.0,0.0,-0.0,-1.0","12.0,-0.0,0.0","-0.0,0.0,-0.0,-1.0",23.62042999267578,23.696460723876953,4.0,0,0,0,0,0,0,0,0.3256460651755333,10.96901273727417,10.0,0.0,72.5682889800385,0.005579803604632616,
0,navstack-1725537082607,navstack,overtaking,HandCrafted,,,1725537102,943030118,"builtin_interfaces.msg.Time(sec=1725537090, nanosec=443030118)",120.0,Handcrafted_LabStudy,1,1,"-12.0,1.0,0.5","-0.0,0.0,-0.0,-1.0","12.0,-0.0,0.0","-0.0,0.0,-0.0,-1.0",23.61581802368164,23.696460723876953,4.0,0,0,0,0,0,0,0,0.3256460651755333,10.96901273727417,10.0,0.0,72.56071371395078,0.005226039327681065,
0,navstack-1725537082607,navstack,overtaking,HandCrafted,,,1725537102,963029623,"builtin_interfaces.msg.Time(sec=1725537090, nanosec=443030118)",120.0,Handcrafted_LabStudy,1,1,"-12.0,1.0,0.5","-0.0,0.0,-0.0,-1.0","12.0,-0.0,0.0","-0.0,0.0,-0.0,-1.0",23.6112060546875,23.696460723876953,4.0,0,0,0,0,0,0,0,0.3256460651755333,10.96901273727417,10.0,0.0,72.52186946530172,0.007024030666798353,
0,navstack-1725537082607,navstack,overtaking,HandCrafted,,,1725537102,983030080,"builtin_interfaces.msg.Time(sec=1725537090, nanosec=443030118)",120.0,Handcrafted_LabStudy,1,1,"-12.0,1.0,0.5","-0.0,0.0,-0.0,-1.0","12.0,-0.0,0.0","-0.0,0.0,-0.0,-1.0",23.60696029663086,23.696460723876953,4.0,0,0,0,0,0,0,0,0.3256460651755333,10.96901273727417,10.0,0.0,78.74634203783327,46.05918884277344,
0,navstack-1725537082607,navstack,overtaking,HandCrafted,,,1725537103,3029584,"builtin_interfaces.msg.Time(sec=1725537090, nanosec=443030118)",120.0,Handcrafted_LabStudy,1,1,"-12.0,1.0,0.5","-0.0,0.0,-0.0,-1.0","12.0,-0.0,0.0","-0.0,0.0,-0.0,-1.0",23.602710723876953,23.696460723876953,4.0,0,0,0,0,0,0,0,0.3256460651755333,10.96901273727417,10.0,0.0,78.72221722708255,46.04806137084961,
0,navstack-1725537082607,navstack,overtaking,HandCrafted,,,1725537103,23030042,"builtin_interfaces.msg.Time(sec=1725537090, nanosec=443030118)",120.0,Handcrafted_LabStudy,1,1,"-12.0,1.0,0.5","-0.0,0.0,-0.0,-1.0","12.0,-0.0,0.0","-0.0,0.0,-0.0,-1.0",23.598461151123047,23.696460723876953,4.0,0,0,0,0,0,0,0,0.3256460651755333,10.96901273727417,10.0,0.0,78.70471085463245,0.0053452481515705585,
0,navstack-1725537082607,navstack,overtaking,HandCrafted,,,1725537103,43029546,"builtin_interfaces.msg.Time(sec=1725537090, nanosec=443030118)",120.0,Handcrafted_LabStudy,1,1,"-12.0,1.0,0.5","-0.0,0.0,-0.0,-1.0","12.0,-0.0,0.0","-0.0,0.0,-0.0,-1.0",23.594209671020508,23.696460723876953,4.0,0,0,0,0,0,0,0,0.3256460651755333,10.96901273727417,10.0,0.0,78.68456313804086,0.006305982358753681,
0,navstack-1725537082607,navstack,overtaking,HandCrafted,,,1725537103,63030004,"builtin_interfaces.msg.Time(sec=1725537090, nanosec=443030118)",120.0,Handcrafted_LabStudy,1,1,"-12.0,1.0,0.5","-0.0,0.0,-0.0,-1.0","12.0,-0.0,0.0","-0.0,0.0,-0.0,-1.0",23.58995246887207,23.696460723876953,4.0,0,0,0,0,0,0,0,0.3256460651755333,10.96901273727417,10.0,0.0,78.62535009572376,0.01753007434308529,
0,navstack-1725537082607,navstack,overtaking,HandCrafted,,,1725537103,63030004,"builtin_interfaces.msg.Time(sec=1725537090, nanosec=443030118)",120.0,Handcrafted_LabStudy,1,1,"-12.0,1.0,0.5","-0.0,0.0,-0.0,-1.0","12.0,-0.0,0.0","-0.0,0.0,-0.0,-1.0",23.58995246887207,23.696460723876953,4.0,0,0,0,0,0,0,0,0.3256460651755333,10.96901273727417,10.0,0.0,78.62535009572376,1.6868690252304077,
0,navstack-1725537082607,navstack,overtaking,HandCrafted,,,1725537103,63030004,"builtin_interfaces.msg.Time(sec=1725537090, nanosec=443030118)",120.0,Handcrafted_LabStudy,1,1,"-12.0,1.0,0.5","-0.0,0.0,-0.0,-1.0","12.0,-0.0,0.0","-0.0,0.0,-0.0,-1.0",23.58995246887207,23.696460723876953,4.0,0,0,0,0,0,0,0,0.3256460651755333,10.96901273727417,10.0,0.0,78.62535009572376,0.0,
0,navstack-1725537082607,navstack,overtaking,HandCrafted,,,1725537103,83029270,"builtin_interfaces.msg.Time(sec=1725537090, nanosec=443030118)",120.0,Handcrafted_LabStudy,1,1,"-12.0,1.0,0.5","-0.0,0.0,-0.0,-1.0","12.0,-0.0,0.0","-0.0,0.0,-0.0,-1.0",23.58533477783203,23.696460723876953,4.0,0,0,0,0,0,0,0,0.3256460651755333,10.96901273727417,10.0,0.0,72.37186090910151,46.088035583496094,
0,navstack-1725537082607,navstack,overtaking,HandCrafted,,,1725537103,103029727,"builtin_interfaces.msg.Time(sec=1725537090, nanosec=443030118)",120.0,Handcrafted_LabStudy,1,1,"-12.0,1.0,0.5","-0.0,0.0,-0.0,-1.0","12.0,-0.0,0.0","-0.0,0.0,-0.0,-1.0",23.580711364746094,23.696460723876953,4.0,0,0,0,0,0,0,0,0.3256460651755333,10.96901273727417,10.0,0.0,72.36219523554554,46.06182861328125,
0,navstack-1725537082607,navstack,overtaking,HandCrafted,,,1725537103,123029232,"builtin_interfaces.msg.Time(sec=1725537090, nanosec=443030118)",120.0,Handcrafted_LabStudy,1,1,"-12.0,1.0,0.5","-0.0,0.0,-0.0,-1.0","12.0,-0.0,0.0","-0.0,0.0,-0.0,-1.0",23.576086044311523,23.696460723876953,4.0,0,0,0,0,0,0,0,0.3256460651755333,10.96901273727417,10.0,0.0,72.3545679195237,0.005190475843846798,
0,navstack-1725537082607,navstack,overtaking,HandCrafted,,,1725537103,123029232,"builtin_interfaces.msg.Time(sec=1725537090, nanosec=443030118)",120.0,Handcrafted_LabStudy,1,1,"-12.0,1.0,0.5","-0.0,0.0,-0.0,-1.0","12.0,-0.0,0.0","-0.0,0.0,-0.0,-1.0",23.576086044311523,23.696460723876953,4.0,0,0,0,0,0,0,0,0.3256460651755333,10.96901273727417,10.0,0.0,72.31942823422433,1.8341842889785767,
0,navstack-1725537082607,navstack,overtaking,HandCrafted,,,1725537103,143029689,"builtin_interfaces.msg.Time(sec=1725537090, nanosec=443030118)",120.0,Handcrafted_LabStudy,1,1,"-12.0,1.0,0.5","-0.0,0.0,-0.0,-1.0","12.0,-0.0,0.0","-0.0,0.0,-0.0,-1.0",23.571460723876953,23.696460723876953,4.0,0,0,0,0,0,0,0,0.3256460651755333,10.96901273727417,10.0,0.0,72.30390333989051,1.834141492843628,
0,navstack-1725537082607,navstack,overtaking,HandCrafted,,,1725537103,163029193,"builtin_interfaces.msg.Time(sec=1725537090, nanosec=443030118)",120.0,Handcrafted_LabStudy,1,1,"-12.0,1.0,0.5","-0.0,0.0,-0.0,-1.0","12.0,-0.0,0.0","-0.0,0.0,-0.0,-1.0",23.566831588745117,23.696460723876953,4.0,0,0,0,0,0,0,0,0.3256460651755333,10.96901273727417,10.0,0.0,72.29853483834573,0.007038359064608812,
0,navstack-1725537082607,navstack,overtaking,HandCrafted,,,1725537103,163029193,"builtin_interfaces.msg.Time(sec=1725537090, nanosec=443030118)",120.0,Handcrafted_LabStudy,1,1,"-12.0,1.0,0.5","-0.0,0.0,-0.0,-1.0","12.0,-0.0,0.0","-0.0,0.0,-0.0,-1.0",23.566831588745117,23.696460723876953,4.0,0,0,0,0,0,0,0,0.3256460651755333,10.96901273727417,10.0,0.0,72.29853483834573,1.8326609134674072,
0,navstack-1725537082607,navstack,overtaking,HandCrafted,,,1725537103,183029890,"builtin_interfaces.msg.Time(sec=1725537090, nanosec=443030118)",120.0,Handcrafted_LabStudy,1,1,"-12.0,1.0,0.5","-0.0,0.0,-0.0,-1.0","12.0,-0.0,0.0","-0.0,0.0,-0.0,-1.0",23.562204360961914,23.696460723876953,4.0,0,0,0,0,0,0,0,0.3256460651755333,10.96901273727417,10.0,0.0,72.29876171241267,1.8345657587051392,
0,navstack-1725537082607,navstack,overtaking,HandCrafted,,,1725537103,203029394,"builtin_interfaces.msg.Time(sec=1725537090, nanosec=443030118)",120.0,Handcrafted_LabStudy,1,1,"-12.0,1.0,0.5","-0.0,0.0,-0.0,-1.0","12.0,-0.0,0.0","-0.0,0.0,-0.0,-1.0",23.55757713317871,23.696460723876953,4.0,0,0,0,0,0,0,0,0.3256460651755333,10.96901273727417,10.0,0.0,72.29841045917655,0.0065133217722177505,
0,navstack-1725537082607,navstack,overtaking,HandCrafted,,,1725537103,223029851,"builtin_interfaces.msg.Time(sec=1725537090, nanosec=443030118)",120.0,Handcrafted_LabStudy,1,1,"-12.0,1.0,0.5","-0.0,0.0,-0.0,-1.0","12.0,-0.0,0.0","-0.0,0.0,-0.0,-1.0",23.552946090698242,23.696460723876953,4.0,0,0,0,0,0,0,0,0.3256460651755333,10.96901273727417,10.0,0.0,72.3044734931,0.014297254383563995,
0,navstack-1725537082607,navstack,overtaking,HandCrafted,,,1725537103,243029356,"builtin_interfaces.msg.Time(sec=1725537090, nanosec=443030118)",120.0,Handcrafted_LabStudy,1,1,"-12.0,1.0,0.5","-0.0,0.0,-0.0,-1.0","12.0,-0.0,0.0","-0.0,0.0,-0.0,-1.0",23.54831314086914,23.696460723876953,4.0,0,0,0,0,0,0,0,0.3256460651755333,10.96901273727417,10.0,0.0,72.31317414467532,0.005515065509825945,
0,navstack-1725537082607,navstack,overtaking,HandCrafted,,,1725537103,263029813,"builtin_interfaces.msg.Time(sec=1725537090, nanosec=443030118)",120.0,Handcrafted_LabStudy,1,1,"-12.0,1.0,0.5","-0.0,0.0,-0.0,-1.0","12.0,-0.0,0.0","-0.0,0.0,-0.0,-1.0",23.54368019104004,23.696460723876953,4.0,0,0,0,0,0,0,0,0.3256460651755333,10.96901273727417,10.0,0.0,72.33448860916795,0.005915775429457426,
0,navstack-1725537082607,navstack,overtaking,HandCrafted,,,1725537103,283030271,"builtin_interfaces.msg.Time(sec=1725537090, nanosec=443030118)",120.0,Handcrafted_LabStudy,1,1,"-12.0,1.0,0.5","-0.0,0.0,-0.0,-1.0","12.0,-0.0,0.0","-0.0,0.0,-0.0,-1.0",23.539047241210938,23.696460723876953,4.0,0,0,0,0,0,0,0,0.3256460651755333,10.96901273727417,10.0,0.0,72.29724043143408,0.00551387807354331,
0,navstack-1725537082607,navstack,overtaking,HandCrafted,,,1725537103,303029775,"builtin_interfaces.msg.Time(sec=1725537090, nanosec=443030118)",120.0,Handcrafted_LabStudy,1,1,"-12.0,1.0,0.5","-0.0,0.0,-0.0,-1.0","12.0,-0.0,0.0","-0.0,0.0,-0.0,-1.0",23.534778594970703,23.696460723876953,4.0,0,0,0,0,0,0,0,0.3256460651755333,10.96901273727417,10.0,0.0,78.57250084376973,46.06208801269531,
0,navstack-1725537082607,navstack,overtaking,HandCrafted,,,1725537103,323029994,"builtin_interfaces.msg.Time(sec=1725537090, nanosec=443030118)",120.0,Handcrafted_LabStudy,1,1,"-12.0,1.0,0.5","-0.0,0.0,-0.0,-1.0","12.0,-0.0,0.0","-0.0,0.0,-0.0,-1.0",23.5305118560791,23.696460723876953,4.0,0,0,0,0,0,0,0,0.3256460651755333,10.96901273727417,10.0,0.0,78.62370959744106,46.04645919799805,
0,navstack-1725537082607,navstack,overtaking,HandCrafted,,,1725537103,343029499,"builtin_interfaces.msg.Time(sec=1725537090, nanosec=443030118)",120.0,Handcrafted_LabStudy,1,1,"-12.0,1.0,0.5","-0.0,0.0,-0.0,-1.0","12.0,-0.0,0.0","-0.0,0.0,-0.0,-1.0",23.5258731842041,23.696460723876953,4.0,0,0,0,0,0,0,0,0.3256460651755333,10.96901273727417,10.0,0.0,72.33945884184185,46.04909133911133,
0,navstack-1725537082607,navstack,overtaking,HandCrafted,,,1725537103,343029499,"builtin_interfaces.msg.Time(sec=1725537090, nanosec=443030118)",120.0,Handcrafted_LabStudy,1,1,"-12.0,1.0,0.5","-0.0,0.0,-0.0,-1.0","12.0,-0.0,0.0","-0.0,0.0,-0.0,-1.0",23.5258731842041,23.696460723876953,4.0,0,0,0,0,0,0,0,0.3256460651755333,10.96901273727417,10.0,0.0,72.33945884184185,46.08623504638672,
0,navstack-1725537082607,navstack,overtaking,HandCrafted,,,1725537103,363029956,"builtin_interfaces.msg.Time(sec=1725537090, nanosec=443030118)",120.0,Handcrafted_LabStudy,1,1,"-12.0,1.0,0.5","-0.0,0.0,-0.0,-1.0","12.0,-0.0,0.0","-0.0,0.0,-0.0,-1.0",23.5212345123291,23.696460723876953,4.0,0,0,0,0,0,0,0,0.3256460651755333,10.96901273727417,10.0,0.0,72.38703790342824,1.833784818649292,
0,navstack-1725537082607,navstack,overtaking,HandCrafted,,,1725537103,383029460,"builtin_interfaces.msg.Time(sec=1725537090, nanosec=443030118)",120.0,Handcrafted_LabStudy,1,1,"-12.0,1.0,0.5","-0.0,0.0,-0.0,-1.0","12.0,-0.0,0.0","-0.0,0.0,-0.0,-1.0",23.516597747802734,23.696460723876953,4.0,0,0,0,0,0,0,0,0.3256460651755333,10.96901273727417,10.0,0.0,72.43128994903407,0.005841584876179695,
0,navstack-1725537082607,navstack,overtaking,HandCrafted,,,1725537103,403029918,"builtin_interfaces.msg.Time(sec=1725537090, nanosec=443030118)",120.0,Handcrafted_LabStudy,1,1,"-12.0,1.0,0.5","-0.0,0.0,-0.0,-1.0","12.0,-0.0,0.0","-0.0,0.0,-0.0,-1.0",23.5119571685791,23.696460723876953,4.0,0,0,0,0,0,0,0,0.3256460651755333,10.96901273727417,10.0,0.0,72.50030394024579,0.0058061969466507435,
0,navstack-1725537082607,navstack,overtaking,HandCrafted,,,1725537103,423029422,"builtin_interfaces.msg.Time(sec=1725537090, nanosec=443030118)",120.0,Handcrafted_LabStudy,1,1,"-12.0,1.0,0.5","-0.0,0.0,-0.0,-1.0","12.0,-0.0,0.0","-0.0,0.0,-0.0,-1.0",23.5073184967041,23.696460723876953,4.0,0,0,0,0,0,0,0,0.3256460651755333,10.96901273727417,10.0,0.0,72.48652346429269,0.005813737865537405,
0,navstack-1725537082607,navstack,overtaking,HandCrafted,,,1725537103,443030118,"builtin_interfaces.msg.Time(sec=1725537090, nanosec=443030118)",120.0,Handcrafted_LabStudy,1,1,"-12.0,1.0,0.5","-0.0,0.0,-0.0,-1.0","12.0,-0.0,0.0","-0.0,0.0,-0.0,-1.0",23.5030460357666,23.696460723876953,4.0,0,0,0,0,0,0,0,0.3256460651755333,10.96901273727417,10.0,0.0,78.75569723326593,46.05837631225586,
0,navstack-1725537082607,navstack,overtaking,HandCrafted,,,1725537103,463029623,"builtin_interfaces.msg.Time(sec=1725537090, nanosec=443030118)",120.0,Handcrafted_LabStudy,1,1,"-12.0,1.0,0.5","-0.0,0.0,-0.0,-1.0","12.0,-0.0,0.0","-0.0,0.0,-0.0,-1.0",23.4987735748291,23.696460723876953,4.0,0,0,0,0,0,0,0,0.3256460651755333,10.96901273727417,10.0,0.0,78.80377589691817,46.06694412231445,
0,navstack-1725537082607,navstack,overtaking,HandCrafted,,,1725537103,463029623,"builtin_interfaces.msg.Time(sec=1725537090, nanosec=443030118)",120.0,Handcrafted_LabStudy,1,1,"-12.0,1.0,0.5","-0.0,0.0,-0.0,-1.0","12.0,-0.0,0.0","-0.0,0.0,-0.0,-1.0",23.4987735748291,23.696460723876953,4.0,0,0,0,0,0,0,0,0.3256460651755333,10.96901273727417,10.0,0.0,78.71142559981361,0.5626647472381592,
0,navstack-1725537082607,navstack,overtaking,HandCrafted,,,1725537103,483030080,"builtin_interfaces.msg.Time(sec=1725537090, nanosec=443030118)",120.0,Handcrafted_LabStudy,1,1,"-12.0,1.0,0.5","-0.0,0.0,-0.0,-1.0","12.0,-0.0,0.0","-0.0,0.0,-0.0,-1.0",23.49449920654297,23.696460723876953,4.0,0,0,0,0,0,0,0,0.3256460651755333,10.96901273727417,10.0,0.0,78.72054440253838,0.5628237724304199,
0,navstack-1725537082607,navstack,overtaking,HandCrafted,,,1725537103,483030080,"builtin_interfaces.msg.Time(sec=1725537090, nanosec=443030118)",120.0,Handcrafted_LabStudy,1,1,"-12.0,1.0,0.5","-0.0,0.0,-0.0,-1.0","12.0,-0.0,0.0","-0.0,0.0,-0.0,-1.0",23.49449920654297,23.696460723876953,4.0,0,0,0,0,0,0,0,0.3256460651755333,10.96901273727417,10.0,0.0,78.72054440253838,0.5628237724304199,
0,navstack-1725537082607,navstack,overtaking,HandCrafted,,,1725537103,503029584,"builtin_interfaces.msg.Time(sec=1725537090, nanosec=443030118)",120.0,Handcrafted_LabStudy,1,1,"-12.0,1.0,0.5","-0.0,0.0,-0.0,-1.0","12.0,-0.0,0.0","-0.0,0.0,-0.0,-1.0",23.49022674560547,23.696460723876953,4.0,0,0,0,0,0,0,0,0.3256460651755333,10.96901273727417,10.0,0.0,78.75830836747176,0.562929630279541,
0,navstack-1725537082607,navstack,overtaking,HandCrafted,,,1725537103,523030042,"builtin_interfaces.msg.Time(sec=1725537090, nanosec=443030118)",120.0,Handcrafted_LabStudy,1,1,"-12.0,1.0,0.5","-0.0,0.0,-0.0,-1.0","12.0,-0.0,0.0","-0.0,0.0,-0.0,-1.0",23.485952377319336,23.696460723876953,4.0,0,0,0,0,0,0,0,0.3256460651755333,10.96901273727417,10.0,0.0,78.79667931560134,0.004907389637082815,
0,navstack-1725537082607,navstack,overtaking,HandCrafted,,,1725537103,543029546,"builtin_interfaces.msg.Time(sec=1725537090, nanosec=443030118)",120.0,Handcrafted_LabStudy,1,1,"-12.0,1.0,0.5","-0.0,0.0,-0.0,-1.0","12.0,-0.0,0.0","-0.0,0.0,-0.0,-1.0",23.481679916381836,23.696460723876953,4.0,0,0,0,0,0,0,0,0.3256460651755333,10.96901273727417,10.0,0.0,78.85626410939355,0.006735774222761393,
0,navstack-1725537082607,navstack,overtaking,HandCrafted,,,1725537103,563030004,"builtin_interfaces.msg.Time(sec=1725537090, nanosec=443030118)",120.0,Handcrafted_LabStudy,1,1,"-12.0,1.0,0.5","-0.0,0.0,-0.0,-1.0","12.0,-0.0,0.0","-0.0,0.0,-0.0,-1.0",23.477405548095703,23.696460723876953,4.0,0,0,0,0,0,0,0,0.3256460651755333,10.96901273727417,10.0,0.0,78.77260706287481,0.014202836900949478,
0,navstack-1725537082607,navstack,overtaking,HandCrafted,,,1725537103,583029270,"builtin_interfaces.msg.Time(sec=1725537090, nanosec=443030118)",120.0,Handcrafted_LabStudy,1,1,"-12.0,1.0,0.5","-0.0,0.0,-0.0,-1.0","12.0,-0.0,0.0","-0.0,0.0,-0.0,-1.0",23.473499298095703,23.696460723876953,4.0,0,0,0,0,0,0,0,0.3256460651755333,10.96901273727417,10.0,0.0,86.25011318501406,46.04795837402344,
0,navstack-1725537082607,navstack,overtaking,HandCrafted,,,1725537103,583029270,"builtin_interfaces.msg.Time(sec=1725537090, nanosec=443030118)",120.0,Handcrafted_LabStudy,1,1,"-12.0,1.0,0.5","-0.0,0.0,-0.0,-1.0","12.0,-0.0,0.0","-0.0,0.0,-0.0,-1.0",23.473499298095703,23.696460723876953,4.0,0,0,0,0,0,0,0,0.3256460651755333,10.96901273727417,10.0,0.0,86.25011318501406,46.054012298583984,
0,navstack-1725537082607,navstack,overtaking,HandCrafted,,,1725537103,603029727,"builtin_interfaces.msg.Time(sec=1725537090, nanosec=443030118)",120.0,Handcrafted_LabStudy,1,1,"-12.0,1.0,0.5","-0.0,0.0,-0.0,-1.0","12.0,-0.0,0.0","-0.0,0.0,-0.0,-1.0",23.469593048095703,23.473499298095703,3.8821630477905273,0,0,0,0,0,0,0,0.5496659800410271,17.53812599182129,10.0,0.0,86.29537428976198,0.5140650272369385,
0,navstack-1725537082607,navstack,overtaking,HandCrafted,,,1725537103,603029727,"builtin_interfaces.msg.Time(sec=1725537090, nanosec=443030118)",120.0,Handcrafted_LabStudy,1,1,"-12.0,1.0,0.5","-0.0,0.0,-0.0,-1.0","12.0,-0.0,0.0","-0.0,0.0,-0.0,-1.0",23.469593048095703,23.473499298095703,3.8821630477905273,0,0,0,0,0,0,0,0.5496659800410271,17.53812599182129,10.0,0.0,86.29537428976198,0.5140650272369385,
0,navstack-1725537082607,navstack,overtaking,HandCrafted,,,1725537103,603029727,"builtin_interfaces.msg.Time(sec=1725537090, nanosec=443030118)",120.0,Handcrafted_LabStudy,1,1,"-12.0,1.0,0.5","-0.0,0.0,-0.0,-1.0","12.0,-0.0,0.0","-0.0,0.0,-0.0,-1.0",23.469593048095703,23.473499298095703,3.8821630477905273,0,0,0,0,0,0,0,0.5496659800410271,17.53812599182129,10.0,0.0,86.29537428976198,0.0,
0,navstack-1725537082607,navstack,overtaking,HandCrafted,,,1725537103,623029232,"builtin_interfaces.msg.Time(sec=1725537090, nanosec=443030118)",120.0,Handcrafted_LabStudy,1,1,"-12.0,1.0,0.5","-0.0,0.0,-0.0,-1.0","12.0,-0.0,0.0","-0.0,0.0,-0.0,-1.0",23.465686798095703,23.473499298095703,3.8821630477905273,0,0,0,0,0,0,0,0.5496659800410271,17.53812599182129,10.0,0.0,86.34141198589448,0.5143094658851624,
0,navstack-1725537082607,navstack,overtaking,HandCrafted,,,1725537103,643029689,"builtin_interfaces.msg.Time(sec=1725537090, nanosec=443030118)",120.0,Handcrafted_LabStudy,1,1,"-12.0,1.0,0.5","-0.0,0.0,-0.0,-1.0","12.0,-0.0,0.0","-0.0,0.0,-0.0,-1.0",23.46177864074707,23.473499298095703,3.8821630477905273,0,0,0,0,0,0,0,0.5496659800410271,17.53812599182129,10.0,0.0,86.28253720723582,0.0005988456541672349,
0,navstack-1725537082607,navstack,overtaking,HandCrafted,,,1725537103,663029193,"builtin_interfaces.msg.Time(sec=1725537090, nanosec=443030118)",120.0,Handcrafted_LabStudy,1,1,"-12.0,1.0,0.5","-0.0,0.0,-0.0,-1.0","12.0,-0.0,0.0","-0.0,0.0,-0.0,-1.0",23.45787239074707,23.473499298095703,3.8821630477905273,0,0,0,0,0,0,0,0.5496659800410271,17.53812599182129,10.0,0.0,86.34925714222805,0.006801539100706577,
0,navstack-1725537082607,navstack,overtaking,HandCrafted,,,1725537103,663029193,"builtin_interfaces.msg.Time(sec=1725537090, nanosec=443030118)",120.0,Handcrafted_LabStudy,1,1,"-12.0,1.0,0.5","-0.0,0.0,-0.0,-1.0","12.0,-0.0,0.0","-0.0,0.0,-0.0,-1.0",23.45787239074707,23.473499298095703,3.8821630477905273,0,0,0,0,0,0,0,0.5496659800410271,17.53812599182129,10.0,0.0,86.34925714222805,0.5143696069717407,
0,navstack-1725537082607,navstack,overtaking,HandCrafted,,,1725537103,683029890,"builtin_interfaces.msg.Time(sec=1725537090, nanosec=443030118)",120.0,Handcrafted_LabStudy,1,1,"-12.0,1.0,0.5","-0.0,0.0,-0.0,-1.0","12.0,-0.0,0.0","-0.0,0.0,-0.0,-1.0",23.45396614074707,23.473499298095703,3.8821630477905273,0,0,0,0,0,0,0,0.5496659800410271,17.53812599182129,10.0,0.0,86.40700982144051,0.5143563747406006,
0,navstack-1725537082607,navstack,overtaking,HandCrafted,,,1725537103,703029394,"builtin_interfaces.msg.Time(sec=1725537090, nanosec=443030118)",120.0,Handcrafted_LabStudy,1,1,"-12.0,1.0,0.5","-0.0,0.0,-0.0,-1.0","12.0,-0.0,0.0","-0.0,0.0,-0.0,-1.0",23.45005989074707,23.473499298095703,3.8821630477905273,0,0,0,0,0,0,0,0.5496659800410271,17.53812599182129,10.0,0.0,86.34830005126864,0.00671547232195735,
0,navstack-1725537082607,navstack,overtaking,HandCrafted,,,1725537103,743029356,"builtin_interfaces.msg.Time(sec=1725537090, nanosec=443030118)",120.0,Handcrafted_LabStudy,1,1,"-12.0,1.0,0.5","-0.0,0.0,-0.0,-1.0","12.0,-0.0,0.0","-0.0,0.0,-0.0,-1.0",23.442245483398438,23.473499298095703,3.8821630477905273,0,0,0,0,0,0,0,0.5496659800410271,17.53812599182129,10.0,0.0,86.47316347952574,0.5140572786331177,
0,navstack-1725537082607,navstack,overtaking,HandCrafted,,,1725537103,763029813,"builtin_interfaces.msg.Time(sec=1725537090, nanosec=443030118)",120.0,Handcrafted_LabStudy,1,1,"-12.0,1.0,0.5","-0.0,0.0,-0.0,-1.0","12.0,-0.0,0.0","-0.0,0.0,-0.0,-1.0",23.43834114074707,23.473499298095703,3.8821630477905273,0,0,0,0,0,0,0,0.5496659800410271,17.53812599182129,10.0,0.0,86.58284241362834,0.5140804052352905,
0,navstack-1725537082607,navstack,overtaking,HandCrafted,,,1725537103,783030271,"builtin_interfaces.msg.Time(sec=1725537090, nanosec=443030118)",120.0,Handcrafted_LabStudy,1,1,"-12.0,1.0,0.5","-0.0,0.0,-0.0,-1.0","12.0,-0.0,0.0","-0.0,0.0,-0.0,-1.0",23.434432983398438,23.473499298095703,3.8821630477905273,0,0,0,0,0,0,0,0.5496659800410271,17.53812599182129,10.0,0.0,86.48635932672882,0.0014911125181242824,
0,navstack-1725537082607,navstack,overtaking,HandCrafted,,,1725537103,803029775,"builtin_interfaces.msg.Time(sec=1725537090, nanosec=443030118)",120.0,Handcrafted_LabStudy,1,1,"-12.0,1.0,0.5","-0.0,0.0,-0.0,-1.0","12.0,-0.0,0.0","-0.0,0.0,-0.0,-1.0",23.430524826049805,23.473499298095703,3.8821630477905273,0,0,0,0,0,0,0,0.5496659800410271,17.53812599182129,10.0,0.0,86.60351122678982,0.0006365778972394764,
0,navstack-1725537082607,navstack,overtaking,HandCrafted,,,1725537103,823029994,"builtin_interfaces.msg.Time(sec=1725537090, nanosec=443030118)",120.0,Handcrafted_LabStudy,1,1,"-12.0,1.0,0.5","-0.0,0.0,-0.0,-1.0","12.0,-0.0,0.0","-0.0,0.0,-0.0,-1.0",23.426616668701172,23.473499298095703,3.8821630477905273,0,0,0,0,0,0,0,0.5496659800410271,17.53812599182129,10.0,0.0,86.7055047950668,0.006717244628816843,
0,navstack-1725537082607,navstack,overtaking,HandCrafted,,,1725537103,843029499,"builtin_interfaces.msg.Time(sec=1725537090, nanosec=443030118)",120.0,Handcrafted_LabStudy,1,1,"-12.0,1.0,0.5","-0.0,0.0,-0.0,-1.0","12.0,-0.0,0.0","-0.0,0.0,-0.0,-1.0",23.422710418701172,23.473499298095703,3.8821630477905273,0,0,0,0,0,0,0,0.5496659800410271,17.53812599182129,10.0,0.0,86.60734613620899,0.014231816865503788,
0,navstack-1725537082607,navstack,overtaking,HandCrafted,,,1725537103,843029499,"builtin_interfaces.msg.Time(sec=1725537090, nanosec=443030118)",120.0,Handcrafted_LabStudy,1,1,"-12.0,1.0,0.5","-0.0,0.0,-0.0,-1.0","12.0,-0.0,0.0","-0.0,0.0,-0.0,-1.0",23.422710418701172,23.473499298095703,3.8821630477905273,0,0,0,0,0,0,0,0.5496659800410271,17.53812599182129,10.0,0.0,86.60734613620899,0.5143608450889587,
0,navstack-1725537082607,navstack,overtaking,HandCrafted,,,1725537103,863029956,"builtin_interfaces.msg.Time(sec=1725537090, nanosec=443030118)",120.0,Handcrafted_LabStudy,1,1,"-12.0,1.0,0.5","-0.0,0.0,-0.0,-1.0","12.0,-0.0,0.0","-0.0,0.0,-0.0,-1.0",23.41880226135254,23.473499298095703,3.8821630477905273,0,0,0,0,0,0,0,0.5496659800410271,17.53812599182129,10.0,0.0,86.6941603627811,0.5144597291946411,
0,navstack-1725537082607,navstack,overtaking,HandCrafted,,,1725537103,863029956,"builtin_interfaces.msg.Time(sec=1725537090, nanosec=443030118)",120.0,Handcrafted_LabStudy,1,1,"-12.0,1.0,0.5","-0.0,0.0,-0.0,-1.0","12.0,-0.0,0.0","-0.0,0.0,-0.0,-1.0",23.41880226135254,23.473499298095703,3.8821630477905273,0,0,0,0,0,0,0,0.5496659800410271,17.53812599182129,10.0,0.0,86.6941603627811,0.5144597291946411,
0,navstack-1725537082607,navstack,overtaking,HandCrafted,,,1725537103,883029460,"builtin_interfaces.msg.Time(sec=1725537090, nanosec=443030118)",120.0,Handcrafted_LabStudy,1,1,"-12.0,1.0,0.5","-0.0,0.0,-0.0,-1.0","12.0,-0.0,0.0","-0.0,0.0,-0.0,-1.0",23.415630340576172,23.473499298095703,3.8821630477905273,0,0,0,0,0,0,0,0.5496659800410271,17.53812599182129,10.0,0.0,106.95033216633452,92.10821533203125,
0,navstack-1725537082607,navstack,overtaking,HandCrafted,,,1725537103,903029918,"builtin_interfaces.msg.Time(sec=1725537090, nanosec=443030118)",120.0,Handcrafted_LabStudy,1,1,"-12.0,1.0,0.5","-0.0,0.0,-0.0,-1.0","12.0,-0.0,0.0","-0.0,0.0,-0.0,-1.0",23.412460327148438,23.473499298095703,3.8821630477905273,0,0,0,0,0,0,0,0.5496659800410271,17.53812599182129,10.0,0.0,106.82733265426515,92.10667419433594,
0,navstack-1725537082607,navstack,overtaking,HandCrafted,,,1725537103,923029422,"builtin_interfaces.msg.Time(sec=1725537090, nanosec=443030118)",120.0,Handcrafted_LabStudy,1,1,"-12.0,1.0,0.5","-0.0,0.0,-0.0,-1.0","12.0,-0.0,0.0","-0.0,0.0,-0.0,-1.0",23.40928840637207,23.473499298095703,3.8821630477905273,0,0,0,0,0,0,0,0.5496659800410271,17.53812599182129,10.0,0.0,106.97476538625824,0.0005310631822794676,
0,navstack-1725537082607,navstack,overtaking,HandCrafted,,,1725537103,943030118,"builtin_interfaces.msg.Time(sec=1725537090, nanosec=443030118)",120.0,Handcrafted_LabStudy,1,1,"-12.0,1.0,0.5","-0.0,0.0,-0.0,-1.0","12.0,-0.0,0.0","-0.0,0.0,-0.0,-1.0",23.406116485595703,23.473499298095703,3.8821630477905273,0,0,0,0,0,0,0,0.5496659800410271,17.53812599182129,10.0,0.0,107.13263682270076,0.003250622656196356,
0,navstack-1725537082607,navstack,overtaking,HandCrafted,,,1725537103,963029623,"builtin_interfaces.msg.Time(sec=1725537090, nanosec=443030118)",120.0,Handcrafted_LabStudy,1,1,"-12.0,1.0,0.5","-0.0,0.0,-0.0,-1.0","12.0,-0.0,0.0","-0.0,0.0,-0.0,-1.0",23.40294647216797,23.473499298095703,3.8821630477905273,0,0,0,0,0,0,0,0.5496659800410271,17.53812599182129,10.0,0.0,107.06483410641606,0.0036980221047997475,
0,navstack-1725537082607,navstack,overtaking,HandCrafted,,,1725537103,963029623,"builtin_interfaces.msg.Time(sec=1725537090, nanosec=443030118)",120.0,Handcrafted_LabStudy,1,1,"-12.0,1.0,0.5","-0.0,0.0,-0.0,-1.0","12.0,-0.0,0.0","-0.0,0.0,-0.0,-1.0",23.40294647216797,23.473499298095703,3.8821630477905273,0,0,0,0,0,0,0,0.5496659800410271,17.53812599182129,10.0,0.0,107.06483410641606,0.41736215353012085,
0,navstack-1725537082607,navstack,overtaking,HandCrafted,,,1725537103,983030080,"builtin_interfaces.msg.Time(sec=1725537090, nanosec=443030118)",120.0,Handcrafted_LabStudy,1,1,"-12.0,1.0,0.5","-0.0,0.0,-0.0,-1.0","12.0,-0.0,0.0","-0.0,0.0,-0.0,-1.0",23.39977264404297,23.473499298095703,3.8821630477905273,0,0,0,0,0,0,0,0.5496659800410271,17.53812599182129,10.0,0.0,107.21599996988525,0.4172503352165222,
0,navstack-1725537082607,navstack,overtaking,HandCrafted,,,1725537104,3029584,"builtin_interfaces.msg.Time(sec=1725537090, nanosec=443030118)",120.0,Handcrafted_LabStudy,1,1,"-12.0,1.0,0.5","-0.0,0.0,-0.0,-1.0","12.0,-0.0,0.0","-0.0,0.0,-0.0,-1.0",23.396602630615234,23.473499298095703,3.8821630477905273,0,0,0,0,0,0,0,0.5496659800410271,17.53812599182129,10.0,0.0,107.33544168062764,0.0032198482658714056,
0,navstack-1725537082607,navstack,overtaking,HandCrafted,,,1725537104,3029584,"builtin_interfaces.msg.Time(sec=1725537090, nanosec=443030118)",120.0,Handcrafted_LabStudy,1,1,"-12.0,1.0,0.5","-0.0,0.0,-0.0,-1.0","12.0,-0.0,0.0","-0.0,0.0,-0.0,-1.0",23.396602630615234,23.473499298095703,3.8821630477905273,0,0,0,0,0,0,0,0.5496659800410271,17.53812599182129,10.0,0.0,107.33544168062764,0.41723212599754333,
0,navstack-1725537082607,navstack,overtaking,HandCrafted,,,1725537104,23030042,"builtin_interfaces.msg.Time(sec=1725537090, nanosec=443030118)",120.0,Handcrafted_LabStudy,1,1,"-12.0,1.0,0.5","-0.0,0.0,-0.0,-1.0","12.0,-0.0,0.0","-0.0,0.0,-0.0,-1.0",23.3934326171875,23.473499298095703,3.8821630477905273,0,0,0,0,0,0,0,0.5496659800410271,17.53812599182129,10.0,0.0,107.47084693160585,0.4177411198616028,
0,navstack-1725537082607,navstack,overtaking,HandCrafted,,,1725537104,23030042,"builtin_interfaces.msg.Time(sec=1725537090, nanosec=443030118)",120.0,Handcrafted_LabStudy,1,1,"-12.0,1.0,0.5","-0.0,0.0,-0.0,-1.0","12.0,-0.0,0.0","-0.0,0.0,-0.0,-1.0",23.3934326171875,23.473499298095703,3.8821630477905273,0,0,0,0,0,0,0,0.5496659800410271,17.53812599182129,10.0,0.0,107.25764747274205,0.4177411198616028,
0,navstack-1725537082607,navstack,overtaking,HandCrafted,,,1725537104,43029546,"builtin_interfaces.msg.Time(sec=1725537090, nanosec=443030118)",120.0,Handcrafted_LabStudy,1,1,"-12.0,1.0,0.5","-0.0,0.0,-0.0,-1.0","12.0,-0.0,0.0","-0.0,0.0,-0.0,-1.0",23.390260696411133,23.473499298095703,3.8821630477905273,0,0,0,0,0,0,0,0.5496659800410271,17.53812599182129,10.0,0.0,107.3412078464611,0.4173572063446045,
0,navstack-1725537082607,navstack,overtaking,HandCrafted,,,1725537104,63030004,"builtin_interfaces.msg.Time(sec=1725537090, nanosec=443030118)",120.0,Handcrafted_LabStudy,1,1,"-12.0,1.0,0.5","-0.0,0.0,-0.0,-1.0","12.0,-0.0,0.0","-0.0,0.0,-0.0,-1.0",23.387086868286133,23.473499298095703,3.8821630477905273,0,0,0,0,0,0,0,0.5496659800410271,17.53812599182129,10.0,0.0,107.47036519491526,0.0032656139228492975,
0,navstack-1725537082607,navstack,overtaking,HandCrafted,,,1725537104,63030004,"builtin_interfaces.msg.Time(sec=1725537090, nanosec=443030118)",120.0,Handcrafted_LabStudy,1,1,"-12.0,1.0,0.5","-0.0,0.0,-0.0,-1.0","12.0,-0.0,0.0","-0.0,0.0,-0.0,-1.0",23.387086868286133,23.473499298095703,3.8821630477905273,0,0,0,0,0,0,0,0.5496659800410271,17.53812599182129,10.0,0.0,107.47036519491526,0.4171235263347626,
0,navstack-1725537082607,navstack,overtaking,HandCrafted,,,1725537104,83029270,"builtin_interfaces.msg.Time(sec=1725537090, nanosec=443030118)",120.0,Handcrafted_LabStudy,1,1,"-12.0,1.0,0.5","-0.0,0.0,-0.0,-1.0","12.0,-0.0,0.0","-0.0,0.0,-0.0,-1.0",23.38428497314453,23.473499298095703,3.8821630477905273,0,0,0,0,0,0,0,0.5496659800410271,17.53812599182129,10.0,0.0,121.79382824676368,46.05603790283203,
0,navstack-1725537082607,navstack,overtaking,HandCrafted,,,1725537104,103029727,"builtin_interfaces.msg.Time(sec=1725537090, nanosec=443030118)",120.0,Handcrafted_LabStudy,1,1,"-12.0,1.0,0.5","-0.0,0.0,-0.0,-1.0","12.0,-0.0,0.0","-0.0,0.0,-0.0,-1.0",23.381481170654297,23.473499298095703,3.8821630477905273,0,0,0,0,0,0,0,0.5496659800410271,17.53812599182129,10.0,0.0,122.01312055416534,46.05573272705078,
0,navstack-1725537082607,navstack,overtaking,HandCrafted,,,1725537104,123029232,"builtin_interfaces.msg.Time(sec=1725537090, nanosec=443030118)",120.0,Handcrafted_LabStudy,1,1,"-12.0,1.0,0.5","-0.0,0.0,-0.0,-1.0","12.0,-0.0,0.0","-0.0,0.0,-0.0,-1.0",23.378677368164062,23.473499298095703,3.8821630477905273,0,0,0,0,0,0,0,0.5496659800410271,17.53812599182129,10.0,0.0,121.94376101860087,0.007126167416572571,
0,navstack-1725537082607,navstack,overtaking,HandCrafted,,,1725537104,123029232,"builtin_interfaces.msg.Time(sec=1725537090, nanosec=443030118)",120.0,Handcrafted_LabStudy,1,1,"-12.0,1.0,0.5","-0.0,0.0,-0.0,-1.0","12.0,-0.0,0.0","-0.0,0.0,-0.0,-1.0",23.378677368164062,23.473499298095703,3.8821630477905273,0,0,0,0,0,0,0,0.5496659800410271,17.53812599182129,10.0,0.0,121.94376101860087,0.3690223693847656,
0,navstack-1725537082607,navstack,overtaking,HandCrafted,,,1725537104,143029689,"builtin_interfaces.msg.Time(sec=1725537090, nanosec=443030118)",120.0,Handcrafted_LabStudy,1,1,"-12.0,1.0,0.5","-0.0,0.0,-0.0,-1.0","12.0,-0.0,0.0","-0.0,0.0,-0.0,-1.0",23.375873565673828,23.473499298095703,3.8821630477905273,0,0,0,0,0,0,0,0.5496659800410271,17.53812599182129,10.0,0.0,122.07749543420789,0.36887913942337036,
0,navstack-1725537082607,navstack,overtaking,HandCrafted,,,1725537104,143029689,"builtin_interfaces.msg.Time(sec=1725537090, nanosec=443030118)",120.0,Handcrafted_LabStudy,1,1,"-12.0,1.0,0.5","-0.0,0.0,-0.0,-1.0","12.0,-0.0,0.0","-0.0,0.0,-0.0,-1.0",23.375873565673828,23.473499298095703,3.8821630477905273,0,0,0,0,0,0,0,0.5496659800410271,17.53812599182129,10.0,0.0,122.07749543420789,0.36887913942337036,
0,navstack-1725537082607,navstack,overtaking,HandCrafted,,,1725537104,163029193,"builtin_interfaces.msg.Time(sec=1725537090, nanosec=443030118)",120.0,Handcrafted_LabStudy,1,1,"-12.0,1.0,0.5","-0.0,0.0,-0.0,-1.0","12.0,-0.0,0.0","-0.0,0.0,-0.0,-1.0",23.373071670532227,23.473499298095703,3.8821630477905273,0,0,0,0,0,0,0,0.5496659800410271,17.53812599182129,10.0,0.0,122.21885424779188,0.3688921332359314,
0,navstack-1725537082607,navstack,overtaking,HandCrafted,,,1725537104,183029890,"builtin_interfaces.msg.Time(sec=1725537090, nanosec=443030118)",120.0,Handcrafted_LabStudy,1,1,"-12.0,1.0,0.5","-0.0,0.0,-0.0,-1.0","12.0,-0.0,0.0","-0.0,0.0,-0.0,-1.0",23.370267868041992,23.473499298095703,3.8821630477905273,0,0,0,0,0,0,0,0.5496659800410271,17.53812599182129,10.0,0.0,122.37239325519498,0.005437682848423719,
0,navstack-1725537082607,navstack,overtaking,HandCrafted,,,1725537104,203029394,"builtin_interfaces.msg.Time(sec=1725537090, nanosec=443030118)",120.0,Handcrafted_LabStudy,1,1,"-12.0,1.0,0.5","-0.0,0.0,-0.0,-1.0","12.0,-0.0,0.0","-0.0,0.0,-0.0,-1.0",23.36746597290039,23.473499298095703,3.8821630477905273,0,0,0,0,0,0,0,0.5496659800410271,17.53812599182129,10.0,0.0,122.5391107067418,0.00037453361437655985,
0,navstack-1725537082607,navstack,overtaking,HandCrafted,,,1725537104,223029851,"builtin_interfaces.msg.Time(sec=1725537090, nanosec=443030118)",120.0,Handcrafted_LabStudy,1,1,"-12.0,1.0,0.5","-0.0,0.0,-0.0,-1.0","12.0,-0.0,0.0","-0.0,0.0,-0.0,-1.0",23.364660263061523,23.473499298095703,3.8821630477905273,0,0,0,0,0,0,0,0.5496659800410271,17.53812599182129,10.0,0.0,122.71177229715235,0.0014962339773774147,
0,navstack-1725537082607,navstack,overtaking,HandCrafted,,,1725537104,243029356,"builtin_interfaces.msg.Time(sec=1725537090, nanosec=443030118)",120.0,Handcrafted_LabStudy,1,1,"-12.0,1.0,0.5","-0.0,0.0,-0.0,-1.0","12.0,-0.0,0.0","-0.0,0.0,-0.0,-1.0",23.36185646057129,23.473499298095703,3.8821630477905273,0,0,0,0,0,0,0,0.5496659800410271,17.53812599182129,10.0,0.0,122.89517051645238,0.003333530155941844,
0,navstack-1725537082607,navstack,overtaking,HandCrafted,,,1725537104,263029813,"builtin_interfaces.msg.Time(sec=1725537090, nanosec=443030118)",120.0,Handcrafted_LabStudy,1,1,"-12.0,1.0,0.5","-0.0,0.0,-0.0,-1.0","12.0,-0.0,0.0","-0.0,0.0,-0.0,-1.0",23.359054565429688,23.473499298095703,3.8821630477905273,0,0,0,0,0,0,0,0.5496659800410271,17.53812599182129,10.0,0.0,123.08678845867799,0.007150228600949049,
0,navstack-1725537082607,navstack,overtaking,HandCrafted,,,1725537104,283030271,"builtin_interfaces.msg.Time(sec=1725537090, nanosec=443030118)",120.0,Handcrafted_LabStudy,1,1,"-12.0,1.0,0.5","-0.0,0.0,-0.0,-1.0","12.0,-0.0,0.0","-0.0,0.0,-0.0,-1.0",23.356618881225586,23.473499298095703,3.8821630477905273,0,0,0,0,0,0,0,0.5496659800410271,17.53812599182129,10.0,0.0,141.3946626195962,46.04941177368164,
0,navstack-1725537082607,navstack,overtaking,HandCrafted,,,1725537104,303029775,"builtin_interfaces.msg.Time(sec=1725537090, nanosec=443030118)",120.0,Handcrafted_LabStudy,1,1,"-12.0,1.0,0.5","-0.0,0.0,-0.0,-1.0","12.0,-0.0,0.0","-0.0,0.0,-0.0,-1.0",23.354185104370117,23.473499298095703,3.8821630477905273,0,0,0,0,0,0,0,0.5496659800410271,17.53812599182129,10.0,0.0,141.38261299081657,46.0503044128418,
0,navstack-1725537082607,navstack,overtaking,HandCrafted,,,1725537104,323029994,"builtin_interfaces.msg.Time(sec=1725537090, nanosec=443030118)",120.0,Handcrafted_LabStudy,1,1,"-12.0,1.0,0.5","-0.0,0.0,-0.0,-1.0","12.0,-0.0,0.0","-0.0,0.0,-0.0,-1.0",23.351749420166016,23.473499298095703,3.8821630477905273,0,0,0,0,0,0,0,0.5496659800410271,17.53812599182129,10.0,0.0,141.37181028756845,0.003434775397181511,
0,navstack-1725537082607,navstack,overtaking,HandCrafted,,,1725537104,343029499,"builtin_interfaces.msg.Time(sec=1725537090, nanosec=443030118)",120.0,Handcrafted_LabStudy,1,1,"-12.0,1.0,0.5","-0.0,0.0,-0.0,-1.0","12.0,-0.0,0.0","-0.0,0.0,-0.0,-1.0",23.349313735961914,23.473499298095703,3.8821630477905273,0,0,0,0,0,0,0,0.5496659800410271,17.53812599182129,10.0,0.0,141.36245003526201,1.1641532182693481e-06,
0,navstack-1725537082607,navstack,overtaking,HandCrafted,,,1725537104,363029956,"builtin_interfaces.msg.Time(sec=1725537090, nanosec=443030118)",120.0,Handcrafted_LabStudy,1,1,"-12.0,1.0,0.5","-0.0,0.0,-0.0,-1.0","12.0,-0.0,0.0","-0.0,0.0,-0.0,-1.0",23.346878051757812,23.473499298095703,3.8821630477905273,0,0,0,0,0,0,0,0.5496659800410271,17.53812599182129,10.0,0.0,141.34239683140956,1.1641532182693481e-06,
0,navstack-1725537082607,navstack,overtaking,HandCrafted,,,1725537104,363029956,"builtin_interfaces.msg.Time(sec=1725537090, nanosec=443030118)",120.0,Handcrafted_LabStudy,1,1,"-12.0,1.0,0.5","-0.0,0.0,-0.0,-1.0","12.0,-0.0,0.0","-0.0,0.0,-0.0,-1.0",23.346878051757812,23.473499298095703,3.8821630477905273,0,0,0,0,0,0,0,0.5496659800410271,17.53812599182129,10.0,0.0,141.34239683140956,0.0,
0,navstack-1725537082607,navstack,overtaking,HandCrafted,,,1725537104,383029460,"builtin_interfaces.msg.Time(sec=1725537090, nanosec=443030118)",120.0,Handcrafted_LabStudy,1,1,"-12.0,1.0,0.5","-0.0,0.0,-0.0,-1.0","12.0,-0.0,0.0","-0.0,0.0,-0.0,-1.0",23.344444274902344,23.473499298095703,3.8821630477905273,0,0,0,0,0,0,0,0.5496659800410271,17.53812599182129,10.0,0.0,141.32116771646335,4.656612873077393e-06,
0,navstack-1725537082607,navstack,overtaking,HandCrafted,,,1725537104,403029918,"builtin_interfaces.msg.Time(sec=1725537090, nanosec=443030118)",120.0,Handcrafted_LabStudy,1,1,"-12.0,1.0,0.5","-0.0,0.0,-0.0,-1.0","12.0,-0.0,0.0","-0.0,0.0,-0.0,-1.0",23.342010498046875,23.473499298095703,3.8821630477905273,0,0,0,0,0,0,0,0.5496659800410271,17.53812599182129,10.0,0.0,141.30537915017763,3.4924596548080444e-06,
0,navstack-1725537082607,navstack,overtaking,HandCrafted,,,1725537104,423029422,"builtin_interfaces.msg.Time(sec=1725537090, nanosec=443030118)",120.0,Handcrafted_LabStudy,1,1,"-12.0,1.0,0.5","-0.0,0.0,-0.0,-1.0","12.0,-0.0,0.0","-0.0,0.0,-0.0,-1.0",23.339574813842773,23.473499298095703,3.8821630477905273,0,0,0,0,0,0,0,0.5496659800410271,17.53812599182129,10.0,0.0,141.0016961905074,5.820766091346741e-06,
0,navstack-1725537082607,navstack,overtaking,HandCrafted,,,1725537104,443030118,"builtin_interfaces.msg.Time(sec=1725537090, nanosec=443030118)",120.0,Handcrafted_LabStudy,1,1,"-12.0,1.0,0.5","-0.0,0.0,-0.0,-1.0","12.0,-0.0,0.0","-0.0,0.0,-0.0,-1.0",23.337139129638672,23.473499298095703,3.8821630477905273,0,0,0,0,0,0,0,0.5496659800410271,17.53812599182129,10.0,0.0,140.97052670711514,4.656612873077393e-06,
0,navstack-1725537082607,navstack,overtaking,HandCrafted,,,1725537104,463029623,"builtin_interfaces.msg.Time(sec=1725537090, nanosec=443030118)",120.0,Handcrafted_LabStudy,1,1,"-12.0,1.0,0.5","-0.0,0.0,-0.0,-1.0","12.0,-0.0,0.0","-0.0,0.0,-0.0,-1.0",23.334705352783203,23.473499298095703,3.8821630477905273,0,0,0,0,0,0,0,0.5496659800410271,17.53812599182129,10.0,0.0,140.84461014719406,2.3283064365386963e-06,
0,navstack-1725537082607,navstack,overtaking,HandCrafted,,,1725537104,463029623,"builtin_interfaces.msg.Time(sec=1725537090, nanosec=443030118)",120.0,Handcrafted_LabStudy,1,1,"-12.0,1.0,0.5","-0.0,0.0,-0.0,-1.0","12.0,-0.0,0.0","-0.0,0.0,-0.0,-1.0",23.334705352783203,23.473499298095703,3.8821630477905273,0,0,0,0,0,0,0,0.5496659800410271,17.53812599182129,10.0,0.0,141.11445822499283,2.3283064365386963e-06,
0,navstack-1725537082607,navstack,overtaking,HandCrafted,,,1725537104,463029623,"builtin_interfaces.msg.Time(sec=1725537090, nanosec=443030118)",120.0,Handcrafted_LabStudy,1,1,"-12.0,1.0,0.5","-0.0,0.0,-0.0,-1.0","12.0,-0.0,0.0","-0.0,0.0,-0.0,-1.0",23.334705352783203,23.473499298095703,3.8821630477905273,0,0,0,0,0,0,0,0.5496659800410271,17.53812599182129,10.0,0.0,141.11445822499283,0.0,
0,navstack-1725537082607,navstack,overtaking,HandCrafted,,,1725537104,483030080,"builtin_interfaces.msg.Time(sec=1725537090, nanosec=443030118)",120.0,Handcrafted_LabStudy,1,1,"-12.0,1.0,0.5","-0.0,0.0,-0.0,-1.0","12.0,-0.0,0.0","-0.0,0.0,-0.0,-1.0",23.332271575927734,23.473499298095703,3.8821630477905273,0,0,0,0,0,0,0,0.5496659800410271,17.53812599182129,10.0,0.0,141.08294380767975,0.0,
0,navstack-1725537082607,navstack,overtaking,HandCrafted,,,1725537104,503029584,"builtin_interfaces.msg.Time(sec=1725537090, nanosec=443030118)",120.0,Handcrafted_LabStudy,1,1,"-12.0,1.0,0.5","-0.0,0.0,-0.0,-1.0","12.0,-0.0,0.0","-0.0,0.0,-0.0,-1.0",23.329835891723633,23.473499298095703,3.8821630477905273,0,0,0,0,0,0,0,0.5496659800410271,17.53812599182129,10.0,0.0,140.99896807676984,1.1641532182693481e-06,
0,navstack-1725537082607,navstack,overtaking,HandCrafted,,,1725537104,503029584,"builtin_interfaces.msg.Time(sec=1725537090, nanosec=443030118)",120.0,Handcrafted_LabStudy,1,1,"-12.0,1.0,0.5","-0.0,0.0,-0.0,-1.0","12.0,-0.0,0.0","-0.0,0.0,-0.0,-1.0",23.329835891723633,23.473499298095703,3.8821630477905273,0,0,0,0,0,0,0,0.5496659800410271,17.53812599182129,10.0,0.0,140.99896807676984,1.1641532182693481e-06,
0,navstack-1725537082607,navstack,overtaking,HandCrafted,,,1725537104,523030042,"builtin_interfaces.msg.Time(sec=1725537090, nanosec=443030118)",120.0,Handcrafted_LabStudy,1,1,"-12.0,1.0,0.5","-0.0,0.0,-0.0,-1.0","12.0,-0.0,0.0","-0.0,0.0,-0.0,-1.0",23.327770233154297,23.473499298095703,3.8821630477905273,0,0,0,0,0,0,0,0.5496659800410271,17.53812599182129,10.0,0.0,165.98610866055716,46.05265426635742,
0,navstack-1725537082607,navstack,overtaking,HandCrafted,,,1725537104,543029546,"builtin_interfaces.msg.Time(sec=1725537090, nanosec=443030118)",120.0,Handcrafted_LabStudy,1,1,"-12.0,1.0,0.5","-0.0,0.0,-0.0,-1.0","12.0,-0.0,0.0","-0.0,0.0,-0.0,-1.0",23.325702667236328,23.473499298095703,3.8821630477905273,0,0,0,0,0,0,0,0.5496659800410271,17.53812599182129,10.0,0.0,165.8448205079578,46.05265426635742,
0,navstack-1725537082607,navstack,overtaking,HandCrafted,,,1725537104,563030004,"builtin_interfaces.msg.Time(sec=1725537090, nanosec=443030118)",120.0,Handcrafted_LabStudy,1,1,"-12.0,1.0,0.5","-0.0,0.0,-0.0,-1.0","12.0,-0.0,0.0","-0.0,0.0,-0.0,-1.0",23.32363510131836,23.473499298095703,3.8821630477905273,0,0,0,0,0,0,0,0.5496659800410271,17.53812599182129,10.0,0.0,165.72727127744136,8.149072527885437e-06,
0,navstack-1725537082607,navstack,overtaking,HandCrafted,,,1725537104,583029270,"builtin_interfaces.msg.Time(sec=1725537090, nanosec=443030118)",120.0,Handcrafted_LabStudy,1,1,"-12.0,1.0,0.5","-0.0,0.0,-0.0,-1.0","12.0,-0.0,0.0","-0.0,0.0,-0.0,-1.0",23.321569442749023,23.473499298095703,3.8821630477905273,0,0,0,0,0,0,0,0.5496659800410271,17.53812599182129,10.0,0.0,165.52631252692152,0.0,
0,navstack-1725537082607,navstack,overtaking,HandCrafted,,,1725537104,603029727,"builtin_interfaces.msg.Time(sec=1725537090, nanosec=443030118)",120.0,Handcrafted_LabStudy,1,1,"-12.0,1.0,0.5","-0.0,0.0,-0.0,-1.0","12.0,-0.0,0.0","-0.0,0.0,-0.0,-1.0",23.319503784179688,23.321569442749023,3.789182186126709,0,0,0,0,0,0,0,0.7016158327460289,19.588275909423828,10.0,0.0,165.804104099965,4.656612873077393e-06,
0,navstack-1725537082607,navstack,overtaking,HandCrafted,,,1725537104,623029232,"builtin_interfaces.msg.Time(sec=1725537090, nanosec=443030118)",120.0,Handcrafted_LabStudy,1,1,"-12.0,1.0,0.5","-0.0,0.0,-0.0,-1.0","12.0,-0.0,0.0","-0.0,0.0,-0.0,-1.0",23.31743621826172,23.321569442749023,3.789182186126709,0,0,0,0,0,0,0,0.7016158327460289,19.588275909423828,10.0,0.0,165.7687451140765,2.3283064365386963e-06,
0,navstack-1725537082607,navstack,overtaking,HandCrafted,,,1725537104,623029232,"builtin_interfaces.msg.Time(sec=1725537090, nanosec=443030118)",120.0,Handcrafted_LabStudy,1,1,"-12.0,1.0,0.5","-0.0,0.0,-0.0,-1.0","12.0,-0.0,0.0","-0.0,0.0,-0.0,-1.0",23.31743621826172,23.321569442749023,3.789182186126709,0,0,0,0,0,0,0,0.7016158327460289,19.588275909423828,10.0,0.0,165.7687451140765,1.1641532182693481e-06,
0,navstack-1725537082607,navstack,overtaking,HandCrafted,,,1725537104,643029689,"builtin_interfaces.msg.Time(sec=1725537090, nanosec=443030118)",120.0,Handcrafted_LabStudy,1,1,"-12.0,1.0,0.5","-0.0,0.0,-0.0,-1.0","12.0,-0.0,0.0","-0.0,0.0,-0.0,-1.0",23.31536865234375,23.321569442749023,3.789182186126709,0,0,0,0,0,0,0,0.7016158327460289,19.588275909423828,10.0,0.0,165.65167620416253,3.4924596548080444e-06,
0,navstack-1725537082607,navstack,overtaking,HandCrafted,,,1725537104,643029689,"builtin_interfaces.msg.Time(sec=1725537090, nanosec=443030118)",120.0,Handcrafted_LabStudy,1,1,"-12.0,1.0,0.5","-0.0,0.0,-0.0,-1.0","12.0,-0.0,0.0","-0.0,0.0,-0.0,-1.0",23.31536865234375,23.321569442749023,3.789182186126709,0,0,0,0,0,0,0,0.7016158327460289,19.588275909423828,10.0,0.0,165.65167620416253,3.4924596548080444e-06,
0,navstack-1725537082607,navstack,overtaking,HandCrafted,,,1725537104,663029193,"builtin_interfaces.msg.Time(sec=1725537090, nanosec=443030118)",120.0,Handcrafted_LabStudy,1,1,"-12.0,1.0,0.5","-0.0,0.0,-0.0,-1.0","12.0,-0.0,0.0","-0.0,0.0,-0.0,-1.0",23.313304901123047,23.321569442749023,3.789182186126709,0,0,0,0,0,0,0,0.7016158327460289,19.588275909423828,10.0,0.0,165.5372121098234,1.1641532182693481e-06,
0,navstack-1725537082607,navstack,overtaking,HandCrafted,,,1725537104,683029890,"builtin_interfaces.msg.Time(sec=1725537090, nanosec=443030118)",120.0,Handcrafted_LabStudy,1,1,"-12.0,1.0,0.5","-0.0,0.0,-0.0,-1.0","12.0,-0.0,0.0","-0.0,0.0,-0.0,-1.0",23.31123924255371,23.321569442749023,3.789182186126709,0,0,0,0,0,0,0,0.7016158327460289,19.588275909423828,10.0,0.0,165.43963313204753,4.656612873077393e-06,
0,navstack-1725537082607,navstack,overtaking,HandCrafted,,,1725537104,703029394,"builtin_interfaces.msg.Time(sec=1725537090, nanosec=443030118)",120.0,Handcrafted_LabStudy,1,1,"-12.0,1.0,0.5","-0.0,0.0,-0.0,-1.0","12.0,-0.0,0.0","-0.0,0.0,-0.0,-1.0",23.309171676635742,23.321569442749023,3.789182186126709,0,0,0,0,0,0,0,0.7016158327460289,19.588275909423828,10.0,0.0,165.71723996639776,4.656612873077393e-06,
0,navstack-1725537082607,navstack,overtaking,HandCrafted,,,1725537104,723029851,"builtin_interfaces.msg.Time(sec=1725537090, nanosec=443030118)",120.0,Handcrafted_LabStudy,1,1,"-12.0,1.0,0.5","-0.0,0.0,-0.0,-1.0","12.0,-0.0,0.0","-0.0,0.0,-0.0,-1.0",23.307104110717773,23.321569442749023,3.789182186126709,0,0,0,0,0,0,0,0.7016158327460289,19.588275909423828,10.0,0.0,165.57486185550823,3.4924596548080444e-06,
0,navstack-1725537082607,navstack,overtaking,HandCrafted,,,1725537104,723029851,"builtin_interfaces.msg.Time(sec=1725537090, nanosec=443030118)",120.0,Handcrafted_LabStudy,1,1,"-12.0,1.0,0.5","-0.0,0.0,-0.0,-1.0","12.0,-0.0,0.0","-0.0,0.0,-0.0,-1.0",23.307104110717773,23.321569442749023,3.789182186126709,0,0,0,0,0,0,0,0.7016158327460289,19.588275909423828,10.0,0.0,165.57486185550823,4.656612873077393e-06,
0,navstack-1725537082607,navstack,overtaking,HandCrafted,,,1725537104,743029356,"builtin_interfaces.msg.Time(sec=1725537090, nanosec=443030118)",120.0,Handcrafted_LabStudy,1,1,"-12.0,1.0,0.5","-0.0,0.0,-0.0,-1.0","12.0,-0.0,0.0","-0.0,0.0,-0.0,-1.0",23.305038452148438,23.321569442749023,3.789182186126709,0,0,0,0,0,0,0,0.7016158327460289,19.588275909423828,10.0,0.0,165.47249814557713,9.313225746154785e-06,
0,navstack-1725537082607,navstack,overtaking,HandCrafted,,,1725537104,763029813,"builtin_interfaces.msg.Time(sec=1725537090, nanosec=443030118)",120.0,Handcrafted_LabStudy,1,1,"-12.0,1.0,0.5","-0.0,0.0,-0.0,-1.0","12.0,-0.0,0.0","-0.0,0.0,-0.0,-1.0",23.3029727935791,23.321569442749023,3.789182186126709,0,0,0,0,0,0,0,0.7016158327460289,19.588275909423828,10.0,0.0,165.38932878587494,9.313225746154785e-06,
0,navstack-1725537082607,navstack,overtaking,HandCrafted,,,1725537104,783030271,"builtin_interfaces.msg.Time(sec=1725537090, nanosec=443030118)",120.0,Handcrafted_LabStudy,1,1,"-12.0,1.0,0.5","-0.0,0.0,-0.0,-1.0","12.0,-0.0,0.0","-0.0,0.0,-0.0,-1.0",23.301273345947266,23.321569442749023,3.789182186126709,0,0,0,0,0,0,0,0.7016158327460289,19.588275909423828,10.0,0.0,201.05691135876262,46.0526123046875,
0,navstack-1725537082607,navstack,overtaking,HandCrafted,,,1725537104,783030271,"builtin_interfaces.msg.Time(sec=1725537090, nanosec=443030118)",120.0,Handcrafted_LabStudy,1,1,"-12.0,1.0,0.5","-0.0,0.0,-0.0,-1.0","12.0,-0.0,0.0","-0.0,0.0,-0.0,-1.0",23.301273345947266,23.321569442749023,3.789182186126709,0,0,0,0,0,0,0,0.7016158327460289,19.588275909423828,10.0,0.0,201.4373909891922,46.0526123046875,
0,navstack-1725537082607,navstack,overtaking,HandCrafted,,,1725537104,803029775,"builtin_interfaces.msg.Time(sec=1725537090, nanosec=443030118)",120.0,Handcrafted_LabStudy,1,1,"-12.0,1.0,0.5","-0.0,0.0,-0.0,-1.0","12.0,-0.0,0.0","-0.0,0.0,-0.0,-1.0",23.29957389831543,23.321569442749023,3.789182186126709,0,0,0,0,0,0,0,0.7016158327460289,19.588275909423828,10.0,0.0,201.41142467076003,4.656612873077393e-06,
0,navstack-1725537082607,navstack,overtaking,HandCrafted,,,1725537104,823029994,"builtin_interfaces.msg.Time(sec=1725537090, nanosec=443030118)",120.0,Handcrafted_LabStudy,1,1,"-12.0,1.0,0.5","-0.0,0.0,-0.0,-1.0","12.0,-0.0,0.0","-0.0,0.0,-0.0,-1.0",23.29787826538086,23.321569442749023,3.789182186126709,0,0,0,0,0,0,0,0.7016158327460289,19.588275909423828,10.0,0.0,201.32693858879628,4.656612873077393e-06,
0,navstack-1725537082607,navstack,overtaking,HandCrafted,,,1725537104,843029499,"builtin_interfaces.msg.Time(sec=1725537090, nanosec=443030118)",120.0,Handcrafted_LabStudy,1,1,"-12.0,1.0,0.5","-0.0,0.0,-0.0,-1.0","12.0,-0.0,0.0","-0.0,0.0,-0.0,-1.0",23.296180725097656,23.321569442749023,3.789182186126709,0,0,0,0,0,0,0,0.7016158327460289,19.588275909423828,10.0,0.0,201.18591112946723,3.4924596548080444e-06,
0,navstack-1725537082607,navstack,overtaking,HandCrafted,,,1725537104,843029499,"builtin_interfaces.msg.Time(sec=1725537090, nanosec=443030118)",120.0,Handcrafted_LabStudy,1,1,"-12.0,1.0,0.5","-0.0,0.0,-0.0,-1.0","12.0,-0.0,0.0","-0.0,0.0,-0.0,-1.0",23.296180725097656,23.321569442749023,3.789182186126709,0,0,0,0,0,0,0,0.7016158327460289,19.588275909423828,10.0,0.0,201.18591112946723,3.4924596548080444e-06,
0,navstack-1725537082607,navstack,overtaking,HandCrafted,,,1725537104,863029956,"builtin_interfaces.msg.Time(sec=1725537090, nanosec=443030118)",120.0,Handcrafted_LabStudy,1,1,"-12.0,1.0,0.5","-0.0,0.0,-0.0,-1.0","12.0,-0.0,0.0","-0.0,0.0,-0.0,-1.0",23.29448127746582,23.321569442749023,3.789182186126709,0,0,0,0,0,0,0,0.7016158327460289,19.588275909423828,10.0,0.0,201.03777946526841,3.4924596548080444e-06,
0,navstack-1725537082607,navstack,overtaking,HandCrafted,,,1725537104,863029956,"builtin_interfaces.msg.Time(sec=1725537090, nanosec=443030118)",120.0,Handcrafted_LabStudy,1,1,"-12.0,1.0,0.5","-0.0,0.0,-0.0,-1.0","12.0,-0.0,0.0","-0.0,0.0,-0.0,-1.0",23.29448127746582,23.321569442749023,3.789182186126709,0,0,0,0,0,0,0,0.7016158327460289,19.588275909423828,10.0,0.0,201.03777946526841,3.4924596548080444e-06,
0,navstack-1725537082607,navstack,overtaking,HandCrafted,,,1725537104,883029460,"builtin_interfaces.msg.Time(sec=1725537090, nanosec=443030118)",120.0,Handcrafted_LabStudy,1,1,"-12.0,1.0,0.5","-0.0,0.0,-0.0,-1.0","12.0,-0.0,0.0","-0.0,0.0,-0.0,-1.0",23.292783737182617,23.321569442749023,3.789182186126709,0,0,0,0,0,0,0,0.7016158327460289,19.588275909423828,10.0,0.0,200.94045635488496,0.0,
0,navstack-1725537082607,navstack,overtaking,HandCrafted,,,1725537104,883029460,"builtin_interfaces.msg.Time(sec=1725537090, nanosec=443030118)",120.0,Handcrafted_LabStudy,1,1,"-12.0,1.0,0.5","-0.0,0.0,-0.0,-1.0","12.0,-0.0,0.0","-0.0,0.0,-0.0,-1.0",23.292783737182617,23.321569442749023,3.789182186126709,0,0,0,0,0,0,0,0.7016158327460289,19.588275909423828,10.0,0.0,200.94045635488496,0.0,
0,navstack-1725537082607,navstack,overtaking,HandCrafted,,,1725537104,903029918,"builtin_interfaces.msg.Time(sec=1725537090, nanosec=443030118)",120.0,Handcrafted_LabStudy,1,1,"-12.0,1.0,0.5","-0.0,0.0,-0.0,-1.0","12.0,-0.0,0.0","-0.0,0.0,-0.0,-1.0",23.291086196899414,23.321569442749023,3.789182186126709,0,0,0,0,0,0,0,0.7016158327460289,19.588275909423828,10.0,0.0,200.85115919747145,4.656612873077393e-06,
0,navstack-1725537082607,navstack,overtaking,HandCrafted,,,1725537104,923029422,"builtin_interfaces.msg.Time(sec=1725537090, nanosec=443030118)",120.0,Handcrafted_LabStudy,1,1,"-12.0,1.0,0.5","-0.0,0.0,-0.0,-1.0","12.0,-0.0,0.0","-0.0,0.0,-0.0,-1.0",23.28938865661621,23.321569442749023,3.789182186126709,0,0,0,0,0,0,0,0.7016158327460289,19.588275909423828,10.0,0.0,201.20182814544125,4.656612873077393e-06,
0,navstack-1725537082607,navstack,overtaking,HandCrafted,,,1725537104,923029422,"builtin_interfaces.msg.Time(sec=1725537090, nanosec=443030118)",120.0,Handcrafted_LabStudy,1,1,"-12.0,1.0,0.5","-0.0,0.0,-0.0,-1.0","12.0,-0.0,0.0","-0.0,0.0,-0.0,-1.0",23.28938865661621,23.321569442749023,3.789182186126709,0,0,0,0,0,0,0,0.7016158327460289,19.588275909423828,10.0,0.0,201.20182814544125,0.0,
0,navstack-1725537082607,navstack,overtaking,HandCrafted,,,1725537104,943030118,"builtin_interfaces.msg.Time(sec=1725537090, nanosec=443030118)",120.0,Handcrafted_LabStudy,1,1,"-12.0,1.0,0.5","-0.0,0.0,-0.0,-1.0","12.0,-0.0,0.0","-0.0,0.0,-0.0,-1.0",23.287689208984375,23.321569442749023,3.789182186126709,0,0,0,0,0,0,0,0.7016158327460289,19.588275909423828,10.0,0.0,201.07648323882106,3.7416251871036366e-05,
0,navstack-1725537082607,navstack,overtaking,HandCrafted,,,1725537104,963029623,"builtin_interfaces.msg.Time(sec=1725537090, nanosec=443030118)",120.0,Handcrafted_LabStudy,1,1,"-12.0,1.0,0.5","-0.0,0.0,-0.0,-1.0","12.0,-0.0,0.0","-0.0,0.0,-0.0,-1.0",23.285991668701172,23.321569442749023,3.789182186126709,0,0,0,0,0,0,0,0.7016158327460289,19.588275909423828,10.0,0.0,200.98516271587997,3.732558980118483e-05,
0,navstack-1725537082607,navstack,overtaking,HandCrafted,,,1725537104,963029623,"builtin_interfaces.msg.Time(sec=1725537090, nanosec=443030118)",120.0,Handcrafted_LabStudy,1,1,"-12.0,1.0,0.5","-0.0,0.0,-0.0,-1.0","12.0,-0.0,0.0","-0.0,0.0,-0.0,-1.0",23.285991668701172,23.321569442749023,3.789182186126709,0,0,0,0,0,0,0,0.7016158327460289,19.588275909423828,10.0,0.0,200.98516271587997,1.1641532182693481e-06,
0,navstack-1725537082607,navstack,overtaking,HandCrafted,,,1725537104,963029623,"builtin_interfaces.msg.Time(sec=1725537090, nanosec=443030118)",120.0,Handcrafted_LabStudy,1,1,"-12.0,1.0,0.5","-0.0,0.0,-0.0,-1.0","12.0,-0.0,0.0","-0.0,0.0,-0.0,-1.0",23.285991668701172,23.321569442749023,3.789182186126709,0,0,0,0,0,0,0,0.7016158327460289,19.588275909423828,10.0,0.0,200.98516271587997,0.0,
0,navstack-1725537082607,navstack,overtaking,HandCrafted,,,1725537104,983030080,"builtin_interfaces.msg.Time(sec=1725537090, nanosec=443030118)",120.0,Handcrafted_LabStudy,1,1,"-12.0,1.0,0.5","-0.0,0.0,-0.0,-1.0","12.0,-0.0,0.0","-0.0,0.0,-0.0,-1.0",23.28429412841797,23.321569442749023,3.789182186126709,0,0,0,0,0,0,0,0.7016158327460289,19.588275909423828,10.0,0.0,200.89975487081517,2.3283064365386963e-06,
0,navstack-1725537082607,navstack,overtaking,HandCrafted,,,1725537105,3029584,"builtin_interfaces.msg.Time(sec=1725537090, nanosec=443030118)",120.0,Handcrafted_LabStudy,1,1,"-12.0,1.0,0.5","-0.0,0.0,-0.0,-1.0","12.0,-0.0,0.0","-0.0,0.0,-0.0,-1.0",23.282596588134766,23.321569442749023,3.789182186126709,0,0,0,0,0,0,0,0.7016158327460289,19.588275909423828,10.0,0.0,200.8411676520105,4.656612873077393e-06,
0,navstack-1725537082607,navstack,overtaking,HandCrafted,,,1725537105,23030042,"builtin_interfaces.msg.Time(sec=1725537090, nanosec=443030118)",120.0,Handcrafted_LabStudy,1,1,"-12.0,1.0,0.5","-0.0,0.0,-0.0,-1.0","12.0,-0.0,0.0","-0.0,0.0,-0.0,-1.0",23.28089714050293,23.321569442749023,3.789182186126709,0,0,0,0,0,0,0,0.7016158327460289,19.588275909423828,10.0,0.0,200.87700342590716,2.3283064365386963e-06,
0,navstack-1725537082607,navstack,overtaking,HandCrafted,,,1725537105,43029546,"builtin_interfaces.msg.Time(sec=1725537090, nanosec=443030118)",120.0,Handcrafted_LabStudy,1,1,"-12.0,1.0,0.5","-0.0,0.0,-0.0,-1.0","12.0,-0.0,0.0","-0.0,0.0,-0.0,-1.0",23.279199600219727,23.321569442749023,3.789182186126709,0,0,0,0,0,0,0,0.7016158327460289,19.588275909423828,10.0,0.0,200.91576181624453,0.0,
0,navstack-1725537082607,navstack,overtaking,HandCrafted,,,1725537105,63030004,"builtin_interfaces.msg.Time(sec=1725537090, nanosec=443030118)",120.0,Handcrafted_LabStudy,1,1,"-12.0,1.0,0.5","-0.0,0.0,-0.0,-1.0","12.0,-0.0,0.0","-0.0,0.0,-0.0,-1.0",23.277502059936523,23.321569442749023,3.789182186126709,0,0,0,0,0,0,0,0.7016158327460289,19.588275909423828,10.0,0.0,200.9425149975099,0.0,
0,navstack-1725537082607,navstack,overtaking,HandCrafted,,,1725537105,63030004,"builtin_interfaces.msg.Time(sec=1725537090, nanosec=443030118)",120.0,Handcrafted_LabStudy,1,1,"-12.0,1.0,0.5","-0.0,0.0,-0.0,-1.0","12.0,-0.0,0.0","-0.0,0.0,-0.0,-1.0",23.277502059936523,23.321569442749023,3.789182186126709,0,0,0,0,0,0,0,0.7016158327460289,19.588275909423828,10.0,0.0,200.9425149975099,0.0,
0,navstack-1725537082607,navstack,overtaking,HandCrafted,,,1725537105,83029270,"builtin_interfaces.msg.Time(sec=1725537090, nanosec=443030118)",120.0,Handcrafted_LabStudy,1,1,"-12.0,1.0,0.5","-0.0,0.0,-0.0,-1.0","12.0,-0.0,0.0","-0.0,0.0,-0.0,-1.0",23.27580451965332,23.321569442749023,3.789182186126709,0,0,0,0,0,0,0,0.7016158327460289,19.588275909423828,10.0,0.0,200.96254616096152,6.984919309616089e-06,
0,navstack-1725537082607,navstack,overtaking,HandCrafted,,,1725537105,83029270,"builtin_interfaces.msg.Time(sec=1725537090, nanosec=443030118)",120.0,Handcrafted_LabStudy,1,1,"-12.0,1.0,0.5","-0.0,0.0,-0.0,-1.0","12.0,-0.0,0.0","-0.0,0.0,-0.0,-1.0",23.27580451965332,23.321569442749023,3.789182186126709,0,0,0,0,0,0,0,0.7016158327460289,19.588275909423828,10.0,0.0,200.96254616096152,6.984919309616089e-06,
0,navstack-1725537082607,navstack,overtaking,HandCrafted,,,1725537105,103029727,"builtin_interfaces.msg.Time(sec=1725537090, nanosec=443030118)",120.0,Handcrafted_LabStudy,1,1,"-12.0,1.0,0.5","-0.0,0.0,-0.0,-1.0","12.0,-0.0,0.0","-0.0,0.0,-0.0,-1.0",23.274105072021484,23.321569442749023,3.789182186126709,0,0,0,0,0,0,0,0.7016158327460289,19.588275909423828,10.0,0.0,200.96769446223024,0.0,
0,navstack-1725537082607,navstack,overtaking,HandCrafted,,,1725537105,123029232,"builtin_interfaces.msg.Time(sec=1725537090, nanosec=443030118)",120.0,Handcrafted_LabStudy,1,1,"-12.0,1.0,0.5","-0.0,0.0,-0.0,-1.0","12.0,-0.0,0.0","-0.0,0.0,-0.0,-1.0",23.272777557373047,23.321569442749023,3.789182186126709,0,0,0,0,0,0,0,0.7016158327460289,19.588275909423828,10.0,0.0,256.670927808182,46.05265426635742,
0,navstack-1725537082607,navstack,overtaking,HandCrafted,,,1725537105,143029689,"builtin_interfaces.msg.Time(sec=1725537090, nanosec=443030118)",120.0,Handcrafted_LabStudy,1,1,"-12.0,1.0,0.5","-0.0,0.0,-0.0,-1.0","12.0,-0.0,0.0","-0.0,0.0,-0.0,-1.0",23.271446228027344,23.321569442749023,3.789182186126709,0,0,0,0,0,0,0,0.7016158327460289,19.588275909423828,10.0,0.0,256.7054374245727,46.05265426635742,
0,navstack-1725537082607,navstack,overtaking,HandCrafted,,,1725537105,163029193,"builtin_interfaces.msg.Time(sec=1725537090, nanosec=443030118)",120.0,Handcrafted_LabStudy,1,1,"-12.0,1.0,0.5","-0.0,0.0,-0.0,-1.0","12.0,-0.0,0.0","-0.0,0.0,-0.0,-1.0",23.270116806030273,23.321569442749023,3.789182186126709,0,0,0,0,0,0,0,0.7016158327460289,19.588275909423828,10.0,0.0,256.7495362355346,2.3283064365386963e-06,
0,navstack-1725537082607,navstack,overtaking,HandCrafted,,,1725537105,183029890,"builtin_interfaces.msg.Time(sec=1725537090, nanosec=443030118)",120.0,Handcrafted_LabStudy,1,1,"-12.0,1.0,0.5","-0.0,0.0,-0.0,-1.0","12.0,-0.0,0.0","-0.0,0.0,-0.0,-1.0",23.268787384033203,23.321569442749023,3.789182186126709,0,0,0,0,0,0,0,0.7016158327460289,19.588275909423828,10.0,0.0,256.80979886848314,1.1641532182693481e-06,
0,navstack-1725537082607,navstack,overtaking,HandCrafted,,,1725537105,203029394,"builtin_interfaces.msg.Time(sec=1725537090, nanosec=443030118)",120.0,Handcrafted_LabStudy,1,1,"-12.0,1.0,0.5","-0.0,0.0,-0.0,-1.0","12.0,-0.0,0.0","-0.0,0.0,-0.0,-1.0",23.267457962036133,23.321569442749023,3.789182186126709,0,0,0,0,0,0,0,0.7016158327460289,19.588275909423828,10.0,0.0,256.8611613507818,0.0,
0,navstack-1725537082607,navstack,overtaking,HandCrafted,,,1725537105,223029851,"builtin_interfaces.msg.Time(sec=1725537090, nanosec=443030118)",120.0,Handcrafted_LabStudy,1,1,"-12.0,1.0,0.5","-0.0,0.0,-0.0,-1.0","12.0,-0.0,0.0","-0.0,0.0,-0.0,-1.0",23.266128540039062,23.321569442749023,3.789182186126709,0,0,0,0,0,0,0,0.7016158327460289,19.588275909423828,10.0,0.0,256.885163047373,0.0,
0,navstack-1725537082607,navstack,overtaking,HandCrafted,,,1725537105,243029356,"builtin_interfaces.msg.Time(sec=1725537090, nanosec=443030118)",120.0,Handcrafted_LabStudy,1,1,"-12.0,1.0,0.5","-0.0,0.0,-0.0,-1.0","12.0,-0.0,0.0","-0.0,0.0,-0.0,-1.0",23.262298583984375,23.321569442749023,3.789182186126709,0,0,0,0,0,0,0,0.7016158327460289,19.588275909423828,10.0,0.0,88.59748963933386,312.50006103515625,
0,navstack-1725537082607,navstack,overtaking,HandCrafted,,,1725537105,243029356,"builtin_interfaces.msg.Time(sec=1725537090, nanosec=443030118)",120.0,Handcrafted_LabStudy,1,1,"-12.0,1.0,0.5","-0.0,0.0,-0.0,-1.0","12.0,-0.0,0.0","-0.0,0.0,-0.0,-1.0",23.262298583984375,23.321569442749023,3.789182186126709,0,0,0,0,0,0,0,0.7016158327460289,19.588275909423828,10.0,0.0,88.59748963933386,312.50006103515625,
0,navstack-1725537082607,navstack,overtaking,HandCrafted,,,1725537105,263029813,"builtin_interfaces.msg.Time(sec=1725537090, nanosec=443030118)",120.0,Handcrafted_LabStudy,1,1,"-12.0,1.0,0.5","-0.0,0.0,-0.0,-1.0","12.0,-0.0,0.0","-0.0,0.0,-0.0,-1.0",23.258468627929688,23.321569442749023,3.789182186126709,0,0,0,0,0,0,0,0.7016158327460289,19.588275909423828,10.0,0.0,88.24827740058619,1.5319242477416992,
0,navstack-1725537082607,navstack,overtaking,HandCrafted,,,1725537105,283029317,"builtin_interfaces.msg.Time(sec=1725537090, nanosec=443030118)",120.0,Handcrafted_LabStudy,1,1,"-12.0,1.0,0.5","-0.0,0.0,-0.0,-1.0","12.0,-0.0,0.0","-0.0,0.0,-0.0,-1.0",23.253822326660156,23.321569442749023,3.789182186126709,0,0,0,0,0,0,0,0.7016158327460289,19.588275909423828,10.0,0.0,72.34050936705694,101.97057342529297,
0,navstack-1725537082607,navstack,overtaking,HandCrafted,,,1725537105,303029775,"builtin_interfaces.msg.Time(sec=1725537090, nanosec=443030118)",120.0,Handcrafted_LabStudy,1,1,"-12.0,1.0,0.5","-0.0,0.0,-0.0,-1.0","12.0,-0.0,0.0","-0.0,0.0,-0.0,-1.0",23.249177932739258,23.321569442749023,3.789182186126709,0,0,0,0,0,0,0,0.7016158327460289,19.588275909423828,10.0,0.0,72.04668302837362,101.99913024902344,
0,navstack-1725537082607,navstack,overtaking,HandCrafted,,,1725537105,303029775,"builtin_interfaces.msg.Time(sec=1725537090, nanosec=443030118)",120.0,Handcrafted_LabStudy,1,1,"-12.0,1.0,0.5","-0.0,0.0,-0.0,-1.0","12.0,-0.0,0.0","-0.0,0.0,-0.0,-1.0",23.249177932739258,23.321569442749023,3.789182186126709,0,0,0,0,0,0,0,0.7016158327460289,19.588275909423828,10.0,0.0,72.04668302837362,3.055069923400879,
0,navstack-1725537082607,navstack,overtaking,HandCrafted,,,1725537105,323029994,"builtin_interfaces.msg.Time(sec=1725537090, nanosec=443030118)",120.0,Handcrafted_LabStudy,1,1,"-12.0,1.0,0.5","-0.0,0.0,-0.0,-1.0","12.0,-0.0,0.0","-0.0,0.0,-0.0,-1.0",23.24453353881836,23.321569442749023,3.789182186126709,0,0,0,0,0,0,0,0.7016158327460289,19.588275909423828,10.0,0.0,71.84834131993719,3.0569255352020264,
0,navstack-1725537082607,navstack,overtaking,HandCrafted,,,1725537105,343029499,"builtin_interfaces.msg.Time(sec=1725537090, nanosec=443030118)",120.0,Handcrafted_LabStudy,1,1,"-12.0,1.0,0.5","-0.0,0.0,-0.0,-1.0","12.0,-0.0,0.0","-0.0,0.0,-0.0,-1.0",23.239891052246094,23.321569442749023,3.789182186126709,0,0,0,0,0,0,0,0.7016158327460289,19.588275909423828,10.0,0.0,71.76411410849796,1.8590916395187378,
0,navstack-1725537082607,navstack,overtaking,HandCrafted,,,1725537105,343029499,"builtin_interfaces.msg.Time(sec=1725537090, nanosec=443030118)",120.0,Handcrafted_LabStudy,1,1,"-12.0,1.0,0.5","-0.0,0.0,-0.0,-1.0","12.0,-0.0,0.0","-0.0,0.0,-0.0,-1.0",23.239891052246094,23.321569442749023,3.789182186126709,0,0,0,0,0,0,0,0.7016158327460289,19.588275909423828,10.0,0.0,71.76411410849796,1.1978468894958496,
0,navstack-1725537082607,navstack,overtaking,HandCrafted,,,1725537105,363029956,"builtin_interfaces.msg.Time(sec=1725537090, nanosec=443030118)",120.0,Handcrafted_LabStudy,1,1,"-12.0,1.0,0.5","-0.0,0.0,-0.0,-1.0","12.0,-0.0,0.0","-0.0,0.0,-0.0,-1.0",23.235244750976562,23.321569442749023,3.789182186126709,0,0,0,0,0,0,0,0.7016158327460289,19.588275909423828,10.0,0.0,71.70498947971257,1.1985540390014648,
0,navstack-1725537082607,navstack,overtaking,HandCrafted,,,1725537105,383029460,"builtin_interfaces.msg.Time(sec=1725537090, nanosec=443030118)",120.0,Handcrafted_LabStudy,1,1,"-12.0,1.0,0.5","-0.0,0.0,-0.0,-1.0","12.0,-0.0,0.0","-0.0,0.0,-0.0,-1.0",23.230600357055664,23.321569442749023,3.789182186126709,0,0,0,0,0,0,0,0.7016158327460289,19.588275909423828,10.0,0.0,71.49436124578756,0.0025764203164726496,
0,navstack-1725537082607,navstack,overtaking,HandCrafted,,,1725537105,383029460,"builtin_interfaces.msg.Time(sec=1725537090, nanosec=443030118)",120.0,Handcrafted_LabStudy,1,1,"-12.0,1.0,0.5","-0.0,0.0,-0.0,-1.0","12.0,-0.0,0.0","-0.0,0.0,-0.0,-1.0",23.230600357055664,23.321569442749023,3.789182186126709,0,0,0,0,0,0,0,0.7016158327460289,19.588275909423828,10.0,0.0,71.42179558031826,1.1978259086608887,
0,navstack-1725537082607,navstack,overtaking,HandCrafted,,,1725537105,403029918,"builtin_interfaces.msg.Time(sec=1725537090, nanosec=443030118)",120.0,Handcrafted_LabStudy,1,1,"-12.0,1.0,0.5","-0.0,0.0,-0.0,-1.0","12.0,-0.0,0.0","-0.0,0.0,-0.0,-1.0",23.2259578704834,23.321569442749023,3.789182186126709,0,0,0,0,0,0,0,0.7016158327460289,19.588275909423828,10.0,0.0,71.22738910445133,3.05631685256958,
0,navstack-1725537082607,navstack,overtaking,HandCrafted,,,1725537105,423029422,"builtin_interfaces.msg.Time(sec=1725537090, nanosec=443030118)",120.0,Handcrafted_LabStudy,1,1,"-12.0,1.0,0.5","-0.0,0.0,-0.0,-1.0","12.0,-0.0,0.0","-0.0,0.0,-0.0,-1.0",23.2213134765625,23.321569442749023,3.789182186126709,0,0,0,0,0,0,0,0.7016158327460289,19.588275909423828,10.0,0.0,71.0929855221189,0.01460131537169218,
0,navstack-1725537082607,navstack,overtaking,HandCrafted,,,1725537105,443030118,"builtin_interfaces.msg.Time(sec=1725537090, nanosec=443030118)",120.0,Handcrafted_LabStudy,1,1,"-12.0,1.0,0.5","-0.0,0.0,-0.0,-1.0","12.0,-0.0,0.0","-0.0,0.0,-0.0,-1.0",23.216672897338867,23.321569442749023,3.789182186126709,0,0,0,0,0,0,0,0.7016158327460289,19.588275909423828,10.0,0.0,70.95136815516965,0.02048894762992859,
0,navstack-1725537082607,navstack,overtaking,HandCrafted,,,1725537105,443030118,"builtin_interfaces.msg.Time(sec=1725537090, nanosec=443030118)",120.0,Handcrafted_LabStudy,1,1,"-12.0,1.0,0.5","-0.0,0.0,-0.0,-1.0","12.0,-0.0,0.0","-0.0,0.0,-0.0,-1.0",23.216672897338867,23.321569442749023,3.789182186126709,0,0,0,0,0,0,0,0.7016158327460289,19.588275909423828,10.0,0.0,70.95136815516965,3.0566978454589844,
0,navstack-1725537082607,navstack,overtaking,HandCrafted,,,1725537105,463029623,"builtin_interfaces.msg.Time(sec=1725537090, nanosec=443030118)",120.0,Handcrafted_LabStudy,1,1,"-12.0,1.0,0.5","-0.0,0.0,-0.0,-1.0","12.0,-0.0,0.0","-0.0,0.0,-0.0,-1.0",23.2120304107666,23.321569442749023,3.789182186126709,0,0,0,0,0,0,0,0.7016158327460289,19.588275909423828,10.0,0.0,70.89342285916162,1.8334099054336548,
0,navstack-1725537082607,navstack,overtaking,HandCrafted,,,1725537105,483030080,"builtin_interfaces.msg.Time(sec=1725537090, nanosec=443030118)",120.0,Handcrafted_LabStudy,1,1,"-12.0,1.0,0.5","-0.0,0.0,-0.0,-1.0","12.0,-0.0,0.0","-0.0,0.0,-0.0,-1.0",23.2073917388916,23.321569442749023,3.789182186126709,0,0,0,0,0,0,0,0.7016158327460289,19.588275909423828,10.0,0.0,70.83219294051742,0.004950032103806734,
0,navstack-1725537082607,navstack,overtaking,HandCrafted,,,1725537105,483030080,"builtin_interfaces.msg.Time(sec=1725537090, nanosec=443030118)",120.0,Handcrafted_LabStudy,1,1,"-12.0,1.0,0.5","-0.0,0.0,-0.0,-1.0","12.0,-0.0,0.0","-0.0,0.0,-0.0,-1.0",23.2073917388916,23.321569442749023,3.789182186126709,0,0,0,0,0,0,0,0.7016158327460289,19.588275909423828,10.0,0.0,70.83219294051742,1.8334242105484009,
0,navstack-1725537082607,navstack,overtaking,HandCrafted,,,1725537105,503029584,"builtin_interfaces.msg.Time(sec=1725537090, nanosec=443030118)",120.0,Handcrafted_LabStudy,1,1,"-12.0,1.0,0.5","-0.0,0.0,-0.0,-1.0","12.0,-0.0,0.0","-0.0,0.0,-0.0,-1.0",23.20275115966797,23.321569442749023,3.789182186126709,0,0,0,0,0,0,0,0.7016158327460289,19.588275909423828,10.0,0.0,70.77520387020066,1.8341675996780396,
0,navstack-1725537082607,navstack,overtaking,HandCrafted,,,1725537105,503029584,"builtin_interfaces.msg.Time(sec=1725537090, nanosec=443030118)",120.0,Handcrafted_LabStudy,1,1,"-12.0,1.0,0.5","-0.0,0.0,-0.0,-1.0","12.0,-0.0,0.0","-0.0,0.0,-0.0,-1.0",23.20275115966797,23.321569442749023,3.789182186126709,0,0,0,0,0,0,0,0.7016158327460289,19.588275909423828,10.0,0.0,70.72378394428374,1.8341675996780396,
0,navstack-1725537082607,navstack,overtaking,HandCrafted,,,1725537105,523030042,"builtin_interfaces.msg.Time(sec=1725537090, nanosec=443030118)",120.0,Handcrafted_LabStudy,1,1,"-12.0,1.0,0.5","-0.0,0.0,-0.0,-1.0","12.0,-0.0,0.0","-0.0,0.0,-0.0,-1.0",23.198110580444336,23.321569442749023,3.789182186126709,0,0,0,0,0,0,0,0.7016158327460289,19.588275909423828,10.0,0.0,70.60913743389906,1.8337948322296143,
0,navstack-1725537082607,navstack,overtaking,HandCrafted,,,1725537105,543029546,"builtin_interfaces.msg.Time(sec=1725537090, nanosec=443030118)",120.0,Handcrafted_LabStudy,1,1,"-12.0,1.0,0.5","-0.0,0.0,-0.0,-1.0","12.0,-0.0,0.0","-0.0,0.0,-0.0,-1.0",23.19347381591797,23.321569442749023,3.789182186126709,0,0,0,0,0,0,0,0.7016158327460289,19.588275909423828,10.0,0.0,70.55095767954961,1.223190188407898,
0,navstack-1725537082607,navstack,overtaking,HandCrafted,,,1725537105,563030004,"builtin_interfaces.msg.Time(sec=1725537090, nanosec=443030118)",120.0,Handcrafted_LabStudy,1,1,"-12.0,1.0,0.5","-0.0,0.0,-0.0,-1.0","12.0,-0.0,0.0","-0.0,0.0,-0.0,-1.0",23.188838958740234,23.321569442749023,3.789182186126709,0,0,0,0,0,0,0,0.7016158327460289,19.588275909423828,10.0,0.0,70.50792322630564,0.01466283854097128,
0,navstack-1725537082607,navstack,overtaking,HandCrafted,,,1725537105,583029270,"builtin_interfaces.msg.Time(sec=1725537090, nanosec=443030118)",120.0,Handcrafted_LabStudy,1,1,"-12.0,1.0,0.5","-0.0,0.0,-0.0,-1.0","12.0,-0.0,0.0","-0.0,0.0,-0.0,-1.0",23.184202194213867,23.321569442749023,3.789182186126709,0,0,0,0,0,0,0,0.7016158327460289,19.588275909423828,10.0,0.0,70.39844880082516,0.0206166859716177,
0,navstack-1725537082607,navstack,overtaking,HandCrafted,,,1725537105,603029727,"builtin_interfaces.msg.Time(sec=1725537090, nanosec=443030118)",120.0,Handcrafted_LabStudy,1,1,"-12.0,1.0,0.5","-0.0,0.0,-0.0,-1.0","12.0,-0.0,0.0","-0.0,0.0,-0.0,-1.0",23.179569244384766,23.321569442749023,3.789182186126709,0,0,0,0,0,0,0,0.7016158327460289,19.588275909423828,10.0,0.0,70.3673305991922,0.013808080926537514,
0,navstack-1725537082607,navstack,overtaking,HandCrafted,,,1725537105,603029727,"builtin_interfaces.msg.Time(sec=1725537090, nanosec=443030118)",120.0,Handcrafted_LabStudy,1,1,"-12.0,1.0,0.5","-0.0,0.0,-0.0,-1.0","12.0,-0.0,0.0","-0.0,0.0,-0.0,-1.0",23.179569244384766,23.179569244384766,3.6879029273986816,0,0,0,0,0,0,0,0.8436512425541878,24.048850536346436,10.0,0.0,70.32877592926168,3.05631685256958,
0,navstack-1725537082607,navstack,overtaking,HandCrafted,,,1725537105,623029232,"builtin_interfaces.msg.Time(sec=1725537090, nanosec=443030118)",120.0,Handcrafted_LabStudy,1,1,"-12.0,1.0,0.5","-0.0,0.0,-0.0,-1.0","12.0,-0.0,0.0","-0.0,0.0,-0.0,-1.0",23.17494010925293,23.179569244384766,3.6879029273986816,0,0,0,0,0,0,0,0.8436512425541878,24.048850536346436,10.0,0.0,70.2805348990765,3.05570912361145,
0,navstack-1725537082607,navstack,overtaking,HandCrafted,,,1725537105,643029689,"builtin_interfaces.msg.Time(sec=1725537090, nanosec=443030118)",120.0,Handcrafted_LabStudy,1,1,"-12.0,1.0,0.5","-0.0,0.0,-0.0,-1.0","12.0,-0.0,0.0","-0.0,0.0,-0.0,-1.0",23.170310974121094,23.179569244384766,3.6879029273986816,0,0,0,0,0,0,0,0.8436512425541878,24.048850536346436,10.0,0.0,70.25506351258292,0.014720886945724487,
0,navstack-1725537082607,navstack,overtaking,HandCrafted,,,1725537105,663029193,"builtin_interfaces.msg.Time(sec=1725537090, nanosec=443030118)",120.0,Handcrafted_LabStudy,1,1,"-12.0,1.0,0.5","-0.0,0.0,-0.0,-1.0","12.0,-0.0,0.0","-0.0,0.0,-0.0,-1.0",23.16568374633789,23.179569244384766,3.6879029273986816,0,0,0,0,0,0,0,0.8436512425541878,24.048850536346436,10.0,0.0,70.25615617080425,0.016074402257800102,
0,navstack-1725537082607,navstack,overtaking,HandCrafted,,,1725537105,683029890,"builtin_interfaces.msg.Time(sec=1725537090, nanosec=443030118)",120.0,Handcrafted_LabStudy,1,1,"-12.0,1.0,0.5","-0.0,0.0,-0.0,-1.0","12.0,-0.0,0.0","-0.0,0.0,-0.0,-1.0",23.16105842590332,23.179569244384766,3.6879029273986816,0,0,0,0,0,0,0,0.8436512425541878,24.048850536346436,10.0,0.0,70.18098803232536,0.016149083152413368,
0,navstack-1725537082607,navstack,overtaking,HandCrafted,,,1725537105,703029394,"builtin_interfaces.msg.Time(sec=1725537090, nanosec=443030118)",120.0,Handcrafted_LabStudy,1,1,"-12.0,1.0,0.5","-0.0,0.0,-0.0,-1.0","12.0,-0.0,0.0","-0.0,0.0,-0.0,-1.0",23.156436920166016,23.179569244384766,3.6879029273986816,0,0,0,0,0,0,0,0.8436512425541878,24.048850536346436,10.0,0.0,70.18122744037807,0.014585624448955059,
0,navstack-1725537082607,navstack,overtaking,HandCrafted,,,1725537105,703029394,"builtin_interfaces.msg.Time(sec=1725537090, nanosec=443030118)",120.0,Handcrafted_LabStudy,1,1,"-12.0,1.0,0.5","-0.0,0.0,-0.0,-1.0","12.0,-0.0,0.0","-0.0,0.0,-0.0,-1.0",23.156436920166016,23.179569244384766,3.6879029273986816,0,0,0,0,0,0,0,0.8436512425541878,24.048850536346436,10.0,0.0,70.18122744037807,3.056325674057007,
0,navstack-1725537082607,navstack,overtaking,HandCrafted,,,1725537105,723029851,"builtin_interfaces.msg.Time(sec=1725537090, nanosec=443030118)",120.0,Handcrafted_LabStudy,1,1,"-12.0,1.0,0.5","-0.0,0.0,-0.0,-1.0","12.0,-0.0,0.0","-0.0,0.0,-0.0,-1.0",23.151817321777344,23.179569244384766,3.6879029273986816,0,0,0,0,0,0,0,0.8436512425541878,24.048850536346436,10.0,0.0,70.18677100924893,3.0556609630584717,
0,navstack-1725537082607,navstack,overtaking,HandCrafted,,,1725537105,723029851,"builtin_interfaces.msg.Time(sec=1725537090, nanosec=443030118)",120.0,Handcrafted_LabStudy,1,1,"-12.0,1.0,0.5","-0.0,0.0,-0.0,-1.0","12.0,-0.0,0.0","-0.0,0.0,-0.0,-1.0",23.151817321777344,23.179569244384766,3.6879029273986816,0,0,0,0,0,0,0,0.8436512425541878,24.048850536346436,10.0,0.0,70.14489566433335,3.0556609630584717,
0,navstack-1725537082607,navstack,overtaking,HandCrafted,,,1725537105,743029356,"builtin_interfaces.msg.Time(sec=1725537090, nanosec=443030118)",120.0,Handcrafted_LabStudy,1,1,"-12.0,1.0,0.5","-0.0,0.0,-0.0,-1.0","12.0,-0.0,0.0","-0.0,0.0,-0.0,-1.0",23.147201538085938,23.179569244384766,3.6879029273986816,0,0,0,0,0,0,0,0.8436512425541878,24.048850536346436,10.0,0.0,70.13357819918744,3.0576071739196777,
0,navstack-1725537082607,navstack,overtaking,HandCrafted,,,1725537105,763029813,"builtin_interfaces.msg.Time(sec=1725537090, nanosec=443030118)",120.0,Handcrafted_LabStudy,1,1,"-12.0,1.0,0.5","-0.0,0.0,-0.0,-1.0","12.0,-0.0,0.0","-0.0,0.0,-0.0,-1.0",23.142587661743164,23.179569244384766,3.6879029273986816,0,0,0,0,0,0,0,0.8436512425541878,24.048850536346436,10.0,0.0,70.14065848634131,0.01620108261704445,
0,navstack-1725537082607,navstack,overtaking,HandCrafted,,,1725537105,783029317,"builtin_interfaces.msg.Time(sec=1725537090, nanosec=443030118)",120.0,Handcrafted_LabStudy,1,1,"-12.0,1.0,0.5","-0.0,0.0,-0.0,-1.0","12.0,-0.0,0.0","-0.0,0.0,-0.0,-1.0",23.137975692749023,23.179569244384766,3.6879029273986816,0,0,0,0,0,0,0,0.8436512425541878,24.048850536346436,10.0,0.0,70.13978990588718,0.016084350645542145,
0,navstack-1725537082607,navstack,overtaking,HandCrafted,,,1725537105,783029317,"builtin_interfaces.msg.Time(sec=1725537090, nanosec=443030118)",120.0,Handcrafted_LabStudy,1,1,"-12.0,1.0,0.5","-0.0,0.0,-0.0,-1.0","12.0,-0.0,0.0","-0.0,0.0,-0.0,-1.0",23.137975692749023,23.179569244384766,3.6879029273986816,0,0,0,0,0,0,0,0.8436512425541878,24.048850536346436,10.0,0.0,70.13978990588718,3.056339740753174,
0,navstack-1725537082607,navstack,overtaking,HandCrafted,,,1725537105,803029775,"builtin_interfaces.msg.Time(sec=1725537090, nanosec=443030118)",120.0,Handcrafted_LabStudy,1,1,"-12.0,1.0,0.5","-0.0,0.0,-0.0,-1.0","12.0,-0.0,0.0","-0.0,0.0,-0.0,-1.0",23.133363723754883,23.179569244384766,3.6879029273986816,0,0,0,0,0,0,0,0.8436512425541878,24.048850536346436,10.0,0.0,70.14446095939849,1.1980645656585693,
0,navstack-1725537082607,navstack,overtaking,HandCrafted,,,1725537105,823029994,"builtin_interfaces.msg.Time(sec=1725537090, nanosec=443030118)",120.0,Handcrafted_LabStudy,1,1,"-12.0,1.0,0.5","-0.0,0.0,-0.0,-1.0","12.0,-0.0,0.0","-0.0,0.0,-0.0,-1.0",23.12875747680664,23.179569244384766,3.6879029273986816,0,0,0,0,0,0,0,0.8436512425541878,24.048850536346436,10.0,0.0,70.14819792223535,0.003029318992048502,
0,navstack-1725537082607,navstack,overtaking,HandCrafted,,,1725537105,823029994,"builtin_interfaces.msg.Time(sec=1725537090, nanosec=443030118)",120.0,Handcrafted_LabStudy,1,1,"-12.0,1.0,0.5","-0.0,0.0,-0.0,-1.0","12.0,-0.0,0.0","-0.0,0.0,-0.0,-1.0",23.12875747680664,23.179569244384766,3.6879029273986816,0,0,0,0,0,0,0,0.8436512425541878,24.048850536346436,10.0,0.0,70.14819792223535,1.1983020305633545,
0,navstack-1725537082607,navstack,overtaking,HandCrafted,,,1725537105,843029499,"builtin_interfaces.msg.Time(sec=1725537090, nanosec=443030118)",120.0,Handcrafted_LabStudy,1,1,"-12.0,1.0,0.5","-0.0,0.0,-0.0,-1.0","12.0,-0.0,0.0","-0.0,0.0,-0.0,-1.0",23.124149322509766,23.179569244384766,3.6879029273986816,0,0,0,0,0,0,0,0.8436512425541878,24.048850536346436,10.0,0.0,70.1679448392088,1.1979835033416748,
0,navstack-1725537082607,navstack,overtaking,HandCrafted,,,1725537105,843029499,"builtin_interfaces.msg.Time(sec=1725537090, nanosec=443030118)",120.0,Handcrafted_LabStudy,1,1,"-12.0,1.0,0.5","-0.0,0.0,-0.0,-1.0","12.0,-0.0,0.0","-0.0,0.0,-0.0,-1.0",23.124149322509766,23.179569244384766,3.6879029273986816,0,0,0,0,0,0,0,0.8436512425541878,24.048850536346436,10.0,0.0,70.1309457891285,1.1979835033416748,
0,navstack-1725537082607,navstack,overtaking,HandCrafted,,,1725537105,863029956,"builtin_interfaces.msg.Time(sec=1725537090, nanosec=443030118)",120.0,Handcrafted_LabStudy,1,1,"-12.0,1.0,0.5","-0.0,0.0,-0.0,-1.0","12.0,-0.0,0.0","-0.0,0.0,-0.0,-1.0",23.11954116821289,23.179569244384766,3.6879029273986816,0,0,0,0,0,0,0,0.8436512425541878,24.048850536346436,10.0,0.0,70.12012063442651,0.6112929582595825,
0,navstack-1725537082607,navstack,overtaking,HandCrafted,,,1725537105,883029460,"builtin_interfaces.msg.Time(sec=1725537090, nanosec=443030118)",120.0,Handcrafted_LabStudy,1,1,"-12.0,1.0,0.5","-0.0,0.0,-0.0,-1.0","12.0,-0.0,0.0","-0.0,0.0,-0.0,-1.0",23.11493492126465,23.179569244384766,3.6879029273986816,0,0,0,0,0,0,0,0.8436512425541878,24.048850536346436,10.0,0.0,70.11514791790322,0.007374004926532507,
0,navstack-1725537082607,navstack,overtaking,HandCrafted,,,1725537105,883029460,"builtin_interfaces.msg.Time(sec=1725537090, nanosec=443030118)",120.0,Handcrafted_LabStudy,1,1,"-12.0,1.0,0.5","-0.0,0.0,-0.0,-1.0","12.0,-0.0,0.0","-0.0,0.0,-0.0,-1.0",23.11493492126465,23.179569244384766,3.6879029273986816,0,0,0,0,0,0,0,0.8436512425541878,24.048850536346436,10.0,0.0,70.11514791790322,0.6110550761222839,
0,navstack-1725537082607,navstack,overtaking,HandCrafted,,,1725537105,903029918,"builtin_interfaces.msg.Time(sec=1725537090, nanosec=443030118)",120.0,Handcrafted_LabStudy,1,1,"-12.0,1.0,0.5","-0.0,0.0,-0.0,-1.0","12.0,-0.0,0.0","-0.0,0.0,-0.0,-1.0",23.11033058166504,23.179569244384766,3.6879029273986816,0,0,0,0,0,0,0,0.8436512425541878,24.048850536346436,10.0,0.0,70.10970240015497,0.6113685965538025,
0,navstack-1725537082607,navstack,overtaking,HandCrafted,,,1725537105,923029422,"builtin_interfaces.msg.Time(sec=1725537090, nanosec=443030118)",120.0,Handcrafted_LabStudy,1,1,"-12.0,1.0,0.5","-0.0,0.0,-0.0,-1.0","12.0,-0.0,0.0","-0.0,0.0,-0.0,-1.0",23.10572624206543,23.179569244384766,3.6879029273986816,0,0,0,0,0,0,0,0.8436512425541878,24.048850536346436,10.0,0.0,70.10373167867239,0.003111802274361253,
0,navstack-1725537082607,navstack,overtaking,HandCrafted,,,1725537105,943030118,"builtin_interfaces.msg.Time(sec=1725537090, nanosec=443030118)",120.0,Handcrafted_LabStudy,1,1,"-12.0,1.0,0.5","-0.0,0.0,-0.0,-1.0","12.0,-0.0,0.0","-0.0,0.0,-0.0,-1.0",23.101119995117188,23.179569244384766,3.6879029273986816,0,0,0,0,0,0,0,0.8436512425541878,24.048850536346436,10.0,0.0,70.08333967141311,0.007123101968318224,
0,navstack-1725537082607,navstack,overtaking,HandCrafted,,,1725537105,963029623,"builtin_interfaces.msg.Time(sec=1725537090, nanosec=443030118)",120.0,Handcrafted_LabStudy,1,1,"-12.0,1.0,0.5","-0.0,0.0,-0.0,-1.0","12.0,-0.0,0.0","-0.0,0.0,-0.0,-1.0",23.09651756286621,23.179569244384766,3.6879029273986816,0,0,0,0,0,0,0,0.8436512425541878,24.048850536346436,10.0,0.0,70.0571624850766,1.2228553295135498,
0,navstack-1725537082607,navstack,overtaking,HandCrafted,,,1725537105,983030080,"builtin_interfaces.msg.Time(sec=1725537090, nanosec=443030118)",120.0,Handcrafted_LabStudy,1,1,"-12.0,1.0,0.5","-0.0,0.0,-0.0,-1.0","12.0,-0.0,0.0","-0.0,0.0,-0.0,-1.0",23.091917037963867,23.179569244384766,3.6879029273986816,0,0,0,0,0,0,0,0.8436512425541878,24.048850536346436,10.0,0.0,70.06601140021255,0.005844789557158947,
0,navstack-1725537082607,navstack,overtaking,HandCrafted,,,1725537106,3029584,"builtin_interfaces.msg.Time(sec=1725537090, nanosec=443030118)",120.0,Handcrafted_LabStudy,1,1,"-12.0,1.0,0.5","-0.0,0.0,-0.0,-1.0","12.0,-0.0,0.0","-0.0,0.0,-0.0,-1.0",23.08732032775879,23.179569244384766,3.6879029273986816,0,0,0,0,0,0,0,0.8436512425541878,24.048850536346436,10.0,0.0,70.07536014382467,0.005714405793696642,
0,navstack-1725537082607,navstack,overtaking,HandCrafted,,,1725537106,3029584,"builtin_interfaces.msg.Time(sec=1725537090, nanosec=443030118)",120.0,Handcrafted_LabStudy,1,1,"-12.0,1.0,0.5","-0.0,0.0,-0.0,-1.0","12.0,-0.0,0.0","-0.0,0.0,-0.0,-1.0",23.08732032775879,23.179569244384766,3.6879029273986816,0,0,0,0,0,0,0,0.8436512425541878,24.048850536346436,10.0,0.0,70.07536014382467,1.83342707157135,
0,navstack-1725537082607,navstack,overtaking,HandCrafted,,,1725537106,23030042,"builtin_interfaces.msg.Time(sec=1725537090, nanosec=443030118)",120.0,Handcrafted_LabStudy,1,1,"-12.0,1.0,0.5","-0.0,0.0,-0.0,-1.0","12.0,-0.0,0.0","-0.0,0.0,-0.0,-1.0",23.08272361755371,23.179569244384766,3.6879029273986816,0,0,0,0,0,0,0,0.8436512425541878,24.048850536346436,10.0,0.0,70.10808185352397,1.8341985940933228,
0,navstack-1725537082607,navstack,overtaking,HandCrafted,,,1725537106,43029546,"builtin_interfaces.msg.Time(sec=1725537090, nanosec=443030118)",120.0,Handcrafted_LabStudy,1,1,"-12.0,1.0,0.5","-0.0,0.0,-0.0,-1.0","12.0,-0.0,0.0","-0.0,0.0,-0.0,-1.0",23.078128814697266,23.179569244384766,3.6879029273986816,0,0,0,0,0,0,0,0.8436512425541878,24.048850536346436,10.0,0.0,70.10017892029882,1.8341985940933228,
0,navstack-1725537082607,navstack,overtaking,HandCrafted,,,1725537106,43029546,"builtin_interfaces.msg.Time(sec=1725537090, nanosec=443030118)",120.0,Handcrafted_LabStudy,1,1,"-12.0,1.0,0.5","-0.0,0.0,-0.0,-1.0","12.0,-0.0,0.0","-0.0,0.0,-0.0,-1.0",23.078128814697266,23.179569244384766,3.6879029273986816,0,0,0,0,0,0,0,0.8436512425541878,24.048850536346436,10.0,0.0,70.07660378545593,0.0,
0,navstack-1725537082607,navstack,overtaking,HandCrafted,,,1725537106,63030004,"builtin_interfaces.msg.Time(sec=1725537090, nanosec=443030118)",120.0,Handcrafted_LabStudy,1,1,"-12.0,1.0,0.5","-0.0,0.0,-0.0,-1.0","12.0,-0.0,0.0","-0.0,0.0,-0.0,-1.0",23.073532104492188,23.179569244384766,3.6879029273986816,0,0,0,0,0,0,0,0.8436512425541878,24.048850536346436,10.0,0.0,70.06281959959811,0.0,
0,navstack-1725537082607,navstack,overtaking,HandCrafted,,,1725537106,83029270,"builtin_interfaces.msg.Time(sec=1725537090, nanosec=443030118)",120.0,Handcrafted_LabStudy,1,1,"-12.0,1.0,0.5","-0.0,0.0,-0.0,-1.0","12.0,-0.0,0.0","-0.0,0.0,-0.0,-1.0",23.06893539428711,23.179569244384766,3.6879029273986816,0,0,0,0,0,0,0,0.8436512425541878,24.048850536346436,10.0,0.0,70.04844227604582,9.313225746154785e-06,
0,navstack-1725537082607,navstack,overtaking,HandCrafted,,,1725537106,103029727,"builtin_interfaces.msg.Time(sec=1725537090, nanosec=443030118)",120.0,Handcrafted_LabStudy,1,1,"-12.0,1.0,0.5","-0.0,0.0,-0.0,-1.0","12.0,-0.0,0.0","-0.0,0.0,-0.0,-1.0",23.064340591430664,23.179569244384766,3.6879029273986816,0,0,0,0,0,0,0,0.8436512425541878,24.048850536346436,10.0,0.0,70.04702250386745,0.6112573742866516,
0,navstack-1725537082607,navstack,overtaking,HandCrafted,,,1725537106,123029232,"builtin_interfaces.msg.Time(sec=1725537090, nanosec=443030118)",120.0,Handcrafted_LabStudy,1,1,"-12.0,1.0,0.5","-0.0,0.0,-0.0,-1.0","12.0,-0.0,0.0","-0.0,0.0,-0.0,-1.0",23.05974578857422,23.179569244384766,3.6879029273986816,0,0,0,0,0,0,0,0.8436512425541878,24.048850536346436,10.0,0.0,70.04656056936469,0.003131031058728695,
0,navstack-1725537082607,navstack,overtaking,HandCrafted,,,1725537106,143029689,"builtin_interfaces.msg.Time(sec=1725537090, nanosec=443030118)",120.0,Handcrafted_LabStudy,1,1,"-12.0,1.0,0.5","-0.0,0.0,-0.0,-1.0","12.0,-0.0,0.0","-0.0,0.0,-0.0,-1.0",23.055150985717773,23.179569244384766,3.6879029273986816,0,0,0,0,0,0,0,0.8436512425541878,24.048850536346436,10.0,0.0,70.01531636466605,0.007128871511667967,
0,navstack-1725537082607,navstack,overtaking,HandCrafted,,,1725537106,163029193,"builtin_interfaces.msg.Time(sec=1725537090, nanosec=443030118)",120.0,Handcrafted_LabStudy,1,1,"-12.0,1.0,0.5","-0.0,0.0,-0.0,-1.0","12.0,-0.0,0.0","-0.0,0.0,-0.0,-1.0",23.05055809020996,23.179569244384766,3.6879029273986816,0,0,0,0,0,0,0,0.8436512425541878,24.048850536346436,10.0,0.0,70.00704820343837,0.004795443266630173,
0,navstack-1725537082607,navstack,overtaking,HandCrafted,,,1725537106,183029890,"builtin_interfaces.msg.Time(sec=1725537090, nanosec=443030118)",120.0,Handcrafted_LabStudy,1,1,"-12.0,1.0,0.5","-0.0,0.0,-0.0,-1.0","12.0,-0.0,0.0","-0.0,0.0,-0.0,-1.0",23.04596710205078,23.179569244384766,3.6879029273986816,0,0,0,0,0,0,0,0.8436512425541878,24.048850536346436,10.0,0.0,69.97677779813931,0.0007009091787040234,
0,navstack-1725537082607,navstack,overtaking,HandCrafted,,,1725537106,183029890,"builtin_interfaces.msg.Time(sec=1725537090, nanosec=443030118)",120.0,Handcrafted_LabStudy,1,1,"-12.0,1.0,0.5","-0.0,0.0,-0.0,-1.0","12.0,-0.0,0.0","-0.0,0.0,-0.0,-1.0",23.04596710205078,23.179569244384766,3.6879029273986816,0,0,0,0,0,0,0,0.8436512425541878,24.048850536346436,10.0,0.0,69.97677779813931,0.6109874248504639,
0,navstack-1725537082607,navstack,overtaking,HandCrafted,,,1725537106,203029394,"builtin_interfaces.msg.Time(sec=1725537090, nanosec=443030118)",120.0,Handcrafted_LabStudy,1,1,"-12.0,1.0,0.5","-0.0,0.0,-0.0,-1.0","12.0,-0.0,0.0","-0.0,0.0,-0.0,-1.0",23.041378021240234,23.179569244384766,3.6879029273986816,0,0,0,0,0,0,0,0.8436512425541878,24.048850536346436,10.0,0.0,69.97840874674361,1.8338069915771484,
0,navstack-1725537082607,navstack,overtaking,HandCrafted,,,1725537106,203029394,"builtin_interfaces.msg.Time(sec=1725537090, nanosec=443030118)",120.0,Handcrafted_LabStudy,1,1,"-12.0,1.0,0.5","-0.0,0.0,-0.0,-1.0","12.0,-0.0,0.0","-0.0,0.0,-0.0,-1.0",23.041378021240234,23.179569244384766,3.6879029273986816,0,0,0,0,0,0,0,0.8436512425541878,24.048850536346436,10.0,0.0,69.97840874674361,1.8338069915771484,
0,navstack-1725537082607,navstack,overtaking,HandCrafted,,,1725537106,223029851,"builtin_interfaces.msg.Time(sec=1725537090, nanosec=443030118)",120.0,Handcrafted_LabStudy,1,1,"-12.0,1.0,0.5","-0.0,0.0,-0.0,-1.0","12.0,-0.0,0.0","-0.0,0.0,-0.0,-1.0",23.036788940429688,23.179569244384766,3.6879029273986816,0,0,0,0,0,0,0,0.8436512425541878,24.048850536346436,10.0,0.0,69.9811427956183,1.834190845489502,
0,navstack-1725537082607,navstack,overtaking,HandCrafted,,,1725537106,223029851,"builtin_interfaces.msg.Time(sec=1725537090, nanosec=443030118)",120.0,Handcrafted_LabStudy,1,1,"-12.0,1.0,0.5","-0.0,0.0,-0.0,-1.0","12.0,-0.0,0.0","-0.0,0.0,-0.0,-1.0",23.036788940429688,23.179569244384766,3.6879029273986816,0,0,0,0,0,0,0,0.8436512425541878,24.048850536346436,10.0,0.0,69.9811427956183,1.834190845489502,
0,navstack-1725537082607,navstack,overtaking,HandCrafted,,,1725537106,243029356,"builtin_interfaces.msg.Time(sec=1725537090, nanosec=443030118)",120.0,Handcrafted_LabStudy,1,1,"-12.0,1.0,0.5","-0.0,0.0,-0.0,-1.0","12.0,-0.0,0.0","-0.0,0.0,-0.0,-1.0",23.03220558166504,23.179569244384766,3.6879029273986816,0,0,0,0,0,0,0,0.8436512425541878,24.048850536346436,10.0,0.0,70.00946696204615,1.8337736129760742,
0,navstack-1725537082607,navstack,overtaking,HandCrafted,,,1725537106,263029813,"builtin_interfaces.msg.Time(sec=1725537090, nanosec=443030118)",120.0,Handcrafted_LabStudy,1,1,"-12.0,1.0,0.5","-0.0,0.0,-0.0,-1.0","12.0,-0.0,0.0","-0.0,0.0,-0.0,-1.0",23.027620315551758,23.179569244384766,3.6879029273986816,0,0,0,0,0,0,0,0.8436512425541878,24.048850536346436,10.0,0.0,69.9925572150349,1.8582298755645752,
0,navstack-1725537082607,navstack,overtaking,HandCrafted,,,1725537106,263029813,"builtin_interfaces.msg.Time(sec=1725537090, nanosec=443030118)",120.0,Handcrafted_LabStudy,1,1,"-12.0,1.0,0.5","-0.0,0.0,-0.0,-1.0","12.0,-0.0,0.0","-0.0,0.0,-0.0,-1.0",23.027620315551758,23.179569244384766,3.6879029273986816,0,0,0,0,0,0,0,0.8436512425541878,24.048850536346436,10.0,0.0,69.9925572150349,0.024689633399248123,
0,navstack-1725537082607,navstack,overtaking,HandCrafted,,,1725537106,283029317,"builtin_interfaces.msg.Time(sec=1725537090, nanosec=443030118)",120.0,Handcrafted_LabStudy,1,1,"-12.0,1.0,0.5","-0.0,0.0,-0.0,-1.0","12.0,-0.0,0.0","-0.0,0.0,-0.0,-1.0",23.02303695678711,23.179569244384766,3.6879029273986816,0,0,0,0,0,0,0,0.8436512425541878,24.048850536346436,10.0,0.0,69.97433237375472,0.024716010317206383,
0,navstack-1725537082607,navstack,overtaking,HandCrafted,,,1725537106,303029775,"builtin_interfaces.msg.Time(sec=1725537090, nanosec=443030118)",120.0,Handcrafted_LabStudy,1,1,"-12.0,1.0,0.5","-0.0,0.0,-0.0,-1.0","12.0,-0.0,0.0","-0.0,0.0,-0.0,-1.0",23.018449783325195,23.179569244384766,3.6879029273986816,0,0,0,0,0,0,0,0.8436512425541878,24.048850536346436,10.0,0.0,69.9825293967183,0.024711431935429573,
0,navstack-1725537082607,navstack,overtaking,HandCrafted,,,1725537106,323029994,"builtin_interfaces.msg.Time(sec=1725537090, nanosec=443030118)",120.0,Handcrafted_LabStudy,1,1,"-12.0,1.0,0.5","-0.0,0.0,-0.0,-1.0","12.0,-0.0,0.0","-0.0,0.0,-0.0,-1.0",23.013866424560547,23.179569244384766,3.6879029273986816,0,0,0,0,0,0,0,0.8436512425541878,24.048850536346436,10.0,0.0,69.95450103009274,0.0001955777406692505,
0,navstack-1725537082607,navstack,overtaking,HandCrafted,,,1725537106,343029499,"builtin_interfaces.msg.Time(sec=1725537090, nanosec=443030118)",120.0,Handcrafted_LabStudy,1,1,"-12.0,1.0,0.5","-0.0,0.0,-0.0,-1.0","12.0,-0.0,0.0","-0.0,0.0,-0.0,-1.0",23.009281158447266,23.179569244384766,3.6879029273986816,0,0,0,0,0,0,0,0.8436512425541878,24.048850536346436,10.0,0.0,69.94045794640256,0.6109862923622131,
0,navstack-1725537082607,navstack,overtaking,HandCrafted,,,1725537106,343029499,"builtin_interfaces.msg.Time(sec=1725537090, nanosec=443030118)",120.0,Handcrafted_LabStudy,1,1,"-12.0,1.0,0.5","-0.0,0.0,-0.0,-1.0","12.0,-0.0,0.0","-0.0,0.0,-0.0,-1.0",23.009281158447266,23.179569244384766,3.6879029273986816,0,0,0,0,0,0,0,0.8436512425541878,24.048850536346436,10.0,0.0,69.96189320615575,0.6111598610877991,
0,navstack-1725537082607,navstack,overtaking,HandCrafted,,,1725537106,363029956,"builtin_interfaces.msg.Time(sec=1725537090, nanosec=443030118)",120.0,Handcrafted_LabStudy,1,1,"-12.0,1.0,0.5","-0.0,0.0,-0.0,-1.0","12.0,-0.0,0.0","-0.0,0.0,-0.0,-1.0",23.004697799682617,23.179569244384766,3.6879029273986816,0,0,0,0,0,0,0,0.8436512425541878,24.048850536346436,10.0,0.0,69.95534312473976,0.611382246017456,
0,navstack-1725537082607,navstack,overtaking,HandCrafted,,,1725537106,383029460,"builtin_interfaces.msg.Time(sec=1725537090, nanosec=443030118)",120.0,Handcrafted_LabStudy,1,1,"-12.0,1.0,0.5","-0.0,0.0,-0.0,-1.0","12.0,-0.0,0.0","-0.0,0.0,-0.0,-1.0",23.0001163482666,23.179569244384766,3.6879029273986816,0,0,0,0,0,0,0,0.8436512425541878,24.048850536346436,10.0,0.0,69.92778205749734,0.0031614662148058414,
0,navstack-1725537082607,navstack,overtaking,HandCrafted,,,1725537106,403029918,"builtin_interfaces.msg.Time(sec=1725537090, nanosec=443030118)",120.0,Handcrafted_LabStudy,1,1,"-12.0,1.0,0.5","-0.0,0.0,-0.0,-1.0","12.0,-0.0,0.0","-0.0,0.0,-0.0,-1.0",22.99553680419922,23.179569244384766,3.6879029273986816,0,0,0,0,0,0,0,0.8436512425541878,24.048850536346436,10.0,0.0,69.93075369229359,1.2222799062728882,
0,navstack-1725537082607,navstack,overtaking,HandCrafted,,,1725537106,423029422,"builtin_interfaces.msg.Time(sec=1725537090, nanosec=443030118)",120.0,Handcrafted_LabStudy,1,1,"-12.0,1.0,0.5","-0.0,0.0,-0.0,-1.0","12.0,-0.0,0.0","-0.0,0.0,-0.0,-1.0",22.990957260131836,23.179569244384766,3.6879029273986816,0,0,0,0,0,0,0,0.8436512425541878,24.048850536346436,10.0,0.0,69.93488120016889,0.005812355782836676,
0,navstack-1725537082607,navstack,overtaking,HandCrafted,,,1725537106,443030118,"builtin_interfaces.msg.Time(sec=1725537090, nanosec=443030118)",120.0,Handcrafted_LabStudy,1,1,"-12.0,1.0,0.5","-0.0,0.0,-0.0,-1.0","12.0,-0.0,0.0","-0.0,0.0,-0.0,-1.0",22.986745834350586,23.179569244384766,3.6879029273986816,0,0,0,0,0,0,0,0.8436512425541878,24.048850536346436,10.0,0.0,75.98093702962963,46.05862808227539,
0,navstack-1725537082607,navstack,overtaking,HandCrafted,,,1725537106,463030576,"builtin_interfaces.msg.Time(sec=1725537090, nanosec=443030118)",120.0,Handcrafted_LabStudy,1,1,"-12.0,1.0,0.5","-0.0,0.0,-0.0,-1.0","12.0,-0.0,0.0","-0.0,0.0,-0.0,-1.0",22.982534408569336,23.179569244384766,3.6879029273986816,0,0,0,0,0,0,0,0.8436512425541878,24.048850536346436,10.0,0.0,75.96902878183312,46.06715393066406,
0,navstack-1725537082607,navstack,overtaking,HandCrafted,,,1725537106,483029127,"builtin_interfaces.msg.Time(sec=1725537090, nanosec=443030118)",120.0,Handcrafted_LabStudy,1,1,"-12.0,1.0,0.5","-0.0,0.0,-0.0,-1.0","12.0,-0.0,0.0","-0.0,0.0,-0.0,-1.0",22.97796058654785,23.179569244384766,3.6879029273986816,0,0,0,0,0,0,0,0.8436512425541878,24.048850536346436,10.0,0.0,69.93929362598895,46.05375671386719,
0,navstack-1725537082607,navstack,overtaking,HandCrafted,,,1725537106,503029584,"builtin_interfaces.msg.Time(sec=1725537090, nanosec=443030118)",120.0,Handcrafted_LabStudy,1,1,"-12.0,1.0,0.5","-0.0,0.0,-0.0,-1.0","12.0,-0.0,0.0","-0.0,0.0,-0.0,-1.0",22.973384857177734,23.179569244384766,3.6879029273986816,0,0,0,0,0,0,0,0.8436512425541878,24.048850536346436,10.0,0.0,69.94667074513161,46.071720123291016,
0,navstack-1725537082607,navstack,overtaking,HandCrafted,,,1725537106,523030042,"builtin_interfaces.msg.Time(sec=1725537090, nanosec=443030118)",120.0,Handcrafted_LabStudy,1,1,"-12.0,1.0,0.5","-0.0,0.0,-0.0,-1.0","12.0,-0.0,0.0","-0.0,0.0,-0.0,-1.0",22.968809127807617,23.179569244384766,3.6879029273986816,0,0,0,0,0,0,0,0.8436512425541878,24.048850536346436,10.0,0.0,69.91518140533245,0.006534141954034567,
0,navstack-1725537082607,navstack,overtaking,HandCrafted,,,1725537106,543030500,"builtin_interfaces.msg.Time(sec=1725537090, nanosec=443030118)",120.0,Handcrafted_LabStudy,1,1,"-12.0,1.0,0.5","-0.0,0.0,-0.0,-1.0","12.0,-0.0,0.0","-0.0,0.0,-0.0,-1.0",22.9642333984375,23.179569244384766,3.6879029273986816,0,0,0,0,0,0,0,0.8436512425541878,24.048850536346436,10.0,0.0,69.89844165295511,0.007195140700787306,
0,navstack-1725537082607,navstack,overtaking,HandCrafted,,,1725537106,563029050,"builtin_interfaces.msg.Time(sec=1725537090, nanosec=443030118)",120.0,Handcrafted_LabStudy,1,1,"-12.0,1.0,0.5","-0.0,0.0,-0.0,-1.0","12.0,-0.0,0.0","-0.0,0.0,-0.0,-1.0",22.959659576416016,23.179569244384766,3.6879029273986816,0,0,0,0,0,0,0,0.8436512425541878,24.048850536346436,10.0,0.0,69.88181354507127,1.222623586654663,
0,navstack-1725537082607,navstack,overtaking,HandCrafted,,,1725537106,583029270,"builtin_interfaces.msg.Time(sec=1725537090, nanosec=443030118)",120.0,Handcrafted_LabStudy,1,1,"-12.0,1.0,0.5","-0.0,0.0,-0.0,-1.0","12.0,-0.0,0.0","-0.0,0.0,-0.0,-1.0",22.9550838470459,23.179569244384766,3.6879029273986816,0,0,0,0,0,0,0,0.8436512425541878,24.048850536346436,10.0,0.0,69.865204300872,0.0006302790134213865,
0,navstack-1725537082607,navstack,overtaking,HandCrafted,,,1725537106,603029727,"builtin_interfaces.msg.Time(sec=1725537090, nanosec=443030118)",120.0,Handcrafted_LabStudy,1,1,"-12.0,1.0,0.5","-0.0,0.0,-0.0,-1.0","12.0,-0.0,0.0","-0.0,0.0,-0.0,-1.0",22.950510025024414,23.179569244384766,3.6879029273986816,0,0,0,0,0,0,0,0.8436512425541878,24.048850536346436,10.0,0.0,69.84795644155385,0.0014779593329876661,
0,navstack-1725537082607,navstack,overtaking,HandCrafted,,,1725537106,643028736,"builtin_interfaces.msg.Time(sec=1725537090, nanosec=443030118)",120.0,Handcrafted_LabStudy,1,1,"-12.0,1.0,0.5","-0.0,0.0,-0.0,-1.0","12.0,-0.0,0.0","-0.0,0.0,-0.0,-1.0",22.94136619567871,22.950510025024414,3.478675365447998,0,0,0,0,0,0,0,1.0751156583428383,29.585193634033203,10.0,0.0,69.85681099370139,0.6112659573554993,
0,navstack-1725537082607,navstack,overtaking,HandCrafted,,,1725537106,663029193,"builtin_interfaces.msg.Time(sec=1725537090, nanosec=443030118)",120.0,Handcrafted_LabStudy,1,1,"-12.0,1.0,0.5","-0.0,0.0,-0.0,-1.0","12.0,-0.0,0.0","-0.0,0.0,-0.0,-1.0",22.936796188354492,22.950510025024414,3.478675365447998,0,0,0,0,0,0,0,1.0751156583428383,29.585193634033203,10.0,0.0,69.83763927146983,0.6113569736480713,
0,navstack-1725537082607,navstack,overtaking,HandCrafted,,,1725537106,683029890,"builtin_interfaces.msg.Time(sec=1725537090, nanosec=443030118)",120.0,Handcrafted_LabStudy,1,1,"-12.0,1.0,0.5","-0.0,0.0,-0.0,-1.0","12.0,-0.0,0.0","-0.0,0.0,-0.0,-1.0",22.932226181030273,22.950510025024414,3.478675365447998,0,0,0,0,0,0,0,1.0751156583428383,29.585193634033203,10.0,0.0,69.87731643703607,0.0005842889077030122,
0,navstack-1725537082607,navstack,overtaking,HandCrafted,,,1725537106,703030347,"builtin_interfaces.msg.Time(sec=1725537090, nanosec=443030118)",120.0,Handcrafted_LabStudy,1,1,"-12.0,1.0,0.5","-0.0,0.0,-0.0,-1.0","12.0,-0.0,0.0","-0.0,0.0,-0.0,-1.0",22.92765235900879,22.950510025024414,3.478675365447998,0,0,0,0,0,0,0,1.0751156583428383,29.585193634033203,10.0,0.0,69.8340577599188,1.8581132888793945,
0,navstack-1725537082607,navstack,overtaking,HandCrafted,,,1725537106,723028898,"builtin_interfaces.msg.Time(sec=1725537090, nanosec=443030118)",120.0,Handcrafted_LabStudy,1,1,"-12.0,1.0,0.5","-0.0,0.0,-0.0,-1.0","12.0,-0.0,0.0","-0.0,0.0,-0.0,-1.0",22.923078536987305,22.950510025024414,3.478675365447998,0,0,0,0,0,0,0,1.0751156583428383,29.585193634033203,10.0,0.0,69.79846087848394,0.015538349747657776,
0,navstack-1725537082607,navstack,overtaking,HandCrafted,,,1725537106,743029356,"builtin_interfaces.msg.Time(sec=1725537090, nanosec=443030118)",120.0,Handcrafted_LabStudy,1,1,"-12.0,1.0,0.5","-0.0,0.0,-0.0,-1.0","12.0,-0.0,0.0","-0.0,0.0,-0.0,-1.0",22.918506622314453,22.950510025024414,3.478675365447998,0,0,0,0,0,0,0,1.0751156583428383,29.585193634033203,10.0,0.0,69.77291632241615,0.009304802864789963,
0,navstack-1725537082607,navstack,overtaking,HandCrafted,,,1725537106,763029813,"builtin_interfaces.msg.Time(sec=1725537090, nanosec=443030118)",120.0,Handcrafted_LabStudy,1,1,"-12.0,1.0,0.5","-0.0,0.0,-0.0,-1.0","12.0,-0.0,0.0","-0.0,0.0,-0.0,-1.0",22.913928985595703,22.950510025024414,3.478675365447998,0,0,0,0,0,0,0,1.0751156583428383,29.585193634033203,10.0,0.0,69.74677662416957,1.247032642364502,
0,navstack-1725537082607,navstack,overtaking,HandCrafted,,,1725537106,783030271,"builtin_interfaces.msg.Time(sec=1725537090, nanosec=443030118)",120.0,Handcrafted_LabStudy,1,1,"-12.0,1.0,0.5","-0.0,0.0,-0.0,-1.0","12.0,-0.0,0.0","-0.0,0.0,-0.0,-1.0",22.90935707092285,22.950510025024414,3.478675365447998,0,0,0,0,0,0,0,1.0751156583428383,29.585193634033203,10.0,0.0,69.71670517034234,0.003425849601626396,
0,navstack-1725537082607,navstack,overtaking,HandCrafted,,,1725537106,803028821,"builtin_interfaces.msg.Time(sec=1725537090, nanosec=443030118)",120.0,Handcrafted_LabStudy,1,1,"-12.0,1.0,0.5","-0.0,0.0,-0.0,-1.0","12.0,-0.0,0.0","-0.0,0.0,-0.0,-1.0",22.9047794342041,22.950510025024414,3.478675365447998,0,0,0,0,0,0,0,1.0751156583428383,29.585193634033203,10.0,0.0,69.73209789077205,0.0,
0,navstack-1725537082607,navstack,overtaking,HandCrafted,,,1725537106,823029279,"builtin_interfaces.msg.Time(sec=1725537090, nanosec=443030118)",120.0,Handcrafted_LabStudy,1,1,"-12.0,1.0,0.5","-0.0,0.0,-0.0,-1.0","12.0,-0.0,0.0","-0.0,0.0,-0.0,-1.0",22.900205612182617,22.950510025024414,3.478675365447998,0,0,0,0,0,0,0,1.0751156583428383,29.585193634033203,10.0,0.0,69.70472278797236,0.0,
0,navstack-1725537082607,navstack,overtaking,HandCrafted,,,1725537106,843029499,"builtin_interfaces.msg.Time(sec=1725537090, nanosec=443030118)",120.0,Handcrafted_LabStudy,1,1,"-12.0,1.0,0.5","-0.0,0.0,-0.0,-1.0","12.0,-0.0,0.0","-0.0,0.0,-0.0,-1.0",22.8956298828125,22.950510025024414,3.478675365447998,0,0,0,0,0,0,0,1.0751156583428383,29.585193634033203,10.0,0.0,69.711690461422,0.0,
0,navstack-1725537082607,navstack,overtaking,HandCrafted,,,1725537106,843029499,"builtin_interfaces.msg.Time(sec=1725537090, nanosec=443030118)",120.0,Handcrafted_LabStudy,1,1,"-12.0,1.0,0.5","-0.0,0.0,-0.0,-1.0","12.0,-0.0,0.0","-0.0,0.0,-0.0,-1.0",22.8956298828125,22.950510025024414,3.478675365447998,0,0,0,0,0,0,0,1.0751156583428383,29.585193634033203,10.0,0.0,69.711690461422,0.0,
0,navstack-1725537082607,navstack,overtaking,HandCrafted,,,1725537106,863029956,"builtin_interfaces.msg.Time(sec=1725537090, nanosec=443030118)",120.0,Handcrafted_LabStudy,1,1,"-12.0,1.0,0.5","-0.0,0.0,-0.0,-1.0","12.0,-0.0,0.0","-0.0,0.0,-0.0,-1.0",22.891056060791016,22.950510025024414,3.478675365447998,0,0,0,0,0,0,0,1.0751156583428383,29.585193634033203,10.0,0.0,69.68695711064147,0.0,
0,navstack-1725537082607,navstack,overtaking,HandCrafted,,,1725537106,883030414,"builtin_interfaces.msg.Time(sec=1725537090, nanosec=443030118)",120.0,Handcrafted_LabStudy,1,1,"-12.0,1.0,0.5","-0.0,0.0,-0.0,-1.0","12.0,-0.0,0.0","-0.0,0.0,-0.0,-1.0",22.8864803314209,22.950510025024414,3.478675365447998,0,0,0,0,0,0,0,1.0751156583428383,29.585193634033203,10.0,0.0,69.6894308657119,0.0,
0,navstack-1725537082607,navstack,overtaking,HandCrafted,,,1725537106,883030414,"builtin_interfaces.msg.Time(sec=1725537090, nanosec=443030118)",120.0,Handcrafted_LabStudy,1,1,"-12.0,1.0,0.5","-0.0,0.0,-0.0,-1.0","12.0,-0.0,0.0","-0.0,0.0,-0.0,-1.0",22.8864803314209,22.950510025024414,3.478675365447998,0,0,0,0,0,0,0,1.0751156583428383,29.585193634033203,10.0,0.0,69.6894308657119,0.0,
0,navstack-1725537082607,navstack,overtaking,HandCrafted,,,1725537106,903028964,"builtin_interfaces.msg.Time(sec=1725537090, nanosec=443030118)",120.0,Handcrafted_LabStudy,1,1,"-12.0,1.0,0.5","-0.0,0.0,-0.0,-1.0","12.0,-0.0,0.0","-0.0,0.0,-0.0,-1.0",22.88190269470215,22.950510025024414,3.478675365447998,0,0,0,0,0,0,0,1.0751156583428383,29.585193634033203,10.0,0.0,69.65140207055543,1.833765983581543,
0,navstack-1725537082607,navstack,overtaking,HandCrafted,,,1725537106,923029422,"builtin_interfaces.msg.Time(sec=1725537090, nanosec=443030118)",120.0,Handcrafted_LabStudy,1,1,"-12.0,1.0,0.5","-0.0,0.0,-0.0,-1.0","12.0,-0.0,0.0","-0.0,0.0,-0.0,-1.0",22.877323150634766,22.950510025024414,3.478675365447998,0,0,0,0,0,0,0,1.0751156583428383,29.585193634033203,10.0,0.0,69.63168187265973,0.006400998681783676,
0,navstack-1725537082607,navstack,overtaking,HandCrafted,,,1725537106,923029422,"builtin_interfaces.msg.Time(sec=1725537090, nanosec=443030118)",120.0,Handcrafted_LabStudy,1,1,"-12.0,1.0,0.5","-0.0,0.0,-0.0,-1.0","12.0,-0.0,0.0","-0.0,0.0,-0.0,-1.0",22.877323150634766,22.950510025024414,3.478675365447998,0,0,0,0,0,0,0,1.0751156583428383,29.585193634033203,10.0,0.0,69.63168187265973,1.8337780237197876,
0,navstack-1725537082607,navstack,overtaking,HandCrafted,,,1725537106,943030118,"builtin_interfaces.msg.Time(sec=1725537090, nanosec=443030118)",120.0,Handcrafted_LabStudy,1,1,"-12.0,1.0,0.5","-0.0,0.0,-0.0,-1.0","12.0,-0.0,0.0","-0.0,0.0,-0.0,-1.0",22.872745513916016,22.950510025024414,3.478675365447998,0,0,0,0,0,0,0,1.0751156583428383,29.585193634033203,10.0,0.0,69.60332051822687,0.6111719608306885,
0,navstack-1725537082607,navstack,overtaking,HandCrafted,,,1725537106,963030576,"builtin_interfaces.msg.Time(sec=1725537090, nanosec=443030118)",120.0,Handcrafted_LabStudy,1,1,"-12.0,1.0,0.5","-0.0,0.0,-0.0,-1.0","12.0,-0.0,0.0","-0.0,0.0,-0.0,-1.0",22.868162155151367,22.950510025024414,3.478675365447998,0,0,0,0,0,0,0,1.0751156583428383,29.585193634033203,10.0,0.0,69.57798780544525,0.0015450133942067623,
0,navstack-1725537082607,navstack,overtaking,HandCrafted,,,1725537106,963030576,"builtin_interfaces.msg.Time(sec=1725537090, nanosec=443030118)",120.0,Handcrafted_LabStudy,1,1,"-12.0,1.0,0.5","-0.0,0.0,-0.0,-1.0","12.0,-0.0,0.0","-0.0,0.0,-0.0,-1.0",22.868162155151367,22.950510025024414,3.478675365447998,0,0,0,0,0,0,0,1.0751156583428383,29.585193634033203,10.0,0.0,69.57798780544525,0.6112751364707947,
0,navstack-1725537082607,navstack,overtaking,HandCrafted,,,1725537106,983029127,"builtin_interfaces.msg.Time(sec=1725537090, nanosec=443030118)",120.0,Handcrafted_LabStudy,1,1,"-12.0,1.0,0.5","-0.0,0.0,-0.0,-1.0","12.0,-0.0,0.0","-0.0,0.0,-0.0,-1.0",22.86358070373535,22.950510025024414,3.478675365447998,0,0,0,0,0,0,0,1.0751156583428383,29.585193634033203,10.0,0.0,69.54246197635831,0.6113957762718201,
0,navstack-1725537082607,navstack,overtaking,HandCrafted,,,1725537107,3029584,"builtin_interfaces.msg.Time(sec=1725537090, nanosec=443030118)",120.0,Handcrafted_LabStudy,1,1,"-12.0,1.0,0.5","-0.0,0.0,-0.0,-1.0","12.0,-0.0,0.0","-0.0,0.0,-0.0,-1.0",22.85900115966797,22.950510025024414,3.478675365447998,0,0,0,0,0,0,0,1.0751156583428383,29.585193634033203,10.0,0.0,69.55067287252803,0.6114065647125244,
0,navstack-1725537082607,navstack,overtaking,HandCrafted,,,1725537107,3029584,"builtin_interfaces.msg.Time(sec=1725537090, nanosec=443030118)",120.0,Handcrafted_LabStudy,1,1,"-12.0,1.0,0.5","-0.0,0.0,-0.0,-1.0","12.0,-0.0,0.0","-0.0,0.0,-0.0,-1.0",22.85900115966797,22.950510025024414,3.478675365447998,0,0,0,0,0,0,0,1.0751156583428383,29.585193634033203,10.0,0.0,69.55067287252803,4.165001155342907e-05,
0,navstack-1725537082607,navstack,overtaking,HandCrafted,,,1725537107,23030042,"builtin_interfaces.msg.Time(sec=1725537090, nanosec=443030118)",120.0,Handcrafted_LabStudy,1,1,"-12.0,1.0,0.5","-0.0,0.0,-0.0,-1.0","12.0,-0.0,0.0","-0.0,0.0,-0.0,-1.0",22.85441780090332,22.950510025024414,3.478675365447998,0,0,0,0,0,0,0,1.0751156583428383,29.585193634033203,10.0,0.0,69.52401038169951,1.862645149230957e-05,
0,navstack-1725537082607,navstack,overtaking,HandCrafted,,,1725537107,43030500,"builtin_interfaces.msg.Time(sec=1725537090, nanosec=443030118)",120.0,Handcrafted_LabStudy,1,1,"-12.0,1.0,0.5","-0.0,0.0,-0.0,-1.0","12.0,-0.0,0.0","-0.0,0.0,-0.0,-1.0",22.849834442138672,22.950510025024414,3.478675365447998,0,0,0,0,0,0,0,1.0751156583428383,29.585193634033203,10.0,0.0,69.49921768522587,4.165001155342907e-05,
0,navstack-1725537082607,navstack,overtaking,HandCrafted,,,1725537107,63029050,"builtin_interfaces.msg.Time(sec=1725537090, nanosec=443030118)",120.0,Handcrafted_LabStudy,1,1,"-12.0,1.0,0.5","-0.0,0.0,-0.0,-1.0","12.0,-0.0,0.0","-0.0,0.0,-0.0,-1.0",22.84525489807129,22.950510025024414,3.478675365447998,0,0,0,0,0,0,0,1.0751156583428383,29.585193634033203,10.0,0.0,69.5074205618127,4.165001155342907e-05,
0,navstack-1725537082607,navstack,overtaking,HandCrafted,,,1725537107,83029270,"builtin_interfaces.msg.Time(sec=1725537090, nanosec=443030118)",120.0,Handcrafted_LabStudy,1,1,"-12.0,1.0,0.5","-0.0,0.0,-0.0,-1.0","12.0,-0.0,0.0","-0.0,0.0,-0.0,-1.0",22.840673446655273,22.950510025024414,3.478675365447998,0,0,0,0,0,0,0,1.0751156583428383,29.585193634033203,10.0,0.0,69.48168021172602,0.0,
0,navstack-1725537082607,navstack,overtaking,HandCrafted,,,1725537107,103029727,"builtin_interfaces.msg.Time(sec=1725537090, nanosec=443030118)",120.0,Handcrafted_LabStudy,1,1,"-12.0,1.0,0.5","-0.0,0.0,-0.0,-1.0","12.0,-0.0,0.0","-0.0,0.0,-0.0,-1.0",22.836091995239258,22.950510025024414,3.478675365447998,0,0,0,0,0,0,0,1.0751156583428383,29.585193634033203,10.0,0.0,69.45572609224438,0.0,
0,navstack-1725537082607,navstack,overtaking,HandCrafted,,,1725537107,123030185,"builtin_interfaces.msg.Time(sec=1725537090, nanosec=443030118)",120.0,Handcrafted_LabStudy,1,1,"-12.0,1.0,0.5","-0.0,0.0,-0.0,-1.0","12.0,-0.0,0.0","-0.0,0.0,-0.0,-1.0",22.831872940063477,22.950510025024414,3.478675365447998,0,0,0,0,0,0,0,1.0751156583428383,29.585193634033203,10.0,0.0,75.45839910302354,46.052589416503906,
0,navstack-1725537082607,navstack,overtaking,HandCrafted,,,1725537107,123030185,"builtin_interfaces.msg.Time(sec=1725537090, nanosec=443030118)",120.0,Handcrafted_LabStudy,1,1,"-12.0,1.0,0.5","-0.0,0.0,-0.0,-1.0","12.0,-0.0,0.0","-0.0,0.0,-0.0,-1.0",22.831872940063477,22.950510025024414,3.478675365447998,0,0,0,0,0,0,0,1.0751156583428383,29.585193634033203,10.0,0.0,75.45839910302354,46.05259323120117,
0,navstack-1725537082607,navstack,overtaking,HandCrafted,,,1725537107,143028736,"builtin_interfaces.msg.Time(sec=1725537090, nanosec=443030118)",120.0,Handcrafted_LabStudy,1,1,"-12.0,1.0,0.5","-0.0,0.0,-0.0,-1.0","12.0,-0.0,0.0","-0.0,0.0,-0.0,-1.0",22.827653884887695,22.950510025024414,3.478675365447998,0,0,0,0,0,0,0,1.0751156583428383,29.585193634033203,10.0,0.0,75.4378805246362,0.0,
0,navstack-1725537082607,navstack,overtaking,HandCrafted,,,1725537107,163029193,"builtin_interfaces.msg.Time(sec=1725537090, nanosec=443030118)",120.0,Handcrafted_LabStudy,1,1,"-12.0,1.0,0.5","-0.0,0.0,-0.0,-1.0","12.0,-0.0,0.0","-0.0,0.0,-0.0,-1.0",22.823434829711914,22.950510025024414,3.478675365447998,0,0,0,0,0,0,0,1.0751156583428383,29.585193634033203,10.0,0.0,75.41780004364779,0.006950094364583492,
0,navstack-1725537082607,navstack,overtaking,HandCrafted,,,1725537107,183029890,"builtin_interfaces.msg.Time(sec=1725537090, nanosec=443030118)",120.0,Handcrafted_LabStudy,1,1,"-12.0,1.0,0.5","-0.0,0.0,-0.0,-1.0","12.0,-0.0,0.0","-0.0,0.0,-0.0,-1.0",22.8188533782959,22.950510025024414,3.478675365447998,0,0,0,0,0,0,0,1.0751156583428383,29.585193634033203,10.0,0.0,69.40852544358981,46.04719161987305,
0,navstack-1725537082607,navstack,overtaking,HandCrafted,,,1725537107,203030347,"builtin_interfaces.msg.Time(sec=1725537090, nanosec=443030118)",120.0,Handcrafted_LabStudy,1,1,"-12.0,1.0,0.5","-0.0,0.0,-0.0,-1.0","12.0,-0.0,0.0","-0.0,0.0,-0.0,-1.0",22.814271926879883,22.950510025024414,3.478675365447998,0,0,0,0,0,0,0,1.0751156583428383,29.585193634033203,10.0,0.0,69.41724340959566,46.052513122558594,
0,navstack-1725537082607,navstack,overtaking,HandCrafted,,,1725537107,223028898,"builtin_interfaces.msg.Time(sec=1725537090, nanosec=443030118)",120.0,Handcrafted_LabStudy,1,1,"-12.0,1.0,0.5","-0.0,0.0,-0.0,-1.0","12.0,-0.0,0.0","-0.0,0.0,-0.0,-1.0",22.8096923828125,22.950510025024414,3.478675365447998,0,0,0,0,0,0,0,1.0751156583428383,29.585193634033203,10.0,0.0,69.38806598296263,0.0034219990484416485,
0,navstack-1725537082607,navstack,overtaking,HandCrafted,,,1725537107,243029356,"builtin_interfaces.msg.Time(sec=1725537090, nanosec=443030118)",120.0,Handcrafted_LabStudy,1,1,"-12.0,1.0,0.5","-0.0,0.0,-0.0,-1.0","12.0,-0.0,0.0","-0.0,0.0,-0.0,-1.0",22.80510902404785,22.950510025024414,3.478675365447998,0,0,0,0,0,0,0,1.0751156583428383,29.585193634033203,10.0,0.0,69.3967131645664,3.725290298461914e-05,
0,navstack-1725537082607,navstack,overtaking,HandCrafted,,,1725537107,263029813,"builtin_interfaces.msg.Time(sec=1725537090, nanosec=443030118)",120.0,Handcrafted_LabStudy,1,1,"-12.0,1.0,0.5","-0.0,0.0,-0.0,-1.0","12.0,-0.0,0.0","-0.0,0.0,-0.0,-1.0",22.800527572631836,22.950510025024414,3.478675365447998,0,0,0,0,0,0,0,1.0751156583428383,29.585193634033203,10.0,0.0,69.37246920024442,3.725290298461914e-05,
0,navstack-1725537082607,navstack,overtaking,HandCrafted,,,1725537107,283030271,"builtin_interfaces.msg.Time(sec=1725537090, nanosec=443030118)",120.0,Handcrafted_LabStudy,1,1,"-12.0,1.0,0.5","-0.0,0.0,-0.0,-1.0","12.0,-0.0,0.0","-0.0,0.0,-0.0,-1.0",22.79594612121582,22.950510025024414,3.478675365447998,0,0,0,0,0,0,0,1.0751156583428383,29.585193634033203,10.0,0.0,69.34968354730901,4.6566128730773926e-05,
0,navstack-1725537082607,navstack,overtaking,HandCrafted,,,1725537107,303028821,"builtin_interfaces.msg.Time(sec=1725537090, nanosec=443030118)",120.0,Handcrafted_LabStudy,1,1,"-12.0,1.0,0.5","-0.0,0.0,-0.0,-1.0","12.0,-0.0,0.0","-0.0,0.0,-0.0,-1.0",22.791366577148438,22.950510025024414,3.478675365447998,0,0,0,0,0,0,0,1.0751156583428383,29.585193634033203,10.0,0.0,69.32219531985211,5.2683561079902574e-05,
0,navstack-1725537082607,navstack,overtaking,HandCrafted,,,1725537107,303028821,"builtin_interfaces.msg.Time(sec=1725537090, nanosec=443030118)",120.0,Handcrafted_LabStudy,1,1,"-12.0,1.0,0.5","-0.0,0.0,-0.0,-1.0","12.0,-0.0,0.0","-0.0,0.0,-0.0,-1.0",22.791366577148438,22.950510025024414,3.478675365447998,0,0,0,0,0,0,0,1.0751156583428383,29.585193634033203,10.0,0.0,69.35297391915313,9.313225746154785e-06,
0,navstack-1725537082607,navstack,overtaking,HandCrafted,,,1725537107,323029279,"builtin_interfaces.msg.Time(sec=1725537090, nanosec=443030118)",120.0,Handcrafted_LabStudy,1,1,"-12.0,1.0,0.5","-0.0,0.0,-0.0,-1.0","12.0,-0.0,0.0","-0.0,0.0,-0.0,-1.0",22.78678321838379,22.950510025024414,3.478675365447998,0,0,0,0,0,0,0,1.0751156583428383,29.585193634033203,10.0,0.0,69.37705895490082,4.6566128730773926e-05,
0,navstack-1725537082607,navstack,overtaking,HandCrafted,,,1725537107,323029279,"builtin_interfaces.msg.Time(sec=1725537090, nanosec=443030118)",120.0,Handcrafted_LabStudy,1,1,"-12.0,1.0,0.5","-0.0,0.0,-0.0,-1.0","12.0,-0.0,0.0","-0.0,0.0,-0.0,-1.0",22.78678321838379,22.950510025024414,3.478675365447998,0,0,0,0,0,0,0,1.0751156583428383,29.585193634033203,10.0,0.0,69.37705895490082,4.6566128730773926e-05,
0,navstack-1725537082607,navstack,overtaking,HandCrafted,,,1725537107,343029499,"builtin_interfaces.msg.Time(sec=1725537090, nanosec=443030118)",120.0,Handcrafted_LabStudy,1,1,"-12.0,1.0,0.5","-0.0,0.0,-0.0,-1.0","12.0,-0.0,0.0","-0.0,0.0,-0.0,-1.0",22.782197952270508,22.950510025024414,3.478675365447998,0,0,0,0,0,0,0,1.0751156583428383,29.585193634033203,10.0,0.0,69.357150477497,1.834204077720642,
0,navstack-1725537082607,navstack,overtaking,HandCrafted,,,1725537107,363029956,"builtin_interfaces.msg.Time(sec=1725537090, nanosec=443030118)",120.0,Handcrafted_LabStudy,1,1,"-12.0,1.0,0.5","-0.0,0.0,-0.0,-1.0","12.0,-0.0,0.0","-0.0,0.0,-0.0,-1.0",22.777612686157227,22.950510025024414,3.478675365447998,0,0,0,0,0,0,0,1.0751156583428383,29.585193634033203,10.0,0.0,69.33960915235235,0.005973902530968189,
0,navstack-1725537082607,navstack,overtaking,HandCrafted,,,1725537107,363029956,"builtin_interfaces.msg.Time(sec=1725537090, nanosec=443030118)",120.0,Handcrafted_LabStudy,1,1,"-12.0,1.0,0.5","-0.0,0.0,-0.0,-1.0","12.0,-0.0,0.0","-0.0,0.0,-0.0,-1.0",22.777612686157227,22.950510025024414,3.478675365447998,0,0,0,0,0,0,0,1.0751156583428383,29.585193634033203,10.0,0.0,69.33960915235235,1.8334147930145264,
0,navstack-1725537082607,navstack,overtaking,HandCrafted,,,1725537107,383030414,"builtin_interfaces.msg.Time(sec=1725537090, nanosec=443030118)",120.0,Handcrafted_LabStudy,1,1,"-12.0,1.0,0.5","-0.0,0.0,-0.0,-1.0","12.0,-0.0,0.0","-0.0,0.0,-0.0,-1.0",22.77302360534668,22.950510025024414,3.478675365447998,0,0,0,0,0,0,0,1.0751156583428383,29.585193634033203,10.0,0.0,69.32383313982136,1.8337643146514893,
0,navstack-1725537082607,navstack,overtaking,HandCrafted,,,1725537107,383030414,"builtin_interfaces.msg.Time(sec=1725537090, nanosec=443030118)",120.0,Handcrafted_LabStudy,1,1,"-12.0,1.0,0.5","-0.0,0.0,-0.0,-1.0","12.0,-0.0,0.0","-0.0,0.0,-0.0,-1.0",22.77302360534668,22.950510025024414,3.478675365447998,0,0,0,0,0,0,0,1.0751156583428383,29.585193634033203,10.0,0.0,69.32383313982136,1.8337643146514893,
0,navstack-1725537082607,navstack,overtaking,HandCrafted,,,1725537107,403028964,"builtin_interfaces.msg.Time(sec=1725537090, nanosec=443030118)",120.0,Handcrafted_LabStudy,1,1,"-12.0,1.0,0.5","-0.0,0.0,-0.0,-1.0","12.0,-0.0,0.0","-0.0,0.0,-0.0,-1.0",22.7684326171875,22.950510025024414,3.478675365447998,0,0,0,0,0,0,0,1.0751156583428383,29.585193634033203,10.0,0.0,69.31111326259818,1.8338360786437988,
0,navstack-1725537082607,navstack,overtaking,HandCrafted,,,1725537107,423029422,"builtin_interfaces.msg.Time(sec=1725537090, nanosec=443030118)",120.0,Handcrafted_LabStudy,1,1,"-12.0,1.0,0.5","-0.0,0.0,-0.0,-1.0","12.0,-0.0,0.0","-0.0,0.0,-0.0,-1.0",22.763839721679688,22.950510025024414,3.478675365447998,0,0,0,0,0,0,0,1.0751156583428383,29.585193634033203,10.0,0.0,69.3003004287222,0.005067088175565004,
0,navstack-1725537082607,navstack,overtaking,HandCrafted,,,1725537107,443030118,"builtin_interfaces.msg.Time(sec=1725537090, nanosec=443030118)",120.0,Handcrafted_LabStudy,1,1,"-12.0,1.0,0.5","-0.0,0.0,-0.0,-1.0","12.0,-0.0,0.0","-0.0,0.0,-0.0,-1.0",22.759244918823242,22.950510025024414,3.478675365447998,0,0,0,0,0,0,0,1.0751156583428383,29.585193634033203,10.0,0.0,69.29129172551188,0.005150340031832457,
0,navstack-1725537082607,navstack,overtaking,HandCrafted,,,1725537107,483029127,"builtin_interfaces.msg.Time(sec=1725537090, nanosec=443030118)",120.0,Handcrafted_LabStudy,1,1,"-12.0,1.0,0.5","-0.0,0.0,-0.0,-1.0","12.0,-0.0,0.0","-0.0,0.0,-0.0,-1.0",22.750776290893555,22.950510025024414,3.478675365447998,0,0,0,0,0,0,0,1.0751156583428383,29.585193634033203,10.0,0.0,75.28316230603693,46.0920524597168,
0,navstack-1725537082607,navstack,overtaking,HandCrafted,,,1725537107,483029127,"builtin_interfaces.msg.Time(sec=1725537090, nanosec=443030118)",120.0,Handcrafted_LabStudy,1,1,"-12.0,1.0,0.5","-0.0,0.0,-0.0,-1.0","12.0,-0.0,0.0","-0.0,0.0,-0.0,-1.0",22.750776290893555,22.950510025024414,3.478675365447998,0,0,0,0,0,0,0,1.0751156583428383,29.585193634033203,10.0,0.0,75.28316230603693,46.18687057495117,
0,navstack-1725537082607,navstack,overtaking,HandCrafted,,,1725537107,503029584,"builtin_interfaces.msg.Time(sec=1725537090, nanosec=443030118)",120.0,Handcrafted_LabStudy,1,1,"-12.0,1.0,0.5","-0.0,0.0,-0.0,-1.0","12.0,-0.0,0.0","-0.0,0.0,-0.0,-1.0",22.746540069580078,22.950510025024414,3.478675365447998,0,0,0,0,0,0,0,1.0751156583428383,29.585193634033203,10.0,0.0,75.28485979107897,1.6894935369491577,
0,navstack-1725537082607,navstack,overtaking,HandCrafted,,,1725537107,523030042,"builtin_interfaces.msg.Time(sec=1725537090, nanosec=443030118)",120.0,Handcrafted_LabStudy,1,1,"-12.0,1.0,0.5","-0.0,0.0,-0.0,-1.0","12.0,-0.0,0.0","-0.0,0.0,-0.0,-1.0",22.74230194091797,22.950510025024414,3.478675365447998,0,0,0,0,0,0,0,1.0751156583428383,29.585193634033203,10.0,0.0,75.29049140136355,0.005469488445669413,
0,navstack-1725537082607,navstack,overtaking,HandCrafted,,,1725537107,523030042,"builtin_interfaces.msg.Time(sec=1725537090, nanosec=443030118)",120.0,Handcrafted_LabStudy,1,1,"-12.0,1.0,0.5","-0.0,0.0,-0.0,-1.0","12.0,-0.0,0.0","-0.0,0.0,-0.0,-1.0",22.74230194091797,22.950510025024414,3.478675365447998,0,0,0,0,0,0,0,1.0751156583428383,29.585193634033203,10.0,0.0,75.29049140136355,1.6879814863204956,
0,navstack-1725537082607,navstack,overtaking,HandCrafted,,,1725537107,543030500,"builtin_interfaces.msg.Time(sec=1725537090, nanosec=443030118)",120.0,Handcrafted_LabStudy,1,1,"-12.0,1.0,0.5","-0.0,0.0,-0.0,-1.0","12.0,-0.0,0.0","-0.0,0.0,-0.0,-1.0",22.738059997558594,22.950510025024414,3.478675365447998,0,0,0,0,0,0,0,1.0751156583428383,29.585193634033203,10.0,0.0,75.29871864375492,1.688349723815918,
0,navstack-1725537082607,navstack,overtaking,HandCrafted,,,1725537107,563029050,"builtin_interfaces.msg.Time(sec=1725537090, nanosec=443030118)",120.0,Handcrafted_LabStudy,1,1,"-12.0,1.0,0.5","-0.0,0.0,-0.0,-1.0","12.0,-0.0,0.0","-0.0,0.0,-0.0,-1.0",22.73381996154785,22.950510025024414,3.478675365447998,0,0,0,0,0,0,0,1.0751156583428383,29.585193634033203,10.0,0.0,75.31041057174676,0.00529476348310709,
0,navstack-1725537082607,navstack,overtaking,HandCrafted,,,1725537107,583029270,"builtin_interfaces.msg.Time(sec=1725537090, nanosec=443030118)",120.0,Handcrafted_LabStudy,1,1,"-12.0,1.0,0.5","-0.0,0.0,-0.0,-1.0","12.0,-0.0,0.0","-0.0,0.0,-0.0,-1.0",22.729209899902344,22.950510025024414,3.478675365447998,0,0,0,0,0,0,0,1.0751156583428383,29.585193634033203,10.0,0.0,69.35069766958145,46.049217224121094,
0,navstack-1725537082607,navstack,overtaking,HandCrafted,,,1725537107,603029727,"builtin_interfaces.msg.Time(sec=1725537090, nanosec=443030118)",120.0,Handcrafted_LabStudy,1,1,"-12.0,1.0,0.5","-0.0,0.0,-0.0,-1.0","12.0,-0.0,0.0","-0.0,0.0,-0.0,-1.0",22.724599838256836,22.950510025024414,3.478675365447998,0,0,0,0,0,0,0,1.0751156583428383,29.585193634033203,10.0,0.0,69.36701256903484,46.06218719482422,
0,navstack-1725537082607,navstack,overtaking,HandCrafted,,,1725537107,623030185,"builtin_interfaces.msg.Time(sec=1725537090, nanosec=443030118)",120.0,Handcrafted_LabStudy,1,1,"-12.0,1.0,0.5","-0.0,0.0,-0.0,-1.0","12.0,-0.0,0.0","-0.0,0.0,-0.0,-1.0",22.719985961914062,22.950510025024414,3.478675365447998,0,0,0,0,0,0,0,1.0751156583428383,29.585193634033203,10.0,0.0,69.38730827361384,0.006340001709759235,
0,navstack-1725537082607,navstack,overtaking,HandCrafted,,,1725537107,643028736,"builtin_interfaces.msg.Time(sec=1725537090, nanosec=443030118)",120.0,Handcrafted_LabStudy,1,1,"-12.0,1.0,0.5","-0.0,0.0,-0.0,-1.0","12.0,-0.0,0.0","-0.0,0.0,-0.0,-1.0",22.71537208557129,22.719985961914062,3.3051462173461914,0,0,0,0,0,0,0,1.3086889907717705,33.21086049079895,10.0,0.0,69.42120834194368,0.01108641643077135,
0,navstack-1725537082607,navstack,overtaking,HandCrafted,,,1725537107,643028736,"builtin_interfaces.msg.Time(sec=1725537090, nanosec=443030118)",120.0,Handcrafted_LabStudy,1,1,"-12.0,1.0,0.5","-0.0,0.0,-0.0,-1.0","12.0,-0.0,0.0","-0.0,0.0,-0.0,-1.0",22.71537208557129,22.719985961914062,3.3051462173461914,0,0,0,0,0,0,0,1.3086889907717705,33.21086049079895,10.0,0.0,69.42120834194368,1.8334167003631592,
0,navstack-1725537082607,navstack,overtaking,HandCrafted,,,1725537107,663029193,"builtin_interfaces.msg.Time(sec=1725537090, nanosec=443030118)",120.0,Handcrafted_LabStudy,1,1,"-12.0,1.0,0.5","-0.0,0.0,-0.0,-1.0","12.0,-0.0,0.0","-0.0,0.0,-0.0,-1.0",22.710756301879883,22.719985961914062,3.3051462173461914,0,0,0,0,0,0,0,1.3086889907717705,33.21086049079895,10.0,0.0,69.46197995356535,1.8337750434875488,
0,navstack-1725537082607,navstack,overtaking,HandCrafted,,,1725537107,683029890,"builtin_interfaces.msg.Time(sec=1725537090, nanosec=443030118)",120.0,Handcrafted_LabStudy,1,1,"-12.0,1.0,0.5","-0.0,0.0,-0.0,-1.0","12.0,-0.0,0.0","-0.0,0.0,-0.0,-1.0",22.706504821777344,22.719985961914062,3.3051462173461914,0,0,0,0,0,0,0,1.3086889907717705,33.21086049079895,10.0,0.0,75.43885985863308,46.05833053588867,
0,navstack-1725537082607,navstack,overtaking,HandCrafted,,,1725537107,703030347,"builtin_interfaces.msg.Time(sec=1725537090, nanosec=443030118)",120.0,Handcrafted_LabStudy,1,1,"-12.0,1.0,0.5","-0.0,0.0,-0.0,-1.0","12.0,-0.0,0.0","-0.0,0.0,-0.0,-1.0",22.702251434326172,22.719985961914062,3.3051462173461914,0,0,0,0,0,0,0,1.3086889907717705,33.21086049079895,10.0,0.0,75.45857916251103,46.06863021850586,
0,navstack-1725537082607,navstack,overtaking,HandCrafted,,,1725537107,723028898,"builtin_interfaces.msg.Time(sec=1725537090, nanosec=443030118)",120.0,Handcrafted_LabStudy,1,1,"-12.0,1.0,0.5","-0.0,0.0,-0.0,-1.0","12.0,-0.0,0.0","-0.0,0.0,-0.0,-1.0",22.697998046875,22.719985961914062,3.3051462173461914,0,0,0,0,0,0,0,1.3086889907717705,33.21086049079895,10.0,0.0,75.4845300407879,0.0071448166854679585,
0,navstack-1725537082607,navstack,overtaking,HandCrafted,,,1725537107,763029813,"builtin_interfaces.msg.Time(sec=1725537090, nanosec=443030118)",120.0,Handcrafted_LabStudy,1,1,"-12.0,1.0,0.5","-0.0,0.0,-0.0,-1.0","12.0,-0.0,0.0","-0.0,0.0,-0.0,-1.0",22.68949317932129,22.719985961914062,3.3051462173461914,0,0,0,0,0,0,0,1.3086889907717705,33.21086049079895,10.0,0.0,75.4440295009351,0.5630896687507629,
0,navstack-1725537082607,navstack,overtaking,HandCrafted,,,1725537107,783030271,"builtin_interfaces.msg.Time(sec=1725537090, nanosec=443030118)",120.0,Handcrafted_LabStudy,1,1,"-12.0,1.0,0.5","-0.0,0.0,-0.0,-1.0","12.0,-0.0,0.0","-0.0,0.0,-0.0,-1.0",22.685237884521484,22.719985961914062,3.3051462173461914,0,0,0,0,0,0,0,1.3086889907717705,33.21086049079895,10.0,0.0,75.47038351065207,0.5629919171333313,
0,navstack-1725537082607,navstack,overtaking,HandCrafted,,,1725537107,783030271,"builtin_interfaces.msg.Time(sec=1725537090, nanosec=443030118)",120.0,Handcrafted_LabStudy,1,1,"-12.0,1.0,0.5","-0.0,0.0,-0.0,-1.0","12.0,-0.0,0.0","-0.0,0.0,-0.0,-1.0",22.685237884521484,22.719985961914062,3.3051462173461914,0,0,0,0,0,0,0,1.3086889907717705,33.21086049079895,10.0,0.0,75.47038351065207,0.562774121761322,
0,navstack-1725537082607,navstack,overtaking,HandCrafted,,,1725537107,803028821,"builtin_interfaces.msg.Time(sec=1725537090, nanosec=443030118)",120.0,Handcrafted_LabStudy,1,1,"-12.0,1.0,0.5","-0.0,0.0,-0.0,-1.0","12.0,-0.0,0.0","-0.0,0.0,-0.0,-1.0",22.680618286132812,22.719985961914062,3.3051462173461914,0,0,0,0,0,0,0,1.3086889907717705,33.21086049079895,10.0,0.0,69.56452608556879,46.05451583862305,
0,navstack-1725537082607,navstack,overtaking,HandCrafted,,,1725537107,823029279,"builtin_interfaces.msg.Time(sec=1725537090, nanosec=443030118)",120.0,Handcrafted_LabStudy,1,1,"-12.0,1.0,0.5","-0.0,0.0,-0.0,-1.0","12.0,-0.0,0.0","-0.0,0.0,-0.0,-1.0",22.675996780395508,22.719985961914062,3.3051462173461914,0,0,0,0,0,0,0,1.3086889907717705,33.21086049079895,10.0,0.0,69.57936969637946,46.07129669189453,
0,navstack-1725537082607,navstack,overtaking,HandCrafted,,,1725537107,843029499,"builtin_interfaces.msg.Time(sec=1725537090, nanosec=443030118)",120.0,Handcrafted_LabStudy,1,1,"-12.0,1.0,0.5","-0.0,0.0,-0.0,-1.0","12.0,-0.0,0.0","-0.0,0.0,-0.0,-1.0",22.67137336730957,22.719985961914062,3.3051462173461914,0,0,0,0,0,0,0,1.3086889907717705,33.21086049079895,10.0,0.0,69.64973020470993,0.0054140230640769005,
0,navstack-1725537082607,navstack,overtaking,HandCrafted,,,1725537107,863029956,"builtin_interfaces.msg.Time(sec=1725537090, nanosec=443030118)",120.0,Handcrafted_LabStudy,1,1,"-12.0,1.0,0.5","-0.0,0.0,-0.0,-1.0","12.0,-0.0,0.0","-0.0,0.0,-0.0,-1.0",22.666746139526367,22.719985961914062,3.3051462173461914,0,0,0,0,0,0,0,1.3086889907717705,33.21086049079895,10.0,0.0,69.73477821538425,0.00795050710439682,
0,navstack-1725537082607,navstack,overtaking,HandCrafted,,,1725537107,883030414,"builtin_interfaces.msg.Time(sec=1725537090, nanosec=443030118)",120.0,Handcrafted_LabStudy,1,1,"-12.0,1.0,0.5","-0.0,0.0,-0.0,-1.0","12.0,-0.0,0.0","-0.0,0.0,-0.0,-1.0",22.662120819091797,22.719985961914062,3.3051462173461914,0,0,0,0,0,0,0,1.3086889907717705,33.21086049079895,10.0,0.0,69.82004889083738,0.005189299583435059,
0,navstack-1725537082607,navstack,overtaking,HandCrafted,,,1725537107,903028964,"builtin_interfaces.msg.Time(sec=1725537090, nanosec=443030118)",120.0,Handcrafted_LabStudy,1,1,"-12.0,1.0,0.5","-0.0,0.0,-0.0,-1.0","12.0,-0.0,0.0","-0.0,0.0,-0.0,-1.0",22.657493591308594,22.719985961914062,3.3051462173461914,0,0,0,0,0,0,0,1.3086889907717705,33.21086049079895,10.0,0.0,69.85537075161652,0.005786331836134195,
0,navstack-1725537082607,navstack,overtaking,HandCrafted,,,1725537107,903028964,"builtin_interfaces.msg.Time(sec=1725537090, nanosec=443030118)",120.0,Handcrafted_LabStudy,1,1,"-12.0,1.0,0.5","-0.0,0.0,-0.0,-1.0","12.0,-0.0,0.0","-0.0,0.0,-0.0,-1.0",22.657493591308594,22.719985961914062,3.3051462173461914,0,0,0,0,0,0,0,1.3086889907717705,33.21086049079895,10.0,0.0,69.85537075161652,1.8337998390197754,
0,navstack-1725537082607,navstack,overtaking,HandCrafted,,,1725537107,923029422,"builtin_interfaces.msg.Time(sec=1725537090, nanosec=443030118)",120.0,Handcrafted_LabStudy,1,1,"-12.0,1.0,0.5","-0.0,0.0,-0.0,-1.0","12.0,-0.0,0.0","-0.0,0.0,-0.0,-1.0",22.652864456176758,22.719985961914062,3.3051462173461914,0,0,0,0,0,0,0,1.3086889907717705,33.21086049079895,10.0,0.0,69.94961643041216,1.8338031768798828,
0,navstack-1725537082607,navstack,overtaking,HandCrafted,,,1725537107,943030118,"builtin_interfaces.msg.Time(sec=1725537090, nanosec=443030118)",120.0,Handcrafted_LabStudy,1,1,"-12.0,1.0,0.5","-0.0,0.0,-0.0,-1.0","12.0,-0.0,0.0","-0.0,0.0,-0.0,-1.0",22.64823341369629,22.719985961914062,3.3051462173461914,0,0,0,0,0,0,0,1.3086889907717705,33.21086049079895,10.0,0.0,70.05064624614212,0.005202870350331068,
0,navstack-1725537082607,navstack,overtaking,HandCrafted,,,1725537107,943030118,"builtin_interfaces.msg.Time(sec=1725537090, nanosec=443030118)",120.0,Handcrafted_LabStudy,1,1,"-12.0,1.0,0.5","-0.0,0.0,-0.0,-1.0","12.0,-0.0,0.0","-0.0,0.0,-0.0,-1.0",22.64823341369629,22.719985961914062,3.3051462173461914,0,0,0,0,0,0,0,1.3086889907717705,33.21086049079895,10.0,0.0,70.05064624614212,1.8334006071090698,
0,navstack-1725537082607,navstack,overtaking,HandCrafted,,,1725537107,983029127,"builtin_interfaces.msg.Time(sec=1725537090, nanosec=443030118)",120.0,Handcrafted_LabStudy,1,1,"-12.0,1.0,0.5","-0.0,0.0,-0.0,-1.0","12.0,-0.0,0.0","-0.0,0.0,-0.0,-1.0",22.63896942138672,22.719985961914062,3.3051462173461914,0,0,0,0,0,0,0,1.3086889907717705,33.21086049079895,10.0,0.0,70.27685616726532,3.6679489612579346,
0,navstack-1725537082607,navstack,overtaking,HandCrafted,,,1725537107,983029127,"builtin_interfaces.msg.Time(sec=1725537090, nanosec=443030118)",120.0,Handcrafted_LabStudy,1,1,"-12.0,1.0,0.5","-0.0,0.0,-0.0,-1.0","12.0,-0.0,0.0","-0.0,0.0,-0.0,-1.0",22.63896942138672,22.719985961914062,3.3051462173461914,0,0,0,0,0,0,0,1.3086889907717705,33.21086049079895,10.0,0.0,70.27685616726532,3.6679489612579346,
0,navstack-1725537082607,navstack,overtaking,HandCrafted,,,1725537108,3029584,"builtin_interfaces.msg.Time(sec=1725537090, nanosec=443030118)",120.0,Handcrafted_LabStudy,1,1,"-12.0,1.0,0.5","-0.0,0.0,-0.0,-1.0","12.0,-0.0,0.0","-0.0,0.0,-0.0,-1.0",22.634336471557617,22.719985961914062,3.3051462173461914,0,0,0,0,0,0,0,1.3086889907717705,33.21086049079895,10.0,0.0,70.41475278125564,1.8337763547897339,
0,navstack-1725537082607,navstack,overtaking,HandCrafted,,,1725537108,23030042,"builtin_interfaces.msg.Time(sec=1725537090, nanosec=443030118)",120.0,Handcrafted_LabStudy,1,1,"-12.0,1.0,0.5","-0.0,0.0,-0.0,-1.0","12.0,-0.0,0.0","-0.0,0.0,-0.0,-1.0",22.629701614379883,22.719985961914062,3.3051462173461914,0,0,0,0,0,0,0,1.3086889907717705,33.21086049079895,10.0,0.0,70.4710427818663,0.005899566691368818,
0,navstack-1725537082607,navstack,overtaking,HandCrafted,,,1725537108,23030042,"builtin_interfaces.msg.Time(sec=1725537090, nanosec=443030118)",120.0,Handcrafted_LabStudy,1,1,"-12.0,1.0,0.5","-0.0,0.0,-0.0,-1.0","12.0,-0.0,0.0","-0.0,0.0,-0.0,-1.0",22.629701614379883,22.719985961914062,3.3051462173461914,0,0,0,0,0,0,0,1.3086889907717705,33.21086049079895,10.0,0.0,70.4710427818663,1.8341591358184814,
0,navstack-1725537082607,navstack,overtaking,HandCrafted,,,1725537108,43030500,"builtin_interfaces.msg.Time(sec=1725537090, nanosec=443030118)",120.0,Handcrafted_LabStudy,1,1,"-12.0,1.0,0.5","-0.0,0.0,-0.0,-1.0","12.0,-0.0,0.0","-0.0,0.0,-0.0,-1.0",22.62506675720215,22.719985961914062,3.3051462173461914,0,0,0,0,0,0,0,1.3086889907717705,33.21086049079895,10.0,0.0,70.62545537554982,1.8334020376205444,
0,navstack-1725537082607,navstack,overtaking,HandCrafted,,,1725537108,63029050,"builtin_interfaces.msg.Time(sec=1725537090, nanosec=443030118)",120.0,Handcrafted_LabStudy,1,1,"-12.0,1.0,0.5","-0.0,0.0,-0.0,-1.0","12.0,-0.0,0.0","-0.0,0.0,-0.0,-1.0",22.62042999267578,22.719985961914062,3.3051462173461914,0,0,0,0,0,0,0,1.3086889907717705,33.21086049079895,10.0,0.0,70.7897698673994,0.005896272137761116,
0,navstack-1725537082607,navstack,overtaking,HandCrafted,,,1725537108,83029270,"builtin_interfaces.msg.Time(sec=1725537090, nanosec=443030118)",120.0,Handcrafted_LabStudy,1,1,"-12.0,1.0,0.5","-0.0,0.0,-0.0,-1.0","12.0,-0.0,0.0","-0.0,0.0,-0.0,-1.0",22.615793228149414,22.719985961914062,3.3051462173461914,0,0,0,0,0,0,0,1.3086889907717705,33.21086049079895,10.0,0.0,70.97861355782037,0.005687707103788853,
0,navstack-1725537082607,navstack,overtaking,HandCrafted,,,1725537108,83029270,"builtin_interfaces.msg.Time(sec=1725537090, nanosec=443030118)",120.0,Handcrafted_LabStudy,1,1,"-12.0,1.0,0.5","-0.0,0.0,-0.0,-1.0","12.0,-0.0,0.0","-0.0,0.0,-0.0,-1.0",22.615793228149414,22.719985961914062,3.3051462173461914,0,0,0,0,0,0,0,1.3086889907717705,33.21086049079895,10.0,0.0,70.97861355782037,1.8337794542312622,
0,navstack-1725537082607,navstack,overtaking,HandCrafted,,,1725537108,103029727,"builtin_interfaces.msg.Time(sec=1725537090, nanosec=443030118)",120.0,Handcrafted_LabStudy,1,1,"-12.0,1.0,0.5","-0.0,0.0,-0.0,-1.0","12.0,-0.0,0.0","-0.0,0.0,-0.0,-1.0",22.611154556274414,22.719985961914062,3.3051462173461914,0,0,0,0,0,0,0,1.3086889907717705,33.21086049079895,10.0,0.0,71.34580059663091,1.834412693977356,
0,navstack-1725537082607,navstack,overtaking,HandCrafted,,,1725537108,123030185,"builtin_interfaces.msg.Time(sec=1725537090, nanosec=443030118)",120.0,Handcrafted_LabStudy,1,1,"-12.0,1.0,0.5","-0.0,0.0,-0.0,-1.0","12.0,-0.0,0.0","-0.0,0.0,-0.0,-1.0",22.60651397705078,22.719985961914062,3.3051462173461914,0,0,0,0,0,0,0,1.3086889907717705,33.21086049079895,10.0,0.0,71.74951629789224,1.2206722497940063,
0,navstack-1725537082607,navstack,overtaking,HandCrafted,,,1725537108,123030185,"builtin_interfaces.msg.Time(sec=1725537090, nanosec=443030118)",120.0,Handcrafted_LabStudy,1,1,"-12.0,1.0,0.5","-0.0,0.0,-0.0,-1.0","12.0,-0.0,0.0","-0.0,0.0,-0.0,-1.0",22.60651397705078,22.719985961914062,3.3051462173461914,0,0,0,0,0,0,0,1.3086889907717705,33.21086049079895,10.0,0.0,71.74951629789224,3.0550503730773926,
0,navstack-1725537082607,navstack,overtaking,HandCrafted,,,1725537108,143028736,"builtin_interfaces.msg.Time(sec=1725537090, nanosec=443030118)",120.0,Handcrafted_LabStudy,1,1,"-12.0,1.0,0.5","-0.0,0.0,-0.0,-1.0","12.0,-0.0,0.0","-0.0,0.0,-0.0,-1.0",22.60187530517578,22.719985961914062,3.3051462173461914,0,0,0,0,0,0,0,1.3086889907717705,33.21086049079895,10.0,0.0,72.2130419653743,3.0563108921051025,
0,navstack-1725537082607,navstack,overtaking,HandCrafted,,,1725537108,163029193,"builtin_interfaces.msg.Time(sec=1725537090, nanosec=443030118)",120.0,Handcrafted_LabStudy,1,1,"-12.0,1.0,0.5","-0.0,0.0,-0.0,-1.0","12.0,-0.0,0.0","-0.0,0.0,-0.0,-1.0",22.597230911254883,22.719985961914062,3.3051462173461914,0,0,0,0,0,0,0,1.3086889907717705,33.21086049079895,10.0,0.0,72.61214009317231,0.015291000716388226,
0,navstack-1725537082607,navstack,overtaking,HandCrafted,,,1725537108,183029890,"builtin_interfaces.msg.Time(sec=1725537090, nanosec=443030118)",120.0,Handcrafted_LabStudy,1,1,"-12.0,1.0,0.5","-0.0,0.0,-0.0,-1.0","12.0,-0.0,0.0","-0.0,0.0,-0.0,-1.0",22.59259033203125,22.719985961914062,3.3051462173461914,0,0,0,0,0,0,0,1.3086889907717705,33.21086049079895,10.0,0.0,73.25745597674388,0.019292661920189857,
0,navstack-1725537082607,navstack,overtaking,HandCrafted,,,1725537108,203030347,"builtin_interfaces.msg.Time(sec=1725537090, nanosec=443030118)",120.0,Handcrafted_LabStudy,1,1,"-12.0,1.0,0.5","-0.0,0.0,-0.0,-1.0","12.0,-0.0,0.0","-0.0,0.0,-0.0,-1.0",22.58794593811035,22.719985961914062,3.3051462173461914,0,0,0,0,0,0,0,1.3086889907717705,33.21086049079895,10.0,0.0,74.03827529222855,0.013867695815861225,
0,navstack-1725537082607,navstack,overtaking,HandCrafted,,,1725537108,203030347,"builtin_interfaces.msg.Time(sec=1725537090, nanosec=443030118)",120.0,Handcrafted_LabStudy,1,1,"-12.0,1.0,0.5","-0.0,0.0,-0.0,-1.0","12.0,-0.0,0.0","-0.0,0.0,-0.0,-1.0",22.58794593811035,22.719985961914062,3.3051462173461914,0,0,0,0,0,0,0,1.3086889907717705,33.21086049079895,10.0,0.0,74.03827529222855,3.0556793212890625,
0,navstack-1725537082607,navstack,overtaking,HandCrafted,,,1725537108,223028898,"builtin_interfaces.msg.Time(sec=1725537090, nanosec=443030118)",120.0,Handcrafted_LabStudy,1,1,"-12.0,1.0,0.5","-0.0,0.0,-0.0,-1.0","12.0,-0.0,0.0","-0.0,0.0,-0.0,-1.0",22.583301544189453,22.719985961914062,3.3051462173461914,0,0,0,0,0,0,0,1.3086889907717705,33.21086049079895,10.0,0.0,74.52794301495965,3.056328773498535,
0,navstack-1725537082607,navstack,overtaking,HandCrafted,,,1725537108,223028898,"builtin_interfaces.msg.Time(sec=1725537090, nanosec=443030118)",120.0,Handcrafted_LabStudy,1,1,"-12.0,1.0,0.5","-0.0,0.0,-0.0,-1.0","12.0,-0.0,0.0","-0.0,0.0,-0.0,-1.0",22.583301544189453,22.719985961914062,3.3051462173461914,0,0,0,0,0,0,0,1.3086889907717705,33.21086049079895,10.0,0.0,74.52794301495965,3.056328773498535,
0,navstack-1725537082607,navstack,overtaking,HandCrafted,,,1725537108,263029813,"builtin_interfaces.msg.Time(sec=1725537090, nanosec=443030118)",120.0,Handcrafted_LabStudy,1,1,"-12.0,1.0,0.5","-0.0,0.0,-0.0,-1.0","12.0,-0.0,0.0","-0.0,0.0,-0.0,-1.0",22.574010848999023,22.719985961914062,3.3051462173461914,0,0,0,0,0,0,0,1.3086889907717705,33.21086049079895,10.0,0.0,75.73909817746905,3.6671981811523438,
0,navstack-1725537082607,navstack,overtaking,HandCrafted,,,1725537108,263029813,"builtin_interfaces.msg.Time(sec=1725537090, nanosec=443030118)",120.0,Handcrafted_LabStudy,1,1,"-12.0,1.0,0.5","-0.0,0.0,-0.0,-1.0","12.0,-0.0,0.0","-0.0,0.0,-0.0,-1.0",22.574010848999023,22.719985961914062,3.3051462173461914,0,0,0,0,0,0,0,1.3086889907717705,33.21086049079895,10.0,0.0,75.73909817746905,3.6671981811523438,
0,navstack-1725537082607,navstack,overtaking,HandCrafted,,,1725537108,283030271,"builtin_interfaces.msg.Time(sec=1725537090, nanosec=443030118)",120.0,Handcrafted_LabStudy,1,1,"-12.0,1.0,0.5","-0.0,0.0,-0.0,-1.0","12.0,-0.0,0.0","-0.0,0.0,-0.0,-1.0",22.569366455078125,22.719985961914062,3.3051462173461914,0,0,0,0,0,0,0,1.3086889907717705,33.21086049079895,10.0,0.0,76.46908699281215,1.834157943725586,
0,navstack-1725537082607,navstack,overtaking,HandCrafted,,,1725537108,283030271,"builtin_interfaces.msg.Time(sec=1725537090, nanosec=443030118)",120.0,Handcrafted_LabStudy,1,1,"-12.0,1.0,0.5","-0.0,0.0,-0.0,-1.0","12.0,-0.0,0.0","-0.0,0.0,-0.0,-1.0",22.569366455078125,22.719985961914062,3.3051462173461914,0,0,0,0,0,0,0,1.3086889907717705,33.21086049079895,10.0,0.0,76.46908699281215,1.834157943725586,
0,navstack-1725537082607,navstack,overtaking,HandCrafted,,,1725537108,303028821,"builtin_interfaces.msg.Time(sec=1725537090, nanosec=443030118)",120.0,Handcrafted_LabStudy,1,1,"-12.0,1.0,0.5","-0.0,0.0,-0.0,-1.0","12.0,-0.0,0.0","-0.0,0.0,-0.0,-1.0",22.564722061157227,22.719985961914062,3.3051462173461914,0,0,0,0,0,0,0,1.3086889907717705,33.21086049079895,10.0,0.0,77.30884673000006,1.834161639213562,
0,navstack-1725537082607,navstack,overtaking,HandCrafted,,,1725537108,323029279,"builtin_interfaces.msg.Time(sec=1725537090, nanosec=443030118)",120.0,Handcrafted_LabStudy,1,1,"-12.0,1.0,0.5","-0.0,0.0,-0.0,-1.0","12.0,-0.0,0.0","-0.0,0.0,-0.0,-1.0",22.560075759887695,22.719985961914062,3.3051462173461914,0,0,0,0,0,0,0,1.3086889907717705,33.21086049079895,10.0,0.0,79.04272025437784,0.004942690022289753,
0,navstack-1725537082607,navstack,overtaking,HandCrafted,,,1725537108,343029499,"builtin_interfaces.msg.Time(sec=1725537090, nanosec=443030118)",120.0,Handcrafted_LabStudy,1,1,"-12.0,1.0,0.5","-0.0,0.0,-0.0,-1.0","12.0,-0.0,0.0","-0.0,0.0,-0.0,-1.0",22.555429458618164,22.719985961914062,3.3051462173461914,0,0,0,0,0,0,0,1.3086889907717705,33.21086049079895,10.0,0.0,81.31321745508185,1.2229748964309692,
0,navstack-1725537082607,navstack,overtaking,HandCrafted,,,1725537108,363029956,"builtin_interfaces.msg.Time(sec=1725537090, nanosec=443030118)",120.0,Handcrafted_LabStudy,1,1,"-12.0,1.0,0.5","-0.0,0.0,-0.0,-1.0","12.0,-0.0,0.0","-0.0,0.0,-0.0,-1.0",22.550785064697266,22.719985961914062,3.3051462173461914,0,0,0,0,0,0,0,1.3086889907717705,33.21086049079895,10.0,0.0,84.43187573938289,0.018122131004929543,
0,navstack-1725537082607,navstack,overtaking,HandCrafted,,,1725537108,383030414,"builtin_interfaces.msg.Time(sec=1725537090, nanosec=443030118)",120.0,Handcrafted_LabStudy,1,1,"-12.0,1.0,0.5","-0.0,0.0,-0.0,-1.0","12.0,-0.0,0.0","-0.0,0.0,-0.0,-1.0",22.546140670776367,22.719985961914062,3.3051462173461914,0,0,0,0,0,0,0,1.3086889907717705,33.21086049079895,10.0,0.0,88.9365386537046,0.014670428819954395,
0,navstack-1725537082607,navstack,overtaking,HandCrafted,,,1725537108,403028964,"builtin_interfaces.msg.Time(sec=1725537090, nanosec=443030118)",120.0,Handcrafted_LabStudy,1,1,"-12.0,1.0,0.5","-0.0,0.0,-0.0,-1.0","12.0,-0.0,0.0","-0.0,0.0,-0.0,-1.0",22.54149627685547,22.719985961914062,3.3051462173461914,0,0,0,0,0,0,0,1.3086889907717705,33.21086049079895,10.0,0.0,96.00606995697281,0.016093943268060684,
0,navstack-1725537082607,navstack,overtaking,HandCrafted,,,1725537108,423029422,"builtin_interfaces.msg.Time(sec=1725537090, nanosec=443030118)",120.0,Handcrafted_LabStudy,1,1,"-12.0,1.0,0.5","-0.0,0.0,-0.0,-1.0","12.0,-0.0,0.0","-0.0,0.0,-0.0,-1.0",22.53685188293457,22.719985961914062,3.3051462173461914,0,0,0,0,0,0,0,1.3086889907717705,33.21086049079895,10.0,0.0,108.52823583550011,0.01606055721640587,
0,navstack-1725537082607,navstack,overtaking,HandCrafted,,,1725537108,443030118,"builtin_interfaces.msg.Time(sec=1725537090, nanosec=443030118)",120.0,Handcrafted_LabStudy,1,1,"-12.0,1.0,0.5","-0.0,0.0,-0.0,-1.0","12.0,-0.0,0.0","-0.0,0.0,-0.0,-1.0",22.532575607299805,22.719985961914062,3.3051462173461914,0,0,0,0,0,0,0,1.3086889907717705,33.21086049079895,10.0,0.0,147.5063030257757,46.068756103515625,
0,navstack-1725537082607,navstack,overtaking,HandCrafted,,,1725537108,463030576,"builtin_interfaces.msg.Time(sec=1725537090, nanosec=443030118)",120.0,Handcrafted_LabStudy,1,1,"-12.0,1.0,0.5","-0.0,0.0,-0.0,-1.0","12.0,-0.0,0.0","-0.0,0.0,-0.0,-1.0",22.52829933166504,22.719985961914062,3.3051462173461914,0,0,0,0,0,0,0,1.3086889907717705,33.21086049079895,10.0,0.0,255.9160724165274,46.03966522216797,
0,navstack-1725537082607,navstack,overtaking,HandCrafted,,,1725537108,463030576,"builtin_interfaces.msg.Time(sec=1725537090, nanosec=443030118)",120.0,Handcrafted_LabStudy,1,1,"-12.0,1.0,0.5","-0.0,0.0,-0.0,-1.0","12.0,-0.0,0.0","-0.0,0.0,-0.0,-1.0",22.52829933166504,22.719985961914062,3.3051462173461914,0,0,0,0,0,0,0,1.3086889907717705,33.21086049079895,10.0,0.0,255.9160724165274,2.814565420150757,
0,navstack-1725537082607,navstack,overtaking,HandCrafted,,,1725537108,483029127,"builtin_interfaces.msg.Time(sec=1725537090, nanosec=443030118)",120.0,Handcrafted_LabStudy,1,1,"-12.0,1.0,0.5","-0.0,0.0,-0.0,-1.0","12.0,-0.0,0.0","-0.0,0.0,-0.0,-1.0",22.524023056030273,22.719985961914062,3.3051462173461914,0,0,0,0,0,0,0,1.3086889907717705,33.21086049079895,10.0,0.0,744.5772432726209,2.8133137226104736,
0,navstack-1725537082607,navstack,overtaking,HandCrafted,,,1725537108,483029127,"builtin_interfaces.msg.Time(sec=1725537090, nanosec=443030118)",120.0,Handcrafted_LabStudy,1,1,"-12.0,1.0,0.5","-0.0,0.0,-0.0,-1.0","12.0,-0.0,0.0","-0.0,0.0,-0.0,-1.0",22.524023056030273,22.719985961914062,3.3051462173461914,0,0,0,0,0,0,0,1.3086889907717705,33.21086049079895,10.0,0.0,744.5772432726209,2.8133137226104736,
0,navstack-1725537082607,navstack,overtaking,HandCrafted,,,1725537108,503029584,"builtin_interfaces.msg.Time(sec=1725537090, nanosec=443030118)",120.0,Handcrafted_LabStudy,1,1,"-12.0,1.0,0.5","-0.0,0.0,-0.0,-1.0","12.0,-0.0,0.0","-0.0,0.0,-0.0,-1.0",22.519750595092773,22.719985961914062,3.3051462173461914,0,0,0,0,0,0,0,1.3086889907717705,33.21086049079895,10.0,0.0,98.86429282937927,2.8145592212677,
0,navstack-1725537082607,navstack,overtaking,HandCrafted,,,1725537108,503029584,"builtin_interfaces.msg.Time(sec=1725537090, nanosec=443030118)",120.0,Handcrafted_LabStudy,1,1,"-12.0,1.0,0.5","-0.0,0.0,-0.0,-1.0","12.0,-0.0,0.0","-0.0,0.0,-0.0,-1.0",22.519750595092773,22.719985961914062,3.3051462173461914,0,0,0,0,0,0,0,1.3086889907717705,33.21086049079895,10.0,0.0,93.40747937677992,2.8145592212677,
0,navstack-1725537082607,navstack,overtaking,HandCrafted,,,1725537108,523030042,"builtin_interfaces.msg.Time(sec=1725537090, nanosec=443030118)",120.0,Handcrafted_LabStudy,1,1,"-12.0,1.0,0.5","-0.0,0.0,-0.0,-1.0","12.0,-0.0,0.0","-0.0,0.0,-0.0,-1.0",22.515108108520508,22.719985961914062,3.3051462173461914,0,0,0,0,0,0,0,1.3086889907717705,33.21086049079895,10.0,0.0,56.92579121511845,46.14595413208008,
0,navstack-1725537082607,navstack,overtaking,HandCrafted,,,1725537108,523030042,"builtin_interfaces.msg.Time(sec=1725537090, nanosec=443030118)",120.0,Handcrafted_LabStudy,1,1,"-12.0,1.0,0.5","-0.0,0.0,-0.0,-1.0","12.0,-0.0,0.0","-0.0,0.0,-0.0,-1.0",22.515108108520508,22.719985961914062,3.3051462173461914,0,0,0,0,0,0,0,1.3086889907717705,33.21086049079895,10.0,0.0,56.92579121511845,46.14595413208008,
0,navstack-1725537082607,navstack,overtaking,HandCrafted,,,1725537108,543030500,"builtin_interfaces.msg.Time(sec=1725537090, nanosec=443030118)",120.0,Handcrafted_LabStudy,1,1,"-12.0,1.0,0.5","-0.0,0.0,-0.0,-1.0","12.0,-0.0,0.0","-0.0,0.0,-0.0,-1.0",22.510467529296875,22.719985961914062,3.3051462173461914,0,0,0,0,0,0,0,1.3086889907717705,33.21086049079895,10.0,0.0,47.81852805987509,1.8337982892990112,
0,navstack-1725537082607,navstack,overtaking,HandCrafted,,,1725537108,563029050,"builtin_interfaces.msg.Time(sec=1725537090, nanosec=443030118)",120.0,Handcrafted_LabStudy,1,1,"-12.0,1.0,0.5","-0.0,0.0,-0.0,-1.0","12.0,-0.0,0.0","-0.0,0.0,-0.0,-1.0",22.505828857421875,22.719985961914062,3.3051462173461914,0,0,0,0,0,0,0,1.3086889907717705,33.21086049079895,10.0,0.0,45.34363815038106,0.005886503495275974,
0,navstack-1725537082607,navstack,overtaking,HandCrafted,,,1725537108,583029270,"builtin_interfaces.msg.Time(sec=1725537090, nanosec=443030118)",120.0,Handcrafted_LabStudy,1,1,"-12.0,1.0,0.5","-0.0,0.0,-0.0,-1.0","12.0,-0.0,0.0","-0.0,0.0,-0.0,-1.0",22.501558303833008,22.719985961914062,3.3051462173461914,0,0,0,0,0,0,0,1.3086889907717705,33.21086049079895,10.0,0.0,49.339377040287694,46.05841827392578,
0,navstack-1725537082607,navstack,overtaking,HandCrafted,,,1725537108,583029270,"builtin_interfaces.msg.Time(sec=1725537090, nanosec=443030118)",120.0,Handcrafted_LabStudy,1,1,"-12.0,1.0,0.5","-0.0,0.0,-0.0,-1.0","12.0,-0.0,0.0","-0.0,0.0,-0.0,-1.0",22.501558303833008,22.719985961914062,3.3051462173461914,0,0,0,0,0,0,0,1.3086889907717705,33.21086049079895,10.0,0.0,49.339377040287694,46.086280822753906,
0,navstack-1725537082607,navstack,overtaking,HandCrafted,,,1725537108,603029727,"builtin_interfaces.msg.Time(sec=1725537090, nanosec=443030118)",120.0,Handcrafted_LabStudy,1,1,"-12.0,1.0,0.5","-0.0,0.0,-0.0,-1.0","12.0,-0.0,0.0","-0.0,0.0,-0.0,-1.0",22.49728775024414,22.719985961914062,3.3051462173461914,0,0,0,0,0,0,0,1.3086889907717705,33.21086049079895,10.0,0.0,50.33660175130558,1.688359260559082,
0,navstack-1725537082607,navstack,overtaking,HandCrafted,,,1725537108,623030185,"builtin_interfaces.msg.Time(sec=1725537090, nanosec=443030118)",120.0,Handcrafted_LabStudy,1,1,"-12.0,1.0,0.5","-0.0,0.0,-0.0,-1.0","12.0,-0.0,0.0","-0.0,0.0,-0.0,-1.0",22.493017196655273,22.719985961914062,3.3051462173461914,0,0,0,0,0,0,0,1.3086889907717705,33.21086049079895,10.0,0.0,51.565168894388435,0.005296859424561262,
0,navstack-1725537082607,navstack,overtaking,HandCrafted,,,1725537108,623030185,"builtin_interfaces.msg.Time(sec=1725537090, nanosec=443030118)",120.0,Handcrafted_LabStudy,1,1,"-12.0,1.0,0.5","-0.0,0.0,-0.0,-1.0","12.0,-0.0,0.0","-0.0,0.0,-0.0,-1.0",22.493017196655273,22.493017196655273,3.1238811016082764,0,0,0,0,0,0,0,1.5358385369181633,43.4636709690094,10.0,0.0,51.565168894388435,1.688738226890564,
0,navstack-1725537082607,navstack,overtaking,HandCrafted,,,1725537108,643028736,"builtin_interfaces.msg.Time(sec=1725537090, nanosec=443030118)",120.0,Handcrafted_LabStudy,1,1,"-12.0,1.0,0.5","-0.0,0.0,-0.0,-1.0","12.0,-0.0,0.0","-0.0,0.0,-0.0,-1.0",22.48874855041504,22.493017196655273,3.1238811016082764,0,0,0,0,0,0,0,1.5358385369181633,43.4636709690094,10.0,0.0,52.78621129886079,1.6875998973846436,
0,navstack-1725537082607,navstack,overtaking,HandCrafted,,,1725537108,643028736,"builtin_interfaces.msg.Time(sec=1725537090, nanosec=443030118)",120.0,Handcrafted_LabStudy,1,1,"-12.0,1.0,0.5","-0.0,0.0,-0.0,-1.0","12.0,-0.0,0.0","-0.0,0.0,-0.0,-1.0",22.48874855041504,22.493017196655273,3.1238811016082764,0,0,0,0,0,0,0,1.5358385369181633,43.4636709690094,10.0,0.0,52.88126087227149,1.6875998973846436,
0,navstack-1725537082607,navstack,overtaking,HandCrafted,,,1725537108,663029193,"builtin_interfaces.msg.Time(sec=1725537090, nanosec=443030118)",120.0,Handcrafted_LabStudy,1,1,"-12.0,1.0,0.5","-0.0,0.0,-0.0,-1.0","12.0,-0.0,0.0","-0.0,0.0,-0.0,-1.0",22.484479904174805,22.493017196655273,3.1238811016082764,0,0,0,0,0,0,0,1.5358385369181633,43.4636709690094,10.0,0.0,54.025713297444526,1.6891255378723145,
0,navstack-1725537082607,navstack,overtaking,HandCrafted,,,1725537108,683029890,"builtin_interfaces.msg.Time(sec=1725537090, nanosec=443030118)",120.0,Handcrafted_LabStudy,1,1,"-12.0,1.0,0.5","-0.0,0.0,-0.0,-1.0","12.0,-0.0,0.0","-0.0,0.0,-0.0,-1.0",22.480215072631836,22.493017196655273,3.1238811016082764,0,0,0,0,0,0,0,1.5358385369181633,43.4636709690094,10.0,0.0,55.671897195703956,0.0054112146608531475,
0,navstack-1725537082607,navstack,overtaking,HandCrafted,,,1725537108,703030347,"builtin_interfaces.msg.Time(sec=1725537090, nanosec=443030118)",120.0,Handcrafted_LabStudy,1,1,"-12.0,1.0,0.5","-0.0,0.0,-0.0,-1.0","12.0,-0.0,0.0","-0.0,0.0,-0.0,-1.0",22.4759464263916,22.493017196655273,3.1238811016082764,0,0,0,0,0,0,0,1.5358385369181633,43.4636709690094,10.0,0.0,57.04562313994334,1.1266051530838013,
0,navstack-1725537082607,navstack,overtaking,HandCrafted,,,1725537108,723028898,"builtin_interfaces.msg.Time(sec=1725537090, nanosec=443030118)",120.0,Handcrafted_LabStudy,1,1,"-12.0,1.0,0.5","-0.0,0.0,-0.0,-1.0","12.0,-0.0,0.0","-0.0,0.0,-0.0,-1.0",22.4720516204834,22.493017196655273,3.1238811016082764,0,0,0,0,0,0,0,1.5358385369181633,43.4636709690094,10.0,0.0,63.23241977776051,46.0675163269043,
0,navstack-1725537082607,navstack,overtaking,HandCrafted,,,1725537108,743029356,"builtin_interfaces.msg.Time(sec=1725537090, nanosec=443030118)",120.0,Handcrafted_LabStudy,1,1,"-12.0,1.0,0.5","-0.0,0.0,-0.0,-1.0","12.0,-0.0,0.0","-0.0,0.0,-0.0,-1.0",22.468156814575195,22.493017196655273,3.1238811016082764,0,0,0,0,0,0,0,1.5358385369181633,43.4636709690094,10.0,0.0,63.92247970658161,46.060359954833984,
0,navstack-1725537082607,navstack,overtaking,HandCrafted,,,1725537108,763029813,"builtin_interfaces.msg.Time(sec=1725537090, nanosec=443030118)",120.0,Handcrafted_LabStudy,1,1,"-12.0,1.0,0.5","-0.0,0.0,-0.0,-1.0","12.0,-0.0,0.0","-0.0,0.0,-0.0,-1.0",22.464262008666992,22.493017196655273,3.1238811016082764,0,0,0,0,0,0,0,1.5358385369181633,43.4636709690094,10.0,0.0,64.56239291445218,0.004381663165986538,
0,navstack-1725537082607,navstack,overtaking,HandCrafted,,,1725537108,783030271,"builtin_interfaces.msg.Time(sec=1725537090, nanosec=443030118)",120.0,Handcrafted_LabStudy,1,1,"-12.0,1.0,0.5","-0.0,0.0,-0.0,-1.0","12.0,-0.0,0.0","-0.0,0.0,-0.0,-1.0",22.460002899169922,22.493017196655273,3.1238811016082764,0,0,0,0,0,0,0,1.5358385369181633,43.4636709690094,10.0,0.0,59.51714940050816,46.04418182373047,
0,navstack-1725537082607,navstack,overtaking,HandCrafted,,,1725537108,803028821,"builtin_interfaces.msg.Time(sec=1725537090, nanosec=443030118)",120.0,Handcrafted_LabStudy,1,1,"-12.0,1.0,0.5","-0.0,0.0,-0.0,-1.0","12.0,-0.0,0.0","-0.0,0.0,-0.0,-1.0",22.45574188232422,22.493017196655273,3.1238811016082764,0,0,0,0,0,0,0,1.5358385369181633,43.4636709690094,10.0,0.0,59.98816288235657,46.056121826171875,
0,navstack-1725537082607,navstack,overtaking,HandCrafted,,,1725537108,803028821,"builtin_interfaces.msg.Time(sec=1725537090, nanosec=443030118)",120.0,Handcrafted_LabStudy,1,1,"-12.0,1.0,0.5","-0.0,0.0,-0.0,-1.0","12.0,-0.0,0.0","-0.0,0.0,-0.0,-1.0",22.45574188232422,22.493017196655273,3.1238811016082764,0,0,0,0,0,0,0,1.5358385369181633,43.4636709690094,10.0,0.0,59.98816288235657,1.6887415647506714,
0,navstack-1725537082607,navstack,overtaking,HandCrafted,,,1725537108,823029279,"builtin_interfaces.msg.Time(sec=1725537090, nanosec=443030118)",120.0,Handcrafted_LabStudy,1,1,"-12.0,1.0,0.5","-0.0,0.0,-0.0,-1.0","12.0,-0.0,0.0","-0.0,0.0,-0.0,-1.0",22.45148468017578,22.493017196655273,3.1238811016082764,0,0,0,0,0,0,0,1.5358385369181633,43.4636709690094,10.0,0.0,60.41556900145848,1.6879781484603882,
0,navstack-1725537082607,navstack,overtaking,HandCrafted,,,1725537108,843029499,"builtin_interfaces.msg.Time(sec=1725537090, nanosec=443030118)",120.0,Handcrafted_LabStudy,1,1,"-12.0,1.0,0.5","-0.0,0.0,-0.0,-1.0","12.0,-0.0,0.0","-0.0,0.0,-0.0,-1.0",22.447227478027344,22.493017196655273,3.1238811016082764,0,0,0,0,0,0,0,1.5358385369181633,43.4636709690094,10.0,0.0,60.80896498968954,0.004596624057739973,
0,navstack-1725537082607,navstack,overtaking,HandCrafted,,,1725537108,843029499,"builtin_interfaces.msg.Time(sec=1725537090, nanosec=443030118)",120.0,Handcrafted_LabStudy,1,1,"-12.0,1.0,0.5","-0.0,0.0,-0.0,-1.0","12.0,-0.0,0.0","-0.0,0.0,-0.0,-1.0",22.447227478027344,22.493017196655273,3.1238811016082764,0,0,0,0,0,0,0,1.5358385369181633,43.4636709690094,10.0,0.0,60.80896498968954,1.6883803606033325,
0,navstack-1725537082607,navstack,overtaking,HandCrafted,,,1725537108,863029956,"builtin_interfaces.msg.Time(sec=1725537090, nanosec=443030118)",120.0,Handcrafted_LabStudy,1,1,"-12.0,1.0,0.5","-0.0,0.0,-0.0,-1.0","12.0,-0.0,0.0","-0.0,0.0,-0.0,-1.0",22.44297218322754,22.493017196655273,3.1238811016082764,0,0,0,0,0,0,0,1.5358385369181633,43.4636709690094,10.0,0.0,61.172290760821745,1.6883575916290283,
0,navstack-1725537082607,navstack,overtaking,HandCrafted,,,1725537108,863029956,"builtin_interfaces.msg.Time(sec=1725537090, nanosec=443030118)",120.0,Handcrafted_LabStudy,1,1,"-12.0,1.0,0.5","-0.0,0.0,-0.0,-1.0","12.0,-0.0,0.0","-0.0,0.0,-0.0,-1.0",22.44297218322754,22.493017196655273,3.1238811016082764,0,0,0,0,0,0,0,1.5358385369181633,43.4636709690094,10.0,0.0,61.165743678951664,1.6883575916290283,
0,navstack-1725537082607,navstack,overtaking,HandCrafted,,,1725537108,883030414,"builtin_interfaces.msg.Time(sec=1725537090, nanosec=443030118)",120.0,Handcrafted_LabStudy,1,1,"-12.0,1.0,0.5","-0.0,0.0,-0.0,-1.0","12.0,-0.0,0.0","-0.0,0.0,-0.0,-1.0",22.439085006713867,22.493017196655273,3.1238811016082764,0,0,0,0,0,0,0,1.5358385369181633,43.4636709690094,10.0,0.0,67.2932793704452,46.08097457885742,
0,navstack-1725537082607,navstack,overtaking,HandCrafted,,,1725537108,903028964,"builtin_interfaces.msg.Time(sec=1725537090, nanosec=443030118)",120.0,Handcrafted_LabStudy,1,1,"-12.0,1.0,0.5","-0.0,0.0,-0.0,-1.0","12.0,-0.0,0.0","-0.0,0.0,-0.0,-1.0",22.435199737548828,22.493017196655273,3.1238811016082764,0,0,0,0,0,0,0,1.5358385369181633,43.4636709690094,10.0,0.0,67.63187956976621,46.04774856567383,
0,navstack-1725537082607,navstack,overtaking,HandCrafted,,,1725537108,923029422,"builtin_interfaces.msg.Time(sec=1725537090, nanosec=443030118)",120.0,Handcrafted_LabStudy,1,1,"-12.0,1.0,0.5","-0.0,0.0,-0.0,-1.0","12.0,-0.0,0.0","-0.0,0.0,-0.0,-1.0",22.43131446838379,22.493017196655273,3.1238811016082764,0,0,0,0,0,0,0,1.5358385369181633,43.4636709690094,10.0,0.0,67.93135498026584,0.00474108150228858,
0,navstack-1725537082607,navstack,overtaking,HandCrafted,,,1725537108,923029422,"builtin_interfaces.msg.Time(sec=1725537090, nanosec=443030118)",120.0,Handcrafted_LabStudy,1,1,"-12.0,1.0,0.5","-0.0,0.0,-0.0,-1.0","12.0,-0.0,0.0","-0.0,0.0,-0.0,-1.0",22.43131446838379,22.493017196655273,3.1238811016082764,0,0,0,0,0,0,0,1.5358385369181633,43.4636709690094,10.0,0.0,67.93135498026584,1.5429662466049194,
0,navstack-1725537082607,navstack,overtaking,HandCrafted,,,1725537108,943030118,"builtin_interfaces.msg.Time(sec=1725537090, nanosec=443030118)",120.0,Handcrafted_LabStudy,1,1,"-12.0,1.0,0.5","-0.0,0.0,-0.0,-1.0","12.0,-0.0,0.0","-0.0,0.0,-0.0,-1.0",22.427797317504883,22.493017196655273,3.1238811016082764,0,0,0,0,0,0,0,1.5358385369181633,43.4636709690094,10.0,0.0,75.32574293474846,46.074363708496094,
0,navstack-1725537082607,navstack,overtaking,HandCrafted,,,1725537108,943030118,"builtin_interfaces.msg.Time(sec=1725537090, nanosec=443030118)",120.0,Handcrafted_LabStudy,1,1,"-12.0,1.0,0.5","-0.0,0.0,-0.0,-1.0","12.0,-0.0,0.0","-0.0,0.0,-0.0,-1.0",22.427797317504883,22.493017196655273,3.1238811016082764,0,0,0,0,0,0,0,1.5358385369181633,43.4636709690094,10.0,0.0,75.32574293474846,46.074363708496094,
0,navstack-1725537082607,navstack,overtaking,HandCrafted,,,1725537108,963030576,"builtin_interfaces.msg.Time(sec=1725537090, nanosec=443030118)",120.0,Handcrafted_LabStudy,1,1,"-12.0,1.0,0.5","-0.0,0.0,-0.0,-1.0","12.0,-0.0,0.0","-0.0,0.0,-0.0,-1.0",22.42428207397461,22.493017196655273,3.1238811016082764,0,0,0,0,0,0,0,1.5358385369181633,43.4636709690094,10.0,0.0,75.63299803183972,1.3978831768035889,
0,navstack-1725537082607,navstack,overtaking,HandCrafted,,,1725537108,963030576,"builtin_interfaces.msg.Time(sec=1725537090, nanosec=443030118)",120.0,Handcrafted_LabStudy,1,1,"-12.0,1.0,0.5","-0.0,0.0,-0.0,-1.0","12.0,-0.0,0.0","-0.0,0.0,-0.0,-1.0",22.42428207397461,22.493017196655273,3.1238811016082764,0,0,0,0,0,0,0,1.5358385369181633,43.4636709690094,10.0,0.0,75.61907369693103,1.3978831768035889,
0,navstack-1725537082607,navstack,overtaking,HandCrafted,,,1725537108,983029127,"builtin_interfaces.msg.Time(sec=1725537090, nanosec=443030118)",120.0,Handcrafted_LabStudy,1,1,"-12.0,1.0,0.5","-0.0,0.0,-0.0,-1.0","12.0,-0.0,0.0","-0.0,0.0,-0.0,-1.0",22.420766830444336,22.493017196655273,3.1238811016082764,0,0,0,0,0,0,0,1.5358385369181633,43.4636709690094,10.0,0.0,75.8975838227641,1.3967455625534058,
0,navstack-1725537082607,navstack,overtaking,HandCrafted,,,1725537109,3029584,"builtin_interfaces.msg.Time(sec=1725537090, nanosec=443030118)",120.0,Handcrafted_LabStudy,1,1,"-12.0,1.0,0.5","-0.0,0.0,-0.0,-1.0","12.0,-0.0,0.0","-0.0,0.0,-0.0,-1.0",22.417255401611328,22.493017196655273,3.1238811016082764,0,0,0,0,0,0,0,1.5358385369181633,43.4636709690094,10.0,0.0,76.16520857938063,0.007464232854545116,
0,navstack-1725537082607,navstack,overtaking,HandCrafted,,,1725537109,3029584,"builtin_interfaces.msg.Time(sec=1725537090, nanosec=443030118)",120.0,Handcrafted_LabStudy,1,1,"-12.0,1.0,0.5","-0.0,0.0,-0.0,-1.0","12.0,-0.0,0.0","-0.0,0.0,-0.0,-1.0",22.417255401611328,22.493017196655273,3.1238811016082764,0,0,0,0,0,0,0,1.5358385369181633,43.4636709690094,10.0,0.0,76.16520857938063,1.3979076147079468,
0,navstack-1725537082607,navstack,overtaking,HandCrafted,,,1725537109,23030042,"builtin_interfaces.msg.Time(sec=1725537090, nanosec=443030118)",120.0,Handcrafted_LabStudy,1,1,"-12.0,1.0,0.5","-0.0,0.0,-0.0,-1.0","12.0,-0.0,0.0","-0.0,0.0,-0.0,-1.0",22.413742065429688,22.493017196655273,3.1238811016082764,0,0,0,0,0,0,0,1.5358385369181633,43.4636709690094,10.0,0.0,76.42056998260234,1.3975176811218262,
0,navstack-1725537082607,navstack,overtaking,HandCrafted,,,1725537109,43030500,"builtin_interfaces.msg.Time(sec=1725537090, nanosec=443030118)",120.0,Handcrafted_LabStudy,1,1,"-12.0,1.0,0.5","-0.0,0.0,-0.0,-1.0","12.0,-0.0,0.0","-0.0,0.0,-0.0,-1.0",22.410232543945312,22.493017196655273,3.1238811016082764,0,0,0,0,0,0,0,1.5358385369181633,43.4636709690094,10.0,0.0,76.6602002429052,0.004880879074335098,
0,navstack-1725537082607,navstack,overtaking,HandCrafted,,,1725537109,63029050,"builtin_interfaces.msg.Time(sec=1725537090, nanosec=443030118)",120.0,Handcrafted_LabStudy,1,1,"-12.0,1.0,0.5","-0.0,0.0,-0.0,-1.0","12.0,-0.0,0.0","-0.0,0.0,-0.0,-1.0",22.40672492980957,22.493017196655273,3.1238811016082764,0,0,0,0,0,0,0,1.5358385369181633,43.4636709690094,10.0,0.0,76.8556015456226,0.005979823414236307,
0,navstack-1725537082607,navstack,overtaking,HandCrafted,,,1725537109,63029050,"builtin_interfaces.msg.Time(sec=1725537090, nanosec=443030118)",120.0,Handcrafted_LabStudy,1,1,"-12.0,1.0,0.5","-0.0,0.0,-0.0,-1.0","12.0,-0.0,0.0","-0.0,0.0,-0.0,-1.0",22.40672492980957,22.493017196655273,3.1238811016082764,0,0,0,0,0,0,0,1.5358385369181633,43.4636709690094,10.0,0.0,76.8556015456226,1.397538185119629,
0,navstack-1725537082607,navstack,overtaking,HandCrafted,,,1725537109,83029270,"builtin_interfaces.msg.Time(sec=1725537090, nanosec=443030118)",120.0,Handcrafted_LabStudy,1,1,"-12.0,1.0,0.5","-0.0,0.0,-0.0,-1.0","12.0,-0.0,0.0","-0.0,0.0,-0.0,-1.0",22.403581619262695,22.493017196655273,3.1238811016082764,0,0,0,0,0,0,0,1.5358385369181633,43.4636709690094,10.0,0.0,86.02041783778822,46.07432556152344,
0,navstack-1725537082607,navstack,overtaking,HandCrafted,,,1725537109,83029270,"builtin_interfaces.msg.Time(sec=1725537090, nanosec=443030118)",120.0,Handcrafted_LabStudy,1,1,"-12.0,1.0,0.5","-0.0,0.0,-0.0,-1.0","12.0,-0.0,0.0","-0.0,0.0,-0.0,-1.0",22.403581619262695,22.493017196655273,3.1238811016082764,0,0,0,0,0,0,0,1.5358385369181633,43.4636709690094,10.0,0.0,86.02041783778822,46.07432556152344,
0,navstack-1725537082607,navstack,overtaking,HandCrafted,,,1725537109,103029727,"builtin_interfaces.msg.Time(sec=1725537090, nanosec=443030118)",120.0,Handcrafted_LabStudy,1,1,"-12.0,1.0,0.5","-0.0,0.0,-0.0,-1.0","12.0,-0.0,0.0","-0.0,0.0,-0.0,-1.0",22.400440216064453,22.493017196655273,3.1238811016082764,0,0,0,0,0,0,0,1.5358385369181633,43.4636709690094,10.0,0.0,86.24534461953925,1.2524340152740479,
0,navstack-1725537082607,navstack,overtaking,HandCrafted,,,1725537109,123030185,"builtin_interfaces.msg.Time(sec=1725537090, nanosec=443030118)",120.0,Handcrafted_LabStudy,1,1,"-12.0,1.0,0.5","-0.0,0.0,-0.0,-1.0","12.0,-0.0,0.0","-0.0,0.0,-0.0,-1.0",22.397666931152344,22.493017196655273,3.1238811016082764,0,0,0,0,0,0,0,1.5358385369181633,43.4636709690094,10.0,0.0,97.82460341829609,46.056392669677734,
0,navstack-1725537082607,navstack,overtaking,HandCrafted,,,1725537109,143028736,"builtin_interfaces.msg.Time(sec=1725537090, nanosec=443030118)",120.0,Handcrafted_LabStudy,1,1,"-12.0,1.0,0.5","-0.0,0.0,-0.0,-1.0","12.0,-0.0,0.0","-0.0,0.0,-0.0,-1.0",22.3948917388916,22.493017196655273,3.1238811016082764,0,0,0,0,0,0,0,1.5358385369181633,43.4636709690094,10.0,0.0,98.0596837293668,46.048980712890625,
0,navstack-1725537082607,navstack,overtaking,HandCrafted,,,1725537109,163029193,"builtin_interfaces.msg.Time(sec=1725537090, nanosec=443030118)",120.0,Handcrafted_LabStudy,1,1,"-12.0,1.0,0.5","-0.0,0.0,-0.0,-1.0","12.0,-0.0,0.0","-0.0,0.0,-0.0,-1.0",22.392120361328125,22.493017196655273,3.1238811016082764,0,0,0,0,0,0,0,1.5358385369181633,43.4636709690094,10.0,0.0,98.25702167431483,0.003447706112638116,
0,navstack-1725537082607,navstack,overtaking,HandCrafted,,,1725537109,183029890,"builtin_interfaces.msg.Time(sec=1725537090, nanosec=443030118)",120.0,Handcrafted_LabStudy,1,1,"-12.0,1.0,0.5","-0.0,0.0,-0.0,-1.0","12.0,-0.0,0.0","-0.0,0.0,-0.0,-1.0",22.389713287353516,22.493017196655273,3.1238811016082764,0,0,0,0,0,0,0,1.5358385369181633,43.4636709690094,10.0,0.0,113.37355508948708,46.05617141723633,
0,navstack-1725537082607,navstack,overtaking,HandCrafted,,,1725537109,203030347,"builtin_interfaces.msg.Time(sec=1725537090, nanosec=443030118)",120.0,Handcrafted_LabStudy,1,1,"-12.0,1.0,0.5","-0.0,0.0,-0.0,-1.0","12.0,-0.0,0.0","-0.0,0.0,-0.0,-1.0",22.387306213378906,22.493017196655273,3.1238811016082764,0,0,0,0,0,0,0,1.5358385369181633,43.4636709690094,10.0,0.0,113.61611998998349,46.04964065551758,
0,navstack-1725537082607,navstack,overtaking,HandCrafted,,,1725537109,223028898,"builtin_interfaces.msg.Time(sec=1725537090, nanosec=443030118)",120.0,Handcrafted_LabStudy,1,1,"-12.0,1.0,0.5","-0.0,0.0,-0.0,-1.0","12.0,-0.0,0.0","-0.0,0.0,-0.0,-1.0",22.384904861450195,22.493017196655273,3.1238811016082764,0,0,0,0,0,0,0,1.5358385369181633,43.4636709690094,10.0,0.0,113.81626785538015,0.003148091724142432,
0,navstack-1725537082607,navstack,overtaking,HandCrafted,,,1725537109,243029356,"builtin_interfaces.msg.Time(sec=1725537090, nanosec=443030118)",120.0,Handcrafted_LabStudy,1,1,"-12.0,1.0,0.5","-0.0,0.0,-0.0,-1.0","12.0,-0.0,0.0","-0.0,0.0,-0.0,-1.0",22.38249969482422,22.493017196655273,3.1238811016082764,0,0,0,0,0,0,0,1.5358385369181633,43.4636709690094,10.0,0.0,114.04213710324069,0.0030863624997437,
0,navstack-1725537082607,navstack,overtaking,HandCrafted,,,1725537109,263029813,"builtin_interfaces.msg.Time(sec=1725537090, nanosec=443030118)",120.0,Handcrafted_LabStudy,1,1,"-12.0,1.0,0.5","-0.0,0.0,-0.0,-1.0","12.0,-0.0,0.0","-0.0,0.0,-0.0,-1.0",22.380098342895508,22.493017196655273,3.1238811016082764,0,0,0,0,0,0,0,1.5358385369181633,43.4636709690094,10.0,0.0,114.25477715810061,0.007633926812559366,
0,navstack-1725537082607,navstack,overtaking,HandCrafted,,,1725537109,283030271,"builtin_interfaces.msg.Time(sec=1725537090, nanosec=443030118)",120.0,Handcrafted_LabStudy,1,1,"-12.0,1.0,0.5","-0.0,0.0,-0.0,-1.0","12.0,-0.0,0.0","-0.0,0.0,-0.0,-1.0",22.377334594726562,22.493017196655273,3.1238811016082764,0,0,0,0,0,0,0,1.5358385369181633,43.4636709690094,10.0,0.0,99.42272032668714,46.040584564208984,
0,navstack-1725537082607,navstack,overtaking,HandCrafted,,,1725537109,283030271,"builtin_interfaces.msg.Time(sec=1725537090, nanosec=443030118)",120.0,Handcrafted_LabStudy,1,1,"-12.0,1.0,0.5","-0.0,0.0,-0.0,-1.0","12.0,-0.0,0.0","-0.0,0.0,-0.0,-1.0",22.377334594726562,22.493017196655273,3.1238811016082764,0,0,0,0,0,0,0,1.5358385369181633,43.4636709690094,10.0,0.0,99.42272032668714,46.05962371826172,
0,navstack-1725537082607,navstack,overtaking,HandCrafted,,,1725537109,303028821,"builtin_interfaces.msg.Time(sec=1725537090, nanosec=443030118)",120.0,Handcrafted_LabStudy,1,1,"-12.0,1.0,0.5","-0.0,0.0,-0.0,-1.0","12.0,-0.0,0.0","-0.0,0.0,-0.0,-1.0",22.374574661254883,22.493017196655273,3.1238811016082764,0,0,0,0,0,0,0,1.5358385369181633,43.4636709690094,10.0,0.0,99.5940430256915,1.1062501668930054,
0,navstack-1725537082607,navstack,overtaking,HandCrafted,,,1725537109,323029279,"builtin_interfaces.msg.Time(sec=1725537090, nanosec=443030118)",120.0,Handcrafted_LabStudy,1,1,"-12.0,1.0,0.5","-0.0,0.0,-0.0,-1.0","12.0,-0.0,0.0","-0.0,0.0,-0.0,-1.0",22.37181282043457,22.493017196655273,3.1238811016082764,0,0,0,0,0,0,0,1.5358385369181633,43.4636709690094,10.0,0.0,99.73401513555423,0.009255978278815746,
0,navstack-1725537082607,navstack,overtaking,HandCrafted,,,1725537109,323029279,"builtin_interfaces.msg.Time(sec=1725537090, nanosec=443030118)",120.0,Handcrafted_LabStudy,1,1,"-12.0,1.0,0.5","-0.0,0.0,-0.0,-1.0","12.0,-0.0,0.0","-0.0,0.0,-0.0,-1.0",22.37181282043457,22.493017196655273,3.1238811016082764,0,0,0,0,0,0,0,1.5358385369181633,43.4636709690094,10.0,0.0,99.73401513555423,1.1074579954147339,
0,navstack-1725537082607,navstack,overtaking,HandCrafted,,,1725537109,323029279,"builtin_interfaces.msg.Time(sec=1725537090, nanosec=443030118)",120.0,Handcrafted_LabStudy,1,1,"-12.0,1.0,0.5","-0.0,0.0,-0.0,-1.0","12.0,-0.0,0.0","-0.0,0.0,-0.0,-1.0",22.37181282043457,22.493017196655273,3.1238811016082764,0,0,0,0,0,0,0,1.5358385369181633,43.4636709690094,10.0,0.0,99.73401513555423,0.0,
0,navstack-1725537082607,navstack,overtaking,HandCrafted,,,1725537109,343029499,"builtin_interfaces.msg.Time(sec=1725537090, nanosec=443030118)",120.0,Handcrafted_LabStudy,1,1,"-12.0,1.0,0.5","-0.0,0.0,-0.0,-1.0","12.0,-0.0,0.0","-0.0,0.0,-0.0,-1.0",22.369050979614258,22.493017196655273,3.1238811016082764,0,0,0,0,0,0,0,1.5358385369181633,43.4636709690094,10.0,0.0,99.89644049640802,1.1062567234039307,
0,navstack-1725537082607,navstack,overtaking,HandCrafted,,,1725537109,343029499,"builtin_interfaces.msg.Time(sec=1725537090, nanosec=443030118)",120.0,Handcrafted_LabStudy,1,1,"-12.0,1.0,0.5","-0.0,0.0,-0.0,-1.0","12.0,-0.0,0.0","-0.0,0.0,-0.0,-1.0",22.369050979614258,22.493017196655273,3.1238811016082764,0,0,0,0,0,0,0,1.5358385369181633,43.4636709690094,10.0,0.0,99.89644049640802,1.1062567234039307,
0,navstack-1725537082607,navstack,overtaking,HandCrafted,,,1725537109,363029956,"builtin_interfaces.msg.Time(sec=1725537090, nanosec=443030118)",120.0,Handcrafted_LabStudy,1,1,"-12.0,1.0,0.5","-0.0,0.0,-0.0,-1.0","12.0,-0.0,0.0","-0.0,0.0,-0.0,-1.0",22.366294860839844,22.493017196655273,3.1238811016082764,0,0,0,0,0,0,0,1.5358385369181633,43.4636709690094,10.0,0.0,100.05250388422908,1.1063135862350464,
0,navstack-1725537082607,navstack,overtaking,HandCrafted,,,1725537109,383028507,"builtin_interfaces.msg.Time(sec=1725537090, nanosec=443030118)",120.0,Handcrafted_LabStudy,1,1,"-12.0,1.0,0.5","-0.0,0.0,-0.0,-1.0","12.0,-0.0,0.0","-0.0,0.0,-0.0,-1.0",22.36353874206543,22.493017196655273,3.1238811016082764,0,0,0,0,0,0,0,1.5358385369181633,43.4636709690094,10.0,0.0,100.12130576192696,0.009182462468743324,
0,navstack-1725537082607,navstack,overtaking,HandCrafted,,,1725537109,403028964,"builtin_interfaces.msg.Time(sec=1725537090, nanosec=443030118)",120.0,Handcrafted_LabStudy,1,1,"-12.0,1.0,0.5","-0.0,0.0,-0.0,-1.0","12.0,-0.0,0.0","-0.0,0.0,-0.0,-1.0",22.360782623291016,22.493017196655273,3.1238811016082764,0,0,0,0,0,0,0,1.5358385369181633,43.4636709690094,10.0,0.0,100.15547828980847,0.7378863096237183,
0,navstack-1725537082607,navstack,overtaking,HandCrafted,,,1725537109,423029422,"builtin_interfaces.msg.Time(sec=1725537090, nanosec=443030118)",120.0,Handcrafted_LabStudy,1,1,"-12.0,1.0,0.5","-0.0,0.0,-0.0,-1.0","12.0,-0.0,0.0","-0.0,0.0,-0.0,-1.0",22.358028411865234,22.493017196655273,3.1238811016082764,0,0,0,0,0,0,0,1.5358385369181633,43.4636709690094,10.0,0.0,100.18811793902995,0.00042972236406058073,
0,navstack-1725537082607,navstack,overtaking,HandCrafted,,,1725537109,443030118,"builtin_interfaces.msg.Time(sec=1725537090, nanosec=443030118)",120.0,Handcrafted_LabStudy,1,1,"-12.0,1.0,0.5","-0.0,0.0,-0.0,-1.0","12.0,-0.0,0.0","-0.0,0.0,-0.0,-1.0",22.355274200439453,22.493017196655273,3.1238811016082764,0,0,0,0,0,0,0,1.5358385369181633,43.4636709690094,10.0,0.0,100.22033892473118,0.0003851500223390758,
0,navstack-1725537082607,navstack,overtaking,HandCrafted,,,1725537109,463030576,"builtin_interfaces.msg.Time(sec=1725537090, nanosec=443030118)",120.0,Handcrafted_LabStudy,1,1,"-12.0,1.0,0.5","-0.0,0.0,-0.0,-1.0","12.0,-0.0,0.0","-0.0,0.0,-0.0,-1.0",22.352519989013672,22.493017196655273,3.1238811016082764,0,0,0,0,0,0,0,1.5358385369181633,43.4636709690094,10.0,0.0,100.2794893386374,0.0015446484321728349,
0,navstack-1725537082607,navstack,overtaking,HandCrafted,,,1725537109,483029127,"builtin_interfaces.msg.Time(sec=1725537090, nanosec=443030118)",120.0,Handcrafted_LabStudy,1,1,"-12.0,1.0,0.5","-0.0,0.0,-0.0,-1.0","12.0,-0.0,0.0","-0.0,0.0,-0.0,-1.0",22.34976577758789,22.493017196655273,3.1238811016082764,0,0,0,0,0,0,0,1.5358385369181633,43.4636709690094,10.0,0.0,100.31100818188399,0.003646422177553177,
0,navstack-1725537082607,navstack,overtaking,HandCrafted,,,1725537109,503029584,"builtin_interfaces.msg.Time(sec=1725537090, nanosec=443030118)",120.0,Handcrafted_LabStudy,1,1,"-12.0,1.0,0.5","-0.0,0.0,-0.0,-1.0","12.0,-0.0,0.0","-0.0,0.0,-0.0,-1.0",22.347015380859375,22.493017196655273,3.1238811016082764,0,0,0,0,0,0,0,1.5358385369181633,43.4636709690094,10.0,0.0,100.34379778504388,0.004947052337229252,
0,navstack-1725537082607,navstack,overtaking,HandCrafted,,,1725537109,503029584,"builtin_interfaces.msg.Time(sec=1725537090, nanosec=443030118)",120.0,Handcrafted_LabStudy,1,1,"-12.0,1.0,0.5","-0.0,0.0,-0.0,-1.0","12.0,-0.0,0.0","-0.0,0.0,-0.0,-1.0",22.347015380859375,22.493017196655273,3.1238811016082764,0,0,0,0,0,0,0,1.5358385369181633,43.4636709690094,10.0,0.0,100.34379778504388,0.36898937821388245,
0,navstack-1725537082607,navstack,overtaking,HandCrafted,,,1725537109,503029584,"builtin_interfaces.msg.Time(sec=1725537090, nanosec=443030118)",120.0,Handcrafted_LabStudy,1,1,"-12.0,1.0,0.5","-0.0,0.0,-0.0,-1.0","12.0,-0.0,0.0","-0.0,0.0,-0.0,-1.0",22.347015380859375,22.493017196655273,3.1238811016082764,0,0,0,0,0,0,0,1.5358385369181633,43.4636709690094,10.0,0.0,100.34379778504388,0.0,
0,navstack-1725537082607,navstack,overtaking,HandCrafted,,,1725537109,523030042,"builtin_interfaces.msg.Time(sec=1725537090, nanosec=443030118)",120.0,Handcrafted_LabStudy,1,1,"-12.0,1.0,0.5","-0.0,0.0,-0.0,-1.0","12.0,-0.0,0.0","-0.0,0.0,-0.0,-1.0",22.344263076782227,22.493017196655273,3.1238811016082764,0,0,0,0,0,0,0,1.5358385369181633,43.4636709690094,10.0,0.0,100.37930776992633,0.36879172921180725,
0,navstack-1725537082607,navstack,overtaking,HandCrafted,,,1725537109,523030042,"builtin_interfaces.msg.Time(sec=1725537090, nanosec=443030118)",120.0,Handcrafted_LabStudy,1,1,"-12.0,1.0,0.5","-0.0,0.0,-0.0,-1.0","12.0,-0.0,0.0","-0.0,0.0,-0.0,-1.0",22.344263076782227,22.493017196655273,3.1238811016082764,0,0,0,0,0,0,0,1.5358385369181633,43.4636709690094,10.0,0.0,100.37930776992633,0.36879172921180725,
0,navstack-1725537082607,navstack,overtaking,HandCrafted,,,1725537109,543030500,"builtin_interfaces.msg.Time(sec=1725537090, nanosec=443030118)",120.0,Handcrafted_LabStudy,1,1,"-12.0,1.0,0.5","-0.0,0.0,-0.0,-1.0","12.0,-0.0,0.0","-0.0,0.0,-0.0,-1.0",22.341510772705078,22.493017196655273,3.1238811016082764,0,0,0,0,0,0,0,1.5358385369181633,43.4636709690094,10.0,0.0,100.41348578684847,0.36888548731803894,
0,navstack-1725537082607,navstack,overtaking,HandCrafted,,,1725537109,543030500,"builtin_interfaces.msg.Time(sec=1725537090, nanosec=443030118)",120.0,Handcrafted_LabStudy,1,1,"-12.0,1.0,0.5","-0.0,0.0,-0.0,-1.0","12.0,-0.0,0.0","-0.0,0.0,-0.0,-1.0",22.341510772705078,22.493017196655273,3.1238811016082764,0,0,0,0,0,0,0,1.5358385369181633,43.4636709690094,10.0,0.0,100.43383779304705,0.36888548731803894,
0,navstack-1725537082607,navstack,overtaking,HandCrafted,,,1725537109,563029050,"builtin_interfaces.msg.Time(sec=1725537090, nanosec=443030118)",120.0,Handcrafted_LabStudy,1,1,"-12.0,1.0,0.5","-0.0,0.0,-0.0,-1.0","12.0,-0.0,0.0","-0.0,0.0,-0.0,-1.0",22.338760375976562,22.493017196655273,3.1238811016082764,0,0,0,0,0,0,0,1.5358385369181633,43.4636709690094,10.0,0.0,100.47024624450862,0.3688828945159912,
0,navstack-1725537082607,navstack,overtaking,HandCrafted,,,1725537109,583029270,"builtin_interfaces.msg.Time(sec=1725537090, nanosec=443030118)",120.0,Handcrafted_LabStudy,1,1,"-12.0,1.0,0.5","-0.0,0.0,-0.0,-1.0","12.0,-0.0,0.0","-0.0,0.0,-0.0,-1.0",22.336009979248047,22.493017196655273,3.1238811016082764,0,0,0,0,0,0,0,1.5358385369181633,43.4636709690094,10.0,0.0,100.50443875045401,0.005363223608583212,
0,navstack-1725537082607,navstack,overtaking,HandCrafted,,,1725537109,603029727,"builtin_interfaces.msg.Time(sec=1725537090, nanosec=443030118)",120.0,Handcrafted_LabStudy,1,1,"-12.0,1.0,0.5","-0.0,0.0,-0.0,-1.0","12.0,-0.0,0.0","-0.0,0.0,-0.0,-1.0",22.333261489868164,22.493017196655273,3.1238811016082764,0,0,0,0,0,0,0,1.5358385369181633,43.4636709690094,10.0,0.0,100.53454019796813,0.0031767007894814014,
0,navstack-1725537082607,navstack,overtaking,HandCrafted,,,1725537109,623030185,"builtin_interfaces.msg.Time(sec=1725537090, nanosec=443030118)",120.0,Handcrafted_LabStudy,1,1,"-12.0,1.0,0.5","-0.0,0.0,-0.0,-1.0","12.0,-0.0,0.0","-0.0,0.0,-0.0,-1.0",22.330873489379883,22.493017196655273,3.1238811016082764,0,0,0,0,0,0,0,1.5358385369181633,43.4636709690094,10.0,0.0,115.78019149650768,46.05289840698242,
0,navstack-1725537082607,navstack,overtaking,HandCrafted,,,1725537109,643028736,"builtin_interfaces.msg.Time(sec=1725537090, nanosec=443030118)",120.0,Handcrafted_LabStudy,1,1,"-12.0,1.0,0.5","-0.0,0.0,-0.0,-1.0","12.0,-0.0,0.0","-0.0,0.0,-0.0,-1.0",22.328487396240234,22.330873489379883,2.974745750427246,0,0,0,0,0,0,0,1.6994438394904137,51.183387994766235,10.0,0.0,115.81488858153216,46.05227279663086,
0,navstack-1725537082607,navstack,overtaking,HandCrafted,,,1725537109,663029193,"builtin_interfaces.msg.Time(sec=1725537090, nanosec=443030118)",120.0,Handcrafted_LabStudy,1,1,"-12.0,1.0,0.5","-0.0,0.0,-0.0,-1.0","12.0,-0.0,0.0","-0.0,0.0,-0.0,-1.0",22.326099395751953,22.330873489379883,2.974745750427246,0,0,0,0,0,0,0,1.6994438394904137,51.183387994766235,10.0,0.0,115.84826121898223,0.00320196570828557,
0,navstack-1725537082607,navstack,overtaking,HandCrafted,,,1725537109,683029890,"builtin_interfaces.msg.Time(sec=1725537090, nanosec=443030118)",120.0,Handcrafted_LabStudy,1,1,"-12.0,1.0,0.5","-0.0,0.0,-0.0,-1.0","12.0,-0.0,0.0","-0.0,0.0,-0.0,-1.0",22.323713302612305,22.330873489379883,2.974745750427246,0,0,0,0,0,0,0,1.6994438394904137,51.183387994766235,10.0,0.0,115.91443120333399,0.007043669931590557,
0,navstack-1725537082607,navstack,overtaking,HandCrafted,,,1725537109,703030347,"builtin_interfaces.msg.Time(sec=1725537090, nanosec=443030118)",120.0,Handcrafted_LabStudy,1,1,"-12.0,1.0,0.5","-0.0,0.0,-0.0,-1.0","12.0,-0.0,0.0","-0.0,0.0,-0.0,-1.0",22.321325302124023,22.330873489379883,2.974745750427246,0,0,0,0,0,0,0,1.6994438394904137,51.183387994766235,10.0,0.0,115.95497178292604,0.010308087803423405,
0,navstack-1725537082607,navstack,overtaking,HandCrafted,,,1725537109,723028898,"builtin_interfaces.msg.Time(sec=1725537090, nanosec=443030118)",120.0,Handcrafted_LabStudy,1,1,"-12.0,1.0,0.5","-0.0,0.0,-0.0,-1.0","12.0,-0.0,0.0","-0.0,0.0,-0.0,-1.0",22.31894302368164,22.330873489379883,2.974745750427246,0,0,0,0,0,0,0,1.6994438394904137,51.183387994766235,10.0,0.0,115.98771563147366,0.014135103672742844,
0,navstack-1725537082607,navstack,overtaking,HandCrafted,,,1725537109,743029356,"builtin_interfaces.msg.Time(sec=1725537090, nanosec=443030118)",120.0,Handcrafted_LabStudy,1,1,"-12.0,1.0,0.5","-0.0,0.0,-0.0,-1.0","12.0,-0.0,0.0","-0.0,0.0,-0.0,-1.0",22.316556930541992,22.330873489379883,2.974745750427246,0,0,0,0,0,0,0,1.6994438394904137,51.183387994766235,10.0,0.0,116.01534061112365,0.0067775011993944645,
0,navstack-1725537082607,navstack,overtaking,HandCrafted,,,1725537109,763029813,"builtin_interfaces.msg.Time(sec=1725537090, nanosec=443030118)",120.0,Handcrafted_LabStudy,1,1,"-12.0,1.0,0.5","-0.0,0.0,-0.0,-1.0","12.0,-0.0,0.0","-0.0,0.0,-0.0,-1.0",22.31417465209961,22.330873489379883,2.974745750427246,0,0,0,0,0,0,0,1.6994438394904137,51.183387994766235,10.0,0.0,116.07910968277702,0.00035597968962974846,
0,navstack-1725537082607,navstack,overtaking,HandCrafted,,,1725537109,783030271,"builtin_interfaces.msg.Time(sec=1725537090, nanosec=443030118)",120.0,Handcrafted_LabStudy,1,1,"-12.0,1.0,0.5","-0.0,0.0,-0.0,-1.0","12.0,-0.0,0.0","-0.0,0.0,-0.0,-1.0",22.311790466308594,22.330873489379883,2.974745750427246,0,0,0,0,0,0,0,1.6994438394904137,51.183387994766235,10.0,0.0,116.11966905469178,0.00043163562077097595,
0,navstack-1725537082607,navstack,overtaking,HandCrafted,,,1725537109,803028821,"builtin_interfaces.msg.Time(sec=1725537090, nanosec=443030118)",120.0,Handcrafted_LabStudy,1,1,"-12.0,1.0,0.5","-0.0,0.0,-0.0,-1.0","12.0,-0.0,0.0","-0.0,0.0,-0.0,-1.0",22.309406280517578,22.330873489379883,2.974745750427246,0,0,0,0,0,0,0,1.6994438394904137,51.183387994766235,10.0,0.0,116.14791296882176,0.00037438704748637974,
0,navstack-1725537082607,navstack,overtaking,HandCrafted,,,1725537109,823029279,"builtin_interfaces.msg.Time(sec=1725537090, nanosec=443030118)",120.0,Handcrafted_LabStudy,1,1,"-12.0,1.0,0.5","-0.0,0.0,-0.0,-1.0","12.0,-0.0,0.0","-0.0,0.0,-0.0,-1.0",22.307024002075195,22.330873489379883,2.974745750427246,0,0,0,0,0,0,0,1.6994438394904137,51.183387994766235,10.0,0.0,116.17675917988772,0.001556395785883069,
0,navstack-1725537082607,navstack,overtaking,HandCrafted,,,1725537109,843029499,"builtin_interfaces.msg.Time(sec=1725537090, nanosec=443030118)",120.0,Handcrafted_LabStudy,1,1,"-12.0,1.0,0.5","-0.0,0.0,-0.0,-1.0","12.0,-0.0,0.0","-0.0,0.0,-0.0,-1.0",22.304641723632812,22.330873489379883,2.974745750427246,0,0,0,0,0,0,0,1.6994438394904137,51.183387994766235,10.0,0.0,116.2394510686863,0.0035815739538520575,
0,navstack-1725537082607,navstack,overtaking,HandCrafted,,,1725537109,863029956,"builtin_interfaces.msg.Time(sec=1725537090, nanosec=443030118)",120.0,Handcrafted_LabStudy,1,1,"-12.0,1.0,0.5","-0.0,0.0,-0.0,-1.0","12.0,-0.0,0.0","-0.0,0.0,-0.0,-1.0",22.302261352539062,22.330873489379883,2.974745750427246,0,0,0,0,0,0,0,1.6994438394904137,51.183387994766235,10.0,0.0,116.27880741137399,0.0014963386347517371,
0,navstack-1725537082607,navstack,overtaking,HandCrafted,,,1725537109,883028507,"builtin_interfaces.msg.Time(sec=1725537090, nanosec=443030118)",120.0,Handcrafted_LabStudy,1,1,"-12.0,1.0,0.5","-0.0,0.0,-0.0,-1.0","12.0,-0.0,0.0","-0.0,0.0,-0.0,-1.0",22.30023956298828,22.330873489379883,2.974745750427246,0,0,0,0,0,0,0,1.6994438394904137,51.183387994766235,10.0,0.0,137.03871568580726,46.052852630615234,
0,navstack-1725537082607,navstack,overtaking,HandCrafted,,,1725537109,883028507,"builtin_interfaces.msg.Time(sec=1725537090, nanosec=443030118)",120.0,Handcrafted_LabStudy,1,1,"-12.0,1.0,0.5","-0.0,0.0,-0.0,-1.0","12.0,-0.0,0.0","-0.0,0.0,-0.0,-1.0",22.30023956298828,22.330873489379883,2.974745750427246,0,0,0,0,0,0,0,1.6994438394904137,51.183387994766235,10.0,0.0,137.0652070416861,46.05352020263672,
0,navstack-1725537082607,navstack,overtaking,HandCrafted,,,1725537109,903028964,"builtin_interfaces.msg.Time(sec=1725537090, nanosec=443030118)",120.0,Handcrafted_LabStudy,1,1,"-12.0,1.0,0.5","-0.0,0.0,-0.0,-1.0","12.0,-0.0,0.0","-0.0,0.0,-0.0,-1.0",22.298221588134766,22.330873489379883,2.974745750427246,0,0,0,0,0,0,0,1.6994438394904137,51.183387994766235,10.0,0.0,137.11362607077163,0.2719186246395111,
0,navstack-1725537082607,navstack,overtaking,HandCrafted,,,1725537109,923029422,"builtin_interfaces.msg.Time(sec=1725537090, nanosec=443030118)",120.0,Handcrafted_LabStudy,1,1,"-12.0,1.0,0.5","-0.0,0.0,-0.0,-1.0","12.0,-0.0,0.0","-0.0,0.0,-0.0,-1.0",22.29619789123535,22.330873489379883,2.974745750427246,0,0,0,0,0,0,0,1.6994438394904137,51.183387994766235,10.0,0.0,137.14690280833975,0.0034419174771755934,
0,navstack-1725537082607,navstack,overtaking,HandCrafted,,,1725537109,943030118,"builtin_interfaces.msg.Time(sec=1725537090, nanosec=443030118)",120.0,Handcrafted_LabStudy,1,1,"-12.0,1.0,0.5","-0.0,0.0,-0.0,-1.0","12.0,-0.0,0.0","-0.0,0.0,-0.0,-1.0",22.294179916381836,22.330873489379883,2.974745750427246,0,0,0,0,0,0,0,1.6994438394904137,51.183387994766235,10.0,0.0,137.18366444014512,0.005393879488110542,
0,navstack-1725537082607,navstack,overtaking,HandCrafted,,,1725537109,943030118,"builtin_interfaces.msg.Time(sec=1725537090, nanosec=443030118)",120.0,Handcrafted_LabStudy,1,1,"-12.0,1.0,0.5","-0.0,0.0,-0.0,-1.0","12.0,-0.0,0.0","-0.0,0.0,-0.0,-1.0",22.294179916381836,22.330873489379883,2.974745750427246,0,0,0,0,0,0,0,1.6994438394904137,51.183387994766235,10.0,0.0,137.20996429185686,0.27192121744155884,
0,navstack-1725537082607,navstack,overtaking,HandCrafted,,,1725537109,963030576,"builtin_interfaces.msg.Time(sec=1725537090, nanosec=443030118)",120.0,Handcrafted_LabStudy,1,1,"-12.0,1.0,0.5","-0.0,0.0,-0.0,-1.0","12.0,-0.0,0.0","-0.0,0.0,-0.0,-1.0",22.292522430419922,22.330873489379883,2.974745750427246,0,0,0,0,0,0,0,1.6994438394904137,51.183387994766235,10.0,0.0,167.037234916117,46.053287506103516,
0,navstack-1725537082607,navstack,overtaking,HandCrafted,,,1725537109,983029127,"builtin_interfaces.msg.Time(sec=1725537090, nanosec=443030118)",120.0,Handcrafted_LabStudy,1,1,"-12.0,1.0,0.5","-0.0,0.0,-0.0,-1.0","12.0,-0.0,0.0","-0.0,0.0,-0.0,-1.0",22.290863037109375,22.330873489379883,2.974745750427246,0,0,0,0,0,0,0,1.6994438394904137,51.183387994766235,10.0,0.0,167.08810674709142,46.05146789550781,
0,navstack-1725537082607,navstack,overtaking,HandCrafted,,,1725537110,3029584,"builtin_interfaces.msg.Time(sec=1725537090, nanosec=443030118)",120.0,Handcrafted_LabStudy,1,1,"-12.0,1.0,0.5","-0.0,0.0,-0.0,-1.0","12.0,-0.0,0.0","-0.0,0.0,-0.0,-1.0",22.28920555114746,22.330873489379883,2.974745750427246,0,0,0,0,0,0,0,1.6994438394904137,51.183387994766235,10.0,0.0,167.12788381873753,0.0017119371332228184,
0,navstack-1725537082607,navstack,overtaking,HandCrafted,,,1725537110,23030042,"builtin_interfaces.msg.Time(sec=1725537090, nanosec=443030118)",120.0,Handcrafted_LabStudy,1,1,"-12.0,1.0,0.5","-0.0,0.0,-0.0,-1.0","12.0,-0.0,0.0","-0.0,0.0,-0.0,-1.0",22.287546157836914,22.330873489379883,2.974745750427246,0,0,0,0,0,0,0,1.6994438394904137,51.183387994766235,10.0,0.0,167.21799581019354,0.0032419792842119932,
0,navstack-1725537082607,navstack,overtaking,HandCrafted,,,1725537110,43030500,"builtin_interfaces.msg.Time(sec=1725537090, nanosec=443030118)",120.0,Handcrafted_LabStudy,1,1,"-12.0,1.0,0.5","-0.0,0.0,-0.0,-1.0","12.0,-0.0,0.0","-0.0,0.0,-0.0,-1.0",22.285890579223633,22.330873489379883,2.974745750427246,0,0,0,0,0,0,0,1.6994438394904137,51.183387994766235,10.0,0.0,167.25335252054813,0.0018086850177496672,
0,navstack-1725537082607,navstack,overtaking,HandCrafted,,,1725537110,43030500,"builtin_interfaces.msg.Time(sec=1725537090, nanosec=443030118)",120.0,Handcrafted_LabStudy,1,1,"-12.0,1.0,0.5","-0.0,0.0,-0.0,-1.0","12.0,-0.0,0.0","-0.0,0.0,-0.0,-1.0",22.285890579223633,22.330873489379883,2.974745750427246,0,0,0,0,0,0,0,1.6994438394904137,51.183387994766235,10.0,0.0,167.25335252054813,0.2233341932296753,
0,navstack-1725537082607,navstack,overtaking,HandCrafted,,,1725537110,63029050,"builtin_interfaces.msg.Time(sec=1725537090, nanosec=443030118)",120.0,Handcrafted_LabStudy,1,1,"-12.0,1.0,0.5","-0.0,0.0,-0.0,-1.0","12.0,-0.0,0.0","-0.0,0.0,-0.0,-1.0",22.28423500061035,22.330873489379883,2.974745750427246,0,0,0,0,0,0,0,1.6994438394904137,51.183387994766235,10.0,0.0,167.30418454686657,0.22375606000423431,
0,navstack-1725537082607,navstack,overtaking,HandCrafted,,,1725537110,83029270,"builtin_interfaces.msg.Time(sec=1725537090, nanosec=443030118)",120.0,Handcrafted_LabStudy,1,1,"-12.0,1.0,0.5","-0.0,0.0,-0.0,-1.0","12.0,-0.0,0.0","-0.0,0.0,-0.0,-1.0",22.282575607299805,22.330873489379883,2.974745750427246,0,0,0,0,0,0,0,1.6994438394904137,51.183387994766235,10.0,0.0,167.35415656143059,0.00518384575843811,
0,navstack-1725537082607,navstack,overtaking,HandCrafted,,,1725537110,83029270,"builtin_interfaces.msg.Time(sec=1725537090, nanosec=443030118)",120.0,Handcrafted_LabStudy,1,1,"-12.0,1.0,0.5","-0.0,0.0,-0.0,-1.0","12.0,-0.0,0.0","-0.0,0.0,-0.0,-1.0",22.282575607299805,22.330873489379883,2.974745750427246,0,0,0,0,0,0,0,1.6994438394904137,51.183387994766235,10.0,0.0,167.38558831620776,0.22343085706233978,
0,navstack-1725537082607,navstack,overtaking,HandCrafted,,,1725537110,103029727,"builtin_interfaces.msg.Time(sec=1725537090, nanosec=443030118)",120.0,Handcrafted_LabStudy,1,1,"-12.0,1.0,0.5","-0.0,0.0,-0.0,-1.0","12.0,-0.0,0.0","-0.0,0.0,-0.0,-1.0",22.280921936035156,22.330873489379883,2.974745750427246,0,0,0,0,0,0,0,1.6994438394904137,51.183387994766235,10.0,0.0,167.4442106105208,0.22334368526935577,
0,navstack-1725537082607,navstack,overtaking,HandCrafted,,,1725537110,123030185,"builtin_interfaces.msg.Time(sec=1725537090, nanosec=443030118)",120.0,Handcrafted_LabStudy,1,1,"-12.0,1.0,0.5","-0.0,0.0,-0.0,-1.0","12.0,-0.0,0.0","-0.0,0.0,-0.0,-1.0",22.279264450073242,22.330873489379883,2.974745750427246,0,0,0,0,0,0,0,1.6994438394904137,51.183387994766235,10.0,0.0,167.49025227637387,0.0002725212834775448,
0,navstack-1725537082607,navstack,overtaking,HandCrafted,,,1725537110,143028736,"builtin_interfaces.msg.Time(sec=1725537090, nanosec=443030118)",120.0,Handcrafted_LabStudy,1,1,"-12.0,1.0,0.5","-0.0,0.0,-0.0,-1.0","12.0,-0.0,0.0","-0.0,0.0,-0.0,-1.0",22.277610778808594,22.330873489379883,2.974745750427246,0,0,0,0,0,0,0,1.6994438394904137,51.183387994766235,10.0,0.0,167.52809923858365,0.003301801159977913,
0,navstack-1725537082607,navstack,overtaking,HandCrafted,,,1725537110,163029193,"builtin_interfaces.msg.Time(sec=1725537090, nanosec=443030118)",120.0,Handcrafted_LabStudy,1,1,"-12.0,1.0,0.5","-0.0,0.0,-0.0,-1.0","12.0,-0.0,0.0","-0.0,0.0,-0.0,-1.0",22.275957107543945,22.330873489379883,2.974745750427246,0,0,0,0,0,0,0,1.6994438394904137,51.183387994766235,10.0,0.0,167.61733787881252,0.0035583621356636286,
0,navstack-1725537082607,navstack,overtaking,HandCrafted,,,1725537110,183029890,"builtin_interfaces.msg.Time(sec=1725537090, nanosec=443030118)",120.0,Handcrafted_LabStudy,1,1,"-12.0,1.0,0.5","-0.0,0.0,-0.0,-1.0","12.0,-0.0,0.0","-0.0,0.0,-0.0,-1.0",22.274301528930664,22.330873489379883,2.974745750427246,0,0,0,0,0,0,0,1.6994438394904137,51.183387994766235,10.0,0.0,167.65191148427408,0.0035940485540777445,
0,navstack-1725537082607,navstack,overtaking,HandCrafted,,,1725537110,203030347,"builtin_interfaces.msg.Time(sec=1725537090, nanosec=443030118)",120.0,Handcrafted_LabStudy,1,1,"-12.0,1.0,0.5","-0.0,0.0,-0.0,-1.0","12.0,-0.0,0.0","-0.0,0.0,-0.0,-1.0",22.272645950317383,22.330873489379883,2.974745750427246,0,0,0,0,0,0,0,1.6994438394904137,51.183387994766235,10.0,0.0,167.73918915392477,0.006825419142842293,
0,navstack-1725537082607,navstack,overtaking,HandCrafted,,,1725537110,223028898,"builtin_interfaces.msg.Time(sec=1725537090, nanosec=443030118)",120.0,Handcrafted_LabStudy,1,1,"-12.0,1.0,0.5","-0.0,0.0,-0.0,-1.0","12.0,-0.0,0.0","-0.0,0.0,-0.0,-1.0",22.270992279052734,22.330873489379883,2.974745750427246,0,0,0,0,0,0,0,1.6994438394904137,51.183387994766235,10.0,0.0,167.7803567216193,0.005325717851519585,
0,navstack-1725537082607,navstack,overtaking,HandCrafted,,,1725537110,243029356,"builtin_interfaces.msg.Time(sec=1725537090, nanosec=443030118)",120.0,Handcrafted_LabStudy,1,1,"-12.0,1.0,0.5","-0.0,0.0,-0.0,-1.0","12.0,-0.0,0.0","-0.0,0.0,-0.0,-1.0",22.269338607788086,22.330873489379883,2.974745750427246,0,0,0,0,0,0,0,1.6994438394904137,51.183387994766235,10.0,0.0,167.81239464615143,0.0002277935855090618,
0,navstack-1725537082607,navstack,overtaking,HandCrafted,,,1725537110,263029813,"builtin_interfaces.msg.Time(sec=1725537090, nanosec=443030118)",120.0,Handcrafted_LabStudy,1,1,"-12.0,1.0,0.5","-0.0,0.0,-0.0,-1.0","12.0,-0.0,0.0","-0.0,0.0,-0.0,-1.0",22.267688751220703,22.330873489379883,2.974745750427246,0,0,0,0,0,0,0,1.6994438394904137,51.183387994766235,10.0,0.0,167.91291091282005,0.003260480472818017,
0,navstack-1725537082607,navstack,overtaking,HandCrafted,,,1725537110,283030271,"builtin_interfaces.msg.Time(sec=1725537090, nanosec=443030118)",120.0,Handcrafted_LabStudy,1,1,"-12.0,1.0,0.5","-0.0,0.0,-0.0,-1.0","12.0,-0.0,0.0","-0.0,0.0,-0.0,-1.0",22.266035079956055,22.330873489379883,2.974745750427246,0,0,0,0,0,0,0,1.6994438394904137,51.183387994766235,10.0,0.0,167.953440235085,0.003504870692268014,
0,navstack-1725537082607,navstack,overtaking,HandCrafted,,,1725537110,283030271,"builtin_interfaces.msg.Time(sec=1725537090, nanosec=443030118)",120.0,Handcrafted_LabStudy,1,1,"-12.0,1.0,0.5","-0.0,0.0,-0.0,-1.0","12.0,-0.0,0.0","-0.0,0.0,-0.0,-1.0",22.266035079956055,22.330873489379883,2.974745750427246,0,0,0,0,0,0,0,1.6994438394904137,51.183387994766235,10.0,0.0,167.953440235085,0.2235816866159439,
0,navstack-1725537082607,navstack,overtaking,HandCrafted,,,1725537110,303028821,"builtin_interfaces.msg.Time(sec=1725537090, nanosec=443030118)",120.0,Handcrafted_LabStudy,1,1,"-12.0,1.0,0.5","-0.0,0.0,-0.0,-1.0","12.0,-0.0,0.0","-0.0,0.0,-0.0,-1.0",22.264381408691406,22.330873489379883,2.974745750427246,0,0,0,0,0,0,0,1.6994438394904137,51.183387994766235,10.0,0.0,167.99891501745384,0.22348374128341675,
0,navstack-1725537082607,navstack,overtaking,HandCrafted,,,1725537110,323029279,"builtin_interfaces.msg.Time(sec=1725537090, nanosec=443030118)",120.0,Handcrafted_LabStudy,1,1,"-12.0,1.0,0.5","-0.0,0.0,-0.0,-1.0","12.0,-0.0,0.0","-0.0,0.0,-0.0,-1.0",22.262731552124023,22.330873489379883,2.974745750427246,0,0,0,0,0,0,0,1.6994438394904137,51.183387994766235,10.0,0.0,168.08862862398175,0.007015449460595846,
0,navstack-1725537082607,navstack,overtaking,HandCrafted,,,1725537110,323029279,"builtin_interfaces.msg.Time(sec=1725537090, nanosec=443030118)",120.0,Handcrafted_LabStudy,1,1,"-12.0,1.0,0.5","-0.0,0.0,-0.0,-1.0","12.0,-0.0,0.0","-0.0,0.0,-0.0,-1.0",22.262731552124023,22.330873489379883,2.974745750427246,0,0,0,0,0,0,0,1.6994438394904137,51.183387994766235,10.0,0.0,168.08862862398175,0.22348245978355408,
0,navstack-1725537082607,navstack,overtaking,HandCrafted,,,1725537110,343029499,"builtin_interfaces.msg.Time(sec=1725537090, nanosec=443030118)",120.0,Handcrafted_LabStudy,1,1,"-12.0,1.0,0.5","-0.0,0.0,-0.0,-1.0","12.0,-0.0,0.0","-0.0,0.0,-0.0,-1.0",22.261438369750977,22.330873489379883,2.974745750427246,0,0,0,0,0,0,0,1.6994438394904137,51.183387994766235,10.0,0.0,214.7149870772386,46.05312728881836,
0,navstack-1725537082607,navstack,overtaking,HandCrafted,,,1725537110,363029956,"builtin_interfaces.msg.Time(sec=1725537090, nanosec=443030118)",120.0,Handcrafted_LabStudy,1,1,"-12.0,1.0,0.5","-0.0,0.0,-0.0,-1.0","12.0,-0.0,0.0","-0.0,0.0,-0.0,-1.0",22.260143280029297,22.330873489379883,2.974745750427246,0,0,0,0,0,0,0,1.6994438394904137,51.183387994766235,10.0,0.0,214.83135296232552,46.05255889892578,
0,navstack-1725537082607,navstack,overtaking,HandCrafted,,,1725537110,383028507,"builtin_interfaces.msg.Time(sec=1725537090, nanosec=443030118)",120.0,Handcrafted_LabStudy,1,1,"-12.0,1.0,0.5","-0.0,0.0,-0.0,-1.0","12.0,-0.0,0.0","-0.0,0.0,-0.0,-1.0",22.258852005004883,22.330873489379883,2.974745750427246,0,0,0,0,0,0,0,1.6994438394904137,51.183387994766235,10.0,0.0,214.88603868821352,0.00331677682697773,
0,navstack-1725537082607,navstack,overtaking,HandCrafted,,,1725537110,403028964,"builtin_interfaces.msg.Time(sec=1725537090, nanosec=443030118)",120.0,Handcrafted_LabStudy,1,1,"-12.0,1.0,0.5","-0.0,0.0,-0.0,-1.0","12.0,-0.0,0.0","-0.0,0.0,-0.0,-1.0",22.25756072998047,22.330873489379883,2.974745750427246,0,0,0,0,0,0,0,1.6994438394904137,51.183387994766235,10.0,0.0,214.93691247658026,0.0069564636796712875,
0,navstack-1725537082607,navstack,overtaking,HandCrafted,,,1725537110,423029422,"builtin_interfaces.msg.Time(sec=1725537090, nanosec=443030118)",120.0,Handcrafted_LabStudy,1,1,"-12.0,1.0,0.5","-0.0,0.0,-0.0,-1.0","12.0,-0.0,0.0","-0.0,0.0,-0.0,-1.0",22.256267547607422,22.330873489379883,2.974745750427246,0,0,0,0,0,0,0,1.6994438394904137,51.183387994766235,10.0,0.0,214.98461645462814,0.003360461676493287,
0,navstack-1725537082607,navstack,overtaking,HandCrafted,,,1725537110,443030118,"builtin_interfaces.msg.Time(sec=1725537090, nanosec=443030118)",120.0,Handcrafted_LabStudy,1,1,"-12.0,1.0,0.5","-0.0,0.0,-0.0,-1.0","12.0,-0.0,0.0","-0.0,0.0,-0.0,-1.0",22.254976272583008,22.330873489379883,2.974745750427246,0,0,0,0,0,0,0,1.6994438394904137,51.183387994766235,10.0,0.0,215.11612412706532,0.0003295684582553804,
0,navstack-1725537082607,navstack,overtaking,HandCrafted,,,1725537110,483029127,"builtin_interfaces.msg.Time(sec=1725537090, nanosec=443030118)",120.0,Handcrafted_LabStudy,1,1,"-12.0,1.0,0.5","-0.0,0.0,-0.0,-1.0","12.0,-0.0,0.0","-0.0,0.0,-0.0,-1.0",22.252395629882812,22.330873489379883,2.974745750427246,0,0,0,0,0,0,0,1.6994438394904137,51.183387994766235,10.0,0.0,215.23644748031253,0.17524003982543945,
0,navstack-1725537082607,navstack,overtaking,HandCrafted,,,1725537110,503029584,"builtin_interfaces.msg.Time(sec=1725537090, nanosec=443030118)",120.0,Handcrafted_LabStudy,1,1,"-12.0,1.0,0.5","-0.0,0.0,-0.0,-1.0","12.0,-0.0,0.0","-0.0,0.0,-0.0,-1.0",22.2511043548584,22.330873489379883,2.974745750427246,0,0,0,0,0,0,0,1.6994438394904137,51.183387994766235,10.0,0.0,215.3525834672613,0.17527040839195251,
0,navstack-1725537082607,navstack,overtaking,HandCrafted,,,1725537110,523030042,"builtin_interfaces.msg.Time(sec=1725537090, nanosec=443030118)",120.0,Handcrafted_LabStudy,1,1,"-12.0,1.0,0.5","-0.0,0.0,-0.0,-1.0","12.0,-0.0,0.0","-0.0,0.0,-0.0,-1.0",22.249814987182617,22.330873489379883,2.974745750427246,0,0,0,0,0,0,0,1.6994438394904137,51.183387994766235,10.0,0.0,215.4017444775351,0.0017424694960936904,
0,navstack-1725537082607,navstack,overtaking,HandCrafted,,,1725537110,543030500,"builtin_interfaces.msg.Time(sec=1725537090, nanosec=443030118)",120.0,Handcrafted_LabStudy,1,1,"-12.0,1.0,0.5","-0.0,0.0,-0.0,-1.0","12.0,-0.0,0.0","-0.0,0.0,-0.0,-1.0",22.248525619506836,22.330873489379883,2.974745750427246,0,0,0,0,0,0,0,1.6994438394904137,51.183387994766235,10.0,0.0,215.41319588101211,0.0003751103358808905,
0,navstack-1725537082607,navstack,overtaking,HandCrafted,,,1725537110,563029050,"builtin_interfaces.msg.Time(sec=1725537090, nanosec=443030118)",120.0,Handcrafted_LabStudy,1,1,"-12.0,1.0,0.5","-0.0,0.0,-0.0,-1.0","12.0,-0.0,0.0","-0.0,0.0,-0.0,-1.0",22.247234344482422,22.330873489379883,2.974745750427246,0,0,0,0,0,0,0,1.6994438394904137,51.183387994766235,10.0,0.0,215.45775242546074,0.17484794557094574,
0,navstack-1725537082607,navstack,overtaking,HandCrafted,,,1725537110,563029050,"builtin_interfaces.msg.Time(sec=1725537090, nanosec=443030118)",120.0,Handcrafted_LabStudy,1,1,"-12.0,1.0,0.5","-0.0,0.0,-0.0,-1.0","12.0,-0.0,0.0","-0.0,0.0,-0.0,-1.0",22.247234344482422,22.330873489379883,2.974745750427246,0,0,0,0,0,0,0,1.6994438394904137,51.183387994766235,10.0,0.0,215.45775242546074,9.313225746154785e-06,
0,navstack-1725537082607,navstack,overtaking,HandCrafted,,,1725537110,583029270,"builtin_interfaces.msg.Time(sec=1725537090, nanosec=443030118)",120.0,Handcrafted_LabStudy,1,1,"-12.0,1.0,0.5","-0.0,0.0,-0.0,-1.0","12.0,-0.0,0.0","-0.0,0.0,-0.0,-1.0",22.24594497680664,22.330873489379883,2.974745750427246,0,0,0,0,0,0,0,1.6994438394904137,51.183387994766235,10.0,0.0,215.44699082505755,4.656612873077393e-06,
0,navstack-1725537082607,navstack,overtaking,HandCrafted,,,1725537110,583029270,"builtin_interfaces.msg.Time(sec=1725537090, nanosec=443030118)",120.0,Handcrafted_LabStudy,1,1,"-12.0,1.0,0.5","-0.0,0.0,-0.0,-1.0","12.0,-0.0,0.0","-0.0,0.0,-0.0,-1.0",22.24594497680664,22.330873489379883,2.974745750427246,0,0,0,0,0,0,0,1.6994438394904137,51.183387994766235,10.0,0.0,215.44699082505755,4.656612873077393e-06,
0,navstack-1725537082607,navstack,overtaking,HandCrafted,,,1725537110,603029727,"builtin_interfaces.msg.Time(sec=1725537090, nanosec=443030118)",120.0,Handcrafted_LabStudy,1,1,"-12.0,1.0,0.5","-0.0,0.0,-0.0,-1.0","12.0,-0.0,0.0","-0.0,0.0,-0.0,-1.0",22.24465560913086,22.330873489379883,2.974745750427246,0,0,0,0,0,0,0,1.6994438394904137,51.183387994766235,10.0,0.0,215.43649313311113,0.0,
0,navstack-1725537082607,navstack,overtaking,HandCrafted,,,1725537110,623030185,"builtin_interfaces.msg.Time(sec=1725537090, nanosec=443030118)",120.0,Handcrafted_LabStudy,1,1,"-12.0,1.0,0.5","-0.0,0.0,-0.0,-1.0","12.0,-0.0,0.0","-0.0,0.0,-0.0,-1.0",22.243366241455078,22.330873489379883,2.974745750427246,0,0,0,0,0,0,0,1.6994438394904137,51.183387994766235,10.0,0.0,215.42625934962143,0.0,
0,navstack-1725537082607,navstack,overtaking,HandCrafted,,,1725537110,643028736,"builtin_interfaces.msg.Time(sec=1725537090, nanosec=443030118)",120.0,Handcrafted_LabStudy,1,1,"-12.0,1.0,0.5","-0.0,0.0,-0.0,-1.0","12.0,-0.0,0.0","-0.0,0.0,-0.0,-1.0",22.242076873779297,22.330873489379883,2.974745750427246,0,0,0,0,0,0,0,1.6994438394904137,51.183387994766235,10.0,0.0,215.41460339278146,0.0,
0,navstack-1725537082607,navstack,overtaking,HandCrafted,,,1725537110,663029193,"builtin_interfaces.msg.Time(sec=1725537090, nanosec=443030118)",120.0,Handcrafted_LabStudy,1,1,"-12.0,1.0,0.5","-0.0,0.0,-0.0,-1.0","12.0,-0.0,0.0","-0.0,0.0,-0.0,-1.0",22.240787506103516,22.242076873779297,2.929403066635132,0,0,0,0,0,0,0,1.7904628068208694,53.89731192588806,10.0,0.0,215.40315269807454,9.313225746154785e-06,
0,navstack-1725537082607,navstack,overtaking,HandCrafted,,,1725537110,663029193,"builtin_interfaces.msg.Time(sec=1725537090, nanosec=443030118)",120.0,Handcrafted_LabStudy,1,1,"-12.0,1.0,0.5","-0.0,0.0,-0.0,-1.0","12.0,-0.0,0.0","-0.0,0.0,-0.0,-1.0",22.240787506103516,22.242076873779297,2.929403066635132,0,0,0,0,0,0,0,1.7904628068208694,53.89731192588806,10.0,0.0,215.40315269807454,9.313225746154785e-06,
0,navstack-1725537082607,navstack,overtaking,HandCrafted,,,1725537110,683029890,"builtin_interfaces.msg.Time(sec=1725537090, nanosec=443030118)",120.0,Handcrafted_LabStudy,1,1,"-12.0,1.0,0.5","-0.0,0.0,-0.0,-1.0","12.0,-0.0,0.0","-0.0,0.0,-0.0,-1.0",22.239498138427734,22.242076873779297,2.929403066635132,0,0,0,0,0,0,0,1.7904628068208694,53.89731192588806,10.0,0.0,215.39334410043182,1.862645149230957e-05,
0,navstack-1725537082607,navstack,overtaking,HandCrafted,,,1725537110,683029890,"builtin_interfaces.msg.Time(sec=1725537090, nanosec=443030118)",120.0,Handcrafted_LabStudy,1,1,"-12.0,1.0,0.5","-0.0,0.0,-0.0,-1.0","12.0,-0.0,0.0","-0.0,0.0,-0.0,-1.0",22.239498138427734,22.242076873779297,2.929403066635132,0,0,0,0,0,0,0,1.7904628068208694,53.89731192588806,10.0,0.0,215.39334410043182,1.862645149230957e-05,
0,navstack-1725537082607,navstack,overtaking,HandCrafted,,,1725537110,703030347,"builtin_interfaces.msg.Time(sec=1725537090, nanosec=443030118)",120.0,Handcrafted_LabStudy,1,1,"-12.0,1.0,0.5","-0.0,0.0,-0.0,-1.0","12.0,-0.0,0.0","-0.0,0.0,-0.0,-1.0",22.238208770751953,22.242076873779297,2.929403066635132,0,0,0,0,0,0,0,1.7904628068208694,53.89731192588806,10.0,0.0,215.383990011798,9.313225746154785e-06,
0,navstack-1725537082607,navstack,overtaking,HandCrafted,,,1725537110,703030347,"builtin_interfaces.msg.Time(sec=1725537090, nanosec=443030118)",120.0,Handcrafted_LabStudy,1,1,"-12.0,1.0,0.5","-0.0,0.0,-0.0,-1.0","12.0,-0.0,0.0","-0.0,0.0,-0.0,-1.0",22.238208770751953,22.242076873779297,2.929403066635132,0,0,0,0,0,0,0,1.7904628068208694,53.89731192588806,10.0,0.0,215.383990011798,9.313225746154785e-06,
0,navstack-1725537082607,navstack,overtaking,HandCrafted,,,1725537110,703030347,"builtin_interfaces.msg.Time(sec=1725537090, nanosec=443030118)",120.0,Handcrafted_LabStudy,1,1,"-12.0,1.0,0.5","-0.0,0.0,-0.0,-1.0","12.0,-0.0,0.0","-0.0,0.0,-0.0,-1.0",22.238208770751953,22.242076873779297,2.929403066635132,0,0,0,0,0,0,0,1.7904628068208694,53.89731192588806,10.0,0.0,215.383990011798,0.0,
0,navstack-1725537082607,navstack,overtaking,HandCrafted,,,1725537110,723028898,"builtin_interfaces.msg.Time(sec=1725537090, nanosec=443030118)",120.0,Handcrafted_LabStudy,1,1,"-12.0,1.0,0.5","-0.0,0.0,-0.0,-1.0","12.0,-0.0,0.0","-0.0,0.0,-0.0,-1.0",22.236919403076172,22.242076873779297,2.929403066635132,0,0,0,0,0,0,0,1.7904628068208694,53.89731192588806,10.0,0.0,215.37500246268743,0.0,
0,navstack-1725537082607,navstack,overtaking,HandCrafted,,,1725537110,723028898,"builtin_interfaces.msg.Time(sec=1725537090, nanosec=443030118)",120.0,Handcrafted_LabStudy,1,1,"-12.0,1.0,0.5","-0.0,0.0,-0.0,-1.0","12.0,-0.0,0.0","-0.0,0.0,-0.0,-1.0",22.236919403076172,22.242076873779297,2.929403066635132,0,0,0,0,0,0,0,1.7904628068208694,53.89731192588806,10.0,0.0,215.37500246268743,0.0,
0,navstack-1725537082607,navstack,overtaking,HandCrafted,,,1725537110,743029356,"builtin_interfaces.msg.Time(sec=1725537090, nanosec=443030118)",120.0,Handcrafted_LabStudy,1,1,"-12.0,1.0,0.5","-0.0,0.0,-0.0,-1.0","12.0,-0.0,0.0","-0.0,0.0,-0.0,-1.0",22.23563003540039,22.242076873779297,2.929403066635132,0,0,0,0,0,0,0,1.7904628068208694,53.89731192588806,10.0,0.0,215.36601491357686,0.0,
0,navstack-1725537082607,navstack,overtaking,HandCrafted,,,1725537110,763029813,"builtin_interfaces.msg.Time(sec=1725537090, nanosec=443030118)",120.0,Handcrafted_LabStudy,1,1,"-12.0,1.0,0.5","-0.0,0.0,-0.0,-1.0","12.0,-0.0,0.0","-0.0,0.0,-0.0,-1.0",22.23434066772461,22.242076873779297,2.929403066635132,0,0,0,0,0,0,0,1.7904628068208694,53.89731192588806,10.0,0.0,215.396906864598,9.313225746154785e-06,
0,navstack-1725537082607,navstack,overtaking,HandCrafted,,,1725537110,763029813,"builtin_interfaces.msg.Time(sec=1725537090, nanosec=443030118)",120.0,Handcrafted_LabStudy,1,1,"-12.0,1.0,0.5","-0.0,0.0,-0.0,-1.0","12.0,-0.0,0.0","-0.0,0.0,-0.0,-1.0",22.23434066772461,22.242076873779297,2.929403066635132,0,0,0,0,0,0,0,1.7904628068208694,53.89731192588806,10.0,0.0,215.396906864598,9.313225746154785e-06,
0,navstack-1725537082607,navstack,overtaking,HandCrafted,,,1725537110,783030271,"builtin_interfaces.msg.Time(sec=1725537090, nanosec=443030118)",120.0,Handcrafted_LabStudy,1,1,"-12.0,1.0,0.5","-0.0,0.0,-0.0,-1.0","12.0,-0.0,0.0","-0.0,0.0,-0.0,-1.0",22.233409881591797,22.242076873779297,2.929403066635132,0,0,0,0,0,0,0,1.7904628068208694,53.89731192588806,10.0,0.0,297.984341193157,46.05265426635742,
0,navstack-1725537082607,navstack,overtaking,HandCrafted,,,1725537110,803028821,"builtin_interfaces.msg.Time(sec=1725537090, nanosec=443030118)",120.0,Handcrafted_LabStudy,1,1,"-12.0,1.0,0.5","-0.0,0.0,-0.0,-1.0","12.0,-0.0,0.0","-0.0,0.0,-0.0,-1.0",22.23247718811035,22.242076873779297,2.929403066635132,0,0,0,0,0,0,0,1.7904628068208694,53.89731192588806,10.0,0.0,298.089122652438,46.05455017089844,
0,navstack-1725537082607,navstack,overtaking,HandCrafted,,,1725537110,823029279,"builtin_interfaces.msg.Time(sec=1725537090, nanosec=443030118)",120.0,Handcrafted_LabStudy,1,1,"-12.0,1.0,0.5","-0.0,0.0,-0.0,-1.0","12.0,-0.0,0.0","-0.0,0.0,-0.0,-1.0",22.23154640197754,22.242076873779297,2.929403066635132,0,0,0,0,0,0,0,1.7904628068208694,53.89731192588806,10.0,0.0,298.1983774229642,0.0035532121546566486,
0,navstack-1725537082607,navstack,overtaking,HandCrafted,,,1725537110,843029499,"builtin_interfaces.msg.Time(sec=1725537090, nanosec=443030118)",120.0,Handcrafted_LabStudy,1,1,"-12.0,1.0,0.5","-0.0,0.0,-0.0,-1.0","12.0,-0.0,0.0","-0.0,0.0,-0.0,-1.0",22.23061180114746,22.242076873779297,2.929403066635132,0,0,0,0,0,0,0,1.7904628068208694,53.89731192588806,10.0,0.0,298.26804850732543,0.0034948429092764854,
0,navstack-1725537082607,navstack,overtaking,HandCrafted,,,1725537110,863029956,"builtin_interfaces.msg.Time(sec=1725537090, nanosec=443030118)",120.0,Handcrafted_LabStudy,1,1,"-12.0,1.0,0.5","-0.0,0.0,-0.0,-1.0","12.0,-0.0,0.0","-0.0,0.0,-0.0,-1.0",22.22968292236328,22.242076873779297,2.929403066635132,0,0,0,0,0,0,0,1.7904628068208694,53.89731192588806,10.0,0.0,298.2875305834349,0.12652382254600525,
0,navstack-1725537082607,navstack,overtaking,HandCrafted,,,1725537110,883028507,"builtin_interfaces.msg.Time(sec=1725537090, nanosec=443030118)",120.0,Handcrafted_LabStudy,1,1,"-12.0,1.0,0.5","-0.0,0.0,-0.0,-1.0","12.0,-0.0,0.0","-0.0,0.0,-0.0,-1.0",22.228748321533203,22.242076873779297,2.929403066635132,0,0,0,0,0,0,0,1.7904628068208694,53.89731192588806,10.0,0.0,298.30577473595827,0.0,
0,navstack-1725537082607,navstack,overtaking,HandCrafted,,,1725537110,903028964,"builtin_interfaces.msg.Time(sec=1725537090, nanosec=443030118)",120.0,Handcrafted_LabStudy,1,1,"-12.0,1.0,0.5","-0.0,0.0,-0.0,-1.0","12.0,-0.0,0.0","-0.0,0.0,-0.0,-1.0",22.22781753540039,22.242076873779297,2.929403066635132,0,0,0,0,0,0,0,1.7904628068208694,53.89731192588806,10.0,0.0,298.32420153294515,0.0,
0,navstack-1725537082607,navstack,overtaking,HandCrafted,,,1725537110,903028964,"builtin_interfaces.msg.Time(sec=1725537090, nanosec=443030118)",120.0,Handcrafted_LabStudy,1,1,"-12.0,1.0,0.5","-0.0,0.0,-0.0,-1.0","12.0,-0.0,0.0","-0.0,0.0,-0.0,-1.0",22.22781753540039,22.242076873779297,2.929403066635132,0,0,0,0,0,0,0,1.7904628068208694,53.89731192588806,10.0,0.0,298.27064611747335,4.656612873077393e-06,
0,navstack-1725537082607,navstack,overtaking,HandCrafted,,,1725537110,923029422,"builtin_interfaces.msg.Time(sec=1725537090, nanosec=443030118)",120.0,Handcrafted_LabStudy,1,1,"-12.0,1.0,0.5","-0.0,0.0,-0.0,-1.0","12.0,-0.0,0.0","-0.0,0.0,-0.0,-1.0",22.226886749267578,22.242076873779297,2.929403066635132,0,0,0,0,0,0,0,1.7904628068208694,53.89731192588806,10.0,0.0,298.2644903863548,1.862645149230957e-05,
0,navstack-1725537082607,navstack,overtaking,HandCrafted,,,1725537110,943030118,"builtin_interfaces.msg.Time(sec=1725537090, nanosec=443030118)",120.0,Handcrafted_LabStudy,1,1,"-12.0,1.0,0.5","-0.0,0.0,-0.0,-1.0","12.0,-0.0,0.0","-0.0,0.0,-0.0,-1.0",22.225954055786133,22.242076873779297,2.929403066635132,0,0,0,0,0,0,0,1.7904628068208694,53.89731192588806,10.0,0.0,298.28004886374356,5.6650140322744846e-05,
0,navstack-1725537082607,navstack,overtaking,HandCrafted,,,1725537110,983029127,"builtin_interfaces.msg.Time(sec=1725537090, nanosec=443030118)",120.0,Handcrafted_LabStudy,1,1,"-12.0,1.0,0.5","-0.0,0.0,-0.0,-1.0","12.0,-0.0,0.0","-0.0,0.0,-0.0,-1.0",22.224090576171875,22.242076873779297,2.929403066635132,0,0,0,0,0,0,0,1.7904628068208694,53.89731192588806,10.0,0.0,298.28648871298077,1.9199706002837047e-05,
0,navstack-1725537082607,navstack,overtaking,HandCrafted,,,1725537111,3029584,"builtin_interfaces.msg.Time(sec=1725537090, nanosec=443030118)",120.0,Handcrafted_LabStudy,1,1,"-12.0,1.0,0.5","-0.0,0.0,-0.0,-1.0","12.0,-0.0,0.0","-0.0,0.0,-0.0,-1.0",22.22315788269043,22.242076873779297,2.929403066635132,0,0,0,0,0,0,0,1.7904628068208694,53.89731192588806,10.0,0.0,298.29742720132816,0.008649475872516632,
0,navstack-1725537082607,navstack,overtaking,HandCrafted,,,1725537111,23030042,"builtin_interfaces.msg.Time(sec=1725537090, nanosec=443030118)",120.0,Handcrafted_LabStudy,1,1,"-12.0,1.0,0.5","-0.0,0.0,-0.0,-1.0","12.0,-0.0,0.0","-0.0,0.0,-0.0,-1.0",22.219804763793945,22.242076873779297,2.929403066635132,0,0,0,0,0,0,0,1.7904628068208694,53.89731192588806,10.0,0.0,82.77951338034086,312.4920349121094,
0,navstack-1725537082607,navstack,overtaking,HandCrafted,,,1725537111,23030042,"builtin_interfaces.msg.Time(sec=1725537090, nanosec=443030118)",120.0,Handcrafted_LabStudy,1,1,"-12.0,1.0,0.5","-0.0,0.0,-0.0,-1.0","12.0,-0.0,0.0","-0.0,0.0,-0.0,-1.0",22.219804763793945,22.242076873779297,2.929403066635132,0,0,0,0,0,0,0,1.7904628068208694,53.89731192588806,10.0,0.0,82.77951338034086,312.4964599609375,
0,navstack-1725537082607,navstack,overtaking,HandCrafted,,,1725537111,43030500,"builtin_interfaces.msg.Time(sec=1725537090, nanosec=443030118)",120.0,Handcrafted_LabStudy,1,1,"-12.0,1.0,0.5","-0.0,0.0,-0.0,-1.0","12.0,-0.0,0.0","-0.0,0.0,-0.0,-1.0",22.216449737548828,22.242076873779297,2.929403066635132,0,0,0,0,0,0,0,1.7904628068208694,53.89731192588806,10.0,0.0,82.67266595636035,1.3845378160476685,
0,navstack-1725537082607,navstack,overtaking,HandCrafted,,,1725537111,63029050,"builtin_interfaces.msg.Time(sec=1725537090, nanosec=443030118)",120.0,Handcrafted_LabStudy,1,1,"-12.0,1.0,0.5","-0.0,0.0,-0.0,-1.0","12.0,-0.0,0.0","-0.0,0.0,-0.0,-1.0",22.213088989257812,22.242076873779297,2.929403066635132,0,0,0,0,0,0,0,1.7904628068208694,53.89731192588806,10.0,0.0,82.5665115199105,0.003872969653457403,
0,navstack-1725537082607,navstack,overtaking,HandCrafted,,,1725537111,83029270,"builtin_interfaces.msg.Time(sec=1725537090, nanosec=443030118)",120.0,Handcrafted_LabStudy,1,1,"-12.0,1.0,0.5","-0.0,0.0,-0.0,-1.0","12.0,-0.0,0.0","-0.0,0.0,-0.0,-1.0",22.209728240966797,22.242076873779297,2.929403066635132,0,0,0,0,0,0,0,1.7904628068208694,53.89731192588806,10.0,0.0,82.43992915097185,0.003853335278108716,
0,navstack-1725537082607,navstack,overtaking,HandCrafted,,,1725537111,103029727,"builtin_interfaces.msg.Time(sec=1725537090, nanosec=443030118)",120.0,Handcrafted_LabStudy,1,1,"-12.0,1.0,0.5","-0.0,0.0,-0.0,-1.0","12.0,-0.0,0.0","-0.0,0.0,-0.0,-1.0",22.20521354675293,22.242076873779297,2.929403066635132,0,0,0,0,0,0,0,1.7904628068208694,53.89731192588806,10.0,0.0,61.30907304121941,148.02188110351562,
0,navstack-1725537082607,navstack,overtaking,HandCrafted,,,1725537111,123030185,"builtin_interfaces.msg.Time(sec=1725537090, nanosec=443030118)",120.0,Handcrafted_LabStudy,1,1,"-12.0,1.0,0.5","-0.0,0.0,-0.0,-1.0","12.0,-0.0,0.0","-0.0,0.0,-0.0,-1.0",22.20069122314453,22.242076873779297,2.929403066635132,0,0,0,0,0,0,0,1.7904628068208694,53.89731192588806,10.0,0.0,61.151778757813474,148.06141662597656,
0,navstack-1725537082607,navstack,overtaking,HandCrafted,,,1725537111,143028736,"builtin_interfaces.msg.Time(sec=1725537090, nanosec=443030118)",120.0,Handcrafted_LabStudy,1,1,"-12.0,1.0,0.5","-0.0,0.0,-0.0,-1.0","12.0,-0.0,0.0","-0.0,0.0,-0.0,-1.0",22.1961612701416,22.242076873779297,2.929403066635132,0,0,0,0,0,0,0,1.7904628068208694,53.89731192588806,10.0,0.0,60.95431460416549,0.021074462682008743,
0,navstack-1725537082607,navstack,overtaking,HandCrafted,,,1725537111,163029193,"builtin_interfaces.msg.Time(sec=1725537090, nanosec=443030118)",120.0,Handcrafted_LabStudy,1,1,"-12.0,1.0,0.5","-0.0,0.0,-0.0,-1.0","12.0,-0.0,0.0","-0.0,0.0,-0.0,-1.0",22.191621780395508,22.242076873779297,2.929403066635132,0,0,0,0,0,0,0,1.7904628068208694,53.89731192588806,10.0,0.0,60.69445648982056,1.7861242294311523,
0,navstack-1725537082607,navstack,overtaking,HandCrafted,,,1725537111,183029890,"builtin_interfaces.msg.Time(sec=1725537090, nanosec=443030118)",120.0,Handcrafted_LabStudy,1,1,"-12.0,1.0,0.5","-0.0,0.0,-0.0,-1.0","12.0,-0.0,0.0","-0.0,0.0,-0.0,-1.0",22.187076568603516,22.242076873779297,2.929403066635132,0,0,0,0,0,0,0,1.7904628068208694,53.89731192588806,10.0,0.0,60.47240261683663,0.05406071990728378,
0,navstack-1725537082607,navstack,overtaking,HandCrafted,,,1725537111,283030271,"builtin_interfaces.msg.Time(sec=1725537090, nanosec=443030118)",120.0,Handcrafted_LabStudy,1,1,"-12.0,1.0,0.5","-0.0,0.0,-0.0,-1.0","12.0,-0.0,0.0","-0.0,0.0,-0.0,-1.0",22.16423988342285,22.242076873779297,2.929403066635132,0,0,0,0,0,0,0,1.7904628068208694,53.89731192588806,10.0,0.0,59.3544895648236,15.89271354675293,
0,navstack-1725537082607,navstack,overtaking,HandCrafted,,,1725537111,283030271,"builtin_interfaces.msg.Time(sec=1725537090, nanosec=443030118)",120.0,Handcrafted_LabStudy,1,1,"-12.0,1.0,0.5","-0.0,0.0,-0.0,-1.0","12.0,-0.0,0.0","-0.0,0.0,-0.0,-1.0",22.16423988342285,22.242076873779297,2.929403066635132,0,0,0,0,0,0,0,1.7904628068208694,53.89731192588806,10.0,0.0,59.3544895648236,21.3920841217041,
0,navstack-1725537082607,navstack,overtaking,HandCrafted,,,1725537111,303028821,"builtin_interfaces.msg.Time(sec=1725537090, nanosec=443030118)",120.0,Handcrafted_LabStudy,1,1,"-12.0,1.0,0.5","-0.0,0.0,-0.0,-1.0","12.0,-0.0,0.0","-0.0,0.0,-0.0,-1.0",22.15965461730957,22.242076873779297,2.929403066635132,0,0,0,0,0,0,0,1.7904628068208694,53.89731192588806,10.0,0.0,59.034794466850805,4.27972412109375,
0,navstack-1725537082607,navstack,overtaking,HandCrafted,,,1725537111,323029279,"builtin_interfaces.msg.Time(sec=1725537090, nanosec=443030118)",120.0,Handcrafted_LabStudy,1,1,"-12.0,1.0,0.5","-0.0,0.0,-0.0,-1.0","12.0,-0.0,0.0","-0.0,0.0,-0.0,-1.0",22.155061721801758,22.242076873779297,2.929403066635132,0,0,0,0,0,0,0,1.7904628068208694,53.89731192588806,10.0,0.0,58.661475650647276,1.221178412437439,
0,navstack-1725537082607,navstack,overtaking,HandCrafted,,,1725537111,323029279,"builtin_interfaces.msg.Time(sec=1725537090, nanosec=443030118)",120.0,Handcrafted_LabStudy,1,1,"-12.0,1.0,0.5","-0.0,0.0,-0.0,-1.0","12.0,-0.0,0.0","-0.0,0.0,-0.0,-1.0",22.155061721801758,22.242076873779297,2.929403066635132,0,0,0,0,0,0,0,1.7904628068208694,53.89731192588806,10.0,0.0,58.661475650647276,5.500216007232666,
0,navstack-1725537082607,navstack,overtaking,HandCrafted,,,1725537111,343029499,"builtin_interfaces.msg.Time(sec=1725537090, nanosec=443030118)",120.0,Handcrafted_LabStudy,1,1,"-12.0,1.0,0.5","-0.0,0.0,-0.0,-1.0","12.0,-0.0,0.0","-0.0,0.0,-0.0,-1.0",22.15046501159668,22.242076873779297,2.929403066635132,0,0,0,0,0,0,0,1.7904628068208694,53.89731192588806,10.0,0.0,58.2375428472132,5.501344203948975,
0,navstack-1725537082607,navstack,overtaking,HandCrafted,,,1725537111,363029956,"builtin_interfaces.msg.Time(sec=1725537090, nanosec=443030118)",120.0,Handcrafted_LabStudy,1,1,"-12.0,1.0,0.5","-0.0,0.0,-0.0,-1.0","12.0,-0.0,0.0","-0.0,0.0,-0.0,-1.0",22.145862579345703,22.242076873779297,2.929403066635132,0,0,0,0,0,0,0,1.7904628068208694,53.89731192588806,10.0,0.0,57.74750416000184,0.052270110696554184,
0,navstack-1725537082607,navstack,overtaking,HandCrafted,,,1725537111,383028507,"builtin_interfaces.msg.Time(sec=1725537090, nanosec=443030118)",120.0,Handcrafted_LabStudy,1,1,"-12.0,1.0,0.5","-0.0,0.0,-0.0,-1.0","12.0,-0.0,0.0","-0.0,0.0,-0.0,-1.0",22.14124870300293,22.242076873779297,2.929403066635132,0,0,0,0,0,0,0,1.7904628068208694,53.89731192588806,10.0,0.0,57.332885721265164,0.052143700420856476,
0,navstack-1725537082607,navstack,overtaking,HandCrafted,,,1725537111,383028507,"builtin_interfaces.msg.Time(sec=1725537090, nanosec=443030118)",120.0,Handcrafted_LabStudy,1,1,"-12.0,1.0,0.5","-0.0,0.0,-0.0,-1.0","12.0,-0.0,0.0","-0.0,0.0,-0.0,-1.0",22.14124870300293,22.242076873779297,2.929403066635132,0,0,0,0,0,0,0,1.7904628068208694,53.89731192588806,10.0,0.0,57.332885721265164,5.5013346672058105,
0,navstack-1725537082607,navstack,overtaking,HandCrafted,,,1725537111,403028964,"builtin_interfaces.msg.Time(sec=1725537090, nanosec=443030118)",120.0,Handcrafted_LabStudy,1,1,"-12.0,1.0,0.5","-0.0,0.0,-0.0,-1.0","12.0,-0.0,0.0","-0.0,0.0,-0.0,-1.0",22.13663673400879,22.242076873779297,2.929403066635132,0,0,0,0,0,0,0,1.7904628068208694,53.89731192588806,10.0,0.0,56.90265630009433,3.6431286334991455,
0,navstack-1725537082607,navstack,overtaking,HandCrafted,,,1725537111,423029422,"builtin_interfaces.msg.Time(sec=1725537090, nanosec=443030118)",120.0,Handcrafted_LabStudy,1,1,"-12.0,1.0,0.5","-0.0,0.0,-0.0,-1.0","12.0,-0.0,0.0","-0.0,0.0,-0.0,-1.0",22.132020950317383,22.242076873779297,2.929403066635132,0,0,0,0,0,0,0,1.7904628068208694,53.89731192588806,10.0,0.0,56.404329648106746,0.03233334794640541,
0,navstack-1725537082607,navstack,overtaking,HandCrafted,,,1725537111,443030118,"builtin_interfaces.msg.Time(sec=1725537090, nanosec=443030118)",120.0,Handcrafted_LabStudy,1,1,"-12.0,1.0,0.5","-0.0,0.0,-0.0,-1.0","12.0,-0.0,0.0","-0.0,0.0,-0.0,-1.0",22.12740135192871,22.242076873779297,2.929403066635132,0,0,0,0,0,0,0,1.7904628068208694,53.89731192588806,10.0,0.0,56.09971219458126,0.02032841555774212,
0,navstack-1725537082607,navstack,overtaking,HandCrafted,,,1725537111,463030576,"builtin_interfaces.msg.Time(sec=1725537090, nanosec=443030118)",120.0,Handcrafted_LabStudy,1,1,"-12.0,1.0,0.5","-0.0,0.0,-0.0,-1.0","12.0,-0.0,0.0","-0.0,0.0,-0.0,-1.0",22.122779846191406,22.242076873779297,2.929403066635132,0,0,0,0,0,0,0,1.7904628068208694,53.89731192588806,10.0,0.0,55.78334097631396,1.8086271286010742,
0,navstack-1725537082607,navstack,overtaking,HandCrafted,,,1725537111,483029127,"builtin_interfaces.msg.Time(sec=1725537090, nanosec=443030118)",120.0,Handcrafted_LabStudy,1,1,"-12.0,1.0,0.5","-0.0,0.0,-0.0,-1.0","12.0,-0.0,0.0","-0.0,0.0,-0.0,-1.0",22.1181583404541,22.242076873779297,2.929403066635132,0,0,0,0,0,0,0,1.7904628068208694,53.89731192588806,10.0,0.0,55.206864909907765,0.008985783904790878,
0,navstack-1725537082607,navstack,overtaking,HandCrafted,,,1725537111,503029584,"builtin_interfaces.msg.Time(sec=1725537090, nanosec=443030118)",120.0,Handcrafted_LabStudy,1,1,"-12.0,1.0,0.5","-0.0,0.0,-0.0,-1.0","12.0,-0.0,0.0","-0.0,0.0,-0.0,-1.0",22.11353302001953,22.242076873779297,2.929403066635132,0,0,0,0,0,0,0,1.7904628068208694,53.89731192588806,10.0,0.0,54.51920033512116,1.2228389978408813,
0,navstack-1725537082607,navstack,overtaking,HandCrafted,,,1725537111,523030042,"builtin_interfaces.msg.Time(sec=1725537090, nanosec=443030118)",120.0,Handcrafted_LabStudy,1,1,"-12.0,1.0,0.5","-0.0,0.0,-0.0,-1.0","12.0,-0.0,0.0","-0.0,0.0,-0.0,-1.0",22.108905792236328,22.242076873779297,2.929403066635132,0,0,0,0,0,0,0,1.7904628068208694,53.89731192588806,10.0,0.0,53.69348456220926,0.013999496586620808,
0,navstack-1725537082607,navstack,overtaking,HandCrafted,,,1725537111,523030042,"builtin_interfaces.msg.Time(sec=1725537090, nanosec=443030118)",120.0,Handcrafted_LabStudy,1,1,"-12.0,1.0,0.5","-0.0,0.0,-0.0,-1.0","12.0,-0.0,0.0","-0.0,0.0,-0.0,-1.0",22.108905792236328,22.242076873779297,2.929403066635132,0,0,0,0,0,0,0,1.7904628068208694,53.89731192588806,10.0,0.0,53.69348456220926,3.0556986331939697,
0,navstack-1725537082607,navstack,overtaking,HandCrafted,,,1725537111,543030500,"builtin_interfaces.msg.Time(sec=1725537090, nanosec=443030118)",120.0,Handcrafted_LabStudy,1,1,"-12.0,1.0,0.5","-0.0,0.0,-0.0,-1.0","12.0,-0.0,0.0","-0.0,0.0,-0.0,-1.0",22.10427474975586,22.242076873779297,2.929403066635132,0,0,0,0,0,0,0,1.7904628068208694,53.89731192588806,10.0,0.0,52.68131031360135,3.056931495666504,
0,navstack-1725537082607,navstack,overtaking,HandCrafted,,,1725537111,563029050,"builtin_interfaces.msg.Time(sec=1725537090, nanosec=443030118)",120.0,Handcrafted_LabStudy,1,1,"-12.0,1.0,0.5","-0.0,0.0,-0.0,-1.0","12.0,-0.0,0.0","-0.0,0.0,-0.0,-1.0",22.09964370727539,22.242076873779297,2.929403066635132,0,0,0,0,0,0,0,1.7904628068208694,53.89731192588806,10.0,0.0,51.412441538185874,0.01391346100717783,
0,navstack-1725537082607,navstack,overtaking,HandCrafted,,,1725537111,583029270,"builtin_interfaces.msg.Time(sec=1725537090, nanosec=443030118)",120.0,Handcrafted_LabStudy,1,1,"-12.0,1.0,0.5","-0.0,0.0,-0.0,-1.0","12.0,-0.0,0.0","-0.0,0.0,-0.0,-1.0",22.09501075744629,22.242076873779297,2.929403066635132,0,0,0,0,0,0,0,1.7904628068208694,53.89731192588806,10.0,0.0,50.813066640854295,0.02621750719845295,
0,navstack-1725537082607,navstack,overtaking,HandCrafted,,,1725537111,623030185,"builtin_interfaces.msg.Time(sec=1725537090, nanosec=443030118)",120.0,Handcrafted_LabStudy,1,1,"-12.0,1.0,0.5","-0.0,0.0,-0.0,-1.0","12.0,-0.0,0.0","-0.0,0.0,-0.0,-1.0",22.085744857788086,22.242076873779297,2.929403066635132,0,0,0,0,0,0,0,1.7904628068208694,53.89731192588806,10.0,0.0,49.429326310869925,0.6610066294670105,
0,navstack-1725537082607,navstack,overtaking,HandCrafted,,,1725537111,643028736,"builtin_interfaces.msg.Time(sec=1725537090, nanosec=443030118)",120.0,Handcrafted_LabStudy,1,1,"-12.0,1.0,0.5","-0.0,0.0,-0.0,-1.0","12.0,-0.0,0.0","-0.0,0.0,-0.0,-1.0",22.08110809326172,22.242076873779297,2.929403066635132,0,0,0,0,0,0,0,1.7904628068208694,53.89731192588806,10.0,0.0,48.18047771701294,1.197062373161316,
0,navstack-1725537082607,navstack,overtaking,HandCrafted,,,1725537111,663029193,"builtin_interfaces.msg.Time(sec=1725537090, nanosec=443030118)",120.0,Handcrafted_LabStudy,1,1,"-12.0,1.0,0.5","-0.0,0.0,-0.0,-1.0","12.0,-0.0,0.0","-0.0,0.0,-0.0,-1.0",22.07647132873535,22.08110809326172,2.811006784439087,0,0,0,0,0,0,0,1.9535507261753082,64.45658946037292,10.0,0.0,46.62705174085781,0.6347092986106873,
0,navstack-1725537082607,navstack,overtaking,HandCrafted,,,1725537111,683029890,"builtin_interfaces.msg.Time(sec=1725537090, nanosec=443030118)",120.0,Handcrafted_LabStudy,1,1,"-12.0,1.0,0.5","-0.0,0.0,-0.0,-1.0","12.0,-0.0,0.0","-0.0,0.0,-0.0,-1.0",22.071834564208984,22.08110809326172,2.811006784439087,0,0,0,0,0,0,0,1.9535507261753082,64.45658946037292,10.0,0.0,45.0049628861534,0.005106758791953325,
0,navstack-1725537082607,navstack,overtaking,HandCrafted,,,1725537111,703030347,"builtin_interfaces.msg.Time(sec=1725537090, nanosec=443030118)",120.0,Handcrafted_LabStudy,1,1,"-12.0,1.0,0.5","-0.0,0.0,-0.0,-1.0","12.0,-0.0,0.0","-0.0,0.0,-0.0,-1.0",22.067197799682617,22.08110809326172,2.811006784439087,0,0,0,0,0,0,0,1.9535507261753082,64.45658946037292,10.0,0.0,43.56463615822341,0.005730550270527601,
0,navstack-1725537082607,navstack,overtaking,HandCrafted,,,1725537111,723028898,"builtin_interfaces.msg.Time(sec=1725537090, nanosec=443030118)",120.0,Handcrafted_LabStudy,1,1,"-12.0,1.0,0.5","-0.0,0.0,-0.0,-1.0","12.0,-0.0,0.0","-0.0,0.0,-0.0,-1.0",22.062557220458984,22.08110809326172,2.811006784439087,0,0,0,0,0,0,0,1.9535507261753082,64.45658946037292,10.0,0.0,43.720333452326905,0.00581856444478035,
0,navstack-1725537082607,navstack,overtaking,HandCrafted,,,1725537111,723028898,"builtin_interfaces.msg.Time(sec=1725537090, nanosec=443030118)",120.0,Handcrafted_LabStudy,1,1,"-12.0,1.0,0.5","-0.0,0.0,-0.0,-1.0","12.0,-0.0,0.0","-0.0,0.0,-0.0,-1.0",22.062557220458984,22.08110809326172,2.811006784439087,0,0,0,0,0,0,0,1.9535507261753082,64.45658946037292,10.0,0.0,43.720333452326905,1.8337759971618652,
0,navstack-1725537082607,navstack,overtaking,HandCrafted,,,1725537111,743029356,"builtin_interfaces.msg.Time(sec=1725537090, nanosec=443030118)",120.0,Handcrafted_LabStudy,1,1,"-12.0,1.0,0.5","-0.0,0.0,-0.0,-1.0","12.0,-0.0,0.0","-0.0,0.0,-0.0,-1.0",22.057918548583984,22.08110809326172,2.811006784439087,0,0,0,0,0,0,0,1.9535507261753082,64.45658946037292,10.0,0.0,50.541241321259974,1.8337751626968384,
0,navstack-1725537082607,navstack,overtaking,HandCrafted,,,1725537111,783030271,"builtin_interfaces.msg.Time(sec=1725537090, nanosec=443030118)",120.0,Handcrafted_LabStudy,1,1,"-12.0,1.0,0.5","-0.0,0.0,-0.0,-1.0","12.0,-0.0,0.0","-0.0,0.0,-0.0,-1.0",22.04863739013672,22.08110809326172,2.811006784439087,0,0,0,0,0,0,0,1.9535507261753082,64.45658946037292,10.0,0.0,727.7747418141441,1.834216594696045,
0,navstack-1725537082607,navstack,overtaking,HandCrafted,,,1725537111,803028821,"builtin_interfaces.msg.Time(sec=1725537090, nanosec=443030118)",120.0,Handcrafted_LabStudy,1,1,"-12.0,1.0,0.5","-0.0,0.0,-0.0,-1.0","12.0,-0.0,0.0","-0.0,0.0,-0.0,-1.0",22.043994903564453,22.08110809326172,2.811006784439087,0,0,0,0,0,0,0,1.9535507261753082,64.45658946037292,10.0,0.0,169.0374175006415,1.8339530229568481,
0,navstack-1725537082607,navstack,overtaking,HandCrafted,,,1725537111,803028821,"builtin_interfaces.msg.Time(sec=1725537090, nanosec=443030118)",120.0,Handcrafted_LabStudy,1,1,"-12.0,1.0,0.5","-0.0,0.0,-0.0,-1.0","12.0,-0.0,0.0","-0.0,0.0,-0.0,-1.0",22.043994903564453,22.08110809326172,2.811006784439087,0,0,0,0,0,0,0,1.9535507261753082,64.45658946037292,10.0,0.0,169.0374175006415,1.8340387344360352,
0,navstack-1725537082607,navstack,overtaking,HandCrafted,,,1725537111,843029499,"builtin_interfaces.msg.Time(sec=1725537090, nanosec=443030118)",120.0,Handcrafted_LabStudy,1,1,"-12.0,1.0,0.5","-0.0,0.0,-0.0,-1.0","12.0,-0.0,0.0","-0.0,0.0,-0.0,-1.0",22.034711837768555,22.08110809326172,2.811006784439087,0,0,0,0,0,0,0,1.9535507261753082,64.45658946037292,10.0,0.0,82.99481017706987,7.334485054016113,
0,navstack-1725537082607,navstack,overtaking,HandCrafted,,,1725537111,843029499,"builtin_interfaces.msg.Time(sec=1725537090, nanosec=443030118)",120.0,Handcrafted_LabStudy,1,1,"-12.0,1.0,0.5","-0.0,0.0,-0.0,-1.0","12.0,-0.0,0.0","-0.0,0.0,-0.0,-1.0",22.034711837768555,22.08110809326172,2.811006784439087,0,0,0,0,0,0,0,1.9535507261753082,64.45658946037292,10.0,0.0,82.38780689611636,7.334485054016113,
0,navstack-1725537082607,navstack,overtaking,HandCrafted,,,1725537111,863029956,"builtin_interfaces.msg.Time(sec=1725537090, nanosec=443030118)",120.0,Handcrafted_LabStudy,1,1,"-12.0,1.0,0.5","-0.0,0.0,-0.0,-1.0","12.0,-0.0,0.0","-0.0,0.0,-0.0,-1.0",22.030065536499023,22.08110809326172,2.811006784439087,0,0,0,0,0,0,0,1.9535507261753082,64.45658946037292,10.0,0.0,76.11962007347145,4.278817653656006,
0,navstack-1725537082607,navstack,overtaking,HandCrafted,,,1725537111,883028507,"builtin_interfaces.msg.Time(sec=1725537090, nanosec=443030118)",120.0,Handcrafted_LabStudy,1,1,"-12.0,1.0,0.5","-0.0,0.0,-0.0,-1.0","12.0,-0.0,0.0","-0.0,0.0,-0.0,-1.0",22.025419235229492,22.08110809326172,2.811006784439087,0,0,0,0,0,0,0,1.9535507261753082,64.45658946037292,10.0,0.0,74.08507840140439,0.03166501224040985,
0,navstack-1725537082607,navstack,overtaking,HandCrafted,,,1725537111,903028964,"builtin_interfaces.msg.Time(sec=1725537090, nanosec=443030118)",120.0,Handcrafted_LabStudy,1,1,"-12.0,1.0,0.5","-0.0,0.0,-0.0,-1.0","12.0,-0.0,0.0","-0.0,0.0,-0.0,-1.0",22.02077293395996,22.08110809326172,2.811006784439087,0,0,0,0,0,0,0,1.9535507261753082,64.45658946037292,10.0,0.0,72.21850289928088,1.8588213920593262,
0,navstack-1725537082607,navstack,overtaking,HandCrafted,,,1725537111,923029422,"builtin_interfaces.msg.Time(sec=1725537090, nanosec=443030118)",120.0,Handcrafted_LabStudy,1,1,"-12.0,1.0,0.5","-0.0,0.0,-0.0,-1.0","12.0,-0.0,0.0","-0.0,0.0,-0.0,-1.0",22.016128540039062,22.08110809326172,2.811006784439087,0,0,0,0,0,0,0,1.9535507261753082,64.45658946037292,10.0,0.0,71.07869365662124,0.010178407654166222,
