[0.166s] DEBUG:colcon:Command line arguments: ['/home/adam/.local/bin/colcon', 'build']
[0.166s] DEBUG:colcon:Parsed command line arguments: Namespace(log_base=None, log_level=None, verb_name='build', build_base='build', install_base='install', merge_install=False, symlink_install=False, test_result_base=None, continue_on_error=False, executor='parallel', parallel_workers=16, event_handlers=None, ignore_user_meta=False, metas=['./colcon.meta'], base_paths=['.'], packages_ignore=None, packages_ignore_regex=None, paths=None, packages_up_to=None, packages_up_to_regex=None, packages_above=None, packages_above_and_dependencies=None, packages_above_depth=None, packages_select_by_dep=None, packages_skip_by_dep=None, packages_skip_up_to=None, packages_select_build_failed=False, packages_skip_build_finished=False, packages_select_test_failures=False, packages_skip_test_passed=False, packages_select=None, packages_skip=None, packages_select_regex=None, packages_skip_regex=None, packages_start=None, packages_end=None, allow_overriding=[], cmake_args=None, cmake_target=None, cmake_target_skip_unavailable=False, cmake_clean_cache=False, cmake_clean_first=False, cmake_force_configure=False, ament_cmake_args=None, catkin_cmake_args=None, catkin_skip_building_tests=False, verb_parser=<colcon_defaults.argument_parser.defaults.DefaultArgumentsDecorator object at 0x7358b1cd7310>, verb_extension=<colcon_core.verb.build.BuildVerb object at 0x7358b1dd7e20>, main=<bound method BuildVerb.main of <colcon_core.verb.build.BuildVerb object at 0x7358b1dd7e20>>)
[0.288s] Level 1:colcon.colcon_core.package_discovery:discover_packages(colcon_meta) check parameters
[0.288s] Level 1:colcon.colcon_core.package_discovery:discover_packages(recursive) check parameters
[0.288s] Level 1:colcon.colcon_core.package_discovery:discover_packages(ignore) check parameters
[0.288s] Level 1:colcon.colcon_core.package_discovery:discover_packages(path) check parameters
[0.288s] Level 1:colcon.colcon_core.package_discovery:discover_packages(colcon_meta) discover
[0.288s] Level 1:colcon.colcon_core.package_discovery:discover_packages(recursive) discover
[0.288s] INFO:colcon.colcon_core.package_discovery:Crawling recursively for packages in '/home/adam/Desktop/SBSN/ros2_ws'
[0.288s] Level 1:colcon.colcon_core.package_identification:_identify(.) by extensions ['ignore', 'ignore_ament_install']
[0.288s] Level 1:colcon.colcon_core.package_identification:_identify(.) by extension 'ignore'
[0.289s] Level 1:colcon.colcon_core.package_identification:_identify(.) by extension 'ignore_ament_install'
[0.289s] Level 1:colcon.colcon_core.package_identification:_identify(.) by extensions ['colcon_pkg']
[0.289s] Level 1:colcon.colcon_core.package_identification:_identify(.) by extension 'colcon_pkg'
[0.289s] Level 1:colcon.colcon_core.package_identification:_identify(.) by extensions ['colcon_meta']
[0.289s] Level 1:colcon.colcon_core.package_identification:_identify(.) by extension 'colcon_meta'
[0.289s] Level 1:colcon.colcon_core.package_identification:_identify(.) by extensions ['ros']
[0.289s] Level 1:colcon.colcon_core.package_identification:_identify(.) by extension 'ros'
[0.297s] Level 1:colcon.colcon_core.package_identification:_identify(.) by extensions ['cmake', 'python']
[0.297s] Level 1:colcon.colcon_core.package_identification:_identify(.) by extension 'cmake'
[0.297s] Level 1:colcon.colcon_core.package_identification:_identify(.) by extension 'python'
[0.297s] Level 1:colcon.colcon_core.package_identification:_identify(.) by extensions ['python_setup_py']
[0.297s] Level 1:colcon.colcon_core.package_identification:_identify(.) by extension 'python_setup_py'
[0.297s] Level 1:colcon.colcon_core.package_identification:_identify(build) by extensions ['ignore', 'ignore_ament_install']
[0.297s] Level 1:colcon.colcon_core.package_identification:_identify(build) by extension 'ignore'
[0.297s] Level 1:colcon.colcon_core.package_identification:_identify(build) ignored
[0.297s] Level 1:colcon.colcon_core.package_identification:_identify(install) by extensions ['ignore', 'ignore_ament_install']
[0.297s] Level 1:colcon.colcon_core.package_identification:_identify(install) by extension 'ignore'
[0.297s] Level 1:colcon.colcon_core.package_identification:_identify(install) ignored
[0.297s] Level 1:colcon.colcon_core.package_identification:_identify(log) by extensions ['ignore', 'ignore_ament_install']
[0.297s] Level 1:colcon.colcon_core.package_identification:_identify(log) by extension 'ignore'
[0.297s] Level 1:colcon.colcon_core.package_identification:_identify(log) ignored
[0.298s] Level 1:colcon.colcon_core.package_identification:_identify(src) by extensions ['ignore', 'ignore_ament_install']
[0.298s] Level 1:colcon.colcon_core.package_identification:_identify(src) by extension 'ignore'
[0.298s] Level 1:colcon.colcon_core.package_identification:_identify(src) by extension 'ignore_ament_install'
[0.298s] Level 1:colcon.colcon_core.package_identification:_identify(src) by extensions ['colcon_pkg']
[0.298s] Level 1:colcon.colcon_core.package_identification:_identify(src) by extension 'colcon_pkg'
[0.298s] Level 1:colcon.colcon_core.package_identification:_identify(src) by extensions ['colcon_meta']
[0.298s] Level 1:colcon.colcon_core.package_identification:_identify(src) by extension 'colcon_meta'
[0.298s] Level 1:colcon.colcon_core.package_identification:_identify(src) by extensions ['ros']
[0.298s] Level 1:colcon.colcon_core.package_identification:_identify(src) by extension 'ros'
[0.298s] Level 1:colcon.colcon_core.package_identification:_identify(src) by extensions ['cmake', 'python']
[0.298s] Level 1:colcon.colcon_core.package_identification:_identify(src) by extension 'cmake'
[0.298s] Level 1:colcon.colcon_core.package_identification:_identify(src) by extension 'python'
[0.298s] Level 1:colcon.colcon_core.package_identification:_identify(src) by extensions ['python_setup_py']
[0.298s] Level 1:colcon.colcon_core.package_identification:_identify(src) by extension 'python_setup_py'
[0.298s] Level 1:colcon.colcon_core.package_identification:_identify(src/MBSN) by extensions ['ignore', 'ignore_ament_install']
[0.298s] Level 1:colcon.colcon_core.package_identification:_identify(src/MBSN) by extension 'ignore'
[0.298s] Level 1:colcon.colcon_core.package_identification:_identify(src/MBSN) by extension 'ignore_ament_install'
[0.298s] Level 1:colcon.colcon_core.package_identification:_identify(src/MBSN) by extensions ['colcon_pkg']
[0.298s] Level 1:colcon.colcon_core.package_identification:_identify(src/MBSN) by extension 'colcon_pkg'
[0.298s] Level 1:colcon.colcon_core.package_identification:_identify(src/MBSN) by extensions ['colcon_meta']
[0.298s] Level 1:colcon.colcon_core.package_identification:_identify(src/MBSN) by extension 'colcon_meta'
[0.298s] Level 1:colcon.colcon_core.package_identification:_identify(src/MBSN) by extensions ['ros']
[0.298s] Level 1:colcon.colcon_core.package_identification:_identify(src/MBSN) by extension 'ros'
[0.300s] DEBUG:colcon.colcon_core.package_identification:Package 'src/MBSN' with type 'ros.ament_cmake' and name 'mbsn'
[0.300s] Level 1:colcon.colcon_core.package_identification:_identify(src/ROS-TCP-Endpoint) by extensions ['ignore', 'ignore_ament_install']
[0.300s] Level 1:colcon.colcon_core.package_identification:_identify(src/ROS-TCP-Endpoint) by extension 'ignore'
[0.300s] Level 1:colcon.colcon_core.package_identification:_identify(src/ROS-TCP-Endpoint) by extension 'ignore_ament_install'
[0.300s] Level 1:colcon.colcon_core.package_identification:_identify(src/ROS-TCP-Endpoint) by extensions ['colcon_pkg']
[0.300s] Level 1:colcon.colcon_core.package_identification:_identify(src/ROS-TCP-Endpoint) by extension 'colcon_pkg'
[0.300s] Level 1:colcon.colcon_core.package_identification:_identify(src/ROS-TCP-Endpoint) by extensions ['colcon_meta']
[0.300s] Level 1:colcon.colcon_core.package_identification:_identify(src/ROS-TCP-Endpoint) by extension 'colcon_meta'
[0.300s] Level 1:colcon.colcon_core.package_identification:_identify(src/ROS-TCP-Endpoint) by extensions ['ros']
[0.301s] Level 1:colcon.colcon_core.package_identification:_identify(src/ROS-TCP-Endpoint) by extension 'ros'
[0.301s] DEBUG:colcon.colcon_core.package_identification:Package 'src/ROS-TCP-Endpoint' with type 'ros.ament_python' and name 'ros_tcp_endpoint'
[0.301s] Level 1:colcon.colcon_core.package_identification:_identify(src/agent_trajectory_prediction) by extensions ['ignore', 'ignore_ament_install']
[0.301s] Level 1:colcon.colcon_core.package_identification:_identify(src/agent_trajectory_prediction) by extension 'ignore'
[0.301s] Level 1:colcon.colcon_core.package_identification:_identify(src/agent_trajectory_prediction) by extension 'ignore_ament_install'
[0.301s] Level 1:colcon.colcon_core.package_identification:_identify(src/agent_trajectory_prediction) by extensions ['colcon_pkg']
[0.301s] Level 1:colcon.colcon_core.package_identification:_identify(src/agent_trajectory_prediction) by extension 'colcon_pkg'
[0.301s] Level 1:colcon.colcon_core.package_identification:_identify(src/agent_trajectory_prediction) by extensions ['colcon_meta']
[0.301s] Level 1:colcon.colcon_core.package_identification:_identify(src/agent_trajectory_prediction) by extension 'colcon_meta'
[0.301s] Level 1:colcon.colcon_core.package_identification:_identify(src/agent_trajectory_prediction) by extensions ['ros']
[0.301s] Level 1:colcon.colcon_core.package_identification:_identify(src/agent_trajectory_prediction) by extension 'ros'
[0.302s] DEBUG:colcon.colcon_core.package_identification:Package 'src/agent_trajectory_prediction' with type 'ros.ament_cmake' and name 'agent_trajectory_prediction'
[0.302s] Level 1:colcon.colcon_core.package_identification:_identify(src/assets) by extensions ['ignore', 'ignore_ament_install']
[0.302s] Level 1:colcon.colcon_core.package_identification:_identify(src/assets) by extension 'ignore'
[0.302s] Level 1:colcon.colcon_core.package_identification:_identify(src/assets) by extension 'ignore_ament_install'
[0.302s] Level 1:colcon.colcon_core.package_identification:_identify(src/assets) by extensions ['colcon_pkg']
[0.302s] Level 1:colcon.colcon_core.package_identification:_identify(src/assets) by extension 'colcon_pkg'
[0.302s] Level 1:colcon.colcon_core.package_identification:_identify(src/assets) by extensions ['colcon_meta']
[0.302s] Level 1:colcon.colcon_core.package_identification:_identify(src/assets) by extension 'colcon_meta'
[0.302s] Level 1:colcon.colcon_core.package_identification:_identify(src/assets) by extensions ['ros']
[0.302s] Level 1:colcon.colcon_core.package_identification:_identify(src/assets) by extension 'ros'
[0.302s] DEBUG:colcon.colcon_core.package_identification:Package 'src/assets' with type 'ros.ament_cmake' and name 'assets'
[0.303s] Level 1:colcon.colcon_core.package_identification:_identify(src/msgs) by extensions ['ignore', 'ignore_ament_install']
[0.303s] Level 1:colcon.colcon_core.package_identification:_identify(src/msgs) by extension 'ignore'
[0.303s] Level 1:colcon.colcon_core.package_identification:_identify(src/msgs) by extension 'ignore_ament_install'
[0.303s] Level 1:colcon.colcon_core.package_identification:_identify(src/msgs) by extensions ['colcon_pkg']
[0.303s] Level 1:colcon.colcon_core.package_identification:_identify(src/msgs) by extension 'colcon_pkg'
[0.303s] Level 1:colcon.colcon_core.package_identification:_identify(src/msgs) by extensions ['colcon_meta']
[0.303s] Level 1:colcon.colcon_core.package_identification:_identify(src/msgs) by extension 'colcon_meta'
[0.303s] Level 1:colcon.colcon_core.package_identification:_identify(src/msgs) by extensions ['ros']
[0.303s] Level 1:colcon.colcon_core.package_identification:_identify(src/msgs) by extension 'ros'
[0.303s] Level 1:colcon.colcon_core.package_identification:_identify(src/msgs) by extensions ['cmake', 'python']
[0.303s] Level 1:colcon.colcon_core.package_identification:_identify(src/msgs) by extension 'cmake'
[0.303s] Level 1:colcon.colcon_core.package_identification:_identify(src/msgs) by extension 'python'
[0.303s] Level 1:colcon.colcon_core.package_identification:_identify(src/msgs) by extensions ['python_setup_py']
[0.303s] Level 1:colcon.colcon_core.package_identification:_identify(src/msgs) by extension 'python_setup_py'
[0.303s] Level 1:colcon.colcon_core.package_identification:_identify(src/msgs/agents_msgs) by extensions ['ignore', 'ignore_ament_install']
[0.303s] Level 1:colcon.colcon_core.package_identification:_identify(src/msgs/agents_msgs) by extension 'ignore'
[0.303s] Level 1:colcon.colcon_core.package_identification:_identify(src/msgs/agents_msgs) by extension 'ignore_ament_install'
[0.303s] Level 1:colcon.colcon_core.package_identification:_identify(src/msgs/agents_msgs) by extensions ['colcon_pkg']
[0.303s] Level 1:colcon.colcon_core.package_identification:_identify(src/msgs/agents_msgs) by extension 'colcon_pkg'
[0.303s] Level 1:colcon.colcon_core.package_identification:_identify(src/msgs/agents_msgs) by extensions ['colcon_meta']
[0.303s] Level 1:colcon.colcon_core.package_identification:_identify(src/msgs/agents_msgs) by extension 'colcon_meta'
[0.303s] Level 1:colcon.colcon_core.package_identification:_identify(src/msgs/agents_msgs) by extensions ['ros']
[0.303s] Level 1:colcon.colcon_core.package_identification:_identify(src/msgs/agents_msgs) by extension 'ros'
[0.304s] DEBUG:colcon.colcon_core.package_identification:Package 'src/msgs/agents_msgs' with type 'ros.ament_cmake' and name 'agents_msgs'
[0.304s] Level 1:colcon.colcon_core.package_identification:_identify(src/msgs/graph_msgs) by extensions ['ignore', 'ignore_ament_install']
[0.304s] Level 1:colcon.colcon_core.package_identification:_identify(src/msgs/graph_msgs) by extension 'ignore'
[0.304s] Level 1:colcon.colcon_core.package_identification:_identify(src/msgs/graph_msgs) by extension 'ignore_ament_install'
[0.304s] Level 1:colcon.colcon_core.package_identification:_identify(src/msgs/graph_msgs) by extensions ['colcon_pkg']
[0.304s] Level 1:colcon.colcon_core.package_identification:_identify(src/msgs/graph_msgs) by extension 'colcon_pkg'
[0.304s] Level 1:colcon.colcon_core.package_identification:_identify(src/msgs/graph_msgs) by extensions ['colcon_meta']
[0.304s] Level 1:colcon.colcon_core.package_identification:_identify(src/msgs/graph_msgs) by extension 'colcon_meta'
[0.304s] Level 1:colcon.colcon_core.package_identification:_identify(src/msgs/graph_msgs) by extensions ['ros']
[0.304s] Level 1:colcon.colcon_core.package_identification:_identify(src/msgs/graph_msgs) by extension 'ros'
[0.305s] DEBUG:colcon.colcon_core.package_identification:Package 'src/msgs/graph_msgs' with type 'ros.ament_cmake' and name 'graph_msgs'
[0.305s] Level 1:colcon.colcon_core.package_identification:_identify(src/msgs/metric_msgs) by extensions ['ignore', 'ignore_ament_install']
[0.305s] Level 1:colcon.colcon_core.package_identification:_identify(src/msgs/metric_msgs) by extension 'ignore'
[0.305s] Level 1:colcon.colcon_core.package_identification:_identify(src/msgs/metric_msgs) by extension 'ignore_ament_install'
[0.305s] Level 1:colcon.colcon_core.package_identification:_identify(src/msgs/metric_msgs) by extensions ['colcon_pkg']
[0.305s] Level 1:colcon.colcon_core.package_identification:_identify(src/msgs/metric_msgs) by extension 'colcon_pkg'
[0.305s] Level 1:colcon.colcon_core.package_identification:_identify(src/msgs/metric_msgs) by extensions ['colcon_meta']
[0.305s] Level 1:colcon.colcon_core.package_identification:_identify(src/msgs/metric_msgs) by extension 'colcon_meta'
[0.305s] Level 1:colcon.colcon_core.package_identification:_identify(src/msgs/metric_msgs) by extensions ['ros']
[0.305s] Level 1:colcon.colcon_core.package_identification:_identify(src/msgs/metric_msgs) by extension 'ros'
[0.305s] DEBUG:colcon.colcon_core.package_identification:Package 'src/msgs/metric_msgs' with type 'ros.ament_cmake' and name 'metric_msgs'
[0.305s] Level 1:colcon.colcon_core.package_identification:_identify(src/msgs/simulation_msgs) by extensions ['ignore', 'ignore_ament_install']
[0.305s] Level 1:colcon.colcon_core.package_identification:_identify(src/msgs/simulation_msgs) by extension 'ignore'
[0.306s] Level 1:colcon.colcon_core.package_identification:_identify(src/msgs/simulation_msgs) by extension 'ignore_ament_install'
[0.306s] Level 1:colcon.colcon_core.package_identification:_identify(src/msgs/simulation_msgs) by extensions ['colcon_pkg']
[0.306s] Level 1:colcon.colcon_core.package_identification:_identify(src/msgs/simulation_msgs) by extension 'colcon_pkg'
[0.306s] Level 1:colcon.colcon_core.package_identification:_identify(src/msgs/simulation_msgs) by extensions ['colcon_meta']
[0.306s] Level 1:colcon.colcon_core.package_identification:_identify(src/msgs/simulation_msgs) by extension 'colcon_meta'
[0.306s] Level 1:colcon.colcon_core.package_identification:_identify(src/msgs/simulation_msgs) by extensions ['ros']
[0.306s] Level 1:colcon.colcon_core.package_identification:_identify(src/msgs/simulation_msgs) by extension 'ros'
[0.306s] DEBUG:colcon.colcon_core.package_identification:Package 'src/msgs/simulation_msgs' with type 'ros.ament_cmake' and name 'simulation_msgs'
[0.306s] Level 1:colcon.colcon_core.package_identification:_identify(src/nav2_my_controller) by extensions ['ignore', 'ignore_ament_install']
[0.306s] Level 1:colcon.colcon_core.package_identification:_identify(src/nav2_my_controller) by extension 'ignore'
[0.306s] Level 1:colcon.colcon_core.package_identification:_identify(src/nav2_my_controller) by extension 'ignore_ament_install'
[0.306s] Level 1:colcon.colcon_core.package_identification:_identify(src/nav2_my_controller) by extensions ['colcon_pkg']
[0.306s] Level 1:colcon.colcon_core.package_identification:_identify(src/nav2_my_controller) by extension 'colcon_pkg'
[0.306s] Level 1:colcon.colcon_core.package_identification:_identify(src/nav2_my_controller) by extensions ['colcon_meta']
[0.306s] Level 1:colcon.colcon_core.package_identification:_identify(src/nav2_my_controller) by extension 'colcon_meta'
[0.306s] Level 1:colcon.colcon_core.package_identification:_identify(src/nav2_my_controller) by extensions ['ros']
[0.306s] Level 1:colcon.colcon_core.package_identification:_identify(src/nav2_my_controller) by extension 'ros'
[0.307s] Level 1:colcon.colcon_core.package_identification:_identify(src/nav2_my_controller) by extensions ['cmake', 'python']
[0.307s] Level 1:colcon.colcon_core.package_identification:_identify(src/nav2_my_controller) by extension 'cmake'
[0.307s] Level 1:colcon.colcon_core.package_identification:_identify(src/nav2_my_controller) by extension 'python'
[0.307s] Level 1:colcon.colcon_core.package_identification:_identify(src/nav2_my_controller) by extensions ['python_setup_py']
[0.307s] Level 1:colcon.colcon_core.package_identification:_identify(src/nav2_my_controller) by extension 'python_setup_py'
[0.307s] Level 1:colcon.colcon_core.package_identification:_identify(src/nav2_my_controller/my_controller) by extensions ['ignore', 'ignore_ament_install']
[0.307s] Level 1:colcon.colcon_core.package_identification:_identify(src/nav2_my_controller/my_controller) by extension 'ignore'
[0.307s] Level 1:colcon.colcon_core.package_identification:_identify(src/nav2_my_controller/my_controller) by extension 'ignore_ament_install'
[0.307s] Level 1:colcon.colcon_core.package_identification:_identify(src/nav2_my_controller/my_controller) by extensions ['colcon_pkg']
[0.307s] Level 1:colcon.colcon_core.package_identification:_identify(src/nav2_my_controller/my_controller) by extension 'colcon_pkg'
[0.307s] Level 1:colcon.colcon_core.package_identification:_identify(src/nav2_my_controller/my_controller) by extensions ['colcon_meta']
[0.307s] Level 1:colcon.colcon_core.package_identification:_identify(src/nav2_my_controller/my_controller) by extension 'colcon_meta'
[0.307s] Level 1:colcon.colcon_core.package_identification:_identify(src/nav2_my_controller/my_controller) by extensions ['ros']
[0.307s] Level 1:colcon.colcon_core.package_identification:_identify(src/nav2_my_controller/my_controller) by extension 'ros'
[0.308s] DEBUG:colcon.colcon_core.package_identification:Package 'src/nav2_my_controller/my_controller' with type 'ros.ament_cmake' and name 'my_controller'
[0.308s] Level 1:colcon.colcon_core.package_identification:_identify(src/social_metrics) by extensions ['ignore', 'ignore_ament_install']
[0.308s] Level 1:colcon.colcon_core.package_identification:_identify(src/social_metrics) by extension 'ignore'
[0.308s] Level 1:colcon.colcon_core.package_identification:_identify(src/social_metrics) by extension 'ignore_ament_install'
[0.308s] Level 1:colcon.colcon_core.package_identification:_identify(src/social_metrics) by extensions ['colcon_pkg']
[0.308s] Level 1:colcon.colcon_core.package_identification:_identify(src/social_metrics) by extension 'colcon_pkg'
[0.308s] Level 1:colcon.colcon_core.package_identification:_identify(src/social_metrics) by extensions ['colcon_meta']
[0.308s] Level 1:colcon.colcon_core.package_identification:_identify(src/social_metrics) by extension 'colcon_meta'
[0.308s] Level 1:colcon.colcon_core.package_identification:_identify(src/social_metrics) by extensions ['ros']
[0.308s] Level 1:colcon.colcon_core.package_identification:_identify(src/social_metrics) by extension 'ros'
[0.308s] DEBUG:colcon.colcon_core.package_identification:Package 'src/social_metrics' with type 'ros.ament_cmake' and name 'social_metrics'
[0.308s] Level 1:colcon.colcon_core.package_identification:_identify(src/unity_sim) by extensions ['ignore', 'ignore_ament_install']
[0.309s] Level 1:colcon.colcon_core.package_identification:_identify(src/unity_sim) by extension 'ignore'
[0.309s] Level 1:colcon.colcon_core.package_identification:_identify(src/unity_sim) by extension 'ignore_ament_install'
[0.309s] Level 1:colcon.colcon_core.package_identification:_identify(src/unity_sim) by extensions ['colcon_pkg']
[0.309s] Level 1:colcon.colcon_core.package_identification:_identify(src/unity_sim) by extension 'colcon_pkg'
[0.309s] Level 1:colcon.colcon_core.package_identification:_identify(src/unity_sim) by extensions ['colcon_meta']
[0.309s] Level 1:colcon.colcon_core.package_identification:_identify(src/unity_sim) by extension 'colcon_meta'
[0.309s] Level 1:colcon.colcon_core.package_identification:_identify(src/unity_sim) by extensions ['ros']
[0.309s] Level 1:colcon.colcon_core.package_identification:_identify(src/unity_sim) by extension 'ros'
[0.309s] DEBUG:colcon.colcon_core.package_identification:Package 'src/unity_sim' with type 'ros.ament_cmake' and name 'unity_sim'
[0.309s] Level 1:colcon.colcon_core.package_discovery:discover_packages(recursive) using defaults
[0.309s] Level 1:colcon.colcon_core.package_discovery:discover_packages(ignore) discover
[0.309s] Level 1:colcon.colcon_core.package_discovery:discover_packages(ignore) using defaults
[0.309s] Level 1:colcon.colcon_core.package_discovery:discover_packages(path) discover
[0.309s] Level 1:colcon.colcon_core.package_discovery:discover_packages(path) using defaults
[0.334s] Level 1:colcon.colcon_core.package_discovery:discover_packages(prefix_path) check parameters
[0.334s] Level 1:colcon.colcon_core.package_discovery:discover_packages(prefix_path) discover
[0.336s] DEBUG:colcon.colcon_installed_package_information.package_discovery:Found 337 installed packages in /opt/ros/humble
[0.337s] Level 1:colcon.colcon_core.package_discovery:discover_packages(prefix_path) using defaults
[0.367s] Level 5:colcon.colcon_core.verb:set package 'agent_trajectory_prediction' build argument 'cmake_args' from command line to 'None'
[0.367s] Level 5:colcon.colcon_core.verb:set package 'agent_trajectory_prediction' build argument 'cmake_target' from command line to 'None'
[0.367s] Level 5:colcon.colcon_core.verb:set package 'agent_trajectory_prediction' build argument 'cmake_target_skip_unavailable' from command line to 'False'
[0.367s] Level 5:colcon.colcon_core.verb:set package 'agent_trajectory_prediction' build argument 'cmake_clean_cache' from command line to 'False'
[0.367s] Level 5:colcon.colcon_core.verb:set package 'agent_trajectory_prediction' build argument 'cmake_clean_first' from command line to 'False'
[0.367s] Level 5:colcon.colcon_core.verb:set package 'agent_trajectory_prediction' build argument 'cmake_force_configure' from command line to 'False'
[0.367s] Level 5:colcon.colcon_core.verb:set package 'agent_trajectory_prediction' build argument 'ament_cmake_args' from command line to 'None'
[0.367s] Level 5:colcon.colcon_core.verb:set package 'agent_trajectory_prediction' build argument 'catkin_cmake_args' from command line to 'None'
[0.367s] Level 5:colcon.colcon_core.verb:set package 'agent_trajectory_prediction' build argument 'catkin_skip_building_tests' from command line to 'False'
[0.367s] DEBUG:colcon.colcon_core.verb:Building package 'agent_trajectory_prediction' with the following arguments: {'ament_cmake_args': None, 'build_base': '/home/adam/Desktop/SBSN/ros2_ws/build/agent_trajectory_prediction', 'catkin_cmake_args': None, 'catkin_skip_building_tests': False, 'cmake_args': None, 'cmake_clean_cache': False, 'cmake_clean_first': False, 'cmake_force_configure': False, 'cmake_target': None, 'cmake_target_skip_unavailable': False, 'install_base': '/home/adam/Desktop/SBSN/ros2_ws/install/agent_trajectory_prediction', 'merge_install': False, 'path': '/home/adam/Desktop/SBSN/ros2_ws/src/agent_trajectory_prediction', 'symlink_install': False, 'test_result_base': None}
[0.367s] Level 5:colcon.colcon_core.verb:set package 'agents_msgs' build argument 'cmake_args' from command line to 'None'
[0.367s] Level 5:colcon.colcon_core.verb:set package 'agents_msgs' build argument 'cmake_target' from command line to 'None'
[0.367s] Level 5:colcon.colcon_core.verb:set package 'agents_msgs' build argument 'cmake_target_skip_unavailable' from command line to 'False'
[0.367s] Level 5:colcon.colcon_core.verb:set package 'agents_msgs' build argument 'cmake_clean_cache' from command line to 'False'
[0.367s] Level 5:colcon.colcon_core.verb:set package 'agents_msgs' build argument 'cmake_clean_first' from command line to 'False'
[0.367s] Level 5:colcon.colcon_core.verb:set package 'agents_msgs' build argument 'cmake_force_configure' from command line to 'False'
[0.367s] Level 5:colcon.colcon_core.verb:set package 'agents_msgs' build argument 'ament_cmake_args' from command line to 'None'
[0.367s] Level 5:colcon.colcon_core.verb:set package 'agents_msgs' build argument 'catkin_cmake_args' from command line to 'None'
[0.367s] Level 5:colcon.colcon_core.verb:set package 'agents_msgs' build argument 'catkin_skip_building_tests' from command line to 'False'
[0.367s] DEBUG:colcon.colcon_core.verb:Building package 'agents_msgs' with the following arguments: {'ament_cmake_args': None, 'build_base': '/home/adam/Desktop/SBSN/ros2_ws/build/agents_msgs', 'catkin_cmake_args': None, 'catkin_skip_building_tests': False, 'cmake_args': None, 'cmake_clean_cache': False, 'cmake_clean_first': False, 'cmake_force_configure': False, 'cmake_target': None, 'cmake_target_skip_unavailable': False, 'install_base': '/home/adam/Desktop/SBSN/ros2_ws/install/agents_msgs', 'merge_install': False, 'path': '/home/adam/Desktop/SBSN/ros2_ws/src/msgs/agents_msgs', 'symlink_install': False, 'test_result_base': None}
[0.368s] Level 5:colcon.colcon_core.verb:set package 'assets' build argument 'cmake_args' from command line to 'None'
[0.368s] Level 5:colcon.colcon_core.verb:set package 'assets' build argument 'cmake_target' from command line to 'None'
[0.368s] Level 5:colcon.colcon_core.verb:set package 'assets' build argument 'cmake_target_skip_unavailable' from command line to 'False'
[0.368s] Level 5:colcon.colcon_core.verb:set package 'assets' build argument 'cmake_clean_cache' from command line to 'False'
[0.368s] Level 5:colcon.colcon_core.verb:set package 'assets' build argument 'cmake_clean_first' from command line to 'False'
[0.368s] Level 5:colcon.colcon_core.verb:set package 'assets' build argument 'cmake_force_configure' from command line to 'False'
[0.368s] Level 5:colcon.colcon_core.verb:set package 'assets' build argument 'ament_cmake_args' from command line to 'None'
[0.368s] Level 5:colcon.colcon_core.verb:set package 'assets' build argument 'catkin_cmake_args' from command line to 'None'
[0.368s] Level 5:colcon.colcon_core.verb:set package 'assets' build argument 'catkin_skip_building_tests' from command line to 'False'
[0.368s] DEBUG:colcon.colcon_core.verb:Building package 'assets' with the following arguments: {'ament_cmake_args': None, 'build_base': '/home/adam/Desktop/SBSN/ros2_ws/build/assets', 'catkin_cmake_args': None, 'catkin_skip_building_tests': False, 'cmake_args': None, 'cmake_clean_cache': False, 'cmake_clean_first': False, 'cmake_force_configure': False, 'cmake_target': None, 'cmake_target_skip_unavailable': False, 'install_base': '/home/adam/Desktop/SBSN/ros2_ws/install/assets', 'merge_install': False, 'path': '/home/adam/Desktop/SBSN/ros2_ws/src/assets', 'symlink_install': False, 'test_result_base': None}
[0.368s] Level 5:colcon.colcon_core.verb:set package 'graph_msgs' build argument 'cmake_args' from command line to 'None'
[0.368s] Level 5:colcon.colcon_core.verb:set package 'graph_msgs' build argument 'cmake_target' from command line to 'None'
[0.368s] Level 5:colcon.colcon_core.verb:set package 'graph_msgs' build argument 'cmake_target_skip_unavailable' from command line to 'False'
[0.368s] Level 5:colcon.colcon_core.verb:set package 'graph_msgs' build argument 'cmake_clean_cache' from command line to 'False'
[0.368s] Level 5:colcon.colcon_core.verb:set package 'graph_msgs' build argument 'cmake_clean_first' from command line to 'False'
[0.368s] Level 5:colcon.colcon_core.verb:set package 'graph_msgs' build argument 'cmake_force_configure' from command line to 'False'
[0.368s] Level 5:colcon.colcon_core.verb:set package 'graph_msgs' build argument 'ament_cmake_args' from command line to 'None'
[0.368s] Level 5:colcon.colcon_core.verb:set package 'graph_msgs' build argument 'catkin_cmake_args' from command line to 'None'
[0.368s] Level 5:colcon.colcon_core.verb:set package 'graph_msgs' build argument 'catkin_skip_building_tests' from command line to 'False'
[0.368s] DEBUG:colcon.colcon_core.verb:Building package 'graph_msgs' with the following arguments: {'ament_cmake_args': None, 'build_base': '/home/adam/Desktop/SBSN/ros2_ws/build/graph_msgs', 'catkin_cmake_args': None, 'catkin_skip_building_tests': False, 'cmake_args': None, 'cmake_clean_cache': False, 'cmake_clean_first': False, 'cmake_force_configure': False, 'cmake_target': None, 'cmake_target_skip_unavailable': False, 'install_base': '/home/adam/Desktop/SBSN/ros2_ws/install/graph_msgs', 'merge_install': False, 'path': '/home/adam/Desktop/SBSN/ros2_ws/src/msgs/graph_msgs', 'symlink_install': False, 'test_result_base': None}
[0.368s] Level 5:colcon.colcon_core.verb:set package 'mbsn' build argument 'cmake_args' from command line to 'None'
[0.368s] Level 5:colcon.colcon_core.verb:set package 'mbsn' build argument 'cmake_target' from command line to 'None'
[0.368s] Level 5:colcon.colcon_core.verb:set package 'mbsn' build argument 'cmake_target_skip_unavailable' from command line to 'False'
[0.368s] Level 5:colcon.colcon_core.verb:set package 'mbsn' build argument 'cmake_clean_cache' from command line to 'False'
[0.368s] Level 5:colcon.colcon_core.verb:set package 'mbsn' build argument 'cmake_clean_first' from command line to 'False'
[0.368s] Level 5:colcon.colcon_core.verb:set package 'mbsn' build argument 'cmake_force_configure' from command line to 'False'
[0.369s] Level 5:colcon.colcon_core.verb:set package 'mbsn' build argument 'ament_cmake_args' from command line to 'None'
[0.369s] Level 5:colcon.colcon_core.verb:set package 'mbsn' build argument 'catkin_cmake_args' from command line to 'None'
[0.369s] Level 5:colcon.colcon_core.verb:set package 'mbsn' build argument 'catkin_skip_building_tests' from command line to 'False'
[0.369s] DEBUG:colcon.colcon_core.verb:Building package 'mbsn' with the following arguments: {'ament_cmake_args': None, 'build_base': '/home/adam/Desktop/SBSN/ros2_ws/build/mbsn', 'catkin_cmake_args': None, 'catkin_skip_building_tests': False, 'cmake_args': None, 'cmake_clean_cache': False, 'cmake_clean_first': False, 'cmake_force_configure': False, 'cmake_target': None, 'cmake_target_skip_unavailable': False, 'install_base': '/home/adam/Desktop/SBSN/ros2_ws/install/mbsn', 'merge_install': False, 'path': '/home/adam/Desktop/SBSN/ros2_ws/src/MBSN', 'symlink_install': False, 'test_result_base': None}
[0.369s] Level 5:colcon.colcon_core.verb:set package 'metric_msgs' build argument 'cmake_args' from command line to 'None'
[0.369s] Level 5:colcon.colcon_core.verb:set package 'metric_msgs' build argument 'cmake_target' from command line to 'None'
[0.369s] Level 5:colcon.colcon_core.verb:set package 'metric_msgs' build argument 'cmake_target_skip_unavailable' from command line to 'False'
[0.369s] Level 5:colcon.colcon_core.verb:set package 'metric_msgs' build argument 'cmake_clean_cache' from command line to 'False'
[0.369s] Level 5:colcon.colcon_core.verb:set package 'metric_msgs' build argument 'cmake_clean_first' from command line to 'False'
[0.369s] Level 5:colcon.colcon_core.verb:set package 'metric_msgs' build argument 'cmake_force_configure' from command line to 'False'
[0.369s] Level 5:colcon.colcon_core.verb:set package 'metric_msgs' build argument 'ament_cmake_args' from command line to 'None'
[0.369s] Level 5:colcon.colcon_core.verb:set package 'metric_msgs' build argument 'catkin_cmake_args' from command line to 'None'
[0.369s] Level 5:colcon.colcon_core.verb:set package 'metric_msgs' build argument 'catkin_skip_building_tests' from command line to 'False'
[0.369s] DEBUG:colcon.colcon_core.verb:Building package 'metric_msgs' with the following arguments: {'ament_cmake_args': None, 'build_base': '/home/adam/Desktop/SBSN/ros2_ws/build/metric_msgs', 'catkin_cmake_args': None, 'catkin_skip_building_tests': False, 'cmake_args': None, 'cmake_clean_cache': False, 'cmake_clean_first': False, 'cmake_force_configure': False, 'cmake_target': None, 'cmake_target_skip_unavailable': False, 'install_base': '/home/adam/Desktop/SBSN/ros2_ws/install/metric_msgs', 'merge_install': False, 'path': '/home/adam/Desktop/SBSN/ros2_ws/src/msgs/metric_msgs', 'symlink_install': False, 'test_result_base': None}
[0.369s] Level 5:colcon.colcon_core.verb:set package 'my_controller' build argument 'cmake_args' from command line to 'None'
[0.369s] Level 5:colcon.colcon_core.verb:set package 'my_controller' build argument 'cmake_target' from command line to 'None'
[0.369s] Level 5:colcon.colcon_core.verb:set package 'my_controller' build argument 'cmake_target_skip_unavailable' from command line to 'False'
[0.369s] Level 5:colcon.colcon_core.verb:set package 'my_controller' build argument 'cmake_clean_cache' from command line to 'False'
[0.369s] Level 5:colcon.colcon_core.verb:set package 'my_controller' build argument 'cmake_clean_first' from command line to 'False'
[0.369s] Level 5:colcon.colcon_core.verb:set package 'my_controller' build argument 'cmake_force_configure' from command line to 'False'
[0.369s] Level 5:colcon.colcon_core.verb:set package 'my_controller' build argument 'ament_cmake_args' from command line to 'None'
[0.369s] Level 5:colcon.colcon_core.verb:set package 'my_controller' build argument 'catkin_cmake_args' from command line to 'None'
[0.369s] Level 5:colcon.colcon_core.verb:set package 'my_controller' build argument 'catkin_skip_building_tests' from command line to 'False'
[0.369s] DEBUG:colcon.colcon_core.verb:Building package 'my_controller' with the following arguments: {'ament_cmake_args': None, 'build_base': '/home/adam/Desktop/SBSN/ros2_ws/build/my_controller', 'catkin_cmake_args': None, 'catkin_skip_building_tests': False, 'cmake_args': None, 'cmake_clean_cache': False, 'cmake_clean_first': False, 'cmake_force_configure': False, 'cmake_target': None, 'cmake_target_skip_unavailable': False, 'install_base': '/home/adam/Desktop/SBSN/ros2_ws/install/my_controller', 'merge_install': False, 'path': '/home/adam/Desktop/SBSN/ros2_ws/src/nav2_my_controller/my_controller', 'symlink_install': False, 'test_result_base': None}
[0.370s] Level 5:colcon.colcon_core.verb:set package 'ros_tcp_endpoint' build argument 'cmake_args' from command line to 'None'
[0.370s] Level 5:colcon.colcon_core.verb:set package 'ros_tcp_endpoint' build argument 'cmake_target' from command line to 'None'
[0.370s] Level 5:colcon.colcon_core.verb:set package 'ros_tcp_endpoint' build argument 'cmake_target_skip_unavailable' from command line to 'False'
[0.370s] Level 5:colcon.colcon_core.verb:set package 'ros_tcp_endpoint' build argument 'cmake_clean_cache' from command line to 'False'
[0.370s] Level 5:colcon.colcon_core.verb:set package 'ros_tcp_endpoint' build argument 'cmake_clean_first' from command line to 'False'
[0.370s] Level 5:colcon.colcon_core.verb:set package 'ros_tcp_endpoint' build argument 'cmake_force_configure' from command line to 'False'
[0.370s] Level 5:colcon.colcon_core.verb:set package 'ros_tcp_endpoint' build argument 'ament_cmake_args' from command line to 'None'
[0.370s] Level 5:colcon.colcon_core.verb:set package 'ros_tcp_endpoint' build argument 'catkin_cmake_args' from command line to 'None'
[0.370s] Level 5:colcon.colcon_core.verb:set package 'ros_tcp_endpoint' build argument 'catkin_skip_building_tests' from command line to 'False'
[0.370s] DEBUG:colcon.colcon_core.verb:Building package 'ros_tcp_endpoint' with the following arguments: {'ament_cmake_args': None, 'build_base': '/home/adam/Desktop/SBSN/ros2_ws/build/ros_tcp_endpoint', 'catkin_cmake_args': None, 'catkin_skip_building_tests': False, 'cmake_args': None, 'cmake_clean_cache': False, 'cmake_clean_first': False, 'cmake_force_configure': False, 'cmake_target': None, 'cmake_target_skip_unavailable': False, 'install_base': '/home/adam/Desktop/SBSN/ros2_ws/install/ros_tcp_endpoint', 'merge_install': False, 'path': '/home/adam/Desktop/SBSN/ros2_ws/src/ROS-TCP-Endpoint', 'symlink_install': False, 'test_result_base': None}
[0.370s] Level 5:colcon.colcon_core.verb:set package 'simulation_msgs' build argument 'cmake_args' from command line to 'None'
[0.370s] Level 5:colcon.colcon_core.verb:set package 'simulation_msgs' build argument 'cmake_target' from command line to 'None'
[0.370s] Level 5:colcon.colcon_core.verb:set package 'simulation_msgs' build argument 'cmake_target_skip_unavailable' from command line to 'False'
[0.370s] Level 5:colcon.colcon_core.verb:set package 'simulation_msgs' build argument 'cmake_clean_cache' from command line to 'False'
[0.370s] Level 5:colcon.colcon_core.verb:set package 'simulation_msgs' build argument 'cmake_clean_first' from command line to 'False'
[0.370s] Level 5:colcon.colcon_core.verb:set package 'simulation_msgs' build argument 'cmake_force_configure' from command line to 'False'
[0.370s] Level 5:colcon.colcon_core.verb:set package 'simulation_msgs' build argument 'ament_cmake_args' from command line to 'None'
[0.370s] Level 5:colcon.colcon_core.verb:set package 'simulation_msgs' build argument 'catkin_cmake_args' from command line to 'None'
[0.370s] Level 5:colcon.colcon_core.verb:set package 'simulation_msgs' build argument 'catkin_skip_building_tests' from command line to 'False'
[0.370s] DEBUG:colcon.colcon_core.verb:Building package 'simulation_msgs' with the following arguments: {'ament_cmake_args': None, 'build_base': '/home/adam/Desktop/SBSN/ros2_ws/build/simulation_msgs', 'catkin_cmake_args': None, 'catkin_skip_building_tests': False, 'cmake_args': None, 'cmake_clean_cache': False, 'cmake_clean_first': False, 'cmake_force_configure': False, 'cmake_target': None, 'cmake_target_skip_unavailable': False, 'install_base': '/home/adam/Desktop/SBSN/ros2_ws/install/simulation_msgs', 'merge_install': False, 'path': '/home/adam/Desktop/SBSN/ros2_ws/src/msgs/simulation_msgs', 'symlink_install': False, 'test_result_base': None}
[0.370s] Level 5:colcon.colcon_core.verb:set package 'social_metrics' build argument 'cmake_args' from command line to 'None'
[0.370s] Level 5:colcon.colcon_core.verb:set package 'social_metrics' build argument 'cmake_target' from command line to 'None'
[0.370s] Level 5:colcon.colcon_core.verb:set package 'social_metrics' build argument 'cmake_target_skip_unavailable' from command line to 'False'
[0.370s] Level 5:colcon.colcon_core.verb:set package 'social_metrics' build argument 'cmake_clean_cache' from command line to 'False'
[0.370s] Level 5:colcon.colcon_core.verb:set package 'social_metrics' build argument 'cmake_clean_first' from command line to 'False'
[0.370s] Level 5:colcon.colcon_core.verb:set package 'social_metrics' build argument 'cmake_force_configure' from command line to 'False'
[0.370s] Level 5:colcon.colcon_core.verb:set package 'social_metrics' build argument 'ament_cmake_args' from command line to 'None'
[0.371s] Level 5:colcon.colcon_core.verb:set package 'social_metrics' build argument 'catkin_cmake_args' from command line to 'None'
[0.371s] Level 5:colcon.colcon_core.verb:set package 'social_metrics' build argument 'catkin_skip_building_tests' from command line to 'False'
[0.371s] DEBUG:colcon.colcon_core.verb:Building package 'social_metrics' with the following arguments: {'ament_cmake_args': None, 'build_base': '/home/adam/Desktop/SBSN/ros2_ws/build/social_metrics', 'catkin_cmake_args': None, 'catkin_skip_building_tests': False, 'cmake_args': None, 'cmake_clean_cache': False, 'cmake_clean_first': False, 'cmake_force_configure': False, 'cmake_target': None, 'cmake_target_skip_unavailable': False, 'install_base': '/home/adam/Desktop/SBSN/ros2_ws/install/social_metrics', 'merge_install': False, 'path': '/home/adam/Desktop/SBSN/ros2_ws/src/social_metrics', 'symlink_install': False, 'test_result_base': None}
[0.371s] Level 5:colcon.colcon_core.verb:set package 'unity_sim' build argument 'cmake_args' from command line to 'None'
[0.371s] Level 5:colcon.colcon_core.verb:set package 'unity_sim' build argument 'cmake_target' from command line to 'None'
[0.371s] Level 5:colcon.colcon_core.verb:set package 'unity_sim' build argument 'cmake_target_skip_unavailable' from command line to 'False'
[0.371s] Level 5:colcon.colcon_core.verb:set package 'unity_sim' build argument 'cmake_clean_cache' from command line to 'False'
[0.371s] Level 5:colcon.colcon_core.verb:set package 'unity_sim' build argument 'cmake_clean_first' from command line to 'False'
[0.371s] Level 5:colcon.colcon_core.verb:set package 'unity_sim' build argument 'cmake_force_configure' from command line to 'False'
[0.371s] Level 5:colcon.colcon_core.verb:set package 'unity_sim' build argument 'ament_cmake_args' from command line to 'None'
[0.371s] Level 5:colcon.colcon_core.verb:set package 'unity_sim' build argument 'catkin_cmake_args' from command line to 'None'
[0.371s] Level 5:colcon.colcon_core.verb:set package 'unity_sim' build argument 'catkin_skip_building_tests' from command line to 'False'
[0.371s] DEBUG:colcon.colcon_core.verb:Building package 'unity_sim' with the following arguments: {'ament_cmake_args': None, 'build_base': '/home/adam/Desktop/SBSN/ros2_ws/build/unity_sim', 'catkin_cmake_args': None, 'catkin_skip_building_tests': False, 'cmake_args': None, 'cmake_clean_cache': False, 'cmake_clean_first': False, 'cmake_force_configure': False, 'cmake_target': None, 'cmake_target_skip_unavailable': False, 'install_base': '/home/adam/Desktop/SBSN/ros2_ws/install/unity_sim', 'merge_install': False, 'path': '/home/adam/Desktop/SBSN/ros2_ws/src/unity_sim', 'symlink_install': False, 'test_result_base': None}
[0.371s] INFO:colcon.colcon_core.executor:Executing jobs using 'parallel' executor
[0.372s] DEBUG:colcon.colcon_parallel_executor.executor.parallel:run_until_complete
[0.372s] INFO:colcon.colcon_ros.task.ament_cmake.build:Building ROS package in '/home/adam/Desktop/SBSN/ros2_ws/src/agent_trajectory_prediction' with build type 'ament_cmake'
[0.372s] INFO:colcon.colcon_cmake.task.cmake.build:Building CMake package in '/home/adam/Desktop/SBSN/ros2_ws/src/agent_trajectory_prediction'
[0.374s] INFO:colcon.colcon_core.plugin_system:Skipping extension 'colcon_core.shell.bat': Not used on non-Windows systems
[0.375s] INFO:colcon.colcon_core.shell:Skip shell extension 'powershell' for command environment: Not usable outside of PowerShell
[0.375s] DEBUG:colcon.colcon_core.shell:Skip shell extension 'dsv' for command environment
[0.377s] INFO:colcon.colcon_ros.task.ament_cmake.build:Building ROS package in '/home/adam/Desktop/SBSN/ros2_ws/src/msgs/agents_msgs' with build type 'ament_cmake'
[0.377s] INFO:colcon.colcon_cmake.task.cmake.build:Building CMake package in '/home/adam/Desktop/SBSN/ros2_ws/src/msgs/agents_msgs'
[0.377s] INFO:colcon.colcon_core.shell:Skip shell extension 'powershell' for command environment: Not usable outside of PowerShell
[0.377s] DEBUG:colcon.colcon_core.shell:Skip shell extension 'dsv' for command environment
[0.379s] INFO:colcon.colcon_ros.task.ament_cmake.build:Building ROS package in '/home/adam/Desktop/SBSN/ros2_ws/src/assets' with build type 'ament_cmake'
[0.379s] INFO:colcon.colcon_cmake.task.cmake.build:Building CMake package in '/home/adam/Desktop/SBSN/ros2_ws/src/assets'
[0.379s] INFO:colcon.colcon_core.shell:Skip shell extension 'powershell' for command environment: Not usable outside of PowerShell
[0.380s] DEBUG:colcon.colcon_core.shell:Skip shell extension 'dsv' for command environment
[0.381s] INFO:colcon.colcon_ros.task.ament_cmake.build:Building ROS package in '/home/adam/Desktop/SBSN/ros2_ws/src/msgs/graph_msgs' with build type 'ament_cmake'
[0.382s] INFO:colcon.colcon_cmake.task.cmake.build:Building CMake package in '/home/adam/Desktop/SBSN/ros2_ws/src/msgs/graph_msgs'
[0.382s] INFO:colcon.colcon_core.shell:Skip shell extension 'powershell' for command environment: Not usable outside of PowerShell
[0.382s] DEBUG:colcon.colcon_core.shell:Skip shell extension 'dsv' for command environment
[0.384s] INFO:colcon.colcon_ros.task.ament_cmake.build:Building ROS package in '/home/adam/Desktop/SBSN/ros2_ws/src/MBSN' with build type 'ament_cmake'
[0.384s] INFO:colcon.colcon_cmake.task.cmake.build:Building CMake package in '/home/adam/Desktop/SBSN/ros2_ws/src/MBSN'
[0.384s] INFO:colcon.colcon_core.shell:Skip shell extension 'powershell' for command environment: Not usable outside of PowerShell
[0.384s] DEBUG:colcon.colcon_core.shell:Skip shell extension 'dsv' for command environment
[0.386s] INFO:colcon.colcon_ros.task.ament_cmake.build:Building ROS package in '/home/adam/Desktop/SBSN/ros2_ws/src/msgs/metric_msgs' with build type 'ament_cmake'
[0.386s] INFO:colcon.colcon_cmake.task.cmake.build:Building CMake package in '/home/adam/Desktop/SBSN/ros2_ws/src/msgs/metric_msgs'
[0.386s] INFO:colcon.colcon_core.shell:Skip shell extension 'powershell' for command environment: Not usable outside of PowerShell
[0.386s] DEBUG:colcon.colcon_core.shell:Skip shell extension 'dsv' for command environment
[0.388s] INFO:colcon.colcon_ros.task.ament_cmake.build:Building ROS package in '/home/adam/Desktop/SBSN/ros2_ws/src/nav2_my_controller/my_controller' with build type 'ament_cmake'
[0.388s] INFO:colcon.colcon_cmake.task.cmake.build:Building CMake package in '/home/adam/Desktop/SBSN/ros2_ws/src/nav2_my_controller/my_controller'
[0.389s] INFO:colcon.colcon_core.shell:Skip shell extension 'powershell' for command environment: Not usable outside of PowerShell
[0.389s] DEBUG:colcon.colcon_core.shell:Skip shell extension 'dsv' for command environment
[0.390s] INFO:colcon.colcon_ros.task.ament_python.build:Building ROS package in '/home/adam/Desktop/SBSN/ros2_ws/src/ROS-TCP-Endpoint' with build type 'ament_python'
[0.391s] Level 1:colcon.colcon_core.shell:create_environment_hook('ros_tcp_endpoint', 'ament_prefix_path')
[0.391s] INFO:colcon.colcon_core.shell:Creating environment hook '/home/adam/Desktop/SBSN/ros2_ws/install/ros_tcp_endpoint/share/ros_tcp_endpoint/hook/ament_prefix_path.ps1'
[0.391s] INFO:colcon.colcon_core.shell:Creating environment descriptor '/home/adam/Desktop/SBSN/ros2_ws/install/ros_tcp_endpoint/share/ros_tcp_endpoint/hook/ament_prefix_path.dsv'
[0.392s] INFO:colcon.colcon_core.shell:Creating environment hook '/home/adam/Desktop/SBSN/ros2_ws/install/ros_tcp_endpoint/share/ros_tcp_endpoint/hook/ament_prefix_path.sh'
[0.392s] INFO:colcon.colcon_core.shell:Skip shell extension 'powershell' for command environment: Not usable outside of PowerShell
[0.392s] DEBUG:colcon.colcon_core.shell:Skip shell extension 'dsv' for command environment
[0.394s] INFO:colcon.colcon_ros.task.ament_cmake.build:Building ROS package in '/home/adam/Desktop/SBSN/ros2_ws/src/msgs/simulation_msgs' with build type 'ament_cmake'
[0.394s] INFO:colcon.colcon_cmake.task.cmake.build:Building CMake package in '/home/adam/Desktop/SBSN/ros2_ws/src/msgs/simulation_msgs'
[0.394s] INFO:colcon.colcon_core.shell:Skip shell extension 'powershell' for command environment: Not usable outside of PowerShell
[0.394s] DEBUG:colcon.colcon_core.shell:Skip shell extension 'dsv' for command environment
[0.396s] INFO:colcon.colcon_ros.task.ament_cmake.build:Building ROS package in '/home/adam/Desktop/SBSN/ros2_ws/src/social_metrics' with build type 'ament_cmake'
[0.396s] INFO:colcon.colcon_cmake.task.cmake.build:Building CMake package in '/home/adam/Desktop/SBSN/ros2_ws/src/social_metrics'
[0.396s] INFO:colcon.colcon_core.shell:Skip shell extension 'powershell' for command environment: Not usable outside of PowerShell
[0.396s] DEBUG:colcon.colcon_core.shell:Skip shell extension 'dsv' for command environment
[0.399s] INFO:colcon.colcon_ros.task.ament_cmake.build:Building ROS package in '/home/adam/Desktop/SBSN/ros2_ws/src/unity_sim' with build type 'ament_cmake'
[0.399s] INFO:colcon.colcon_cmake.task.cmake.build:Building CMake package in '/home/adam/Desktop/SBSN/ros2_ws/src/unity_sim'
[0.399s] INFO:colcon.colcon_core.shell:Skip shell extension 'powershell' for command environment: Not usable outside of PowerShell
[0.400s] DEBUG:colcon.colcon_core.shell:Skip shell extension 'dsv' for command environment
[0.411s] DEBUG:colcon.colcon_core.event_handler.log_command:Invoking command in '/home/adam/Desktop/SBSN/ros2_ws/build/agent_trajectory_prediction': CMAKE_PREFIX_PATH=/opt/ros/humble /home/adam/.local/bin/cmake --build /home/adam/Desktop/SBSN/ros2_ws/build/agent_trajectory_prediction -- -j16 -l16
[0.418s] DEBUG:colcon.colcon_core.event_handler.log_command:Invoking command in '/home/adam/Desktop/SBSN/ros2_ws/build/agents_msgs': CMAKE_PREFIX_PATH=/opt/ros/humble /home/adam/.local/bin/cmake --build /home/adam/Desktop/SBSN/ros2_ws/build/agents_msgs -- -j16 -l16
[0.423s] DEBUG:colcon.colcon_core.event_handler.log_command:Invoking command in '/home/adam/Desktop/SBSN/ros2_ws/build/assets': CMAKE_PREFIX_PATH=/opt/ros/humble /home/adam/.local/bin/cmake --build /home/adam/Desktop/SBSN/ros2_ws/build/assets -- -j16 -l16
[0.428s] DEBUG:colcon.colcon_core.event_handler.log_command:Invoking command in '/home/adam/Desktop/SBSN/ros2_ws/build/graph_msgs': CMAKE_PREFIX_PATH=/opt/ros/humble /home/adam/.local/bin/cmake --build /home/adam/Desktop/SBSN/ros2_ws/build/graph_msgs -- -j16 -l16
[0.435s] DEBUG:colcon.colcon_core.event_handler.log_command:Invoking command in '/home/adam/Desktop/SBSN/ros2_ws/build/mbsn': CMAKE_PREFIX_PATH=/opt/ros/humble /home/adam/.local/bin/cmake --build /home/adam/Desktop/SBSN/ros2_ws/build/mbsn -- -j16 -l16
[0.443s] DEBUG:colcon.colcon_core.event_handler.log_command:Invoking command in '/home/adam/Desktop/SBSN/ros2_ws/build/metric_msgs': CMAKE_PREFIX_PATH=/opt/ros/humble /home/adam/.local/bin/cmake --build /home/adam/Desktop/SBSN/ros2_ws/build/metric_msgs -- -j16 -l16
[0.448s] DEBUG:colcon.colcon_core.event_handler.log_command:Invoking command in '/home/adam/Desktop/SBSN/ros2_ws/build/my_controller': CMAKE_PREFIX_PATH=/opt/ros/humble /home/adam/.local/bin/cmake --build /home/adam/Desktop/SBSN/ros2_ws/build/my_controller -- -j16 -l16
[0.697s] INFO:colcon.colcon_core.task.python.build:Building Python package in '/home/adam/Desktop/SBSN/ros2_ws/src/ROS-TCP-Endpoint'
[0.697s] INFO:colcon.colcon_core.shell:Skip shell extension 'powershell' for command environment: Not usable outside of PowerShell
[0.697s] DEBUG:colcon.colcon_core.shell:Skip shell extension 'dsv' for command environment
[0.702s] DEBUG:colcon.colcon_core.event_handler.log_command:Invoking command in '/home/adam/Desktop/SBSN/ros2_ws/build/simulation_msgs': CMAKE_PREFIX_PATH=/opt/ros/humble /home/adam/.local/bin/cmake --build /home/adam/Desktop/SBSN/ros2_ws/build/simulation_msgs -- -j16 -l16
[0.706s] DEBUG:colcon.colcon_core.event_handler.log_command:Invoking command in '/home/adam/Desktop/SBSN/ros2_ws/build/social_metrics': CMAKE_PREFIX_PATH=/opt/ros/humble /home/adam/.local/bin/cmake --build /home/adam/Desktop/SBSN/ros2_ws/build/social_metrics -- -j16 -l16
[0.716s] DEBUG:colcon.colcon_core.event_handler.log_command:Invoked command in '/home/adam/Desktop/SBSN/ros2_ws/build/assets' returned '0': CMAKE_PREFIX_PATH=/opt/ros/humble /home/adam/.local/bin/cmake --build /home/adam/Desktop/SBSN/ros2_ws/build/assets -- -j16 -l16
[0.721s] DEBUG:colcon.colcon_core.event_handler.log_command:Invoking command in '/home/adam/Desktop/SBSN/ros2_ws/build/unity_sim': CMAKE_PREFIX_PATH=/opt/ros/humble /home/adam/.local/bin/cmake --build /home/adam/Desktop/SBSN/ros2_ws/build/unity_sim -- -j16 -l16
[0.722s] DEBUG:colcon.colcon_core.event_handler.log_command:Invoked command in '/home/adam/Desktop/SBSN/ros2_ws/build/my_controller' returned '0': CMAKE_PREFIX_PATH=/opt/ros/humble /home/adam/.local/bin/cmake --build /home/adam/Desktop/SBSN/ros2_ws/build/my_controller -- -j16 -l16
[0.759s] DEBUG:colcon.colcon_core.event_handler.log_command:Invoked command in '/home/adam/Desktop/SBSN/ros2_ws/build/agent_trajectory_prediction' returned '0': CMAKE_PREFIX_PATH=/opt/ros/humble /home/adam/.local/bin/cmake --build /home/adam/Desktop/SBSN/ros2_ws/build/agent_trajectory_prediction -- -j16 -l16
[0.775s] DEBUG:colcon.colcon_core.event_handler.log_command:Invoked command in '/home/adam/Desktop/SBSN/ros2_ws/build/agents_msgs' returned '0': CMAKE_PREFIX_PATH=/opt/ros/humble /home/adam/.local/bin/cmake --build /home/adam/Desktop/SBSN/ros2_ws/build/agents_msgs -- -j16 -l16
[0.787s] DEBUG:colcon.colcon_core.event_handler.log_command:Invoked command in '/home/adam/Desktop/SBSN/ros2_ws/build/mbsn' returned '0': CMAKE_PREFIX_PATH=/opt/ros/humble /home/adam/.local/bin/cmake --build /home/adam/Desktop/SBSN/ros2_ws/build/mbsn -- -j16 -l16
[0.793s] DEBUG:colcon.colcon_core.event_handler.log_command:Invoked command in '/home/adam/Desktop/SBSN/ros2_ws/build/metric_msgs' returned '0': CMAKE_PREFIX_PATH=/opt/ros/humble /home/adam/.local/bin/cmake --build /home/adam/Desktop/SBSN/ros2_ws/build/metric_msgs -- -j16 -l16
[0.886s] DEBUG:colcon.colcon_core.event_handler.log_command:Invoking command in '/home/adam/Desktop/SBSN/ros2_ws/build/assets': CMAKE_PREFIX_PATH=/opt/ros/humble /home/adam/.local/bin/cmake --install /home/adam/Desktop/SBSN/ros2_ws/build/assets
[0.889s] DEBUG:colcon.colcon_core.event_handler.log_command:Invoking command in '/home/adam/Desktop/SBSN/ros2_ws/build/my_controller': CMAKE_PREFIX_PATH=/opt/ros/humble /home/adam/.local/bin/cmake --install /home/adam/Desktop/SBSN/ros2_ws/build/my_controller
[0.890s] DEBUG:colcon.colcon_core.event_handler.log_command:Invoking command in '/home/adam/Desktop/SBSN/ros2_ws/build/agent_trajectory_prediction': CMAKE_PREFIX_PATH=/opt/ros/humble /home/adam/.local/bin/cmake --install /home/adam/Desktop/SBSN/ros2_ws/build/agent_trajectory_prediction
[0.892s] DEBUG:colcon.colcon_core.event_handler.log_command:Invoking command in '/home/adam/Desktop/SBSN/ros2_ws/build/mbsn': CMAKE_PREFIX_PATH=/opt/ros/humble /home/adam/.local/bin/cmake --install /home/adam/Desktop/SBSN/ros2_ws/build/mbsn
[0.893s] DEBUG:colcon.colcon_core.event_handler.log_command:Invoked command in '/home/adam/Desktop/SBSN/ros2_ws/build/graph_msgs' returned '0': CMAKE_PREFIX_PATH=/opt/ros/humble /home/adam/.local/bin/cmake --build /home/adam/Desktop/SBSN/ros2_ws/build/graph_msgs -- -j16 -l16
[0.930s] DEBUG:colcon.colcon_core.event_handler.log_command:Invoking command in '/home/adam/Desktop/SBSN/ros2_ws/build/metric_msgs': CMAKE_PREFIX_PATH=/opt/ros/humble /home/adam/.local/bin/cmake --install /home/adam/Desktop/SBSN/ros2_ws/build/metric_msgs
[0.945s] DEBUG:colcon.colcon_core.event_handler.log_command:Invoking command in '/home/adam/Desktop/SBSN/ros2_ws/build/agents_msgs': CMAKE_PREFIX_PATH=/opt/ros/humble /home/adam/.local/bin/cmake --install /home/adam/Desktop/SBSN/ros2_ws/build/agents_msgs
[0.966s] Level 1:colcon.colcon_core.environment:create_environment_scripts_only(assets)
[0.969s] DEBUG:colcon.colcon_core.event_handler.log_command:Invoked command in '/home/adam/Desktop/SBSN/ros2_ws/build/assets' returned '0': CMAKE_PREFIX_PATH=/opt/ros/humble /home/adam/.local/bin/cmake --install /home/adam/Desktop/SBSN/ros2_ws/build/assets
[0.971s] Level 1:colcon.colcon_core.environment:checking '/home/adam/Desktop/SBSN/ros2_ws/install/assets' for CMake module files
[0.972s] Level 1:colcon.colcon_core.environment:checking '/home/adam/Desktop/SBSN/ros2_ws/install/assets' for CMake config files
[0.972s] Level 1:colcon.colcon_core.shell:create_environment_hook('assets', 'cmake_prefix_path')
[0.973s] INFO:colcon.colcon_core.shell:Creating environment hook '/home/adam/Desktop/SBSN/ros2_ws/install/assets/share/assets/hook/cmake_prefix_path.ps1'
[0.974s] INFO:colcon.colcon_core.shell:Creating environment descriptor '/home/adam/Desktop/SBSN/ros2_ws/install/assets/share/assets/hook/cmake_prefix_path.dsv'
[0.976s] INFO:colcon.colcon_core.shell:Creating environment hook '/home/adam/Desktop/SBSN/ros2_ws/install/assets/share/assets/hook/cmake_prefix_path.sh'
[0.977s] Level 1:colcon.colcon_core.environment:checking '/home/adam/Desktop/SBSN/ros2_ws/install/assets/bin'
[0.977s] Level 1:colcon.colcon_core.environment:checking '/home/adam/Desktop/SBSN/ros2_ws/install/assets/lib/pkgconfig/assets.pc'
[0.978s] Level 1:colcon.colcon_core.environment:checking '/home/adam/Desktop/SBSN/ros2_ws/install/assets/lib/python3.10/site-packages'
[0.978s] Level 1:colcon.colcon_core.environment:checking '/home/adam/Desktop/SBSN/ros2_ws/install/assets/bin'
[0.978s] INFO:colcon.colcon_core.shell:Creating package script '/home/adam/Desktop/SBSN/ros2_ws/install/assets/share/assets/package.ps1'
[0.980s] INFO:colcon.colcon_core.shell:Creating package descriptor '/home/adam/Desktop/SBSN/ros2_ws/install/assets/share/assets/package.dsv'
[0.980s] INFO:colcon.colcon_core.shell:Creating package script '/home/adam/Desktop/SBSN/ros2_ws/install/assets/share/assets/package.sh'
[0.981s] INFO:colcon.colcon_core.shell:Creating package script '/home/adam/Desktop/SBSN/ros2_ws/install/assets/share/assets/package.bash'
[0.982s] INFO:colcon.colcon_core.shell:Creating package script '/home/adam/Desktop/SBSN/ros2_ws/install/assets/share/assets/package.zsh'
[0.983s] Level 1:colcon.colcon_core.environment:create_file_with_runtime_dependencies(/home/adam/Desktop/SBSN/ros2_ws/install/assets/share/colcon-core/packages/assets)
[0.988s] Level 1:colcon.colcon_core.environment:create_environment_scripts_only(my_controller)
[0.988s] Level 1:colcon.colcon_core.environment:checking '/home/adam/Desktop/SBSN/ros2_ws/install/my_controller' for CMake module files
[0.989s] DEBUG:colcon.colcon_core.event_handler.log_command:Invoked command in '/home/adam/Desktop/SBSN/ros2_ws/build/my_controller' returned '0': CMAKE_PREFIX_PATH=/opt/ros/humble /home/adam/.local/bin/cmake --install /home/adam/Desktop/SBSN/ros2_ws/build/my_controller
[0.989s] Level 1:colcon.colcon_core.environment:checking '/home/adam/Desktop/SBSN/ros2_ws/install/my_controller' for CMake config files
[0.990s] Level 1:colcon.colcon_core.shell:create_environment_hook('my_controller', 'cmake_prefix_path')
[0.990s] INFO:colcon.colcon_core.shell:Creating environment hook '/home/adam/Desktop/SBSN/ros2_ws/install/my_controller/share/my_controller/hook/cmake_prefix_path.ps1'
[0.990s] INFO:colcon.colcon_core.shell:Creating environment descriptor '/home/adam/Desktop/SBSN/ros2_ws/install/my_controller/share/my_controller/hook/cmake_prefix_path.dsv'
[0.991s] INFO:colcon.colcon_core.shell:Creating environment hook '/home/adam/Desktop/SBSN/ros2_ws/install/my_controller/share/my_controller/hook/cmake_prefix_path.sh'
[0.991s] Level 1:colcon.colcon_core.environment:checking '/home/adam/Desktop/SBSN/ros2_ws/install/my_controller/lib'
[0.992s] Level 1:colcon.colcon_core.shell:create_environment_hook('my_controller', 'ld_library_path_lib')
[0.992s] INFO:colcon.colcon_core.shell:Creating environment hook '/home/adam/Desktop/SBSN/ros2_ws/install/my_controller/share/my_controller/hook/ld_library_path_lib.ps1'
[0.992s] INFO:colcon.colcon_core.shell:Creating environment descriptor '/home/adam/Desktop/SBSN/ros2_ws/install/my_controller/share/my_controller/hook/ld_library_path_lib.dsv'
[0.993s] INFO:colcon.colcon_core.shell:Creating environment hook '/home/adam/Desktop/SBSN/ros2_ws/install/my_controller/share/my_controller/hook/ld_library_path_lib.sh'
[0.995s] Level 1:colcon.colcon_core.environment:checking '/home/adam/Desktop/SBSN/ros2_ws/install/my_controller/bin'
[0.995s] Level 1:colcon.colcon_core.environment:checking '/home/adam/Desktop/SBSN/ros2_ws/install/my_controller/lib/pkgconfig/my_controller.pc'
[0.995s] Level 1:colcon.colcon_core.environment:checking '/home/adam/Desktop/SBSN/ros2_ws/install/my_controller/lib/python3.10/site-packages'
[0.995s] Level 1:colcon.colcon_core.environment:checking '/home/adam/Desktop/SBSN/ros2_ws/install/my_controller/bin'
[0.996s] INFO:colcon.colcon_core.shell:Creating package script '/home/adam/Desktop/SBSN/ros2_ws/install/my_controller/share/my_controller/package.ps1'
[0.996s] INFO:colcon.colcon_core.shell:Creating package descriptor '/home/adam/Desktop/SBSN/ros2_ws/install/my_controller/share/my_controller/package.dsv'
[0.997s] INFO:colcon.colcon_core.shell:Creating package script '/home/adam/Desktop/SBSN/ros2_ws/install/my_controller/share/my_controller/package.sh'
[0.997s] INFO:colcon.colcon_core.shell:Creating package script '/home/adam/Desktop/SBSN/ros2_ws/install/my_controller/share/my_controller/package.bash'
[0.997s] INFO:colcon.colcon_core.shell:Creating package script '/home/adam/Desktop/SBSN/ros2_ws/install/my_controller/share/my_controller/package.zsh'
[0.998s] Level 1:colcon.colcon_core.environment:create_file_with_runtime_dependencies(/home/adam/Desktop/SBSN/ros2_ws/install/my_controller/share/colcon-core/packages/my_controller)
[1.000s] Level 1:colcon.colcon_core.environment:create_environment_scripts_only(agent_trajectory_prediction)
[1.000s] Level 1:colcon.colcon_core.environment:checking '/home/adam/Desktop/SBSN/ros2_ws/install/agent_trajectory_prediction' for CMake module files
[1.002s] DEBUG:colcon.colcon_core.event_handler.log_command:Invoked command in '/home/adam/Desktop/SBSN/ros2_ws/build/agent_trajectory_prediction' returned '0': CMAKE_PREFIX_PATH=/opt/ros/humble /home/adam/.local/bin/cmake --install /home/adam/Desktop/SBSN/ros2_ws/build/agent_trajectory_prediction
[1.002s] Level 1:colcon.colcon_core.environment:checking '/home/adam/Desktop/SBSN/ros2_ws/install/agent_trajectory_prediction' for CMake config files
[1.003s] Level 1:colcon.colcon_core.shell:create_environment_hook('agent_trajectory_prediction', 'cmake_prefix_path')
[1.003s] INFO:colcon.colcon_core.shell:Creating environment hook '/home/adam/Desktop/SBSN/ros2_ws/install/agent_trajectory_prediction/share/agent_trajectory_prediction/hook/cmake_prefix_path.ps1'
[1.004s] INFO:colcon.colcon_core.shell:Creating environment descriptor '/home/adam/Desktop/SBSN/ros2_ws/install/agent_trajectory_prediction/share/agent_trajectory_prediction/hook/cmake_prefix_path.dsv'
[1.004s] INFO:colcon.colcon_core.shell:Creating environment hook '/home/adam/Desktop/SBSN/ros2_ws/install/agent_trajectory_prediction/share/agent_trajectory_prediction/hook/cmake_prefix_path.sh'
[1.004s] Level 1:colcon.colcon_core.environment:checking '/home/adam/Desktop/SBSN/ros2_ws/install/agent_trajectory_prediction/lib'
[1.005s] Level 1:colcon.colcon_core.environment:checking '/home/adam/Desktop/SBSN/ros2_ws/install/agent_trajectory_prediction/bin'
[1.005s] Level 1:colcon.colcon_core.environment:checking '/home/adam/Desktop/SBSN/ros2_ws/install/agent_trajectory_prediction/lib/pkgconfig/agent_trajectory_prediction.pc'
[1.005s] Level 1:colcon.colcon_core.environment:checking '/home/adam/Desktop/SBSN/ros2_ws/install/agent_trajectory_prediction/lib/python3.10/site-packages'
[1.005s] Level 1:colcon.colcon_core.environment:checking '/home/adam/Desktop/SBSN/ros2_ws/install/agent_trajectory_prediction/bin'
[1.006s] INFO:colcon.colcon_core.shell:Creating package script '/home/adam/Desktop/SBSN/ros2_ws/install/agent_trajectory_prediction/share/agent_trajectory_prediction/package.ps1'
[1.008s] INFO:colcon.colcon_core.shell:Creating package descriptor '/home/adam/Desktop/SBSN/ros2_ws/install/agent_trajectory_prediction/share/agent_trajectory_prediction/package.dsv'
[1.011s] INFO:colcon.colcon_core.shell:Creating package script '/home/adam/Desktop/SBSN/ros2_ws/install/agent_trajectory_prediction/share/agent_trajectory_prediction/package.sh'
[1.013s] INFO:colcon.colcon_core.shell:Creating package script '/home/adam/Desktop/SBSN/ros2_ws/install/agent_trajectory_prediction/share/agent_trajectory_prediction/package.bash'
[1.014s] INFO:colcon.colcon_core.shell:Creating package script '/home/adam/Desktop/SBSN/ros2_ws/install/agent_trajectory_prediction/share/agent_trajectory_prediction/package.zsh'
[1.015s] Level 1:colcon.colcon_core.environment:create_file_with_runtime_dependencies(/home/adam/Desktop/SBSN/ros2_ws/install/agent_trajectory_prediction/share/colcon-core/packages/agent_trajectory_prediction)
[1.016s] Level 1:colcon.colcon_core.environment:create_environment_scripts_only(mbsn)
[1.017s] Level 1:colcon.colcon_core.environment:checking '/home/adam/Desktop/SBSN/ros2_ws/install/mbsn' for CMake module files
[1.017s] DEBUG:colcon.colcon_core.event_handler.log_command:Invoked command in '/home/adam/Desktop/SBSN/ros2_ws/build/mbsn' returned '0': CMAKE_PREFIX_PATH=/opt/ros/humble /home/adam/.local/bin/cmake --install /home/adam/Desktop/SBSN/ros2_ws/build/mbsn
[1.018s] Level 1:colcon.colcon_core.environment:checking '/home/adam/Desktop/SBSN/ros2_ws/install/mbsn' for CMake config files
[1.019s] Level 1:colcon.colcon_core.shell:create_environment_hook('mbsn', 'cmake_prefix_path')
[1.019s] INFO:colcon.colcon_core.shell:Creating environment hook '/home/adam/Desktop/SBSN/ros2_ws/install/mbsn/share/mbsn/hook/cmake_prefix_path.ps1'
[1.019s] INFO:colcon.colcon_core.shell:Creating environment descriptor '/home/adam/Desktop/SBSN/ros2_ws/install/mbsn/share/mbsn/hook/cmake_prefix_path.dsv'
[1.020s] INFO:colcon.colcon_core.shell:Creating environment hook '/home/adam/Desktop/SBSN/ros2_ws/install/mbsn/share/mbsn/hook/cmake_prefix_path.sh'
[1.020s] Level 1:colcon.colcon_core.environment:checking '/home/adam/Desktop/SBSN/ros2_ws/install/mbsn/lib'
[1.020s] Level 1:colcon.colcon_core.environment:checking '/home/adam/Desktop/SBSN/ros2_ws/install/mbsn/bin'
[1.021s] Level 1:colcon.colcon_core.environment:checking '/home/adam/Desktop/SBSN/ros2_ws/install/mbsn/lib/pkgconfig/mbsn.pc'
[1.021s] Level 1:colcon.colcon_core.environment:checking '/home/adam/Desktop/SBSN/ros2_ws/install/mbsn/lib/python3.10/site-packages'
[1.021s] Level 1:colcon.colcon_core.environment:checking '/home/adam/Desktop/SBSN/ros2_ws/install/mbsn/bin'
[1.022s] INFO:colcon.colcon_core.shell:Creating package script '/home/adam/Desktop/SBSN/ros2_ws/install/mbsn/share/mbsn/package.ps1'
[1.022s] INFO:colcon.colcon_core.shell:Creating package descriptor '/home/adam/Desktop/SBSN/ros2_ws/install/mbsn/share/mbsn/package.dsv'
[1.022s] INFO:colcon.colcon_core.shell:Creating package script '/home/adam/Desktop/SBSN/ros2_ws/install/mbsn/share/mbsn/package.sh'
[1.023s] INFO:colcon.colcon_core.shell:Creating package script '/home/adam/Desktop/SBSN/ros2_ws/install/mbsn/share/mbsn/package.bash'
[1.023s] INFO:colcon.colcon_core.shell:Creating package script '/home/adam/Desktop/SBSN/ros2_ws/install/mbsn/share/mbsn/package.zsh'
[1.023s] Level 1:colcon.colcon_core.environment:create_file_with_runtime_dependencies(/home/adam/Desktop/SBSN/ros2_ws/install/mbsn/share/colcon-core/packages/mbsn)
[1.055s] Level 1:colcon.colcon_core.environment:create_environment_scripts_only(metric_msgs)
[1.055s] Level 1:colcon.colcon_core.environment:checking '/home/adam/Desktop/SBSN/ros2_ws/install/metric_msgs' for CMake module files
[1.056s] DEBUG:colcon.colcon_core.event_handler.log_command:Invoked command in '/home/adam/Desktop/SBSN/ros2_ws/build/metric_msgs' returned '0': CMAKE_PREFIX_PATH=/opt/ros/humble /home/adam/.local/bin/cmake --install /home/adam/Desktop/SBSN/ros2_ws/build/metric_msgs
[1.056s] Level 1:colcon.colcon_core.environment:checking '/home/adam/Desktop/SBSN/ros2_ws/install/metric_msgs' for CMake config files
[1.057s] Level 1:colcon.colcon_core.shell:create_environment_hook('metric_msgs', 'cmake_prefix_path')
[1.057s] INFO:colcon.colcon_core.shell:Creating environment hook '/home/adam/Desktop/SBSN/ros2_ws/install/metric_msgs/share/metric_msgs/hook/cmake_prefix_path.ps1'
[1.058s] INFO:colcon.colcon_core.shell:Creating environment descriptor '/home/adam/Desktop/SBSN/ros2_ws/install/metric_msgs/share/metric_msgs/hook/cmake_prefix_path.dsv'
[1.059s] INFO:colcon.colcon_core.shell:Creating environment hook '/home/adam/Desktop/SBSN/ros2_ws/install/metric_msgs/share/metric_msgs/hook/cmake_prefix_path.sh'
[1.059s] Level 1:colcon.colcon_core.environment:checking '/home/adam/Desktop/SBSN/ros2_ws/install/metric_msgs/lib'
[1.059s] Level 1:colcon.colcon_core.shell:create_environment_hook('metric_msgs', 'ld_library_path_lib')
[1.060s] INFO:colcon.colcon_core.shell:Creating environment hook '/home/adam/Desktop/SBSN/ros2_ws/install/metric_msgs/share/metric_msgs/hook/ld_library_path_lib.ps1'
[1.060s] INFO:colcon.colcon_core.shell:Creating environment descriptor '/home/adam/Desktop/SBSN/ros2_ws/install/metric_msgs/share/metric_msgs/hook/ld_library_path_lib.dsv'
[1.061s] INFO:colcon.colcon_core.shell:Creating environment hook '/home/adam/Desktop/SBSN/ros2_ws/install/metric_msgs/share/metric_msgs/hook/ld_library_path_lib.sh'
[1.061s] Level 1:colcon.colcon_core.environment:checking '/home/adam/Desktop/SBSN/ros2_ws/install/metric_msgs/bin'
[1.061s] Level 1:colcon.colcon_core.environment:checking '/home/adam/Desktop/SBSN/ros2_ws/install/metric_msgs/lib/pkgconfig/metric_msgs.pc'
[1.061s] Level 1:colcon.colcon_core.environment:checking '/home/adam/Desktop/SBSN/ros2_ws/install/metric_msgs/lib/python3.10/site-packages'
[1.062s] Level 1:colcon.colcon_core.environment:checking '/home/adam/Desktop/SBSN/ros2_ws/install/metric_msgs/bin'
[1.062s] INFO:colcon.colcon_core.shell:Creating package script '/home/adam/Desktop/SBSN/ros2_ws/install/metric_msgs/share/metric_msgs/package.ps1'
[1.063s] INFO:colcon.colcon_core.shell:Creating package descriptor '/home/adam/Desktop/SBSN/ros2_ws/install/metric_msgs/share/metric_msgs/package.dsv'
[1.063s] INFO:colcon.colcon_core.shell:Creating package script '/home/adam/Desktop/SBSN/ros2_ws/install/metric_msgs/share/metric_msgs/package.sh'
[1.064s] INFO:colcon.colcon_core.shell:Creating package script '/home/adam/Desktop/SBSN/ros2_ws/install/metric_msgs/share/metric_msgs/package.bash'
[1.064s] INFO:colcon.colcon_core.shell:Creating package script '/home/adam/Desktop/SBSN/ros2_ws/install/metric_msgs/share/metric_msgs/package.zsh'
[1.064s] Level 1:colcon.colcon_core.environment:create_file_with_runtime_dependencies(/home/adam/Desktop/SBSN/ros2_ws/install/metric_msgs/share/colcon-core/packages/metric_msgs)
[1.068s] DEBUG:colcon.colcon_core.event_handler.log_command:Invoking command in '/home/adam/Desktop/SBSN/ros2_ws/build/graph_msgs': CMAKE_PREFIX_PATH=/opt/ros/humble /home/adam/.local/bin/cmake --install /home/adam/Desktop/SBSN/ros2_ws/build/graph_msgs
[1.072s] Level 1:colcon.colcon_core.environment:create_environment_scripts_only(assets)
[1.073s] Level 1:colcon.colcon_core.environment:checking '/home/adam/Desktop/SBSN/ros2_ws/install/assets' for CMake module files
[1.073s] Level 1:colcon.colcon_core.environment:checking '/home/adam/Desktop/SBSN/ros2_ws/install/assets' for CMake config files
[1.074s] Level 1:colcon.colcon_core.shell:create_environment_hook('assets', 'cmake_prefix_path')
[1.074s] INFO:colcon.colcon_core.shell:Creating environment hook '/home/adam/Desktop/SBSN/ros2_ws/install/assets/share/assets/hook/cmake_prefix_path.ps1'
[1.075s] INFO:colcon.colcon_core.shell:Creating environment descriptor '/home/adam/Desktop/SBSN/ros2_ws/install/assets/share/assets/hook/cmake_prefix_path.dsv'
[1.075s] INFO:colcon.colcon_core.shell:Creating environment hook '/home/adam/Desktop/SBSN/ros2_ws/install/assets/share/assets/hook/cmake_prefix_path.sh'
[1.076s] Level 1:colcon.colcon_core.environment:checking '/home/adam/Desktop/SBSN/ros2_ws/install/assets/bin'
[1.076s] Level 1:colcon.colcon_core.environment:checking '/home/adam/Desktop/SBSN/ros2_ws/install/assets/lib/pkgconfig/assets.pc'
[1.076s] Level 1:colcon.colcon_core.environment:checking '/home/adam/Desktop/SBSN/ros2_ws/install/assets/lib/python3.10/site-packages'
[1.076s] Level 1:colcon.colcon_core.environment:checking '/home/adam/Desktop/SBSN/ros2_ws/install/assets/bin'
[1.077s] INFO:colcon.colcon_core.shell:Creating package script '/home/adam/Desktop/SBSN/ros2_ws/install/assets/share/assets/package.ps1'
[1.077s] INFO:colcon.colcon_core.shell:Creating package descriptor '/home/adam/Desktop/SBSN/ros2_ws/install/assets/share/assets/package.dsv'
[1.078s] INFO:colcon.colcon_core.shell:Creating package script '/home/adam/Desktop/SBSN/ros2_ws/install/assets/share/assets/package.sh'
[1.078s] INFO:colcon.colcon_core.shell:Creating package script '/home/adam/Desktop/SBSN/ros2_ws/install/assets/share/assets/package.bash'
[1.079s] INFO:colcon.colcon_core.shell:Creating package script '/home/adam/Desktop/SBSN/ros2_ws/install/assets/share/assets/package.zsh'
[1.079s] Level 1:colcon.colcon_core.environment:create_file_with_runtime_dependencies(/home/adam/Desktop/SBSN/ros2_ws/install/assets/share/colcon-core/packages/assets)
[1.096s] Level 1:colcon.colcon_core.environment:create_environment_scripts_only(my_controller)
[1.096s] Level 1:colcon.colcon_core.environment:checking '/home/adam/Desktop/SBSN/ros2_ws/install/my_controller' for CMake module files
[1.097s] Level 1:colcon.colcon_core.environment:checking '/home/adam/Desktop/SBSN/ros2_ws/install/my_controller' for CMake config files
[1.098s] Level 1:colcon.colcon_core.shell:create_environment_hook('my_controller', 'cmake_prefix_path')
[1.098s] INFO:colcon.colcon_core.shell:Creating environment hook '/home/adam/Desktop/SBSN/ros2_ws/install/my_controller/share/my_controller/hook/cmake_prefix_path.ps1'
[1.098s] INFO:colcon.colcon_core.shell:Creating environment descriptor '/home/adam/Desktop/SBSN/ros2_ws/install/my_controller/share/my_controller/hook/cmake_prefix_path.dsv'
[1.099s] INFO:colcon.colcon_core.shell:Creating environment hook '/home/adam/Desktop/SBSN/ros2_ws/install/my_controller/share/my_controller/hook/cmake_prefix_path.sh'
[1.099s] Level 1:colcon.colcon_core.environment:checking '/home/adam/Desktop/SBSN/ros2_ws/install/my_controller/lib'
[1.099s] Level 1:colcon.colcon_core.shell:create_environment_hook('my_controller', 'ld_library_path_lib')
[1.100s] INFO:colcon.colcon_core.shell:Creating environment hook '/home/adam/Desktop/SBSN/ros2_ws/install/my_controller/share/my_controller/hook/ld_library_path_lib.ps1'
[1.100s] INFO:colcon.colcon_core.shell:Creating environment descriptor '/home/adam/Desktop/SBSN/ros2_ws/install/my_controller/share/my_controller/hook/ld_library_path_lib.dsv'
[1.100s] INFO:colcon.colcon_core.shell:Creating environment hook '/home/adam/Desktop/SBSN/ros2_ws/install/my_controller/share/my_controller/hook/ld_library_path_lib.sh'
[1.100s] Level 1:colcon.colcon_core.environment:checking '/home/adam/Desktop/SBSN/ros2_ws/install/my_controller/bin'
[1.101s] Level 1:colcon.colcon_core.environment:checking '/home/adam/Desktop/SBSN/ros2_ws/install/my_controller/lib/pkgconfig/my_controller.pc'
[1.101s] Level 1:colcon.colcon_core.environment:checking '/home/adam/Desktop/SBSN/ros2_ws/install/my_controller/lib/python3.10/site-packages'
[1.101s] Level 1:colcon.colcon_core.environment:checking '/home/adam/Desktop/SBSN/ros2_ws/install/my_controller/bin'
[1.102s] INFO:colcon.colcon_core.shell:Creating package script '/home/adam/Desktop/SBSN/ros2_ws/install/my_controller/share/my_controller/package.ps1'
[1.102s] INFO:colcon.colcon_core.shell:Creating package descriptor '/home/adam/Desktop/SBSN/ros2_ws/install/my_controller/share/my_controller/package.dsv'
[1.103s] INFO:colcon.colcon_core.shell:Creating package script '/home/adam/Desktop/SBSN/ros2_ws/install/my_controller/share/my_controller/package.sh'
[1.103s] INFO:colcon.colcon_core.shell:Creating package script '/home/adam/Desktop/SBSN/ros2_ws/install/my_controller/share/my_controller/package.bash'
[1.103s] INFO:colcon.colcon_core.shell:Creating package script '/home/adam/Desktop/SBSN/ros2_ws/install/my_controller/share/my_controller/package.zsh'
[1.104s] Level 1:colcon.colcon_core.environment:create_file_with_runtime_dependencies(/home/adam/Desktop/SBSN/ros2_ws/install/my_controller/share/colcon-core/packages/my_controller)
[1.108s] DEBUG:colcon.colcon_core.event_handler.log_command:Invoking command in '/home/adam/Desktop/SBSN/ros2_ws/src/ROS-TCP-Endpoint': PYTHONPATH=/home/adam/Desktop/SBSN/ros2_ws/build/ros_tcp_endpoint/prefix_override:/home/adam/Desktop/SBSN/ros2_ws/install/ros_tcp_endpoint/lib/python3.10/site-packages:${PYTHONPATH} /usr/bin/python3 -W ignore:setup.py install is deprecated setup.py egg_info --egg-base ../../build/ros_tcp_endpoint build --build-base /home/adam/Desktop/SBSN/ros2_ws/build/ros_tcp_endpoint/build install --record /home/adam/Desktop/SBSN/ros2_ws/build/ros_tcp_endpoint/install.log --install-scripts $base/lib/ros_tcp_endpoint --single-version-externally-managed install_data
[1.108s] Level 1:colcon.colcon_core.environment:create_environment_scripts_only(agents_msgs)
[1.109s] Level 1:colcon.colcon_core.environment:checking '/home/adam/Desktop/SBSN/ros2_ws/install/agents_msgs' for CMake module files
[1.110s] DEBUG:colcon.colcon_core.event_handler.log_command:Invoked command in '/home/adam/Desktop/SBSN/ros2_ws/build/agents_msgs' returned '0': CMAKE_PREFIX_PATH=/opt/ros/humble /home/adam/.local/bin/cmake --install /home/adam/Desktop/SBSN/ros2_ws/build/agents_msgs
[1.110s] Level 1:colcon.colcon_core.environment:checking '/home/adam/Desktop/SBSN/ros2_ws/install/agents_msgs' for CMake config files
[1.111s] Level 1:colcon.colcon_core.shell:create_environment_hook('agents_msgs', 'cmake_prefix_path')
[1.111s] INFO:colcon.colcon_core.shell:Creating environment hook '/home/adam/Desktop/SBSN/ros2_ws/install/agents_msgs/share/agents_msgs/hook/cmake_prefix_path.ps1'
[1.112s] INFO:colcon.colcon_core.shell:Creating environment descriptor '/home/adam/Desktop/SBSN/ros2_ws/install/agents_msgs/share/agents_msgs/hook/cmake_prefix_path.dsv'
[1.112s] INFO:colcon.colcon_core.shell:Creating environment hook '/home/adam/Desktop/SBSN/ros2_ws/install/agents_msgs/share/agents_msgs/hook/cmake_prefix_path.sh'
[1.113s] Level 1:colcon.colcon_core.environment:checking '/home/adam/Desktop/SBSN/ros2_ws/install/agents_msgs/lib'
[1.113s] Level 1:colcon.colcon_core.shell:create_environment_hook('agents_msgs', 'ld_library_path_lib')
[1.113s] INFO:colcon.colcon_core.shell:Creating environment hook '/home/adam/Desktop/SBSN/ros2_ws/install/agents_msgs/share/agents_msgs/hook/ld_library_path_lib.ps1'
[1.113s] INFO:colcon.colcon_core.shell:Creating environment descriptor '/home/adam/Desktop/SBSN/ros2_ws/install/agents_msgs/share/agents_msgs/hook/ld_library_path_lib.dsv'
[1.114s] INFO:colcon.colcon_core.shell:Creating environment hook '/home/adam/Desktop/SBSN/ros2_ws/install/agents_msgs/share/agents_msgs/hook/ld_library_path_lib.sh'
[1.114s] Level 1:colcon.colcon_core.environment:checking '/home/adam/Desktop/SBSN/ros2_ws/install/agents_msgs/bin'
[1.114s] Level 1:colcon.colcon_core.environment:checking '/home/adam/Desktop/SBSN/ros2_ws/install/agents_msgs/lib/pkgconfig/agents_msgs.pc'
[1.115s] Level 1:colcon.colcon_core.environment:checking '/home/adam/Desktop/SBSN/ros2_ws/install/agents_msgs/lib/python3.10/site-packages'
[1.115s] Level 1:colcon.colcon_core.environment:checking '/home/adam/Desktop/SBSN/ros2_ws/install/agents_msgs/bin'
[1.115s] INFO:colcon.colcon_core.shell:Creating package script '/home/adam/Desktop/SBSN/ros2_ws/install/agents_msgs/share/agents_msgs/package.ps1'
[1.116s] INFO:colcon.colcon_core.shell:Creating package descriptor '/home/adam/Desktop/SBSN/ros2_ws/install/agents_msgs/share/agents_msgs/package.dsv'
[1.116s] INFO:colcon.colcon_core.shell:Creating package script '/home/adam/Desktop/SBSN/ros2_ws/install/agents_msgs/share/agents_msgs/package.sh'
[1.117s] INFO:colcon.colcon_core.shell:Creating package script '/home/adam/Desktop/SBSN/ros2_ws/install/agents_msgs/share/agents_msgs/package.bash'
[1.117s] INFO:colcon.colcon_core.shell:Creating package script '/home/adam/Desktop/SBSN/ros2_ws/install/agents_msgs/share/agents_msgs/package.zsh'
[1.117s] Level 1:colcon.colcon_core.environment:create_file_with_runtime_dependencies(/home/adam/Desktop/SBSN/ros2_ws/install/agents_msgs/share/colcon-core/packages/agents_msgs)
[1.119s] Level 1:colcon.colcon_core.environment:create_environment_scripts_only(mbsn)
[1.120s] Level 1:colcon.colcon_core.environment:checking '/home/adam/Desktop/SBSN/ros2_ws/install/mbsn' for CMake module files
[1.120s] Level 1:colcon.colcon_core.environment:checking '/home/adam/Desktop/SBSN/ros2_ws/install/mbsn' for CMake config files
[1.121s] Level 1:colcon.colcon_core.shell:create_environment_hook('mbsn', 'cmake_prefix_path')
[1.121s] INFO:colcon.colcon_core.shell:Creating environment hook '/home/adam/Desktop/SBSN/ros2_ws/install/mbsn/share/mbsn/hook/cmake_prefix_path.ps1'
[1.122s] INFO:colcon.colcon_core.shell:Creating environment descriptor '/home/adam/Desktop/SBSN/ros2_ws/install/mbsn/share/mbsn/hook/cmake_prefix_path.dsv'
[1.122s] INFO:colcon.colcon_core.shell:Creating environment hook '/home/adam/Desktop/SBSN/ros2_ws/install/mbsn/share/mbsn/hook/cmake_prefix_path.sh'
[1.122s] Level 1:colcon.colcon_core.environment:checking '/home/adam/Desktop/SBSN/ros2_ws/install/mbsn/lib'
[1.122s] Level 1:colcon.colcon_core.environment:checking '/home/adam/Desktop/SBSN/ros2_ws/install/mbsn/bin'
[1.123s] Level 1:colcon.colcon_core.environment:checking '/home/adam/Desktop/SBSN/ros2_ws/install/mbsn/lib/pkgconfig/mbsn.pc'
[1.123s] Level 1:colcon.colcon_core.environment:checking '/home/adam/Desktop/SBSN/ros2_ws/install/mbsn/lib/python3.10/site-packages'
[1.123s] Level 1:colcon.colcon_core.environment:checking '/home/adam/Desktop/SBSN/ros2_ws/install/mbsn/bin'
[1.123s] INFO:colcon.colcon_core.shell:Creating package script '/home/adam/Desktop/SBSN/ros2_ws/install/mbsn/share/mbsn/package.ps1'
[1.124s] INFO:colcon.colcon_core.shell:Creating package descriptor '/home/adam/Desktop/SBSN/ros2_ws/install/mbsn/share/mbsn/package.dsv'
[1.124s] INFO:colcon.colcon_core.shell:Creating package script '/home/adam/Desktop/SBSN/ros2_ws/install/mbsn/share/mbsn/package.sh'
[1.124s] INFO:colcon.colcon_core.shell:Creating package script '/home/adam/Desktop/SBSN/ros2_ws/install/mbsn/share/mbsn/package.bash'
[1.125s] INFO:colcon.colcon_core.shell:Creating package script '/home/adam/Desktop/SBSN/ros2_ws/install/mbsn/share/mbsn/package.zsh'
[1.125s] Level 1:colcon.colcon_core.environment:create_file_with_runtime_dependencies(/home/adam/Desktop/SBSN/ros2_ws/install/mbsn/share/colcon-core/packages/mbsn)
[1.125s] Level 1:colcon.colcon_core.environment:create_environment_scripts_only(agent_trajectory_prediction)
[1.125s] Level 1:colcon.colcon_core.environment:checking '/home/adam/Desktop/SBSN/ros2_ws/install/agent_trajectory_prediction' for CMake module files
[1.126s] Level 1:colcon.colcon_core.environment:checking '/home/adam/Desktop/SBSN/ros2_ws/install/agent_trajectory_prediction' for CMake config files
[1.126s] Level 1:colcon.colcon_core.shell:create_environment_hook('agent_trajectory_prediction', 'cmake_prefix_path')
[1.127s] INFO:colcon.colcon_core.shell:Creating environment hook '/home/adam/Desktop/SBSN/ros2_ws/install/agent_trajectory_prediction/share/agent_trajectory_prediction/hook/cmake_prefix_path.ps1'
[1.127s] INFO:colcon.colcon_core.shell:Creating environment descriptor '/home/adam/Desktop/SBSN/ros2_ws/install/agent_trajectory_prediction/share/agent_trajectory_prediction/hook/cmake_prefix_path.dsv'
[1.127s] INFO:colcon.colcon_core.shell:Creating environment hook '/home/adam/Desktop/SBSN/ros2_ws/install/agent_trajectory_prediction/share/agent_trajectory_prediction/hook/cmake_prefix_path.sh'
[1.128s] Level 1:colcon.colcon_core.environment:checking '/home/adam/Desktop/SBSN/ros2_ws/install/agent_trajectory_prediction/lib'
[1.128s] Level 1:colcon.colcon_core.environment:checking '/home/adam/Desktop/SBSN/ros2_ws/install/agent_trajectory_prediction/bin'
[1.128s] Level 1:colcon.colcon_core.environment:checking '/home/adam/Desktop/SBSN/ros2_ws/install/agent_trajectory_prediction/lib/pkgconfig/agent_trajectory_prediction.pc'
[1.128s] Level 1:colcon.colcon_core.environment:checking '/home/adam/Desktop/SBSN/ros2_ws/install/agent_trajectory_prediction/lib/python3.10/site-packages'
[1.128s] Level 1:colcon.colcon_core.environment:checking '/home/adam/Desktop/SBSN/ros2_ws/install/agent_trajectory_prediction/bin'
[1.128s] INFO:colcon.colcon_core.shell:Creating package script '/home/adam/Desktop/SBSN/ros2_ws/install/agent_trajectory_prediction/share/agent_trajectory_prediction/package.ps1'
[1.129s] INFO:colcon.colcon_core.shell:Creating package descriptor '/home/adam/Desktop/SBSN/ros2_ws/install/agent_trajectory_prediction/share/agent_trajectory_prediction/package.dsv'
[1.129s] INFO:colcon.colcon_core.shell:Creating package script '/home/adam/Desktop/SBSN/ros2_ws/install/agent_trajectory_prediction/share/agent_trajectory_prediction/package.sh'
[1.130s] INFO:colcon.colcon_core.shell:Creating package script '/home/adam/Desktop/SBSN/ros2_ws/install/agent_trajectory_prediction/share/agent_trajectory_prediction/package.bash'
[1.130s] INFO:colcon.colcon_core.shell:Creating package script '/home/adam/Desktop/SBSN/ros2_ws/install/agent_trajectory_prediction/share/agent_trajectory_prediction/package.zsh'
[1.130s] Level 1:colcon.colcon_core.environment:create_file_with_runtime_dependencies(/home/adam/Desktop/SBSN/ros2_ws/install/agent_trajectory_prediction/share/colcon-core/packages/agent_trajectory_prediction)
[1.132s] DEBUG:colcon.colcon_core.event_handler.log_command:Invoked command in '/home/adam/Desktop/SBSN/ros2_ws/build/simulation_msgs' returned '0': CMAKE_PREFIX_PATH=/opt/ros/humble /home/adam/.local/bin/cmake --build /home/adam/Desktop/SBSN/ros2_ws/build/simulation_msgs -- -j16 -l16
[1.133s] DEBUG:colcon.colcon_core.event_handler.log_command:Invoked command in '/home/adam/Desktop/SBSN/ros2_ws/build/social_metrics' returned '0': CMAKE_PREFIX_PATH=/opt/ros/humble /home/adam/.local/bin/cmake --build /home/adam/Desktop/SBSN/ros2_ws/build/social_metrics -- -j16 -l16
[1.140s] DEBUG:colcon.colcon_core.event_handler.log_command:Invoked command in '/home/adam/Desktop/SBSN/ros2_ws/build/unity_sim' returned '0': CMAKE_PREFIX_PATH=/opt/ros/humble /home/adam/.local/bin/cmake --build /home/adam/Desktop/SBSN/ros2_ws/build/unity_sim -- -j16 -l16
[1.173s] Level 1:colcon.colcon_core.environment:create_environment_scripts_only(metric_msgs)
[1.173s] Level 1:colcon.colcon_core.environment:checking '/home/adam/Desktop/SBSN/ros2_ws/install/metric_msgs' for CMake module files
[1.173s] Level 1:colcon.colcon_core.environment:checking '/home/adam/Desktop/SBSN/ros2_ws/install/metric_msgs' for CMake config files
[1.174s] Level 1:colcon.colcon_core.shell:create_environment_hook('metric_msgs', 'cmake_prefix_path')
[1.174s] INFO:colcon.colcon_core.shell:Creating environment hook '/home/adam/Desktop/SBSN/ros2_ws/install/metric_msgs/share/metric_msgs/hook/cmake_prefix_path.ps1'
[1.175s] INFO:colcon.colcon_core.shell:Creating environment descriptor '/home/adam/Desktop/SBSN/ros2_ws/install/metric_msgs/share/metric_msgs/hook/cmake_prefix_path.dsv'
[1.175s] INFO:colcon.colcon_core.shell:Creating environment hook '/home/adam/Desktop/SBSN/ros2_ws/install/metric_msgs/share/metric_msgs/hook/cmake_prefix_path.sh'
[1.175s] Level 1:colcon.colcon_core.environment:checking '/home/adam/Desktop/SBSN/ros2_ws/install/metric_msgs/lib'
[1.175s] Level 1:colcon.colcon_core.shell:create_environment_hook('metric_msgs', 'ld_library_path_lib')
[1.176s] INFO:colcon.colcon_core.shell:Creating environment hook '/home/adam/Desktop/SBSN/ros2_ws/install/metric_msgs/share/metric_msgs/hook/ld_library_path_lib.ps1'
[1.176s] INFO:colcon.colcon_core.shell:Creating environment descriptor '/home/adam/Desktop/SBSN/ros2_ws/install/metric_msgs/share/metric_msgs/hook/ld_library_path_lib.dsv'
[1.176s] INFO:colcon.colcon_core.shell:Creating environment hook '/home/adam/Desktop/SBSN/ros2_ws/install/metric_msgs/share/metric_msgs/hook/ld_library_path_lib.sh'
[1.176s] Level 1:colcon.colcon_core.environment:checking '/home/adam/Desktop/SBSN/ros2_ws/install/metric_msgs/bin'
[1.176s] Level 1:colcon.colcon_core.environment:checking '/home/adam/Desktop/SBSN/ros2_ws/install/metric_msgs/lib/pkgconfig/metric_msgs.pc'
[1.177s] Level 1:colcon.colcon_core.environment:checking '/home/adam/Desktop/SBSN/ros2_ws/install/metric_msgs/lib/python3.10/site-packages'
[1.177s] Level 1:colcon.colcon_core.environment:checking '/home/adam/Desktop/SBSN/ros2_ws/install/metric_msgs/bin'
[1.177s] INFO:colcon.colcon_core.shell:Creating package script '/home/adam/Desktop/SBSN/ros2_ws/install/metric_msgs/share/metric_msgs/package.ps1'
[1.177s] INFO:colcon.colcon_core.shell:Creating package descriptor '/home/adam/Desktop/SBSN/ros2_ws/install/metric_msgs/share/metric_msgs/package.dsv'
[1.178s] INFO:colcon.colcon_core.shell:Creating package script '/home/adam/Desktop/SBSN/ros2_ws/install/metric_msgs/share/metric_msgs/package.sh'
[1.178s] INFO:colcon.colcon_core.shell:Creating package script '/home/adam/Desktop/SBSN/ros2_ws/install/metric_msgs/share/metric_msgs/package.bash'
[1.178s] INFO:colcon.colcon_core.shell:Creating package script '/home/adam/Desktop/SBSN/ros2_ws/install/metric_msgs/share/metric_msgs/package.zsh'
[1.179s] Level 1:colcon.colcon_core.environment:create_file_with_runtime_dependencies(/home/adam/Desktop/SBSN/ros2_ws/install/metric_msgs/share/colcon-core/packages/metric_msgs)
[1.179s] Level 1:colcon.colcon_core.environment:create_environment_scripts_only(graph_msgs)
[1.180s] Level 1:colcon.colcon_core.environment:checking '/home/adam/Desktop/SBSN/ros2_ws/install/graph_msgs' for CMake module files
[1.180s] DEBUG:colcon.colcon_core.event_handler.log_command:Invoked command in '/home/adam/Desktop/SBSN/ros2_ws/build/graph_msgs' returned '0': CMAKE_PREFIX_PATH=/opt/ros/humble /home/adam/.local/bin/cmake --install /home/adam/Desktop/SBSN/ros2_ws/build/graph_msgs
[1.180s] Level 1:colcon.colcon_core.environment:checking '/home/adam/Desktop/SBSN/ros2_ws/install/graph_msgs' for CMake config files
[1.181s] Level 1:colcon.colcon_core.shell:create_environment_hook('graph_msgs', 'cmake_prefix_path')
[1.181s] INFO:colcon.colcon_core.shell:Creating environment hook '/home/adam/Desktop/SBSN/ros2_ws/install/graph_msgs/share/graph_msgs/hook/cmake_prefix_path.ps1'
[1.181s] INFO:colcon.colcon_core.shell:Creating environment descriptor '/home/adam/Desktop/SBSN/ros2_ws/install/graph_msgs/share/graph_msgs/hook/cmake_prefix_path.dsv'
[1.182s] INFO:colcon.colcon_core.shell:Creating environment hook '/home/adam/Desktop/SBSN/ros2_ws/install/graph_msgs/share/graph_msgs/hook/cmake_prefix_path.sh'
[1.182s] Level 1:colcon.colcon_core.environment:checking '/home/adam/Desktop/SBSN/ros2_ws/install/graph_msgs/lib'
[1.182s] Level 1:colcon.colcon_core.shell:create_environment_hook('graph_msgs', 'ld_library_path_lib')
[1.182s] INFO:colcon.colcon_core.shell:Creating environment hook '/home/adam/Desktop/SBSN/ros2_ws/install/graph_msgs/share/graph_msgs/hook/ld_library_path_lib.ps1'
[1.182s] INFO:colcon.colcon_core.shell:Creating environment descriptor '/home/adam/Desktop/SBSN/ros2_ws/install/graph_msgs/share/graph_msgs/hook/ld_library_path_lib.dsv'
[1.183s] INFO:colcon.colcon_core.shell:Creating environment hook '/home/adam/Desktop/SBSN/ros2_ws/install/graph_msgs/share/graph_msgs/hook/ld_library_path_lib.sh'
[1.183s] Level 1:colcon.colcon_core.environment:checking '/home/adam/Desktop/SBSN/ros2_ws/install/graph_msgs/bin'
[1.183s] Level 1:colcon.colcon_core.environment:checking '/home/adam/Desktop/SBSN/ros2_ws/install/graph_msgs/lib/pkgconfig/graph_msgs.pc'
[1.183s] Level 1:colcon.colcon_core.environment:checking '/home/adam/Desktop/SBSN/ros2_ws/install/graph_msgs/lib/python3.10/site-packages'
[1.183s] Level 1:colcon.colcon_core.environment:checking '/home/adam/Desktop/SBSN/ros2_ws/install/graph_msgs/bin'
[1.183s] INFO:colcon.colcon_core.shell:Creating package script '/home/adam/Desktop/SBSN/ros2_ws/install/graph_msgs/share/graph_msgs/package.ps1'
[1.184s] INFO:colcon.colcon_core.shell:Creating package descriptor '/home/adam/Desktop/SBSN/ros2_ws/install/graph_msgs/share/graph_msgs/package.dsv'
[1.184s] INFO:colcon.colcon_core.shell:Creating package script '/home/adam/Desktop/SBSN/ros2_ws/install/graph_msgs/share/graph_msgs/package.sh'
[1.184s] INFO:colcon.colcon_core.shell:Creating package script '/home/adam/Desktop/SBSN/ros2_ws/install/graph_msgs/share/graph_msgs/package.bash'
[1.184s] INFO:colcon.colcon_core.shell:Creating package script '/home/adam/Desktop/SBSN/ros2_ws/install/graph_msgs/share/graph_msgs/package.zsh'
[1.185s] Level 1:colcon.colcon_core.environment:create_file_with_runtime_dependencies(/home/adam/Desktop/SBSN/ros2_ws/install/graph_msgs/share/colcon-core/packages/graph_msgs)
[1.212s] DEBUG:colcon.colcon_core.event_handler.log_command:Invoking command in '/home/adam/Desktop/SBSN/ros2_ws/build/social_metrics': CMAKE_PREFIX_PATH=/opt/ros/humble /home/adam/.local/bin/cmake --install /home/adam/Desktop/SBSN/ros2_ws/build/social_metrics
[1.224s] DEBUG:colcon.colcon_core.event_handler.log_command:Invoking command in '/home/adam/Desktop/SBSN/ros2_ws/build/unity_sim': CMAKE_PREFIX_PATH=/opt/ros/humble /home/adam/.local/bin/cmake --install /home/adam/Desktop/SBSN/ros2_ws/build/unity_sim
[1.309s] Level 1:colcon.colcon_core.environment:create_environment_scripts_only(agents_msgs)
[1.309s] Level 1:colcon.colcon_core.environment:checking '/home/adam/Desktop/SBSN/ros2_ws/install/agents_msgs' for CMake module files
[1.311s] Level 1:colcon.colcon_core.environment:checking '/home/adam/Desktop/SBSN/ros2_ws/install/agents_msgs' for CMake config files
[1.312s] Level 1:colcon.colcon_core.shell:create_environment_hook('agents_msgs', 'cmake_prefix_path')
[1.312s] INFO:colcon.colcon_core.shell:Creating environment hook '/home/adam/Desktop/SBSN/ros2_ws/install/agents_msgs/share/agents_msgs/hook/cmake_prefix_path.ps1'
[1.312s] INFO:colcon.colcon_core.shell:Creating environment descriptor '/home/adam/Desktop/SBSN/ros2_ws/install/agents_msgs/share/agents_msgs/hook/cmake_prefix_path.dsv'
[1.313s] INFO:colcon.colcon_core.shell:Creating environment hook '/home/adam/Desktop/SBSN/ros2_ws/install/agents_msgs/share/agents_msgs/hook/cmake_prefix_path.sh'
[1.313s] Level 1:colcon.colcon_core.environment:checking '/home/adam/Desktop/SBSN/ros2_ws/install/agents_msgs/lib'
[1.313s] Level 1:colcon.colcon_core.shell:create_environment_hook('agents_msgs', 'ld_library_path_lib')
[1.314s] INFO:colcon.colcon_core.shell:Creating environment hook '/home/adam/Desktop/SBSN/ros2_ws/install/agents_msgs/share/agents_msgs/hook/ld_library_path_lib.ps1'
[1.314s] INFO:colcon.colcon_core.shell:Creating environment descriptor '/home/adam/Desktop/SBSN/ros2_ws/install/agents_msgs/share/agents_msgs/hook/ld_library_path_lib.dsv'
[1.314s] INFO:colcon.colcon_core.shell:Creating environment hook '/home/adam/Desktop/SBSN/ros2_ws/install/agents_msgs/share/agents_msgs/hook/ld_library_path_lib.sh'
[1.315s] Level 1:colcon.colcon_core.environment:checking '/home/adam/Desktop/SBSN/ros2_ws/install/agents_msgs/bin'
[1.315s] Level 1:colcon.colcon_core.environment:checking '/home/adam/Desktop/SBSN/ros2_ws/install/agents_msgs/lib/pkgconfig/agents_msgs.pc'
[1.315s] Level 1:colcon.colcon_core.environment:checking '/home/adam/Desktop/SBSN/ros2_ws/install/agents_msgs/lib/python3.10/site-packages'
[1.315s] Level 1:colcon.colcon_core.environment:checking '/home/adam/Desktop/SBSN/ros2_ws/install/agents_msgs/bin'
[1.315s] INFO:colcon.colcon_core.shell:Creating package script '/home/adam/Desktop/SBSN/ros2_ws/install/agents_msgs/share/agents_msgs/package.ps1'
[1.316s] INFO:colcon.colcon_core.shell:Creating package descriptor '/home/adam/Desktop/SBSN/ros2_ws/install/agents_msgs/share/agents_msgs/package.dsv'
[1.316s] INFO:colcon.colcon_core.shell:Creating package script '/home/adam/Desktop/SBSN/ros2_ws/install/agents_msgs/share/agents_msgs/package.sh'
[1.317s] INFO:colcon.colcon_core.shell:Creating package script '/home/adam/Desktop/SBSN/ros2_ws/install/agents_msgs/share/agents_msgs/package.bash'
[1.318s] INFO:colcon.colcon_core.shell:Creating package script '/home/adam/Desktop/SBSN/ros2_ws/install/agents_msgs/share/agents_msgs/package.zsh'
[1.320s] Level 1:colcon.colcon_core.environment:create_file_with_runtime_dependencies(/home/adam/Desktop/SBSN/ros2_ws/install/agents_msgs/share/colcon-core/packages/agents_msgs)
[1.329s] Level 1:colcon.colcon_core.environment:create_environment_scripts_only(social_metrics)
[1.330s] Level 1:colcon.colcon_core.environment:checking '/home/adam/Desktop/SBSN/ros2_ws/install/social_metrics' for CMake module files
[1.331s] DEBUG:colcon.colcon_core.event_handler.log_command:Invoked command in '/home/adam/Desktop/SBSN/ros2_ws/build/social_metrics' returned '0': CMAKE_PREFIX_PATH=/opt/ros/humble /home/adam/.local/bin/cmake --install /home/adam/Desktop/SBSN/ros2_ws/build/social_metrics
[1.332s] Level 1:colcon.colcon_core.environment:checking '/home/adam/Desktop/SBSN/ros2_ws/install/social_metrics' for CMake config files
[1.333s] Level 1:colcon.colcon_core.shell:create_environment_hook('social_metrics', 'cmake_prefix_path')
[1.333s] INFO:colcon.colcon_core.shell:Creating environment hook '/home/adam/Desktop/SBSN/ros2_ws/install/social_metrics/share/social_metrics/hook/cmake_prefix_path.ps1'
[1.334s] INFO:colcon.colcon_core.shell:Creating environment descriptor '/home/adam/Desktop/SBSN/ros2_ws/install/social_metrics/share/social_metrics/hook/cmake_prefix_path.dsv'
[1.335s] INFO:colcon.colcon_core.shell:Creating environment hook '/home/adam/Desktop/SBSN/ros2_ws/install/social_metrics/share/social_metrics/hook/cmake_prefix_path.sh'
[1.339s] Level 1:colcon.colcon_core.environment:checking '/home/adam/Desktop/SBSN/ros2_ws/install/social_metrics/bin'
[1.339s] Level 1:colcon.colcon_core.environment:checking '/home/adam/Desktop/SBSN/ros2_ws/install/social_metrics/lib/pkgconfig/social_metrics.pc'
[1.340s] Level 1:colcon.colcon_core.environment:checking '/home/adam/Desktop/SBSN/ros2_ws/install/social_metrics/lib/python3.10/site-packages'
[1.340s] Level 1:colcon.colcon_core.environment:checking '/home/adam/Desktop/SBSN/ros2_ws/install/social_metrics/bin'
[1.341s] INFO:colcon.colcon_core.shell:Creating package script '/home/adam/Desktop/SBSN/ros2_ws/install/social_metrics/share/social_metrics/package.ps1'
[1.342s] INFO:colcon.colcon_core.shell:Creating package descriptor '/home/adam/Desktop/SBSN/ros2_ws/install/social_metrics/share/social_metrics/package.dsv'
[1.346s] INFO:colcon.colcon_core.shell:Creating package script '/home/adam/Desktop/SBSN/ros2_ws/install/social_metrics/share/social_metrics/package.sh'
[1.349s] INFO:colcon.colcon_core.shell:Creating package script '/home/adam/Desktop/SBSN/ros2_ws/install/social_metrics/share/social_metrics/package.bash'
[1.353s] INFO:colcon.colcon_core.shell:Creating package script '/home/adam/Desktop/SBSN/ros2_ws/install/social_metrics/share/social_metrics/package.zsh'
[1.354s] Level 1:colcon.colcon_core.environment:create_file_with_runtime_dependencies(/home/adam/Desktop/SBSN/ros2_ws/install/social_metrics/share/colcon-core/packages/social_metrics)
[1.358s] DEBUG:colcon.colcon_core.event_handler.log_command:Invoking command in '/home/adam/Desktop/SBSN/ros2_ws/build/simulation_msgs': CMAKE_PREFIX_PATH=/opt/ros/humble /home/adam/.local/bin/cmake --install /home/adam/Desktop/SBSN/ros2_ws/build/simulation_msgs
[1.359s] Level 1:colcon.colcon_core.environment:checking '/home/adam/Desktop/SBSN/ros2_ws/install/ros_tcp_endpoint' for CMake module files
[1.359s] DEBUG:colcon.colcon_core.event_handler.log_command:Invoked command in '/home/adam/Desktop/SBSN/ros2_ws/src/ROS-TCP-Endpoint' returned '0': PYTHONPATH=/home/adam/Desktop/SBSN/ros2_ws/build/ros_tcp_endpoint/prefix_override:/home/adam/Desktop/SBSN/ros2_ws/install/ros_tcp_endpoint/lib/python3.10/site-packages:${PYTHONPATH} /usr/bin/python3 -W ignore:setup.py install is deprecated setup.py egg_info --egg-base ../../build/ros_tcp_endpoint build --build-base /home/adam/Desktop/SBSN/ros2_ws/build/ros_tcp_endpoint/build install --record /home/adam/Desktop/SBSN/ros2_ws/build/ros_tcp_endpoint/install.log --install-scripts $base/lib/ros_tcp_endpoint --single-version-externally-managed install_data
[1.360s] Level 1:colcon.colcon_core.environment:checking '/home/adam/Desktop/SBSN/ros2_ws/install/ros_tcp_endpoint' for CMake config files
[1.361s] Level 1:colcon.colcon_core.environment:checking '/home/adam/Desktop/SBSN/ros2_ws/install/ros_tcp_endpoint/lib'
[1.361s] Level 1:colcon.colcon_core.environment:checking '/home/adam/Desktop/SBSN/ros2_ws/install/ros_tcp_endpoint/bin'
[1.361s] Level 1:colcon.colcon_core.environment:checking '/home/adam/Desktop/SBSN/ros2_ws/install/ros_tcp_endpoint/lib/pkgconfig/ros_tcp_endpoint.pc'
[1.362s] Level 1:colcon.colcon_core.environment:checking '/home/adam/Desktop/SBSN/ros2_ws/install/ros_tcp_endpoint/lib/python3.10/site-packages'
[1.362s] Level 1:colcon.colcon_core.shell:create_environment_hook('ros_tcp_endpoint', 'pythonpath')
[1.363s] INFO:colcon.colcon_core.shell:Creating environment hook '/home/adam/Desktop/SBSN/ros2_ws/install/ros_tcp_endpoint/share/ros_tcp_endpoint/hook/pythonpath.ps1'
[1.363s] INFO:colcon.colcon_core.shell:Creating environment descriptor '/home/adam/Desktop/SBSN/ros2_ws/install/ros_tcp_endpoint/share/ros_tcp_endpoint/hook/pythonpath.dsv'
[1.364s] INFO:colcon.colcon_core.shell:Creating environment hook '/home/adam/Desktop/SBSN/ros2_ws/install/ros_tcp_endpoint/share/ros_tcp_endpoint/hook/pythonpath.sh'
[1.365s] Level 1:colcon.colcon_core.environment:checking '/home/adam/Desktop/SBSN/ros2_ws/install/ros_tcp_endpoint/bin'
[1.365s] Level 1:colcon.colcon_core.environment:create_environment_scripts_only(ros_tcp_endpoint)
[1.366s] INFO:colcon.colcon_core.shell:Creating package script '/home/adam/Desktop/SBSN/ros2_ws/install/ros_tcp_endpoint/share/ros_tcp_endpoint/package.ps1'
[1.367s] INFO:colcon.colcon_core.shell:Creating package descriptor '/home/adam/Desktop/SBSN/ros2_ws/install/ros_tcp_endpoint/share/ros_tcp_endpoint/package.dsv'
[1.368s] INFO:colcon.colcon_core.shell:Creating package script '/home/adam/Desktop/SBSN/ros2_ws/install/ros_tcp_endpoint/share/ros_tcp_endpoint/package.sh'
[1.368s] INFO:colcon.colcon_core.shell:Creating package script '/home/adam/Desktop/SBSN/ros2_ws/install/ros_tcp_endpoint/share/ros_tcp_endpoint/package.bash'
[1.369s] INFO:colcon.colcon_core.shell:Creating package script '/home/adam/Desktop/SBSN/ros2_ws/install/ros_tcp_endpoint/share/ros_tcp_endpoint/package.zsh'
[1.370s] Level 1:colcon.colcon_core.environment:create_file_with_runtime_dependencies(/home/adam/Desktop/SBSN/ros2_ws/install/ros_tcp_endpoint/share/colcon-core/packages/ros_tcp_endpoint)
[1.370s] Level 1:colcon.colcon_core.environment:create_environment_scripts_only(unity_sim)
[1.370s] Level 1:colcon.colcon_core.environment:checking '/home/adam/Desktop/SBSN/ros2_ws/install/unity_sim' for CMake module files
[1.372s] DEBUG:colcon.colcon_core.event_handler.log_command:Invoked command in '/home/adam/Desktop/SBSN/ros2_ws/build/unity_sim' returned '0': CMAKE_PREFIX_PATH=/opt/ros/humble /home/adam/.local/bin/cmake --install /home/adam/Desktop/SBSN/ros2_ws/build/unity_sim
[1.372s] Level 1:colcon.colcon_core.environment:checking '/home/adam/Desktop/SBSN/ros2_ws/install/unity_sim' for CMake config files
[1.373s] Level 1:colcon.colcon_core.shell:create_environment_hook('unity_sim', 'cmake_prefix_path')
[1.373s] INFO:colcon.colcon_core.shell:Creating environment hook '/home/adam/Desktop/SBSN/ros2_ws/install/unity_sim/share/unity_sim/hook/cmake_prefix_path.ps1'
[1.374s] INFO:colcon.colcon_core.shell:Creating environment descriptor '/home/adam/Desktop/SBSN/ros2_ws/install/unity_sim/share/unity_sim/hook/cmake_prefix_path.dsv'
[1.375s] INFO:colcon.colcon_core.shell:Creating environment hook '/home/adam/Desktop/SBSN/ros2_ws/install/unity_sim/share/unity_sim/hook/cmake_prefix_path.sh'
[1.376s] Level 1:colcon.colcon_core.environment:checking '/home/adam/Desktop/SBSN/ros2_ws/install/unity_sim/lib'
[1.376s] Level 1:colcon.colcon_core.environment:checking '/home/adam/Desktop/SBSN/ros2_ws/install/unity_sim/bin'
[1.376s] Level 1:colcon.colcon_core.environment:checking '/home/adam/Desktop/SBSN/ros2_ws/install/unity_sim/lib/pkgconfig/unity_sim.pc'
[1.376s] Level 1:colcon.colcon_core.environment:checking '/home/adam/Desktop/SBSN/ros2_ws/install/unity_sim/lib/python3.10/site-packages'
[1.377s] Level 1:colcon.colcon_core.environment:checking '/home/adam/Desktop/SBSN/ros2_ws/install/unity_sim/bin'
[1.377s] INFO:colcon.colcon_core.shell:Creating package script '/home/adam/Desktop/SBSN/ros2_ws/install/unity_sim/share/unity_sim/package.ps1'
[1.378s] INFO:colcon.colcon_core.shell:Creating package descriptor '/home/adam/Desktop/SBSN/ros2_ws/install/unity_sim/share/unity_sim/package.dsv'
[1.378s] INFO:colcon.colcon_core.shell:Creating package script '/home/adam/Desktop/SBSN/ros2_ws/install/unity_sim/share/unity_sim/package.sh'
[1.378s] INFO:colcon.colcon_core.shell:Creating package script '/home/adam/Desktop/SBSN/ros2_ws/install/unity_sim/share/unity_sim/package.bash'
[1.379s] INFO:colcon.colcon_core.shell:Creating package script '/home/adam/Desktop/SBSN/ros2_ws/install/unity_sim/share/unity_sim/package.zsh'
[1.379s] Level 1:colcon.colcon_core.environment:create_file_with_runtime_dependencies(/home/adam/Desktop/SBSN/ros2_ws/install/unity_sim/share/colcon-core/packages/unity_sim)
[1.381s] Level 1:colcon.colcon_core.environment:create_environment_scripts_only(graph_msgs)
[1.381s] Level 1:colcon.colcon_core.environment:checking '/home/adam/Desktop/SBSN/ros2_ws/install/graph_msgs' for CMake module files
[1.382s] Level 1:colcon.colcon_core.environment:checking '/home/adam/Desktop/SBSN/ros2_ws/install/graph_msgs' for CMake config files
[1.382s] Level 1:colcon.colcon_core.shell:create_environment_hook('graph_msgs', 'cmake_prefix_path')
[1.383s] INFO:colcon.colcon_core.shell:Creating environment hook '/home/adam/Desktop/SBSN/ros2_ws/install/graph_msgs/share/graph_msgs/hook/cmake_prefix_path.ps1'
[1.383s] INFO:colcon.colcon_core.shell:Creating environment descriptor '/home/adam/Desktop/SBSN/ros2_ws/install/graph_msgs/share/graph_msgs/hook/cmake_prefix_path.dsv'
[1.383s] INFO:colcon.colcon_core.shell:Creating environment hook '/home/adam/Desktop/SBSN/ros2_ws/install/graph_msgs/share/graph_msgs/hook/cmake_prefix_path.sh'
[1.384s] Level 1:colcon.colcon_core.environment:checking '/home/adam/Desktop/SBSN/ros2_ws/install/graph_msgs/lib'
[1.384s] Level 1:colcon.colcon_core.shell:create_environment_hook('graph_msgs', 'ld_library_path_lib')
[1.384s] INFO:colcon.colcon_core.shell:Creating environment hook '/home/adam/Desktop/SBSN/ros2_ws/install/graph_msgs/share/graph_msgs/hook/ld_library_path_lib.ps1'
[1.384s] INFO:colcon.colcon_core.shell:Creating environment descriptor '/home/adam/Desktop/SBSN/ros2_ws/install/graph_msgs/share/graph_msgs/hook/ld_library_path_lib.dsv'
[1.385s] INFO:colcon.colcon_core.shell:Creating environment hook '/home/adam/Desktop/SBSN/ros2_ws/install/graph_msgs/share/graph_msgs/hook/ld_library_path_lib.sh'
[1.385s] Level 1:colcon.colcon_core.environment:checking '/home/adam/Desktop/SBSN/ros2_ws/install/graph_msgs/bin'
[1.385s] Level 1:colcon.colcon_core.environment:checking '/home/adam/Desktop/SBSN/ros2_ws/install/graph_msgs/lib/pkgconfig/graph_msgs.pc'
[1.385s] Level 1:colcon.colcon_core.environment:checking '/home/adam/Desktop/SBSN/ros2_ws/install/graph_msgs/lib/python3.10/site-packages'
[1.385s] Level 1:colcon.colcon_core.environment:checking '/home/adam/Desktop/SBSN/ros2_ws/install/graph_msgs/bin'
[1.386s] INFO:colcon.colcon_core.shell:Creating package script '/home/adam/Desktop/SBSN/ros2_ws/install/graph_msgs/share/graph_msgs/package.ps1'
[1.386s] INFO:colcon.colcon_core.shell:Creating package descriptor '/home/adam/Desktop/SBSN/ros2_ws/install/graph_msgs/share/graph_msgs/package.dsv'
[1.387s] INFO:colcon.colcon_core.shell:Creating package script '/home/adam/Desktop/SBSN/ros2_ws/install/graph_msgs/share/graph_msgs/package.sh'
[1.387s] INFO:colcon.colcon_core.shell:Creating package script '/home/adam/Desktop/SBSN/ros2_ws/install/graph_msgs/share/graph_msgs/package.bash'
[1.387s] INFO:colcon.colcon_core.shell:Creating package script '/home/adam/Desktop/SBSN/ros2_ws/install/graph_msgs/share/graph_msgs/package.zsh'
[1.388s] Level 1:colcon.colcon_core.environment:create_file_with_runtime_dependencies(/home/adam/Desktop/SBSN/ros2_ws/install/graph_msgs/share/colcon-core/packages/graph_msgs)
[1.456s] Level 1:colcon.colcon_core.environment:create_environment_scripts_only(social_metrics)
[1.456s] Level 1:colcon.colcon_core.environment:checking '/home/adam/Desktop/SBSN/ros2_ws/install/social_metrics' for CMake module files
[1.457s] Level 1:colcon.colcon_core.environment:checking '/home/adam/Desktop/SBSN/ros2_ws/install/social_metrics' for CMake config files
[1.457s] Level 1:colcon.colcon_core.shell:create_environment_hook('social_metrics', 'cmake_prefix_path')
[1.458s] INFO:colcon.colcon_core.shell:Creating environment hook '/home/adam/Desktop/SBSN/ros2_ws/install/social_metrics/share/social_metrics/hook/cmake_prefix_path.ps1'
[1.459s] INFO:colcon.colcon_core.shell:Creating environment descriptor '/home/adam/Desktop/SBSN/ros2_ws/install/social_metrics/share/social_metrics/hook/cmake_prefix_path.dsv'
[1.459s] INFO:colcon.colcon_core.shell:Creating environment hook '/home/adam/Desktop/SBSN/ros2_ws/install/social_metrics/share/social_metrics/hook/cmake_prefix_path.sh'
[1.460s] Level 1:colcon.colcon_core.environment:checking '/home/adam/Desktop/SBSN/ros2_ws/install/social_metrics/bin'
[1.460s] Level 1:colcon.colcon_core.environment:checking '/home/adam/Desktop/SBSN/ros2_ws/install/social_metrics/lib/pkgconfig/social_metrics.pc'
[1.460s] Level 1:colcon.colcon_core.environment:checking '/home/adam/Desktop/SBSN/ros2_ws/install/social_metrics/lib/python3.10/site-packages'
[1.461s] Level 1:colcon.colcon_core.environment:checking '/home/adam/Desktop/SBSN/ros2_ws/install/social_metrics/bin'
[1.461s] INFO:colcon.colcon_core.shell:Creating package script '/home/adam/Desktop/SBSN/ros2_ws/install/social_metrics/share/social_metrics/package.ps1'
[1.462s] INFO:colcon.colcon_core.shell:Creating package descriptor '/home/adam/Desktop/SBSN/ros2_ws/install/social_metrics/share/social_metrics/package.dsv'
[1.463s] INFO:colcon.colcon_core.shell:Creating package script '/home/adam/Desktop/SBSN/ros2_ws/install/social_metrics/share/social_metrics/package.sh'
[1.464s] INFO:colcon.colcon_core.shell:Creating package script '/home/adam/Desktop/SBSN/ros2_ws/install/social_metrics/share/social_metrics/package.bash'
[1.465s] INFO:colcon.colcon_core.shell:Creating package script '/home/adam/Desktop/SBSN/ros2_ws/install/social_metrics/share/social_metrics/package.zsh'
[1.465s] Level 1:colcon.colcon_core.environment:create_file_with_runtime_dependencies(/home/adam/Desktop/SBSN/ros2_ws/install/social_metrics/share/colcon-core/packages/social_metrics)
[1.484s] Level 1:colcon.colcon_core.environment:create_environment_scripts_only(unity_sim)
[1.485s] Level 1:colcon.colcon_core.environment:checking '/home/adam/Desktop/SBSN/ros2_ws/install/unity_sim' for CMake module files
[1.488s] Level 1:colcon.colcon_core.environment:checking '/home/adam/Desktop/SBSN/ros2_ws/install/unity_sim' for CMake config files
[1.489s] Level 1:colcon.colcon_core.shell:create_environment_hook('unity_sim', 'cmake_prefix_path')
[1.490s] INFO:colcon.colcon_core.shell:Creating environment hook '/home/adam/Desktop/SBSN/ros2_ws/install/unity_sim/share/unity_sim/hook/cmake_prefix_path.ps1'
[1.491s] INFO:colcon.colcon_core.shell:Creating environment descriptor '/home/adam/Desktop/SBSN/ros2_ws/install/unity_sim/share/unity_sim/hook/cmake_prefix_path.dsv'
[1.491s] INFO:colcon.colcon_core.shell:Creating environment hook '/home/adam/Desktop/SBSN/ros2_ws/install/unity_sim/share/unity_sim/hook/cmake_prefix_path.sh'
[1.491s] Level 1:colcon.colcon_core.environment:checking '/home/adam/Desktop/SBSN/ros2_ws/install/unity_sim/lib'
[1.491s] Level 1:colcon.colcon_core.environment:checking '/home/adam/Desktop/SBSN/ros2_ws/install/unity_sim/bin'
[1.492s] Level 1:colcon.colcon_core.environment:checking '/home/adam/Desktop/SBSN/ros2_ws/install/unity_sim/lib/pkgconfig/unity_sim.pc'
[1.492s] Level 1:colcon.colcon_core.environment:checking '/home/adam/Desktop/SBSN/ros2_ws/install/unity_sim/lib/python3.10/site-packages'
[1.492s] Level 1:colcon.colcon_core.environment:checking '/home/adam/Desktop/SBSN/ros2_ws/install/unity_sim/bin'
[1.492s] INFO:colcon.colcon_core.shell:Creating package script '/home/adam/Desktop/SBSN/ros2_ws/install/unity_sim/share/unity_sim/package.ps1'
[1.493s] INFO:colcon.colcon_core.shell:Creating package descriptor '/home/adam/Desktop/SBSN/ros2_ws/install/unity_sim/share/unity_sim/package.dsv'
[1.493s] INFO:colcon.colcon_core.shell:Creating package script '/home/adam/Desktop/SBSN/ros2_ws/install/unity_sim/share/unity_sim/package.sh'
[1.493s] INFO:colcon.colcon_core.shell:Creating package script '/home/adam/Desktop/SBSN/ros2_ws/install/unity_sim/share/unity_sim/package.bash'
[1.494s] INFO:colcon.colcon_core.shell:Creating package script '/home/adam/Desktop/SBSN/ros2_ws/install/unity_sim/share/unity_sim/package.zsh'
[1.494s] Level 1:colcon.colcon_core.environment:create_file_with_runtime_dependencies(/home/adam/Desktop/SBSN/ros2_ws/install/unity_sim/share/colcon-core/packages/unity_sim)
[1.501s] Level 1:colcon.colcon_core.environment:create_environment_scripts_only(simulation_msgs)
[1.501s] Level 1:colcon.colcon_core.environment:checking '/home/adam/Desktop/SBSN/ros2_ws/install/simulation_msgs' for CMake module files
[1.502s] DEBUG:colcon.colcon_core.event_handler.log_command:Invoked command in '/home/adam/Desktop/SBSN/ros2_ws/build/simulation_msgs' returned '0': CMAKE_PREFIX_PATH=/opt/ros/humble /home/adam/.local/bin/cmake --install /home/adam/Desktop/SBSN/ros2_ws/build/simulation_msgs
[1.502s] Level 1:colcon.colcon_core.environment:checking '/home/adam/Desktop/SBSN/ros2_ws/install/simulation_msgs' for CMake config files
[1.503s] Level 1:colcon.colcon_core.shell:create_environment_hook('simulation_msgs', 'cmake_prefix_path')
[1.503s] INFO:colcon.colcon_core.shell:Creating environment hook '/home/adam/Desktop/SBSN/ros2_ws/install/simulation_msgs/share/simulation_msgs/hook/cmake_prefix_path.ps1'
[1.504s] INFO:colcon.colcon_core.shell:Creating environment descriptor '/home/adam/Desktop/SBSN/ros2_ws/install/simulation_msgs/share/simulation_msgs/hook/cmake_prefix_path.dsv'
[1.504s] INFO:colcon.colcon_core.shell:Creating environment hook '/home/adam/Desktop/SBSN/ros2_ws/install/simulation_msgs/share/simulation_msgs/hook/cmake_prefix_path.sh'
[1.505s] Level 1:colcon.colcon_core.environment:checking '/home/adam/Desktop/SBSN/ros2_ws/install/simulation_msgs/lib'
[1.505s] Level 1:colcon.colcon_core.shell:create_environment_hook('simulation_msgs', 'ld_library_path_lib')
[1.505s] INFO:colcon.colcon_core.shell:Creating environment hook '/home/adam/Desktop/SBSN/ros2_ws/install/simulation_msgs/share/simulation_msgs/hook/ld_library_path_lib.ps1'
[1.506s] INFO:colcon.colcon_core.shell:Creating environment descriptor '/home/adam/Desktop/SBSN/ros2_ws/install/simulation_msgs/share/simulation_msgs/hook/ld_library_path_lib.dsv'
[1.506s] INFO:colcon.colcon_core.shell:Creating environment hook '/home/adam/Desktop/SBSN/ros2_ws/install/simulation_msgs/share/simulation_msgs/hook/ld_library_path_lib.sh'
[1.506s] Level 1:colcon.colcon_core.environment:checking '/home/adam/Desktop/SBSN/ros2_ws/install/simulation_msgs/bin'
[1.506s] Level 1:colcon.colcon_core.environment:checking '/home/adam/Desktop/SBSN/ros2_ws/install/simulation_msgs/lib/pkgconfig/simulation_msgs.pc'
[1.507s] Level 1:colcon.colcon_core.environment:checking '/home/adam/Desktop/SBSN/ros2_ws/install/simulation_msgs/lib/python3.10/site-packages'
[1.507s] Level 1:colcon.colcon_core.environment:checking '/home/adam/Desktop/SBSN/ros2_ws/install/simulation_msgs/bin'
[1.507s] INFO:colcon.colcon_core.shell:Creating package script '/home/adam/Desktop/SBSN/ros2_ws/install/simulation_msgs/share/simulation_msgs/package.ps1'
[1.508s] INFO:colcon.colcon_core.shell:Creating package descriptor '/home/adam/Desktop/SBSN/ros2_ws/install/simulation_msgs/share/simulation_msgs/package.dsv'
[1.508s] INFO:colcon.colcon_core.shell:Creating package script '/home/adam/Desktop/SBSN/ros2_ws/install/simulation_msgs/share/simulation_msgs/package.sh'
[1.509s] INFO:colcon.colcon_core.shell:Creating package script '/home/adam/Desktop/SBSN/ros2_ws/install/simulation_msgs/share/simulation_msgs/package.bash'
[1.509s] INFO:colcon.colcon_core.shell:Creating package script '/home/adam/Desktop/SBSN/ros2_ws/install/simulation_msgs/share/simulation_msgs/package.zsh'
[1.510s] Level 1:colcon.colcon_core.environment:create_file_with_runtime_dependencies(/home/adam/Desktop/SBSN/ros2_ws/install/simulation_msgs/share/colcon-core/packages/simulation_msgs)
[1.884s] Level 1:colcon.colcon_core.environment:create_environment_scripts_only(simulation_msgs)
[1.885s] Level 1:colcon.colcon_core.environment:checking '/home/adam/Desktop/SBSN/ros2_ws/install/simulation_msgs' for CMake module files
[1.886s] Level 1:colcon.colcon_core.environment:checking '/home/adam/Desktop/SBSN/ros2_ws/install/simulation_msgs' for CMake config files
[1.888s] Level 1:colcon.colcon_core.shell:create_environment_hook('simulation_msgs', 'cmake_prefix_path')
[1.889s] INFO:colcon.colcon_core.shell:Creating environment hook '/home/adam/Desktop/SBSN/ros2_ws/install/simulation_msgs/share/simulation_msgs/hook/cmake_prefix_path.ps1'
[1.890s] INFO:colcon.colcon_core.shell:Creating environment descriptor '/home/adam/Desktop/SBSN/ros2_ws/install/simulation_msgs/share/simulation_msgs/hook/cmake_prefix_path.dsv'
[1.890s] INFO:colcon.colcon_core.shell:Creating environment hook '/home/adam/Desktop/SBSN/ros2_ws/install/simulation_msgs/share/simulation_msgs/hook/cmake_prefix_path.sh'
[1.892s] Level 1:colcon.colcon_core.environment:checking '/home/adam/Desktop/SBSN/ros2_ws/install/simulation_msgs/lib'
[1.892s] Level 1:colcon.colcon_core.shell:create_environment_hook('simulation_msgs', 'ld_library_path_lib')
[1.892s] INFO:colcon.colcon_core.shell:Creating environment hook '/home/adam/Desktop/SBSN/ros2_ws/install/simulation_msgs/share/simulation_msgs/hook/ld_library_path_lib.ps1'
[1.893s] INFO:colcon.colcon_core.shell:Creating environment descriptor '/home/adam/Desktop/SBSN/ros2_ws/install/simulation_msgs/share/simulation_msgs/hook/ld_library_path_lib.dsv'
[1.894s] INFO:colcon.colcon_core.shell:Creating environment hook '/home/adam/Desktop/SBSN/ros2_ws/install/simulation_msgs/share/simulation_msgs/hook/ld_library_path_lib.sh'
[1.894s] Level 1:colcon.colcon_core.environment:checking '/home/adam/Desktop/SBSN/ros2_ws/install/simulation_msgs/bin'
[1.895s] Level 1:colcon.colcon_core.environment:checking '/home/adam/Desktop/SBSN/ros2_ws/install/simulation_msgs/lib/pkgconfig/simulation_msgs.pc'
[1.895s] Level 1:colcon.colcon_core.environment:checking '/home/adam/Desktop/SBSN/ros2_ws/install/simulation_msgs/lib/python3.10/site-packages'
[1.895s] Level 1:colcon.colcon_core.environment:checking '/home/adam/Desktop/SBSN/ros2_ws/install/simulation_msgs/bin'
[1.896s] INFO:colcon.colcon_core.shell:Creating package script '/home/adam/Desktop/SBSN/ros2_ws/install/simulation_msgs/share/simulation_msgs/package.ps1'
[1.897s] INFO:colcon.colcon_core.shell:Creating package descriptor '/home/adam/Desktop/SBSN/ros2_ws/install/simulation_msgs/share/simulation_msgs/package.dsv'
[1.898s] INFO:colcon.colcon_core.shell:Creating package script '/home/adam/Desktop/SBSN/ros2_ws/install/simulation_msgs/share/simulation_msgs/package.sh'
[1.899s] INFO:colcon.colcon_core.shell:Creating package script '/home/adam/Desktop/SBSN/ros2_ws/install/simulation_msgs/share/simulation_msgs/package.bash'
[1.900s] INFO:colcon.colcon_core.shell:Creating package script '/home/adam/Desktop/SBSN/ros2_ws/install/simulation_msgs/share/simulation_msgs/package.zsh'
[1.900s] Level 1:colcon.colcon_core.environment:create_file_with_runtime_dependencies(/home/adam/Desktop/SBSN/ros2_ws/install/simulation_msgs/share/colcon-core/packages/simulation_msgs)
[1.901s] DEBUG:colcon.colcon_parallel_executor.executor.parallel:closing loop
[1.902s] DEBUG:colcon.colcon_parallel_executor.executor.parallel:loop closed
[1.902s] DEBUG:colcon.colcon_parallel_executor.executor.parallel:run_until_complete finished with '0'
[1.902s] DEBUG:colcon.colcon_core.event_reactor:joining thread
[1.915s] INFO:colcon.colcon_core.plugin_system:Skipping extension 'colcon_notification.desktop_notification.notify_send': Could not find 'notify-send'
[1.915s] INFO:colcon.colcon_core.plugin_system:Skipping extension 'colcon_notification.desktop_notification.terminal_notifier': Not used on non-Darwin systems
[1.916s] INFO:colcon.colcon_core.plugin_system:Skipping extension 'colcon_notification.desktop_notification.win32': Not used on non-Windows systems
[1.916s] INFO:colcon.colcon_notification.desktop_notification:Sending desktop notification using 'notify2'
[1.936s] DEBUG:colcon.colcon_core.event_reactor:joined thread
[1.937s] INFO:colcon.colcon_core.shell:Creating prefix script '/home/adam/Desktop/SBSN/ros2_ws/install/local_setup.ps1'
[1.940s] INFO:colcon.colcon_core.shell:Creating prefix util module '/home/adam/Desktop/SBSN/ros2_ws/install/_local_setup_util_ps1.py'
[1.943s] INFO:colcon.colcon_core.shell:Creating prefix chain script '/home/adam/Desktop/SBSN/ros2_ws/install/setup.ps1'
[1.945s] INFO:colcon.colcon_core.shell:Creating prefix script '/home/adam/Desktop/SBSN/ros2_ws/install/local_setup.sh'
[1.947s] INFO:colcon.colcon_core.shell:Creating prefix util module '/home/adam/Desktop/SBSN/ros2_ws/install/_local_setup_util_sh.py'
[1.948s] INFO:colcon.colcon_core.shell:Creating prefix chain script '/home/adam/Desktop/SBSN/ros2_ws/install/setup.sh'
[1.950s] INFO:colcon.colcon_core.shell:Creating prefix script '/home/adam/Desktop/SBSN/ros2_ws/install/local_setup.bash'
[1.951s] INFO:colcon.colcon_core.shell:Creating prefix chain script '/home/adam/Desktop/SBSN/ros2_ws/install/setup.bash'
[1.953s] INFO:colcon.colcon_core.shell:Creating prefix script '/home/adam/Desktop/SBSN/ros2_ws/install/local_setup.zsh'
[1.954s] INFO:colcon.colcon_core.shell:Creating prefix chain script '/home/adam/Desktop/SBSN/ros2_ws/install/setup.zsh'
